source_id,ra,dec,g,bp_rp,parallax,pmra,pmdec,teff_gspphot
4531899411708375808,280.84795426569576,21.67020408946623,10.181991,0.7548723,3.42735024535372,4.14342448099902,16.661227156608238,
4531944182448621568,280.7875002448432,22.042219675732245,10.271796,0.46426487,1.9272710064797933,0.6949483654345415,1.283882133032566,9271.443
4531899686586291200,280.8372773322777,21.687878442721694,10.365767,0.55821896,3.385396793775679,3.6020641684196706,-9.843561035742125,
4531942052144278400,280.6682825328973,21.952312933765686,10.6779,2.1243048,0.5717048333642359,-4.649381891475573,-5.106521051557278,
4531148960666300672,280.901572570383,21.69105148929647,10.708016,1.4528999,1.7760307672760123,-7.536668379024854,-11.488689839809693,
4531937722822318848,280.9230082909457,22.03650602284485,10.7650585,1.3561153,1.3248583812464314,3.0675475672745307,-0.3029753308622545,
4531905355943187072,280.73068554419365,21.85046625324841,10.9028635,0.8945751,1.8602148071727895,4.4644642335883855,8.167077520504321,6242.529
4531173111255610496,280.9726710064264,21.768668374884722,11.086274,1.2930498,0.7916572730644971,-1.4537112767060874,-5.301301952717116,
4531172359648414976,280.91086408279966,21.693353638619524,11.483212,1.365448,0.6918539157611069,2.236589353704357,6.968343638697447,4901.2427
4531942773699376768,280.71597938519864,22.00119552874517,11.490987,3.9454317,0.2219778726639767,-1.999265990160653,-8.170508682391013,
4531937344860296192,280.94800024208985,21.993729213132358,11.502486,1.3757229,1.0872398732012545,-2.0564246837937725,2.255319687195236,
4531942876778527872,280.81946980465744,21.957936654466074,11.54232,0.61530685,1.0221838654167057,-0.8771655759081474,-4.21991978505492,7526.7485
4531904531309447296,280.7206801089696,21.783079406101162,11.669859,0.9216614,5.3478546013213375,-21.871087386079758,-27.37748948402784,5404.944
4531942563237877248,280.7008621449119,21.977246872564987,11.809302,4.7319965,0.23064315947821762,-2.659600325095755,-8.354604373001047,
4531172698938751616,280.9755309484223,21.722642977256978,11.827856,1.0614138,1.7268463418295557,0.187798921297258,-5.2692730409648805,5936.011
4531931194467464192,280.86453149232955,21.96382861671403,11.894733,1.3510523,0.6381847949296159,-0.6346733682302896,-11.9349809417573,
4531904015913363200,280.7749785826328,21.788678846704833,11.898222,1.4000826,0.559192724536891,2.4333755710515312,-2.5643931287549893,
4531925009714510720,280.89488251071083,21.825780145876422,11.909157,2.1266174,0.16641932939961437,-1.1289024585872895,-6.526828802456145,
4531927754188214784,280.80294396027017,21.829002132770313,11.965843,1.4666662,0.6770894848088386,-1.3753051661279265,-1.671656372293654,4746.7295
4531923360446550784,280.89348510552134,21.742500215315484,11.983656,1.5101042,0.3636055476827035,-1.4324474980527377,-2.992062835900718,
4531924047641806976,280.95190676980127,21.80255570635717,12.005264,1.2012358,1.6948409152782402,3.1332855852516275,-11.453735295211949,
4531927140018264704,281.005001456395,21.919372893831593,12.04231,1.5023165,0.5494922922831308,0.7675429864183769,4.325294010872425,4475.3613
4531917313132154752,280.66689367667567,21.87011222980336,12.075502,1.4666739,0.9010019436194011,-4.694018204792697,-15.494315711838038,
4531930988309021568,280.8799497167402,21.94727211077747,12.364001,0.83752346,1.3906972443460606,-2.3330361350466204,-6.881449711485049,
4531930846564660992,280.85775630173623,21.929171110884838,12.455455,1.0571423,2.675643005487756,-0.9819743648821566,-6.569788302482189,5626.112
4531899549147329408,280.8786736057122,21.693054418987284,12.59836,0.7922821,1.6469924504688886,4.648970060852917,-7.968499373138815,
4531932225259177856,281.0480623333164,21.90971614149158,12.62339,1.5118561,0.28232033677751645,2.9628525652510778,-2.957512951979891,
4531899652226553088,280.868433856238,21.711135405297437,12.6446495,1.3868618,0.8759703021487207,5.303537316438757,-2.083089678542581,
4531941124431329280,280.7180792145281,21.925368610330302,12.696698,0.8596182,1.093828608841883,2.711879673808517,1.6950574753149268,
4531925486453617792,281.0174067601668,21.832083733633386,12.700957,1.3051968,1.1660364688425262,1.5958325419043158,13.32332733171403,5354.58
4531937516658989568,280.9774968973875,22.01817891210925,12.711147,0.96177864,1.2760813843691587,1.8506786485445228,-4.352671784772538,
4531930193729633280,280.9451392278506,21.91192723651486,12.735378,1.4599915,0.6769628282996094,-7.329227299993826,-9.21278613334471,4830.5166
4531923257367334912,280.9106616250456,21.748355393397347,12.755979,2.079317,0.20229613448535777,-0.036082514430407275,-5.623191380139373,4780.9785
4531928205170203264,280.8598991493689,21.861888739736635,12.791188,1.484129,0.5965314868033001,0.48577260747278683,-13.553553388646678,
4531925318952118528,280.96791558270496,21.802971896525307,12.811172,1.3315649,0.39335489154132136,0.1108110879152675,-4.920574127647918,
4531924936689668352,280.9219520776047,21.833035230712678,12.822546,1.449688,0.48904341060952145,-5.2472037786381245,-11.007001049508416,
4531148891946816512,280.9190277126066,21.68298248119226,12.843592,0.88490295,1.2049454716874037,-1.3598296137709571,-8.413553825007877,
4531900957896637568,280.81544788006704,21.76676972554001,12.844062,2.04852,0.06701292145253282,-3.520178695092501,-5.2813185056256655,
4531925284592371200,280.9923914257547,21.800904358786422,12.846815,1.072896,2.949958585719253,9.87440422076277,-5.064952264352074,5089.357
4531941811626102656,280.67086588408307,21.919110623220437,12.852163,1.8086948,0.21354456211534445,-1.1744334811830963,-3.423212432565013,4631.144
4531944629125198976,280.83502918230556,22.050238897352582,12.880211,2.084137,0.12670815645665384,-0.807065139886933,-4.771648524621505,
4531937688458012928,280.9040461147054,22.02552587922913,12.905021,2.1284637,0.20730380669781068,0.19504373267597286,-7.16397181612659,
4531943529613545472,280.87328296637025,22.011380114357934,12.92334,0.82038784,1.2906469828314227,-7.386597609626811,-16.87117043774036,6332.458
4531931224524135168,280.85234613575153,21.96449859497886,12.94142,1.6852865,0.27195513744671806,-2.319526044927168,-3.9534137015409487,4409.1978
4531926968219575424,280.9760576429424,21.878363763601307,12.948489,0.37947655,0.041004169223668396,-1.8180486133345648,-3.440555214609315,24489.795
4531942876778526080,280.82351865302815,21.961563039907276,12.987795,1.130929,3.459632924644287,-2.0192540555329463,21.06890183835298,5149.7344
4531927586694383104,280.8327096170923,21.811762220206766,13.0135145,0.79034996,1.1550574768600177,3.8374234972697887,-4.07485436922738,
4531174696111209216,281.0294610662974,21.792366048377495,13.036625,1.4093218,0.3180371940029988,-1.7325361568566655,-1.9157630254173776,4529.437
4531900683018718720,280.8444461167932,21.74036163366595,13.059308,1.0719938,1.3782141768683913,2.8728645009056155,-6.414592512558783,5520.4785
4531926693341691136,280.9150379553431,21.86461354691209,13.063703,1.4886427,0.4720651658958927,-5.061724210541004,-9.37982630913916,4736.697
4531943220380627584,280.79443670549165,21.99438487328423,13.069599,1.3876371,1.1867934028906184,0.9743647020431736,-1.1071321682404436,4787.4526
4531903741035461888,280.71007024717557,21.763568883252272,13.07082,0.7710905,1.2280823946014205,5.163580158287644,2.7442456066523877,6670.929
4531933187331883904,281.0454088863809,21.957386986078582,13.07825,0.962574,1.7768164405630087,0.6777684418527974,17.268947037109395,5714.2085
4531926968211423104,280.97563914672793,21.87856343693822,13.098182,0.9814491,0.263891168743937,2.459274001459606,-2.8986287081430757,
4531172325289270528,280.9634344625668,21.719124148032257,13.130932,1.0739174,2.8219561068183197,2.452709448299075,7.620901643840005,5228.2275
4531930232394736768,280.9580671107266,21.921396479101578,13.139446,1.9749088,0.20731898254920517,0.4395149879195155,-3.291946383345563,4664.4824
4531933427850074752,281.01937592030504,21.968588133016233,13.147899,0.7967844,0.9393607764710165,-0.8891509332886804,-5.044278379356559,
4531927066993442304,281.0172241114757,21.901885447751013,13.294706,0.8534517,1.0809045267496216,2.1410106724689966,-0.5739769010469848,
4531916591577635840,280.6550841597499,21.806038759845784,13.297227,1.1738224,3.357110619654822,-11.511625574590031,-3.3880872756362606,4931.6333
4531930163675289984,280.9004206087905,21.93580204043341,13.311461,1.6280565,0.16697174728472833,-1.9957652674498565,-6.739533499685542,
4531928651846285440,280.762964051135,21.85150216065433,13.316157,0.98794746,2.1048355815583335,-14.42135578711068,-31.595863825599352,5416.029
4531900579939506176,280.79892758580127,21.71681416631677,13.328537,1.5967865,0.18931339171471392,-2.2222191081681415,-2.3809705173277838,4452.1846
4531943220375935744,280.7850715373177,21.99492874985435,13.368784,1.4015799,4.4894063882447215,-26.78917151082257,-47.28639268123082,4443.45
4531933290411119232,280.9909391488784,21.94484165167302,13.39518,0.9945698,1.2416784277937887,-5.692310907222592,-20.429593864472604,5847.7495
4531929648279200000,280.8982438143692,21.87487700515383,13.399873,0.8661146,1.0518401029799958,-1.2426805741357676,-10.853071423987652,6531.7114
4531174421233291648,281.044038258538,21.772170236610744,13.407222,1.4518814,0.31462087557693064,-3.440897944456974,-2.367019627549404,
4531899824025249024,280.85589108058235,21.71597163612794,13.410296,1.0629215,2.5931328816903023,-1.3072449384668765,-10.404804142075573,5319.0537
4531931606784313600,280.89653273169495,21.982873998044262,13.410575,0.9011593,1.357746791367294,7.818595408007467,-10.427812629308178,6122.5386
4531923704044692608,280.93589286027105,21.77374855127999,13.410992,0.99705887,1.602256019219086,-2.77572434578579,-15.998038930323867,5794.9233
4531927517974909824,280.7977402915738,21.808180985129127,13.414356,1.6907101,0.17419505894589724,-1.401262337785004,-3.7674437924590705,
4531924013286834816,280.9489058426934,21.793556036618966,13.527183,0.7714567,1.0651448278914006,-1.014914353519918,0.010374538246329331,6225.5884
4531903809754925184,280.7735031345997,21.75245411988248,13.546542,0.95380974,1.4969079503430835,11.039794565462827,9.41574898738899,5570.02
4531923738404147840,280.9642042552195,21.767857097097362,13.560124,1.372241,0.40689983666170915,-0.48032108470044044,-16.74124153237099,
4531936485866815360,280.99849410885156,21.99412162971968,13.571575,0.7345257,0.7505378943639006,-1.5621778142399863,-1.9246711656193667,7012.6
4531925525110552960,280.96747051055684,21.8161441209009,13.661008,1.4790268,0.27464948547583723,-5.858728121265292,-2.7157878170744656,4411.9897
4531923291727566080,280.9208309566106,21.75422783029257,13.661891,1.468276,0.3170722640573299,-1.5021106042581764,-2.713974036699637,
4531943976294875520,280.7799098352534,22.00680623962113,13.681429,1.1922541,,,,
4531942155223491840,280.6873248900489,21.9553076051108,13.685171,0.7530041,0.7732752698412338,3.5464191704550796,-6.437773497630966,7078.5044
4531928411328635904,280.858908363352,21.869774142826923,13.695979,1.1912594,2.454476890012753,6.300437821096974,-10.95717327110033,5032.2114
4531923291727564672,280.92327260574183,21.75545193492955,13.710333,0.99689007,1.3396494277913151,9.90594986001043,-16.82856475263592,5763.7324
4531917038254236800,280.6956387612029,21.846720008963086,13.711318,0.8815136,0.7077742401865073,-2.3786548054340897,-7.0886606376610874,6134.034
4531929029803412736,280.75587812641,21.877890708480443,13.753932,0.95836544,1.174331218925175,-9.111161095774712,9.6365573051341,5661.2275
4531174593031996544,281.01828615237883,21.782179878411785,13.756098,1.628068,0.09921120609428535,-3.2040973045602392,-5.119094866839462,
4531941502388449408,280.75622728153655,21.935501898202936,13.768415,1.4545574,0.2866552056963411,-2.4483169394215785,-7.493153589183518,
4531932122179954048,281.0515952057507,21.899361098710116,13.769223,1.5116186,0.40101943090638453,3.1202104023858195,-3.212542215976833,
4531918240845097472,280.6509547139775,21.89232036132594,13.773684,1.3899851,0.287670614407361,2.3926554875355945,-10.489921744234985,5144.247
4531916625937374976,280.6762482100415,21.825236467503263,13.775627,0.8188906,0.754720666820947,-1.506812078175797,1.0642042838159005,6492.7114
4531172806325590784,281.01946955698753,21.738505149344522,13.790337,0.7950535,0.9062855474318952,2.0036039267201358,-2.1956614284905704,6025.268
4531930060596068224,280.9027523348208,21.914090828145422,13.793436,1.744668,0.2179101935341465,-0.9078059830716627,-4.171572138021515,4351.77
4531174524312505600,281.05653452518084,21.792206416100946,13.824379,1.0867167,2.3119781067381475,-14.720112900700618,10.684566785272914,5354.442
4531944285527867392,280.7264820147603,22.025077283140615,13.832805,1.4631767,0.295819116657146,-2.89059132982647,-10.22049994605898,
4531941811626105344,280.67091073909006,21.93041692335134,13.877662,1.4141788,0.23671293909317306,-4.5365459777584505,-4.266201983093335,
4531899308629170560,280.82155666780915,21.68002532898449,13.878372,1.0551071,1.729338337691647,-8.06114073555075,-12.513439225101564,5335.4165
4531930163675287552,280.899618695163,21.925448447081997,13.892068,1.3689156,0.25151391030617115,-4.223741964382525,5.108360499997261,5263.8955
4531923188647855360,280.9251810152751,21.735512239567974,13.900053,0.992465,1.8436253404182141,-37.80674800829903,-0.7617074119051939,5908.6846
4531925284592372352,280.99246800599275,21.806181944012067,13.901376,1.2684155,2.1864851182841605,-3.26637111044821,-3.1441662882138703,
4531904977986055040,280.71465718386065,21.80240969010335,13.905375,0.87432384,0.7947080400411392,1.921869615577756,3.1146516321091404,
4531943735772002304,280.8191416320556,22.02535550889635,13.910781,0.9147949,0.7600988487899278,-1.4215067208975902,-2.0692371234153866,
4531905321583447808,280.71725436815944,21.836224636739612,13.919983,1.3166199,0.5170103220161241,3.5951263160439257,0.6359495108138029,
4531925662549503488,280.98116965394917,21.833894023743742,13.921615,1.2820091,0.8099149686083799,5.197944525489443,-10.130362777920903,
4531936245348632448,280.9802665044548,21.957713396258413,13.931246,1.7479525,0.1333192630765836,-1.9039146410567396,-6.266727145931857,4424.775
4531917072613979520,280.6704851421149,21.844310714869454,13.940113,1.8123398,0.10459190397698072,-0.9175392855986764,-3.4266142843552285,4418.124
4531941433674297216,280.78086213724487,21.955983004216954,13.966248,1.0817251,-0.6252358278835918,-9.480499715778786,-15.313688672074354,
4531937482299255424,280.9589707049379,22.00973453480711,13.985453,0.8556986,0.5794677602064919,5.036599009920472,-1.1377707991533557,6447.679
4531900820457795456,280.79252498572464,21.74599523504066,13.993484,0.8950138,0.5973380593450781,-3.278393593202151,-7.055554897699813,6054.5728
4531941124431330816,280.7103788542429,21.927786740882542,14.000596,1.4076862,0.5261543710244301,-2.649457416282248,-8.90637329090416,4764.1265
4531901026616114944,280.81672342229865,21.76965592422224,14.003391,0.9928942,0.9328045392623217,-2.6281761096108216,-5.048670171102649,5829.0825
4531937860256410112,280.94065461306747,22.048447367559433,14.018308,0.93732643,0.8619031563542888,5.421927397059912,-12.478622990170154,5828.5864
4531174661751478656,281.00732185252485,21.794501364635614,14.04346,1.4984484,0.21770337185294292,-4.263451987222283,-5.047740011727144,4837.8013
4531923046904826112,280.89330836682495,21.709086402390085,14.060295,1.2707071,0.5466693058095368,-1.3174816230380517,-5.606501111619434,
4531944010649936896,280.75663940946396,22.01016421221108,14.071257,1.3970327,0.2193389581745874,-3.516201727437592,-5.864460332269428,4832.896
4531929339041596288,280.8259784358706,21.91229162001221,14.074086,1.1670475,2.4619716640563776,-2.6654274753955836,0.5050804831646164,5137.587
4531924494317928192,280.8202339583006,21.78507224993137,14.084242,1.4879179,0.15187268026318582,-3.2906355879123295,-5.316810004360188,
4531931641144063232,280.8746327699409,21.98493917971599,14.108717,1.5189514,0.09578433273420237,-1.4146873818488535,-8.256170008509823,
4531903500517286272,280.73774021957047,21.754515005333666,14.118861,1.455699,0.3021588004527,-2.7609738266621875,-3.947587675442082,
4531926074866354432,281.0181329042538,21.853272654151546,14.124453,1.485609,0.14331290168960667,-2.038161448577588,-0.06040638777272624,4783.8374
4531926865140376064,280.9481978302166,21.898214339290266,14.134752,0.9199629,0.6065681525363742,-6.194333632986366,-15.187961754939998,5981.4023
4531925353311851264,280.9858492875092,21.808543565903,14.135251,1.5150108,0.27072794755193347,-2.5059705258741123,-3.196910327747124,4373.6147
4531941571107928704,280.74487581063426,21.94995513133543,14.14718,1.4572687,0.35487064725633466,-3.3742951375332804,-0.870756121040444,
4531927792852820096,280.7804927567917,21.82287955960279,14.160877,1.6182108,0.16610753197930064,-3.1772861043753604,-5.902798906262193,
4531942945498009344,280.8175317471473,21.972459649999838,14.165737,0.85975933,0.8047089387466178,-3.055110464051815,-3.3576806636545635,6381.532
4531928136450719232,280.8750826908404,21.860756084613495,14.16667,1.390028,0.22040082035583997,-0.7541327950037664,-8.380399137352628,5246.407
4531900408140820480,280.7699175671644,21.720540919420163,14.174091,1.3288698,0.21002918628202555,-2.6755903631832694,-4.241046185682966,5322.0327
4531925765628723712,280.98107679527146,21.853833042963895,14.195263,1.641182,0.1274708011702709,-2.308709235924887,-6.259234461375373,
4531927792852821120,280.7792476725359,21.830858535236626,14.2123785,1.5134611,0.256929876930124,0.3632907467078602,-4.453154371986182,4735.9116
4531943460894082560,280.84145960319563,22.008098100123544,14.218702,0.9102144,0.7832706846768741,0.6006562054699224,-7.6918299286016865,
4531929854437633408,280.9052317568692,21.90392696698896,14.229097,0.9196148,0.7396057758096536,1.3371327924587137,5.493973113172567,6056.634
4531941124431328896,280.71136115665985,21.915698443576254,14.229889,0.26293087,0.3533897998166986,-0.33944026583335923,0.16918937013093613,10764.866
4531923532245246080,280.8838266376368,21.76889622151325,14.23988,0.86337376,0.9024318810605549,-3.488576164653076,-8.04118589762941,6257.2686
4531926555902716800,280.9637165789159,21.86371363998554,14.240249,0.97632694,1.1094611688544418,1.1590824471954315,-3.6124171543666925,5573.8745
4531933049892925056,281.0247050212853,21.93380777109564,14.254423,0.94494915,0.9524045234701188,2.797653920636337,-11.99114016362865,5979.498
4531900923536894720,280.8126477723433,21.74777591240376,14.2628765,1.0472231,1.7161991303127937,-2.097723929888298,-17.023538363675097,5458.1777
4531927036939037568,281.01641872621616,21.893747827953565,14.264035,1.2202425,0.872554389270808,0.7427851643375294,-5.652784023982911,
4531172771965857152,281.0064875431463,21.735652553548928,14.275936,0.90880203,1.0672696067968366,0.7783570625898221,-5.331185612146354,5917.865
4531931297551394432,280.8956613227086,21.961126411507323,14.302362,1.4944906,0.10299121343525083,-4.05587780056614,-8.292217451014093,4612.3022
4531900167622647424,280.77046674314744,21.69970195586491,14.308779,1.3980951,0.18096341518859052,-0.5161170441790998,-6.0615617795855705,4724.1953
4531942052144277120,280.66993249829204,21.946562355089398,14.327338,1.5338373,0.1736600654101011,-0.9307419716448917,-4.503486936980085,
4531173149922992896,280.9854908508452,21.769406712482084,14.336882,0.9084358,0.8291214003247029,-8.073783651349885,-8.063224832859897,6061.8
4531172634526907648,280.9829807191893,21.708775219545984,14.3476305,1.0069304,1.404643709804521,-11.759433234976528,-23.546881591158684,5315.3755
4531928480040051200,280.84578708243004,21.88687457163613,14.3593,1.1161003,1.7524177437132369,2.0350466068044493,-8.571557878880274,5555.6914
4531927414896184448,280.97929995136036,21.93387966944236,14.36175,1.2095041,0.8041125499216495,-2.30319181716323,-8.354105658626871,
4531932942510679040,281.02244304471054,21.911237206075402,14.378906,0.91744804,1.1284937639675081,1.2074850567712083,-5.083877301496203,5946.657
4531930541632408448,280.913359626798,21.944111757825645,14.380131,1.0198193,0.9510098455892774,-0.712116052007109,1.674684452584069,5645.3003
4531904771827627776,280.68903238088853,21.79332599590047,14.386908,1.0294361,1.2572052032992813,6.180649403247363,-13.52069175934286,5728.786
4531924082001555584,280.931828124254,21.810090727999384,14.39411,1.399025,0.2633336877498624,-7.0003234148864495,-5.084650207731354,
4531917416211369216,280.6766945938221,21.87624797294626,14.416415,1.418396,0.264186885366308,-5.528405513632018,0.08684473278207576,
4531899514787599232,280.85118627850693,21.69686002355145,14.421403,0.93285847,0.9837314006522937,-3.462162874873917,-7.124853271744019,5762.6914
4531930266754488832,280.92879619232195,21.922592554264803,14.422005,1.3306637,0.1564195980943941,-3.7506475789771225,-9.618101932787766,5378.0244
4531941261870280192,280.7473918075497,21.922572397918263,14.43079,1.0657711,1.079277151458364,-11.987459979868161,-6.644870908528842,5459.0825
4531900201982513408,280.7863882871821,21.717266868787604,14.442213,1.3892508,0.24487703326016447,1.596187523489789,-1.8728546306489289,
4531900648658978816,280.83408080250376,21.72891792932717,14.45355,0.9544306,1.1180630215484393,0.7881220164979046,-4.321638804139866,5799.567
4531174558672259584,281.00786082258685,21.770643809393015,14.468288,0.9884882,1.207586105533711,-3.6015470391064506,-4.844017187390175,5600.1104
4531928995443671808,280.78583017881346,21.885684147422538,14.475154,0.9515505,0.9402457050528485,-2.6113042645392825,-6.275008849468076,5865.2075
4531904290791275008,280.7587370942961,21.79700436777849,14.485118,1.3139505,0.5917465807422464,-3.1387264385486473,-5.111535857450863,
4531900442500559360,280.75805963229647,21.71505813145119,14.532951,0.79753494,0.32950820991766877,-4.975107377908468,-1.5782493577002046,6881.49
4531900751738318336,280.8266718118014,21.752128594743137,14.534951,1.4463234,0.374763196825668,-2.418037211667853,-0.7218881700197508,4707.564
4531923188647856384,280.91431378433145,21.736243287456745,14.553281,1.3810158,0.12607539732950504,-2.442169767761449,-5.0006624247919875,4886.627
4531917484930848000,280.66732497167817,21.87926169386462,14.558823,1.3714008,0.3639716001508295,-5.008655400045266,-10.241196609466625,
4531905115425092736,280.72876071985854,21.82038029321091,14.559363,1.0340109,1.2721185475256827,-5.6347315119884565,-13.638439062057843,5670.8203
4531936382787587200,281.0046999452049,21.977048102418564,14.561917,1.3664627,0.3808297505707377,-5.543441508367861,-6.002780194120781,4888.6606
4531174421233291520,281.04324403456275,21.77206844715128,14.573807,1.1983776,1.7751522497274628,9.130628737914984,-17.352624488855103,
4531931263186948480,280.85657953544677,21.980873201995642,14.5852585,1.3984251,0.40302403455562186,-2.73653055233918,-9.673570354309375,4770.08
4531904393870494080,280.6934228600708,21.764128174199612,14.594473,1.4198694,0.1489337710857056,-3.107837425899268,-3.8238547948269885,
4531942498821548288,280.7372424030512,21.97885467297638,14.611627,1.0240688,1.1713622198492506,-4.711910285754702,2.269442245668348,5514.0664
4531930438553173760,280.9608470693476,21.95129628005109,14.614046,1.0368967,0.5039664959086754,-0.887779996007394,-2.5603800686162015,5846.2534
4531941536748191360,280.7349666523898,21.946026278383407,14.615011,1.5116043,0.0975545179017831,-0.7397117499226057,-3.394750227661327,5643.274
4531928754925499008,280.78314702663386,21.85855073740967,14.616215,1.2837152,1.6770188495936322,7.731584117758956,4.313266468594903,
4531173081203511424,280.9982384171352,21.760011628283337,14.621847,1.5277119,0.15296851086049545,-1.7632246631687118,-2.757283630578772,4819.381
4531929270322111104,280.83917947315774,21.897651524616542,14.638063,1.3415356,0.1818273388173496,-6.540357816637905,-10.454686277157919,5412.5986
4531929098522881536,280.8125658913859,21.86983747219927,14.641423,1.4135132,2.905160000987167,6.474843844854023,2.3528590331462667,4637.754
4531174421233318784,281.0510772653671,21.7798677383902,14.65884,1.2329702,1.953655159160924,-11.824949046782478,-30.0193667773703,4886.257
4531904290791371264,280.75418617785715,21.79826421861048,14.675332,1.4815702,0.2139536502671241,-6.409406334247176,-5.268107491346032,
4531928892364458112,280.74263451094697,21.864435232199696,14.681084,0.8627262,0.8470366372923072,0.26390015150101936,-5.268293052895556,6318.1895
4531936417147317504,281.022225059337,21.97755797069518,14.684247,0.8756275,0.7715031660789826,-2.5633244472235615,-4.622772070825578,6353.1104
4531927105658526720,280.9996218975322,21.911389618744284,14.698509,1.0266857,1.1447626879275974,-8.073828223650798,-8.05084990613937,5416.4243
4531924769196585728,280.884092915677,21.798119301340368,14.698977,1.5026932,0.11369077492559711,-4.088825153676854,-7.513205337687163,4730.5483
4531925559470289664,280.97157686071625,21.819341004529313,14.700038,0.66613007,0.6409597178734583,1.2848851395043364,-3.844726168750845,
4531927208742507648,280.97645565954,21.901164917544374,14.709255,1.0702496,0.8321702421365245,-7.8131862625009925,-20.97334911948296,
4531942567540353664,280.7059156908621,21.978891855706948,14.7102,0.982646,1.0915553311855168,2.0289782682520996,-1.7582671527494602,5711.9756
4531927135714852864,281.0056333183787,21.90803223028297,14.726024,1.1183214,0.48828362991026514,-3.9180460770230474,-6.984520647965137,5229.4272
4531930369833690112,280.9708390429872,21.944236214120206,14.735316,0.8643751,0.5469170553142397,-0.7147190717821219,-1.5110265674628922,6707.788
4531903775385457408,280.72849768136064,21.770783244869566,14.739927,1.0245323,0.8101230184037256,-7.322762677852425,-5.64945440028937,5514.7295
4531937516658998144,280.96881256965645,22.025196162035922,14.750925,0.9017973,1.4488968942747962,-1.4837318721757111,2.922136726400802,6377.8164
4531928617486546048,280.752031795141,21.839319473376765,14.754221,1.3131504,0.3007352799786264,-1.1573603187298933,-6.235689255425837,5141.046
4531928686206019584,280.79037735743015,21.846042246142503,14.757393,1.4879866,0.24797255337012794,-1.310977304644918,-5.400633927045499,4814.5576
4531904496949708672,280.70374081457953,21.77006597449308,14.759062,0.97950935,0.9231321798804023,-2.043257062942639,-5.943051377793355,5685.287
4531929716998681728,280.8879619965793,21.876071853412174,14.762872,0.93684006,0.5936406529256709,-0.2918990270454171,-1.745888264439444,6242.707
4531926933859829504,280.9936942659997,21.879861462743165,14.767654,0.96165276,0.7369405631201589,-0.30780342441081043,-14.162002389389478,5689.121
4531940643394983040,280.727388700471,21.868656423291938,14.770401,0.8340435,0.7468023409143779,0.03198245511815978,-2.7792583665944073,6441.9404
4531924318215521408,280.89574066785,21.783998366149557,14.771108,1.18258,1.7868181715756648,0.252866456063396,-5.273672266013866,5725.0195
4531174593031992320,281.0271404379314,21.781010142443197,14.772094,0.9463444,0.8533513947974289,-0.09667718139045711,-10.005064067892949,5683.571
4531916694656855680,280.6570524970314,21.82880850231966,14.77226,1.3763008,1.4855081686479599,-10.104998334137841,-13.400137783209207,4647.3086
4531899514787595776,280.85202005481887,21.68690148647451,14.789795,1.0476332,0.6502279120010283,1.6866908892675299,2.3704129938122014,5578.429
4531944354247325696,280.7628081781516,22.03443102589363,14.810703,1.5695038,0.08139772424854042,-3.373470065905788,-4.154684972701916,
4531927208729602560,280.9763223494275,21.901181647421268,14.820237,1.0858059,,,,
4531927586694384256,280.8317374390435,21.816297354078042,14.827241,1.0936041,0.5487579798560419,1.1733329706211086,2.787320311890971,5401.177
4531917244412671232,280.7034906328419,21.86785397252402,14.829544,1.2587652,1.1234044049650915,-4.767498969014536,-6.154899505015562,4891.4526
4531929648279201920,280.89600749454553,21.881256147381887,14.8328495,1.118371,1.3100815952753424,-0.7573285382877817,5.41340660144857,5484.833
4531928480048121216,280.8424194837961,21.879758786881222,14.836998,0.9576645,0.8788925397744293,-1.9632929753298678,-0.4517440801846344,
4531925486449634176,281.01592869252573,21.832411348438136,14.839384,1.373991,0.26519156160249036,-0.29332503739058025,0.5714119011554241,4970.8584
4531924666116619904,280.8552636366048,21.80884995301073,14.839859,1.4060516,0.44481791022935274,-4.3586547605694745,-2.692509325466263,4781.1123
4531926555902723328,280.95060250243165,21.86835507748132,14.847408,1.6069794,0.09405182741614525,-2.995757420630415,-5.6334506564025215,4431.2896
4531937688458007552,280.9080953255562,22.01860254210208,14.850981,0.94129086,0.8099864064112541,-0.8143245717500269,-3.692004644989994,5956.786
4531899583507066624,280.8942760707681,21.70045026128441,14.856252,1.5025682,0.22199989177151438,-1.0541253512666144,-2.4968307136582424,4712.154
4531940780833937536,280.74271600546354,21.88635387951043,14.868126,0.8418598,0.5271333791920121,-1.0977911397204214,-4.187756035007376,
4531174764830692608,281.0203839199532,21.810507570206454,14.86873,0.9187584,0.38760934007846537,-1.5801298111894324,-7.146636324924072,6067.0137
4531944491686256640,280.8075785354063,22.039650241135647,14.872346,0.978405,0.8939540161774822,-1.8212930684893511,-6.547791121003575,5516.5674
4531923978922343680,280.91812985892767,21.79956532563892,14.876186,1.4658308,0.1516438146386818,-3.6974078819728255,-10.339143276700005,4966.759
4531941021352114048,280.7035049617748,21.914260468064807,14.876258,1.4952803,0.17093564226176464,-2.5038425692156308,-4.959888077677847,
4531933393490315904,281.04685818877977,21.95994947259818,14.882486,1.0396719,0.7089312275678555,2.8650246939060695,-11.46393848716522,5881.403
4531900850514024448,280.77994897213284,21.75018365755858,14.885041,1.3981848,0.16460012164300175,-4.056630195653777,-6.88863796605812,
4531936760744735232,280.9895904928863,22.01146633591968,14.891442,1.3376694,0.1494673111144667,-8.173211585241324,-2.548082638247345,5852.2905
4531918240845094400,280.65691863076796,21.885270227962728,14.897172,0.99668884,0.8044964529811938,-0.7590345006797667,-10.707293152787159,6086.412
4531940986992375552,280.6927508559581,21.905625552825374,14.900928,1.510972,0.17513887989507027,-3.757943159803125,-4.199879498651623,4772.65
4531917313132213888,280.6716065004692,21.868935079409585,14.908296,1.2112646,0.4629561462319438,-2.576734937718707,-8.533306489213981,
4531928067731255296,280.8419074694001,21.851876883443996,14.911627,1.315237,0.17219438484659028,-2.18979942703649,-2.7377025985379015,5474.9443
4531900717378460288,280.83131931771203,21.742005063150746,14.913477,1.005785,0.5288207646284916,1.7230819832388282,-1.6096541576120775,5933.1377
4531944045009674112,280.763522864176,22.019400609565164,14.916807,1.4269075,0.238158303467509,-0.6949455590383693,-4.7032486216768,4782.5166
4531900889177272320,280.7848487973454,21.75606297155836,14.921626,0.89910316,0.49014422333690755,-2.0579579495577907,-4.900627687468437,6143.8413
4531899583507070464,280.8796088184129,21.701227491596093,14.92769,1.3262119,1.9983998546574215,0.8120695648109553,-8.694590177104505,
4531931778583016064,280.8847232931102,22.00100144844057,14.929327,1.2260294,0.12024887795212404,-3.093887313966297,-4.378939215058825,
4531926933859830656,280.99739849554135,21.889231514623283,14.948269,1.3833103,0.10870447661286767,-2.159411148455355,-5.037413274136594,
4531174352513819648,281.02634604292075,21.762029178269128,14.94901,1.5328655,0.08064229469188325,-4.621167894538847,-3.996265520711727,4975.912
4531903702372375040,280.73162304634974,21.76156805348828,14.968994,0.97028637,0.5672567970733231,-7.614510355095278,-12.631622446919163,
4531174352513819904,281.0259186114873,21.7639387392061,14.979156,1.3991909,0.31697670216081253,0.4970769000192724,-4.4687351596007545,
4531926036202982272,281.0483885127919,21.871861727514126,14.982682,1.5253944,0.13059364344097232,-0.07871810725406275,-2.3154510707820792,
4531925387671581952,281.0146952192586,21.81535464761764,14.99472,1.0148058,0.5022172638766511,2.763071646214226,-2.0381434207541993,5822.414
4531174799190427904,281.02998778146116,21.809786095359858,14.999777,1.2743101,0.583870807220537,3.4992392210645753,-9.938649474322277,5070.541
4531930507272661248,280.93170416592903,21.947739883197915,15.001656,1.0167952,0.7804861377407937,-5.208473019118794,-12.21561316672552,5844.8545
4531943392174596352,280.85461049709164,21.997782633931273,15.002003,1.0090275,0.9440005722283237,0.9100158920447049,0.5256544696375156,5835.313
4531944659187021824,280.84240907977306,22.062544163733918,15.003818,1.0387592,0.5702529133641695,-3.1513548166544907,-4.647394475495922,5522.164
4531941227511094144,280.78292013233204,21.924528245035372,15.006815,0.9763546,0.6276629525144136,-2.0949485654488607,1.773044448833582,5743.776
4531936382787585152,281.00941768053565,21.977647969962955,15.022609,1.1113415,0.34461570191938823,-1.328617564422839,-7.846611826985843,5439.321
4531940780833937792,280.7526788339252,21.894921688507214,15.031763,1.0402851,0.5680534130997831,-5.183797792457196,-6.32058856940646,5567.95
4531933221691620096,281.0078035588192,21.925643253597254,15.042988,1.1382523,1.249969868195732,0.048190029319396865,-9.296328940832563,5021.931
4531930541632407168,280.90938359958415,21.933977567012935,15.050707,0.9099531,0.5717766084599355,-1.3655268074019178,-5.25046994665421,6160.086
4531926173641880320,281.00745773826,21.864334827696222,15.0510235,1.4164591,0.11123855148607523,-2.250479003519662,-8.042508832161108,4629.0166
4531904600028930688,280.70138475271733,21.788480056287245,15.053862,1.9534903,3.8296852563594337,-4.14959311511048,-9.260688425712265,4157.2295
4531928342599856384,280.81974891097303,21.86009990459999,15.059964,1.2450838,0.9669819765239855,-0.8920580273013003,-11.989093968264692,5626.6865
4531925559470286336,280.9784035495817,21.819765301692623,15.061725,0.97574806,0.3592758875789233,3.3864039028718955,0.9971833959866667,6094.109
4531148857587082368,280.89301486089516,21.673519075335385,15.0621805,1.3020172,1.9858939810081364,-4.365367113233118,1.285505775090833,4798.7197
4531904222071894400,280.76686477446515,21.792438493481438,15.064557,1.3328829,0.29126922718955295,-6.198240148540934,5.542274973142286,5210.059
4531943151648418176,280.8061617304562,21.987840783112794,15.069367,1.0517654,0.6203062972999471,2.8647157660810323,1.132252222121842,5850.1606
4531924219440017408,280.8343916085035,21.763481225264105,15.074024,1.4197378,0.15049234819539573,-1.2430183348383732,-3.2455734962542184,4952.6436
4531905218504229376,280.7177799818701,21.824746406339074,15.076553,1.0908041,0.7255849362059263,4.621739473611016,-12.241310364551628,5192.818
4531943117296711168,280.79402449215365,21.975156871783277,15.084252,0.96429443,0.6407052568954202,-1.542831060898692,-4.956931398871755,5737.4004
4531924391239215744,280.8855147757029,21.79320579742475,15.087989,0.90267754,0.38755044656911,-3.744296462973844,-6.644551704058612,6029.1294
4531929029803413248,280.7572880647543,21.881273241679956,15.092791,1.1483021,0.566888937441231,-3.2011912515077254,-9.652089197393751,5329.5996
4531917313132214272,280.66197747913316,21.86774386635217,15.093741,1.8683062,3.311375394619747,0.21177911517634773,29.1126429375769,
4531926865140379904,280.93468844757723,21.891308478293638,15.100143,1.2190027,1.6041279198665337,-0.3176434064234793,4.640622670550418,5136.1455
4531926006146874752,281.0342430631405,21.86548469241598,15.1039715,1.2573872,0.39181559887369294,0.7610926085515954,-2.0799922638833,
4531925044074264192,280.8600452189831,21.825277849778097,15.109392,1.4180021,0.1252785614035451,-3.648456620947451,-8.105909358056122,
4531933462209806848,281.0308089127266,21.968226945652443,15.109952,1.6324453,0.16394771510570144,-2.2587042203053653,-8.705990591227929,
4531942464461702528,280.75461624838584,21.97785961349136,15.110544,1.356677,0.12687859520883013,-1.1309655949983926,-6.272144266607894,5196.04
4531925112785596160,280.9074089216135,21.83320277765768,15.1159115,0.99560356,1.0296251058131947,-3.502654454702094,-6.646552432868042,5906.5703
4531941949065059072,280.6823973803471,21.940596616917585,15.123201,1.2156296,1.3193304348862254,-3.4883576017214533,-2.5101702254985145,5015.66
4531927483615168384,280.8175917884402,21.80128405316229,15.138461,1.3575792,1.6976582556087432,1.1934395860457712,9.321318343439206,4780.774
4531941949065057280,280.69675947216797,21.944679598714885,15.139541,0.97140217,0.6018784077292212,6.70558776490604,0.8299871984127536,
4531924837915804032,280.92225774467704,21.812308947603995,15.169562,0.9775677,0.7299227661522452,-4.466392413416822,-4.345961677797001,5468.4443
4531941090071590272,280.7347406763576,21.92646267917085,15.172621,1.4016552,1.4153967708771187,2.6982435939667377,-2.2231664999493193,4681.1694
4531928170810456832,280.8796453388389,21.86573740937232,15.191769,1.3743105,1.8563281111677923,-0.4877266086379849,0.13243974778534295,4722.6523
4531943014217477504,280.8416769732349,21.987211827780833,15.192572,1.4467173,0.24577270886236707,-6.57768503116213,-4.228172496901415,4846.651
4531932946813697664,281.0261723566241,21.91626441399812,15.196935,1.2001839,1.0150247927139004,-2.3461067761008034,-0.3672739835984101,5068.5312
4531928376968908416,280.8336197022152,21.87187286367836,15.20025,1.1803942,1.4505325234413466,-0.5340864732615513,-2.6138106197516002,5088.351
4531944663484936576,280.84285708951177,22.05911065814593,15.200561,1.4137821,0.18716722500712354,-1.8922811527644487,-5.915305516177037,
4531936795104450048,281.02322489763776,21.993781301928646,15.205328,1.0255184,0.599376631270355,-1.4693142470144824,-8.811579144541478,5636.4653
4531942636259833472,280.6894524662871,21.980484784655925,15.206274,0.92110634,0.6654342660724166,-2.3034266444246314,-6.214449137423954,6085.8276
4531917278772415872,280.6528724913195,21.858698885386477,15.214658,0.9963131,0.5800517140046452,2.588445054306921,-5.686864321168895,5688.159
4531925525110551424,280.9655945338735,21.80822526233293,15.219692,0.9001856,0.6832912180574783,-4.120350406132885,-1.8128683084905346,
4531928548767066752,280.76123901059617,21.829357917630126,15.224068,0.9947815,0.42936988596028713,-3.4493085852039025,-2.109160897600527,5734.5566
4531927479311559680,280.81563006268306,21.805329399609278,15.226623,1.474329,0.17224693998898494,-6.064464378893065,-6.04644208921866,
4531899927104469504,280.8586021165118,21.735298931718482,15.226791,1.1301193,0.6091076762373661,-2.3851481813903987,-13.514449833374623,5648.664
4531930129315552768,280.8883363710792,21.91921650655794,15.240043,1.3787956,0.07864418832380829,-0.9251103619909412,-0.19506910415092718,5928.7163
4531925696909236480,280.9994564614923,21.840666459916353,15.241662,1.5630589,0.15363285851772263,-0.45511564006352845,-2.2023438130661206,
4531940815193676544,280.7517069511157,21.897491372398722,15.246936,1.0740528,0.4748679131897548,-2.2050583834784465,-8.017418502208068,5368.125
4531944697844684288,280.82421322851883,22.065906991572465,15.250172,0.8684664,-1.9626388721662484,2.911071975477596,6.1160638444832,
4531900270701867136,280.7536994703351,21.70937145937615,15.270376,1.0898523,0.6901092586685793,-3.211695920453194,-7.316503300649483,5341.8438
4531899858384988416,280.8641346610982,21.7252044415577,15.275317,1.3458033,0.22093668588390217,-5.127170321777395,-2.4898345799650414,5290.3047
4531903637956351872,280.709730063909,21.75349516850472,15.277657,1.4648428,0.1307863908825529,-2.8619485037187586,-4.518804767794554,4781.5586
4531927517974909696,280.8009995923221,21.808541211950235,15.286807,0.9837465,0.6818165142235502,1.6144166041401993,2.9457031329964485,5500.7
4531925112785596672,280.90691602321544,21.833215502996424,15.288053,,1.019353757010075,-3.3520196314899047,-6.2772133568165485,
4531174627391739392,281.0043674367596,21.782001440999153,15.3023405,1.0210829,0.9579077108179401,-0.20449760852128301,-9.438612866898085,5720.574
4531930198035003392,280.94571225995816,21.916304382028432,15.30473,1.1283798,0.4003322405691002,-0.5728631307787798,-5.8604902316749925,5533.4043
4531925181513207552,280.88966627959906,21.8384979627882,15.3113575,1.3427515,0.12092431793917335,-3.310223269543149,-3.5057325184353356,5202.331
4531943735771999104,280.8291974307638,22.026760265260094,15.311638,1.0196667,0.5444605468690324,-7.684356774804557,-9.256740682013161,5638.263
4531949473847991552,280.9100214935196,22.045024333636363,15.315128,1.3808975,0.11879593095595356,-0.14058289603984353,-3.127054850622785,4959.9224
4531918275204837504,280.67033835148465,21.91116084464915,15.31705,1.1700268,0.6475685148925531,1.9100902888541256,1.1267063913870436,6014.7583
4531928170810454912,280.8851379379606,21.87001500647377,15.3192835,1.3132019,0.041910828853605156,-9.475769545843132,-11.348947509410138,
4531899686586295296,280.8267974603764,21.69392847621848,15.323298,1.2459946,0.4605617077145446,3.71310770189074,2.5841030031537953,5162.3105
4531172771965944832,281.01132959724185,21.738778989751125,15.323538,1.4960299,2.131737156764353,-8.786316591090747,8.607354733390938,4454.446
4531942636259834624,280.6838139794394,21.981330335325275,15.331434,1.3153791,0.27091970645701213,1.8850286944931678,-1.1668234097314065,5840.175
4531942979857743232,280.82826215742034,21.97498960643432,15.337831,1.0311203,1.0228480608528863,-9.538785665642468,-9.580400700569362,5523.0645
4531926281024789504,281.02310636319083,21.886126434439525,15.338462,1.0647726,0.5084637243668741,3.4325360862497094,-2.133536831788811,5618.0225
4531931057028517376,280.8421391616043,21.952548336172523,15.350174,1.0874548,0.48054014590598626,-3.1586242723577884,-10.857355860394062,5511.409
4531900786097944320,280.78742370062247,21.741511577678082,15.360731,1.3634186,0.24302000623922063,-5.083717641556168,-3.589668575128238,4984.946
4531903672315981568,280.71597755008617,21.75187985973805,15.392954,1.1317472,0.08609350423189324,0.2864758783411706,2.460596795157245,6312.2925
4531903328718590976,280.7187521410885,21.725634301052526,15.394627,0.91993713,0.6254270221528443,-1.5453585784956423,-4.13902872242836,5889.956
4531899583507069824,280.8832896905146,21.70231768947366,15.405054,0.9650612,0.5542128204143483,-7.079567198257441,-1.862305775822517,6012.583
4531900820457795200,280.79510343804014,21.740611318040816,15.405904,0.9117985,0.6194316062977067,-0.5462681051199716,-0.028998502949546843,5886.4355
4531904909266571520,280.7211452119167,21.79220033044257,15.410968,1.3837929,0.14067829525718423,-1.8887538648897295,-3.807962102676971,4838.755
4531923188647855872,280.9211535215076,21.73693462873436,15.415739,1.0059633,0.6915693102028618,-1.6551102180612816,2.166226010496482,5968.672
4531923635324938752,280.9465518397778,21.763887333305963,15.416004,0.96264935,0.40005324933068104,-2.2370561161757645,-10.005334043723066,6111.883
4531923257367335168,280.9091979564315,21.748010593152532,15.429747,1.1278744,0.5220122437199132,-6.0258059705183245,-3.5521005831597137,5381.539
4531941364950045056,280.7994229299085,21.939639512904243,15.431628,0.9997349,0.3863627475579561,-2.5305334013220735,-5.264012576451275,5549.5337
4531943254735658496,280.81927511974567,21.994013036719796,15.431633,1.3168602,1.3897800713283475,4.295614768164812,-4.698756251758383,4740.31
4531942567540354176,280.6989873451185,21.976271889164526,15.439517,1.0294142,0.45178034479577955,-0.4895152425265603,-4.296835327803225,5794.8022
4531899549147329664,280.8797146353814,21.693992760502244,15.445015,0.9877205,0.7741279570038871,4.952438432722732,-0.583718505699169,5391.256
4531174661751480832,280.9994217584462,21.794337463951063,15.445415,1.0345306,0.6657404198142913,-7.096126360944573,-9.15881949746975,5516.404
4531930026236512896,280.8725327879779,21.91267329028661,15.451197,0.95359325,0.5312825913688092,-5.218480182186433,-7.427592554818988,5949.975
4531943220375933056,280.79150390915197,21.999467209044713,15.453689,1.138341,0.40937576539744,0.28697809715167455,-8.568635357897474,5229.6255
4531926212305306880,281.0278650509633,21.86567413558526,15.454229,1.0431585,0.47901976248710026,-1.773959733117759,-6.3422892808083535,5767.132
4531943632692763008,280.8809057650136,22.033946358241412,15.463248,0.99738026,0.369473300339923,-0.7129911067649609,-0.10652557446587094,5790.904
4531949542567475584,280.90272536928444,22.0516272734125,15.466156,0.95997715,0.5310264293050946,-4.2027336945726335,-6.999279921300909,5712.923
4531931916021504640,281.0668987747165,21.8789527007662,15.4696245,1.6560717,0.10906044683665206,-2.9513780585001186,-5.810182840573303,4602.6274
4531924322519230848,280.88783624276437,21.788274115324768,15.474787,0.9375849,0.4527719078309537,2.428271530978377,-5.157397478515297,6238.7466
4531936451507069952,281.0060733559971,21.985331428709465,15.476374,1.1104593,0.81622123104526,-7.651556544388327,-6.42661149141553,
4531930988309026176,280.8737354800857,21.954434667799788,15.478161,1.576067,0.013742687601895186,-3.6251830256851965,-4.3098569250810135,
4531940677754723968,280.73234388750575,21.891882920630405,15.483118,1.0635214,0.7629684778550923,-2.695763077604204,-4.823217399488731,5488.893
4531923974618193792,280.9191559245047,21.79381562364283,15.489375,1.0993319,0.49324005594069714,-7.20087920583718,-6.179637307197257,5207.357
4531944697836660992,280.8242926896231,22.065851284847053,15.4907875,0.8630552,,,,
4531927517974908160,280.8093200646722,21.803101343245658,15.496536,1.1564817,1.0937699280477977,-0.48369963512969344,-10.617153842125473,5082.357
4531923738404148224,280.966413420442,21.773382400606728,15.501796,1.4466467,0.1144765247444966,-1.0854703713431695,-4.695060577263201,4851.871
4531933152972134528,281.04928635174304,21.942761030853465,15.51552,1.2337294,1.0905461047925744,-0.11594704767716615,-1.7349234221978926,
4531943632692764800,280.87250656378103,22.029273230010187,15.522311,0.981287,0.412678319728973,-0.4079088306332188,-2.9982686223096273,5703.2275
4531929442120829440,280.7782819884044,21.894359450920227,15.522806,0.5421133,0.24955388509501422,-0.49674623765319675,-2.241153211783355,8681.939
4531944457326540160,280.77340971599114,22.050841960749093,15.524572,1.2758522,1.3605027747554892,0.34814299427529893,-20.99951288123865,4923.6855
4531926727701431168,280.917507932906,21.873860812302063,15.529757,1.0474386,0.5881284925421368,-0.5972680927231165,-6.155930529105911,5805.7817
4531924494317928832,280.8162217648986,21.787709693739263,15.541675,1.4224758,1.6585906131995953,-3.275447476709233,12.762430590087888,4666.065
4531941914705317248,280.7039489669123,21.9414873388585,15.544567,1.19631,0.7360156566646819,-1.255220514577888,-2.769006946535697,5030.4185
4531900923536896384,280.8119071338408,21.754449673301085,15.548381,0.9617901,0.28940251927679556,-2.5910264713974724,-4.9146314477993664,6067.5464
4531904565669190144,280.6926141306913,21.777046987327857,15.550092,1.0924473,0.5785333498409374,-2.288812001313941,-2.6100058036348432,5427.4434
4531900923536894848,280.809689948458,21.745957088614908,15.554039,1.0248852,0.636752298507996,0.655639685377955,-11.604490900810378,5293.3784
4531172428367893760,280.9040283939081,21.706021664869077,15.556244,1.2658987,1.249321540045473,1.3376151079936662,-4.580016434526048,4983.441
4531931160107724928,280.8589157317507,21.949464628105684,15.559228,1.2068567,0.9131620076079684,0.22083249066692834,-9.02105126231966,5007.7915
4531904496949710080,280.7039365366789,21.774855095197466,15.56046,1.1598463,1.1268206181297082,-0.6037488968675321,-7.79669498349412,4992.162
4531944663484940928,280.8351099755127,22.064406445733876,15.565527,1.3448105,1.8044321718837986,3.317027131885871,11.953942190615901,4792.5986
4531929854437630080,280.9152492172689,21.905944247633755,15.567602,0.90544605,0.7012748630149198,-1.4495353671728242,-8.470138457998615,
4531903564933316096,280.703076786251,21.743032701738294,15.568724,1.0499487,0.3525512665707048,-3.4380185790222053,-4.785071317355933,5189.6543
4531930610351873920,280.9388645374045,21.948829452674786,15.569819,0.93748665,0.4914079495559912,-0.3204588381017861,-5.208998981246265,6061.304
4531899892744730240,280.8486674394788,21.72517342690786,15.570111,0.94560146,0.6268624429673557,0.9519307572484051,-9.856195341265146,5850.7646
4531942150920856192,280.6743893972563,21.952069663125318,15.575234,1.0533409,0.7093793692437464,-4.826766184426538,-15.307539794624027,5456.8804
4531923768459674112,280.97737289383537,21.778162668245425,15.581047,0.9588394,0.6373287946849021,-1.6534907856681704,-3.6410239971415086,5748.4097
4531933015533178240,281.02125119543325,21.918290377204492,15.581206,1.0171881,0.615576196138284,-3.0951370145172903,-2.9837392178034725,5589.4834
4531926723397734144,280.9194588684797,21.870009351157275,15.582082,1.1348066,0.6474193859555238,0.8745237324874909,-8.746664833889174,5411.4546
4531923841483370496,280.96306444244743,21.80106487144835,15.583543,0.93966866,0.2887192083670495,0.6832735691134244,-0.6912640547005806,5938.9546
4531172565806846336,280.930933709786,21.718856626555198,15.586063,1.2214546,0.35047000648526855,-0.9162833635775698,-5.541564132841051,5278.1963
4531923704044420096,280.9453705293202,21.777049224062427,15.589672,1.20508,1.172731905441122,16.00400746712006,-0.8233651646103252,5205.9106
4531923978922343168,280.9157389919268,21.792753521846116,15.598626,0.9724226,0.7804582635080771,-0.8933258319053735,-2.6678712712103194,5535.4644
4531926555902719616,280.95653430848256,21.86315465892113,15.603623,1.5083675,2.013858857550054,-6.745451872588081,-1.4642554872433704,4561.2495
4531917244412674816,280.69499526154107,21.8781280323272,15.60896,1.3267059,0.20438512349229523,-3.03865564472551,0.02824835527088819,5165.29
4531936382787586048,281.00492562062794,21.97614538773563,15.610652,0.96465015,0.569800522553003,0.7735491421976693,-8.5300836088775,5552.6846
4531929991876606080,280.8689850463611,21.909775613937295,15.616454,1.4376488,0.06260558683796807,-3.4356428630383755,-6.059076063836291,5261.6104
4531899927104470272,280.850156555786,21.7305881171075,15.619679,1.215745,0.45601522751862084,2.487273491929222,-2.7810221250020484,5088.34
4531904668748412928,280.6735530946883,21.783298532596174,15.624853,1.449729,1.6186800910899277,-7.0932234356647035,-16.541953977777638,4645.9106
4531930129315557888,280.87886529967994,21.922184926112923,15.625568,1.1166039,0.8346421266503989,2.990247133782767,-7.211878167465305,5557.2407
4531928686206020352,280.79272446891207,21.85260163922346,15.625724,1.0871153,0.45184355317640773,-2.156450971186363,-5.627403196643305,5533.4043
4531904874906850944,280.6735802743386,21.812427665128578,15.630238,0.96082306,0.4241574227066154,1.4937889185407969,1.7502799594745515,5974.412
4531904771827631744,280.66983398999616,21.794720941526258,15.631662,1.0185776,0.6215472014374752,1.197210479189203,-5.092599201878169,5733.8896
4531941949065057408,280.68888648484176,21.939256130420898,15.63398,1.3471098,0.1085094701763529,-4.182132626955949,-7.086814113513431,5268.232
4531933256051370368,281.0174326769665,21.94919848446125,15.635949,1.4382763,0.4349555450251917,0.5454794536249427,-2.2107513927350877,4761.245
4531931263186946176,280.8597099728194,21.978033299574264,15.638798,1.0351801,0.4418710465993957,1.2375118266327219,1.8479695331705368,5685.8022
4531172325289271040,280.9607469687324,21.71833143578412,15.639318,0.9989519,0.6560647021343187,-5.197339220013085,-1.602943875384868,5374.102
4531931503705095040,280.9116287865886,21.991410941424608,15.640623,0.8163519,0.2508576714893872,-1.1452926187233026,-9.418986225718763,7030.9336
4531931778583014656,280.88933725567654,22.002074817436757,15.646769,1.2914534,0.3206529479200836,-3.5020076958709927,-1.4164569473544246,5798.4907
4531944594765473152,280.80865654680446,22.04736409280031,15.650925,1.4338675,0.18719891862245094,0.7387923691132422,-5.105641737427852,4813.6987
4531172290929530752,280.96077798398437,21.70581156136443,15.653048,1.0020208,0.4667181275842862,-1.523709311283304,-8.309845361764303,5424.962
4531927243097495296,280.9589853925025,21.90490276068182,15.66345,1.1951141,1.0118639113469268,3.5573348420827484,3.118478620872658,5123.234
4531949748726198016,280.8820549847402,22.06293755896521,15.673359,0.98248863,0.41606685961165774,2.069321164122551,-5.087366094092427,5547.2827
4531926143585839488,281.000655817594,21.86382888728039,15.674592,1.03508,0.8117927719021526,0.01380601680565946,-5.457273076333585,5626.6743
4531929029803413760,280.7521803653046,21.88166445333609,15.675689,1.087862,0.7654247488545869,-0.9195832816596974,-14.299578071753206,5612.255
4531930709128130048,280.9405900504226,21.97224677175689,15.678975,0.9751673,0.5995672494617612,-3.443181008028555,3.230187891028351,6201.8633
4531924837915806208,280.9211063908418,21.82100605150835,15.681072,1.0137587,0.40696920177717416,-0.059139139623189174,-4.770252351016989,5788.2686
4531930026236341504,280.8741068972121,21.909469507768094,15.685082,1.4996967,1.607183786266128,-3.1596006686933853,-16.86729830395476,4598.6343
4531928102090985728,280.85819341046897,21.848568582081107,15.690648,1.0663662,0.8258007709599908,0.8624241691518284,-5.850688995372413,5523.137
4531943117296711040,280.7918443625613,21.97082958081057,15.698754,0.9996147,0.4397115955357545,-2.812433476990435,-8.488084383710234,5430.3403
4531940849553416448,280.7380391023195,21.900732311002358,15.700855,1.0856247,0.37326715138178734,-0.5573291449151007,-7.08422285505648,5396.2095
4531148891946817792,280.90702029749457,21.677003857149245,15.70133,1.0191689,0.6029219157504414,-2.3847329217012136,8.233637097815963,5749.205
4531924185080276352,280.8663195262288,21.768169624399167,15.702626,1.1884775,0.4086614651329022,1.3532108466103268,0.12444349195126031,5621.481
4531904496949711744,280.6969358723159,21.775417265485167,15.705487,0.9949846,0.41477955727672955,-4.874336930839677,-2.5633011481515,5852.7915
4531931228827207552,280.8515385343432,21.961985527379074,15.707406,1.3729029,0.20537657846575558,-1.9933609740816776,-4.355076172970816,5139.268
4531944560405741568,280.795899707572,22.048976560644462,15.711546,1.0721483,0.425866184636039,0.5089456747930666,0.42951901102934803,5186.8145
4531926658981941760,280.93968069359323,21.86406975213751,15.712643,1.0155535,0.4395373691343405,-2.5685767113865965,-4.410971280444388,5856.6777
4531904531309449600,280.70814645612415,21.782614823948506,15.716901,1.0268993,0.6707069898372369,4.426212904619998,-7.615023234790209,5522.7734
4531930094955808128,280.903458584149,21.92145415333913,15.718138,1.5638285,1.9216865521485367,-5.261355936512283,-10.700872485127048,4549.2285
4531172290928936064,280.9611703490282,21.7019390868211,15.7199135,1.4518986,1.7377796568440227,0.6225836201674264,-5.199387168593053,4581.0444
4531924425598449920,280.8254722543198,21.77388589693967,15.724729,1.3449297,0.3172399252029362,-1.4690976229404848,-11.249150402797289,5021.421
4531937825896674048,280.9295024242894,22.04396892875565,15.725385,1.1489649,0.46421407546750165,0.4890982695110345,-2.345865120096487,5181.547
4531929957516860288,280.8807530234517,21.901592646347872,15.726155,1.4152641,1.824654293913018,-10.507044807420744,-14.052730293556365,4791.9727
4531944113729137152,280.7925635558423,22.02217386911476,15.729048,1.1436939,0.8860901409979137,-7.710869510482694,-6.360731901013106,5106.0024
4531172428367893632,280.9107856509132,21.710265341454775,15.731493,1.2167978,1.1325700051476142,7.5205976207610465,-16.644774183286874,5005.134
4531943838851205504,280.86436852980523,22.05326628309269,15.731728,0.96827126,0.2830482204558871,-2.5729619948977738,-5.307499409195659,5891.062
4531900098903162752,280.7951737389953,21.69250538732926,15.733999,0.9711447,0.5305913647050425,-1.312576307225028,-10.474121737994166,5717.3276
4531900167622647936,280.77235520167216,21.70375106895686,15.746544,0.9510021,0.46947278242462,-3.6674590358216563,-6.920396970650434,6019.806
4531931228827213184,280.84421888940875,21.97028767750543,15.747887,1.411686,0.14366817271582663,-1.370150793010878,-1.240020596793778,4917.238
4531904531309540352,280.715973471865,21.784466971121375,15.749883,0.9661331,0.5853660316654355,3.3756731677125904,-13.18361110838083,5512.096
4531942704979891840,280.7259820008015,21.996755431843066,15.758911,1.3467464,-0.13357193703272788,-8.449193047564927,-6.728101643626986,4770.2793
4531903672315980416,280.7228895254396,21.754268106729594,15.759003,1.3734827,1.391282778600318,0.111810744606613,-8.016806071528936,4600.7354
4531931709863533824,280.8946264470399,21.997793949502963,15.7638,1.2612877,0.17600086166841822,-3.6299095456305466,-3.7295637063802722,5040.766
4531942842418794368,280.80589349966186,21.951343011050636,15.778043,1.0780411,0.7810705892771542,-0.9297898486219919,-4.332469494466501,5761.815
4531174730470946176,281.0371539703003,21.801040252037563,15.779281,0.85754776,0.29469081536115477,-1.205686516317078,-7.115378703949099,6788.7373
4531929957516859136,280.88483932277086,21.903564671864345,15.780425,0.9439831,0.2875983154903963,-1.168681579855619,-6.458197419121268,6176.9097
4531926933859823744,281.0075338694071,21.883639539622685,15.781323,1.3501024,0.055511075080314665,-2.1497071888640438,-6.912910271674441,4996.733
4531173046843774592,280.98974932068273,21.758306437178444,15.785886,1.1449642,0.28560418440798985,-0.4313397634965357,-11.012723181272325,5656.083
4531916694656855040,280.6590959781502,21.828019704225614,15.785955,1.0350428,0.40445039621083934,0.5915343784699667,-3.0022039875098376,5719.0103
4531928961083933184,280.77276029860894,21.872102028997105,15.792109,1.3457565,0.19076370812918578,-1.7395920368873368,2.9717153807704713,5390.655
4531942258302709376,280.6867040818584,21.971421773835047,15.794499,0.55540943,0.2031645836207509,-3.5232876184191197,-4.0955536095399,8629.441
4531936520226552960,280.96593146467177,21.969678363753566,15.804217,1.0921001,0.313885667052499,-3.7021042687654973,-8.158008738655536,5301.376
4531930301114223744,280.9425023185349,21.933382439218928,15.804475,1.1093187,0.6027341571652542,-0.4622127236205212,-8.115207324482963,5408.538
4531905252863971456,280.68873264195616,21.817017957394828,15.805393,1.0192308,0.4384668403042942,1.6456787295425677,-2.882758774533725,5869.662
4531941777266360704,280.6983621746606,21.922834159366587,15.806088,1.1805038,0.3936876612451977,5.560541908281881,-2.348296879149096,5681.284
4531174661751476096,281.01457094489723,21.78940790336301,15.807749,1.4176426,0.1676650030694493,-3.6309086897956355,-7.131948772245487,5115.7383
4531925593830039168,280.9489004452173,21.818698409179756,15.810754,0.9705858,0.5092439284672285,-1.2339516769057695,-1.2708597666334769,5559.4775
4531933427850076544,281.0196039945125,21.971594020711972,15.811651,1.1271439,0.7457757264099191,-2.273720312425264,-10.26052628349156,5271.724
4531933427850067072,281.0202762126872,21.959235346468308,15.812816,1.8280735,1.8011093902220678,-4.976988305141041,-7.99559007610668,4341.8784
4531933324770854016,281.009107339189,21.953330033425356,15.814931,1.4101324,0.09102053013852768,-2.0371321201887183,-4.657050857682604,4866.5913
4531930575992146688,280.9227558067632,21.96086769736189,15.82366,1.0763979,0.7548508502014301,1.9399863277014084,-1.5075006636813448,5611.8423
4531917278772414208,280.65178693996626,21.848776410052285,15.825954,1.0084648,0.4113655253683427,2.8411885392381366,-14.264211768045312,5890.4927
4531927002579312128,280.9851180559313,21.886665560986756,15.835244,0.91452694,0.2733420188534456,0.01156460795640582,-2.5711629680209236,6579.819
4531929957516859008,280.8842347142003,21.90203781184838,15.842713,0.90062046,0.43799360108724067,-5.397826733406422,-5.817068691762914,6169.112
4531944629125198848,280.83756836811403,22.053628683836344,15.844587,1.6043015,0.01732110089956862,-1.2254248634392544,-1.5921211313267187,4853.7812
4531926865140381568,280.9352827004639,21.89609413916301,15.84948,1.6669579,0.10671985752183265,-1.2901495153469822,-4.954216856572492,4697.501
4531900064543559424,280.7745307125543,21.690686102763152,15.852279,1.4382477,0.061716441278067816,-1.2487235816942095,-6.747912905518998,4836.9463
4531937825896674816,280.93508107635614,22.049115118962234,15.859353,0.8610039,0.36868144316361967,-1.5235832129700688,-2.4833311878918214,6351.642
4531928411328636416,280.85726101852396,21.86859795432717,15.868795,1.4708643,0.0978114962406619,-3.2909720657853745,-6.985392646194745,5131.6025
4531931675503803136,280.87624965158045,21.99576119817811,15.870207,1.0594673,0.4401033486513828,-1.2848123526345607,-6.239765415939993,5447.4043
4531172771965858176,281.0013203487804,21.731761402051234,15.870219,0.96541405,0.43870284312820396,-10.484309257724279,1.4454401232139817,6052.7017
4531940712114465664,280.7118999551163,21.892901635386185,15.871429,1.088644,0.5361514706130651,-0.13000311081331048,-4.452911918783826,5599.7695
4531904943626400640,280.7362563151058,21.808363593828783,15.872036,1.3850689,0.09068545381496905,-3.2564908282998815,-4.174127083213292,5604.564
4531931125748000512,280.83164745520423,21.962663988478994,15.872232,1.2559338,0.2549984828565516,-0.32944850829667033,-0.3840587500955568,5672.869
4531923119928380032,280.88576575873856,21.715962082015476,15.87438,1.0049686,0.593659639526412,-3.0129542524817365,-2.564650179610301,5834.8647
4531943735772000256,280.8212458371297,22.016354525473663,15.875597,1.0194721,0.5414387214121414,1.1920818216741265,-6.759444723592862,5446.534
4531172909404822144,280.97328183426555,21.734144265124463,15.880219,1.288765,0.3802367402730922,1.6156389158316953,-3.8823609393635397,4956.256
4531924185080276992,280.8582967913644,21.764132456062473,15.880372,0.9825325,0.5057378875986437,-6.8215048453026785,-9.968158851079014,5769.4336
4531917210052998528,280.6928244474692,21.8634874395836,15.880821,1.0583582,0.503637737645619,1.5204620017491555,-7.195317163508525,5475.7593
4531905424662665472,280.7179306128913,21.84877769882588,15.881723,1.0044575,0.631093644861583,-0.04297610660428764,0.45548005509838374,5288.0776
4531917244412672128,280.7026952212411,21.87039810822821,15.887501,1.0088778,0.530979499181891,-2.2558471258675907,-0.6881683775959139,5885.799
4531940849545970304,280.73452601256935,21.9103288667338,15.888427,1.407958,0.07279093209290555,-2.6422115784044253,-6.295551147909969,
4531930953949292544,280.86311106070957,21.946998259218752,15.892914,1.1150818,0.7335012593696796,-1.356494745371292,0.503061061287905,5495.4663
4531941158791069056,280.72385675497753,21.936202861157604,15.8939705,1.0632439,0.7150345409385793,1.1690740745875852,-6.708670683003748,5653.668
4531926521542969600,280.98470765882985,21.8646783565573,15.89602,1.1404152,0.6561068909277221,6.9698982334497215,-0.3746654768839463,5434.372
4531925456391067264,280.9901728160174,21.820386767112538,15.902603,0.92227554,0.46859251085944376,-3.455485166895178,-6.876386775491793,5913.0264
4531944560405737856,280.8029077756049,22.047276717683097,15.904637,1.1555672,0.9028024383096658,1.0588461109814569,-3.563111632628426,5178.4727
4531927895932034944,280.81896781294034,21.84875289217667,15.905519,0.99891376,0.3492590283309219,-4.139359162325226,-8.445765518327974,5941.4463
4531928651846284032,280.76769703633516,21.848056174003492,15.909964,1.0389853,0.40353478359632955,-1.7863476291269436,-3.4556840400900066,5591.604
4531949714371171584,280.8719163208429,22.058561599746547,15.910056,0.970726,0.46650566150406036,0.8052152259726497,-2.3851803534454787,5851.8374
4531926865140375680,280.94641230852164,21.8937158048966,15.914084,0.9416399,0.48868223430417485,-0.7778916484785726,-4.302816529526316,6006.6016
4531903500517388544,280.7510081713612,21.751573438342128,15.914272,1.038537,0.40600409184140873,-2.8211689485329474,-6.9250340258523035,5872.94
4531925696909237760,280.9974839832207,21.84192078518647,15.916062,1.2381496,1.0326532877001602,1.1316738042656636,-8.8400137800581,4957.578
4531942395741659776,280.71967637826776,21.977149125505594,15.9179945,0.98758125,0.40120067409017385,-4.73203920303237,-1.976264212750757,5822.8394
4531900476866467072,280.77333119092344,21.731705040509354,15.931174,1.0296001,0.4880120051458263,-3.210920827742377,-9.436770726069026,5358.144
4531174524312510336,281.0455422598756,21.793071995168965,15.932249,1.8201714,2.196850398992078,3.761146678853974,0.25214405664957296,4398.268
4531930129315552896,280.8920015023485,21.926395515188077,15.934176,1.0937443,-0.552491407258072,2.3244076858079254,-11.090384309302602,
4531937379220042368,280.95295604275435,22.00865754471032,15.934752,1.3592834,0.056780311335845754,-3.000057142274178,-4.083854425467596,
4531928067731251840,280.84698102073446,21.846499198721887,15.935102,1.1236725,0.7034377047796853,-0.11425991148597894,-4.541913942579043,5246.044
4531925731268981888,280.9822261055166,21.84024993399421,15.936243,1.423295,0.26196424092438997,-0.9603732131562355,-8.608839683792679,4790.81
4531923188647856000,280.9128874539711,21.731229864335475,15.936401,1.0140276,0.5059346638663179,2.3406095359736523,-15.391021057993282,5714.5474
4531942533181188480,280.74493329893926,21.99255728784872,15.937815,1.3324509,1.0864031484342391,-1.9269080787839017,-2.7787085514268193,4691.942
4531943220375934720,280.788061810845,21.998900534844786,15.939173,1.0347538,0.5183493908239247,-0.2457275091008948,3.7540609424158227,5488.7847
4531941261870277504,280.7614638591046,21.921148077774234,15.941951,1.2231073,0.26889176326521996,-2.367803352063755,-4.772586522302598,5110.84
4531943460894078080,280.84632271450397,22.002306819829602,15.943564,1.1505337,0.4186945977400473,0.5758124893830511,-9.088681112383222,5205.8335
4531943529605483136,280.88239129402433,22.0130356523304,15.946615,1.0225878,0.46794306121909324,-0.4286411559944156,-5.878906548514443,5628.2188
4531928514407856896,280.8585491548962,21.892550730540005,15.948931,2.1572437,3.6727527166093124,33.10925695441416,-27.694225537769114,5123.5093
4531173149922993024,280.98477673904614,21.768780804637775,15.955335,1.0543823,0.4049426770987816,-2.522977732354117,-8.716605319555612,5743.1167
4531899892744732032,280.84638140187457,21.72828051541577,15.956624,1.2509489,0.3517865476759871,-0.40010334617365473,-8.932954196292439,5083.4062
4531173081203513472,280.9933484524945,21.767014047163386,15.956697,1.3363161,0.05689184882357196,-1.3434198527384682,-6.556475998673897,
4531927483615169920,280.8183225640839,21.80990209769543,15.961346,0.6385288,0.2319270698536192,-0.5676158796224383,-7.618177902661094,7780.477
4531936760744737920,280.9912546575887,22.016085214059597,15.9644375,1.3831635,1.3871420503809297,-4.878410250649736,-4.19019149070425,4718.5293
4531936382787578112,281.01066056176194,21.96807106349929,15.96577,1.0700302,0.8368353176407005,4.119146407770091,-14.989866571519142,5557.8604
4531928033371499392,280.87380888375327,21.84332920674518,15.968847,1.0865803,0.2676497156237779,0.6930503333339256,-4.624361686222586,6022.784
4531929648279202816,280.8909743967609,21.875387028635455,15.970201,1.314517,0.2991344333253279,0.4999112052805384,-6.620898352867347,5109.451
4531942704979894144,280.7215496009318,21.99512705017647,15.970761,1.1129532,0.5643584322094536,-2.9045952378730773,-6.679264620139374,5208.3945
4531949508208024192,280.88665507826977,22.04692512997322,15.973637,0.97125626,0.6033449804722065,3.7469337675769205,4.038109859347046,5806.088
4531942567540352000,280.7044930270146,21.967524231994243,15.973981,0.9734144,0.41320731826312435,2.018931453110007,-1.937899874222142,6078.732
4531172325289270144,280.9635296708995,21.717575466866446,15.981695,1.3609505,0.11951886638211229,0.15334764849651372,-3.7799685227028315,
4531927827212558848,280.79196570421266,21.835918596086632,15.983065,1.3598213,0.23171284945487824,-0.9668512246066927,-6.739990810965714,4953.1606
4531923085568640384,280.91005280195185,21.724775411836188,15.988309,0.9171362,0.3457176941777499,-4.733379628324423,-9.77611340786804,6259.0415
4531924872275544192,280.9245637041908,21.82524611488008,15.989994,1.4030466,0.1856444604500207,-4.922026252464236,-6.474673499940851,5021.2666
4531148960666302336,280.8919961013926,21.692178365100073,15.990378,1.4323902,0.12193759031077736,-2.4012023021269555,-3.836052661080658,4995.0215
4531943838851200512,280.8665981433481,22.04192336409458,15.99095,1.4940624,1.638963587431218,0.6204509427442173,-13.129642243295017,4484.023
4531925834348426624,281.0378313056774,21.837544032076362,16.006483,1.0100346,0.5063244551265504,-4.805445337558538,-7.268523617591249,5522.831
4531943701412258048,280.8340833260049,22.02351816825827,16.00934,1.1021585,0.29262982047956587,0.19218008359039962,-10.643201785113888,5503.3096
4531917484930906240,280.6702408237525,21.883436461291453,16.01469,0.9905653,0.5526944786134805,-6.845311002041217,-16.84677819856331,5777.389
4531923944554455808,280.9154374004292,21.786040326511827,16.016602,0.92461586,0.4005038810421357,-0.4148481102162134,-0.2983592083777362,6374.904
4531928583126806784,280.77463439932046,21.845394211988467,16.018,1.284092,0.10051516334927948,-1.0336763618695721,-1.1405792860018213,5851.041
4531924425598973952,280.8293235739319,21.77091459055641,16.020058,1.4719477,0.18462156364310658,-1.7735697257843075,-2.8870186623545675,4753.927
4531923497885999872,280.9139188196912,21.759971763665366,16.024633,1.2000475,0.862615799765034,5.806335361432667,-4.055529818737259,4901.9473
4531931469345342592,280.93867964461066,21.985791487118135,16.02957,1.2310085,1.1595098620165578,4.584210004803744,2.2744820152077563,4729.1436
4531930472912926976,280.9214356880751,21.942860700206055,16.032124,1.042736,0.613755086105315,-6.0479565840067195,3.7294367803823767,5678.5713
4531943254735665920,280.80234230737904,21.996578696848985,16.033672,1.1252174,0.8154724630750209,1.4021338008269906,2.27184093365225,5385.5347
4531924425598448640,280.82921165361034,21.76747332203459,16.034575,1.336607,0.24668685119140174,-11.229214068004055,-7.223881855938971,5121.9937
4531943254735658368,280.81879968629664,21.993106709545028,16.035835,1.2590342,1.2007290697209623,-21.946407053964762,-14.556747872600567,4702.2124
4531931847302025216,281.0703255458894,21.872939199219765,16.040747,1.4138527,0.15458822491507546,-2.4562158094218054,-3.9177884134192107,5096.0024
4531949473847989504,280.91221441015995,22.043137896820213,16.043941,1.2691574,0.19134180464089243,-5.656934683617261,-6.41207150328327,5165.3213
4531174764830688640,281.02775346909624,21.80101006822616,16.046408,1.323163,0.15581617990288396,0.2500252543694557,-5.165764372147871,5316.969
4531941777266362496,280.6911404113889,21.926793627218046,16.048029,1.1488276,0.3547264950375533,-0.8690947163617586,-7.995314059499714,5464.204
4531900408140821376,280.7746911832131,21.729150637382777,16.04931,0.9921789,0.3729399519887116,-1.4759132169578142,-7.989068163987043,6164.8936
4531941914705315584,280.7181327304507,21.94573650588496,16.050383,1.0342903,0.5563059115704202,3.241930814636473,3.521969121724018,5455.1494
4531903775395201024,280.72217424123073,21.775016208379455,16.051476,1.0413151,0.488036734624314,-5.5139391742171275,-10.043724870861377,5297.757
4531931022668928640,280.8266964182655,21.935357696525067,16.054337,1.071989,0.4135411766448662,0.18406623550581241,-7.049408202467668,5222.602
4531904806187369472,280.6854990779069,21.802404114319675,16.055147,0.92371464,0.4893365520400227,-2.8842384489746546,-6.644351059284541,6134.482
4531936520226552832,280.96899409742514,21.971853830448786,16.06075,1.1205263,0.53898349511414,2.7174089903597007,-12.986405139911453,
4531928548767067136,280.7638451069946,21.832167571151686,16.061977,1.0305462,0.47979207941449276,-6.866377065690337,-10.003648230193788,5312.397
4531928892364459648,280.7397222132296,21.867882503609664,16.0684,1.1352749,0.8339108117622244,-1.2303203538663667,-7.412085937160389,5226.8955
4531904290791277952,280.7545394040075,21.806141675705078,16.075916,1.041048,0.3250113252986097,-1.2898816470860512,1.7914394612904028,5769.1265
4531930610351872128,280.94882329041747,21.957563644440164,16.080503,1.0390959,0.4772958233186575,-1.5109799683782188,1.5317317598084161,6293.8975
4531943254735665024,280.8039369226574,21.995179325884454,16.080896,1.3824453,0.23408824951096374,-1.1300786563673226,-3.7840078145304332,4858.7217
4531924837915801856,280.9276600777007,21.81090696389128,16.09025,1.689229,1.3529380763506114,-2.5158811109696737,-10.607478254500561,4398.3696
4531928376968914816,280.8247097987934,21.875453433285614,16.094982,1.0878363,0.45077164298968975,-0.12547004185439564,-3.125903708264505,5465.3257
4531927616750668928,280.8450305915984,21.83100770709072,16.095314,0.917511,0.3351411508951198,-1.7396690148615617,-4.57081588285555,6020.6523
4531929785718148736,280.92046740810065,21.89559884002586,16.100212,1.4360628,0.3540294983612847,2.6126255360754587,-4.08203407627093,5331.847
4531928548767066624,280.76848531018976,21.834493281063292,16.101442,1.2298565,0.7391312427916655,-6.103930424052976,-6.105222296722151,5085.2734
4531926933859830784,280.997870000717,21.8908620613024,16.10357,1.4098473,0.3142073224811709,0.3583363588480953,-4.838512359507003,4930.2827
4531899789665514752,280.83182305729457,21.711374572489284,16.11085,1.0934439,0.31614693533525334,-0.6796309132846633,-1.111872821129083,5037.2197
4531174696111207296,281.0329985035725,21.791837918782974,16.114027,1.3683577,1.5372230124628012,-4.158866106469326,-7.231114848257521,4840.9736
4531905184144490368,280.69940733808835,21.80919533721374,16.114204,1.2907038,1.0908385896130488,-4.28605455952236,-5.48099239416444,
4531931125747998592,280.8320431005346,21.952996046089254,16.121529,1.111598,0.46484796084775487,3.323790724314325,-7.476658869534365,5372.0312
4531923566604984064,280.89678889722205,21.771955656266897,16.121914,1.0359306,0.38805696985280314,-4.115470998812683,-10.899624849602551,5712.3145
4531899480427860480,280.8435878168697,21.69065489154668,16.128824,1.0038414,0.6057628524813288,-9.11720327038864,2.624737728319276,5562.399
4531903741035459328,280.7116754206015,21.754003545799403,16.129587,1.3855371,1.2429433705231554,-0.5812309521633452,-9.426637408442188,4582.468
4531904874906850688,280.6831840032044,21.819107256788765,16.130287,1.3956747,0.14049387039151248,-4.352321338054035,-5.065493008126875,5058.1245
4531148926306560512,280.8865448071175,21.67601440790458,16.130665,1.4816971,1.3778368665326879,-7.643551559438193,-1.3613175220719254,4590.354
4531900957896635136,280.8243485850722,21.765116340553043,16.131592,1.4825821,0.1296098385770074,-2.201816653357343,-5.479704168500406,4696.2427
4531923910202855424,280.93593245655234,21.779094398498575,16.132326,1.0401306,0.47397536204563995,-1.7220471045750605,-7.364779394128751,
4531949439488540928,280.89614894078596,22.040313855997482,16.133245,1.1385689,0.7413241612999498,0.7934009323321931,-5.672344732055606,5243.3433
4531932190899436416,281.0453531104777,21.903466357054864,16.133669,0.9784651,0.5332850714845768,-3.494618895926769,-9.284246271829925,5961.199
4531941296230017280,280.7656862801246,21.93023204247515,16.13467,1.3639364,1.2988157013574804,6.027874689447136,-5.32913381596417,4803.493
4531941227511094528,280.77930735683844,21.919574258627343,16.143074,1.2951326,0.10471794729802421,0.01426944000776803,-7.018627178831568,5933.102
4531929820077884160,280.93441906030506,21.904263344221707,16.147026,1.0496635,0.34337629481531573,-5.624521426408172,-9.95578487975669,5644.8384
4531926212305309440,281.0276355936787,21.879550771767445,16.150002,1.3578501,0.13912243670818636,-6.0729490015437415,-4.733564264791058,5246.784
4531930335473954048,280.9579662949729,21.932403745591955,16.153196,1.2408352,0.12497477997382032,-5.844317406179714,-9.76500495292762,5842.9233
4531941983425393152,280.6920512076544,21.95244594826267,16.153769,1.3685665,0.41075453057471134,0.34388369459161205,-0.6596184438639295,4710.152
4531937482299251712,280.96152819004124,22.007088614252524,16.160563,0.9755001,0.5080582142477829,-0.4098334647936968,-12.482720374224959,6004.887
4531174318154078848,281.0325665238444,21.76279961612189,16.160866,1.5844564,1.335093083105704,-5.41974467910536,-1.8716525396009305,4558.6113
4531917381851632128,280.6605216802115,21.87138815550143,16.171383,1.189414,0.7642425277842745,-1.026887285072319,-7.29030318659797,4936.658
4531172222209458688,280.95812701417043,21.69579445614212,16.17617,0.96827507,0.29002247955215255,-6.884350559906415,-18.99727717532616,6317.465
4531172428367893248,280.90491382657285,21.703094399510913,16.179,1.2249708,0.25692030512002534,-1.8750215484862347,5.006318810777795,5951.589
4531924872275538944,280.9343371735704,21.819642853848553,16.179216,1.3604774,0.10317648433535263,-2.920605948879424,-5.682003866787765,5183.077
4531930472912927360,280.91676768919524,21.93449936133181,16.179789,1.3706608,0.32644402079395335,-0.03443600823728177,-6.121913767318883,4910.623
4531175344641523072,281.07017511189457,21.858024957147116,16.180256,1.4332457,-0.1987398848833447,-4.669887621965193,-1.3987186365430992,4683.002
4531931434985611520,280.9171049920613,21.975584157039542,16.183208,1.1797571,0.3084228445156964,1.3123413099134202,-4.942931108288068,
4531927376233108096,280.972406911908,21.920618559981435,16.189127,1.0584517,0.4716390083298299,0.0313459722048387,-6.477182060717797,5464.795
4531927208737748096,280.9780578295699,21.901373300069803,16.191454,0.9124594,0.24885542691847665,-0.792921067826722,-3.2197744307183114,6289.266
4531924150721051392,280.8544316492463,21.75017358149153,16.192272,1.076354,0.6360016816730887,-4.119616485523479,-6.878731964540816,5466.9014
4531924425598449664,280.8291777884045,21.775904353394417,16.19241,1.2534161,0.9043835539103938,-6.834123148522675,-5.77280249579377,4984.7324
4531926487183237376,280.965759990213,21.853708617836983,16.194857,1.6821289,1.7758699531932793,4.892395527213024,3.0086974612735946,4500.984
4531937722817456256,280.9156903277869,22.029835616699902,16.195387,1.1252851,0.6456684653662143,2.8207157755926198,-6.750879613682189,5052.9565
4531942808059118720,280.71794172960807,22.011204731519246,16.19628,1.1315718,0.4258484731594531,-3.409862184977108,0.8636009494371347,5314.232
4531924700476858112,280.89147580547035,21.79109205657281,16.198378,1.1723909,0.6140151339537107,3.1350945608096636,3.872142709635683,5226.4053
4531928754925499776,280.78314102491026,21.86301819323557,16.200035,1.1006737,0.6850238536263358,-3.8543827765611454,-7.105644318409238,5133.583
4531174696111212160,281.0265756994884,21.799051839297054,16.208557,1.0278912,0.3092632087685286,-1.1773666025710328,-7.234066017488218,6224.522
4531930644711610112,280.9533955900028,21.96576151645239,16.214159,0.9205942,0.31636237533225686,-3.1062572027164324,-6.310713797361942,5996.9937
4531944251168109568,280.7586568150497,22.022752735375857,16.21545,1.193696,0.5799078357472396,0.7057341354697566,7.6409947574384205,4988.4224
4531940986992376704,280.6875018659721,21.908154991653532,16.219503,1.1329079,0.9294679146063475,-10.392082027372513,-1.66919072346941,4894.0474
4531905355943185024,280.73926132723625,21.847901869461584,16.22188,1.088212,0.32984664362771055,1.8619946977163975,-0.9689477152863823,5262.373
4531930163680023936,280.8992685107784,21.925905378110865,16.222225,1.3102627,0.40974673851003074,-0.23085705332906525,-3.10359701481022,
4531899441764457472,280.8633963930195,21.684772210048507,16.228336,1.0273638,0.6256793074434495,-3.6822240512012403,0.24927095639185748,5459.796
4531944045009675136,280.76175806566005,22.01875669170528,16.228561,1.330246,0.28097244035734487,0.09487363862895859,-7.4776921554171345,4997.5063
4531931606784315904,280.88756392713213,21.97521100616676,16.229525,1.3410997,1.156296412530128,2.5138046984755444,1.3573387374370625,4874.1416
4531942464461705088,280.75373118232034,21.98537977011378,16.231556,1.2567072,0.37500370321996,0.3978049372210859,-3.27115487907216,5653.724
4531926487183235840,280.9672002364528,21.85040432498692,16.234226,1.0580835,0.4175152924770367,3.2353628703805555,-5.882537558998732,5332.945
4531900305061608832,280.7365867315199,21.710097362744925,16.23478,1.0765524,0.5755581429915579,-0.5571552835964755,6.339806035434603,5168.254
4531936554586293248,280.9791850280075,21.9817969355011,16.237156,1.455739,0.1251180688384867,-3.000365232340741,-7.073240158692624,4821.199
4531931572424584832,280.8711606465206,21.968893164975036,16.237234,1.4149866,0.04476092983594735,-2.797594192287233,-3.9731582020045333,4966.813
4531944285527858432,280.73917898102155,22.026070906742685,16.238758,1.1359644,0.8165744285349652,0.09335826334072539,-12.5920201989458,5406.481
4531923635324936192,280.9550888085581,21.768323661975096,16.245375,1.3443727,1.0810158892495516,2.015161735980569,2.0725346972908127,4767.6846
4531900098903166208,280.7893219956133,21.699013373526995,16.249037,1.2681942,0.9939771304919062,-2.441137413037184,-0.19634551827240349,4819.4526
4531927346176698368,280.99424207440387,21.918225138647358,16.251692,0.96463585,0.3290663519495985,-1.4670593666531768,-4.628479277665275,5819.9854
4531926418463769984,280.93758880148255,21.84443071200438,16.25595,1.3992252,0.03229158797082798,-0.14677564489934358,-5.93782547596725,5780.0127
4531926006146872064,281.0423247575011,21.859604794434393,16.25642,0.9452028,0.30506191776046127,-0.44587976477407065,-4.0382581335745975,5889.4966
4531903294358849536,280.737831263211,21.72604457249282,16.256697,1.6705656,1.7842545566864665,-10.423423648498986,-4.213348365838809,4499.052
4531903912834146432,280.7632943833313,21.772135629428643,16.257233,1.1107969,0.44871826567221584,0.5638370581648309,-10.082674943823472,5230.782
4531173081203511552,280.99517225527484,21.755305994595396,16.258623,1.0927229,0.5169927141016939,1.2267370886691353,-9.596792476672679,5335.988
4531937447939522816,280.9508259056539,22.01336493974247,16.261633,0.98750305,0.49500080531727686,-4.606469765766782,-5.933031909101321,5214.191
4531172909404825344,280.9548838515738,21.732588679270023,16.263248,0.7812805,0.16931607990145753,-1.0379515074859673,-7.83654744209736,7006.116
4531923940258381568,280.9120885131048,21.78178281689907,16.266262,1.3623972,0.18792637390233727,-0.33692433237383546,-7.848914202909881,5150.1587
4531173012484040576,280.96336755648736,21.752140844430834,16.268822,1.0108442,0.42876453889340843,-7.018038849171351,-9.15694693708517,5663.4067
4531172600166585728,280.9350610573391,21.729754447181797,16.274786,1.0095282,0.3939753298191891,2.8341470669410915,-9.443757545415522,5638.5947
4531926212305306240,281.03158125099304,21.86754072395319,16.277895,1.1359186,0.6465980176643658,-3.3287548657244996,-2.605755499911031,5229.915
4531937688457714048,280.9160965105016,22.024430356801933,16.279003,1.0992632,0.26547300069643737,-2.6510398763330523,-6.045904921943469,5550.0425
4531929510845008640,280.80854630561305,21.921620382301068,16.279593,0.9388628,0.35905217054097743,-0.2574381530795258,-0.8945859182876947,6083.8066
4531904600028929024,280.7045341418366,21.787009213866966,16.282389,1.1504412,0.7432820043367191,-0.23719353191345438,-8.103159439066596,5175.881
4531927999011764096,280.86083469932663,21.82904663701056,16.28272,1.0707417,0.30138618316510246,0.8327224840830356,-4.471418508794359,5313.217
4531925009714515840,280.88133530554944,21.823081611495464,16.28324,1.3883886,0.18983255896997686,-1.897724352829551,-1.7197029007942533,4943.7554
4531903466157545984,280.72937126495657,21.739079466090903,16.291214,1.2691154,0.11147121553402399,-2.205381032175657,-7.2957514092513325,5151.6206
4531923978922342784,280.91893228781566,21.794790428724657,16.291262,1.1074305,0.571776010251551,-0.023329253223584256,-5.868101216962797,5310.5923
4531943941930449664,280.7706546327498,21.995493924037472,16.294872,1.1759958,0.7982938517342851,-1.795856475762313,-6.9810410879477365,4824.3525
4531930541632408960,280.9124380184814,21.944639531333504,16.299314,1.1115818,0.8654331846672576,5.207925721275487,-1.9018816231888267,5353.587
4531917210052998656,280.6905348806333,21.87014625282946,16.300446,0.9839039,0.5114137505624898,1.0614666607920296,-0.04132104018464485,5754.466
4531926555902720512,280.95135543313023,21.855635182092726,16.302835,1.0832739,0.3659619338587558,0.7677513384438577,1.427272723687766,5526.9316
4531931568121563904,280.88233216931616,21.971222475790814,16.303087,1.4100342,1.0410029113717951,-3.1160856264506416,5.485804601445607,4693.212
4531904565669193472,280.695894331069,21.78648434581579,16.304174,0.99850464,0.44191600068258274,-1.5920221074600458,-5.410982553454803,5343.3335
4531933359130581888,281.03342938712825,21.955841445343594,16.305067,1.0925169,-0.6673918957041033,-0.6257356922006065,-1.5705010698195256,5438.807
4531940952632636672,280.70451908390226,21.903352203760655,16.305685,1.4002028,0.24492665372146658,-0.24946966327823422,-3.498535906892823,4902.421
4531928922420948736,280.7488440112981,21.867485023778226,16.312574,1.1174393,0.4701094352855971,-4.289050294985734,-5.99396514606506,5315.1626
4531936451507067648,281.0048312034541,21.98139611522764,16.31645,1.0632696,0.561819728060317,-3.0995635120433933,-5.196066870621973,5484.1465
4531942670619574144,280.7035875148659,22.001437355608118,16.320518,1.2518988,0.9667466366894566,-8.058055596254354,-5.786955895213628,4882.1196
4531900614299248256,280.8094175093641,21.73989570252333,16.320595,2.029727,2.7061727959973045,3.4186698372066475,-20.384218000164438,3689.9353
4531933462209812864,281.02501778830674,21.971917715364306,16.320864,1.213459,0.7098147284965254,-1.7011606176632874,-8.548586095478115,5107.2246
4531174902269629440,281.05886174793585,21.80167407080973,16.322714,0.92778397,0.36075814867754524,0.30578135385803623,-0.5708602718380117,6377.109
4531949469545869440,280.9072600701597,22.04600453924837,16.32587,0.9689598,0.5011542704474635,3.491399496824983,-5.841841587098003,6049.2505
4531949473847987456,280.91254589897045,22.0417110646779,16.335606,1.0270004,0.4116598711119769,-5.268440530470738,-11.475716288449702,5500.839
4531923669684682496,280.93263274798613,21.757433187905995,16.339945,1.0641813,0.42828198950425317,0.4573653542799515,-7.820926516801006,5822.571
4531899480427859840,280.84456726354875,21.689557031316767,16.34126,1.4347448,0.05316502077918009,-0.9447742574259326,-3.064866437421485,4923.3667
4531933286108296576,280.9898626035805,21.942188201078718,16.345137,1.9366627,1.5164853258092892,2.8909922196209457,-2.0237308092652575,4249.6216
4531941983424798592,280.7023347483438,21.961984131259864,16.347864,1.4788389,0.07167351694101891,-2.8158371529543023,-5.923672668574616,4964.488
4531942430102070784,280.7420951708428,21.97348463593379,16.349012,1.0438547,0.32372085304571646,-4.087786071239845,-9.374073253337158,5545.4893
4531930232394736512,280.9607932451285,21.92473181934851,16.350899,1.2324562,0.3141445973511848,0.7810501923200373,-5.152656191778705,5040.1626
4531926212310084224,281.0387542427697,21.871417400421965,16.354069,1.0780907,0.3398926006475314,-7.8947794910116835,-8.186669507413232,5277.1357
4531949714366456576,280.88204833390347,22.050421916712835,16.354519,1.0410299,0.31483512121426555,-0.40048495411350044,-5.649163316049843,5334.4116
4531944010654622976,280.7618167742979,22.00582046195525,16.362244,1.0588236,0.4690905976305138,1.05187824246894,-0.6252146337595498,5405.6143
4531927586694382720,280.8407495395943,21.81357983382461,16.367012,1.0918417,0.6307977816735532,-0.4933475510003361,-8.211920696173369,5365.898
4531941532445510016,280.7377952956205,21.949589802727882,16.36783,1.0296593,0.36180059103387024,0.33581018055963957,-1.8081405881311738,5864.679
4531930919589543040,280.885916658568,21.94571519913143,16.369099,1.0469332,0.43064342956880675,3.299320612408327,-4.886858291621738,5615.719
4531923360446552192,280.88698004702934,21.744204984532878,16.371387,1.3622341,1.031024626341022,-8.982137970012015,-16.656726205200485,
4531931709863528576,280.9047369859281,21.997773432348744,16.373083,1.0422401,0.5554601112377334,-6.24270854706509,-13.456810334772904,5800.363
4531928956780676096,280.76549476288676,21.865409476945985,16.376596,1.0756874,0.5219169882596693,0.7326672350706409,-0.9037444651126312,5591.773
4531943117296711936,280.7905945371605,21.972325460483546,16.378279,1.3149319,0.13011396134948708,-4.355037291722792,-5.033654564625924,5583.871
4531937344860305024,280.9379104248691,21.999352789596482,16.380646,1.408411,0.06450290786338311,-1.3333853072488826,-3.5047270723183717,5062.436
4531917106973716224,280.685754268877,21.850527578591596,16.381027,1.3977098,0.12244981406856939,-2.7967874723289734,-6.833732978336908,5370.766
4531925593830037632,280.9529599258366,21.82123954535199,16.381973,1.0404387,0.2957746627687369,4.42786774050228,-2.766920520487338,5324.7656
4531930644711609344,280.9518135033855,21.960658638668537,16.387394,1.1838112,0.6022613668401741,-2.232400034974308,-6.504985308113794,5255.225
4531930679076095872,280.93335978208614,21.95820998786509,16.39526,1.0965309,0.900772307823873,7.446137956765997,-6.22560228217253,5363.9805
4531941330590308736,280.78734252866036,21.931923213813683,16.39597,1.183135,0.7986532986401275,0.29162749428139634,-2.2808794012525984,
4531904909266568320,280.7235003589668,21.7839031441702,16.398098,1.0871372,0.4997030196978315,-3.3783748039632107,-13.448857672980761,5448.388
4531923978922343808,280.9149681340788,21.795274880464518,16.399977,1.097784,0.6934728437566583,-9.749175762932868,-14.521829676729478,5242.0254
4531925903067657728,281.0287481926594,21.8450717345421,16.401459,1.0674915,0.644236903934394,-2.946053990586183,-4.722419076079939,5316.4873
4531937585378484736,280.96457266021434,22.038162833459854,16.401909,1.1036758,0.3129464049645437,-2.853193113774522,-3.548507823391259,5120.4194
4531923772763886720,280.9694529296786,21.779228389172715,16.411776,1.1221666,0.459341447910355,-1.5024737556829835,-7.300728036731446,5037.222
4531905081065266048,280.7540669020866,21.823380675057532,16.413525,1.0526285,0.4903172238388432,-0.2897870538545506,-4.520261715459649,5604.0596
4531917484930848384,280.6750862264598,21.885658348833864,16.415228,1.0351315,0.3201897166894855,-0.3722385610070997,-4.385123598153402,5705.8643
4531941914710291456,280.71595885807324,21.941702690524597,16.415264,1.0782299,0.4821393125558753,-2.9955433874498003,-4.526260014476603,5445.9243
4531929785718342912,280.91729973387015,21.891396427778268,16.423431,1.0982428,0.5260142229090474,-1.017132830370264,-3.3325530007141095,5296.849
4531899274269433472,280.8134410279984,21.678775909185436,16.424927,1.6442614,1.4504018467095576,-12.10459692805219,-7.2860807848974325,4346.8916
4531928480048122240,280.84617404615767,21.88935074190921,16.427149,1.404357,0.055704877621808785,-1.8817374479652638,-6.499340319944491,5186.8887
4531926899500095232,280.9806671964981,21.871035159652404,16.428238,0.9494009,0.27424706562924717,-1.6101837304889248,-0.08495714008620928,5817.296
4531904909266574720,280.71624431297886,21.796235915087845,16.432423,1.0434723,0.563442841802954,-5.790632648647195,-7.893798405913195,4975.538
4531903328718593664,280.7129541351894,21.730021137657374,16.434393,2.338955,4.170515943018492,1.0959959567649633,-2.9587348866662753,3660.0203
4531941261870277632,280.7620947187204,21.92253065944159,16.436838,1.1576643,0.2864768848543763,-1.1758795154675283,-3.14511236623582,
4531899858384989440,280.86446325231685,21.72990019093839,16.437574,0.8992958,0.3563230095416372,0.7011563549732268,-0.353070163217446,6412.2637
4531932190904376832,281.0490713255397,21.904702611426604,16.438044,1.1384296,0.6109254322733337,-0.49448744430017005,-10.427238405433041,5070.2627
4531929991876606336,280.8617681523838,21.89755712506909,16.44011,1.1415663,0.29170107730368333,-3.384018778870811,-6.329267462729809,5354.101
4531943495253812480,280.8623842326615,22.01517611454622,16.441189,1.3155432,0.3177605734353258,-1.9551367369215393,-7.944586761187585,5002.892
4531936279708368768,280.9930821328758,21.964267669738074,16.443914,1.2705402,0.1750673634486078,-0.7833761384848583,-4.108851284665883,5195.524
4531924352575233536,280.86622765844544,21.780711622037625,16.44418,0.94403744,0.3335067071037086,-4.545902986846571,-8.03182340123377,5953.3013
4531924185080275328,280.8696255019914,21.76148124428266,16.444292,2.5868149,5.085827011829852,-14.54723907728619,8.443415204569023,3569.9932
4531933324770855296,281.0027568144675,21.950450957818738,16.446358,0.66998863,0.11890726837999754,-2.830214627039777,-6.8696798016806335,7659.3765
4531944594765471872,280.8165668950995,22.056708963902196,16.448763,1.0255299,0.3941898407616832,2.24403945043214,-3.453066213911639,5557.2866
4531931400625882112,280.8955929875922,21.977148750859662,16.450247,1.1413622,0.5545520008961197,-1.7875585474358908,-6.617603555522908,5286.879
4531172497087367936,280.9386540542512,21.706996638598252,16.4523,0.7252884,0.014560592305361,-0.9858564994556669,-3.907226198900455,7327.7344
4531927724133342720,280.7866902796769,21.820897500047394,16.455687,1.1512871,0.6339043001625244,-1.0341624489227288,-2.4250778478752064,5111.6113
4531928136450720768,280.8695073431759,21.856387314638905,16.460327,1.3011436,0.8329916175969544,2.5161444120158456,12.117186190726356,4965.802
4531927655413863040,280.8162963553888,21.81829759623564,16.460669,0.93208885,0.44483341367869156,2.2136273457299676,4.24762598616273,5675.386
4531173081203510784,280.99806570517376,21.756819661759213,16.464043,2.1331396,2.2209373474427556,-1.4448745507786955,0.2633267861441948,4056.3103
4531926281024792448,281.01512547308766,21.889391106805398,16.466469,1.3072977,0.6471550045814839,4.03680782097218,-4.677906451932899,4696.3745
4531941914705314560,280.7205799645906,21.943685277313957,16.467592,1.1825991,0.5303953006158082,2.8896233708996655,0.9612595362264839,4966.783
4531925490750803584,281.0084213543248,21.84291952111961,16.467625,1.1421432,0.3513064583020986,-0.18825286644666045,-9.208098472454676,5117.3086
4531927277457233152,280.9621172331486,21.90861743145451,16.472408,1.3856611,0.208833238064403,-2.2615940899583005,-9.620663231273966,4959.7207
4531900476860298624,280.7765046140325,21.732598124834954,16.474596,1.1966782,0.722174168923038,-3.6995855982424106,-0.5654497440580264,5088.382
4531924391238708736,280.8753996677579,21.789556840462097,16.47628,2.3244715,3.285279957010214,-6.261462689077442,-6.074203625843936,3754.415
4531923497885505536,280.90623276571125,21.758271739638744,16.481745,1.00208,0.3657504686242123,0.11026711400651745,-7.749964195168928,5414.5986
4531899476124196736,280.84316411232146,21.684150998951612,16.486254,1.1189079,0.5706266135853544,-1.9035937765899953,-15.90242895066725,4819.431
4531936520226557056,280.96655094115897,21.97641041561933,16.486599,0.90510654,0.18379740983099646,-5.0192945705399366,-2.87943187697371,
4531941330595012736,280.7874720036674,21.93158719355461,16.48836,,0.7749621143377962,0.22367726530355836,-2.230459832987967,
4531930198035000832,280.94716136752123,21.913732563219455,16.489952,1.0771704,0.413978508635801,-1.5991928247604872,-5.763708351913915,5440.462
4531927655413863552,280.8234841473311,21.82989555286873,16.494913,1.2761631,0.30977430513249343,-2.4897031758985846,-1.9809750597348073,5213.6357
4531930816510340864,280.84902231291113,21.92781788512096,16.495827,1.0769577,0.5031500751119355,-2.335049638855502,-5.724037230455073,5380.183
4531941811626104192,280.6664207539253,21.924424293741954,16.496115,1.1877508,0.5586881010981941,-2.753858530046873,-7.26946227132511,5281.434
4531904118992580736,280.76059047553616,21.785427345575684,16.497528,1.3308706,0.11205398606540119,-3.866836263166255,-7.456594775865922,5337.854
4531925903067657600,281.0314556915668,21.847498239161688,16.498184,1.0017271,0.2735416889884667,-0.583834192788248,-7.289245187365488,5770.061
4531903775385471488,280.7162501024241,21.77361456123928,16.49831,1.3515377,0.3298975576683533,0.05603284239920983,-2.8980860913402453,4921.048
4531928823644979456,280.74807750275613,21.852274625694474,16.499681,0.98550224,0.4457418780251417,-0.0689820267366695,-0.1630041831806042,5183.7715
4531940677754722560,280.7322352018604,21.878872983757425,16.501137,1.0290613,0.3720989507813757,-5.517601311513502,-17.537705754908945,5624.8027
4531925387671583488,281.0087909578442,21.81550779502141,16.502438,0.98986626,0.38932528005938677,2.637536552801493,-2.4730807329711615,5492.755
4531931190164338432,280.8660130724818,21.955791506040878,16.511375,1.1642332,0.7968831624653792,-5.428382524890566,-2.5253413800948965,4633.8677
4531937551018744192,280.9534292437427,22.026338500193837,16.511715,1.0725164,0.39923801914912344,-3.7994488688502077,0.231400067151709,5507.0
4531929098522881280,280.8103852580255,21.867474985644904,16.513544,1.294899,0.26209735282463953,-7.535270589361019,-9.314953342537521,5227.114
4531941674187825792,280.75779073060505,21.968827634934275,16.515574,1.2246475,0.2239569239514234,0.1623031898905864,-3.277431837298226,5266.1387
4531928922420950656,280.7447699171174,21.867662084419788,16.515617,1.034996,0.3471352418031148,-1.1845622619552705,-1.8528614163802433,5828.289
4531944766564174080,280.7948388105406,22.05753000117149,16.518805,0.94806385,0.43361217608334757,-2.174643857383562,-6.524752769443462,5602.869
4531174386873557504,281.0326647903485,21.771933010726965,16.518904,1.11022,-0.42714973062815587,-2.038507509352241,2.2816190276405246,
4531904977986057728,280.71058360813254,21.808228684176687,16.52073,1.4690037,1.0078713888399429,-1.1951167788152597,0.17846260619363946,4657.6274
4531172428367892992,280.9063482580453,21.701557514307908,16.521273,0.9950838,0.4841915444586796,-1.6495761581145412,-8.368927264887942,5077.2734
4531930816510497024,280.84430673969484,21.92733893003954,16.521635,1.3695421,0.17080962075170722,-0.7370578080426993,-4.633417743349538,4932.478
4531942430102070400,280.74984462555227,21.97180730163943,16.52275,0.9981508,0.39310942686785016,-4.713738299505717,-13.299742696476894,5644.2407
4531944594765586816,280.8105282863361,22.05344458785172,16.523167,1.0444508,0.4488920657957774,-1.1696803587750806,-5.804197716355812,5526.91
4531174489952773888,281.0366073696618,21.78444527446257,16.523355,1.0805769,0.5133223006662406,-1.9491020713562566,-2.356186688916044,5226.6807
4531943701412253184,280.84212101005375,22.01720398355135,16.52414,1.1359358,0.580798993300507,-5.1324938463696235,-6.279085443982444,5126.734
4531928205170202880,280.86143078501834,21.862899346475757,16.525373,1.1456299,0.5119851160003043,-5.840818634599055,-7.242049457740736,5372.627
4531900713075038464,280.81512542646806,21.74288848320088,16.525688,1.4204531,1.0943514412600701,8.625670420421564,-22.760772784112856,4494.9365
4531905355943185664,280.73764651075965,21.84923176033487,16.530312,0.93238735,0.3274711841761651,0.8962291523223701,-9.241865153019006,6029.6987
4531944148088884992,280.7752581227068,22.02437684659931,16.533592,1.1802893,0.180588678039722,-0.5847558894305307,-4.102165664680615,
4531903603602700544,280.68979685911074,21.748318853973124,16.535955,2.8748817,5.020001645887612,6.264853323363613,10.80052526767904,
4531903569242925952,280.71560876809593,21.743511079433944,16.54038,1.1437674,0.318760251963847,-0.5928499664778802,-0.7144528274763957,5154.6646
4531926212305305472,281.03622705782794,21.87078891303604,16.540703,1.1048698,0.4540606155522086,-2.9037014470473554,-2.3455700690113046,5264.7163
4531899720946033792,280.83943783146975,21.703241716517603,16.54344,0.92357445,0.23522029256576926,-2.99978325380052,-7.268035689372432,5796.2944
4531931331906398720,280.9048233689579,21.96406651510402,16.54364,1.2872019,0.3114844860273888,-1.2906791439653973,-1.2271944690445193,5321.3286
4531923424862163712,280.8717697340467,21.753993431315468,16.544323,0.936697,0.44093606469141833,0.9737470819871574,0.3674501378644918,5636.824
4531930438553172224,280.9658107463682,21.955057179182504,16.547104,1.2204771,0.560847910033276,0.5681297198274601,-13.979900566720893,5142.9453
4531936760744741888,280.9823429815902,22.01630443694198,16.54802,1.0800266,0.3547204270190228,-4.437620930720712,2.0660062544603557,5742.5684
4531930816510496768,280.8533449820157,21.923467536833908,16.553255,1.0550098,0.31390284161961246,2.7474482457616376,-9.187231892137524,5683.555
4531928858004717440,280.7557877246477,21.85532512896637,16.556028,1.0487928,0.34096260871083195,-0.6566255923745623,-8.670531494529731,5533.921
4531929064163151872,280.7716313447985,21.893487636817255,16.556715,1.384222,0.056476949884739405,-3.9798194807004426,-6.059941505616573,5117.775
4531175314586494976,281.0632665293328,21.83668197280894,16.557486,1.0685272,0.5930689269629309,1.8621074493501162,-14.180082594770486,5335.024
4531944319887594240,280.74975057100704,22.036569807963893,16.557766,1.120223,0.6579686296027963,-1.2997795492388875,4.998498505170895,5244.391
4531899892744727680,280.8442999482339,21.714851778732942,16.558163,1.1265583,0.5452854487195936,2.527947153059669,-2.683469669927546,5161.6616
4531927036939041664,281.01153755903965,21.899023574035365,16.558662,1.0018692,0.2967199865833453,-2.865804259599558,-4.5277744439873535,5683.087
4531932981173439232,281.03485612981206,21.927379903278855,16.565779,1.0066948,0.4345262615754778,-2.9535572172840636,-6.496395500283196,5597.6885
4531904531309450624,280.7129964861708,21.78853124834531,16.566133,0.98087597,0.5232710156975764,-3.205938441475845,-6.474417571532721,5427.217
4531923051208900736,280.90162057315325,21.706728948443004,16.566982,1.2513485,0.7092736435014072,-1.8293999477674554,-7.285338162910371,4982.032
4531940918272897792,280.6933012172588,21.891661550374046,16.5696,1.1003275,0.2827222097121993,-4.492228763132202,-7.217440826809279,5653.15
4531904909266575360,280.72262579978354,21.8015122804032,16.570732,1.0077963,0.3922818554934397,-3.137617341736571,-11.336975702637783,5169.829
4531900133262902400,280.7955236811229,21.69928898342302,16.572248,1.0907612,0.34807226471657643,0.607549160522292,-7.912591124563321,5024.73
4531928102090990464,280.849923681466,21.852817620519627,16.573395,1.005126,0.38354413400812304,-5.496265120878771,-5.373135584031104,5539.2246
4531944422966806400,280.76110142219716,22.046100196415416,16.57597,1.1239538,0.42112947471547896,-0.9165756766427324,-5.934066859645286,5355.821
4531932122179947904,281.0574738052713,21.89533538074745,16.581827,1.0307894,0.322886383492892,-2.2430626398674534,-4.86060917022806,5409.566
4531928823644979584,280.7447099064448,21.850357797289966,16.58225,1.0495634,0.38900169744795676,0.7667919210055595,-7.473501685911075,5464.603
4531944113729138560,280.79139936705747,22.023654616747745,16.582512,1.0493832,,,,
4531924425598449024,280.83322120131925,21.77294329050539,16.583008,1.1192465,0.19263813055126347,-4.147063170185072,-9.958163259411563,5534.914
4531923223008077824,280.93460079634883,21.740793770520476,16.583662,1.2719431,0.18341225192840438,0.9206276688818157,2.6088110723738747,4919.1953
4531942704979889792,280.72716691352593,21.99077112113745,16.584356,1.413764,1.0199758403123316,4.794275249838817,-4.948120453728025,4520.663
4531900064543432704,280.7590902543315,21.69385384900109,16.5864,1.0128994,0.31666408199925916,-2.224369532580463,-8.995687813099677,5907.7637
4531931125748000384,280.828534674594,21.95556022550844,16.592737,1.0572023,0.3360541177885899,-4.114741925958434,-8.630085022487968,5566.673
4531916591577638272,280.65400737252816,21.81658685140403,16.59282,1.336134,0.12167856351872815,-1.4016150676848127,-6.55696751106171,5090.363
4531928617486548224,280.75237127297225,21.849684167253276,16.60077,1.1045446,0.3518523546195749,-3.143690444504841,-3.244974996599345,5055.4316
4531923154288118656,280.9039920699134,21.737364816128093,16.603006,1.2047806,0.15173219450549463,-5.248054086077564,-12.757074191547492,5418.322
4531904256431534592,280.7745318640063,21.799602390830685,16.603846,2.6023788,3.140888736954283,-5.142603919345394,1.5662345922801306,3519.8105
4531924769196338304,280.89044189484883,21.806555975875046,16.604284,1.3709135,0.10283464469759132,-1.3886774618157864,-4.228103131637958,5116.769
4531930915286364672,280.8829475498442,21.945435935979543,16.605381,1.324153,0.27308402408051313,-1.5103562161473474,-4.350867520349936,5143.084
4531174489952772992,281.04150740856824,21.789970989599336,16.616323,1.0848417,0.38985697945750275,0.17743771366483438,0.514336948462288,5382.2363
4531927002579310848,280.9901606855623,21.890523897368432,16.619116,1.0205898,0.3706504857323731,-0.18492762511114585,-5.38680151370154,5541.01
4531923532245244800,280.8961645438159,21.76199830059315,16.620005,1.024992,0.38106998120349855,1.5877735606260073,-10.237894494436208,5363.0557
4531926349744285056,280.9504409548546,21.832672763719525,16.62193,1.2014799,0.7934256627457861,0.7434281512163039,2.002166650680135,4901.945
4531904149049080320,280.729667736884,21.78358571387905,16.622368,1.2200775,0.6433955604565877,-2.0143244029705345,-8.905705495534706,5036.025
4531944319887592704,280.74827175997456,22.02810890540842,16.624498,1.229166,0.2767624382437395,-5.091801745417075,-5.791930395587384,5244.23
4531924253799754624,280.86106544831347,21.773312998129317,16.625557,1.2037516,0.6126928468415019,-7.313550860178365,-12.929753367142075,5004.1226
4531924494317928448,280.81450617690103,21.784822266982342,16.626503,1.5509624,0.8875101674120554,1.1686281607445643,-5.202409583908804,4252.791
4531923188647854464,280.92689009223625,21.73332011849277,16.626638,0.93105316,0.29224892973951744,-10.008408205761327,-6.680769050984084,5549.3965
4531936520226555904,280.962154066833,21.97099233125651,16.628445,1.2204447,0.5480693595394933,-6.396539476521993,-0.7802734600104033,4798.2114
4531926963915976064,280.96963247513816,21.88155790032025,16.63034,1.3973732,0.10300744113681197,-0.538434709688229,-7.225425373738309,4897.7134
4531933256051367808,281.012885109331,21.9427895990247,16.630604,1.0045395,0.4423580810014425,-4.297439747228031,-5.271024598107774,5625.8647
4531926452823507968,280.9457076283006,21.857965231456642,16.63714,1.1267004,0.1406435777334552,-4.0398815839731546,-7.133227984422868,5428.546
4531942357079325184,280.7152385273425,21.961829121926264,16.638037,1.1331797,0.5038301843345285,0.5881322199507982,-6.684222890140308,5196.234
4531929888797367680,280.92203169056876,21.916097287881925,16.640955,1.0453453,0.43297833343960374,-0.08239090674706145,-6.408265038957296,5540.4683
4531941777266361216,280.6876250375807,21.919686826601,16.643293,0.9954834,0.35890766618589864,-2.336867617645338,-5.96854379044858,5603.5303
4531943216073038208,280.7892628917448,21.993164859659032,16.644623,1.0241375,0.30231075695611775,-1.2364704868718523,2.018964420616113,5204.102
4531930541632408576,280.9099188977112,21.939311035888238,16.64521,1.1427622,0.5057422241573719,-3.055143804606214,-7.009993806164949,5003.1504
4531904462589981568,280.6773828537524,21.779790848655164,16.645826,1.0810413,0.5526187892302986,-3.9272148693800526,0.12436278212359775,5141.613
4531904565669193088,280.690072852447,21.781289213850307,16.647665,1.1342669,0.21833910129885395,-2.1260845089552722,-6.758327293704828,5355.474
4531941914705314816,280.71371121578653,21.9397703714123,16.650635,1.0515862,0.29404138276958475,-2.9405273603933813,-5.592878615367308,5659.5557
4531905115425010176,280.7318065495486,21.8190267392466,16.654129,1.0330753,0.38351554255798065,4.6083518372053005,-6.008691694432126,5508.055
4531173046843774080,280.98677593637746,21.74733772595155,16.654226,0.8988991,0.3487578131613139,-0.779459392739787,-2.5190264833029117,6107.214
4531937340557754496,280.94335776787443,21.98879745432791,16.657331,1.4436913,0.05882973938114303,-2.969313856713239,-5.040547874170672,4931.2812
4531926418463774208,280.930156144927,21.850104051892774,16.664402,1.1779995,0.6574297119234864,1.3261072894693102,7.169621745916688,5135.562
4531904496949710592,280.70201324939393,21.775918976193005,16.664902,1.2592278,0.6930247782727238,-1.0161784828336302,3.8989261666664126,5093.966
4531936279708371584,280.9903324124103,21.965745960865316,16.666452,1.2023916,0.3813107896358008,-2.712370077199474,-9.21649747183685,5014.391
4531941090071589888,280.7334889194741,21.922313150477137,16.666855,1.1075554,0.56956580541224,-1.5545366233975413,-8.420206312088363,5311.642
4531928033371499136,280.87524950322836,21.844404114902993,16.668987,1.6995945,1.3651571592988885,0.9583660816249997,-28.89456694455313,4445.925
4531925044074258944,280.86594809749266,21.816395550851087,16.66979,1.0782452,0.693653306999341,-0.699049587955927,0.40389735768488627,5319.883
4531927174378016256,280.9586754225965,21.897468397140777,16.672644,1.2689619,0.6175376272456543,-3.86004004026827,1.9969016976764984,5235.2095
4531926315384180864,281.03040801498014,21.90133919724432,16.675875,1.5033865,0.9060545441130016,-7.7001877659852935,-5.7023213161377555,4712.0786
4531927621054122112,280.84754826361734,21.824593368628115,16.67609,0.892437,0.22945303042560575,-1.871937315652275,-3.2378769070933524,6255.0776
4531928342608636032,280.81715570939843,21.866867190736915,16.680862,1.0202522,0.3476522948862499,-5.146945993371189,-3.307765064391003,5639.969
4531917278772414080,280.6578132279531,21.85284668651517,16.68301,1.1981659,0.6910402477425891,-3.5261177786561544,-1.6141416956885182,4906.398
4531930472912925056,280.92291698042675,21.937710808363075,16.684462,1.0845184,0.37604903592881284,-2.717135135499136,-3.6741926132005283,5587.118
4531932156539694720,281.0593386118381,21.908001617088953,16.685846,0.9613018,0.28372630845150243,0.285739493755751,-0.4446269741993574,5811.962
4531941708547452416,280.76361025996664,21.9712426182106,16.687134,1.2924309,0.11900655974694349,-3.203688005180007,-5.2912403196959055,5145.959
4531930060600807680,280.89999097400096,21.91696707710307,16.68731,1.5261469,0.058179001510972966,-2.9903881684813953,-7.100293441664795,4888.5376
4531941124431331456,280.7083681621273,21.92974681463044,16.687948,1.0075397,0.33811427423431395,-1.6430643672337788,-2.5839037665487026,5244.236
4531925967483468288,281.06098465816046,21.86644849138792,16.688612,1.0569515,0.3433218502325034,-0.5252458818018854,-6.329059671919448,5522.4185
4531941468028712448,280.7476535369321,21.936994271410107,16.688635,1.1283703,0.45780350194539954,1.4913772294077856,-0.4851825590971385,5110.4077
4531899480428006016,280.84700028676684,21.680931164033467,16.692581,1.0432739,0.26680924516776716,-1.651844966907996,-10.93616756750619,5400.0737
4531944113721120384,280.7913653981646,22.023816527939097,16.693619,1.0556726,-0.18465328761627509,-9.3987907254667,-4.333926328980839,
4531175348946066944,281.0735329802824,21.85525639888046,16.694492,1.199564,0.7054286503123391,-2.4213860028881506,-3.7979229038160875,4948.1055
4531930094955810304,280.90292292615277,21.92731061708291,16.696571,1.0725918,0.42367991560704377,-2.2394932240499625,-4.303737361451458,5512.535
4531936417147320576,281.0160142518026,21.97847224054636,16.698677,1.063715,0.47522500064982665,1.6120510649668813,-10.715791252739525,5342.782
4531175108428061696,281.05680076990706,21.809110537597455,16.699224,1.0570278,0.5097773615685988,9.057651010533096,-11.444809814733853,5447.216
4531944010649936384,280.75621945802504,22.00817447900277,16.699394,1.0128098,0.4075979206419026,3.179382583635872,0.6318238772270994,5587.4033
4531903599293088896,280.68995485555524,21.748407918948047,16.700087,2.8805075,4.9058787116069125,4.7607811924714545,11.66688524522835,
4531927999011243008,280.85604911486354,21.824811101922876,16.700346,1.1419334,0.359755066956256,0.9394846697550712,0.7865601052029304,5087.086
4531174902269630336,281.0622282793396,21.810151252519745,16.701164,1.4195824,0.9453291134643963,-2.706932351010287,-7.893197224826483,4619.3496
4531929991876602624,280.87315984284476,21.905592501724797,16.701654,1.2079926,0.7646333246333633,6.060159945650943,-8.299543380920156,5225.639
4531904290791277568,280.75599166394727,21.80666667983959,16.703325,1.1440372,0.7425678793280442,-0.6142224688141797,-6.264362138388045,5192.9375
4531943873210951552,280.8412223527578,22.045757948666484,16.703857,1.0643253,0.38991829264141314,0.21149971240588727,-2.33574820436551,5759.127
4531941605468226816,280.7747404027855,21.95469565320927,16.706928,1.4498243,0.12193646111233476,-1.7514275440604992,-5.841683140684578,4822.271
4531943254740363520,280.8063055749448,21.988191305081983,16.70722,0.8680515,0.7471317466097187,2.8168189375492094,1.4216727066304458,
4531924975354776448,280.8744592413176,21.80555237856076,16.707508,1.1351624,0.4451364228243704,-3.111347785919421,-2.078889033762329,4970.8394
4531917038254236288,280.68539877808286,21.837685464630884,16.7096,1.1166935,0.19378457719831305,-4.016979536507543,-6.02959388589633,5595.1567
4531923326086812032,280.88709068273687,21.732697298756328,16.711422,1.0308971,0.35923580106246616,-3.7048073237639367,-4.781297857144138,5049.0356
4531918339621825664,280.65964676225144,21.911338633860304,16.71157,1.5140638,0.8121995547471319,-1.018300963712465,-6.82771561361572,4432.1753
4531942223942972544,280.67106322493106,21.96494530383616,16.711674,0.9964771,0.32306241837990246,2.0281329140587427,-6.391398365876212,5817.5034
4531899617866812160,280.86890725102637,21.70349577545186,16.711851,1.3866234,0.24902834885688135,0.41889783064821384,-5.068664829864833,
4531949439493259520,280.89324220648444,22.039181264850015,16.711906,0.9322643,0.08705583767927791,1.9635316957036784,0.17218555231831384,
4531942052144278272,280.66199723746183,21.94735227021045,16.712818,1.2099876,0.43178547569215825,0.5856719549191023,-6.062135251280367,5604.3394
4531930919589540864,280.8876409818452,21.93966456398307,16.712954,0.9863033,0.19066089023794755,-1.1986708527342564,-3.5281769766494935,5944.849
4531926246664685568,281.0447446764378,21.882956144706476,16.713923,1.1602173,0.3659651835532324,-1.7505673592971176,-7.929092366124808,5241.3003
4531928376968913280,280.82899520092275,21.877720918192928,16.71585,1.0995693,0.297704019999318,-2.7600761803789164,-8.761987513030537,5521.891
4531928892364458240,280.7385920856487,21.86219403505357,16.724306,1.181387,0.7232771604139804,-6.712363801577217,-25.501577111467686,5092.7188
4531924528677667328,280.8315180103899,21.801178670118773,16.72447,1.0945663,0.6177664563412432,-7.008151238830858,-21.483173595729365,5385.5054
4531927621054120832,280.85225365859606,21.821581810368766,16.725458,1.311698,0.175373878449874,-0.38842951621072075,-2.6722411755856887,5505.4067
4531933221696550656,281.00549125776024,21.931075597582645,16.725649,1.0991764,0.5237190258971718,-2.683248271130968,-2.223901483156375,5217.541
4531942464461704192,280.752181603943,21.98051402097138,16.727467,0.9840069,0.34672114476889065,1.9386810454403256,-2.8616442308312386,5648.819
4531899514787598720,280.85510589266835,21.69788153486376,16.727571,1.5359688,1.0763145496376771,-5.530243928571187,3.1534047771359273,4599.4854
4531929167242361856,280.8031958135659,21.886456028387183,16.728277,1.1640415,0.6340953127695158,-3.8213254929417264,-10.583481100158103,5091.939
4531936378484960512,281.01529709726424,21.97287095371971,16.728453,1.1816425,0.283624271012281,-3.6316329012500277,-5.601591393702092,4959.244
4531928858004717312,280.76134038533957,21.8592686519634,16.729073,1.0322914,0.24501772384122153,-0.225767359213367,-0.6908594118527489,5527.314
4531174558673958656,281.0109948771593,21.767479847692126,16.732141,1.0377045,0.4658723408778617,1.6990814263982468,2.700607313057415,5033.352
4531172600167180544,280.94903582580173,21.73182223676416,16.73299,1.2306747,0.6604604118758801,2.324936466291394,-1.3442938438466125,4979.7925
4531929132883157504,280.8318818118278,21.883488376450764,16.73495,1.0754623,-0.012820656198239064,-4.7626046104232325,-7.787617720057599,6003.78
4531899755305774976,280.82078935736405,21.69911614563038,16.736572,1.5158539,0.020117651452298463,-1.512126018509119,-3.3818051842006294,4899.65
4531931434985607936,280.9216074214319,21.970146155179506,16.73667,0.97600555,0.30465204224876974,0.8931639155346139,-2.0688313578378636,5493.385
4531949710064111616,280.8729968892485,22.055364682426845,16.73786,1.0068798,0.45275538739032234,-0.5596893022998524,-8.45012986646633,5328.3477
4531944487383639936,280.81270173044646,22.0263889657473,16.741941,1.0957508,0.524192475671698,-4.824018826706229,-8.46378997081914,5071.476
4531924940995021056,280.9293382963437,21.834360662847097,16.748983,1.1946163,0.6379853615686764,-0.49487033671224967,-3.708869776791688,4902.515
4531940986992377088,280.6872486349561,21.909032483955134,16.751802,1.0996037,0.5773578169438812,-1.9298611125354073,-2.6866770895796157,5342.345
4531942498821548928,280.73176037527486,21.9809044171813,16.752285,1.4174871,0.6233688969188105,2.213415157463039,-8.893920096492996,4538.3228
4531944178146156160,280.78730195964664,22.033320782499683,16.753294,1.1714859,0.43775714275614835,-1.5510950875889358,-5.141003394721119,4756.6104
4531941433669655680,280.78854681022426,21.951421709363952,16.755505,1.7622204,1.3730682434416341,4.2482057992306945,8.270707557053418,4327.168
4531926006146871680,281.04367691187093,21.858332166381494,16.758913,1.3284969,0.9420306277078456,-3.800807350659563,-14.28544172231385,4229.4478
4531936692025253888,280.9998711309308,22.00924684349049,16.760033,1.0568314,0.4723605556960092,-7.908697606594548,-0.29350562490239224,5580.8154
4531926452823509632,280.93794645887846,21.852871712423514,16.762016,1.0423584,0.1791897410650049,-1.7753548862439672,-1.4816591076804326,5855.62
4531904290791277312,280.75159330446405,21.803170394358798,16.762472,1.149643,0.5111501217933664,-5.573021156665605,-6.0779962400268905,4817.884
4531940986992377600,280.686321935927,21.910379328796104,16.765028,1.0685978,0.277421493144922,-2.609584554765772,-6.673453495089493,5449.196
4531923085568640128,280.914232096232,21.726605857250178,16.765028,1.3260098,0.8405137905914737,-2.7486045193543793,-10.510532635023802,4762.6855
4531949645646690560,280.9108473190474,22.057543164003786,16.76626,0.956234,0.36136930128830186,2.3044846685515803,-2.1435114816900747,5981.747
4531923188647854976,280.9249153357086,21.73372955417842,16.766743,1.0312939,0.3815334435660228,-4.723849292572989,-6.11631053240918,5469.1978
4531926384104027520,280.94609389609724,21.842951396873946,16.768713,1.0721092,0.4253138491267664,-7.188788755203464,-9.452918511303027,5371.533
4531929270322113664,280.8394093548129,21.909171261665225,16.770422,1.1347466,0.26909347675110157,-4.301804748465426,-0.811863382972154,5396.011
4531949439480487552,280.893028204163,22.039426140677858,16.772211,0.8569937,0.17232105130576106,0.8465560995536474,-11.85852524240807,
4531928342608634880,280.82013249206256,21.860062866216275,16.773443,,1.2503983969293258,-1.3419718847563058,-5.311826165444446,
4531172187849720576,280.94529900635666,21.68866727513382,16.77424,1.2204132,0.8261931332273621,-2.9532336890948483,4.121640577451825,4963.504
4531937722817459456,280.9133371612643,22.032789962272943,16.777061,1.0376015,0.2438051979474356,-2.616399386510328,-6.92834629787236,5686.152
4531904668748412544,280.6767465613817,21.784038308342396,16.777308,1.379179,0.27784999312836894,-0.2180411550967769,-3.3892717483631145,4794.42
4531927483615168768,280.8196501767326,21.804257282388903,16.78008,1.1321716,0.4357519246021274,-5.178235591082348,4.06192934203498,4977.9287
4531930606048764032,280.936455307654,21.953639252918784,16.781097,1.0119209,0.28550493241244296,-3.5984398283734986,-6.9498877597388535,5702.0127
4531928583126804224,280.78593969297515,21.842229435248118,16.781311,0.9781418,0.2754636926064602,-2.7834589480105176,-4.174940480114369,5705.385
4531929025500285952,280.76431242696856,21.88540767279042,16.781918,1.0230503,0.3683230616326398,-0.8927587721270678,-2.140728271033338,5367.577
4531903599293089024,280.68926983198315,21.750209852819445,16.782,0.9795723,0.22705729238254113,-2.2811372175595444,-7.022239862857185,5707.324
4531941605468229248,280.76986111076985,21.95486183613155,16.785341,1.0130138,0.4000707246338284,-0.8151555627086063,-6.894451620728349,5471.0474
4531923699740175360,280.93820394434374,21.771665360789726,16.78594,0.99931335,0.3626414583517474,-2.2543910217947056,-7.3082886367534785,5906.4146
4531174352513820032,281.02303332464186,21.759086389534016,16.787088,1.1570549,0.05833150496293535,-1.7943127741542912,-5.569290155386497,5326.6978
4531926006146871040,281.05067300531334,21.864453996764876,16.788559,0.84508324,0.3295003739764755,-3.9188545382629925,-1.400129833275943,6622.632
4531925662549500800,280.9890949885282,21.83657040867557,16.789057,0.9101486,0.3387500003944211,-0.9427461847623879,-4.265150208891752,6081.0884
4531928239529938688,280.8762848240063,21.880632952719882,16.793188,1.381855,0.7645073852357538,-3.5448527627692634,-8.466471862638443,4933.3555
4531942017784537600,280.652697570723,21.927558381812997,16.793222,1.0090275,0.3444996478778533,1.1518793006604326,0.5655877337084441,5456.428
4531905424662666112,280.7200593356725,21.852947483768006,16.793478,1.1538963,0.4998998498612079,-3.480507668558119,-5.259154405782591,4758.1826
4531924215136168832,280.8463466174031,21.759567301405287,16.793589,1.0240612,0.28976647607763184,-0.9133613653433408,-5.687854628835571,5534.6284
4531928514407861248,280.8508586457127,21.89960168152795,16.794256,1.2387371,0.6778424711224366,1.8700769474708943,-4.84573844418762,4892.688
4531942327022759936,280.73093528871,21.96807941244181,16.794634,1.2871857,1.05573841703563,-2.2815630386167056,-3.6233417299284394,4722.111
4531148891946817536,280.90928654878826,21.6781759607426,16.79522,0.924345,0.3081425913398935,0.7973861944378023,-2.2284808158584886,5896.1543
4531931812942909312,280.9024728682989,22.012522226855783,16.79541,1.0455399,0.4092368736994354,1.1647047801964114,-5.8589907157058265,5475.8013
4531928544463622144,280.7716359976786,21.833482293521215,16.79599,1.7492018,0.4376355487244413,6.302593835163136,-4.289436214394437,
4531942704979307520,280.71734186172716,21.989228526374443,16.79931,1.5033455,0.9450473326374583,-0.7545895172104271,-0.9698251466681351,4726.2188
4531174623086882688,280.9931459140482,21.78143135736369,16.804148,1.069582,0.3273392343413047,1.2363222775550922,-5.308773959644731,5422.4756
4531928097787181184,280.85817637523513,21.858380356541694,16.80438,0.97029495,0.17152417698197986,-4.657069845182087,-4.0714215368044995,5806.716
4531941708547450624,280.7694020937816,21.97549124946073,16.805132,1.1395149,0.4875125060208735,-2.2121482408014073,0.27656751905742255,4807.891
4531927586694383232,280.8353871900932,21.813826909149775,16.808245,1.1773701,0.3987086519214857,1.5627784112979275,-11.755214152062564,4958.153
4531917519290588544,280.67473317261596,21.898101989304042,16.808685,1.1590405,0.35657575069258807,-2.71847823095596,-7.724267700952975,5100.072
4531940746474202368,280.72572728474097,21.897912911457713,16.809607,1.0834961,0.466546675173941,-2.3379339191277806,-14.185785489759057,5201.7397
4531924219440017152,280.8400762510719,21.76602681966263,16.81136,1.1200371,0.5004214807611954,-0.4175344622466217,-8.15856876719162,4803.5747
4531936588946350080,280.9541973261045,21.977492049283775,16.812008,1.0696316,0.37284404667382026,-2.30542047726401,-7.659926714038304,5570.433
4531941330590305536,280.79562408496594,21.930383491895316,16.813145,1.5057545,1.0896206118746659,8.135433746501851,5.394247133778713,4598.205
4531927105658526848,280.99338339942835,21.900040608282453,16.81329,1.1071053,0.4881161397971001,-1.462895992855323,1.6070029042736618,4889.152
4531925456391068544,280.98986441186054,21.823979539248004,16.81433,1.3256912,0.1176209315734819,-2.42533417147681,-3.895858869579791,5164.882
4531172458423209984,280.92275580468055,21.715334892732148,16.815184,0.9735031,0.2545947532579354,-2.732471690614217,-2.9831376573453996,5150.0625
4531175314586496768,281.05972219093826,21.836828669905163,16.817722,1.2209167,0.24361886624264537,-2.1625389172092504,-6.141234978132587,4942.152
4531944388607062784,280.7717366564081,22.0464921648426,16.818422,0.95363617,0.2201420013273693,-2.6371387148263636,-2.5455202033819155,5786.3975
4531933187331883392,281.04341482738414,21.954753125422126,16.822552,1.4282608,0.09307784702952247,-2.8548617497842304,-6.883216503724636,5007.481
4531928376968906240,280.83756761301805,21.87086003530922,16.822697,1.0649796,0.3058461919802145,-3.7450546259386526,-6.484573244540165,5552.612
4531900786097942784,280.7853547820058,21.733179437335057,16.824202,1.0649433,0.5227619576638923,-15.415194805347781,-12.672837933041798,5410.9497
4531926693341693952,280.91261157721254,21.870038787925086,16.824476,1.1119518,0.5337299184340105,3.142300147418307,6.156413476949256,5395.7
4531943220375937792,280.784336107085,21.999624984429655,16.824883,1.1344776,0.2763147169117896,-6.344900708897537,-4.227260949467497,5572.641
4531173012484040192,280.9677233394609,21.753600043932636,16.825382,1.4506035,0.10293573172717163,-3.0278345594289844,-5.529905409295073,5030.0566
4531926865140375936,280.9480992774258,21.89740774470331,16.825413,1.450593,0.6022980858899524,-6.212890057760055,-14.912582703276577,4199.3477
4531943976290185344,280.7830122786383,22.00885646974009,16.825657,0.99923706,0.3692094190763136,-0.5025605418321379,-7.8647326193051,5532.663
4531924150720538752,280.85325713143015,21.76117633800758,16.829306,1.4709568,0.05351105772930365,-3.358220137919938,-5.68125647870427,4912.686
4531943735771998848,280.82843826400057,22.024900682569417,16.830114,1.3563137,0.7703179613518826,6.153818863244422,-4.024847188276077,4771.7485
4531172462727631488,280.9185641804453,21.712997115250822,16.832073,1.0583935,0.3634808779843463,-2.2340722232043904,-5.72759869123447,5452.281
4531903500517284992,280.7394684633597,21.748790650307075,16.833166,1.1947517,0.194365130678725,-2.724916755842301,-10.034279992150134,4920.243
4531924150720537472,280.8506302114304,21.752814911468864,16.83527,1.1354103,0.5109911848290228,-10.947273992045368,-7.586264815662348,5254.763
4531931297546665728,280.8880291646753,21.953401063212546,16.835728,1.0911484,0.4194861550195019,-3.9701490063277105,-3.126302039954851,5423.9434
4531943048577226240,280.8203478047796,21.985471420058772,16.838972,1.0607548,0.3045328809392827,-2.8034848551271194,-6.91483105344113,5510.7285
4531941330590307072,280.79170949765944,21.926911913650464,16.839489,1.0957737,0.44699618725261053,-2.5687954338797634,-9.53058624725321,5293.361
4531944285527858048,280.7375459483365,22.021588878139823,16.840479,1.013834,0.3037048364477842,-0.7287149253065424,-7.164791827975334,5605.5547
4531904771827627904,280.6862424702299,21.792070032451868,16.843,1.338932,0.822181199444944,-6.95941951308565,-1.6439378470697403,4668.025
4531926212305308544,281.0272334189074,21.871765372153774,16.84681,1.0042324,0.31057761350294927,4.72261085698224,-7.051262767389196,5532.1436
4531941983424797824,280.70117211673715,21.957590044252253,16.850641,1.0991192,0.21664500611558857,-3.46117776578809,-2.237003298309239,5511.2915
4531928303945692032,280.84144336960037,21.87158871732327,16.852308,1.1098099,0.27634870095645087,-3.9471520258305355,-4.108887457023155,5332.8716
4531941635524850432,280.78530930849524,21.96513912432252,16.852562,1.2901039,0.1646780237676204,-4.11984127092402,-7.563241963343683,5099.9707
4531903775395199104,280.71979143899006,21.766193241612502,16.85504,1.0919342,0.3172470056441595,-3.1499329109852523,-3.757768732993681,5060.5796
4531899755305777792,280.8191207591057,21.706394656656638,16.85912,0.99131393,0.3819436629882601,5.185149330089601,3.3285951999090733,5447.1113
4531942739339632896,280.72705348261115,22.00752839869353,16.859573,0.9351864,0.4454301550040783,-8.49293204088759,-14.05949537398546,5847.801
4531941979122169344,280.69736311681817,21.957861500063455,16.863468,1.371561,0.7895543242162666,-0.12135361686031201,-2.8203976921109297,4731.078
4531943048577226112,280.8228299343026,21.99007501289641,16.86668,2.1603498,2.1360039432280384,-26.631998370664107,-13.866426821295052,4160.3413
4531941364950048384,280.79162267520195,21.94310824822399,16.867435,1.194149,0.5813102873849062,3.742783395874738,-5.7887704202202235,5073.6455
4531943319152283264,280.80086197819304,21.996955778742127,16.869133,1.2820396,0.6539925715603422,1.5806426673549403,-11.305575812255947,4864.6787
4531937585378482048,280.96748136235163,22.03523866402991,16.869408,1.3537674,0.16108333601125455,-1.739233129428003,-4.391969564806885,5018.202
4531923910202859520,280.927470254165,21.77968900736917,16.870518,1.2606583,0.5986924064593386,-2.3085782566649558,-6.233609479011145,4821.032
4531916900815290496,280.6478693692401,21.842053237790722,16.871225,0.97094154,0.3177803685354731,0.30066989332065747,-1.244307155893504,5190.2754
4531925009714513792,280.886533774969,21.821443591817882,16.873146,0.9960861,0.2834767405353288,-1.883379106917469,-2.321735228842359,5674.9844
4531943838851203584,280.86128042230365,22.041717489767333,16.87432,1.3508434,0.6841603579544867,-7.838881886421231,-9.911194721457324,4773.9443
4531927208729603328,280.97675608172904,21.90150825073951,16.87513,1.3845253,0.31919371339844915,-4.493313590949764,-6.510484598502099,
4531924494317927680,280.82832861270134,21.78565282267796,16.877714,1.3363495,0.36239458610805164,-1.5192023888189674,0.7830063576538314,4911.459
4531918275204888960,280.6665880818934,21.894987238096558,16.879381,1.361845,0.10549904386431395,0.4890600167261908,-4.838159786522444,5099.103
4531917141333454336,280.698481611667,21.858937776806172,16.88482,1.0543919,0.1735597732676859,-0.06431250958689336,-2.803366107623074,5167.1816
4531929442120274560,280.7765147220063,21.90133251049588,16.885399,1.0323887,0.44485033679677644,-2.8868825294974902,-2.95708259480901,5404.4067
4531926693341693568,280.90764813822176,21.85859055154081,16.88654,1.0989132,0.3070329907854502,-2.5155399880103304,-1.8745411688597595,5478.709
4531924803560827520,280.8963505591978,21.80695616328404,16.886723,1.4034367,-0.14213587306956224,-3.2354893292303792,-5.496264400557424,5135.4575
4531925903072438144,281.0374945939586,21.8531490992038,16.889542,1.2289448,0.45763439817506685,-0.11920066786047634,-14.525713349578563,4791.4204
4531933324770854144,281.0079993287224,21.952541463065035,16.889942,1.04245,0.4184914177633976,-1.7598577902058414,2.942843626978716,5682.6816
4531173115563255168,280.9737398836226,21.763410428874497,16.893778,1.1229191,0.29387338805221963,-0.2144264805179034,-1.854311965806109,5259.0547
4531943529613542784,280.881795415071,22.01762696048687,16.895802,1.3494778,0.09064669507666587,0.2776104955525739,-6.02831083928922,4728.552
4531930850870077056,280.855857009189,21.933067221050496,16.896137,0.97538185,0.3173570133819533,-2.281541278703778,-5.890997787403998,5755.7485
4531931916021511936,281.05894479318334,21.884965197086057,16.896908,1.0552673,0.11044943280588802,-0.43013586059483966,-9.409193836152815,5554.52
4531905046705526656,280.74923533762086,21.81576764787787,16.897324,1.1030331,0.5636415288414725,0.0810492214976668,-6.180275624035545,5339.214
4531903809754925952,280.7686021784045,21.75325227944053,16.897408,0.99743843,0.39591753086229375,-0.15516231839058683,-5.387027123835708,5712.625
4531925044074259072,280.86642823477433,21.817640367762944,16.897995,1.1072693,0.43979753741055394,0.6304633422327219,-5.610140033892206,5181.695
4531927140018264448,281.0017397804431,21.91250312132139,16.898867,1.3068981,0.13911068541615718,-1.6226982091527808,-1.6691214714851113,4978.489
4531925765628718080,280.9926094179804,21.84982906128148,16.899488,1.047205,0.2615851296730614,-1.5908841558031612,-3.603439269869267,5471.27
4531930640408591232,280.95628213357577,21.9648461789891,16.901615,1.059288,0.3932884402773862,-4.959031788198098,-4.612242575586882,5311.2163
4531925933123680896,281.05645968314315,21.85933619724479,16.903494,1.0515175,0.45849878899559243,-5.529662249539731,-6.934855666235134,5327.485
4531925490750801664,281.0064383909277,21.829522729821576,16.906467,1.3530483,0.704714737911917,1.971058370508521,1.5671230979413644,4594.1255
4531926281024791168,281.0178261211017,21.888622659229693,16.907352,1.0472546,0.3839886366550555,-6.046317694877881,-1.4914772858638883,5392.386
4531931297551393152,280.9002079039189,21.95570713051844,16.90761,1.048069,0.3914642804901761,1.1748199436371178,-2.4644611860260435,5191.8687
4531936314059625088,280.9778528364131,21.97140585708582,16.909515,1.819891,1.3003493349342006,-9.224960636941507,-6.338942062048839,3738.2107
4531937516658990848,280.98495883384663,22.025247589193107,16.911459,1.2709732,0.2403479719179993,-1.6862872547169256,-4.866812082196366,5313.246
4531924356878970496,280.8681053461952,21.784223910847555,16.912867,1.2139359,0.18615638541433688,-0.5019810135557474,-7.720580507114212,4862.153
4531174283794340736,281.03072753711234,21.759939426913867,16.914232,1.0918446,-0.43804860482485963,-3.288934695714373,-9.61640470068745,5057.241
4531928273889688192,280.83914240844405,21.856316933441704,16.917437,1.0193195,0.36650197888416786,-3.9777900182423056,5.00856501162658,5418.2295
4531937619738526080,280.91611416072533,22.012346866285643,16.91964,0.8917446,0.14868388898993898,-2.7626779149051868,-1.6298197399467074,6360.421
4531899995823950720,280.7750121625863,21.687679002552912,16.923965,1.1877842,0.24991579112039372,-12.085886255087,-9.969139253910118,5314.827
4531931434985609216,280.92437551421955,21.979759248507776,16.92512,1.3123989,0.24571120077937858,-2.316622230717628,-4.651510686783757,5769.0728
4531172561502468608,280.93003961408044,21.731581621216126,16.925282,0.94254494,0.2920344630737946,-0.4896227857765887,-5.249128057528598,5505.594
4531923119928379520,280.88812944426985,21.713603207093875,16.92647,1.4102669,0.9465009791369428,7.691813555304318,5.388487070815487,4625.257
4531900854817422208,280.775605974653,21.73624502821797,16.926794,1.3272076,0.17167336436924344,-2.423440906594849,-8.344373997041936,5053.842
4531943563973282176,280.8835021771975,22.025530394874664,16.928629,1.2190285,0.6631414241262854,-11.012141054752927,-8.099909477760823,5176.614
4531943220367913728,280.78482978743403,21.994825074046762,16.929146,1.3872995,5.273341278412495,-26.48854307506824,-45.43643879676176,
4531937752874998912,280.9398457957637,22.035143754932786,16.930315,1.0577087,0.19306814175433848,-2.4778730682239094,-5.500493591270492,5406.876
4531931052725305472,280.84956102102365,21.94784010036082,16.932005,1.8620186,1.4838323078329902,-16.087869367823924,-12.16516462740309,4347.5146
4531929476480564480,280.7954564040663,21.913728168458253,16.933216,0.9296856,0.303291637555782,-6.864467589686644,-21.34904143595079,5944.9014
4531933187331880192,281.0465256737109,21.952343951684888,16.933447,1.4038811,0.1263136988556148,-3.8606641646325364,-2.4410986527970824,4925.3345
4531905321583446528,280.72117820754505,21.83452184633166,16.934534,0.9538059,0.38578808860809116,0.35580837002838195,-10.651475497813376,5420.083
4531941944764319616,280.6899195542536,21.939323354351455,16.934767,1.3294144,0.05611761594956635,-2.5099137874372865,-5.457572190865891,
4531927449255430912,280.80203509969596,21.79525533334569,16.934807,1.0260658,0.2654650306030619,-6.66117632355924,-2.1920456125105017,5510.765
4531174726166135424,281.0315582353444,21.802267939328964,16.940504,1.0500107,0.2441249822389106,-1.497711745505912,-4.195961707927069,5430.641
4531923291727073920,280.9106397830909,21.75329050200872,16.9451,1.5641556,0.2144367293647514,-2.0052184079128503,-5.559154143797362,4757.2427
4531933393495245568,281.0335658469739,21.96115339021633,16.945513,1.1726761,0.005116667043079445,-2.1119780836649347,-4.6727865744733235,
4531926452823507072,280.9445575030632,21.853759519420567,16.945932,1.0635719,0.38126048504082716,-1.9056949637488874,-5.308397891267523,5359.521
4531904874906851328,280.674187229807,21.816261067642998,16.949898,1.1502323,0.1314818729428435,-3.0336512254665053,-3.9843214650925356,5434.065
4531927548031069312,280.8040119929585,21.812108628984817,16.951351,1.1259441,0.28897652773650406,-1.2761160862222047,-5.167222767807833,5013.582
4531929201602644480,280.8128461789024,21.89452379026212,16.951761,1.2555599,0.9949051864887845,2.141132970776366,1.5601966690701592,5060.4185
4531944491686255616,280.8088935585771,22.039672776083933,16.955463,1.0569553,0.2564797618310396,-2.089151465144007,-5.190739845968608,5362.3936
4531931469345348736,280.9239044570214,21.98313293819722,16.956633,1.0162792,0.3456889042554514,0.555366738032198,1.494941241575673,5384.5356
4531931606784319744,280.8857334886157,21.983027048173746,16.95681,1.2911415,0.5402115109843597,0.07661485223917011,-2.8981175297624397,4824.013
4531929545200031488,280.81971938709427,21.916926831729622,16.958458,1.0048656,0.3346541519773206,-2.806502367086304,-6.680789030621442,5598.2725
4531903363078330240,280.7212257898988,21.73069832169765,16.95887,1.021658,0.2643555117232488,-0.07703623267064516,-4.628933726942881,5421.166
4531930919589539200,280.8904318778693,21.940413955517126,16.959873,1.3313427,0.8717738490921126,-6.140476764837673,3.93807227421446,4650.805
4531927243097495808,280.95333931680045,21.8975488334205,16.960115,0.9469738,0.442086658974722,-2.3181212836203455,-9.069204831656611,5542.23
4531899446058232960,280.8577918182361,21.685521777878396,16.960394,1.3475885,0.9291069677676171,0.5800268461889245,-5.046870716716568,4638.4565
4531905012345792768,280.7248598150825,21.808587542278,16.962658,1.1335068,0.5299791637841653,-3.9421240086490634,-10.343226586156291,5097.631
4531929613919515392,280.80954504876826,21.93223920547729,16.966208,1.4105129,0.16655374763030048,-3.567051740019178,-3.00636880330543,4786.6772
4531936245348625920,280.986769405682,21.951659800074385,16.967232,1.0721321,0.2745641972299429,-2.9906646118440072,-8.447534831771327,5411.511
4531925456391063552,281.0009638089479,21.819489348694155,16.967436,1.1028004,0.48914532126413635,-1.7847760063514138,-0.22067009298704776,5153.0063
4531937138701865728,280.99035660040744,22.02465065034275,16.969393,1.2226257,0.5422262620788129,-3.4416474160722745,-5.442022211934117,4968.7983
4531923532245245440,280.8929514960341,21.765523838622457,16.976286,1.2445602,0.13581120628774074,-2.626266260723763,0.11004168318169597,5840.9927
4531930472912921728,280.92727965869454,21.93415909650266,16.977106,2.0227137,1.7526847272694337,0.6846470831386136,-7.990129455443285,4171.898
4531940815193677312,280.7554615743963,21.907640932656065,16.97818,1.0856228,0.21347191288050182,-6.968412376601704,-8.12362688152476,5073.4785
4531940918272896384,280.7005242387962,21.887489306695336,16.97871,0.95547485,0.3650976749590253,1.2639453392000484,-2.3561648745558808,5543.4624
4531905424662665088,280.72925747082047,21.855928639493598,16.978996,1.2831573,0.6213181757308152,0.11611204912997303,-7.0484719203457145,4792.6934
4531930713431093504,280.9414181281242,21.97198434370481,16.980597,1.0316277,0.6116234008241714,-3.284023729735583,3.13470150180724,5324.248
4531899858384986880,280.86618269671885,21.721857596480056,16.982439,1.0453968,0.37281271539179367,-4.5641959987975165,-11.300979982861225,5453.5293
4531928789285239040,280.794158242769,21.874509072586193,16.98257,1.0469398,0.26511443026961146,-3.197221851566563,-7.0174336260146415,5429.6367
4531174382568696704,281.0342058358314,21.773213737665515,16.98597,1.2346935,0.6988725233630271,-4.333860553811981,0.07122606826051764,4909.879
4531923154288118528,280.8964821066149,21.730414393725155,16.986471,1.1002197,0.2706138155607577,-2.8885371042321832,-9.00705198585858,5983.685
4531928956780728704,280.75692888708653,21.87366296799033,16.989754,2.2401686,2.332891243955567,-11.368623794541275,-14.211811905172159,3743.0283
4531936314068110080,280.9768029209949,21.955932617966802,16.991144,1.2758942,0.5758339087696529,2.1490507360335314,-10.936111612890759,4916.93
4531172840685339264,280.99769718255607,21.741023117415235,16.992119,1.067543,0.22755460576512226,-3.127569107591978,-5.3075768656600655,5431.0615
4531941914705315200,280.716247897137,21.942979325885357,16.992636,1.1757984,0.19855387781425454,-4.555477606567704,-3.029335019451637,
4531148956362109568,280.89049384264985,21.693826836994486,16.994509,0.98981285,0.3046387837357892,-2.956897253038994,-7.148572637180881,5559.609
4531929201602644992,280.80955835028607,21.889991664125876,16.994637,0.9970665,0.3332139015715122,2.407334691288198,-2.253437937509303,5590.438
4531941364950042624,280.8039269305422,21.94031785614015,16.994926,1.2363892,0.44312809006252235,-10.16231639142804,-2.1161260604067653,
4531903530573540864,280.70336803850984,21.735355119312302,16.996449,1.3135223,0.31736765057105104,-2.0174048996833487,-3.920029740948884,4962.447
4531900751738199936,280.83003415725295,21.746031293844666,16.996666,1.089283,0.3076610558504244,-1.8954087832692557,-7.638068457374419,5208.206
4531900786097944064,280.7870414582081,21.740788948248454,16.997665,1.0308266,0.20656432206321904,-1.7465195332717671,-9.151332848530718,5386.623
4531933114309571456,281.05606659135884,21.941166457556168,16.998919,1.3816833,0.08565070378057778,-1.7317789756913193,-4.126615975252855,5001.9805
