source_id,ra,dec,g,bp_rp,parallax,pmra,pmdec,teff_gspphot
5430192783733869056,142.2809094565063,-37.52371877619339,9.672044,0.94357777,1.0458985027306784,-12.392968444706666,-14.311978073163576,
5430196769465631360,142.1822634989231,-37.45296136450999,10.144921,0.62482834,5.013087709254264,-19.964318438000202,8.908823668815224,6380.4463
5430207214823515008,142.08340492948884,-37.44203691760732,10.269012,1.1934795,1.130416895247415,-2.6753799977956323,-2.9333072476573596,4871.737
5436148288467391104,142.4675439030348,-37.61695304146594,10.4437275,0.35549545,1.858193712517184,-8.069106426875468,3.540460152024038,7600.9517
5430197078703272960,142.1591240170987,-37.421979547667675,10.588881,1.7109919,0.44120951810624726,-4.568279434213076,2.486702717756494,
5430209207690912768,142.1600916016521,-37.39438471451238,10.645959,1.4330997,0.6640099880052649,-1.507694618243598,3.825646774790885,
5436149040079229056,142.4905929961774,-37.55911532012553,10.672756,1.3918552,1.0958168754981206,6.9332207679809,0.7404413706547406,4699.093
5436214774559087360,142.25867943220643,-37.289379825941914,10.783216,2.9567566,0.28831104256167617,-4.972211724513927,0.8238156449543871,
5436198041367211136,142.2963083109987,-37.45021632289235,10.819735,1.088069,1.837997434292263,14.686915717603412,-11.43790051953889,5767.429
5430209276407777536,142.1519882857251,-37.390976112239166,11.077178,1.4873362,0.7682145513779826,9.563772616011777,-12.385655578432251,
5436197010575031424,142.37607263073252,-37.481823104070095,11.190416,1.5819321,0.47446206760009624,-1.8234172726940123,-0.2278809066107808,
5436202508132510720,142.25695242181718,-37.3423752190973,11.561571,0.69958115,1.1715518714774902,-3.5857327618240653,7.394381979427513,
5436201065023512576,142.28102108469645,-37.42283808516771,11.57685,1.3497648,0.7488714028029849,-4.085807765464834,5.003573839322101,4882.562
5436197010575026560,142.38612141442755,-37.48565025679517,11.743275,1.3964481,0.42304988471525257,-6.982396431120927,5.4710225651822855,
5430196735103283200,142.19318602093438,-37.45039606128112,11.777397,1.148387,1.319518347710407,-9.264589936896572,5.4641735697486205,4838.577
5436214499681204480,142.20222468550566,-37.308291121992,11.970683,1.2654514,0.6021476907103032,-4.14160421024847,-9.08669877907154,
5436197384231107200,142.44870692734312,-37.43821385990361,11.973671,0.6360483,1.9133822953349107,-14.76119081522738,10.565236724922153,6335.1353
5430196421567154944,142.249494316367,-37.446995052046276,11.974469,3.4058971,0.3330551343660122,-5.574951345235538,5.702604277806423,
5436151930598168192,142.52094883339902,-37.43752088760889,11.999805,1.4754772,0.3834556042822112,-4.923515493603117,4.99085930867623,4492.44
5436200476607553536,142.48024156657445,-37.32663369968148,12.031956,1.3224611,0.5625373898035804,-5.3975101201652755,2.9415782439239155,
5430194291263381376,142.14984236880036,-37.512380308125,12.046648,0.794363,2.945324869073132,-4.27256588154682,-13.551118212351577,5717.8926
5430196116627978880,142.24972033801416,-37.461566893302304,12.053112,0.7627287,2.2578937535621866,5.597143733603343,-17.685937779666403,
5436202645571454080,142.29373894684602,-37.350534873686236,12.057677,1.3786812,0.3841737372290802,-5.225011696635655,2.6862128187679106,
5430195223277419648,142.10345036214474,-37.49668256321608,12.112586,0.6046066,1.148009144432551,-12.500413298892449,8.613585632260609,
5430191752941696000,142.35889853479384,-37.550515304527885,12.122588,0.65252876,1.040558335557648,-2.354446182594396,-0.6408130025270944,6392.5283
5430196185347934848,142.28591571008718,-37.45830761906165,12.146302,0.65255356,2.392673619407063,-32.49533138285934,5.526801471922696,6232.4785
5436148219746598528,142.46689447854814,-37.61959147629741,12.14983,0.4609661,1.3387755848654734,-10.032465512121842,4.147948687470353,7324.6016
5436201786577975424,142.36417019313262,-37.35047218726947,12.191787,0.68807316,1.5287028932860012,-22.274930233425234,17.01338799199351,6121.09
5436197933989354496,142.36262699034737,-37.430736265749616,12.332101,0.82846737,0.6542616005961331,2.1579378484531224,4.680235672294926,5847.483
5430195081537363072,142.1491364391958,-37.50179269662692,12.402743,1.3165512,0.5161702908513736,-13.099685834539692,3.097307474913226,
5430144095984668800,142.32462300601736,-37.644094999120895,12.453609,0.47994423,0.6069802975031784,-4.880734564414751,3.6817228280746175,7940.581
5430195596933438976,142.23486657383904,-37.50861876045068,12.463512,0.54629326,0.9416305081021296,-9.391408093836207,5.174095692535012,7181.044
5430195017116409088,142.11999272675612,-37.507508367434475,12.464288,1.5507784,0.30279778472500696,-6.152759698402274,4.441186736926431,4570.9307
5430196971322967936,142.16493066738664,-37.431174392391895,12.497699,0.5127287,0.8198379047010201,-3.8673859231833707,-0.8156635289207972,7635.505
5430209512627469056,142.1531945020827,-37.35580152897948,12.549917,0.74724007,1.6983219551667008,12.17554472313458,-12.486515073880337,
5436150246971063424,142.44578751535118,-37.478240972073095,12.569243,0.6525459,1.759487232511411,-26.242765901899087,20.53063742258654,6282.74
5436198866000802176,142.46542565829216,-37.421257741524386,12.598317,1.0863581,1.1364214888955122,-0.2455837445321173,-3.527038129549885,4977.385
5436149864712949376,142.46580929698266,-37.53033938365044,12.7615385,0.60879517,1.3457251410585283,-10.166030131278271,4.166928283313899,6409.578
5430191890380679808,142.31598046084616,-37.56344168787443,12.799171,1.7122889,0.2515127506959248,-6.113629696235626,4.7761406649108755,4521.0825
5430197181779874176,142.19601150155307,-37.43126296365483,12.7996235,0.83574677,1.5989268182300989,-9.881366257837573,2.3004945076305487,5742.152
5436202783010389120,142.3176996749539,-37.315436407909054,12.834033,0.46155262,0.7797449079198543,-6.435216305542486,4.2326469434241965,
5430196559006112128,142.16454861840984,-37.481050956504006,12.846742,0.72221184,1.785957696571129,-9.384976040276053,-1.5148792116020053,5977.263
5430191478063840640,142.2991342743589,-37.5756470031155,12.892827,0.7145128,1.9707925256713426,4.741675117541476,0.1299884795697636,6009.913
5436148563343979904,142.4310105248173,-37.58766285836309,12.946472,1.8184404,0.23523917608668884,-4.259844661921869,2.001326799253867,4330.414
5430144302143051520,142.34539584884865,-37.60281444228802,12.966568,1.6532011,0.3251906881687672,-5.919731168173474,2.906152868887475,
5430144370862504960,142.38932579709316,-37.60814626727503,12.9849,1.2243567,0.5358406264209599,-5.049822323932498,1.9446289772132843,5286.284
5436202160237173120,142.2407683609815,-37.383393056397466,12.9924965,0.6203184,1.091036631641641,-6.2042986618761065,3.0827849522892254,6732.336
5430142652875677312,142.2958528027762,-37.648217564804575,13.026205,1.4580526,0.31090830603475095,-6.313697477339613,4.808167193554735,
5430193058611774720,142.25931798084986,-37.50424629732265,13.050188,0.78743935,1.2146858832804228,-2.1526163054743277,-1.8326632004167271,5725.3623
5430192165258648832,142.25009463120145,-37.58673239571705,13.066626,1.5627956,0.1996810176281148,-8.298545054272525,1.7633534011189909,
5436199759353921536,142.51234589857998,-37.353513230647934,13.074444,1.6096907,0.19610075140822464,-0.26985609376746744,-3.744404576423698,
5436202332035863936,142.27541166432025,-37.344289343460815,13.106179,1.2814112,0.3172920513969846,-8.400916190456675,2.4041142286998474,5194.8164
5436152033677377152,142.51638373519208,-37.423646448292125,13.127148,0.86954784,0.5821496322171319,-6.634339557487533,5.870684760448789,6196.3535
5436201786577972864,142.36265870833785,-37.33945383513905,13.127805,0.7732172,1.706943315082145,-6.445406922344635,2.049158677853489,5813.471
5436197010575030656,142.38582020559738,-37.48894504858596,13.22127,1.3252268,0.30436683074749976,-5.02637037085752,4.0392242064581065,5110.3237
5436203470205144064,142.36583556965576,-37.31760013332678,13.2294445,1.472827,0.29239653406888094,-4.709772092354544,5.964891827866859,
5436202645571455616,142.29462516786364,-37.35347480591254,13.253639,0.9387951,2.209627283134406,-0.3344423597003152,-6.647084596253594,5335.935
5436198213165847040,142.33811959528407,-37.417819675675254,13.258926,0.8454304,2.271784304698826,-9.752878238601912,21.06832075257431,5674.5137
5430190893948362368,142.18503244322278,-37.5761601412676,13.261185,0.79201126,0.8629077603107573,-6.173102205360765,2.6482170899540733,
5430190202454523648,142.19020992704571,-37.631323976905165,13.28348,1.3967428,0.2801896796197706,-6.295300714687682,4.782280869565535,4770.1665
5430192371417040768,142.2604422587461,-37.5470716199804,13.284254,0.7784071,1.6489243800200557,-21.41571025498068,9.38554126302505,6108.2603
5436149147459446912,142.491162891134,-37.53046150474778,13.307992,0.72849464,1.028304092846533,-5.052804496537986,6.322636929927585,6287.174
5436199175239893120,142.44457847248225,-37.39310102830941,13.32016,0.7058325,,,,
5430144817539085056,142.3772326731696,-37.56435741134656,13.331474,0.97467136,2.4068963875807126,32.864657886891386,-26.31266133544917,5280.5874
5436200549627909248,142.4637856084538,-37.32277888973246,13.343906,1.349019,0.2983364293987813,-1.4021977208452534,2.139286325786368,
5430195807390366720,142.1800189831058,-37.49899139258246,13.349153,0.77199554,0.9050896180784415,-9.90546005788436,2.859327157003821,6483.166
5430195532512998144,142.19095775843354,-37.525337679066276,13.408355,1.9817915,0.15779582013233392,-4.947775458986968,2.454101226118495,
5436214426663768192,142.2205228660857,-37.29686148764325,13.416175,1.3933964,0.8483424623924453,-5.767785178142213,3.623641642784328,5183.228
5436196598258206208,142.38381178448546,-37.529894843438136,13.420489,0.6156397,0.5009518734441042,-4.876473214915178,1.5028804383145167,7294.942
5430209345127235456,142.1895122196951,-37.371245472154406,13.423486,0.610651,0.45900362579144344,-7.96403668989375,4.177272149813939,7382.0493
5436198007007444864,142.3274723673297,-37.44421943145649,13.435867,1.6681013,0.20747558070673097,-3.9678529752472116,3.1667747355139015,
5430208657933040128,142.10898454298504,-37.43846123964883,13.466305,0.8824825,1.9362023043617629,-19.056869643739795,-3.5632834997173286,5469.36
5430144714459886208,142.3651762529721,-37.58478903877404,13.483422,1.4179459,0.4028031364610135,2.405618243402912,-3.989418478332174,
5436150384409983232,142.47243770466108,-37.45282989679571,13.498055,0.7730169,1.603956905040265,-10.017814208230273,3.6790674566790753,5928.339
5436196735697129728,142.40036433760267,-37.50814759770599,13.500962,1.0655661,0.843277203077175,-7.613287171635491,5.671139278556921,
5430191478063837440,142.2967700330884,-37.57032552978636,13.546488,0.90041447,1.092359231683194,-16.461038453423278,12.96362392816776,
5430144851898820608,142.37286289076619,-37.55507085169814,13.563992,0.7978544,0.6937289061808204,-3.1378862066781896,4.553041035405232,6194.7075
5430196219707188480,142.2540766259132,-37.45230902965339,13.571617,0.6980896,0.9069354881656293,-10.921773848977448,8.018658082107493,6415.7354
5436152377274730112,142.54323040421428,-37.40715119755563,13.589251,1.7555857,0.0584006903527118,-3.3699772899419056,2.126702344839603,
5436149181819176704,142.51353281348642,-37.53782872413396,13.601283,1.3714647,0.27644976468137666,-2.304591617268374,1.363743290213066,4821.9507
5430191924740392064,142.33269004058224,-37.53822543618718,13.606299,1.4844875,0.23847255126524122,-2.5820033121634913,1.9971083211654235,
5436200510969729920,142.45820891778,-37.329676017781274,13.611625,0.6370506,0.9530099364652299,-4.450504633136164,7.863917380649678,6724.5605
5436198041367210240,142.29948215515975,-37.45215915061051,13.62193,1.5075369,0.19109581857804733,-4.4847689413707705,4.22527557011275,4836.0913
5430197628456945792,142.198494735708,-37.36939293904444,13.636755,0.8300228,1.2111761389452167,-7.452723566710156,-3.0522061096513475,5739.609
5436149422337423360,142.42791466724805,-37.56196352757304,13.653319,0.83316326,1.131462035307809,-6.218111263924589,-3.6826420709907133,
5430144027265151104,142.36502151322193,-37.62637191516168,13.66708,1.6783495,0.1530138827428718,-4.417012556997779,0.9023728731715488,
5436149010020465024,142.53905310507665,-37.530813782285016,13.6708145,0.9002142,0.7211086506835473,0.26830953857964857,-3.3937020897477264,5817.3057
5430191203185938688,142.3149183900718,-37.59461932588061,13.676752,0.8231554,0.7931113973329029,2.8184465031291444,-1.0853679893583492,6017.328
5430143958546756480,142.37683926683306,-37.63995263649684,13.689839,0.7037878,0.8421715937321324,-6.753534151007436,1.2258859246295344,6702.333
5430193196050700672,142.2820178969146,-37.46979226120601,13.736848,0.8212223,1.463296617035842,7.4000744997637575,-0.4248142529986682,5733.8423
5430207043024838528,142.0795872711553,-37.47516993439434,13.7761545,1.1952419,2.9754765541065042,9.987092801115683,0.28262595490615494,4883.8164
5430192508856012160,142.2193295900251,-37.53734927987301,13.776823,1.408741,0.2521200943384856,-4.241146094496666,3.0273879655025873,4471.425
5436198316245048192,142.37361784375315,-37.428519024419565,13.817008,1.5198965,0.20676030625854605,-2.7744660516124586,2.044984451327755,4677.0234
5436150384409990016,142.4762626077149,-37.467087421486845,13.825882,1.5031042,0.2697367406209373,-5.916160124893064,6.452222401327082,
5436197594690503552,142.43441736930734,-37.424516104293815,13.835679,0.9216385,1.79230939626057,-11.189294016425375,10.181137893794522,5469.0054
5436148288462676608,142.46560282142502,-37.62014694294295,13.843019,0.87871456,1.7612433351480201,-8.08707236762376,3.281303119614387,5496.5103
5436150040812613248,142.50822441779795,-37.50221794709207,13.849473,0.68842125,0.7335400467873421,-8.87844262695739,5.635523829341787,6855.7173
5430209345127730432,142.18348486451515,-37.3780209304022,13.880214,0.9362831,0.640772098390175,-8.898591113391337,0.7087662000948819,5797.265
5436149147459454464,142.4903206271114,-37.540262621118664,13.930073,0.87131405,1.3766228720294234,-11.525501565698026,8.955114154163457,5694.3047
5436198522403475968,142.36459493606597,-37.418945435963394,13.966366,1.2223673,0.3709939205400963,-1.336615715505767,-1.1548980318875146,5161.945
5436199965512432256,142.41817420110314,-37.385395988060075,13.997015,0.844614,1.3057480049996728,-9.982219602883523,15.145800641568552,5724.105
5430190447271810816,142.15260891254061,-37.60855504935172,13.998341,0.8187437,0.6794735470105612,-0.47023449805687595,-1.84774049192696,6461.7183
5430209482566202752,142.14670593315552,-37.37347398784603,14.002835,1.021307,0.9473560769888355,-13.776619026858473,2.868249947659761,5374.831
5436201924016939136,142.3235168157702,-37.346387363243174,14.011471,0.8454027,1.325035816346478,-2.99549351122059,1.6933673188933553,5566.068
5436151312122855680,142.56688779761447,-37.44480757781829,14.015757,1.0595875,2.6688582791597217,31.493160524859075,-18.93263078962229,4974.3037
5436152102396824576,142.5704446408551,-37.43111767106572,14.028509,2.1177464,6.362147669820042,-6.083041381138678,-5.8965571357870274,
5436149594136119936,142.4105170151586,-37.55343650534684,14.033036,0.77924633,1.138183532199182,5.15808824830876,-0.405578869077502,6138.3394
5430192749374117120,142.30730559227467,-37.52520856116825,14.035824,1.7697592,0.1012860964937186,-3.6727401044183203,1.478368228624039,4352.329
5436145814564843136,142.52792639498722,-37.58473851159545,14.044821,1.3237848,0.22605367616530833,-3.309269366421415,1.4762995883419299,5040.78
5436196941856915840,142.34579541148992,-37.492328414650316,14.045344,0.851161,-1.060307035836561,-2.3329312752787468,10.01790060076511,
5436197766489297664,142.32999644087047,-37.471563213762174,14.125677,0.9110279,1.4669629235424135,-17.569208581062963,-2.068781338364998,5806.161
5436148906941276416,142.537195234087,-37.56497276362737,14.147105,1.0425205,0.40112956582457887,-7.2491187993512805,5.388031934080581,5549.1196
5436150350050264064,142.4623527604348,-37.4710012102304,14.171374,1.5251303,0.22277679574323328,-4.425011323491276,2.387634761178008,4714.863
5436200583987631104,142.49033972804716,-37.318654676220575,14.185752,0.7335949,0.5630479368113653,-9.282554762656284,5.010453219567002,
5436204329198595328,142.3540362763735,-37.28268547785906,14.192662,0.63851166,0.5233212557190936,-14.19248578904664,0.07219034144990474,7235.014
5436202542492244352,142.2627248885031,-37.33816150450062,14.203315,1.3585749,0.2314785282963727,-3.9819402088161726,1.4384820924090758,4833.103
5436151999317647104,142.50122428098928,-37.42349570407436,14.217078,0.78227234,0.7747103998237456,0.7526860558577008,-0.3198031385850447,6363.6553
5436150109532083712,142.4906594660122,-37.480361818084866,14.221852,0.93630505,1.678049164382573,-13.896914723723507,10.215599506635684,5487.67
5436149284898368512,142.5134407238742,-37.505799919016,14.339522,1.4266834,0.26790003015795505,-7.645748231864041,5.195431382177185,
5430194329921630848,142.15317085332234,-37.50856469518342,14.353236,1.4415922,0.27664517795435806,-6.923012251477597,5.066758470954433,
5430208795371453696,142.1364638240201,-37.41054625617985,14.400239,0.9772167,0.6390978882177327,-4.722664942363082,3.3240378046096826,5635.0977
5436199690634455936,142.48450126988425,-37.348633167331315,14.417186,1.0662184,0.753276111874888,4.974548919611918,4.107968515887784,5215.4336
5436149216179088512,142.52857688016417,-37.51951849188278,14.449078,0.84427166,0.7882695374831795,-0.2631275925867982,0.23535048878313386,6028.1597
5430192096539082112,142.3271709611215,-37.529117192411704,14.454562,1.2565546,0.6594074777403797,-6.277592110944567,4.4201793934518046,5420.41
5436199484476367488,142.53673861781715,-37.37919987413011,14.455125,1.3587561,0.2568653100173335,-6.490837948360907,4.277285958279169,5413.594
5430197044340933376,142.1469131195867,-37.4254859259544,14.456187,0.8201351,1.21074629406604,-5.309840255489057,6.772716863301794,5788.386
5430196700743554304,142.18037525175174,-37.466266924375454,14.485352,0.7591467,1.1088008430868086,-3.465712330810581,1.8956434624740157,5822.0337
5430208692292757632,142.12332454221453,-37.42541927294999,14.496249,0.9076128,0.5574620233282228,-7.371471673480733,4.681015749915378,5810.7812
5430191954801174272,142.30453131445555,-37.540699838250035,14.501614,0.88696,,,,
5430192233978108928,142.24653214424245,-37.56486306147929,14.507309,1.3729906,0.13666625899750412,-4.442446672683098,3.8285149431599184,4797.3423
5430192951234739456,142.30908597405778,-37.48648899944084,14.508682,1.0646105,1.9575881065323173,-31.017766353526508,29.17763927215951,5072.228
5436150075172359552,142.48046256819924,-37.48848619449206,14.511702,0.9091759,0.5727887382919546,-7.727010657176008,2.0211674636517993,6064.756
5436204397918074880,142.3337287007339,-37.27581786421825,14.556066,0.8522186,0.455307116888829,-8.389824947898337,5.285985416284404,6292.4365
5430194226842969600,142.16448365379986,-37.542565876263886,14.5570545,0.9365902,0.6667215736019116,-18.68104779602252,13.888636622008455,5758.1724
5436197182370231424,142.4375152411292,-37.47706746789916,14.5633135,0.89965343,0.6551554991903505,-13.526173833968004,9.488726162733585,6012.355
5436197079294509056,142.367034656651,-37.47678064757204,14.581957,2.0193653,0.03349735898582742,-1.8349688242609936,0.8497718017577767,4634.4653
5430209620005141760,142.16508466384184,-37.35031063328935,14.5910225,0.7669554,0.5487365982273191,-2.433981116760203,-0.26814434074683113,6349.4106
5436196907495830016,142.37361273342316,-37.49599353886643,14.607841,0.84773636,0.8197947274267305,-4.807711477564358,2.383904892078744,5721.0703
5430144783179340800,142.39774801735842,-37.5662793290987,14.638674,0.99248695,1.5784752747480435,-11.92624999472278,0.8819464703984966,5231.262
5436148425905001728,142.4787228632079,-37.594036320678484,14.647691,1.060689,0.4079213067825353,-5.725958953175881,6.260099449836139,5482.0967
5436148769502341760,142.52174004502476,-37.5783410015497,14.651542,0.81465244,0.7994479889279581,-5.486553813512723,3.123341928221067,6143.8345
5430142584156210688,142.30555258400136,-37.66954801640906,14.665669,1.6239176,3.358632403294132,-15.504714053396455,4.811139182993694,4332.1597
5436152549073407104,142.54356490504713,-37.384105773002325,14.668852,1.2791882,0.22220703654658244,-5.0307503752922225,3.8332886545170255,5873.134
5430143133911968768,142.38638793225155,-37.66329707818414,14.67238,1.4015617,2.714737708254318,-47.17187051243764,47.17485672377876,4462.984
5436148391545235584,142.50882473802685,-37.585853892027785,14.6748295,1.4580469,0.07036052120636868,-3.036766259799206,2.050793670542486,
5436198591122945920,142.35861592108472,-37.40498552714165,14.677522,1.2866421,0.13617840309305118,-4.519627073609837,1.420976629518523,5206.3794
5436197354172356864,142.43194397904782,-37.45289826385456,14.691432,0.90145016,0.6558353695135347,-2.5967331736361623,6.704445980304622,5812.5396
5436200407890603904,142.42750440341453,-37.32788091162514,14.691729,1.1296167,0.5028844629925597,-2.246246736142104,5.158659688156361,5379.235
5436199312677353472,142.47640081592763,-37.36807646884211,14.692818,0.77424145,0.6758381677177515,-3.905200500333391,-2.7287451979851007,6167.7134
5430195944829306624,142.1959826727258,-37.46951388966496,14.72091,0.8441467,1.0108900282268296,-4.81251071467728,5.417468722552453,5690.0864
5436198689903597696,142.38859138956232,-37.37562861384639,14.738565,1.1633263,1.9105553663479102,-8.473505349755994,7.915766051496107,4854.581
5430208657932514688,142.11403112731762,-37.4382500965252,14.739055,1.333683,2.569737233848328,-15.774707550110463,-16.225300210651085,
5430209276407777152,142.14714087972402,-37.38545533801754,14.739569,0.78235817,0.5536439863926684,-12.255485213193921,6.397166971756562,
5436150315690522368,142.47658485243895,-37.478656948578504,14.743113,0.9027653,0.614810389689318,-5.769999279325239,5.207612461855908,5787.1567
5436201610481403136,142.32046649925311,-37.37962468295282,14.7466545,1.2788677,2.32224805470312,-20.50118742563447,17.526497880057008,4623.4595
5436197182373678592,142.43771648239212,-37.4773786547428,14.759441,1.0203571,0.7439378085773611,-13.384296324921333,9.700930685843309,
5436198247525572352,142.38549216843828,-37.43990072451725,14.770255,1.882906,0.04682526055898902,-1.6003496716452805,0.8992654823451642,4433.458
5436148387248375424,142.50485048759276,-37.58121753276993,14.775407,0.9959507,1.328978059338689,-5.753592413865013,-8.93091593301261,
5430144405222263936,142.36824636622342,-37.61816348379878,14.776697,1.4546843,0.19989509845571604,-4.9188534858507875,1.5499151839527707,4662.913
5436204363558340480,142.32378213341048,-37.27966493443115,14.803676,1.4104118,0.24396469999217066,-5.915064548357071,1.7197207222414719,
5436202198894876160,142.24403865526668,-37.36863506481429,14.807054,0.98665905,1.2467968929103599,-10.521312746146899,6.539981772106674,5329.8745
5436201408620885888,142.3006132225345,-37.38809084919522,14.809534,0.816082,0.9680330404751571,-9.063021960295481,9.451727330001809,5709.6777
5436151621360548736,142.50701336408477,-37.45860597886527,14.812145,0.800704,0.6492439220956657,-5.493494593742913,0.11860911402127725,6285.8696
5436214259163044992,142.18827764663993,-37.3355984503427,14.82958,0.649559,0.3510908716133505,-3.4311206083300885,2.5561159388164034,7173.979
5436203401485660160,142.39372924202175,-37.31799374061088,14.831183,0.8935137,0.8457708087455663,4.459474139212831,-1.8712913892205432,5570.662
5430191890380678016,142.3145530884691,-37.559311618801786,14.831991,1.1293325,0.5037972605756753,-9.522682950434655,4.776775430297828,5323.184
5436199656274713088,142.49998805076086,-37.35549142060755,14.833793,0.7874298,0.8039532139984693,2.2365546928354183,-0.6845892860399688,6235.2783
5436197762190665984,142.32649448241784,-37.477483225515506,14.850665,0.87763023,0.4475883719959334,0.12608244383236705,-0.7840435188177579,6062.3623
5430208932810415232,142.10049336345187,-37.40978629153911,14.850734,0.84827995,0.8804802322391743,-13.854222881081284,5.382004914575713,6052.5723
5430194192477513856,142.1482645960401,-37.53262695759577,14.852909,0.9901266,,,,
5436202267614340480,142.28005421345318,-37.359065955130724,14.888082,0.93383217,0.9237231353855638,1.7889671197337738,-3.823577076012963,5525.239
5430193196050702720,142.27588996138374,-37.471549356398015,14.888407,1.2054768,0.34206736139665483,-1.7977022307927633,1.9467205573763786,
5430190550351980416,142.22466658166934,-37.616868710419396,14.895188,0.9172869,1.279668246588368,-3.586957212070435,-1.3575488165906484,5541.7554
5430189656997762944,142.27229370244248,-37.627180697991015,14.896664,1.320467,0.2708159428505557,-5.176992688019007,4.20967890880183,5175.696
5430192130898807296,142.33999740961252,-37.499186551902454,14.898058,0.9393902,1.453750310607177,-6.829798578782967,2.8027894570876146,5434.6587
5436203057888295552,142.29831050106037,-37.29766062254644,14.898768,1.2997217,0.40906358006892163,-7.932474084150492,6.538505892209896,4880.5625
5436151587000819968,142.51052839050772,-37.474296245009434,14.900255,1.0626478,0.8296840676194127,-15.243408827568627,6.5286803529049,
5436203676363559040,142.37449840646394,-37.28060325313373,14.900747,0.8524103,0.5030919795369145,-0.3086852604308119,-0.4446450820536652,6296.3516
5436196804416597888,142.40016762700748,-37.498603145705395,14.900996,0.884161,-0.007698552961497157,-2.014381546541517,4.78121372963483,
5430195601232443264,142.22212103574418,-37.51023985917032,14.908924,1.3480625,0.119532445974757,-5.452019067763725,2.53258461860722,5123.138
5436149697215315584,142.40347913099035,-37.525323779125294,14.916542,0.920496,0.3681380333351288,-4.800901362623905,1.7997663873614218,5982.8374
5430190138035120256,142.20159354767927,-37.63635525213507,14.919473,0.9736891,0.520841867128554,-5.055257730868568,2.559371394570991,5572.9746
5436198041367213312,142.30378589666216,-37.45889102965802,14.93658,1.5161524,0.11197868044755627,-2.3155947332988633,2.199801484409222,4745.5723
5430193505288510720,142.14089156774887,-37.58091716047851,14.940683,0.8573065,1.0580646950020685,-3.019283021175335,1.2100126632704429,5520.524
5436198041367211776,142.29546284495217,-37.44985678420997,14.948105,1.064373,1.9182665494312316,14.520985700942676,-11.602554373826568,
5430192062179330816,142.35166136378822,-37.51351591673894,14.950195,0.83705616,0.7464338744957186,-5.69206241895138,1.433602501091019,6065.538
5430191684222238336,142.33012263285846,-37.56122079330716,14.9534855,1.2787218,0.3660749961419363,-7.837404480504583,5.218904208678901,5221.226
5436202817370121728,142.33357459295388,-37.3114235415353,14.95577,0.6797571,0.1828634200177438,-4.460316352586264,5.6651304568829675,7297.3853
5430195326354043008,142.1223885936327,-37.481535459462194,14.960205,0.9243908,0.6111256785688739,-5.40434194696155,1.3112731912968465,6029.9536
5436204397919965440,142.34375115312116,-37.278241201675876,14.973864,0.9542341,1.4393418071584212,-6.7847999322506265,4.316775163832761,5467.4507
5436201649139038848,142.33777611147482,-37.378398747951906,14.976225,0.8046894,0.7586720175810807,-5.609735843424454,3.011651791986079,6263.95
5436214740199355520,142.25183772662294,-37.30247332762134,14.984371,0.95091057,0.6668972992966964,-14.256838037297719,5.9750719221389,5855.2793
5436199037799448064,142.4987442103995,-37.38793892109643,15.001505,1.004591,0.38944074360886805,-4.718257737933168,6.848967166361427,5766.4824
5436196666977683456,142.37392208512875,-37.522681512790776,15.008799,0.50309277,0.3093355793057758,-4.087757204127243,1.1221708357917044,7978.0054
5430144027265155328,142.36112212840527,-37.62776655098153,15.011961,1.2112083,0.479323269350163,-2.8610554036702025,-0.6561641095741118,5061.7744
5436203225389138048,142.39191956996785,-37.338217335344574,15.013552,0.8134737,0.5841664413805243,-4.809805592786744,1.8779737355254702,6190.278
5436202645571453312,142.28929329774837,-37.34461883777301,15.021988,1.1946411,1.9441319805019164,2.7939546731779,16.0390774365736,4736.996
5430144611380686464,142.36061295355464,-37.60150524890338,15.025078,1.2328262,1.7031544357359012,-17.640290152446692,10.174297822278579,4768.2656
5430144405222254592,142.3705142877291,-37.60769878990846,15.031605,1.417779,0.2819292629685057,-4.445091002692565,3.511717545704836,4884.4976
5430144130344417664,142.30766892441466,-37.64516542446238,15.035507,1.4895372,0.15532610191262036,-3.5039234674192294,0.26049332192983604,4738.5615
5436200480908430080,142.4788903168976,-37.330242180022836,15.03554,1.3645267,0.12076720491336278,-2.5297795917908887,2.401717896301146,4729.6553
5430195910469564544,142.21849253827315,-37.47632851808236,15.039073,1.0215302,1.2001498956673449,-11.803181432591174,8.31002588711546,5276.7534
5436197148013947648,142.42968216545546,-37.48093587412944,15.044762,0.9681225,0.7292841153227009,-12.832512636880235,6.723446961373253,5677.9727
5436201511700096512,142.2975300338073,-37.373652160755775,15.061403,1.0063372,1.2113866421120414,-13.185865634741848,1.8881831999817855,5201.6567
5436145814564850560,142.52674191375758,-37.592898233952226,15.062503,1.0728025,0.7758080152455723,-0.006546153271205224,9.526219665832166,5326.9087
5430195120195616128,142.13292799893122,-37.501141593779685,15.064671,0.93280315,0.2993641855809144,-4.850651599135042,4.341747230351173,5897.1675
5436196632617939200,142.39403326295138,-37.53187898440815,15.066246,0.9830427,0.8532901226815757,-1.6816989389421584,8.047371695391108,5661.5386
5436203195327238016,142.38665807271386,-37.338117646476206,15.080281,1.1838608,1.5728605293477325,-6.964277214708163,2.897694661074972,4896.0737
5436201820937732992,142.311838161111,-37.36520031452462,15.0808735,0.47976017,0.1938335245304476,-2.590649937205206,2.133172149046834,8288.785
5430193436569027328,142.15873205936694,-37.58698502981135,15.096569,1.3530779,1.1428983756883542,-8.28164109072774,6.945738779048922,4540.0547
5430209173328560384,142.12956128550096,-37.36751788071737,15.109206,1.3373022,0.18449757597043184,-4.971195991052632,1.3002736576299774,5140.436
5436198621184156544,142.35707613013136,-37.39308285850295,15.110415,0.86414814,0.5309464109689229,-8.94392025788771,3.9366359069135877,6228.836
5430196666383819904,142.16179744569112,-37.46633852125851,15.110543,1.141531,1.5842074785514615,-13.357269889558408,5.164259777812053,4954.689
5436203298406448384,142.38820480248347,-37.32456147270151,15.122798,1.3112383,0.29621758631461853,-3.5915848603859533,0.7955900255088176,4813.1387
5436199450116290944,142.51033520633584,-37.37514607202684,15.125698,1.2383423,0.3398766821513421,-4.471654980155337,-0.4985089050826721,5246.05
5430196838182517120,142.1411299813014,-37.46430738371132,15.141641,1.3202457,0.3064137007310374,-3.9183762101047854,2.181501779502179,5397.5664
5430209104609093632,142.12846028086946,-37.38938004348989,15.143347,0.8622179,0.30657685722563877,-5.349501741770522,4.518452347529279,6590.3135
5436148460264726400,142.48406292840875,-37.581416706761665,15.154136,1.4880171,0.23613990116367198,-3.2113173205734302,2.007457562861881,4672.8403
5430194158122963840,142.1312909514305,-37.54976627093576,15.159975,0.82650566,0.5329564385291874,-5.099407785870513,6.488406712003496,6506.781
5436200996304709248,142.28645586632047,-37.44060124120136,15.163693,0.89415455,0.667446840580125,-9.991785561426733,11.151572531202593,5843.138
5430209482566200704,142.14554267460758,-37.367382977468594,15.168397,0.8589649,0.6834623774722619,-2.6997128699146162,2.157843522034641,5912.147
5436201271181942400,142.27995431962512,-37.414924311866656,15.168709,0.9491348,0.7254824783839606,-3.525676628536037,0.6566805080223722,5695.293
5430195360713772160,142.12748020681957,-37.465662808316814,15.180808,1.0843353,1.2593495141430864,-18.526220481540285,3.9220767445602327,5076.125
5436152407334348160,142.51831758285473,-37.40230715106614,15.193071,0.8345041,0.5110645090565914,-8.771349744759615,5.201299238211158,6226.969
5430189519558848256,142.25317970724683,-37.65843032629077,15.198273,0.9555845,0.5475889503739434,-8.550612991958396,6.036237362325892,5921.1475
5430143202631432320,142.38096336145003,-37.64135564609126,15.2027445,1.0817413,1.0562120448317136,-14.67551915962463,25.476666763669293,4896.778
5436149044380253440,142.4949958538958,-37.56164031164915,15.207025,0.8937826,0.6162858926099367,-7.283010760199242,5.527334885700666,5694.0483
5436149972093157632,142.47008871018434,-37.49877878276352,15.207429,0.93210316,0.8863230990199369,-10.786947105914066,-3.7303196387505104,5246.9688
5436150762367103360,142.52834544819862,-37.494905221054026,15.226113,1.1174736,1.3938805544872919,-12.081464981978552,6.6380068960391,4981.8926
5430192337057277568,142.29058612955606,-37.54144056426429,15.228064,0.9258518,0.9261241373017595,-4.480816332907854,3.9959518581130724,5418.857
5436151518281344384,142.51502580421135,-37.47913267890096,15.246079,1.526701,2.808439123854791,76.28361131804147,-54.018548368174265,
5430194192482689024,142.14824073287895,-37.532568873210195,15.248038,0.98734665,,,,
5436198934720255104,142.4997867572606,-37.41904644330852,15.256833,0.89425945,0.5695502812544864,-6.835144185580284,7.175364087031118,6020.9263
5436199690634461696,142.47967456037264,-37.35387367063819,15.259392,1.0379848,0.3747315408831015,-6.854022321926452,5.86189464844888,5284.2876
5436150831086551424,142.56460056812955,-37.48544771877747,15.2628355,0.80862045,0.6033621442269218,-1.5613811303580827,1.1194852870378027,6191.4297
5430196597664340352,142.1813734051629,-37.47552280580919,15.263231,0.9918375,1.054016776173405,-6.757716398288577,7.778835269164484,5222.6304
5436150624928122240,142.5746342011702,-37.495120731972364,15.271938,0.7715893,0.21389652839634687,-4.149348455160976,3.5168194450931383,
5430196116627976192,142.25238557388747,-37.457281587135725,15.272954,0.9433985,0.9908001093610971,-7.8141011325659955,-1.1093445240210849,5494.0635
5430208657932515840,142.1178437087122,-37.44499069955194,15.275953,0.8536339,0.45564458493908544,-2.6500316859742084,-1.5472393394889905,6355.3706
5436197732130897152,142.3546766610198,-37.47808951208601,15.278173,0.91546917,1.074795343017323,-0.08663347809328692,-3.1834623422597814,5473.2163
5436149731575045504,142.42878374637152,-37.53547206841682,15.280062,1.3354349,0.2041274666892687,-6.706906309453139,-0.1683521800538935,4980.949
5430190481631530624,142.16468395907648,-37.595353839247124,15.281488,1.2333632,0.3559536466765212,-5.545514508064574,1.6523613135807482,5234.9795
5430193127333408128,142.2887533331375,-37.484055559333676,15.282307,1.6398697,,,,
5430143614948258304,142.4076059032273,-37.619411657827804,15.285534,1.0848875,0.6373827589818232,-8.1378740339032,5.8578310732756105,5333.0415
5430197353578537600,142.2280000168324,-37.38473906867109,15.299108,0.810132,0.4849804576130244,-6.0297022926515655,2.5490046107106754,6534.7783
5430143546228791040,142.41060055349257,-37.6342203804221,15.301253,1.3132648,1.6790029958621768,4.379164112928844,2.7368856040191862,4589.8145
5430193677087213440,142.12305811124105,-37.580061148944324,15.301469,1.018403,0.503872843126696,1.2472530714601384,-3.6169524748648456,5780.5234
5436197044934750720,142.39313997560828,-37.47542154639243,15.303292,0.9325361,0.4360912371103308,-4.822102120178542,-5.543070015972441,5517.667
5430196455928155392,142.2677788518303,-37.42845180725481,15.310497,0.99478817,-0.01894586068169124,-19.383830854638337,-17.10721364938754,
5430190722149658496,142.22349323137126,-37.59475781204251,15.310692,0.9093857,0.6222659744946546,-6.441520830421151,3.8800920013970996,5895.9473
5430194226842967936,142.16456911368252,-37.540685274531874,15.31364,0.9446173,0.34785020785068826,-5.309444149719447,2.0350621279192533,5950.083
5436214740199355264,142.25127811074321,-37.301613684259074,15.317793,0.98207664,0.8347805923107239,-11.650859392309908,5.708220086757535,5551.624
5430196975616231424,142.16435735009847,-37.431384069932996,15.321792,,0.9332779571402297,-1.8430567738772519,-3.61644530089327,
5436197629050258304,142.41756080976674,-37.4339992492902,15.326523,1.0647001,1.364968446026634,-11.447568235990605,-0.30845270785035495,4990.5864
5436198316245051008,142.3747797078044,-37.43437761382441,15.33428,2.3827457,5.9392102707768295,9.65657219040471,-199.44224794987468,3607.53
5430195910469563776,142.21415035204103,-37.470873698788694,15.334925,1.067586,0.6849603047544589,-7.099681260114084,4.103291851727346,5343.137
5430209654364874880,142.17416173433162,-37.34317549658796,15.358428,1.0638161,1.0758943467802475,-18.80989861612649,12.782582110847954,5140.1567
5430195154555345408,142.1389729890723,-37.48226768749666,15.36556,0.97186565,0.6237474718241367,-5.362695665800631,2.1455746879456035,5553.197
5436197113654228992,142.3732275762298,-37.46055126052011,15.369761,1.0298376,0.4109489007558192,-9.929511500070593,5.600183943670725,5726.7046
5436203092248031232,142.29882144065417,-37.2878135011685,15.375243,0.77204037,0.2857231045797281,-4.602153367302638,2.414526482797185,6906.791
5430143443149563008,142.4322561860018,-37.634087967602355,15.40234,0.74020576,0.1503412640999129,-3.647507298921769,1.718568256435994,8683.369
5436197697769828864,142.3356367701398,-37.48411744760869,15.403667,1.2881842,0.24199047944226926,-5.010143377836119,3.1909093000566138,5098.263
5430207249183243648,142.09891429292767,-37.43282250059231,15.409387,0.9360323,0.7008591586609954,-7.067583078208549,3.55901155079572,5753.4673
5436150624928361344,142.56362371374507,-37.497686834757396,15.423826,0.9442196,0.6999043607979667,-3.428619511737763,3.2338343468685133,5326.727
5430193848885859712,142.18093214029545,-37.570660738586476,15.429538,0.89942646,0.5331920055547681,-2.950995355533819,1.1859485701277102,6326.919
5436148494624506880,142.45086629539418,-37.608678017024864,15.429677,0.6737995,0.17107761127431825,-3.6115207192560352,3.2197487601386716,7252.2803
5436203642003818624,142.39276013508092,-37.28985745997895,15.434289,0.9091816,0.3404751249808359,-4.691733874898352,2.6828734132225893,5881.232
5436197010575019904,142.38320063174424,-37.47669829719906,15.439592,0.97195625,0.4503127608058053,-6.411499207895638,3.993196158064804,5589.9067
5430196460225347584,142.2591762487038,-37.42932010845465,15.449897,0.94260216,0.6546795741840041,-3.8205700576839448,2.9127095640241816,5723.3447
5436201442980616192,142.31448895121576,-37.38069523906002,15.455046,0.82894325,0.5413952546728679,-5.036012615277997,4.973414060432917,6376.437
5436149662855603072,142.39378748721833,-37.54992881078247,15.455466,1.517621,0.05047317551456298,-2.057872004698198,2.0612123745588105,4880.11
5436197388532075904,142.44123155771945,-37.43512723729375,15.456508,0.83364964,0.5217617609548546,-4.032278600140502,3.1459676856846017,5983.2217
5436199243957880064,142.4870786814185,-37.381155056515276,15.462802,0.8220291,0.44370030577573966,-5.226647387921901,7.447488125254056,6354.1147
5436149044380250368,142.49693314148058,-37.56033428426254,15.472088,0.8284769,0.2659767966828271,-5.433770272874802,2.4138021226859783,6630.5044
5430144095984661376,142.33147045661738,-37.64099627651633,15.474759,1.4479008,2.01760517401488,-12.827710058527137,6.801138194636721,
5430189691357550464,142.23306790172933,-37.655137118957676,15.47839,0.8854933,0.4977973783532358,-9.189620273026112,3.2497083648903407,6080.234
5430193917605342080,142.16015197376882,-37.56023876341068,15.482664,1.4604931,0.12415242830947333,-3.9901394359704785,1.478800354473925,
5436199690634465024,142.48054839571398,-37.35904152017081,15.484483,1.0826273,0.9913142881270051,1.7284641355110586,-6.9355409064258176,5019.2437
5430144336502790528,142.37461105664016,-37.62714923669794,15.4982195,1.039155,0.39010903530936897,-4.424057974931418,1.839553297278322,5751.92
5436197457251574656,142.41421835171965,-37.441862046341036,15.500641,1.3444157,0.31763104185733876,-5.962378552157867,3.690270926279425,4905.986
5430196185347935104,142.28305616813086,-37.45853834737945,15.504609,1.1256313,1.4900445290344717,-20.377588812124056,5.5412883997825055,4830.9277
5436197006273988992,142.3869253079901,-37.4859703075432,15.504957,1.0200138,0.3418074356792168,-6.491886485930626,5.060127426879241,6451.0747
5430207249183246464,142.09586559784242,-37.43627524277886,15.507785,1.4136658,0.14786915570562445,-4.682209276794117,4.365169538591289,4896.8477
5430190412912057984,142.1775751368993,-37.61150860526968,15.514988,0.8867731,0.47757974060974323,-5.225189441868892,6.248725598309221,6208.741
5436151827518968832,142.5042145022033,-37.44252857662322,15.522947,0.8447361,0.4924781515791424,-6.304443988945382,0.1755130020939501,6304.2993
5430195017116411264,142.11239112030694,-37.50619827935359,15.524624,1.0301237,0.612947106644361,-6.985295360660347,-6.309523519813807,5392.3687
5436203642003817600,142.3935138957424,-37.28757701462372,15.5312,0.9996691,0.6968993019170101,-7.088274760774388,1.2404829184968083,5272.0654
5436199278317632128,142.46600925735396,-37.38089355042601,15.535788,1.3892527,0.156606426477871,-3.1130553530205547,2.8083459550787397,4845.8047
5436148769502352128,142.5108483304583,-37.58226632747284,15.550879,0.95502186,0.32663977645738784,-0.8358689147456431,-1.745482705616059,5559.2305
5436203813802503936,142.4176750885023,-37.292592061137384,15.551097,2.5510292,5.983961232595679,-111.2971635944759,59.13589060119594,3591.2126
5430191031387281664,142.20575129943575,-37.549389389516705,15.559431,0.96737003,0.46429586239095616,-5.851640861974404,7.139259633823582,6014.118
5430189760077027712,142.22018025935733,-37.644781561110236,15.568121,0.9919157,0.6257931475103572,-8.03366040503829,2.4578713895305175,5776.7295
5436203264046716160,142.3711049893181,-37.32890513786052,15.575194,0.8797531,0.4530375058599166,-7.069329038744764,4.156193677430167,5845.637
5436202954809089536,142.2880763152858,-37.31636512321463,15.577089,1.236208,1.2525377208032868,-12.594429219172273,6.030638237884827,5071.894
5430191752941700992,142.35679264298687,-37.55938603371611,15.579027,0.9999838,0.7666930299244443,-8.339778286550573,6.831370615288995,5626.2266
5430196425865616896,142.25342254163968,-37.4470891168334,15.579403,1.0234146,0.5042791286959631,-4.348720383344223,4.600932662529103,5736.84
5430143786748065792,142.33676536459123,-37.66897299645709,15.585479,1.3093414,0.24029378278343608,-3.028899880678963,1.6468914115223423,5558.095
5430191134466490624,142.28501609923634,-37.607131078016096,15.585578,0.86822796,0.61218150515655,-6.302471790761955,3.9889447524742607,5937.25
5430144370862508672,142.39586804776368,-37.618347651332336,15.587983,0.8682661,0.49254707155415084,-7.328831960984139,4.778264708137966,6117.636
5430194020684537600,142.17274871334254,-37.54728474672121,15.605495,2.9862661,9.201287368573615,-39.988647388588,17.809880764098153,3361.825
5436201614779301504,142.33153783260553,-37.37662973159587,15.617334,1.2240171,0.8089315617530483,-0.10094192362210436,0.784288597632841,6261.313
5430191890381775104,142.31072682631276,-37.5528268211919,15.633613,1.0827379,1.1056780799943,-4.295951013842387,-0.8893514121980737,5041.3774
5430196082268745344,142.23840018759788,-37.47889232764607,15.644733,0.9121504,0.5735527212811967,-6.4263781507908435,4.297944580599127,5931.203
5430196941261723520,142.14179334317444,-37.43753025584317,15.647186,1.0658493,0.6277227150924286,-10.571086435503686,3.6054132816349,
5430207043024837504,142.08399039043024,-37.477325739529284,15.64742,0.7781,0.33501125306915186,-6.0872475791054415,5.517763290389127,7011.7188
5436149869013962624,142.47130126659928,-37.526598209135145,15.658786,0.8753977,0.4143055822447107,-6.202030939146557,3.822054776975642,6276.177
5430197044340933248,142.1511492153365,-37.42899400058959,15.664808,1.2854376,1.3931939519295928,-11.357132094381862,11.667108957144363,4662.5444
5436149422337411328,142.4334180866263,-37.553240836246026,15.667526,0.93733215,0.5221614984062289,-3.4160792051973576,-3.3703381572855884,5836.143
5436202370693568128,142.23365149406652,-37.36169665882089,15.671583,0.98414993,0.41948325839301015,-9.340405091014144,10.283689056803528,5849.904
5436198518104932992,142.35781324921234,-37.40957733225658,15.674963,0.98001003,0.5156142776325354,-11.146195290718925,4.285664443487605,5466.8745
5436202022798310400,142.32924016370757,-37.32279065255372,15.677187,0.9908619,0.3939680803017316,-0.43444766213046715,2.962759318347974,5746.2104
5436150624928131712,142.56935505760424,-37.503925823208775,15.677456,1.007164,0.41937058930708615,-3.1286922459866267,3.1650041764402737,5947.3853
5430196941261723904,142.1453893000313,-37.44395478496416,15.681698,0.9320278,0.5036452568708035,-10.18668094329561,4.853415715124245,5858.71
5436201747920375040,142.34426552529052,-37.355496568797484,15.687854,1.4981537,2.1910503762646445,4.979858188901895,-2.5341057445519373,
5436200240390338048,142.3931305216014,-37.36317063248381,15.695597,0.9009743,0.29050333614055174,-2.3038499368484286,-0.11991866663238271,5853.0327
5436199415756563840,142.50274056812478,-37.38524203247261,15.699057,1.2597313,0.23386044980201315,-5.27288242446418,3.9892095773295932,5361.3545
5436148391545250432,142.49841814030341,-37.59356871319994,15.706674,1.1349735,0.7152141340590723,-13.392740906709296,10.861007883448789,5013.9863
5430195017116408576,142.1248923775037,-37.51110114345482,15.708423,0.8598099,0.38404559619275513,-6.612994109029556,2.033226208909438,6366.5625
5430196391505879680,142.23351894828178,-37.43295891464262,15.709385,0.94457245,0.50759198320125,-8.68743881789213,4.941440100978377,5594.4414
5430209512628832768,142.150889931629,-37.34843769458334,15.710511,1.2374182,0.24969160253682474,-3.3947832792742627,2.119779313261433,5257.4814
5430144778879510528,142.39398416717168,-37.562632054643025,15.712826,1.0407982,0.7354303861521785,-5.696593705243544,0.6645780625004127,5172.9546
5436199999872143360,142.42833433904036,-37.3585319277589,15.718549,1.0247898,0.7871890237572269,-5.773504882057608,-1.4357774642309815,5398.029
5430143133911964672,142.39568999626198,-37.66388360045359,15.721976,1.3773365,0.06390806406565754,-3.9846675392632522,2.2442482111375384,5498.6924
5436200137311070208,142.4466570090813,-37.34000866079154,15.723495,0.9768181,0.6062678174235069,-9.217452429175644,4.84341914743178,5597.403
5436197079294498560,142.3798233536902,-37.47615120723913,15.728679,1.3276167,0.08760897149753855,-3.144841843208215,1.8618690989574518,5022.1655
5430190412912067072,142.17145962650815,-37.6180644120945,15.730987,0.99043274,0.4487472076376961,-3.0524117914972324,4.857831453251871,6051.0107
5436197835208743168,142.36140356085735,-37.46144212246366,15.732363,0.9555683,0.24912642986538044,-6.087237339839611,6.875856353326124,5696.775
5436204432277806720,142.35940401290773,-37.27884964762184,15.732672,1.0617867,0.872861758013449,-5.607709472703592,-2.4898986320056182,5169.9966
5430192062179331456,142.3470010588387,-37.51289027896028,15.73994,0.960063,0.45288622500807896,-3.7185412643558085,3.5647926466351385,5504.512
5436201958376671616,142.339321735457,-37.3420622005154,15.741467,1.3118668,1.3925643537785228,-4.43807128358476,12.226338212227816,4716.0483
5436201305541679744,142.28460960497222,-37.41188114085691,15.745192,0.77789974,0.31381688914353767,-4.656081662734173,3.057950000679162,6818.386
5436149834654246144,142.42528687256385,-37.5164406505278,15.750261,0.9526596,0.6745620246334207,-4.266669116594855,1.400376991214706,5376.374
5436198934720252800,142.5001655869689,-37.41437319027098,15.765683,0.8594618,0.5014099951749845,-4.192515846090389,-0.5535435638260595,5925.6836
5436196873136103296,142.36404624915016,-37.50212924643875,15.7694,1.0227613,0.5693767560687636,-8.090967041371663,-0.4567455881183596,5236.5117
5430195017116412800,142.12229521385092,-37.517115175101544,15.772118,1.8885927,2.4163158505475772,4.740064307809452,-2.397719647657236,4198.9463
5430190206753630208,142.1815885782663,-37.618860628090374,15.777484,1.3714943,0.4418286297740145,-3.1986200501300424,7.292411927504636,5066.979
5430197078700660480,142.1633550916892,-37.40785839279195,15.780227,1.0095434,0.48890618431010346,-2.3609502730098257,3.203462910228602,5771.2773
5436199072159246080,142.44163858478666,-37.41920807207144,15.786052,0.7177992,0.2822161227769395,-3.854866656618205,3.2211055983749945,6982.3066
5430197559736966912,142.21593701205745,-37.37146972214362,15.789981,0.87232876,0.2686266495757159,-5.573903391327336,2.1329684171166,6619.6587
5430143546228792576,142.41802107553053,-37.642095290527784,15.790999,1.4362049,0.11284371020488822,-2.4990748588217224,1.566451343939423,4837.124
5436149418036745984,142.41719985245751,-37.557299998924876,15.797545,0.989028,0.666633985821862,-9.515017520545062,6.608421181038212,5333.967
5436198969079972992,142.51218561668037,-37.40142518852613,15.799153,0.91553974,0.2844109910323558,-4.361850689278476,4.798897181954232,6065.0454
5436145814564841856,142.52596594026008,-37.58149711281043,15.800893,0.893198,0.34099975754171197,-5.013773357147172,2.508861642836719,6087.3345
5430208829731185024,142.1558160083071,-37.409294976882514,15.801255,0.871356,0.4774972041573329,-8.930131854896938,8.743095836532266,6206.131
5430144783179340928,142.39267170395308,-37.561677230159034,15.816851,0.8619423,0.235323216663898,-4.014692697933023,2.40903598254712,6420.002
5436198591122945152,142.3505281115372,-37.39611383612542,15.819457,1.3693953,0.08889223168453249,-2.4738035153884783,2.2224296399192105,4997.6655
5430144611380685952,142.36647577457586,-37.60515397147131,15.828226,1.3410358,1.027173986373112,-13.640478703938076,2.1234713300231154,4476.519
5430197181779869184,142.20369457724203,-37.42665782837979,15.834138,0.9566622,0.5831932089999777,-15.5885173950568,0.7224816652174119,5398.7075
5436150624928128768,142.57324168234263,-37.50355005953523,15.842239,1.0455599,0.6907389040001395,1.5264574272720088,-5.068137707618052,5567.5986
5430194020684536832,142.17698821398102,-37.5497637571066,15.846392,0.874959,0.3877261658599868,-7.464964133022614,5.062553739618522,6145.754
5430192027820727936,142.34039262655895,-37.531358797347515,15.847454,0.92745876,0.5429981992543857,-5.926625415093629,6.3604748837770995,5639.39
5436150453129444352,142.57109726370282,-37.51136401912091,15.8481455,1.2057962,1.23949039904111,-4.491085769661801,1.5357110197248107,4821.4004
5436202675633328768,142.31386145779183,-37.3322266932906,15.8494425,0.8027868,0.3398194332543878,-4.025952214502879,1.7702654010836953,6466.2183
5436150453129455232,142.57204696401962,-37.52605393652527,15.858138,0.9108095,0.4793026701895564,-3.8929429310052894,-4.939992436851886,5664.355
5436197972647737728,142.31433386731646,-37.468947644797844,15.865904,1.197257,0.7269572524810666,-4.706713100318485,-1.1790603789184577,4823.9497
5436145952003769600,142.54560648306338,-37.56300679549183,15.870569,1.3847265,0.17655485238907326,-3.5008076825502124,2.3572491275961855,4776.5527
5430190138034155136,142.1979401737743,-37.6341272699731,15.870873,1.5075293,0.16252175986746534,-4.539977745154192,2.3591633468696434,4726.5923
5430194192482692864,142.14121436778956,-37.53445224972212,15.871681,1.0053263,0.46235064781132784,-3.041321628935748,0.5673116396616162,5760.5376
5436197800849019648,142.34362511622575,-37.462122382330946,15.8746395,0.83579636,0.43965190836921153,-10.778242712837596,5.825509571797695,6277.8306
5436148700782897280,142.46199926528956,-37.56549567456989,15.87616,1.0652418,0.7650211706814715,-3.9451552448112444,5.075795191293974,5267.622
5436198900360526976,142.4719432335783,-37.408028306233504,15.884298,0.89140415,0.4174124199290576,-2.9455920605079746,3.2909303320176937,5970.5693
5436150796726830976,142.53667688221202,-37.48662415643046,15.888637,0.90786266,0.5348665424774438,-1.7488202225790084,0.9377786484219023,6083.586
5436149010020469760,142.53777817982612,-37.53504639170005,15.892297,1.0049849,0.738041500775149,3.6663878948133704,-9.830977500516225,5447.1143
5430196047908989696,142.25986437301088,-37.46459544866861,15.892414,0.97414684,0.6511603967092825,-6.450785264511524,-8.59610661035098,5820.097
5436150899806036736,142.54311846837265,-37.480178810732774,15.90019,1.3847933,0.07920301207705203,-1.8162889422662443,0.25664276731121477,4927.996
5436197143713497728,142.42053310082852,-37.487366537925176,15.912393,0.6551323,0.30785368482646064,-3.861149778449422,-1.0346945613317082,7473.63
5436149559776333824,142.44631165803483,-37.52858155023323,15.912442,0.91509724,0.3908029884661449,-8.534111759843144,3.30675565254964,5990.5576
5430208898450657024,142.14686364597782,-37.38925245781068,15.913115,1.0351267,0.8833774843457891,-8.640220449559374,3.2935747403211675,5332.213
5436202679931180800,142.3101285685281,-37.32967476168094,15.916013,1.0110712,0.8297206333574785,-0.6788017133223523,8.767871056907413,5367.7715
5436149662855595648,142.39810248463823,-37.54176460158398,15.918612,1.0107241,0.5765717870106163,-9.21352270812082,9.540418739328233,5613.6323
5430144851898820992,142.3818017492881,-37.56460470115144,15.921533,1.2773428,0.20928199662638985,-4.896694007672316,3.1408368019605097,5819.174
5436197216733587968,142.41077548638543,-37.47697944335765,15.922265,1.0516453,0.8993310833972498,-6.278390689479803,-0.7909385226905818,5238.188
5430195291994318592,142.09270157243876,-37.49022885747757,15.922568,0.92506504,0.6127236823098625,-0.42221486819024756,8.849868874227763,5880.354
5430191168826216832,142.29730712972736,-37.6030787690763,15.935837,2.0134048,3.1583986996991786,4.003171025986304,-10.812864720740338,
5430197246202158592,142.22466159128555,-37.413478825051136,15.937011,0.8370104,0.3191205001840573,-4.868801498101362,3.1367616992197043,6237.4316
5430195360713778688,142.12430482206815,-37.477341583636886,15.937023,1.0947695,0.7501554989884734,7.1885384568838875,-12.852460997953015,5436.1685
5436152136756575360,142.55017759580414,-37.4296646048277,15.941246,2.4088974,5.316689836473513,-13.329359761554404,5.963190010671578,3582.932
5436199037799460096,142.4861951585726,-37.39209122290988,15.944208,1.1482983,0.3425379568962313,-4.1008591567111665,0.97667901322303,5207.248
5430209173328565504,142.1165523331387,-37.36801533155613,15.9469795,0.8238878,0.267426822258659,-4.047906607499939,2.882153680378299,6352.911
5436148941300993664,142.54692154584066,-37.54339477369662,15.948119,0.9936943,0.730333196051354,-2.986825069796539,1.9387729372824412,5466.064
5430196803822755840,142.1939794564723,-37.44066194486221,15.952536,1.061491,0.3600698339492475,-3.3985102894918042,-1.581103390920732,5497.6084
5436214224803298560,142.2210251340212,-37.3252611752799,15.954392,1.1133423,1.1228513018186004,-10.257232487357546,1.503745822906514,5290.909
5430196288426678656,142.23234725358927,-37.467699719252124,15.955055,0.8152342,0.22322831342026853,-5.26375554787348,5.011769067442755,6761.3555
5430191546783317248,142.28532329381787,-37.56401409406995,15.956029,1.2834787,0.2475763789813421,-1.891636159030994,5.616976611465269,5159.497
5430191409345439232,142.25873117210327,-37.59148700003114,15.956485,1.0694056,0.7922486337088452,-8.472461637044919,3.4352212774919177,5392.336
5436198866000811776,142.45357983412885,-37.42400627748876,15.957397,1.1229763,0.9101331820750748,-11.820160005777252,-0.9445535117491604,5041.8423
5436199999872146688,142.42617132981522,-37.36151717680225,15.9582405,1.0143557,0.9338552698524127,-10.904871484411409,11.029943230721969,5158.625
5436199312677350272,142.4786669862887,-37.367140786509836,15.958373,0.83461094,0.30481723101358127,-5.31405581312651,4.254050182840391,5670.6587
5436149284898363520,142.51348343667706,-37.49994449045869,15.9591255,0.8477154,0.3125272743880311,-7.431871474685024,8.0207673345718,6036.6274
5436149113099728128,142.4747555635574,-37.54299823495393,15.959347,1.0007973,0.4925932696562787,-1.9760131549416355,-3.8146727616496596,5062.0273
5436202301974081024,142.2687505029209,-37.35331302029395,15.960734,1.3288784,0.26713388244375735,-3.5106778666053953,1.8748887239303977,4952.372
5436196804416606080,142.38711990355304,-37.4967849275565,15.974383,0.88347435,0.4014393625123465,-2.6085035750303955,1.4498909431822748,6227.263
5436203264046716672,142.3749068808736,-37.33486709362614,15.976,0.85421944,0.25407523027801243,-5.715325880687113,3.636390137783068,6301.3306
5436199892492795520,142.43232135941426,-37.39181627268677,15.976231,1.0398779,0.337476532291085,-5.662677375777164,5.094082770891672,5668.5356
5436198178806127232,142.31930707178432,-37.42715916937091,15.979253,1.3091059,1.062170354370773,-12.419782559802929,7.908278892197915,4590.7446
5430190893948359552,142.18750777226848,-37.575589529512584,15.979349,0.8743086,0.412095045019658,-4.578359181687668,0.09766950721858926,6652.011
5430190138034154240,142.2057028639394,-37.63967363361701,15.981835,0.9744854,0.4302718030681451,-6.734124947578175,9.037917904051238,5877.136
5436201232524279936,142.31421331578784,-37.38379122100347,15.983351,1.3175182,0.09601965062860973,-2.4799632596308716,1.5784239914039966,5104.6177
5436199381397152512,142.53034408432075,-37.3836403915928,15.98656,0.8348665,0.29715880534998995,-3.8303063888204782,2.804356381149871,6373.256
5436199724994183296,142.498748640345,-37.34236707705361,15.987175,1.035347,0.5986037052100429,-8.683613324545211,3.910424087667697,5324.0728
5436199999872155392,142.4260466898276,-37.37101090422783,15.995071,1.2394867,0.158968030334574,0.4693893642800386,-1.238548504200097,5971.081
5430191684222238592,142.3289802417604,-37.56037460014663,15.995158,0.9939356,0.314064722688646,-5.059276685785699,3.6042348845208974,5501.141
5436201546059831040,142.3287686111991,-37.391672286495634,15.996193,0.8151531,0.396683646461017,-6.409968793489808,2.6382993346319195,6327.0024
5430191271905426304,142.30445734404412,-37.60106182248672,15.998319,1.1467028,0.964161187820389,-8.39986181443441,0.3144347715537624,
5430144680100158208,142.35901344202406,-37.592611556921455,16.00437,1.0230036,0.4209863897621577,-3.404858086780183,6.107321971631839,5394.6724
5430197319218810624,142.21742569254295,-37.404341490684,16.007011,1.2415171,0.9143082800266142,-7.272418384604979,2.829969468973247,4831.7925
5436214190443567104,142.21153095568906,-37.34763788295675,16.013111,0.9068413,0.4388565930364486,-4.88843208945317,1.5119455984299566,5940.686
5436201477340364800,142.27827661930192,-37.37563083721835,16.018215,0.98597336,0.7395774321973203,-7.446088089001734,10.974461413529783,5124.854
5430143408789811456,142.46088086805582,-37.63234963519511,16.02506,1.1894484,0.8185004279775888,-3.2998289662603693,-7.407493101782497,4676.284
5430190859588643456,142.17688077887937,-37.5936180386839,16.032495,1.3518782,0.3958927810694282,-7.716647655118477,8.312557142626567,4954.2046
5436202679931182976,142.31057017269106,-37.335451217009215,16.033993,1.0519733,0.8091787419115621,-3.626245484359861,7.461971075334873,5218.532
5430196150988198144,142.2763200068736,-37.45746308168267,16.034433,0.8965483,0.4866660010182723,-4.7723047987239,7.789028975183358,6057.592
5436202817370119808,142.33261934548307,-37.30485795972061,16.036987,0.91291714,0.4727291994355753,-6.117925362907011,4.838076537139644,5870.213
5436201133743627008,142.31408523550115,-37.422908514363336,16.037952,1.340105,0.2351844741979197,-4.933623527683658,1.6299563470953595,4915.0757
5430143748091689088,142.42407176905544,-37.600759051212826,16.054506,0.92923737,,,,
5430196357146156800,142.2185464889889,-37.4606170342681,16.055664,1.0852804,0.464442418243013,-2.9599571053937894,-2.4804888874905062,5422.7793
5436201546059824256,142.33895792109422,-37.38086203309399,16.057985,0.95636845,0.24577108750447904,-5.055063192698899,3.48712000198397,5808.1533
5436199175238431360,142.45290580937535,-37.38900906803814,16.061865,1.1043091,0.2672420306562256,-5.441351185655721,1.6209269588919641,5386.395
5436197835208746112,142.3604546794603,-37.46307710636617,16.071335,0.9111395,0.35791125454841827,-3.599431492985115,1.4891296166481616,5855.771
5430192611935180288,142.26225874232216,-37.51176487132499,16.077137,1.2044268,1.0082769544594716,-18.09850101114281,9.439385410922815,4785.632
5436203435845386496,142.40500598358966,-37.292268789178166,16.07722,1.3831778,0.11202193747154801,-2.3161394889666664,2.617208786590126,5023.732
5430208726652515456,142.10915695474856,-37.43705770743834,16.085945,1.0531425,0.6931964151502221,-10.394821740022604,5.650875124376475,5330.5156
5430207249183248512,142.09175926191082,-37.43778510761381,16.094229,0.8900299,0.3789390581932602,-5.434417344942922,4.5939837630451725,6351.642
5436197835208748160,142.35543308446904,-37.46087048934681,16.095072,0.87529945,0.3479139675337156,-0.5269741029679142,5.20537957437446,6316.1055
5430191684222247168,142.32361922433358,-37.56653061152905,16.096117,0.8647318,0.24227866632775774,-3.8189393964803786,3.0088022105525667,6206.2773
5430207146104042752,142.10128497354253,-37.46717422040547,16.096691,0.94012165,0.2548600709420563,-5.86722905936716,5.854700819651816,6062.5884
5430142652875684864,142.29288490401672,-37.656112083243215,16.098993,0.8940382,0.419640291859732,-6.869701689393199,5.815373576223297,6522.0767
5430195017116410880,142.1199014812281,-37.511684733376214,16.099522,0.9973812,0.6085986704734178,-5.333810617524237,7.23596504147204,5055.257
5430194295561896960,142.15632018129455,-37.52335717335842,16.103699,0.99871635,0.5224891123607626,-3.8515981299925546,2.1136033301671544,5526.2764
5436199724994182656,142.49715089526106,-37.34044207947456,16.107157,0.81225204,0.1816269282400843,-3.764185055098933,2.0974499505043074,6785.3657
5436148700782904192,142.45592672574006,-37.56997724130099,16.115545,1.0173845,0.4549312373720637,9.908996530525862,-15.463423410666739,5512.8345
5436199106518962176,142.45473723868676,-37.39942244879998,16.122627,1.142806,0.5609197244604801,-4.902821689376898,3.3389264919384942,5041.657
5430195085835869056,142.15318398570926,-37.49458888059043,16.127539,1.1304874,0.23912198569921445,-5.15878826014871,3.600275538851456,5735.8633
5436202267614342272,142.2809426408139,-37.36249198258107,16.132479,2.05441,3.257870813977895,-35.740770975002626,16.865658418792517,3916.328
5436199415756557952,142.5060872360123,-37.37934973785615,16.134102,1.2529736,1.193206911107369,3.018942651373583,-10.699815015444182,4640.7236
5430196082268244864,142.23948034442193,-37.46499375088337,16.139698,0.6574707,0.19006690569679105,-3.7446010239446395,3.5078264692927013,7578.743
5430196838182515584,142.13825080343616,-37.45725928854002,16.140274,1.342186,0.08760078595313406,-3.189287544311442,1.2762572783835888,5384.4263
5436199381396810240,142.52147976923533,-37.37805556122699,16.142057,0.9770727,0.37149425639074063,-3.537819791552112,1.668832108076963,5416.335
5436151754499226112,142.54102744156611,-37.441374101449135,16.15369,1.06569,0.40304408350397286,-2.426316723696749,0.9104084267062262,5203.2793
5430197280561904640,142.24080482688726,-37.407571804079154,16.158094,1.3967419,0.25948516343311306,-1.617997139867557,0.29646994088289547,4828.1064
5436198522403475456,142.35555604053374,-37.41053529435315,16.161617,1.2572784,0.19517810451391387,-1.3211554479601153,3.4909537611846972,5119.0757
5430192233978112896,142.23677040211834,-37.56074923902853,16.167414,1.4353151,0.34114631067143303,-4.745787817720672,-2.4700968241615904,4835.077
5436197594690498432,142.44558550980767,-37.42559462882474,16.169676,0.97985077,-0.05649840999027786,-1.342252811489896,-1.174745588442967,
5430191203185936640,142.31736685810841,-37.594229354671384,16.171274,0.94668007,0.39147901637023064,-4.28235859675364,0.6837471549809222,5944.34
5436200240390340224,142.39233351540028,-37.36576654928517,16.174015,1.3647137,0.19045578179977554,-3.6580192133104017,1.620578227123161,4925.87
5436149628495854848,142.40611120084543,-37.54541092335784,16.179619,1.1170664,0.5725971321594469,-4.8228220850954395,4.0613280137410115,5126.23
5436148460264718080,142.49842207690938,-37.584030603460384,16.193323,0.9424057,0.32967323683752386,-3.9754127395234526,1.1297408388096473,5869.1562
5430209242048520960,142.17306762918057,-37.3870852343497,16.193827,0.9867859,0.611470857158877,-5.02727201730605,-1.1799224542176177,5340.8877
5430193092971496192,142.27338187749348,-37.48835539611391,16.194353,1.0347481,0.5227939182534851,-1.772247801610904,-1.6796690605470728,5408.2593
5436204363558338304,142.32915812346135,-37.27760071603743,16.195744,1.0351734,0.5944553772439322,-12.928292593765622,8.592705347371874,5755.0596
5436151896238448640,142.48923025531076,-37.4350190703266,16.199745,1.0385609,0.8836754699541007,-4.087222802203364,9.783739591013994,5166.5464
5436198758623135488,142.38154140731794,-37.35919139955241,16.202854,0.91711044,0.2601529437682304,-2.2747092917477203,3.2552103805707935,5476.625
5430193402209312896,142.14617240145603,-37.60794109866091,16.20634,1.0840788,0.4325896754908129,1.8661099563254542,2.3097829619132826,5692.586
5436148632063429760,142.47222690935013,-37.58601673096315,16.214676,1.0389013,0.3307471945425818,-0.7357051512828997,-4.374370045974718,5860.3955
5430144817539093632,142.36845878828953,-37.5754123326439,16.216566,0.85084534,0.31355799301496556,-4.807675084272296,3.245307398614218,6453.044
5436203160967504768,142.29848228191042,-37.28051580141662,16.220816,1.0340433,0.6503977334399357,-10.324146275286123,3.538214173567127,5212.986
5430143752388357120,142.42392092726735,-37.60086631444562,16.223194,0.9312649,,,,
5430196357146152064,142.21976978602262,-37.448735175059525,16.224413,0.81359196,0.2677387741046084,-7.793415277215391,3.230130655906663,6382.972
5436145436607747200,142.5123173594167,-37.601193097159644,16.22759,1.2058268,0.9993571290643044,-5.979688372635769,5.240076876605034,4795.7754
5436214495383351040,142.2021192280764,-37.3129033236915,16.228827,0.91241074,0.29639942548925635,-6.137187568822571,3.0209518075422244,6074.075
5430191512423562880,142.3129241960751,-37.56833253720749,16.228977,1.3585253,0.027493248801433695,-2.879710454962961,2.2868962281134024,5024.675
5436202061455878272,142.34334433410544,-37.32028264532279,16.230146,0.95401573,0.472707401398797,-2.884964748299655,1.913885842993661,5515.0083
5436197113654217216,142.389588836491,-37.458663808562825,16.235184,0.9538059,0.2636776315419246,-2.745196682218476,1.1443681789296827,5587.5596
5430191679922383872,142.3239018771901,-37.56589876228279,16.236238,1.1659918,0.7183105744684507,-6.168843819300356,5.996686989456229,4659.154
5436151995017418880,142.5084050377857,-37.43040759950849,16.242355,2.5215597,,,,
5436199553195492352,142.5266497085176,-37.36669792900853,16.25023,0.93592453,0.31296402940585577,-6.0999202784644195,5.038236511026225,5729.9277
5436202267614337792,142.284447408308,-37.35715636251383,16.263336,0.96561813,0.5124921908444666,-7.127390991748388,3.647518044056453,5263.818
5430192749374117376,142.30580202411775,-37.52461928091762,16.276026,1.0677547,0.5434303573363638,-6.609323606512683,3.6816830423927804,5077.103
5430192268337843328,142.2423228302636,-37.556549054732066,16.277592,1.048768,0.24087239417724024,-4.869475691449356,3.4177162746742393,5301.6494
5430192989892290560,142.27752250911817,-37.50853767522232,16.278688,0.98594093,0.3791377842843519,-8.55666279259727,3.929346546739173,5403.885
5430196632024087168,142.1486013999428,-37.471479490002274,16.282217,1.0586071,0.4439739098518209,-8.44977213782516,8.495496103365692,5655.239
5436150865446269824,142.57171148783067,-37.46523822496066,16.28243,0.9401026,0.4190491597052103,-8.004481192001588,6.3062391729709155,5688.0874
5436198144446362112,142.35374488328964,-37.42063111877901,16.283825,0.8879881,0.3965471270934339,-3.967127746571876,4.5448066231223425,5892.291
5430190481631536128,142.1580326012034,-37.59693475063392,16.292564,1.113204,1.340575822814668,-12.118571354010676,-2.9331718626107706,
5436214465321471744,142.19270996546703,-37.31857941828833,16.297163,1.0360317,0.6429265656829442,-12.889656280207706,10.916703884023429,5296.71
5430143168271715072,142.3726698306691,-37.662351563398474,16.297298,1.1592197,0.3005677060771499,-8.729541699355465,8.438602995200828,
5430197044340931712,142.1508730458,-37.422096145570215,16.297365,0.87170887,0.3109546488779837,-2.9622772618636573,4.872655524107392,6082.177
5436197422891852160,142.413168331723,-37.463384960311124,16.298752,1.1788635,0.6821282784031865,-9.74520969328596,8.280127563173028,5014.8867
5430191439406049152,142.2749036646641,-37.58305574743295,16.31207,1.1329842,0.3385907046018732,-8.51380541040703,3.8595006224596657,5070.357
5436200034231874560,142.44792956806546,-37.36403130625974,16.314135,0.7755556,0.25496956301202733,-3.798686745771373,2.0136043555708802,6594.0845
5436149834654244224,142.41801862054194,-37.50867781795642,16.315306,1.2042933,0.7589789529304918,-17.46189103312424,6.162998863368057,4797.856
5436148391545235968,142.50942875291432,-37.58692323906585,16.316988,1.0593157,0.547889479084625,-4.285538374800004,-2.5172145780666155,5329.705
5430142584156210432,142.3012562495428,-37.66584421007811,16.317978,0.85130215,0.28007839640123033,-4.0037880351681805,3.685250858287393,6616.7773
5436199037799460480,142.49388452086438,-37.399574913462985,16.326637,0.8523655,0.2768295342856285,-6.047970479319913,5.667243672472612,6285.1274
5430208726651989760,142.10205726013274,-37.42300705983374,16.327372,1.2790709,0.7765159493445746,-4.395071255182467,2.46841092610458,4811.0806
5430192921172799488,142.30080337673,-37.50026896277249,16.32745,0.8383465,0.2828577130994735,-2.3235991010305366,2.728765410227166,6523.91
5436198625482675712,142.36239380783098,-37.39411479491422,16.332983,1.3101797,0.297103178366446,-2.200847945555302,1.9045267971814916,4862.4517
5436197491611335936,142.39324659656413,-37.45706245973074,16.33866,1.0373173,0.28912890828814336,-1.181158057200382,-2.783161951458663,5658.419
5436152411634471040,142.52431599310208,-37.39514392586505,16.338808,1.018095,0.5028259944020113,-8.378548103836932,3.7317015518631056,5308.7793
5430194329921626496,142.16856964413415,-37.51155623829525,16.339462,1.7214127,1.5997574460028472,-17.959974366063996,12.734266269860466,4358.0864
5436149697215315200,142.4132646770884,-37.53333572429643,16.339525,1.0242481,0.6520043475757015,-3.844755393493041,6.917670443900562,5295.91
5430195326354048896,142.1201444074358,-37.49595832090844,16.340538,1.3436155,0.33096971491367183,-2.468287076841906,3.7020776545863567,4978.0024
5436214873340504832,142.27841084848316,-37.278983760328714,16.342218,1.0518599,0.23317064896560694,-7.856928142845223,3.4162760487311044,5690.87
5436148941300992000,142.5426319762515,-37.53797300910161,16.343166,1.6333237,1.5178809336200036,-15.612686268174151,10.238302657881455,4408.121
5436214327882510592,142.22853521580817,-37.322662214530354,16.344322,1.4029684,1.1928730849326021,-7.423800816523448,-1.9552326890773717,4529.0566
5436200412188415104,142.41855921051632,-37.321228198081066,16.344324,0.9231863,0.35066858349365965,-11.167668355403388,10.75624183589821,5785.8003
5436202405053301248,142.24701854057503,-37.35300181987723,16.34766,1.7113657,0.2990948519082948,-11.67514363629939,18.704978295320146,4212.312
5430197108763175296,142.21325315841506,-37.43543528191002,16.347973,1.3936558,1.3201248887256845,-27.754908959894067,11.562380594413746,4462.832
5430194089406089472,142.14364521718707,-37.562846326915036,16.349045,0.97509956,0.1663693350968778,-3.518616710944036,2.1993231811464744,6196.507
5436202748650658176,142.29498421391324,-37.31848015860309,16.349224,1.0012932,0.24864722318606577,-4.90483235615595,2.0456842814635054,5085.335
5430195223274840192,142.10302274889403,-37.49538151916861,16.35588,0.899354,0.49114598752532246,-6.02441006631286,7.466932907707442,5690.1704
5430209551285681536,142.12774096912668,-37.36295475975335,16.356663,1.042983,0.5966708808116781,-9.386141386840965,0.04166359708334629,5299.8687
5436199931152672896,142.43919533230465,-37.374003852812955,16.35671,1.0655766,0.6343978307863042,-8.978827071061426,4.492285804814891,5291.6265
5430208932810416000,142.0983295038984,-37.40982746103652,16.357515,1.1658106,0.885734307518173,-13.7530141771438,5.4106647722711685,4889.992
5430196735103282048,142.20267663522637,-37.453526090955805,16.359972,1.1036558,0.29331062137706576,-0.8055249555229423,0.4966468403614623,5512.886
5430197387938300672,142.17959945500047,-37.41097200822764,16.364285,0.90773773,0.24371606937600956,-3.2324917001590525,2.533829231023774,5864.2544
5436197835208747264,142.359428183087,-37.46363546143642,16.366951,0.9535055,0.38867939372324545,-8.706029437751463,4.975141858729817,5643.686
5430144439581987840,142.3793706992446,-37.60782677947989,16.3781,1.4256477,0.2932964886367196,-2.5227810798620167,0.9157609195323644,4897.356
5436203607644083840,142.38060058519065,-37.29089580162633,16.380735,0.97104836,0.3024362254237301,-4.117526983805671,1.554436615367917,5715.115
5436201339901419392,142.25760947779003,-37.403327526890976,16.383795,0.9014969,0.43395654349404345,-5.975774507947638,2.8198887721182126,6115.2354
5430196284129396736,142.22260058835468,-37.464689351020674,16.384338,1.4677782,1.3913466508508725,-11.781837478393257,3.432986563176194,4496.701
5436202061455880576,142.33433691814474,-37.32013653649241,16.386194,1.2915039,0.15541672419469507,-3.9504139491353496,1.8161750237825465,5048.6753
5436198625482675456,142.36369462166638,-37.39467572275999,16.387321,0.85766697,0.3329355602978661,-7.14685669394218,1.7293377885914365,5829.505
5430197009981184512,142.1823682439076,-37.426339386930536,16.38797,1.2108202,0.3476134294528616,-4.88413252726838,-0.20198463914109455,5785.2124
5436197732129553152,142.3418220333866,-37.473818615463955,16.389975,1.252039,-0.5049681845036992,-9.639574755481199,8.863016702286462,4729.4214
5436197010571612544,142.3861474245078,-37.48837688804475,16.39157,1.0079937,0.5324130622914885,-5.037068904929381,4.23737816344712,
5436151312122854656,142.57515638739122,-37.45041775310725,16.39357,1.0471115,0.30159542174922466,-0.3308216718444488,2.156444236663321,5322.6055
5430189656997759744,142.27920880122832,-37.628221208998525,16.394829,0.83820057,0.2944188508109462,-5.050948098956626,4.857697323810292,6919.668
5436151312122853632,142.5686346482594,-37.444037110139206,16.394894,0.8206072,0.3342287180316426,-3.8253049067886606,2.7284232784436138,6322.6934
5430196941261724544,142.13380693625274,-37.43732653164241,16.399277,1.3174629,1.0998252138593585,-4.9568957329258945,-3.278007628109269,4604.0073
5436198075726931200,142.31841388726664,-37.44610885841553,16.401295,1.1454372,0.6544145182278267,-12.948514248621176,8.469002768734047,5041.9146
5436149628495846272,142.41277954364432,-37.54125751327024,16.40221,0.9093723,0.48673277684311583,-2.5861471914371057,2.4286761338313765,5663.186
5436201924016939648,142.31542003469218,-37.34210766207747,16.4054,1.3279438,1.0299184591791628,-9.649035562630038,6.040794061246448,4661.889
5436151758799465216,142.54425100164343,-37.43911127795709,16.407045,1.2311144,0.6228692815125328,2.400850391253227,-1.9920472150201403,4595.508
5436197113654220032,142.39066796570881,-37.46190928771701,16.411234,0.91875744,0.28096258923919126,-1.125056373193171,3.988588026776725,5888.284
5430192195324928128,142.25494242352673,-37.56511114176684,16.416826,1.0172215,0.3113369593593513,-0.9443466273825811,1.4917240780147845,5598.601
5430197113060392192,142.21282813808665,-37.43354778779578,16.423414,0.84695625,0.42812934469353703,-3.0716326529398987,2.9905474597468604,6238.685
5430209104611698816,142.12886948584375,-37.37264808370014,16.425074,1.0572491,0.39174968158691587,-8.122214633470733,4.358298940349843,5434.3423
5430208932810419840,142.09175802441922,-37.413929480026724,16.42724,1.1477375,0.9011823000403157,-4.995660816458277,5.248118826680222,5050.1777
5430191409344393344,142.26266331562314,-37.583764646525104,16.428852,1.24961,0.6193310773703519,-7.553886697182074,5.5316482631390285,5051.903
5436197835208739840,142.36965789587228,-37.46427602022325,16.429459,0.9618063,0.3792809094234218,-4.189410695901006,2.777206106105405,5690.7515
5436150762367106176,142.52275574895887,-37.495525174314395,16.430882,0.989131,0.41310233523849804,-9.367097274593647,4.384135380056701,5255.9316
5436152171116294272,142.56368561740783,-37.41532666831076,16.434643,1.1264725,0.5098358609928584,-3.990926706642978,1.8338666942429125,5152.8706
5436202645571453184,142.29143710877008,-37.34638581509857,16.438103,1.3635931,1.2272317179534422,-12.943809769343163,-17.329602818996662,4421.8003
5436148632063426304,142.47535372719597,-37.584300307218165,16.439934,1.9475069,2.1673981574339223,-7.6910641285506385,23.88757056849195,4275.7417
5436151827518977408,142.50294070446677,-37.453327794743416,16.443901,1.1404457,0.23742196221335707,-7.3540262768428,0.05707323764739654,5202.131
5436201820937734016,142.31218997724622,-37.366610018356816,16.443943,1.2197628,0.19868151185815103,-2.8604877872228167,4.060104505725304,5038.3755
5430195738670896768,142.1792014811651,-37.51389114964218,16.444199,1.086792,0.6646451785494724,-3.660873500547222,-28.068629319182023,5420.8984
5430208898450656640,142.143834459504,-37.38580668963066,16.446579,0.7615824,0.22420684961119822,-4.501743534447416,4.487505173729989,6623.672
5430192680654658176,142.25276711336383,-37.505099653009225,16.447798,1.3684359,0.33546779515311126,-2.0058409486013042,0.0584287043077824,4932.494
5430196082268747392,142.24007011362502,-37.48282668565202,16.454702,0.93563366,0.4491173285759662,-6.756634095003499,7.9524367135319585,5565.13
5430144400922369792,142.37859409542457,-37.614562560498065,16.456661,0.9860296,0.47024565710535066,-6.370426033339606,3.1088593116750003,5173.764
5436148662122476544,142.48227938956947,-37.57173967769821,16.460176,0.95073223,0.43634074457129474,-7.196863628533813,1.2521497867172564,5208.3174
5436148906941272320,142.5363374492355,-37.55919532673265,16.46115,0.8980017,0.16759821556226664,-3.8550603976645164,4.16922801735636,6073.295
5436151896238450688,142.49304793986056,-37.43992629220362,16.46466,1.0747108,0.5846822718616328,-9.700133322856859,3.1872931630908465,5105.212
5436151552641078528,142.51915630797845,-37.47666154602609,16.466843,0.9010954,0.1938665258224652,-4.957789700980473,4.098505325857666,6066.224
5430208859793735552,142.13228301026982,-37.40504915247234,16.467989,1.3367968,0.2094438153396193,-3.2033565663587944,4.92810221091198,5042.969
5436198866000807936,142.4642861819285,-37.42781734273469,16.468225,0.87156105,0.2808807376223588,-3.162198789004351,1.2996002855508806,5944.6597
5430197078700661760,142.16804196924653,-37.41710946949009,16.471935,0.95633125,0.3394185157957186,-3.9435314815524514,2.029913625270251,5707.9443
5430196116627977984,142.24543857586337,-37.456551676529905,16.480444,0.99191093,0.49958049033077057,-6.956623680470979,-0.3073238717793326,5407.422
5430195051476144256,142.14025308214445,-37.518566885551344,16.482656,0.9940319,0.34759405952044925,-4.858836410843017,5.082248470448878,5604.549
5430195871812510848,142.20473735439336,-37.47940669498174,16.48781,0.9687357,0.3114882375830864,-3.7836822056003765,3.907268895126223,5966.382
5436152445994195840,142.536029834543,-37.38562653341825,16.499176,0.84874153,0.30770470140271433,-3.666007359506736,3.620804054989037,6304.144
5430209340830124032,142.1916600034861,-37.363744905296784,16.503746,1.0588036,0.4336815991070921,-8.228447275010435,3.147515659646113,5485.998
5436199931152673920,142.43738062675558,-37.374922093909525,16.505228,0.8292103,0.24994451291067576,-3.9294841885688783,3.0652569003577916,6158.6323
5436197938287945856,142.35397256208716,-37.44003312250191,16.51095,1.0094566,0.4785247613003643,1.0123317050342573,1.0069272676145142,5379.0874
5430196528944817024,142.25466027474667,-37.407386891507095,16.511112,1.0536089,0.345282789816194,-4.399915119132175,2.971591179031549,5439.6733
5436145814564852352,142.51801123799044,-37.58794692377512,16.511364,1.0038977,0.30265348545302984,-4.286038297808332,2.2584238850981957,5038.7793
5436202370693570304,142.2253937616348,-37.37297101094446,16.511734,1.2567425,0.20847848292493912,-5.458055203550643,3.395175047098654,5209.5557
5430144302143050880,142.34814008656073,-37.603862895384644,16.515598,0.9647627,0.3841182682597675,-6.4421067265316125,5.256960866473841,5941.8765
5436148906941276288,142.5307294636113,-37.55947996457141,16.51879,0.9726343,0.42513303629900984,-9.610551978688175,0.908119725425314,5116.5024
5436200446550203008,142.47256287900092,-37.33656373854807,16.524008,0.97243214,0.3271586855472353,-2.228485548444909,5.631431763975078,5404.425
5430143408789810304,142.4683361653683,-37.636416280595974,16.52602,0.89769936,0.264925894890352,-3.8771134389382844,4.5664321822930045,6498.531
5436150796726832512,142.5295695832362,-37.48320469412777,16.527357,1.1591597,0.8444100020925706,-9.927108529657229,4.767682558425179,4692.009
5436202576852620160,142.2391413599209,-37.33648713622781,16.536312,1.0141449,0.4337095711577477,-7.06253594412681,4.205275771888197,5267.3936
5436201202462459904,142.30616226325697,-37.40637507958821,16.540508,0.95807743,0.3572030963874113,-5.323303022744473,3.1911699782715863,5921.4624
5430208829731675648,142.15453326628867,-37.403564824060915,16.55503,1.0979433,0.2607923648693747,-6.14353341359862,4.142986704313786,
5430197559736965632,142.22270853530242,-37.37352025403574,16.556831,1.1758614,0.8497943438286569,-4.328754137218714,3.2807856121791605,4926.992
5436149869013971328,142.4669657427595,-37.5357918842097,16.557543,1.0830479,0.6235627953219098,2.8979671341602105,-2.4698321500283464,5171.6797
5430193024252017152,142.28457360507554,-37.49225768037827,16.560688,1.0043373,0.4949306691473092,-6.313646950449543,5.526421071183853,5437.234
5436197148013958912,142.41804735949245,-37.48579694946869,16.560867,1.1147289,0.7056698082802061,-3.7867588654796243,3.5949329788483277,5081.5117
5430207249183246720,142.09935362269033,-37.44002500888276,16.562725,0.97701454,0.3101481708434262,-4.70694391373035,3.266533583160606,5727.299
5436203362828120576,142.42257333240235,-37.308099202967,16.56492,0.89578056,0.4688569664264849,-3.5879449168028446,0.9152649257799081,5769.551
5430209620005139968,142.1643597329755,-37.34562278416836,16.56538,1.2911015,0.2306957872840424,-4.858274332046747,1.3128694900331594,5013.582
5430191959100149248,142.30602656694975,-37.54571880941501,16.566236,0.87563705,0.21932206575665003,-4.946523583871082,2.6020389862156654,6454.9854
5436196834475848832,142.4028689580351,-37.48834505157858,16.567875,0.93899727,0.20510879259970358,-5.846057177554739,3.718107061504316,5634.5625
5430192062179331968,142.34689572204132,-37.513985838018186,16.571056,1.3350782,0.10458092450785708,-2.282419216757423,1.6237366172804244,5010.715
5430194295561898496,142.14745955911235,-37.5203847391473,16.572466,0.9653492,0.29695852253773897,-6.105842949243545,4.186516644205369,5785.419
5436150315690518528,142.4758929769735,-37.474155452048336,16.573498,1.0372543,0.4483293769563192,-2.9360325361625055,-0.37840901831521445,5218.0996
5430192508856023168,142.2180497670966,-37.54982226539167,16.57366,0.95563316,0.3996893738691453,-4.881727668732976,1.7019469421336897,5713.713
5430195218977450624,142.10753163324293,-37.49431296102594,16.577955,0.8891239,0.16335349300372892,-4.452249465833473,3.9265008725678143,6441.654
5430195841750100480,142.1815584929432,-37.48601062738078,16.580185,1.0461054,0.39125098505404843,-2.433721903529209,6.089833952820621,5518.382
5430143473213816704,142.443749089797,-37.626430065780056,16.582298,1.3037443,0.7766201003374991,-7.358772673532859,0.8293629978615861,4703.71
5436151999317648768,142.50847579146608,-37.430339995569625,16.583042,2.5162249,3.650270218182949,-5.016349783363179,13.014178055602466,
5436196838776325632,142.40098350750918,-37.487065077806754,16.583271,1.0513468,0.3505648935540311,-7.415203203733209,5.880704424312241,5342.5005
5436148460264720896,142.4913717640218,-37.58123940724885,16.583803,1.1497087,0.8099866344426235,-3.848879911262456,-0.6552361512744836,5053.511
5430196528944820480,142.24728923950482,-37.41019836862983,16.585188,1.0163593,0.36148437382628856,-1.6316760805605823,3.995543929798003,5646.8286
5430192027819606528,142.3357960732818,-37.539219282721554,16.588213,0.90441704,0.36291096842694387,-4.930970702440646,5.952957142708748,5808.1406
5436203745083027840,142.42589897318788,-37.301574518803,16.589338,1.0053043,0.41646103539044466,-6.206956786500858,6.111679171334769,5396.106
5436214877638294912,142.27574240685874,-37.28180636576544,16.59126,1.0278835,0.5671120819190986,-7.931307170427358,2.554467174951917,5261.567
5436152136756580736,142.53917863897618,-37.4288198447607,16.594688,1.1451483,0.24638129960079352,-4.895179318698989,0.9382087683914303,5252.7993
5430209585645410432,142.13654939475765,-37.34429833781773,16.597826,1.0453234,0.33255238887408917,-5.133773531067671,-0.5942925554962712,5688.4214
5436150624928132096,142.565899716146,-37.501718247305845,16.601528,1.2911167,0.0277583755714131,-2.000503523509056,1.9550289914883945,5144.4956
5430195085835867520,142.15824479206142,-37.49568122778331,16.610703,1.0695562,0.18971947635732822,-2.39705985317263,-0.15161474849979853,5628.4165
5436199621914991488,142.48574552558875,-37.36758096872077,16.613447,1.2717304,0.9119332365819465,-8.866145615496713,3.7122713283367013,4758.4023
5430143924187018752,142.35787394170785,-37.656079211421115,16.620857,0.9601078,0.309272390767911,-7.868792206856876,4.312848126888117,5678.6865
5436197315512263168,142.463685251104,-37.45639030153245,16.621552,1.01577,0.27187404370782126,-6.962687944187051,4.7528386193981245,5225.292
5436197697769820672,142.3428935292981,-37.48206700706413,16.62179,0.90408707,0.4217193434436162,-3.4013179962047646,2.8683868132195367,5954.223
5436203431547609472,142.40770942433116,-37.29629257089065,16.623405,1.0795689,0.5625127808293392,-0.33512893663436055,0.15770793061503086,5096.1924
5436148666423145984,142.48552390344742,-37.57016224077628,16.62554,0.9546528,0.2397920743593634,-4.494300075449128,1.1905645348933496,5670.335
5436150521848929920,142.5617364981388,-37.51499415652911,16.626997,1.3020706,0.27574159598344145,-6.038416890543514,3.8029758844275854,5035.7456
5430192474496263296,142.2425171602352,-37.5414414249739,16.631025,1.1256638,0.705524288190385,-9.607828364241353,0.6734777297507061,5349.9907
5430191100106752384,142.3057214708991,-37.624227642888954,16.63728,0.9305153,0.3642116441280927,-5.308034119746588,2.786158538255971,5866.4375
5436151827518980480,142.50099338842296,-37.45562351202164,16.642412,1.3497477,0.9016717688034314,-18.071152378685557,16.742792847582095,4665.061
5430144027265158656,142.3580704067081,-37.62930900848524,16.643984,1.0321636,0.3646024665882335,-9.153224277283067,7.0962657535154685,5327.236
5430192611935188096,142.25582820198073,-37.5169155926459,16.644453,0.8868618,0.2618349213431245,-3.7771166480030445,3.5866991084013415,5871.0283
5430193711446931456,142.13661957462173,-37.565867657320105,16.65125,1.2500029,0.9212770194492513,-19.10084981501411,15.13473390149731,4772.8857
5436198934720506240,142.49126084913388,-37.41443383372711,16.651363,1.9787254,0.18544492424368803,-27.07847824990538,11.658621385584148,
5430195841750099200,142.18404486650792,-37.48489696865712,16.653069,0.9135456,0.24466396689520883,-1.4782086599692523,4.895359040503305,6003.925
5436152029377191296,142.50771855651902,-37.41555187253133,16.658646,0.9091015,0.4863566216526597,-2.3268392250692975,2.96061683947295,5595.805
5430195566872718208,142.19811822419797,-37.50821863560549,16.663145,1.0105305,0.5396325580450364,3.0832032388758432,-3.6265652253301273,5502.7266
5436196907495836160,142.36460407225624,-37.497213340260515,16.666378,0.9051151,0.3546693035781096,-2.1751743492217495,0.8112783282533709,5645.8022
5436149864713408768,142.46739130537583,-37.53299234788831,16.666445,1.0878162,0.4673683460959329,-7.502219020567323,4.098261346629923,5136.735
5436152166816135808,142.55775074116977,-37.42044477905677,16.669188,1.0154514,0.4187695910644341,-2.116575861126625,-9.133836014634094,5454.9756
5430195669951918848,142.21278168727832,-37.50183754149487,16.671162,0.87429047,0.210460858478989,-6.360003740070003,4.883172502810983,6248.203
5436201683498769664,142.3587811565227,-37.37459185900087,16.67319,1.4975691,1.113916196983114,-12.572077697008886,3.087048512826712,4466.116
5436203019230745344,142.27792490995873,-37.29731450111689,16.675442,1.0006332,1.1035957676335852,-5.4337156906528055,-1.0205929079141152,
5436197388532070272,142.44672496582675,-37.43116834702498,16.680168,1.1674576,0.25797483143609634,-3.090758809930379,2.579530709929084,5041.718
5436198110086641024,142.34554735207578,-37.43704864981897,16.684786,0.9284096,0.3151248085108651,-4.369708139635529,2.6950647184166456,5716.11
5430192680654665472,142.24698520366593,-37.510977688782326,16.68494,1.0530643,0.31579629495072586,-7.32129598854036,2.7164490519414124,5379.7754
5430190138034157440,142.19337977163505,-37.633590841833744,16.686295,1.3657064,0.8169106211367384,11.108752207488031,-3.5451825269269266,4769.172
5436203642003814528,142.4031710660658,-37.28622293302205,16.687464,0.9888134,0.28192208242550676,-1.0251750453726842,6.177733252830251,5725.004
5430142515436751104,142.27455253155782,-37.66478665241408,16.687738,0.9947777,0.2831071788704999,-4.471065816403586,2.949185109072106,5634.674
5436149211878389120,142.5260411260454,-37.5247326120732,16.689613,1.0364285,0.43684569593927036,-5.861074825170537,-0.6283126680198302,5303.693
5430194810957997056,142.08883015000112,-37.522157691178194,16.68982,1.1853771,0.6611597912424722,-7.783844830760234,-0.9956555519769793,4936.097
5430144267783329408,142.33361325596854,-37.61217569133823,16.690907,1.3209887,0.07249924831792436,-2.368530361279478,1.8761190180952765,5154.9956
5430194192482690304,142.14724599114365,-37.535119061436085,16.693392,1.5316191,1.1635598000615104,-18.087808495348106,5.4469701771881756,4479.4937
5430193470928780800,142.130331178216,-37.58357700504952,16.695084,1.2145481,0.35322336237553825,-7.143872113885212,5.966920791055607,4973.0312
5430195979189036032,142.21261605183597,-37.457801021772184,16.695463,1.07448,0.3025767214097069,-6.104186794314961,4.341857737791668,5388.057
5436197422891850368,142.41396380460452,-37.46165540632022,16.69923,1.0991707,0.5129651773336492,-3.416530092445315,-2.184578962260523,4871.253
5430144645740404096,142.37447293050806,-37.58474176186996,16.69989,0.97927094,0.2775533608798373,-7.056547570009791,4.338884057365763,5679.999
5436197319812604416,142.4600811451569,-37.45939789191504,16.69991,1.3768101,1.01780705703031,-4.645080343200307,-4.58046254848946,4735.397
5436203195323017088,142.38648972506476,-37.338993894169036,16.703026,0.9064274,0.3628385610076062,-6.586983412254565,4.157956937519318,5598.2324
5436150143891867008,142.4554166769108,-37.51126314140698,16.703888,1.1568432,0.7662350589788548,-15.371101607431648,-0.7577684525641568,4960.453
5436214293522776704,142.20689771626348,-37.31964750840908,16.706146,1.1163483,0.30713812833378173,-5.483577823869909,3.4829267360075162,5063.061
5436200068591594496,142.46312505011804,-37.354882973476776,16.711163,1.0490017,0.42402518021116936,-2.921138153485781,5.212063877437677,5182.5166
5430191851721080448,142.3575630721779,-37.529642497272924,16.712194,1.1139946,0.59909730606062,-12.951350119537596,6.885076353853732,5242.1807
5430192268337832192,142.24996754011286,-37.54632202838111,16.712986,1.2344055,0.7648449228015961,-5.741224257638824,0.5791972529438123,4850.268
5436201030664416512,142.30735376458404,-37.42135234693186,16.71476,1.2287064,0.7834785312293072,-7.556299518950405,1.2451634574847406,4784.7593
5436150350050260992,142.46706547568363,-37.471477632082525,16.715479,1.7681675,1.4990979924694612,-11.97680960227428,2.828490317378813,4243.8047
5436199106518955008,142.46336937076657,-37.39794314783069,16.718054,1.295269,0.8184685286792027,-10.618253713335001,6.33653825547421,4620.813
5436149044380250240,142.49301482832388,-37.556620493639414,16.718103,0.92183876,0.24779995277571104,-5.114894641114992,1.2927630898841302,5500.102
5436199896792956288,142.42913071289814,-37.39552670412324,16.718346,1.0923729,0.5110241910939767,-6.323688968355865,7.25144399115565,5791.4536
5436148460264709888,142.49894899447781,-37.57508052296261,16.719416,1.2933073,0.09080721472744564,-0.6605637601330325,-0.6942876340011417,6264.129
5436150418769728768,142.56154261594634,-37.537835146601225,16.721989,0.94922066,0.41202411329701416,-6.420643615093624,3.837900830986594,5243.119
5430197108763175552,142.20674805194875,-37.43350279844005,16.723463,0.8451061,0.15887967101606348,-4.606195451382188,3.3423267373774377,6112.9062
5436201305541679488,142.27751129285787,-37.402741512095346,16.724976,1.2170334,0.6942965901026468,-5.480412961330667,2.9892218293130197,4766.1562
5430209620005138304,142.16147138414348,-37.338460220598556,16.728025,0.9060173,0.3043111858820913,-3.2029244065141977,1.7132177561779323,5742.918
5436199312677362944,142.4663569595507,-37.372103347652356,16.728905,1.2847672,0.6202127846643862,-12.23929064633806,11.140973821944637,4951.801
5430209138968834816,142.1101309270274,-37.38278284222477,16.729082,1.0180511,0.25775965320561633,-8.682167454663382,3.5432697186805973,5208.123
5430191374984647168,142.27794292063712,-37.58726544697528,16.730028,0.8778477,0.2661747870514541,-5.694452320726408,1.9750136840384958,6165.719
5436201442980620160,142.30262348212838,-37.37819336119568,16.733652,1.1018925,0.48111580659068953,-9.66612616873671,1.9415122944784842,4872.935
5430197353578542336,142.21987464466108,-37.39027434860212,16.733868,0.9370289,0.26836385740616875,-4.778442290820726,-5.248316105787333,6184.4185
5430193883245619072,142.14494734003688,-37.56642153514598,16.735266,1.5119791,0.9423783662996353,-15.948278671003626,8.161239561894421,4354.4653
5430196803822756480,142.18762970079473,-37.4359385811448,16.742725,1.2451038,0.873569108400092,-6.668363781890198,12.868604954488832,4834.493
5436196941855587200,142.34751062127697,-37.49686894625013,16.748915,0.8419533,0.29028459801514767,-6.080046261637524,3.896493229453718,6651.2812
5436200755786334592,142.46122478941535,-37.31208027232296,16.749464,0.87820053,0.22944209304282942,-5.042098891744066,0.9582819185508946,5831.797
5430144297843156224,142.34123367287967,-37.61225178216325,16.75173,1.0542946,0.5588115066911008,-11.083612613507904,3.4742628558544166,5269.5684
5436197869568460672,142.37919227640327,-37.449839330034976,16.75457,0.9271393,0.2670140115298149,-2.8034530841303695,3.4739940356467622,5500.1445
5436150212611348992,142.43728718983422,-37.50294505436478,16.755093,1.0062637,0.5506438933375967,-6.917538070912691,2.1599161806354488,5297.585
5430144164704140288,142.3123952386671,-37.62796450881753,16.755194,1.465313,0.3824877437147034,-3.7518571761048167,-2.3842501006331993,4691.378
5436197010575021696,142.3818670492657,-37.477677181267914,16.756832,0.982069,0.2108422382987354,-6.4777505836142755,4.144211067808726,5427.226
5436214808918833280,142.23331278625903,-37.29060175118625,16.758682,0.9916153,0.29691529669062017,-4.570135199911724,3.945521155325678,5475.8403
5430193745806116864,142.11379258505164,-37.56392585329659,16.759241,1.0167828,0.38186050657207243,-3.40425529485891,4.147694424136068,5298.167
5436203401485652736,142.39412706771077,-37.300147794551705,16.759272,1.0993519,0.26081592406304016,-3.555270056004886,2.325267667775945,5212.5366
5436200137311081344,142.44660430014218,-37.35321320410366,16.761475,0.98736763,0.2662658185061707,-7.080653267059235,2.7077211181569654,5445.987
5436150728007357568,142.54328234412168,-37.496331721842694,16.763493,1.0682545,0.2581141607774304,-10.238560434240245,4.831186109806154,5429.0166
5430197246202152576,142.22988365424405,-37.41634170784817,16.770517,0.9083748,0.22845345794246188,-2.7761402378519318,2.179390773431021,5697.8384
5436152411630973312,142.52980164661446,-37.40752900046912,16.770735,3.0225143,,,,
5430197319218809856,142.21310915656827,-37.398563931317405,16.772356,0.98086166,0.3009236758899312,-4.261533459309239,3.321980960014175,5101.9873
5430195395073522688,142.1039757557571,-37.47476775473139,16.774115,1.126997,0.426796890057406,-10.25974030992242,0.09783262646685348,5016.0703
5436202611211721856,142.24686798549126,-37.32656162048247,16.774942,0.92790985,0.24356903327831317,-5.7860751550759355,0.9398293644917912,5605.3516
5436214808918828928,142.24332643852475,-37.286966367061495,16.77508,1.1975288,0.6127477692610618,-5.4856842105308665,0.6897213338857215,4840.4395
5436151518281353728,142.50384255097714,-37.48552162489222,16.778091,2.663518,5.3537799588039094,-30.286538809854278,-4.082234598152033,3425.931
5436198934720253184,142.49924485584253,-37.41404320007249,16.778603,1.0167656,0.3115195823031637,-5.152477217631386,1.1458780292898951,4995.948
5430194089404048256,142.13845312798983,-37.55994309316256,16.778725,1.0340233,0.41530851824328746,-2.263545105770325,3.6833723500427844,5247.68
5430143477509290112,142.4441019514951,-37.6227123695388,16.779087,1.4135113,0.1027573998270348,-4.265128930842453,1.3513234650894366,5108.091
5436199896792946816,142.4326622343116,-37.386629309031164,16.781075,0.8231106,0.3132243889419322,-8.998026640592702,2.1576459478544328,6567.6353
5430189656997765504,142.27351273289634,-37.63110517714815,16.781107,0.9501915,0.34227883766339184,1.875779924036014,6.225469983270342,5841.714
5436202709993067776,142.280372609921,-37.3305361155387,16.781511,1.3183327,0.9880227299275076,-12.943549520250658,17.347086624260264,4666.854
5436198384964501248,142.40677250840668,-37.42400106059442,16.78216,1.3466663,0.965558529858935,6.714092523904763,-5.328353848368728,4408.5396
5430194295561894400,142.15505175307322,-37.51583740538683,16.783003,1.1589813,0.5919059544093929,-9.226554400351349,10.053170159724619,5019.4644
5436149662855599104,142.38920769208374,-37.540355273111714,16.783815,1.1092663,0.36968434491076374,-2.8386569863576,0.30134516603706124,5345.616
5436198075726923648,142.32231064862052,-37.442098975435314,16.784557,0.89219475,0.2750007299201923,-4.9079461715152055,3.027648284186519,5829.972
5436196838776315392,142.40763219023626,-37.480501842196055,16.784615,1.2494373,0.2033848577360456,-5.350616662353412,4.539836813589632,4997.822
5430208657932513280,142.12056968776213,-37.43872761741819,16.785677,1.1566257,0.42526861675075256,-3.9496047986625675,2.3482580066176975,4987.7134
5430209620005138560,142.16056207278388,-37.338051787419715,16.78655,1.1543026,0.6026620250314642,-2.964432020485338,-3.2305164055783275,4672.14
5430143168271711744,142.37200122485686,-37.65678727280117,16.786652,1.4130611,0.3689053164864125,-6.836158892193929,2.3909462055087283,4963.4116
5436148632063424000,142.47625081944506,-37.58102968603081,16.787577,1.1868458,0.5535936383124792,-15.237322185983667,11.749020710269539,5201.423
5436150040812609152,142.49997407165904,-37.4902804882537,16.78843,1.144764,0.304453222500554,-5.818303162280385,4.930833584849123,4841.064
5436149044380396800,142.49553152309676,-37.54745586076033,16.791897,1.271368,0.7601874025155112,-0.5362480144435231,-5.317161177738395,4674.4824
5436203092248611712,142.3122786047609,-37.28131114002109,16.793705,1.1052265,0.4587494538401137,-5.587833164452091,1.888153843375686,4921.2993
5436201679200888960,142.35602185620843,-37.36771230348058,16.795158,0.9717808,0.4226274923968871,-3.9638931627222527,3.9574780938222403,5293.9014
5430144577020913152,142.3996106375715,-37.575722652561446,16.799183,0.9952049,0.4512344602699135,-3.2357698951133056,1.6832140379718106,5397.5044
5436198934720505984,142.49121455467628,-37.41238432730585,16.799868,1.3848848,0.7630431748135287,-5.881515043324292,-0.5483353990774056,
5430143855466510592,142.32991076055387,-37.662966906089096,16.800257,1.0424118,0.45335302367758273,-9.766296151122415,8.92918936206752,5267.8013
5430192027820728064,142.33482155693088,-37.53413930984606,16.801353,1.036726,0.3524104626846653,-5.086205154504403,4.69229325257802,5033.612
5436199347037078784,142.51821897987202,-37.38580272753032,16.809488,0.87352943,0.2285203714929589,-3.7500683205850143,3.3672647830751012,5914.218
5436214430961717248,142.22054075322825,-37.29707291964649,16.812391,,,,,
5436198488043694592,142.4044692462025,-37.38928590420865,16.814539,0.6033993,0.15293204184260337,-2.7129339409472184,1.098481291479405,7492.3047
5436203465907325696,142.357769367879,-37.31893920829707,16.815596,1.0608864,0.3669967895576214,-6.248638366105469,7.339316216719669,5136.673
5436148494624505984,142.44841890547104,-37.60499812254607,16.819813,1.3899193,1.0061560374742948,-4.861871586774478,-7.991767032393376,4601.3643
5436197663409983744,142.41913006694318,-37.41841841798227,16.82034,1.1324177,-0.6580685608183657,-0.09116814741743295,3.1547574666307083,4823.4014
5436198419324216192,142.41739543943999,-37.39838027756045,16.82065,0.98874474,0.4853435330052477,-5.826764602176663,5.982514298123958,5079.2246
5436198762921000448,142.37661067084022,-37.36558189975478,16.823227,1.5396824,1.2007849828346646,-2.1465537306602838,12.279601696272064,4452.456
5430192783733858688,142.2857439280621,-37.51303198490821,16.824812,0.91742134,0.248754444582217,-4.684143730534386,6.328369335808027,5434.0234
5430208898450656896,142.14863460847073,-37.390597038908524,16.825235,1.3037872,0.4369767637893055,-16.723623263592277,2.577933322207457,4746.3853
5436149491056852352,142.45961625730874,-37.53268121588152,16.82729,0.843132,0.19229451256843874,-3.1679702326055748,3.8319624266863537,6333.571
5430209375189875712,142.19546999399964,-37.351580900645615,16.828573,1.2331352,0.6993626907161503,-3.8095656814061343,0.31664083443632873,4845.568
5430197284859067520,142.23811270007909,-37.41086984224973,16.83047,1.3030529,0.852768334295685,-8.665622644658685,-0.4499248067011886,4738.3096
5436200824505260672,142.4482453614204,-37.30402071531902,16.83134,0.9004173,0.2334511868186898,-4.062073173098514,1.7752828736222985,5617.2886
5430209448206440320,142.18921104755674,-37.342846987886404,16.832815,1.1679688,0.5477472483664564,-5.1030858522916525,-0.17565532935967182,5001.5933
5430191306265137280,142.31343343880567,-37.574004862341354,16.834133,1.5178089,1.010151242909783,-8.220926900698128,10.930279771346918,4292.0537
5436148284168696704,142.4690397694446,-37.61600137409092,16.837801,0.78915024,0.2653296587886885,-6.081980848344223,4.044120994262306,
5436151758799462528,142.54080161691792,-37.43409940189629,16.838171,0.82071686,0.22777472942098217,-4.250127197476164,3.3456666081068973,6180.349
5430197589799584640,142.19513104079016,-37.378387205792684,16.83847,1.0785933,0.1018671141099729,-8.800500334059018,1.7012322786695195,
5436196804416609280,142.39518436990545,-37.50715793351413,16.838577,1.0328503,0.2384871729689315,-4.104865120684443,-0.1693195589653998,5409.9873
5436148460264727936,142.49091942818876,-37.58824494951412,16.840532,1.3740273,0.9314832865224552,-4.953759394083207,-0.509535215922761,4573.677
5436197732129547136,142.34469735063638,-37.467580010096746,16.846247,1.6263647,0.9835686621495573,-10.39542924662122,0.01171359753780759,4292.254
5436152372974615296,142.54190620437433,-37.40075770391252,16.847656,1.059351,0.3230433322538655,-2.7575099404298564,0.8888759441816371,5124.736
5430192302697561984,142.2681932281049,-37.55071664650234,16.84826,0.8914242,0.2055578452830997,-4.603298534207275,3.19179982901991,5866.3535
5436199209598160768,142.46996008186557,-37.392455403260506,16.857847,0.9305897,0.2744087439987573,-2.3689407881061566,5.553301612200645,5364.475
5430196563304615168,142.1600226307666,-37.493041377003415,16.859577,1.0376225,0.46011840000365156,-1.8221331985941067,-2.337213749214158,5433.8145
5436200206030577024,142.41353717595644,-37.351144007802205,16.860687,1.0265217,0.3190149193406879,-1.527986438312487,4.535214242189593,5355.221
5436198449385463936,142.39220932883802,-37.39413950401387,16.86223,0.9406662,0.48270315212587384,-5.441458397701878,7.13721965904595,5208.818
5430196975621455872,142.1677007284269,-37.440115856754254,16.863935,1.2928448,0.7808028925774332,-4.015264878983131,0.7551116461029037,4821.4214
5436201614775126656,142.33153408732,-37.37632206640992,16.867775,1.3963556,1.1368926136374133,-22.134625460033757,8.30962764830526,
5430195360708580352,142.1350334636996,-37.479828338968396,16.870756,1.1918001,0.559562407138772,-3.955255726847129,0.4449537255872747,5629.35
5436198694202122112,142.38892335865384,-37.373688408098914,16.870975,0.98734665,0.2479662837929041,-1.9347517741198261,1.593807135523699,5088.932
5436204329194361472,142.35369392034815,-37.28345438248043,16.8805,0.90833473,0.5477725633362869,-14.391175539215862,0.0014541568186013372,5244.898
5430193848885857408,142.17341023507888,-37.56186683858347,16.880983,1.0240288,0.3944193217780404,-8.239295050388558,3.3476215383250634,5314.9087
5430143408789810048,142.4632522740267,-37.6318280008489,16.882809,1.0008984,0.32763402887179965,-3.413342332415003,1.2723428079764822,5406.401
5436214293522775552,142.2136758012839,-37.31977503812323,16.883167,1.2558422,0.7452240043841177,-5.062181286013431,-2.5488332270206433,4666.027
5430192268337834752,142.24866957110362,-37.54969983566153,16.88354,1.0748901,0.22798615309450382,-4.86864347228828,3.0768930362726357,5147.12
5430196391505881216,142.226581892909,-37.431780972934206,16.884277,1.5266209,0.8901302034651959,0.4007994917420525,2.3292540528770456,4500.413
5430195360713776128,142.13453212212733,-37.479929363353016,16.885288,1.3651342,0.6573693507396904,-3.8143100786071193,0.6047029794023882,
5436198247525578496,142.38073867205048,-37.444888865122536,16.886257,1.0702991,0.4975704897672244,-6.363047177243928,2.6418374522718153,5198.8047
5430143340070359680,142.4312159146397,-37.6499402072065,16.886343,0.9930992,0.4297153198355916,-3.5359970387364967,3.823451506007582,5355.3096
5436201511700092416,142.29858482199197,-37.36607942243045,16.893665,0.9856186,0.44708621487850647,-5.749414397852207,-5.4375971187504515,5208.4575
5430209551285680000,142.13322906458595,-37.36356859528942,16.894102,0.9202328,0.1491453288657836,-3.326560474233596,3.320388807809654,5704.558
5436203538924619392,142.35278428006876,-37.30323944070471,16.898367,0.95591927,0.5462443123607008,-5.490073637475482,3.4897423088912127,5263.2715
5430190825230944384,142.19783529678716,-37.59527068669367,16.89938,0.98578644,0.3723377946091051,-4.477233529497164,3.053671149673951,5098.7812
5430191821661173504,142.3525469894159,-37.54628790624647,16.899622,1.6076183,1.1937877675322202,4.256586661344116,-0.8175543288224093,4481.176
5430189549620288384,142.2679095306622,-37.65072702276919,16.903254,0.914629,0.18227467867902378,-1.878963889968988,1.0269071332217268,5810.5967
5436150212611345152,142.43248024767786,-37.49407363178897,16.90393,0.935936,0.2856247321992854,-4.487095247488646,1.4708342149865685,5908.3247
5436199755056780928,142.5143282756028,-37.35416345912935,16.907785,1.2679901,0.3176728022219496,-5.510558949931185,3.1758283070793745,5092.652
5436196907495942784,142.3713120626599,-37.50767424884858,16.9116,1.0707626,0.23600827112353373,-9.345406733433203,7.306275006099965,5467.9307
5430195910469561984,142.21661620176107,-37.46943349087041,16.919594,0.82424545,0.1547436709710362,-3.9262697507114046,3.1783006252896993,6688.3066
5436197148013952000,142.43105466639432,-37.487557411038175,16.921854,1.15415,0.246918381077964,-1.6584603674063985,2.3566921592434786,4686.0264
5430143958545670656,142.3716994242258,-37.6278963786432,16.922546,1.2804909,0.205484294759053,-6.446502286441882,4.42618614317062,5082.1143
5436214220505419520,142.22167036924972,-37.33155316858909,16.924274,0.88962173,0.26513938055700786,-2.164112559600048,2.9072447106885786,5598.7827
5436149731575049856,142.42822311201456,-37.5394181100474,16.924292,0.93076515,0.31568613594167844,-3.92512879939314,5.500868618378502,5368.4287
5430192641997024128,142.24148874335836,-37.518796376505044,16.925007,1.377842,0.7025093783014272,-22.529887266054025,10.577889686734014,4621.513
5430196185347934592,142.28664918090578,-37.45524252140789,16.928234,0.858387,0.26316367251720924,-5.158077861645772,4.412463229752022,5858.3657
5430197422298027776,142.197188114328,-37.393974078874734,16.928942,1.023138,0.399030332215377,-4.705759311984564,6.72489800722681,5250.464
5430196906901995008,142.12873838158802,-37.457762177198404,16.93284,1.0354977,0.34835081658300104,-6.475865966969346,4.81067981955898,5664.2646
5430192818093590144,142.29788972330107,-37.51065319157778,16.93363,1.1299534,0.5971811091571956,-9.428725831285139,6.537092729605311,4909.469
5436197178073267968,142.43713909439532,-37.47295532374786,16.933838,1.3187084,0.10305079050369952,-2.194553230344992,1.5417687145436747,
5430193848885864064,142.16843654888814,-37.566390913823874,16.934874,1.074461,0.3582385831536481,-7.954216354521377,8.060477885449732,5264.2915
5430193196050704640,142.27981289437224,-37.48051478234545,16.935078,1.1493549,0.4923344104781941,-7.8576169991497675,5.290601385922398,4777.177
5436199759353913088,142.51541581682054,-37.34299943462804,16.938643,1.2328949,0.6654979115372827,-2.520925833582334,-0.06732097184537655,4853.462
5430193917605336192,142.16095996330972,-37.55417150485635,16.941511,1.0324383,0.5568887390711525,-10.488690102759556,7.280562133507234,5104.9233
5436151587000820736,142.51048478354357,-37.474840146525,16.942806,1.2993231,0.7662002974590004,-15.01001379876137,6.393527179671765,
5430194089404036480,142.14844273306835,-37.55414687010519,16.94341,1.1862926,0.49674641524306445,-4.871661818994377,7.842361674172411,4987.305
5430189377821620736,142.20793351072788,-37.64084599592216,16.943827,1.1979542,0.4585401785812731,3.0364867870250754,-7.270570056526619,4681.375
5436199415756563456,142.50359139583296,-37.38502188362875,16.943926,0.9484043,0.24433239985230112,-7.933379597193409,4.992477574727651,5384.113
5436203676363561728,142.37346740329227,-37.288074663330434,16.946888,0.8862343,0.19824586044851827,-6.467425501038019,4.852745065337989,6076.51
5430189691357549952,142.22317679419226,-37.646365903100794,16.948101,0.93333435,0.2338100959330866,-4.285080946289225,3.02321694028125,6503.92
5436214808918832128,142.23496878760912,-37.288432696989936,16.948162,0.95097923,0.36249850845769044,-6.448708989945224,0.5317361208117266,5486.3145
5436203813802505728,142.41678913633143,-37.29615122150308,16.948584,0.89123344,0.27456668445451454,-3.681871912358765,5.44078763816003,5425.346
5436150796726836608,142.52996706985292,-37.488504180160824,16.951702,0.8870125,0.19634171336400824,-6.562223502322069,6.446877074265948,5850.3535
5430194536080096512,142.10785531506198,-37.55196651310949,16.953474,0.9803276,0.37340395312011293,-5.219683827864302,7.662954669217211,5411.8765
5430195188915108480,142.09350018982366,-37.502340752675714,16.953884,1.4425201,0.8279541547810462,-3.5698296816970276,-1.4351454291181063,4596.89
5430191752941696640,142.3587919319227,-37.55138690712917,16.954966,0.76030636,0.5970914158190026,-8.118332598180926,1.3275151046448226,
5436150418769724544,142.55563157067746,-37.52438232706836,16.956192,1.3241234,0.7635078943914853,-13.163910795240367,6.877431279586988,4672.7173
5430143821107803520,142.3486238547354,-37.65842832255859,16.958288,1.0837231,0.5355450628385453,-3.3306542573672595,1.7134717920361444,5150.105
5436199999872160000,142.4220888318254,-37.37324144599595,16.958967,1.1859303,0.6395089534309346,-10.413100770091335,-0.11246948518652658,4802.552
5436149010020460160,142.54412227344193,-37.52959727501199,16.959557,0.8767319,0.38298499208734477,-3.5528948977820365,3.2614417325762406,5468.6064
5430196219707675776,142.26694351787114,-37.451623000848905,16.96762,1.4095745,0.9640474049956553,-2.6008565170580624,1.1664170305813801,4561.495
5430196219707677568,142.26538654637915,-37.45675970599816,16.970758,0.91837883,0.29603403931151817,-8.260602712011098,5.927617564974241,5533.6475
5436149250538647040,142.50717983245931,-37.522418513165285,16.97116,0.956831,0.25102340012496865,-2.778758485348758,2.6207932340139086,5150.8823
5430143374430083968,142.44988071211944,-37.64587885905543,16.97164,1.1339226,0.5992845003705892,-4.22452100839985,0.9937516243443039,5080.354
5436198797281333120,142.47019274470279,-37.435217302199305,16.972258,1.1622982,0.26081423435794127,-3.489763495682641,2.1226603527374164,5131.853
5436198831641055104,142.48974347209509,-37.42816183262708,16.974127,1.0764942,0.28188252055399615,-5.90993015747263,3.085876250945801,4967.511
5430197009981185536,142.17081477624544,-37.420066257524084,16.974318,1.0150986,0.4325351638759865,-2.121007587660253,-3.4431694655951284,5188.2075
5430193058611775360,142.26199895150975,-37.50704860618451,16.978977,1.065548,0.525089881178633,-4.318739091985298,2.1818178964220802,5047.736
5430196219707674240,142.2689465657383,-37.449006443400755,16.982096,1.0361042,0.284257964838452,-4.229097296391966,1.302825007148218,5319.2085
5436197216733422208,142.42282570353316,-37.47192852260276,16.983027,1.1416435,0.43944704044260197,-6.97245087722415,2.1381752044233355,4806.796
5430143649307993856,142.42108820312941,-37.62596817035652,16.985382,1.0745144,0.4374136911112878,-10.504097034942415,5.234126511077333,5173.037
5436149353619277824,142.43444343787957,-37.5734536822113,16.9861,0.94599724,0.12691845484050526,-5.39865545361042,4.4336504486383586,5175.349
5436197629050248576,142.42090449182436,-37.42527381759535,16.986488,0.9794693,0.26268431446226426,-4.3298576239838855,5.835913931342251,5363.6504
5436203779442759552,142.4364072476473,-37.29111994575693,16.988344,0.9485302,0.3105065265792346,-6.533419962911418,3.0850347338635453,5462.1284
5430191821661174784,142.3464693383113,-37.54428339201267,16.99296,1.0982533,0.1781430576302795,-2.0761639631927116,1.437902586737113,5324.114
5430191581144129920,142.30102327582878,-37.55803526071395,16.99327,1.1377163,0.5581592892929306,-6.817418943637078,9.328727440435152,5078.4136
5436198247526965888,142.3887308313139,-37.439753206875366,16.994753,1.1531296,0.5717330121942549,-13.977730647340818,5.855081354324239,4854.3013
5436198178806116352,142.32932933734187,-37.4219696322194,16.995586,0.9607296,0.3580457695895441,-3.673549167656061,1.201389434843593,5203.4507
5430144130344406656,142.311532398173,-37.63291329459486,16.995771,1.1310272,0.27007893219039786,-1.0276656888519093,1.4760453381085035,5179.1606
5436152411635968512,142.5298013082207,-37.4076174950431,16.996372,2.9275951,,,,
