source_id,ra,dec,g,bp_rp,parallax,pmra,pmdec,teff_gspphot
6006833203111673344,230.14097985498466,-38.94352433758163,8.691309,2.6147642,0.5803790171036625,0.5695047276838481,-2.1824791839123487,
6006866257179261696,230.32707949034062,-38.711819007764326,9.503417,1.3463602,1.5925775188621285,-0.7513849182272782,1.1747543900844182,4820.8975
6006858388799136000,230.18291937410314,-38.8173480078268,9.894927,1.4670181,2.2577883717904124,-18.99913645205958,-22.0773022817854,
6006861996571628928,230.43581913033495,-38.7847899416068,10.038328,1.3872261,1.3407514936785794,-3.5653982020041033,-12.414131096874623,
6006856357272910592,230.1954292595112,-38.94318161661711,10.202962,0.9671869,10.097032272610107,-10.622507353017031,-8.806539498586023,5482.6865
6006861309378544640,230.50378637513674,-38.802605829935175,10.465411,3.1717443,0.15993377795730734,-3.6979436396839804,-2.952702907930699,
6006856941388460672,230.22775196711117,-38.8992678511151,10.711495,1.412364,1.158598890152937,-17.64666795310999,0.5569963674041445,4692.027
6006866257179260672,230.32794638576684,-38.71225362596744,10.754754,0.43410015,1.5471930662868212,-10.206461108095235,-8.946487043169743,
6006859041634159488,230.2719501871638,-38.796807160969195,10.862402,1.6722031,0.6071674371434431,-6.950709792813068,-4.704164460063545,
6006859106051974144,230.3295024772341,-38.79153420879579,11.0638,0.25420284,1.5159882667987512,-6.304828188020318,-5.426387567039614,
6006878592325394048,230.24948085802396,-38.65142545646314,11.386349,1.7172956,0.31306616484155897,-8.30578843148095,-9.44451614516498,4524.889
6006853264896458240,230.25753385842796,-38.95773218886587,11.459979,1.4147453,0.40479637699199167,-4.4449596858536475,-1.3774536574462268,4715.632
6006861339434968192,230.48069347166486,-38.79371464908115,11.583474,1.4669933,0.959027480461891,-12.014446936468799,-5.54501414406277,
6006857461086156928,230.14985425836198,-38.895543095988884,11.65394,1.2660608,0.6737016609047802,-2.358269189715619,-5.230931182906364,
6006865604344231808,230.3550461902481,-38.702774381235386,11.677533,1.4088354,0.39060151405048604,-8.030894714047692,-12.382933341396383,
6006857181906628352,230.21413615583978,-38.87298058469969,11.841206,2.2131338,0.15819741786637798,-5.284404594094857,-6.326820555668144,
6006102435893811456,230.42345249813292,-39.00470909769883,11.944209,0.4580593,1.1027858827424188,-14.059191499533302,-7.868526031562979,7517.837
6006861927852155904,230.39828568784404,-38.791974478846406,11.974729,2.6056242,0.09389926754918312,-5.6250231035182985,-5.34522873586176,
6006862885623191424,230.45586943086107,-38.69086863781504,12.026756,1.4030924,0.6072166103219087,-2.3027145628948467,-8.636786157632049,
6006853608493841536,230.27606600478265,-38.94528108490489,12.373328,1.3394899,0.27278546953955934,-0.3021540154048914,-8.52719016764859,
6006862026629735040,230.4219536344469,-38.78274232916277,12.415149,0.74660206,1.7937554177503638,-5.442780363046022,-3.332588869611717,6303.8877
6006858354441062400,230.16156595443172,-38.81921798312779,12.434964,0.92918587,2.918707670934895,-0.24460389782696357,4.408464693565024,
6006102027881722624,230.35308499870644,-38.97867610174446,12.446048,0.9017801,1.5619404281341216,-12.785236881637202,-3.7615539426841917,6017.024
6006855670078139904,230.33005691854876,-38.849053903810024,12.537989,1.5713148,0.30120785952091983,-3.893016321520828,-0.38639401160097175,
6006856907028722816,230.23976889357849,-38.9066328068528,12.720222,1.1332178,1.3974590020989142,-33.12321883363458,4.707437185026303,
6006854540508352256,230.35678321351867,-38.912472876631035,12.784594,0.7930441,2.411564236321669,-5.506784398566965,-8.759574167154863,5993.005
6006869968030999808,230.1101683380184,-38.793828462192,12.834558,1.5807123,0.21004888031114105,-8.438745825092107,-9.867661059417408,4137.837
6006853131759071360,230.22154641621714,-38.9797275414072,12.8502655,0.72124004,1.586366229839027,-5.601786566404547,-6.839095081248372,6237.8496
6006834195241662080,230.09123913824268,-38.9092529636476,12.85293,2.0591402,13.693012249329788,9.249432339291314,-42.05690546339795,3849.7563
6006872334551243264,230.2229789691808,-38.70313566931045,12.875413,0.8493366,1.4368246513094407,11.430381982734433,-6.0235582986073695,5552.95
6006853986450961792,230.2806461821272,-38.90888899960202,12.88391,1.2673359,0.9401776097996651,-16.893636075661867,-5.5124034555793635,4913.0796
6006101679979568384,230.38819769955458,-39.02063656450528,12.973468,0.8902559,1.094403375307341,-5.958222739094881,-3.5132607080594997,5879.1465
6006866257175808384,230.32868355531517,-38.71203850048756,12.976454,,1.4969763628283177,-8.204105990253757,-9.85289201675397,
6006854295688607744,230.38685255792018,-38.92211548613581,12.97687,1.4736738,0.43173786554544974,-4.084635721902318,-3.050598161422889,
6006856567732944896,230.20928177969935,-38.90011318169898,13.002167,1.5312786,0.12363485051612855,-8.856798204260508,-0.26649393093041596,4777.211
6006871892176371456,230.21558465678746,-38.7220532120338,13.025206,1.2682629,0.32858607640577714,-1.5391339641210466,-1.3733767552972327,5037.222
6006103642789435136,230.39799612635522,-38.94235093956737,13.049926,0.91422844,1.3985749743715061,-0.8407799093628924,-2.2097756829309474,5550.253
6006870449067350016,230.1291940959113,-38.7662500529459,13.053147,1.5904818,0.22193339068535967,-4.343441082844975,-2.111341455582052,4487.68
6006109930621566592,230.53281280362566,-38.87165336379699,13.06509,1.3720989,0.3712093715258517,-10.352438319143445,-3.621154619813058,4828.199
6006854261328869760,230.38178868408383,-38.93481881500394,13.066065,1.5285368,0.45779017158350105,-3.5978253550468278,-4.9007788690876914,
6006873369645166720,230.19002338890084,-38.66358691635558,13.066218,0.7245102,1.3853323656708636,-2.3220683821231387,-5.233019725622253,6112.299
6006866463337718272,230.34241130083845,-38.66607411121572,13.067191,0.8922758,1.3441861038787573,-4.268175618313547,-4.669779937832802,6058.503
6006855743099241088,230.32248234268275,-38.83291428808861,13.089483,0.7013426,-0.16078356285503145,5.698292944274885,-3.2972710444628284,6317.4785
6006870449067356288,230.12338096581848,-38.75856477538917,13.148457,0.8434324,1.1281589393107712,3.5573661053332044,-2.1412493894615356,
6006854226969131520,230.364402151217,-38.934687668949735,13.148505,1.2529926,0.9844172149277934,5.7869921971562155,-0.040189992992923,
6006854982887152128,230.3888308591443,-38.875950179256925,13.189061,1.5397501,0.08039590831294863,-3.365531461853533,-3.7634875215132473,
6006861927852150400,230.4082302231855,-38.797619312454444,13.194583,1.4266787,0.4058724897461702,-7.240812927529404,-10.046317864801598,
6006861068858671744,230.4151960954854,-38.82730767903074,13.23499,1.0095615,1.311037628641774,2.3385024622042523,2.106240309562227,5437.3745
6006865634402260992,230.3564417774197,-38.690070503195074,13.235955,1.5885391,0.07693638993892407,-7.02948055507443,-3.687267676742195,
6006865673063686272,230.40375013642708,-38.71790534938016,13.297259,0.78749657,1.335774175070168,-0.7172214123944491,1.0556975284911354,
6006109002908615552,230.4959008016765,-38.919313592941045,13.315355,1.406949,0.3971230065303212,-2.657916210040249,2.7210581855458766,
6006862748184848000,230.42170575872893,-38.71487990542046,13.330803,2.0308342,0.07754827467355668,-5.732192460840285,-3.6520390251606347,
6006109861902858496,230.49029779931377,-38.88583234922872,13.362971,1.3664722,0.3074701363159615,-0.44384418732745856,-4.5566122234276305,4762.7695
6006866154100064384,230.40322626307636,-38.656238320982254,13.36886,1.2822618,0.28550925006330946,-2.3063106062455003,-3.0723352305228158,4619.8975
6006862237089817088,230.39755458312987,-38.76801425949421,13.372642,1.3356466,0.3789548768026998,-3.8819021095543516,-6.305316849647712,
6006867043151531776,230.33898134272522,-38.64307521423144,13.393629,1.2891922,0.8931473328458315,-6.767632341602843,-2.378479182999502,
6006872270133485952,230.22820048043278,-38.727967128141145,13.398156,1.2777414,0.2629160464301839,-7.557591817667494,-7.1545320620064485,4671.3115
6006110480377395072,230.571530670446,-38.81925961698568,13.415665,1.3522253,0.2972243219809132,-5.50247352638544,-3.268325878127563,4478.697
6006854501850699648,230.33666904878498,-38.905483089846435,13.4249115,1.253252,0.2769370882122298,-4.141897626643713,-6.582156080578416,
6006855536940786432,230.30792114494528,-38.878973936108906,13.457202,1.6397028,0.14343502728364088,-5.391692456169288,-4.279740957101399,4046.3708
6006102818155677568,230.5076515631401,-38.965796111036276,13.48292,0.85617447,1.0050627429709897,-6.34845424915241,-10.762839728157012,
6006853131759071872,230.22590002325362,-38.97580616474972,13.527348,0.92637825,0.8297437335953538,-3.151705411168839,1.1932828882756565,
6006856945690068864,230.214698057001,-38.894584064560625,13.532059,1.3107853,0.2715147548826567,-2.8966752788833614,-0.9584136259989761,4617.268
6006102027881716224,230.3667592978298,-38.98462672407457,13.540739,0.9199276,1.2871146117276882,5.7473044267476086,-7.971627198684343,5681.6772
6006834195241661696,230.09894437026193,-38.90557125262617,13.557734,1.2649431,0.16868661110904423,7.0809645970372355,-0.6796426231161216,5669.529
6006856803949507072,230.17620776926853,-38.89904188886311,13.60354,0.7927532,0.9561136124633144,3.0596201181299536,-2.5803843545986354,6027.0347
6006864363091940736,230.46227586497366,-38.68072333991782,13.631741,0.87990665,1.071833938078609,4.422608600743095,-8.495685508482815,5877.3296
6006862374528760832,230.44160959330483,-38.767679605981826,13.677356,1.0964289,1.0743658238740108,-10.934423285677628,-12.02296309619317,
6006854196910955520,230.35557379982106,-38.950381501786744,13.680825,0.87571335,0.8486717261538942,-5.992511029794086,-7.675457856274947,
6006109690103400832,230.57746570678677,-38.84838453492991,13.683093,0.9218416,1.4370598724165684,3.4085217023350665,-3.7047162261026343,
6006870277268650880,230.15630405244087,-38.77071692881453,13.694239,0.9832678,2.0633912041213898,-12.98356524352324,-7.02542517742344,5170.902
6006858835475707264,230.25908944207475,-38.832633680649344,13.740258,0.8452854,0.8967906263654685,8.382995526039302,-3.5725955922085317,5734.4907
6006846122373313152,230.07227108236552,-38.86584825577761,13.744526,0.95017624,1.8542116051128354,-15.180442070547645,-11.243227221546888,5459.88
6006861614313127296,230.4558355065984,-38.779348436716006,13.750925,1.3431282,0.23905990102899077,-6.2844885510833715,-0.10120229335639268,4546.225
6006858079561476224,230.18640248546672,-38.839288927535854,13.752486,0.87601566,0.6883859279185741,4.105358244974417,-5.280691338455567,5756.902
6006857701605139584,230.11792363501016,-38.89511386341917,13.771061,0.8328266,1.1000286940840476,-10.827939678687045,-0.8486831684849386,6016.879
6006864333033895424,230.479882806973,-38.68309329422017,13.780275,0.96601963,1.6749652543656155,2.066153382915818,-14.149290054658035,5682.5317
6006854914167773184,230.42281674691145,-38.854632034236914,13.786681,0.89322567,1.1265813997469356,-5.649753621394277,-0.7617854368181713,5952.4453
6006852410204554752,230.2581230626949,-38.99909974981235,13.822157,0.909297,1.6340630652976416,-2.7055470767888177,-3.4949011523663542,5467.4956
6006866635136414208,230.3223097179366,-38.66789164594316,13.830653,1.1142998,2.638764336582908,-11.828638710911004,-6.283446369634957,5109.8833
6006854059472874752,230.261711094329,-38.90362797759298,13.834912,0.884264,0.9685638317921982,-11.742562162455187,-2.6556194384705867,5854.845
6006858079561473792,230.18493165686374,-38.842363602694405,13.835429,0.84814644,1.3823815925687732,-11.909961975171296,-9.311266591371375,5923.8066
6006109518304699008,230.57051787432567,-38.879230135998114,13.845969,1.2017107,0.460186400443352,-4.872915386034922,-8.355735176743968,5750.3857
6006861893492412160,230.39739973630435,-38.801278738641,13.863557,1.5189466,0.16423388811599343,-4.18034058671547,-1.8626775807995855,
6006103745868635776,230.45778442497559,-38.95149420873502,13.879164,0.11218834,0.17106866487673725,-3.426631987871481,-3.6056290236404784,10402.495
6006110446017651968,230.5523655132528,-38.841079032532456,13.885477,0.9155903,0.9501677879477739,-14.19576172052507,-8.334236296471978,5619.762
6006856808251121408,230.17657022710577,-38.89777642314739,13.903461,1.3045206,0.2039954435597272,-4.090353284010399,-2.8163461631613944,4945.1074
6006109690103404288,230.56301701455246,-38.84720648756016,13.908062,0.99486065,0.8017550862985174,-9.43987268742999,0.2035991382808156,5255.7354
6006873026047775744,230.1565088981481,-38.68696788219725,13.910522,1.2496262,0.20369181237704098,-10.930060027224803,-0.5115208730627951,5104.5225
6006857873403049728,230.15068114622034,-38.84566130603024,13.918289,0.9624586,1.0511136199906113,-19.10516570801248,-12.379931948711656,5371.0347
6006864298674149376,230.47616950879035,-38.69642199652211,13.922127,0.9884262,2.2637364709291186,-19.505904279537326,-0.13198765018995912,5340.794
6006858354439404544,230.1585112778685,-38.81612592473591,13.9501505,1.2938213,0.22474915031261844,-5.635988495932674,2.046695150617401,4950.8496
6006854093831781120,230.26765635237655,-38.88275982228256,13.971579,1.3170757,0.1675387083318092,-5.690448062040451,-4.438578708419887,4519.7974
6006860244225037312,230.26535356723355,-38.74557651844113,13.981433,1.1241379,0.5764881127444744,-16.061397433030464,-6.770114520169264,
6006855846178442240,230.3484743599938,-38.84675676730772,13.993796,1.1185684,2.5921327035640687,-19.098707739713983,-3.1094325660331297,5123.1777
6006102955594643840,230.45157960592775,-38.96808934974989,14.013358,1.3074646,0.1920774046367603,-5.429452557611008,-1.410870140506082,4556.8374
6006855193343411200,230.40119347796386,-38.83161559857706,14.032418,1.4045963,0.17089610862171326,-4.269429938539261,-3.044658424484542,
6006110411657916800,230.5305391118361,-38.837297269097995,14.037808,1.3121424,0.3487623809020804,-7.871019619151605,-6.887661850768982,5107.199
6006103917667342464,230.4564402272399,-38.92165908133613,14.045152,0.7863884,1.1578684549730882,-4.390591476867909,0.6965672210594431,6033.755
6006861446815796096,230.53001831486236,-38.78376523651313,14.052813,1.2222681,0.43825636834496634,3.7309925515621503,-9.4225790486738,5449.7495
6006872373212726656,230.22582024932672,-38.693653445820566,14.067754,1.176734,2.6128528443193444,-9.610406431388194,-6.258282446191956,4863.2236
6006855193343403136,230.40207904220156,-38.84551989505159,14.087661,0.8931341,0.6657075163760654,4.67345663635631,0.1924862635948923,6008.3066
6006878420526704384,230.26679256094258,-38.64223842412606,14.098024,0.92033005,1.6817825893050902,-24.884640398510996,-9.06834242392341,5618.399
6006856224135585408,230.36989490901732,-38.80454945943858,14.105493,0.8417082,0.703089540325059,-2.9413462723632287,-6.105132999343237,5990.4653
6006859385231543808,230.3028932221655,-38.78531376684989,14.106613,0.97818947,1.1886537927627976,-20.24179303514722,-6.8052557185269364,5426.258
6006859831908168192,230.23930342471286,-38.76848436344487,14.114195,0.8714342,1.2659001364699798,-5.179591205727446,-6.067681603605367,5889.4805
6006862030933059456,230.41219287210492,-38.77177447496966,14.114496,1.4394426,0.16130981895932833,-5.801491175939823,-1.871586068806083,
6006862580687215744,230.46066992864323,-38.72378363043813,14.134494,1.4670238,0.27807621356216394,-3.2299936918623304,1.3308659400870753,4711.5537
6006871995255585664,230.15982260608487,-38.74167973629235,14.137555,1.0354853,1.7906278821389556,4.486094013054262,-1.7201182133106596,5286.316
6006860759621010816,230.45680431357212,-38.8455485072907,14.151853,1.008254,0.868990547066952,-9.619783413048033,-5.648522807180864,5391.022
6006856327214753536,230.1779552228122,-38.95513773320567,14.15192,2.1574411,8.53416588213846,4.23022590685269,-18.38764481012759,3779.0618
6006861068858677248,230.41822660908963,-38.81660158139898,14.155813,1.0065899,0.42686544574420787,0.005842189845083334,-5.785699952317966,
6006856155416107136,230.33979018141176,-38.817052754961395,14.198288,1.7838011,0.08864866816730713,-5.073196745990892,-3.2214710887655285,4379.862
6006858526238040832,230.26865706372166,-38.8639356353918,14.201284,1.4047565,0.12037177361169801,-4.246204760698914,-3.133394120618764,4707.5073
6006866051020839040,230.38035099136113,-38.67874221250975,14.210848,1.1711597,2.6114962319665134,-2.0169734942748225,0.6482615262312198,5199.653
6006103367911514368,230.4071336997253,-38.96797822132711,14.217352,1.1723061,0.6454506972476485,-5.687756494403443,-4.070913352773073,5670.49
6006103848947859840,230.47179299269018,-38.92813875507948,14.243856,0.85753155,1.3095434007105184,-10.322734618951543,5.315889259963784,5775.0967
6006858010841988480,230.19467029991804,-38.85281990053854,14.247069,1.0347319,0.5986825644914336,-0.9292251456149334,-6.25517497434403,5706.9824
6006871926536109184,230.19972716850904,-38.72785676391878,14.260467,0.7806425,0.778166874541097,2.2464819639556772,-2.9543999717421485,
6006832825154542720,230.16713966096393,-38.98550511288367,14.2778845,0.91292477,0.7631580690553325,6.865891959200256,2.149217417222311,5474.106
6006833168751935872,230.12730031715765,-38.937320664851164,14.3004265,1.257309,0.6733636942007483,-4.326002727356206,-1.6610077186752128,
6006109960681570048,230.50901092107844,-38.869049765687436,14.307935,0.99040604,0.7575028400265506,-12.207355814085242,-9.898400199492222,5724.9097
6006858148280954112,230.22405535276033,-38.82368102599332,14.329254,0.92948437,0.909715584058743,-3.803206545116117,-6.7654552125627525,5727.6226
6006865569984491392,230.37282576922797,-38.69949626633191,14.359853,1.6655731,0.08635814354834795,-3.79896046062158,-2.4182795193381907,4352.3574
6006871200680313600,230.11055341802427,-38.74948628842868,14.36354,1.2533617,0.17870826692493338,-6.263523526762885,-2.0209347119616874,5608.7593
6006872922969254144,230.14239826691337,-38.69816662416912,14.363711,0.8496361,0.7314976648163827,-4.614187779062825,-1.9132711903115789,5919.038
6006871892176371072,230.2189067434063,-38.72109168548478,14.367944,0.98452854,1.0404527873865579,-5.799052545970637,0.87343704348663,5717.441
6006862821205396224,230.46396320801895,-38.706317466258305,14.407575,0.88900185,0.7181878888398037,-7.603669213767198,-12.061118275634065,5950.361
6006109690103403008,230.57370495857057,-38.84565408523584,14.42303,0.84376144,0.5685308109601752,-8.515045688026234,-6.4655711111320775,5510.16
6006866600776679680,230.3045971697058,-38.66850585327421,14.441021,0.8124981,0.9501227860165694,-2.1965041441012954,-1.813879984863524,5848.3853
6006856911330321920,230.24199587551664,-38.90031748270069,14.453308,1.1735544,0.16629990351412755,-7.542457264580845,-3.4710110756005013,4786.3857
6006854471788876032,230.32291451128268,-38.92357271187412,14.457508,1.0390854,0.6257635436523941,3.068696659606429,-13.248788876273535,5588.48
6006852994320123776,230.312056875852,-38.93228289736834,14.459128,1.3069439,0.11055915953252994,-8.81245008452791,-0.6425566817024243,5033.225
6006109754518080000,230.4930453185245,-38.919611512837214,14.483464,0.8559494,0.19307783249434066,4.186656764835311,3.552417163436326,5906.012
6006103677149176192,230.4112714002616,-38.935172130219684,14.497271,1.2863197,0.14691915442014775,-2.3643256150836187,-3.614944166483574,5572.121
6006860862700228224,230.46805116011052,-38.837006943095254,14.51502,1.5363197,0.23516688950030198,-1.7083348848973952,-5.414200495410892,4453.5293
6006855090264177664,230.41147869002643,-38.86621663657751,14.518269,0.95102406,1.1823330193568078,14.148153397552822,0.4625247895391635,5599.508
6006856773891374208,230.19844538335605,-38.90596497853241,14.542036,0.96702766,0.8550457937775274,-1.6900908441529934,-2.712307098305309,
6006858423158876928,230.19434408401057,-38.8108026443028,14.5509205,1.2021723,0.15034811200738113,-7.969684776924961,-8.30997900357817,5633.1646
6006852100966903680,230.30757701089203,-39.021969318379625,14.551892,0.9681444,1.0255736066867847,-3.430012233141982,-8.196925422769882,5225.9
6006857358006951936,230.2253859648711,-38.853514212959546,14.555828,0.87244797,0.6509014350157493,-2.71541290211184,-11.219204767054311,5887.8545
6006857839043303936,230.1402844789688,-38.859758052456286,14.573134,1.2658377,0.26219045360389703,-0.8184707000821982,-5.377144526699897,
6006872338852983680,230.21069525184933,-38.70599731654752,14.580923,0.94423103,0.9031930934002802,-5.884477203422277,2.6157564113641736,5611.713
6006103402271324288,230.43153409968684,-38.96230726129946,14.582121,1.287796,0.35078779269310245,-5.988008077222026,1.1593573069059873,
6006869899311511424,230.07879958890476,-38.821467929243674,14.586882,1.0464554,0.750456615120957,-4.014944712894767,-6.5342560231940405,5273.643
6006103333551764608,230.4440770124332,-38.971774272852386,14.621372,0.89665794,0.7337734302299558,-8.866275331853206,-2.787211186778766,6398.114
6006872716810131712,230.2381094201325,-38.657010258645876,14.623589,1.3393087,0.08107427579694629,-5.847862096581855,-6.121002906891153,5062.3164
6006101718644040960,230.37658864506247,-39.02341374597336,14.635972,0.787879,0.5887586842553674,-0.8833113936070172,-3.279609584251667,6072.0747
6006852852583054336,230.29866475086783,-38.95664204002599,14.649696,1.2379684,-2.0707395570645284,-7.970137803825886,-4.288914566803886,5851.0474
6006856395934233728,230.17845471173425,-38.95060566093838,14.661227,0.94341755,1.1623927073747828,-15.729255942034648,-12.892015692718198,5359.8154
6006865329466301184,230.37675177847112,-38.730261407570836,14.6666975,1.1824455,1.4619013687952835,-4.702872841560923,-5.623154710881588,4903.3496
6006869624433590528,230.0880194713455,-38.83869515323356,14.68191,0.9338131,1.1737068913382933,-3.7181980323358,-6.609321387742744,5452.314
6006856911330325120,230.24234607412757,-38.8956597881001,14.716628,1.598218,2.7875005557362993,-31.150248511306785,-13.524942459086724,
6006878523605916672,230.28700567157972,-38.639063781635734,14.721887,0.86579037,0.7778875748933157,-4.5616430033761075,-5.182886936723893,5948.097
6006855365142086272,230.3377168443753,-38.889096049789636,14.762122,1.2583466,0.49688679931396584,-4.084598445598497,0.005959997457078536,
6006852650722721664,230.34840032107303,-38.97501775967392,14.7647295,1.0186768,0.6912557118857426,-18.58190868790355,-5.78927763638678,5628.862
6006109964981310208,230.5007684868739,-38.87074939660587,14.776129,1.2832403,0.2703538948529963,-3.5532078633303392,0.37075106057725826,5150.809
6006872854249776896,230.15015300105472,-38.70578367214529,14.776398,1.0337229,0.14986298238342138,-1.8744944910826191,-2.403901576204542,6059.92
6006852513283766656,230.32819762477305,-38.99338738881337,14.779322,1.2927856,0.39159982466109955,-3.015972948784825,-5.7238853216219425,
6006103848947856640,230.47155432349183,-38.93674191997615,14.786888,1.2848959,0.4214373245820851,-4.877978395438234,-6.253243060251506,
6006857083129030144,230.2462886827425,-38.8700769449344,14.788492,1.1962309,0.603144594938499,4.925605098125823,-1.6309732680524922,5031.269
6006856705171896448,230.16454380160502,-38.9203809541938,14.792857,0.90663433,1.0069124927101973,-3.836404127846472,10.457210366241178,5649.672
6006857426726412928,230.13382831351527,-38.91044480456298,14.809527,1.6344099,0.023605284711954534,-4.1503344138554255,-3.3622546240289104,
6006871342420577152,230.12695574050105,-38.72596272455693,14.831166,0.94611645,1.2622652717574108,-8.297602976062382,5.496187946085812,5569.5674
6006853028679848960,230.22963194849228,-38.99931479980605,14.831766,0.9277668,1.108277311729989,-2.1899579424746625,-7.540398283598416,5648.6455
6006852719442202496,230.34359723943163,-38.962130043995195,14.839819,0.9438677,0.921699422070791,-12.975473120847937,-7.887921586488119,5720.304
6006869590074620416,230.08977303443018,-38.856661150880385,14.842388,1.2085657,0.46336796501887256,-4.637912775262847,0.25769528107232087,5454.7627
6006862782544540672,230.45471152880035,-38.7222436514,14.842662,1.2748499,0.48250654053016434,-6.048703140585372,-0.2336050505023947,
6006103367911517312,230.41491568665762,-38.96009642188314,14.855379,1.3227272,0.10925788832366475,0.8301046596568469,-3.558692075921442,5468.681
6006864058155972736,230.5064480264406,-38.69679975825927,14.862488,1.4639416,0.1101319514049226,-9.078015576241746,-6.8474410587459476,
6006103127393351296,230.48468863965917,-38.93178413259152,14.864006,0.9420996,0.17776765135797823,-5.822488022512411,1.0823625980234461,
6006869864952529920,230.06987428031755,-38.82417392948416,14.86979,1.3282089,0.24524580240244725,-0.7065470239895983,-1.7263965237026104,4519.338
6006859690167675520,230.22233067306098,-38.80238926094456,14.8827505,0.89774036,0.7205775717851142,-9.324190664536452,-5.580639435258597,6003.74
6006861068858678400,230.41355486303007,-38.81671226080799,14.887126,1.0980654,0.4123475522500119,-5.0723046993110295,-8.332750511745258,5515.0625
6006861996571636864,230.43342518056883,-38.77237193398121,14.900257,0.97423077,0.6383993492150372,-11.02223061441643,-2.083079293470358,5501.44
6006870758304992896,230.07198972398064,-38.79049943107203,14.910197,0.7838955,0.5599354927615245,-1.3035799391647234,0.5851084189805829,6147.407
6006101649924564608,230.3790962477731,-39.02245427549453,14.922233,1.3066769,0.2061577681381293,-8.559394417354621,-2.014531676179864,4663.8193
6006866046719976320,230.3854602380344,-38.67302267046529,14.92488,1.2274008,1.8752527785596727,-16.14348391036109,-6.995528242453837,4963.978
6006872613730913536,230.1953236259786,-38.676260429356226,14.929975,0.9924698,0.6562520089044352,-2.116736466950808,-7.82995435827927,5293.515
6006857426726411776,230.14332941522528,-38.909425684679626,14.93108,0.95021725,1.0363796566957728,2.8762917238521055,-6.427808336330953,5349.4385
6006110377298177152,230.5177085115504,-38.84932084179356,14.944179,0.9216032,0.9848376688424421,-15.814137213902047,-14.163907931500937,5735.9326
6006852685082466176,230.3296171435841,-38.9632458019814,14.947524,1.0694809,1.332865428901014,-22.00733977761319,-18.491385866413,5338.842
6006109999341052032,230.50928397939325,-38.861901634647246,14.95835,1.0219116,0.9797959289675965,-2.354974030870275,-4.486013359980395,5313.6543
6006846019294095360,230.07493341748406,-38.88252403471287,14.959866,0.8542404,0.8475827912769789,1.8683952895856581,0.3228837982667282,5942.617
6006852822521421568,230.27881278719283,-38.974665450278025,14.970197,1.1599445,0.49990362520458065,-11.438741888529327,-9.73778089086146,5184.8306
6006829870216199808,230.17360495181435,-38.98677176906635,14.977484,1.2535686,-0.10351622466464147,-10.084521955653194,-1.102539981269332,4978.5273
6006858320079657856,230.1535438776862,-38.83135100357451,14.982381,1.2532196,0.088731963875224,-3.6771175234000486,-4.351699143943003,5760.7744
6006866154100063872,230.38743085609107,-38.66246413046278,14.994151,2.5030107,7.8355771990929775,-86.804147430016,-25.937061320664426,3537.3762
6006862649406689792,230.43394319826749,-38.737537080575486,14.998608,0.9857712,1.095908459373718,6.639258641478564,-1.2873285930959586,5521.785
6006101718644044288,230.3803512118507,-39.01794400097774,15.007181,0.9981384,0.8078102597077277,-11.468479763733157,-2.6293550895289015,5683.998
6006853922033078656,230.23629784107064,-38.915254260825215,15.01755,0.9216633,0.6164640329280066,-6.021464823812979,-2.6450825453109648,5636.3975
6006865123307856384,230.35998500552276,-38.75569707566059,15.021793,1.411335,2.1605552323120736,-21.036696378789216,-18.22388118098827,4599.0156
6006859522670515328,230.33160149587542,-38.748090721665314,15.026348,0.759676,0.5457065281401657,0.5662055828838201,0.776144661867028,6438.6665
6006853750234372608,230.30354610983514,-38.92309783245866,15.036199,1.1539106,0.10139162387974021,-7.860072621086696,-7.119718274395684,
6006859075993876480,230.31428984369566,-38.81283804218038,15.039029,0.90483093,0.75032458486524,-9.107180654184294,1.9395765399659481,
6006855846178443648,230.3474020117922,-38.843214691376,15.041654,1.0273495,0.5925020528741478,-12.34674564932223,-12.076703470745837,5519.6636
6006103883307598592,230.47973713665806,-38.92503946779665,15.046725,0.70977116,0.3507357424642334,0.7383342846248935,-6.921326098500198,6617.3696
6006102577637512448,230.4473738686823,-38.98256307607192,15.058487,0.8459158,0.6308243995760788,-1.364112693408452,-3.4221639146582152,6174.2686
6006872132694545920,230.18446070344584,-38.725862983095226,15.060121,1.2133217,0.1102392294744674,-3.583182240693789,-0.7578621795766345,5293.643
6006871960895848448,230.21151175008566,-38.72328168235435,15.062723,1.2206469,0.45562191967707577,1.2001993009257514,-1.2529821955192908,5027.804
6006109037268353280,230.5249764049751,-38.909820647625104,15.079247,1.247302,0.2594214583529302,-5.634567141719363,2.442517918389738,5156.391
6006866081079759616,230.4089358870492,-38.66650867002493,15.080995,0.9437828,,,,
6006104158185518848,230.46354735492625,-38.90176313573034,15.084017,1.2779512,0.3753549181328162,-4.547567501933173,-2.7022539801372494,4921.3022
6006112301443539456,230.55815166510527,-38.77755950994763,15.084193,1.0257044,1.0770368764557323,10.078843107872896,4.535789171857118,5343.8354
6006859419591291008,230.27619971118025,-38.779568490314865,15.085077,1.089076,1.4016523845610458,-5.408164817380772,-3.5953012364772707,5252.609
6006862855566790144,230.43683370021057,-38.70698743968204,15.086455,0.9291477,0.8012804476567602,-4.162225284106526,1.7925128695925503,5477.2773
6006110823974787072,230.53706100220305,-38.79862349908667,15.089951,1.2426224,0.05137412520792761,-6.080273016315221,-2.3133091308851377,5795.725
6006861790413209472,230.49040923735578,-38.749575319244244,15.094708,1.0299568,0.08798660978330766,-14.948027677714077,-6.661304699603903,6185.8716
6006103024314113152,230.49642458884847,-38.96418886621442,15.10081,1.2880402,1.1970906831417083,16.077846027159772,-2.1281642400799567,4660.0903
6006101821723270144,230.34817004254768,-39.0155902121855,15.104803,1.1727982,0.012014033404233477,-5.119482226148538,-5.702664204854848,
6006110686535830272,230.51930219579816,-38.82068221530756,15.110985,1.3365068,0.11449617449023453,-0.5382302957781007,-4.996933762996975,5216.1606
6006866772576978816,230.3541503238395,-38.67078551899375,15.121503,1.1003704,0.18157281199004233,-7.311774505945138,-2.312782561348369,5807.3945
6006857014409544064,230.25671873122155,-38.882607783806556,15.123791,1.243413,1.757320523034568,-30.539543847944003,-13.346081880560849,4790.4365
6006858766756237440,230.28676576710262,-38.81338964987849,15.129192,0.9584141,0.516620116216384,-2.0102742111389444,2.4913399510322494,5286.8267
6006878519309090048,230.2848998216888,-38.63827256177866,15.134705,0.9588146,0.7786880558262088,-8.354733462818004,-6.602154183808288,5379.2114
6006860828340494848,230.44540699575356,-38.83205910395282,15.15221,1.1977491,0.4278215693764684,-7.6577151995465265,-6.415150253601518,5138.9746
6006865707423425408,230.4175262421271,-38.71196789326638,15.158155,1.0155964,0.6853811508831545,-11.606144435245792,-4.675976304908026,
6006854299990176512,230.39769789705397,-38.91631909490807,15.162496,1.0595493,1.1412759133275252,-9.961149220535223,-0.6680069906867346,5257.2363
6006103574069945472,230.40642575500047,-38.96642521873977,15.177513,1.0541582,0.5897695068849198,-3.0118606652810467,1.115764153679905,
6006860209865288576,230.2801635993841,-38.75589951415129,15.186316,0.9712448,0.9497051272049383,2.1700994418529045,-2.3129327252392375,5522.6553
6006866665195341824,230.333071075855,-38.66341946484067,15.1995325,0.8408718,0.6172604745519809,-1.420641245897842,4.366058457153615,6228.4873
6006857083129030272,230.23101532528162,-38.87453087459147,15.223859,1.0298176,0.9107164065773258,1.9260631522404645,-0.6863594216225208,5378.1543
6006864126875459840,230.48880221035836,-38.68820239005786,15.229007,1.0700808,1.1453285398826676,3.8176051642497484,1.5385375983203131,5098.851
6006861034498928384,230.43554426944758,-38.82921599717333,15.230043,0.9421711,0.6072132951192772,-6.997964964945404,-8.454474502139307,5730.953
6006859969347884160,230.18850858246404,-38.77493851621809,15.232937,0.9839735,0.8388566476263394,-7.105511935579146,-9.752089515256655,5433.534
6006862855565138560,230.44361840920044,-38.70724025325646,15.2389965,1.277174,1.3145033169897813,10.35211173130292,0.5973242838333858,4730.4316
6006860072426344192,230.2496278748707,-38.75349590077759,15.241002,0.80431557,0.2606415742568368,-5.721506305782009,-4.934953592202872,6215.091
6006867322331156864,230.44906384914214,-38.65930754185423,15.260585,1.2259007,0.43845354178561063,-1.8352783246178923,1.006203649526404,5072.1724
6006855846178442496,230.3453172881489,-38.84755599208246,15.261355,1.1200886,0.4142242896730771,-8.192900339894765,-11.724806855836503,5255.5684
6006854506148617984,230.33373318983814,-38.90906121087734,15.273517,1.8427992,0.014451379413756462,-2.1955056010057405,-2.328109481992211,4565.253
6006855674379756032,230.33202147636663,-38.84211255033318,15.299552,0.9944258,0.09949400615333988,-8.609545321156766,-4.00585542117909,6197.381
6006860175505546112,230.28175839000463,-38.763082520494805,15.302866,1.415,0.11623183585024582,-4.567274103816757,-1.6737130911870175,4868.2905
6006859797548422656,230.25724285866872,-38.77282709565023,15.312736,1.1453886,1.3367813706476248,-5.555279346707662,-8.508772545559442,4940.6924
6006102955594641408,230.4668085520092,-38.965199359210736,15.320401,1.0490589,0.9904257480980971,-7.283149414190684,5.149809272543504,5154.5767
6006858938554929920,230.276709915378,-38.8161132182521,15.320479,1.2606239,0.11404490563767467,-6.785615709075044,-2.348852557384771,5284.8013
6006857907764460032,230.12523612579903,-38.843679757705665,15.333565,0.89845467,0.6102458278234199,-2.8042106416189276,0.20402093590852927,6008.1914
6006865466905261056,230.33375417559094,-38.73523115749286,15.335527,1.290328,0.1272524221665115,-6.152153209522872,-5.485126491944417,4989.0386
6006878420526698368,230.2681226246852,-38.6495377362158,15.335864,1.0297537,1.0352323766601055,-2.694967573844263,-7.645951051362862,5382.9336
6006833168751932544,230.13597149731456,-38.95055231995529,15.346714,0.9013138,0.5173781270274046,-9.729909185224301,-3.218700445762424,5781.8154
6006864126875453440,230.4945546726773,-38.69659811901241,15.347417,1.1177235,1.0087265729193957,-2.891544524083284,-0.08061538439797057,5197.438
6006857942122533888,230.1479516971484,-38.835327480806406,15.34999,0.9932308,0.5128728443718535,-3.600762298602105,-4.0003103601263375,5347.4683
6006109105987832192,230.54620010762807,-38.89830652513242,15.350821,0.95252323,0.7010896822400219,-1.3003646138438483,-0.805931952020039,5314.325
6006872029615333120,230.17536378457368,-38.725355802931226,15.352495,1.2208376,0.3330098141181936,2.395206259015215,-5.191290611639527,5066.261
6006859797548417920,230.26544494379797,-38.7771075073763,15.359996,1.2600813,1.610266416977608,-20.654390143596615,-11.180526904551265,4748.9893
6006872132694549120,230.1892640219799,-38.719032675426206,15.366597,0.8868561,0.648874436515713,2.488251958963416,1.1440810337342784,5723.483
6006861859132672768,230.41997265370395,-38.79542042280337,15.374497,0.9268713,0.7478516064637327,-8.184074081662079,-13.304615750785604,5440.844
6006855640020012544,230.3206235483815,-38.854568321551184,15.377345,1.2225218,0.3509397181526893,-5.281411130686857,-4.318344872631204,4919.5815
6006833065672715904,230.12860431355247,-38.95667294387598,15.389646,0.9488783,0.7436156465623419,6.21863840653068,-5.538930278245764,5532.262
6006872441932205440,230.26017933275872,-38.67964674393681,15.393206,1.0786839,0.9562552864206335,-9.33359829367398,-3.896334989110952,5188.065
6006871720377655808,230.1895918108671,-38.76734460248614,15.393718,1.0549831,0.9700482761416105,6.715068388335019,0.013594029123934018,5275.9253
6006112026565626368,230.57406507614883,-38.80262233545443,15.394388,0.87288857,0.628209371122967,-6.085243531666287,-2.1755852115008594,5929.758
6006855949257664512,230.3929723988463,-38.817981303608434,15.401186,1.3982162,1.3928840512513194,8.480471556951375,3.960386309464374,4455.757
6006856121056361088,230.3274544478489,-38.833226626517586,15.402735,1.2127457,0.25951586354639405,-7.32909488560235,-1.4150608123893718,5166.731
6006865466905269888,230.32943260834287,-38.72222443410631,15.404989,0.82630825,0.6308471267745691,-1.6823677768875012,-5.932057990337354,5869.0337
6006870139829680768,230.13291042772968,-38.800739480271076,15.405397,1.1262922,1.2413016292452008,-3.9773148762617163,-3.5624156325551652,
6006855811819226368,230.36733226223365,-38.848230526951184,15.407347,1.3172779,0.07963835297633098,-4.792188759187119,-4.841551742520525,4996.598
6006858251360174592,230.16404313093352,-38.83786333647126,15.411739,0.88058853,0.42255417973746345,-6.123896493477732,0.1773766632057212,5735.857
6006859797548415488,230.27281534614255,-38.77771109402617,15.412438,0.9631796,0.8002890497228761,-9.2225127193634,-4.249598744793063,5577.823
6006833203110852864,230.13780500070948,-38.92919075435453,15.413431,1.1340265,0.3011006569507731,-2.12011461340032,-1.7086123955825714,5399.65
6006869864952529792,230.07549958458708,-38.82562822203337,15.415808,1.3334885,0.07213524199602817,-5.740283517994188,-2.8575164261698474,4533.1436
6006103367911515136,230.40902674410995,-38.965693100279495,15.419562,1.0478973,0.44762745290411055,0.29349457220609065,-6.637858012923426,5209.99
6006109861902087552,230.48970985867643,-38.893205906046276,15.420297,0.99952507,0.6663248135824689,-5.02162150783618,-7.258168587093997,
6006863233522218880,230.52451039556985,-38.74002343734694,15.429094,0.9102278,0.6733795016142258,-1.6604800869897427,4.300620439712245,5738.339
6006854712307040128,230.42465702863743,-38.89929782678434,15.4378195,1.2438965,0.25510319920977254,-3.503203292402576,-3.293424528422105,4761.875
6006855571300532480,230.29099221703692,-38.870880575564954,15.446437,0.9538994,0.7215162648360368,-3.0696953077158025,-11.529485206007791,5458.4893
6006854368709659776,230.3779104253129,-38.9066946889707,15.4520645,1.0423651,0.44595855014013525,-10.593886057806778,-10.935841143671354,5774.212
6006854781026527616,230.40477480140711,-38.87634213051652,15.456,0.9941206,0.48521295227208994,-2.2565965470571916,-2.700120958014348,5324.3706
6006104192546028160,230.44039367946473,-38.895173766699784,15.4802265,1.0245895,1.024795708094296,-7.290946841337027,-3.40844689052692,5231.388
6006857426726417792,230.14290323096415,-38.899094532170416,15.480536,1.3554316,-0.17983600166336694,-2.626059220914236,-2.5168563347006097,5065.3716
6006866051020842880,230.386770030179,-38.66998547257489,15.501518,0.877614,0.4836788883076398,-5.8355404999371245,-3.2857484397929397,6106.8184
6006862060989792896,230.43777359086147,-38.76591095784065,15.508049,1.0335512,0.6439326406319862,-12.005591690594953,-12.649518410579141,5257.0747
6006102405838804480,230.40614655827778,-39.01797593552561,15.509066,1.0188532,0.6922254856310521,-1.8064784867460446,-1.6864753953598646,5286.1387
6006865844862397440,230.44082045056317,-38.67659071564866,15.509691,1.014574,0.8807326403974327,-6.423173112636113,-8.90150983336335,
6006871857816622208,230.21491896091845,-38.73900045907311,15.512214,0.93046,0.8123105838403394,-3.28564252470639,4.92264382247478,5248.0923
6006852513283765888,230.33556306380325,-38.99479251394764,15.512659,1.2947636,0.26135875956966986,-4.004046986058858,-2.507423235332335,4857.2095
6006852719442204672,230.34572616145934,-38.957640686467485,15.515924,2.5190763,4.137858366612989,-58.063057518824856,-49.367066571632165,3637.857
6006103569765175040,230.4066023487827,-38.966152045450904,15.5240135,,1.4022974911170927,-16.06906810764281,-17.31948907421662,
6006863061723519360,230.55140655626775,-38.74322952839211,15.525299,0.94833946,0.660063169269364,-6.217634359068981,-4.245682076242255,5417.0337
6006855536940793600,230.30169717026567,-38.8691740673309,15.525459,1.0275707,0.8133635901767705,-10.633590965852385,3.010610136640099,5434.42
6006870483427082496,230.14741480722324,-38.770755087868366,15.526705,0.79867935,0.026722454107386377,-2.962628449421532,-1.762519935172269,6724.398
6006852375844817152,230.28510766395274,-38.98852826077223,15.53421,1.2837753,0.1549307468829973,-7.482846563664972,-2.5530046854644124,5803.618
6006857632884857856,230.1505226599692,-38.881198286292125,15.553452,1.2956429,0.07089557166396551,-7.288550059858025,-3.0728877171849533,4928.077
6006856636452415232,230.16952711755863,-38.92508891712986,15.561945,1.098465,1.0833459690981466,-7.921794457492556,-11.598689562703736,5025.8916
6006860141145825920,230.2298757707213,-38.75339876893405,15.56314,0.95787334,0.5543626549357081,-4.962826852647078,-5.349012056014139,5642.7163
6006110514737131648,230.54947993528893,-38.830839490323186,15.565129,0.9884205,0.7789678330277272,-2.2656437021073623,-0.3823895869482635,5180.915
6006853818953854848,230.29607241646963,-38.912094809221955,15.565681,0.95605564,0.6008608227796057,-18.95664874429265,-0.5054496089636741,5333.448
6006860587822439040,230.26469452344438,-38.717465415215,15.566442,1.2155342,3.413021705765528E-4,-12.682160442897473,-3.038915059222224,5744.1763
6006859797548421504,230.26575121570949,-38.77295968574251,15.567487,0.91150665,0.669278822104503,3.87032479595452,0.6543821921703984,5463.0073
6006854231270698752,230.35437621793739,-38.935273513820846,15.577888,1.3143473,0.23130343330495662,-3.416422868842851,0.9170126395016965,4878.3687
6006860171204207872,230.28385604688904,-38.765784400702515,15.581578,0.96119213,0.408284559153959,-3.835600290071662,-1.7515526268877766,
6006878386166956800,230.26700148781708,-38.65521163688778,15.589737,0.8348274,0.3562264147360605,0.31743886681971684,1.8931791702750482,5799.5063
6006855330782353920,230.3235050850409,-38.88072094198787,15.5962305,1.085249,0.29999634124585456,-3.2111195992988333,-0.5252472040917346,5448.8457
6006869658793327488,230.11850511986242,-38.830383039568645,15.606208,0.9431057,,,,
6006857942122535040,230.14464900314735,-38.83552337970376,15.615655,1.6436119,2.0970063285903118,-20.706693104486888,-16.21871895555638,4482.2437
6006860209865290368,230.28611396198767,-38.75225612222632,15.623795,1.0154457,0.9677832848781317,-17.398509127738016,-1.7160696098452075,5483.6284
6006863297940637440,230.5191242368171,-38.71748987813779,15.627129,1.0307236,0.6752626885393187,-13.494630791886568,-7.880356005419605,5029.786
6006102440198550400,230.42656541649046,-39.00148007600355,15.628505,1.3564959,0.11656038580713948,-4.462095684999759,-3.335078437373939,4878.082
6006855743099235584,230.32785269961968,-38.837433913236104,15.6376915,1.2322989,0.1088793073500077,-0.9653908650401508,-2.326686803993384,5846.5103
6006854781026521856,230.40549892022867,-38.89378222247778,15.6385975,0.9785938,0.6005059940603049,-12.07011363172305,-3.5272638940737635,5390.6284
6006853406636989056,230.20869285110726,-38.955329543110736,15.639563,0.9174299,0.44744765417709825,-3.295307059646025,-3.24580234236547,5690.948
6006857529805643264,230.14562043241372,-38.88217876032467,15.653383,1.2060575,0.3878712573850449,0.6090842941042298,-7.063218193711139,5322.772
6006864023796219648,230.49532191666535,-38.72409738567709,15.663375,0.84578514,0.21263764326864143,-1.7464778702753767,-2.4092151376984563,5783.4883
6006854540508351488,230.36184782586145,-38.912849943408474,15.663686,1.2810202,0.0796764243130999,-2.2638279989942016,-5.3296655692469335,
6006872510651693696,230.24818303251115,-38.66593750238602,15.664397,1.0204124,0.5803612304763612,-2.638021368218777,0.7255732274563786,5279.6567
6006854987184964736,230.38585340519953,-38.871811621253116,15.681118,0.9190321,0.49560324083050467,-6.3351396300316605,-7.309441946564775,5473.7725
6006857186202051456,230.21930766966517,-38.86866151063142,15.682535,0.9190979,0.061880981143578026,-4.167563120594161,-3.9081538021277513,
6006853887673337600,230.2600639757188,-38.9131138595895,15.686135,1.0033493,0.42676408406997884,-4.505656139163151,-3.224871390835035,5354.386
6006854918465482368,230.4277263249861,-38.86654407931411,15.688038,1.3764362,1.5754321799251083,-8.598215220516902,-1.1445461450148153,4558.0005
6006859488310763264,230.31438261371022,-38.77269880749013,15.688147,1.3594131,0.2994240467338853,-4.606715985580718,-6.524813025209413,4561.1743
6006860759621011840,230.4571674800367,-38.84354874496767,15.68911,1.1605406,0.8143342563491267,-5.0833741978737645,-2.977454452866591,5067.3574
6006866635130359040,230.32236578807456,-38.66392388990672,15.689604,2.1143627,2.7522502376236155,-12.133216490483441,-6.286540980883496,4373.634
6006859797548418048,230.25868523261875,-38.77941711760617,15.69044,1.0474796,0.8104114672634783,-3.64534249314539,-6.459726569439422,5220.9077
6006859763188677248,230.24877723488086,-38.78572520204183,15.694037,1.3350096,0.26593509056676723,-5.276876014902134,-4.69953229025202,4569.4604
6006101856083008000,230.33346716348848,-39.02103505412947,15.69505,0.9860487,0.4021285778673315,-9.323854971923584,-5.82052614470365,5330.9634
6006103024314119680,230.48312911150725,-38.95789498820454,15.695983,1.2194548,0.31941657946488045,-2.0519744523329546,-2.9131920086898724,5134.821
6006109140347573888,230.51949677093177,-38.901487591357004,15.698025,1.2077703,0.339676103137221,-4.271558933544776,-4.313687011461661,5162.376
6006872132694552832,230.18895326377992,-38.71429283712604,15.701613,1.0022793,0.5487306835346503,-6.504210209297339,-1.6818530338189737,5465.416
6006103574069947904,230.409086651946,-38.96076573768263,15.704791,0.95439243,0.448428280011688,-10.917956705527061,-1.1193843321238421,5521.997
6006865638697891200,230.35662423343524,-38.69060885662873,15.716672,0.6070633,0.182082323043079,-6.174520347228522,-4.020975330257333,
6006833959025922688,230.1293085592094,-38.92127372900185,15.729959,0.98574734,0.296452808233671,-6.493956442943927,-1.7540145533215912,5253.324
6006103196112807040,230.40642474270183,-38.992948157844104,15.734395,0.9915352,0.3923839533029224,-6.492989078233539,-3.8893737752925515,5510.414
6006110514737132160,230.54711954261046,-38.830872734125435,15.744011,0.9093342,0.567402850938812,-4.601230875239184,-0.49500505119771115,6046.352
6006855571300527232,230.28894222330956,-38.8804334438377,15.746934,1.2733736,0.20038234180008777,-3.980428239238189,-3.0627456605011796,5557.6406
6006854231270697344,230.3692322390451,-38.93583490271241,15.748711,1.4121752,0.23319002416710977,-3.0342433011916805,-1.9812196197682717,4739.5996
6006857735964075904,230.1308618302459,-38.88206712569502,15.749507,1.1679935,0.09326182451749479,-16.27211266373104,-9.160846945630798,5869.0723
6006861034498933248,230.43342292955995,-38.820472683424605,15.75526,1.0233936,0.6395277573945607,-10.988531244423358,-3.9294492762078908,5379.793
6006871720377658240,230.1854222906323,-38.765375310978015,15.763047,0.42091656,0.17382805084098507,-6.748921459204066,-4.675186016291992,
6006860106786089088,230.2221462739851,-38.75316332988382,15.766088,1.2210674,0.3919193435602221,-2.9297934582643697,-2.8181680554869617,4915.98
6006878313146624768,230.27326945796963,-38.66546494716841,15.771009,1.1850624,0.07036153068944563,-8.282328601321307,-3.5780207001046644,
6006854574868094848,230.3681123333855,-38.89675436013208,15.771216,0.9343643,0.26888305928995376,-1.6334859011026825,-1.3108525811909,5208.875
6006110720895567744,230.54104623490886,-38.814861344713634,15.781549,0.9301615,0.36007133468734964,-0.32046316299462607,-3.0851492716693887,5754.813
6006834233903834112,230.10839269847668,-38.89448304093275,15.789442,0.9490776,0.22134721930209286,-13.618853795653145,-9.099382057198186,5654.0
6006853990752554496,230.2772464878934,-38.903289998075834,15.794853,0.9124613,0.5054558607230983,-6.300464237921968,-3.527920731232162,6086.1113
6006102405838801152,230.41460829548245,-39.019429597247225,15.797825,0.8681307,0.5028258955676201,-12.60668193724595,-4.968043074724726,5842.615
6006860828340490240,230.4588900547482,-38.838934874620136,15.797977,1.5793781,1.878373053831232,3.156430924022819,-10.07675370387702,4525.4033
6006856292855079040,230.36019415167686,-38.78154571151804,15.800527,1.6926508,2.3037779308668673,-11.216242724283473,-6.43136426354445,4384.168
6006103367911509120,230.41930788148747,-38.97373402170717,15.8013935,0.9941788,0.5285193412448368,-0.6904316584843956,2.0066870918167057,5771.2964
6006859316512070016,230.3373748953437,-38.768256144586516,15.809627,1.0099554,0.4900694845758002,-6.767606302197166,-4.649193907370328,5383.962
6006878351808886144,230.29333879968078,-38.65673263075632,15.810856,0.9286699,,,,
6006871857816619904,230.20326135539872,-38.74728666845752,15.816629,1.4786444,1.513083304071888,-19.109946924119324,-20.281691030387424,4659.259
6006860312944509696,230.29159378274016,-38.74280959007873,15.819007,0.9617233,0.5304257580603908,-10.69611252455568,-6.028524920984012,5261.862
6006857937824875520,230.1432353082993,-38.82990857889605,15.824522,1.0264387,0.6531242194300787,-8.105231024828507,-6.503944705701668,5073.0747
6006103952027083008,230.47239691353852,-38.91399735739763,15.827168,0.9501133,0.6425648927676232,-16.106054684291816,-16.559863532671116,5595.6484
6006866635136414464,230.32444536297854,-38.66660838058246,15.832038,0.94804764,0.6539965848041415,-2.830680641945491,1.9349579371569128,5195.4727
6006858835475706496,230.2629383138333,-38.83208736852729,15.832744,1.1871595,1.0350654552900969,-15.860690241662649,-2.13146771686009,4835.637
6006854884105745408,230.41385188018026,-38.86926981233736,15.835307,1.0207939,0.8529920216309,-14.720811041669617,-10.81430086745764,5158.1294
6006870449067357056,230.11634802387601,-38.76011778022459,15.836458,1.1404486,0.1368608454286619,-6.776733317997363,-1.3489415970662404,5287.0474
6006857839043299712,230.13741252836104,-38.86806325496015,15.837206,0.9314127,0.5093863091734699,-2.0175630328151333,2.06297336947816,5655.332
6006855433861571584,230.3312609959639,-38.87056532308924,15.837525,0.9202938,0.435496779466635,-7.531504899258252,-2.5402424506937886,5534.182
6006859007274423808,230.2623231003205,-38.79543876260739,15.839455,1.1760578,0.2974534323587451,2.8094129278958215,0.2044372497856093,4853.715
6006865363826043008,230.393997691637,-38.71798862070086,15.841683,1.0063934,0.5895723691728783,-3.649231403736025,-4.213091833481462,5106.838
6006870483427087232,230.1363944003235,-38.766884469094116,15.844998,0.9590931,0.7280140780150073,-6.128488017013663,-5.449877515728224,5462.2695
6006873369645159168,230.18758602277643,-38.67651134613799,15.851385,0.9322872,0.653215627295513,-1.9052010419292285,2.282492799203763,5598.2876
6006853986454609024,230.27173155602077,-38.90864939506472,15.856477,0.98666286,0.3819436724359517,0.03233365327515325,-1.7182283515713885,5267.035
6006865398185781248,230.33269509394205,-38.73978579046898,15.860634,0.9089718,0.5830650338325797,-4.120066531614885,-0.5343600043179539,5933.164
6006859660109448960,230.23948215008812,-38.80990530058443,15.860761,0.94500446,0.4241940770325989,-9.668544819320065,-2.7443804787246373,5625.8125
6006103127393348992,230.49387406679446,-38.93153405270545,15.868017,0.94414043,0.4184183038591166,-10.758530758125557,-8.795990593987183,5711.051
6006865806201628800,230.42764531067604,-38.703357067689616,15.872214,1.1426468,0.995804219192147,-23.161537079527413,-14.691047278918395,4765.589
6006858079561469952,230.18507238950414,-38.84900317333157,15.874412,0.9785032,0.6301403503393567,-7.384524171262112,-6.849601638677293,5615.0103
6006861030201359104,230.43384223255478,-38.820930622908044,15.875849,1.1017656,0.13756218541449067,-4.020252101956094,-2.0516328707546405,
6006872922969254272,230.14203365799892,-38.69223957244408,15.87638,1.1409378,0.4506069196393419,-1.896764853371534,1.736635328961132,5053.384
6006855640020011008,230.3098260763433,-38.86145925692828,15.8808155,1.3180962,0.836417369365195,-11.728660658304271,-10.814971042829217,4835.7676
6006860416024171904,230.29675322390767,-38.72039915420805,15.881399,0.7738743,0.2905872501719194,-4.635597621490498,-2.3595157672854588,6311.7104
6006856327214752896,230.1858986351705,-38.95379930417354,15.881491,1.3803711,0.003908196520781157,-4.580992440334807,-3.3262695466570786,4986.429
6006833100032455296,230.14811624591297,-38.95446552895939,15.884419,0.9562626,0.3469481424041531,-2.425872068839422,-0.28142119276284383,5332.0957
6006866841294847488,230.34725126703466,-38.6543956432181,15.8846445,0.96368027,0.3892913732201631,-6.914195384831082,-1.9825768065049578,5371.5684
6006829904575938560,230.19167486219095,-38.979265086238385,15.892084,0.9896984,0.18098839305195055,-8.50761432781077,3.6585413487395164,5391.516
6006856670812157184,230.15048279269502,-38.92631403886435,15.89327,1.0002222,0.5553702050910968,-3.233808532467007,-5.223663226443573,5138.354
6006853715874628736,230.29642324834205,-38.94016563431595,15.897567,1.3825665,1.342372653282148,-8.226395942067889,-0.5243747718454357,4676.705
6006856116758765952,230.32970957412627,-38.82288051447596,15.904324,0.94089127,0.2718601721667234,-8.349774720485929,-3.2834699779866483,
6006853990752553472,230.26754199047375,-38.90825966691058,15.911531,0.9418011,0.5137252062834557,1.5926343335239377,-2.2226200670311207,5359.553
6006866016661099776,230.3700086103096,-38.685180539577104,15.913465,0.23464108,0.075320899692191,-3.303220663083125,-4.148864973679693,9245.369
6006856464653711104,230.21502525124203,-38.936430985464874,15.914581,1.3065805,0.0330353367993296,-4.369375415821743,-1.8426709979744307,5135.813
6006855949257663488,230.39068364635676,-38.821232236471104,15.914965,1.0244055,0.6765859848719205,-12.734540723681498,-8.860304614832504,5369.1006
6006878523605919232,230.28486519319054,-38.63675535787688,15.915373,0.87630177,0.4857037523266955,-2.5888276968933575,-2.153244246884136,5598.715
6006867047453280896,230.34401701554768,-38.65088135882938,15.916437,0.9652977,0.37770818550460455,10.249510894756622,-1.2102703701654978,5688.849
6006854952825218048,230.37736516001897,-38.88799201713561,15.921157,1.2250128,0.72231311844563,-8.207190647367385,-2.428635765717531,4879.499
6006855090264178304,230.40645475486622,-38.8668727275297,15.923512,0.9630079,0.49551649275354326,-9.151412163345636,-1.8583037286098727,5328.4116
6006872819889330304,230.13434212887262,-38.71851889920261,15.927812,0.9280615,0.7149954664149745,3.4235486383954634,2.7891399505169145,5454.9453
6006853574137533056,230.26989733151126,-38.96352126512891,15.936299,1.1822882,0.2327193293214405,-2.2956179637949616,-5.5622535920856,5083.1636
6006858698036745984,230.30317247015608,-38.83046676206099,15.936893,1.173953,0.34047759602092403,-5.125950216527847,-3.32259411335237,5119.247
6006108762390434304,230.53087594641642,-38.9311882192538,15.942821,0.9702053,0.45278120629652935,-5.3760216244123935,-7.583138098926386,5590.84
6006856773891382656,230.19129837157777,-38.89314655477316,15.949778,0.87592125,0.42544237225278086,2.1436518934848707,-1.4140537760047405,5714.9556
6006854128191477504,230.36333087269054,-38.952262672139305,15.954654,0.84380627,0.4090507903749161,-1.7924614019632803,0.4351687960707994,5984.8115
6006865604344226176,230.35020151130996,-38.7118162673998,15.968838,1.3171787,1.1940579388051082,3.417229388616737,-2.255002381609853,4679.921
6006854128191473792,230.3605632553401,-38.96253370857662,15.969241,0.8467932,0.40199516762306675,-5.333454279616168,-7.131312446937462,6363.83
6006858801115967360,230.2483766549493,-38.83948026002534,15.975812,1.0743446,0.9425708186908065,-10.965584781779253,-0.48920533109248965,5207.371
6006858113921212416,230.19976719098284,-38.83710785501368,15.97684,1.024518,0.3364617174383807,-5.318093525845418,0.5440741629844288,5308.368
6006853097399328128,230.21436102184435,-38.99816655272476,15.977697,2.6665382,8.36172957897576,-24.04628054112244,-29.202886159847147,3132.746
6006103883308379520,230.48583637897434,-38.914375089848264,15.978878,1.1871719,0.26677328935043354,-2.1046656481813004,-0.264144927375917,5624.818
6006853990752555264,230.27205445368716,-38.90299271338383,15.981081,1.2770166,0.15986636904604845,-7.119187296311539,-1.4579133595368683,5097.281
6006870376046428160,230.12049718258044,-38.77868163820251,15.9937935,1.1514482,0.2605960693004726,-4.920672205792576,0.0022075085980393164,4921.999
6006866738215647488,230.31354896061592,-38.64459240935655,15.996087,1.2008305,0.10879195576110035,-2.177356349931191,1.0361893504783168,5100.0854
6006852238405858816,230.26231336816184,-39.02223890590483,15.996745,0.8752394,0.5387503117891779,-5.0939854618664935,-6.259763747138488,5826.3726
6006852685082463488,230.32307858830066,-38.9712756370589,15.998743,1.0530024,0.9493375167265031,-32.07547193678626,-2.9134065659744564,5257.7065
6006862168370336000,230.36939523481504,-38.78470804423857,16.002579,0.94236183,0.6592392550640821,-1.245056910176357,-4.63369039180996,5565.203
6006110342938434944,230.5524646380164,-38.8488405955613,16.004295,1.0232315,0.44552735699247364,-5.763467066953798,0.2378270098265674,5241.925
6006856121056359936,230.3299356167997,-38.83440825157298,16.006144,1.0349464,0.7198721524574587,-10.964395655354966,-3.057924785129841,5672.7134
6006853544075945984,230.23582459555334,-38.93505798321846,16.008097,0.96115303,0.39623987077202155,-2.417970332113968,-1.242476361019964,5246.891
6006103879007790592,230.4788375389331,-38.9140176499242,16.008272,1.3050146,1.188246962436956,3.925525836666907,0.5721294120070242,4682.6523
6006856425995942528,230.1784403440711,-38.931450141250586,16.013632,1.2286444,0.17752697034254458,-2.4302365260487013,-6.680664943033467,4978.9507
6006854196910957312,230.34652828852424,-38.94682711517815,16.017838,1.2025948,0.3430528765927457,-5.012259143063219,-0.651603935022224,4913.058
6006103333543777280,230.44439383879316,-38.97158552209158,16.019169,,0.9473283853149806,-8.758245914331017,-3.43796369589719,
6006854781026526592,230.40122450497392,-38.87900375384232,16.028473,1.0628014,0.4228119464946371,-5.988227769045881,-6.050352562757489,5419.3125
6006852856882022656,230.2887942652353,-38.95413608720293,16.030031,1.142726,0.1561126646678189,-8.69463870850217,-5.723586977363392,5416.787
6006103264832289024,230.41030882996725,-38.9826415877455,16.03155,1.2613478,0.14432938154627079,-3.38588619125702,-3.76499491243103,5142.237
6006854128191476608,230.3670000609654,-38.952779677665724,16.03382,1.3411484,0.21309178665788814,-4.477352137612977,0.8266564495799869,4890.814
6006859522670508288,230.32364889199005,-38.760222965523404,16.034084,1.1208258,0.4557034996718498,-4.227961838661341,-2.3892597010712233,5441.543
6006103161753054848,230.4104036157346,-39.008033426868465,16.038637,0.96406555,0.46493833388542916,4.788117381304142,-3.8049836334459686,5405.727
6006109101688049920,230.54058955592978,-38.90086161871988,16.041945,1.0699396,0.3906302290191863,-3.7293236388541597,-6.035068789380267,5287.57
6006858148280947712,230.21777107710722,-38.83590741217291,16.042744,1.1527967,0.5964648874819184,-12.946550102009676,-4.0105021712285325,4885.165
6006853853313591168,230.25106410640555,-38.92919041539752,16.047483,0.9764252,0.34523819893683677,-5.75495211794146,-3.8471829366828736,5345.634
6006873369645158784,230.18375638453742,-38.67823199665005,16.0476,0.9659376,0.5895768883323679,-4.558624736613254,-5.7591058728830395,5316.724
6006852444564294016,230.2746973797266,-38.99074555266952,16.047619,1.1932344,1.0645460000273497,-5.745737406296907,-11.29336903383409,4792.149
6006858457518626048,230.17611028049893,-38.801725990830114,16.048162,1.3604383,1.0405391218458364,-1.3843386187354836,-6.446177616020467,4672.753
6006856636452416000,230.18097886896922,-38.91911977091837,16.052517,1.3067436,0.026531246697222413,-7.5134583496853615,-4.397767566841859,5000.407
6006869693153071360,230.12803393311802,-38.820579390916265,16.056334,0.9849405,0.3294985763823475,-8.395613156833939,-2.3988083362528103,5205.1816
6006866532057189504,230.30978037744302,-38.686308345178595,16.059134,0.96935844,0.3201566966400428,-6.235412481035082,-2.3782886724230994,5587.919
6006878386166951936,230.26695843728928,-38.66525753790073,16.064636,0.8852043,0.35541342517063984,-10.141253603767055,4.036432059876908,
6006869757570982528,230.11837490927024,-38.80853055407379,16.06835,1.2066946,0.28147305424524527,-4.01841203544931,-6.627098195846959,5110.621
6006866051014760064,230.38553395418907,-38.673563084485586,16.069372,,1.8998830677209109,-16.031680184266513,-7.154330500024794,
6006855468221314944,230.34291318767717,-38.8594379800642,16.076696,0.872385,0.44409941907371847,-2.3329946981353533,-3.497084159927785,5429.3506
6006865844862392576,230.43552443653783,-38.684511826470796,16.077015,0.93237686,0.4464288876098073,-17.466089356676584,-8.65411201004952,5581.324
6006856808251121536,230.18245302258546,-38.89553389441446,16.08035,1.0106907,0.4674714790484839,-3.333608707726339,0.15327809335238515,5373.0166
6006865741783174528,230.39510857016924,-38.70323638153677,16.080402,1.3616838,-0.003499338587126169,-5.360035454956293,-3.438245423138524,4955.796
6006870655226513536,230.06821507416754,-38.80919752936186,16.084124,0.9834871,0.5449480514089365,-3.646483584044102,-0.597146029410518,5363.6978
6006834027744584576,230.1278975026061,-38.91217035765308,16.085533,0.96222687,0.5467945985694344,-1.044413870792612,-6.000232300065772,5281.3965
6006861996571629824,230.44052203346848,-38.78207331466715,16.088251,0.82640266,0.21718728329519882,-3.63893630033298,-1.7857542583028716,6074.402
6006857804683570560,230.1212159742248,-38.85902429396815,16.088602,1.0462093,0.2368552128824522,-0.6835175573550965,-4.05085942625951,5082.064
6006109071628091264,230.53141827368435,-38.90836808026646,16.094376,0.99961376,0.3924580571846973,-7.032007237738117,-4.413117157290322,5385.8096
6006860209865290624,230.28897288873105,-38.75115770179225,16.096415,1.0211029,0.600651679798351,-14.773810513753741,-8.415356303320625,5304.9976
6006853337917504384,230.22206841232156,-38.97080564948989,16.097704,1.1062202,0.9265520245321895,-1.3148888770096399,-0.056151445342695484,4888.575
6006869658793325696,230.1146078206668,-38.83421355444653,16.099783,0.8997078,0.5262600245854979,-2.509790829658622,-5.031717888453734,5850.0615
6006861756053472000,230.47742691925126,-38.752997169442544,16.10295,0.9187689,0.40004831376082217,3.374199174336888,-1.4761522072935604,5302.2026
6006102027881714560,230.3644496543687,-38.98809058583397,16.105274,1.1096048,0.9428917025959692,6.768457112037419,-0.6480898056548421,4903.4033
6006854196910959360,230.35376982728454,-38.93989700736142,16.107185,0.9712343,0.4250624961793639,-1.91620483978284,-1.7038837706087877,5135.4717
6006862615046960512,230.4675049972018,-38.71180287546242,16.108038,1.2176056,1.0744643786702015,7.830574092941157,-1.7913479192442212,4801.1416
6006867386749821952,230.43331148295115,-38.664029053550166,16.112547,0.91748047,0.4141873111363654,-8.4235228689706,-4.467239573926506,5584.64
6006834268263570304,230.0856762524372,-38.90424327198152,16.115307,0.88645935,0.474849227770661,-2.1962548718611705,1.856431201762256,5364.9023
6006869761872555776,230.11779167323178,-38.81125516975002,16.117022,1.2642221,0.09965230492185498,-6.097532063197166,-4.045640448057067,5072.3447
6006853063039588480,230.2364805133417,-38.995299018951286,16.124092,1.2211275,0.35681415820521695,-9.628141247593215,1.8884847787805679,5026.11
6006870277268643968,230.15842456363887,-38.77857982097274,16.125816,1.1189842,0.683893856431271,-8.347988540071057,-6.568231258396532,5149.5054
6006857598525117952,230.1729950631331,-38.87565799499573,16.12651,1.2228365,0.06302729708045221,-4.01663032252004,-1.7896929536521538,5512.804
6006871819155653120,230.1924077816302,-38.73916259947458,16.126917,0.88679314,0.3904707954149297,-6.562874524139234,-2.386367901848244,5861.5347
6006101787363524608,230.33961732860737,-39.02751191901378,16.127592,1.2652435,0.31274419246335916,-3.759233471796115,-7.080485700020692,5041.7734
6006865501265012224,230.34373096394265,-38.71218295334334,16.12878,0.928236,0.3132665525818937,-0.10035075769916957,-4.293434424928335,5256.8467
6006861962211887104,230.4359364148836,-38.79185903976212,16.131413,0.94781876,0.4019124028793313,-1.721299680478129,-3.094897809505315,5544.0894
6006861756053467264,230.47926957409118,-38.759025708403875,16.133673,1.0654554,0.3612224495861395,-5.658361449228158,-7.439598470343456,5103.847
6006865604344232320,230.3488832690928,-38.704579764316534,16.136402,0.9216089,0.41254573271018535,-7.8529628729322205,-5.8451549790827215,5521.4395
6006109999341051392,230.50696441144964,-38.864513568637285,16.14348,1.1662636,0.33698984517334263,0.5394834135864717,-4.967394815562759,5318.2476
6006858148280961152,230.21745864799112,-38.817428475325244,16.147717,0.9861946,0.6883470569074598,-0.6070909089669463,-2.4703801859213463,5255.4473
6006863267881965440,230.51279585565905,-38.731616599073554,16.151775,1.0073195,0.3500515345668303,-7.147983119173336,-4.4049130300647805,5447.835
6006858972914679168,230.28811990427417,-38.796583808621904,16.153679,0.9681902,0.49448875745321785,-9.806217166488626,-10.960004924059849,5119.0957
6006101443766146432,230.30659787983296,-39.03118819030126,16.155218,1.1055336,0.705529062149888,-10.752651651124298,-1.2149412817833822,5208.289
6006870071110189184,230.14336431089183,-38.81976027484455,16.159346,0.99558353,0.34658154292300486,0.25069382589968636,0.007775233864558887,5576.73
6006103814588122880,230.4421730656222,-38.935613418257475,16.163668,1.2681437,1.1105671206863277,-5.333174001115001,6.275314036925966,4734.388
6006853509716204800,230.22486678432645,-38.94864045994098,16.167109,1.0184774,0.43209161085441905,-8.779938580063867,-5.1614976532307235,
6006861275017092608,230.49984178598456,-38.81534375889378,16.173405,1.0033855,0.5738912655852954,-2.372104618251397,0.631332682356244,5204.639
6006856842610858496,230.18531220103077,-38.896756924877714,16.174084,1.0430775,0.7782391697633463,0.9941620463013572,-5.810026289761575,5254.0654
6006862477607994112,230.45395661349983,-38.736999223517095,16.17486,1.0524206,0.2952591750968207,-7.46158185044866,-5.685086772698211,5552.3403
6006852685082462080,230.3355651716901,-38.97158040548703,16.17593,1.6215401,1.1553471245952487,-13.42102838871062,-11.457692105272002,4495.8867
6006859552728933376,230.31127420410593,-38.759921707793026,16.176516,1.068039,0.3565668519898292,-6.543363256671366,-1.5773681186851025,5094.061
6006872098334819328,230.16503308606602,-38.7152146278709,16.17823,0.9742594,0.5937956653087824,-5.37118737289873,-3.123717891500096,5268.7876
6006110407358229632,230.53852063749594,-38.82970247996664,16.184832,1.1302366,0.6794645237204677,-4.599443416276565,-6.087386709088648,5005.799
6006872648090658048,230.2036698646661,-38.66505927772604,16.195534,2.0175333,1.9407223658030432,0.5657911918989109,4.898203954425799,4161.504
6006861098920872576,230.43094275547585,-38.81265473405114,16.19678,0.984437,0.598462970846176,-11.693673918813927,-2.54691555476296,5759.1997
6006103741568756864,230.46544684703548,-38.94756918172424,16.206034,0.8870144,0.4383063203745652,-2.0603542171800657,-1.459447595959026,5712.2705
6006858388799139072,230.18040794605008,-38.814554636076494,16.209476,0.9646702,0.12936675799671363,-7.596626258409412,-4.480172964188202,5136.4673
6006866566416942592,230.28419047186674,-38.67333332138094,16.210104,0.924943,0.6311428836111297,0.24634542988355523,-7.0640136186297005,5266.075
6006833993385660288,230.11355346782548,-38.92223677814147,16.215385,0.87179184,0.32148669437319943,-3.3534439298494827,-3.537078654351679,5925.5664
6006103058673868160,230.50543330639874,-38.93524532289399,16.217525,0.82049847,0.34765503194207437,4.818782138908855,-12.427021156611932,6296.6313
6006863199162485888,230.50890822914673,-38.738515443171664,16.220078,1.1233759,0.6966396508508651,-11.82360901843668,-6.775440162030794,5136.143
6006860141145835776,230.22499969840612,-38.7410035200138,16.22041,1.143774,0.825957740842509,-7.411014502465813,-2.647591183404537,4863.1514
6006862786845652864,230.44768847981805,-38.71837468356554,16.222986,1.0943165,0.7438997962546252,-14.609908697895893,-3.025170002579208,5304.6016
6006870792664733056,230.0878005549421,-38.78253076894189,16.223324,0.95938015,0.5823044231667162,-10.14108207631642,-9.889865233330305,5378.4907
6006853818953861376,230.29705019664885,-38.89962777428945,16.22344,1.2135019,0.26617081832240164,-6.74179035708892,-2.4011853559537624,5139.1353
6006863130442998528,230.54932992566327,-38.73981295993278,16.224083,1.0237322,0.6893456591734284,6.030349474243247,3.481616910725707,5316.7417
6006103711508889984,230.44745283608108,-38.96679274631101,16.226042,1.2658005,0.17902003666654076,-1.6022454226856189,-6.1405049550274775,5146.0747
6006109105987828480,230.5543770022808,-38.90244585909304,16.230093,0.86867046,0.44563707788630236,1.5833673345592083,-6.003411588725751,6059.401
6006860828340487808,230.45107407357096,-38.84720285555806,16.237097,1.2974176,0.2045543710884562,-6.359965808083755,-1.4046752875607873,5088.309
6006854643587580160,230.36137492024145,-38.88161432687959,16.237185,1.1242819,0.875569696702531,-11.90061811299195,-1.8669743964831598,5037.712
6006864367393640320,230.46389435033782,-38.67885107215712,16.242598,0.8511524,0.312689395172105,-0.18133787864432843,-0.8361006114552381,5770.508
6006854506149474688,230.3372349007701,-38.90851930851186,16.242739,1.3794861,0.12444816756650862,-9.602018101833316,-4.105668625180679,4966.017
6006858384500086144,230.18736097439367,-38.82279446592973,16.24465,0.9620218,0.3065129688585466,-0.4223447867304916,-3.2417866160387847,5161.3613
6006859797548420992,230.25844830579805,-38.77596905148474,16.244751,1.3795853,1.1079016243023543,-1.574448380846143,0.18611385804326835,4650.3813
6006865398185774720,230.3451594471941,-38.74632236629505,16.245773,0.99080753,0.501359754839225,-11.133515746042324,-10.565776451344965,5199.927
6006855468221315968,230.34467043914313,-38.85589776128604,16.248917,0.94347954,0.3075200575973444,-7.446355025514164,-0.7429643025632845,5628.6455
6006870586506320896,230.14518023420706,-38.736756500132266,16.250074,1.0616846,0.6079483810297769,-1.920234672475964,-5.9997727211943,5218.761
6006103333551766400,230.4420735822119,-38.97087805299621,16.251358,1.1192226,0.3681025929640567,-7.645956222890948,1.2294801323591333,5324.5723
6006871342420575488,230.128456515768,-38.7275142834827,16.25472,0.9913683,0.24829450907715536,-1.3575307965134866,-2.168839935695007,5268.955
6006866532057194368,230.31141315537394,-38.67817360148298,16.254822,0.99641705,0.5762086878394261,1.6674957759505997,-8.073832079858787,5416.1743
6006857358006956416,230.2206476418447,-38.84793741168055,16.257301,1.1518755,0.2683519131703761,-11.307405750236274,-3.370186631965949,4928.702
6006852100966905088,230.30329299538207,-39.010085665814024,16.257545,0.9451113,0.5390330444248979,-7.251054995533651,-4.999847300572737,5201.397
6006864058155964928,230.50605352892268,-38.70928725814679,16.261562,1.6380224,-0.03137175633915921,-2.0918218601741883,-1.3515576031776226,4657.671
6006858796816945536,230.2535995510586,-38.8338110003969,16.265316,1.2474995,0.11169910592469738,-3.0329740333207367,-1.3239711320969718,5148.954
6006858010841986048,230.19315265054541,-38.85558269954836,16.26785,0.6499367,0.15716793484657512,-1.717854220034142,-5.577214180231644,6845.578
6006853131759069824,230.23727525023796,-38.98015450396607,16.269972,1.0006905,0.6489099718356247,-13.083842815567557,-3.7950307351766823,5373.53
6006857564165378432,230.16154480275137,-38.88147750013942,16.270706,0.89561844,-0.24998426493083895,-3.279903511891784,0.42236071546330434,
6006854781026521472,230.40750413463167,-38.893956342538225,16.276762,1.0012512,0.5941098228496076,0.6658452599774335,-3.669564538115298,5239.867
6006857907762790016,230.12544837125196,-38.85239990977325,16.27865,0.89397144,0.5014258556681556,-2.564603565286187,0.9619107607158025,5369.481
6006865398185774336,230.3364789309166,-38.749896024144135,16.279871,1.0551052,0.5439506476574949,-10.995989266286546,-8.162623416533174,5049.718
6006870517786829568,230.14913334650257,-38.755162405333856,16.280039,1.1449375,0.19910623928259225,3.634757622548978,-1.763422257459124,5195.6006
6006871926536116992,230.19451164850025,-38.72030314764061,16.283836,1.263072,0.1265606955755543,-5.342413422711635,-5.188601090543153,4999.279
6006861790413211776,230.50237934468626,-38.741832180658754,16.284685,1.1986837,1.008981642857873,-0.6225082468833485,0.8174596773885277,4757.744
6006103814580164736,230.4523514575712,-38.929908189273576,16.289968,1.1710434,0.6132568234903435,-10.123082418576335,-5.876235444274178,
6006854884105740288,230.42201808329335,-38.87709186346713,16.292465,1.0092726,0.5561167691856749,0.86013709383734,-4.245261132515157,5389.6045
6006834263964855552,230.08606084245463,-38.89413101851861,16.294226,0.9667139,0.474426076069826,-2.6800194467241023,-8.454606551896484,5291.002
6006854948527396736,230.3842654870159,-38.879295562860236,16.296577,1.2322206,0.06769462636571301,-3.2796325420740593,-2.3597176079757807,5350.737
6006866394618231808,230.34728850453152,-38.676760384405604,16.298922,0.9373522,0.5283154949183224,-6.231142613902786,-7.339696553165275,5395.7476
6006853818953853056,230.29513030755206,-38.91456555755009,16.304348,0.8602743,0.25391405836635195,-3.2075051299274935,-3.023714182114923,5896.5977
6006853887673336192,230.2578487175964,-38.91732249064443,16.304876,0.9748354,0.3885561634451754,-9.12665986524501,-3.1318282465805405,5340.3423
6006101753003793664,230.3777932957959,-39.00487025049145,16.305256,1.5823002,1.1693807250034167,-7.3639223436378725,-3.2026505248409043,4510.881
6006855571300536832,230.28284891663935,-38.86549224594317,16.305996,0.77771664,0.18543830707626,-3.3389755084462713,-4.8044198012002495,6516.794
6006864298674152448,230.4664089081118,-38.69540595713825,16.306084,1.0399094,0.3262397624146753,-7.25240393049155,-5.722707541201412,5579.936
6006854059472032640,230.26391715324593,-38.905271889322,16.310383,0.94923973,0.36400589041497866,-4.841142117038342,-4.534008471725699,5200.252
6006855532642973312,230.3070705572837,-38.875344054888735,16.31773,0.88603973,0.3642495121008863,-2.406097809156324,-7.785739334711613,5501.8325
6006865363826051712,230.38220020602878,-38.70889014489144,16.318466,1.0048723,0.4684860286674959,-12.7182612336732,-2.6662957323787544,5514.091
6006865569984488320,230.36978596759084,-38.704805285627295,16.323072,0.9639988,0.2613543337317933,-12.912024067911727,-6.483002003368229,5699.49
6006855502581046528,230.30214581704195,-38.884829381955676,16.329554,1.5849209,1.4754419930185376,-5.468032912472426,-10.479134039792243,4436.852
6006859213433325824,230.34001067222871,-38.797644649458356,16.329918,0.912446,0.34324711411240905,-7.097193966614378,1.2000404085744312,5520.9517
6006865806201729792,230.42933777188367,-38.685552236517715,16.334892,0.96767426,0.5602356003440729,1.3358363859812332,-2.8434849277760885,5301.05
6006872304493239168,230.2376636581001,-38.70522601382632,16.34305,1.0057592,0.5587752075213474,-6.388578650724817,-3.1868515597705507,5096.047
6006865501265009792,230.33165153262462,-38.71962446904952,16.344847,0.9501257,0.33900235922046673,-7.676506171630816,-5.217540616190601,5260.354
6006860759621008128,230.46129317644218,-38.8490046132348,16.345013,0.9944601,0.2718540448513824,-4.3904644478164885,-0.050222073096011004,5184.9556
6006870792664739456,230.08032380430438,-38.77365401040778,16.345293,1.0884819,0.664963979712066,-1.6333321389185953,-1.6351104031904817,5177.026
6006861343730372352,230.48024740610748,-38.794203362505364,16.346825,1.3339443,0.507886139806492,1.9576533122894422,-1.4452113080571376,
6006861103218411648,230.42995517118715,-38.81930974154729,16.350132,1.2410164,0.18750394131959794,-5.040934637634004,0.6902057413527863,5318.128
6006101787363523840,230.33827471702045,-39.02885211996235,16.35103,1.2578545,0.2178177109042106,-4.815386281493178,-9.838824351470045,4926.008
6006857701604332800,230.12047700145712,-38.89408036160741,16.35494,0.9586096,0.4103128744247222,-1.8014355370657045,-5.862923299893612,5254.132
6006110411657918592,230.53481720334918,-38.83185316770019,16.355469,1.2944059,1.1207142321596524,-2.600846085750779,-12.404890627200576,4641.1895
6006101959162228992,230.37833193769302,-38.99509230714933,16.35553,1.4204941,0.5826936636313,5.419765323325926,4.910835625551437,
6006858491878368384,230.18797129791764,-38.791900331740315,16.355549,1.1910563,0.18223112709853453,-2.317940783872166,-2.692267633435335,5285.4336
6006103917667345280,230.46134497448247,-38.91577855074898,16.356941,1.0249786,0.6397423162291502,0.05076178963471106,-1.6317017425810076,5147.5103
6006878523605916416,230.2891697234443,-38.63860925152491,16.357069,0.97156906,0.5274099754019876,0.25495085966138475,-8.936407223009418,5191.464
6006856597794625664,230.153937442587,-38.93383042881268,16.358435,0.9145012,0.37745983940023276,-6.510993555142626,-4.614516507015529,5510.13
6006866566416938368,230.28520348248043,-38.67906075690704,16.360516,1.2080002,0.1991474322802265,-6.208387896247418,-4.639693015069055,4841.4067
6006866085381003392,230.4012546654545,-38.663261609447446,16.36579,0.9919481,0.8175845788326145,5.34651257051745,-7.105532583205832,5067.0654
6006856705171899520,230.17408487889966,-38.90994394189792,16.366863,0.9471426,0.4539529137438237,-3.8857340617327196,-0.883282324086846,5220.3374
6006856258495329920,230.3551743552789,-38.79917191499181,16.368029,0.98664284,0.36515381040843886,-2.150060260180363,3.027273304233968,5354.9214
6006855601362486912,230.30136227015353,-38.866039518024564,16.370335,1.0172148,0.25385908638598037,-3.5057263672216075,-5.0807622294222785,5215.024
6006862443248243328,230.4443894175785,-38.75793968393354,16.372786,1.0818834,0.6591313207212045,0.6154453401297769,2.146070976061355,4878.634
6006870174189421184,230.13978619771336,-38.79567757255369,16.373346,1.2703466,0.8625935741846963,-12.875079518210631,-3.224709276669744,4702.473
6006855914897917696,230.37842068280898,-38.838568768718545,16.380707,0.9213743,0.20605875123609074,-4.162147859729464,0.7001587153826258,5318.3735
6006854196910956800,230.35337786739305,-38.946095407806055,16.384205,1.8672428,2.0503005524967635,7.284862660738361,0.06515871334971114,4310.0034
6006110583456610304,230.51957627628437,-38.837338661152295,16.3849,0.6726093,0.1345834102086086,-7.001511973611516,-2.841457368992226,7139.828
6006857495445894784,230.1310114623503,-38.90297542840157,16.384981,2.520483,5.01863661703517,-26.079124797714762,-10.291862004084024,3531.8635
6006861584254764416,230.48503190106746,-38.775586695851,16.386597,1.2203932,0.18420196459392338,-3.0010051492521237,-4.233388382481277,5410.7983
6006101684284307584,230.3902404015038,-39.012731952886234,16.38782,2.0547686,2.9321616180005567,3.067307242193607,-25.993747603797317,3999.7175
6006870139829678848,230.1366868454802,-38.80383359959413,16.388775,0.854537,0.3040829490256502,-8.821859441015704,5.347321562772279,5943.289
6006858251360175104,230.1594828498596,-38.83838019859385,16.390377,1.1163464,0.6301333559748428,-6.301290096175937,-10.903763001576255,5063.548
6006859346570332928,230.2892651425864,-38.79227552231714,16.391335,0.95112705,0.5617158913263582,-10.414203520116256,-11.430215421138346,5292.353
6006859934987381504,230.2140308699418,-38.779571938979025,16.391848,0.37274933,0.14662321695589778,-5.855018270026246,-5.161081127423959,8753.824
6006865604344229888,230.35302405846284,-38.70629791237716,16.39596,1.1612005,0.8761413522250889,-26.39874919292329,-7.039772173492034,5098.759
6006853406636988288,230.20956345023424,-38.95772973777211,16.396164,1.1473417,0.2984253839134423,-5.855197903517644,-0.5922481941622233,5115.483
6006861790413212544,230.49999179738785,-38.741995757800304,16.396858,1.2372828,0.29836413596629635,-3.07850276155519,1.8988055324938196,4861.998
6006870547845259008,230.1334377929065,-38.753356345945434,16.400366,1.1695089,1.0084795947286398,-0.028957831770796277,-0.1778615148617168,4880.139
6006859763188670592,230.26081860329694,-38.79075038381695,16.402554,0.9620695,0.4328274726561601,-7.856777478574557,-1.4685122261842611,5261.1484
6006869968030996608,230.1136700825657,-38.79632091627356,16.406902,1.3196278,1.2239215821009133,-0.4457574324907647,1.422257734508372,4683.6655
6006871754737399808,230.19636304664482,-38.75771711264201,16.411264,1.118762,0.6488652373372842,1.1232409405387649,2.764817904086042,5070.886
6006852856881164544,230.30133117817448,-38.95197724600846,16.411638,0.97303486,0.39543686667792977,-1.5330536431230157,-3.8648533416951922,5357.2793
6006867356690889216,230.45788332521963,-38.6665816710424,16.413746,1.0010262,0.4526395601763715,-15.087561754059209,-4.211602105813753,5246.646
6006854368709659136,230.3749808873446,-38.90990106852602,16.414017,0.9870672,0.3761873456624092,-6.697413435474598,1.003120018588491,5112.232
6006857735964079360,230.12784753113618,-38.87791070244205,16.418182,0.8858433,0.4153892784411311,-3.8043771258108245,-0.3679019457562324,5375.2676
6006854712307042304,230.4134365060183,-38.89687790247551,16.41998,1.1151848,0.4937314370380956,-4.369821069722186,-6.923980930847842,4948.4585
6006866738215644544,230.32596744933934,-38.645324007262225,16.42024,1.061965,0.7199750331628332,-1.9527370406046172,-2.1883043697790523,5150.543
6006855708739496576,230.3066803446432,-38.846574707069934,16.420685,0.9658251,0.3981266311226081,-6.51828374349412,-3.7623902465502588,5225.3896
6006853612795416448,230.28657481849382,-38.93660569739335,16.423475,0.7246046,0.22789457137969196,-13.437373129886186,-7.468873343223637,6595.75
6006110652176122112,230.49423029286262,-38.82492619884279,16.423954,1.1494923,0.30783317208041405,-7.151911464941314,3.221516769261771,5148.2617
6006852302827047424,230.25254829696593,-39.01403810439581,16.430647,0.9310341,0.2438691824492904,-6.217140831201974,-5.1958464067756855,5250.989
6006856121050171776,230.3306970413083,-38.82345606816536,16.430904,0.9863081,0.8163612820626533,-7.3632036878537495,-0.9456736756145764,5109.207
6006861996571635456,230.4326723187118,-38.77559814075758,16.433836,0.94661045,0.4126149603326897,-8.031548641283992,0.14919761079979865,5338.528
6006854162544929536,230.37226241214972,-38.94085936109985,16.434074,0.98932266,0.31798308753850085,-2.939093814304067,-2.8926460793735083,5328.728
6006858801115964800,230.25835323219604,-38.839569550709605,16.439936,0.94845295,0.47334799571799396,-5.667245312053648,-4.067976058708348,5220.1997
6006861236355948928,230.45364723928597,-38.78885139121644,16.44792,1.2003345,0.8278495768296033,-4.09529021420543,-10.176241748676793,4835.7036
6006858972914674048,230.28640782824172,-38.80382375348899,16.450481,1.1867542,0.21135152643490157,-6.528210465436301,-1.1967013104047006,4826.819
6006862370227387776,230.44815943582014,-38.774982152259454,16.451805,1.0266886,0.24330262101619804,-7.41763993048969,-8.24358056600235,5270.636
6006110205499487232,230.50114543009255,-38.845771592243075,16.452665,0.9594002,0.42737850004708544,-1.9397895954502298,-7.067416932228383,5149.972
6006102538977773696,230.4425742536582,-39.00072683263542,16.454063,1.0940619,0.8196380341744509,4.409960151292508,-7.13491455372178,5091.83
6006872751171459968,230.21257256218615,-38.66008632646428,16.460918,1.2049885,0.7220659970751327,-8.76263069466049,-5.682512623554018,4835.189
6006852100966903296,230.30652307777953,-39.02325712939041,16.462002,1.0545492,0.7581226335379925,-5.1768977595191465,-5.774784479215011,5067.1514
6006834199544091904,230.09042386065857,-38.913534627310234,16.465673,1.2019701,0.18445379798313755,-3.2622662080453204,-1.2502869045432554,5016.836
6006101821723268608,230.356398429007,-39.01387980955745,16.469585,2.5822926,5.8427423987403735,-87.86998570330326,-60.87479126906886,3469.7026
6006852685082462848,230.33108085498478,-38.970654783773156,16.470911,1.127243,0.7045809798834473,-3.777099165054745,-4.708822544692801,5110.3965
6006108728030689408,230.5210573759952,-38.94419995680244,16.47395,0.9862108,0.39586128632865336,-1.1838346720485318,-2.983367380967165,5323.6167
6006109273486747648,230.55912951259694,-38.897571577840814,16.474997,0.9510336,0.3666573763683567,-4.389272264256799,-6.759157498741189,5214.549
6006872476291942784,230.24114346221853,-38.68709982415014,16.476448,0.95606136,0.29774699302477947,-9.522620130844228,-9.700766003196852,5158.4834
6006109548364705536,230.54065827728868,-38.87097312510894,16.47645,0.8494339,0.37563746454784175,-6.951693990058889,-6.596147210254651,6085.687
6006858693739113344,230.30107833955995,-38.82969509001629,16.480774,1.0224466,0.8096886962406296,-5.691801987220595,0.6649085049386555,5105.5596
6006866635136412544,230.3160956268641,-38.671724121000175,16.484488,1.156641,0.06856402398769848,-3.630995969469171,-3.7713620448586544,5211.0
6006857804683572224,230.11893166638342,-38.85709479509595,16.486433,0.74020386,0.19801790643406247,-0.6982750992786589,2.7716631855987,6442.867
6006855708739495040,230.31202380488855,-38.847761356130604,16.490396,1.2133589,0.09264094754382503,-5.641984775784497,-1.770312568830452,5137.973
6006857839043304960,230.1348919450463,-38.860486617621376,16.491865,0.9580126,0.6204690019495009,-2.056350108061784,-2.2613677907211107,5240.5405
6006108861169837824,230.55315994107661,-38.920365715177304,16.494099,0.9768877,0.4259078643717277,-0.6416732730504187,-2.1776162892548827,5248.121
6006855399501828864,230.35536559300758,-38.87380598370537,16.49479,1.1844654,0.7168247685746428,3.1643623516948987,-7.354226081657192,4737.9087
6006110755255308032,230.54891104883853,-38.80433307640886,16.494846,1.0128202,0.6359574679884187,-0.7012146046922905,-2.6004776898057793,5127.691
6006870414707609728,230.1111621985443,-38.77660675734747,16.49595,1.1302233,0.13211582644449457,-6.877109570964066,-4.059248652798267,5191.504
6006878381866133248,230.2611844528329,-38.66090243708898,16.496717,1.1320391,0.5597644639818092,-8.460815125633335,-3.8869473791819034,4836.179
6006857976482243712,230.18571070952808,-38.86478413273966,16.501516,1.0566616,0.49368636380303393,-6.192293007558579,-4.420162694203671,5077.0977
6006856395934238720,230.17670062004674,-38.941442136126284,16.505924,1.1784782,0.5332028833325492,-5.477855013667463,-4.819120588101922,4713.4653
6006860141145836800,230.22169978158607,-38.740447940079775,16.506409,1.0157843,0.63827812288546,-5.296161964502701,-4.066031529229372,5060.38
6006861824772923776,230.40732600696347,-38.8160579200774,16.509129,1.2579527,0.10798357237469484,-3.6332932865846175,-2.410775245149442,5076.822
6006110819670057728,230.53877361222564,-38.78023560210536,16.512411,1.4165173,0.12747360198438684,-3.2038095663887844,-2.481475214820603,4969.4995
6006865398185774592,230.34592161240587,-38.74591869209273,16.517511,1.1310539,0.5027138338487016,-7.076627826326307,-1.333604052067019,5166.3735
6006861206297634688,230.44270476097242,-38.80079749220496,16.525019,0.99308586,0.46657054990918495,-1.3534720820775434,-3.5289018850024854,5070.2905
6006854437429135616,230.3464209175069,-38.9199085378903,16.525198,0.9632902,0.3856906654872893,-1.2337320431299195,-3.441623039899322,5153.575
6006855124623922432,230.41244673990695,-38.85239975448046,16.526125,0.9574337,0.430304533651262,-8.509911318528378,-0.9427801677538654,5432.0933
6006857186208252288,230.21979393349537,-38.8685251278766,16.52721,,0.47421543189918497,-10.477039984228362,-4.905513134912292,
6006854231270700288,230.36449421266505,-38.92670750376877,16.535343,1.2294388,0.86976720089399,-9.557899403652588,-3.7731440852965834,4862.7773
6006871406838958208,230.1223520677239,-38.71007905914677,16.536907,0.9458046,0.4715551368143434,-1.619329676893216,1.0527144627362357,5369.581
6006861824772927616,230.40461862852388,-38.80994250799158,16.545311,0.94471073,0.37617967955698517,-2.6495420923591597,-6.01557732208712,5422.7705
6006859316512070272,230.33796924126295,-38.76766414062744,16.546598,1.0143414,0.24232203332000773,-4.48501417864145,-3.867436858518312,5218.916
6006859934987379200,230.22153873527654,-38.780740549482005,16.553286,0.8048134,0.2645994392069647,-3.018842361349437,-4.0358945746589,6227.9023
6006833168751932672,230.121357358083,-38.94654609356771,16.554026,0.912508,0.30105798583303317,0.5037081946996587,-2.5767126611832145,5341.9434
6006861652974248064,230.477599006475,-38.76583415684815,16.555967,0.9540291,0.2936745606431527,-3.370755208056778,-8.020558582796745,5390.202
6006853681514894464,230.27462014702547,-38.93893779905957,16.558617,1.7372961,1.614676616146282,-16.331180500633,-1.7411835183051467,
6006878523605916288,230.28045427601637,-38.641704913700536,16.559864,1.5688124,1.339441301891603,-21.950880580768338,4.133611561809722,4159.526
6006102715076453504,230.48698467946534,-38.9851637253293,16.560843,1.2297192,0.311355650229844,-7.684376878109788,0.41349674053101626,4952.4155
6006865707423430912,230.4194730539902,-38.702822072615604,16.563847,1.0541878,0.5057450836021741,-5.064849830711263,-5.824432284168964,5118.7188
6006855124623923328,230.42328376200237,-38.84664962144443,16.56587,1.0124235,0.33945660687604995,-2.0937884444441073,-3.3209356688005434,5390.125
6006852341485075456,230.27780079389214,-39.00246342360204,16.567402,1.0959454,0.709052144831096,7.757263262503713,-3.1312983220568174,5067.441
6006869899311513984,230.07757552975227,-38.817336386032885,16.568308,1.1886435,0.0303207603437489,-3.659276702513316,-2.1675041822649614,5232.4365
6006101753003794688,230.3826181888908,-39.002331506370076,16.571465,0.8623409,0.20936153410815536,-0.35494865162749023,-5.452150976412259,5917.498
6006109140347569408,230.52600188856434,-38.90857261815349,16.571821,0.9855223,0.4369077309337621,6.890554601676976,-4.4258167861467514,5098.0337
6006852856881163520,230.29848211771554,-38.956439590884926,16.572716,,,,,
6006872540710407296,230.21089137373906,-38.69649988151343,16.575432,1.275033,2.596166508007114,-2.535763146197346,-3.35326312290107,4655.518
6006872678149450240,230.227214009832,-38.67976157389045,16.57959,1.086997,0.5454749029611125,-5.494938875680516,-1.823292699371239,4972.294
6006861309376838656,230.51102320877868,-38.798091870493316,16.582708,0.93793106,0.3145835018038048,-10.415448192865266,0.3949163397156624,5335.812
6006103642789432576,230.40346652887357,-38.94552056212975,16.584663,1.3172369,0.20189831599953692,-8.01357919215733,-3.409414190551696,5675.891
6006869929373645568,230.088818602473,-38.813319523617736,16.585365,1.0171499,0.5860561488112564,-6.667326771532241,-2.9197468030710443,5096.7915
6006862305809304960,230.39896342113312,-38.75218593152949,16.586338,1.0764151,0.3158834717403971,7.6205581436595535,-6.749404372045381,5200.695
6006104192545259264,230.44393445384125,-38.9021912312344,16.587112,1.0084019,0.3499498860217697,-6.515864633639776,-3.231743659976667,5338.478
6006870036750486144,230.09485553844988,-38.78525389214994,16.593714,0.94060135,0.4772306490932531,-7.377300334874582,-5.2511705520211445,5249.738
6006867047453287936,230.33686625989426,-38.644267297759605,16.59469,1.7638893,1.5748072240912234,-11.81923873174595,-18.303821063709865,4220.196
6006102886875160960,230.47067028205012,-38.971479857099986,16.595829,2.388401,4.164563514723309,-26.029635349669704,-15.164960718380861,
6006857735964079872,230.1267758846752,-38.878050485619596,16.597994,0.89801216,0.3793221765134005,1.259381123206547,-0.3326613164503569,5361.7017
6006109690103403904,230.56242025097845,-38.8482097848267,16.59912,1.0265646,0.8164269613400756,-3.517982302843069,-3.4378726890791635,5107.429
6006858766756240000,230.2902050061561,-38.8077607498033,16.604424,1.1691523,0.22304032407898516,-2.148493260989068,0.5896824276450828,4826.9087
6006112335803279872,230.55771923903092,-38.76058914265407,16.604515,1.0748291,0.20514087870368775,-8.484534176254465,-5.45581268788688,5398.008
6006853161820595968,230.25347650857134,-38.98591055486481,16.607494,0.9163494,0.2657558393470406,-6.500808658953879,-4.783457052324582,5451.6406
6006854884105747328,230.41463016198946,-38.86513050042336,16.611887,1.2925568,-0.012051049145787404,-7.387434992180815,-4.572040054882866,5005.304
6006104085166231680,230.42387831962412,-38.90984042576423,16.61372,0.96022606,0.08964481238913441,-7.1112670441909405,-3.6145048808259657,5237.2646
6006853093101116928,230.22356348557724,-38.986932300267874,16.616066,1.1290207,0.5562949196837624,1.2239724156213023,-0.1460061609418039,4946.4893
6006872545011423232,230.209513139008,-38.692678868214664,16.618586,0.95105743,0.4175272682678618,-3.847418068313492,-0.17479131160871836,5406.211
6006857735964084864,230.13566469789978,-38.86858288394484,16.619932,0.92938995,0.37411305138166334,2.079608438869409,-3.9686277604163376,5333.015
6006859037332684928,230.27525135772242,-38.79324333883,16.62154,1.2370796,0.06516041400605871,-2.116736665487881,-5.247602266638178,5009.54
6006860381663992704,230.28558016156973,-38.735779434670285,16.621689,1.5011873,1.2579013103498917,-14.908930687094603,-12.913995078425144,4393.5986
6006110068060527360,230.47477581503983,-38.87716213429515,16.626642,1.0443974,0.3166188081550747,-4.085436925906578,-4.777274317012476,5268.206
6006846122373313536,230.06952310764697,-38.86295986173331,16.628035,2.0269098,2.4351216662400406,2.501552603716455,-9.098003898095566,4157.839
6006109930621614720,230.5257727901923,-38.882015906688075,16.630035,0.98535156,0.34850967568290137,-2.3513806680935483,-2.6284348658238885,5257.7847
6006854403069392768,230.34220682225515,-38.93265718657839,16.632195,1.1836901,0.7114539115760249,-0.6689143154830124,-3.9419275614434324,4904.4614
6006866394618227200,230.34441853321468,-38.68412951152431,16.636822,0.98433304,0.47050749354638205,-6.389457965058117,3.275641491652967,5149.6104
6006862546327465856,230.48426693483103,-38.73288327890059,16.639616,1.178318,0.7000634086970601,0.08468402660187158,-6.9043516816787545,4982.0703
6006855021544703872,230.376695881772,-38.8724922891187,16.639902,1.0387001,0.3581278528591335,-4.163886332204417,-1.0478112916230242,5271.8833
6006859655807932288,230.2367194476255,-38.801345441339386,16.645882,1.1306486,0.7349763832310237,0.27164921404851294,2.0462706446443173,4894.792
6006110613516660608,230.53065394318028,-38.83132739858058,16.647083,0.93161774,0.26000847607148153,-3.779342026878105,0.7199823685582618,5296.963
6006861893492415744,230.39421364150274,-38.79665253122388,16.648638,1.2133121,0.09756598351232693,-2.348019884150093,-4.290253870928513,5089.3315
6006109827542348544,230.47414608524062,-38.90054080724374,16.650358,1.4761467,1.2541020927833073,-13.296865870753388,-20.358776423326937,4502.2314
6006865638703973760,230.3668634872456,-38.693366488145905,16.653751,0.9008808,,,,
6006102710776514048,230.48910288908712,-38.98089993260769,16.65383,1.4680576,0.9944230065752916,-7.017050195263984,-7.742459115596483,4460.008
6006852307125339520,230.25401913499155,-39.000870344237775,16.65417,1.3863583,0.9785719656937201,-39.4529451001805,-16.08289433345165,4833.307
6006112232724059008,230.56095815718496,-38.79538578240056,16.655989,0.9717388,0.3224416278130282,-2.517472206750683,-1.3715714107086892,5121.651
6006833203110847744,230.14972991508662,-38.932465337594095,16.656902,1.2891598,0.9293085564043607,-25.972787796987134,2.1269751934056558,4590.092
6006878317447471616,230.2760202555957,-38.66668654483197,16.658499,1.2053757,0.19806086727049765,-1.3179113767333277,-2.4619513830309527,4780.4014
6006857491147959552,230.1353841708023,-38.90086970306047,16.65867,1.2290077,0.8689574482420911,0.5761017150446843,-1.2736792303126312,4764.6313
6006112022260874752,230.57454361782146,-38.80513885210599,16.66423,1.214282,0.6062566431468883,-6.2230403074435445,-0.12824809072106882,4980.763
6006852410204558720,230.2651114617226,-38.98736967345786,16.66437,0.9931793,0.235957238068617,-5.288112231865654,-6.66272135712155,5534.0757
6006860175505539840,230.27218421735552,-38.774973179270006,16.666122,0.9407959,0.3635587056884402,-8.278639166484268,-0.16232341059024258,5252.3867
6006110652176092032,230.51102787384184,-38.82356807135286,16.668152,1.1249294,0.25775161950108416,-1.5870973224659068,-2.999234281707041,5287.227
6006858594957523456,230.26265301989503,-38.85570388767767,16.668344,1.0312595,0.5499089200994554,-3.964517948664792,-1.0358281615163478,5134.034
6006861996571635968,230.4342627563882,-38.774533661173095,16.668432,0.99531937,0.32700487201719963,-6.914227736489852,1.9429844710777995,5320.07
6006871754737395328,230.19990769621242,-38.76179604997142,16.670052,0.9240551,0.32324351199798196,-4.483791285575444,0.7024861736805399,5380.5967
6006109140347578496,230.526265160161,-38.89158740886031,16.677048,1.2512016,0.11183222220576908,-3.3022921699926258,-5.739901184132206,4754.6733
6006852547643505792,230.3016917154928,-38.993842698007604,16.679403,0.96554565,0.3797475151559255,-8.527560538713194,-2.346518154548203,5177.2163
6006853578435673856,230.27281879308177,-38.95203422555044,16.680141,1.2088194,0.21175279658431775,0.7319215376367696,-1.3203939347889224,5261.3994
6006860656541924864,230.25425248321855,-38.708790767920355,16.681019,0.9786644,0.2911825364676804,-10.36931006119687,3.3564466079733895,5250.1035
6006865909281037568,230.4196447095906,-38.66965118309236,16.684847,1.0504646,0.50675942458993,-6.950708834137401,-13.312526727779424,5041.508
6006109483944959744,230.5516538947767,-38.88665384201051,16.685493,0.9144516,0.2822132070186242,-5.655896703379944,-7.233645689517436,5317.3486
6006865741783177216,230.38750444895075,-38.70190874861818,16.68587,0.9208393,0.40175126641693554,-5.868305235298443,4.607832439459941,5313.984
6006873026047774080,230.15466948815387,-38.689787859295826,16.687355,1.1312904,0.08131807850980935,-3.6276794651372883,-3.0961877325209652,5154.6816
6006109587024186240,230.5569245754655,-38.8544879946765,16.687635,0.9597645,0.39266703975702827,-0.17029912720295404,2.0912164788311625,5330.577
6006866325898749696,230.31037551746684,-38.69660472353537,16.689936,0.21425629,0.11274652240581359,-3.8413663840873995,-3.578242138923839,
6006852513283766016,230.3327409660351,-38.99402227237972,16.691816,0.98641014,0.3840709554870327,1.574300802068468,-1.8257023871610754,5092.4365
6006109140347572096,230.52605594687358,-38.90209710893348,16.692884,1.1434383,0.3439019625484264,-5.575727286527179,-0.8505372466193049,5155.3833
6006866051020847232,230.3729453834034,-38.670020503990166,16.692953,0.9092026,0.23639822941218502,-5.498560385311471,-8.14733381759567,5784.4155
6006871204981605120,230.10754003603475,-38.75818943721225,16.695745,1.2329273,0.8270291587991322,-7.864322533830883,-8.004512088620999,4770.0044
6006855330782354432,230.3183758286356,-38.8808119898542,16.696327,1.0374393,0.30223617488041055,-10.159446675401025,-4.522308466730721,5098.9937
6006862645105447680,230.431603207246,-38.74768940114084,16.69907,0.84446335,0.22182791853348124,-0.7251348704611436,-1.1935004484423095,5915.0557
6006854677947859456,230.40230392259636,-38.91351363568263,16.701687,0.89017105,0.24539858787860683,-13.513382613361525,-7.006319701222882,5963.3857
6006865810502652672,230.4267300142248,-38.690653970687016,16.707033,1.0063725,2.434120942168981,-7.3139884582829175,-7.665263034353936,5142.779
6006104055106300928,230.41940323499526,-38.9263399289938,16.708319,1.0977001,0.6343461599165608,-17.546193902785433,-8.726513909686638,5017.547
6006853677216846848,230.271462963361,-38.93668061517634,16.713152,0.9844074,0.28937922098556434,-2.2116340814997764,-5.634338279454367,5128.237
6006878317447472384,230.27402327655858,-38.66617728829568,16.71336,1.0360012,0.4329634732942561,-7.5556119058702755,-8.049411565775806,4983.244
6006857770324619264,230.10046203006718,-38.87446589408438,16.71398,1.3356314,0.8176607912126903,-0.2619495131468067,2.0907869394122813,4588.8447
6006858594951322624,230.2585003124682,-38.856638184368414,16.715117,0.91448784,0.041626639881301525,-8.34079278345951,-2.488264009053492,
6006860828340489600,230.45038157413038,-38.84330474484424,16.717026,1.0649166,0.5493473061521548,-1.709715161521699,2.8751556868027692,5208.5264
6006858315782001920,230.14764550003449,-38.828882030441584,16.717066,1.1998081,0.2653677292125224,-6.0424242728286455,-4.562269373419988,5155.0464
6006858698036751488,230.3079803901143,-38.81962764901646,16.719837,0.9692917,0.3867070850320677,0.6287742477499294,-8.425054407986254,5297.2363
6006101993521974656,230.35204869743217,-38.99608547421993,16.721378,0.98132133,0.1557896714252819,-2.0741357163859426,-1.859131311718769,5126.0977
6006858423158884480,230.19597574917088,-38.80007021565241,16.721485,1.1513901,0.6631650351968318,1.1622841675812556,-5.148182773627692,4863.5303
6006854604929914624,230.3453535736766,-38.903728131703225,16.72223,0.9429016,0.13070536736990163,-6.927402715347862,-0.8009312354351011,5325.3706
6006865844862391808,230.44773895493537,-38.68142006997365,16.722563,0.96400833,0.278063516295674,-6.147358677246844,-3.054902950223034,5359.3535
6006108968548868480,230.53033830946893,-38.92504115683824,16.725754,0.9516392,0.4743362810084717,0.97554455564075,0.2878545988087782,5205.3247
6006103917667339136,230.46028571317342,-38.926677617587615,16.726517,0.9500103,0.2960550362834998,-10.384208584328505,-5.692781848352629,5324.099
6006861618614508032,230.45192173828033,-38.77770239030247,16.728836,1.0853119,0.6001279042192648,-2.2605128184252714,-5.14509042667879,4984.3438
6006103299192024576,230.42738703442194,-38.97933874826019,16.734451,0.74102783,0.2098289477986083,1.486285787015629,-6.692712148255973,6362.16
6006867116172770176,230.32938491494994,-38.637076494656604,16.7357,1.1849213,0.07170284695590703,-2.3257178677437884,-1.1322550097375204,5072.8574
6006855021544701056,230.3769968062954,-38.878140546665975,16.736944,1.0741091,0.6005616208040395,-3.40367956306168,-6.193056828568669,5117.3535
6006857804683569152,230.11484085244481,-38.86459308781451,16.737732,0.97097397,0.5227125790919315,-1.7484967120293156,-6.48943416360609,5122.39
6006871376780321920,230.11118758602058,-38.72254882665046,16.738293,1.0085163,-0.006324482654429062,-6.422127193180384,-4.030717003186329,
6006860583521366528,230.27409723399236,-38.70979257318171,16.738697,1.2264977,0.735858862867086,-15.720368787410198,-8.585697097629293,4628.287
6006110274218999424,230.49967152230036,-38.837022184136806,16.741808,2.7831411,5.425628268366514,7.090889423058099,-42.3338353059667,3390.0098
6006866806935103744,230.37328857273755,-38.65247422322034,16.74494,0.7866039,0.13662475877095515,-0.9463158467657407,-7.821365178655187,5765.4224
6006853063039588608,230.23493886657877,-38.99538192464883,16.745867,0.93644524,0.3173884512778493,-6.229200951434885,-9.127883408326706,5334.4004
6006833959025103872,230.135155312765,-38.91566519302913,16.745926,0.8997059,0.3109806776445288,-3.482936621172372,-0.549938035547836,5414.8604
6006852994320123392,230.31514177458365,-38.93185074841049,16.74692,0.8458557,0.3191071527241867,-0.2396255347243207,-3.202193566226727,6130.1123
6006102818155680768,230.49922690775162,-38.96487697086551,16.748072,0.9558048,0.5127974516969984,-5.629155469752144,-8.64579260044076,5213.209
6006103986386824704,230.42749354371364,-38.92249536078524,16.748093,1.0324078,0.6193055959281953,-8.637406774331057,-2.189991097995555,5215.794
6006872304493243520,230.2389543873877,-38.69779723178877,16.748337,1.180727,0.020879750885571948,-2.609087222528129,-2.312934278929607,5147.609
6006866703855901312,230.30336316022522,-38.659891392771996,16.748463,0.9572067,0.4490225479413988,-9.91430427816488,-4.8873240635286095,5287.5264
6006855090264181376,230.40380857748065,-38.860765744087246,16.748802,0.95970917,0.43278011035067826,-13.464213392750588,-2.567689849238554,5155.587
6006862954343075712,230.55034537467773,-38.749636610164494,16.751116,1.0291348,0.36687068638000864,-2.0079925699486894,-5.175967041484654,5331.016
6006867356690889728,230.45982775975946,-38.66485478758026,16.751509,1.0762577,0.609779225227993,-15.14231280403562,-4.091089167005343,4922.688
6006860102484828032,230.22263268163894,-38.74727419249484,16.75294,1.084013,0.5521035721117094,-0.5985808538400265,-0.423104159370537,4947.388
6006103058673865856,230.50561782020557,-38.93877189571248,16.752943,0.9748001,0.3042207506022499,-2.091682829091619,-0.7273296302783232,5127.528
6006870311628393600,230.16110710661465,-38.76142186845627,16.75416,1.0732784,0.6643679235682326,-6.343751309614365,-3.4179466330319994,4896.235
6006859831908165120,230.2339647641481,-38.77571230060452,16.75612,1.0182056,0.3989622728685502,-1.094479512727474,-1.4340627364308052,5233.7554
6006852238405859200,230.26685809396582,-39.01645469648504,16.756182,0.9153576,0.2809624443935602,-1.4573060694715005,-9.920713702002455,5380.653
6006855227703124352,230.31371130139692,-38.9121597627704,16.763283,1.0960007,0.5151253829756327,-6.444770410904149,-6.366729731856902,5010.409
6006110171139746048,230.4847592661504,-38.86293688927168,16.763887,1.0190144,0.5350873626198599,-7.239339511629382,-3.239611163975035,5113.9663
6006855189045755776,230.41029960802013,-38.83879526949403,16.766024,1.051897,0.21754429577527964,-2.5902006028073297,-3.122739690107044,5112.692
6006861515535285120,230.51499219761678,-38.76796046928324,16.769346,0.97647285,0.3951003876049582,-5.052069920012749,-4.553175721948776,5347.903
6006853647155155072,230.2607091983194,-38.94520520015482,16.771023,0.9846859,0.300468723622071,-6.024660341478992,-0.7243189757876365,5095.2637
6006865466905265152,230.32408240157199,-38.73114964637235,16.774279,0.961174,0.5078176087378006,0.423483804920793,-0.581801011590103,5140.6646
6006871922239310592,230.19890706171506,-38.72924348613341,16.775547,0.9821987,0.31878435461264565,1.311750618092777,-1.7958733150301414,5302.511
6006103814588900224,230.44844454712597,-38.94148231478262,16.775969,1.2903786,1.0442687945839246,-5.183474477409036,-3.879757186072091,4707.096
6006853058741367808,230.24736615743117,-38.99051132981375,16.777126,1.1065083,0.13642407457456257,-7.638282635969976,-3.4355879026461835,5525.621
6006101924802484608,230.36588911796406,-39.00925805347909,16.779808,1.0299511,0.55688521165226,-2.1145714680750634,-3.4138406148901064,5040.193
6006101886142736512,230.34694687258144,-39.00466256458832,16.781338,0.9653969,0.32031442733468857,-0.4360899314472695,-3.739798940915642,5146.4673
6006856327214755200,230.18762513282124,-38.94979054758843,16.78535,1.0917511,0.585847381666537,0.6256211774725771,-5.3578309362067245,4950.817
6006101886142743808,230.33482964881466,-39.001814259865206,16.78603,1.4795618,1.1751103918566541,-6.606077639846111,5.138197694364182,4476.6562
6006855983617409152,230.37217142910643,-38.81600844303064,16.786741,0.9595661,0.1905678933348652,-2.154710444131085,-3.0639777836132494,5366.41
6006862026630020736,230.41633402746527,-38.78394038850258,16.787193,1.174572,0.20144577798453045,-4.387805739416955,-0.5558422154068825,4858.564
6006859866267904640,230.25507109260636,-38.76563297003276,16.787544,1.2190075,0.5987607736751333,-1.0505601891040541,10.61554080270031,4611.5073
6006110102420271104,230.46002498830828,-38.86212188810098,16.787914,0.9892616,0.4143901728697974,-4.889995269724024,-3.6635755584672784,5108.991
6006854677947299840,230.39882582974548,-38.912989741634355,16.788277,1.0181923,0.05596002845917063,-3.6463540426027974,-2.315710027169278,5464.0146
6006865947941617024,230.38204974619134,-38.69110677516659,16.78959,0.9251213,0.32791137247322233,-6.2589701316461674,-5.018966944461539,5508.2456
6006858796818325888,230.25488258373565,-38.83151502364902,16.790861,1.0371838,0.4696509727107701,0.7184755225348826,1.4010941586866807,5015.856
6006857529805644160,230.1453545651455,-38.88057538048983,16.794163,1.1982346,0.6965585772106542,-9.124274092316194,-5.167341312725256,4656.4717
6006108968548870912,230.52925626068992,-38.92073800959635,16.79444,1.3124523,0.2670947106083493,-3.168041320951375,-5.623356794981772,5089.27
6006103814588901504,230.45204971073233,-38.930138119101386,16.794477,1.3496332,1.0253650301756971,-13.34872185822537,-8.488113011213596,
6006103677149175296,230.40454097244606,-38.938137904058834,16.79645,1.2875137,0.0801953565144704,-9.893713010567494,-8.10843221476119,5100.531
6006858835475711232,230.25914015217472,-38.827674289005216,16.796913,1.111105,0.32156501265126963,-3.5531606957811963,-3.3308087628444776,4991.559
6006860725261268480,230.44428461182815,-38.857979684865185,16.79748,0.91897774,0.34678787783507214,1.9453323469978905,-3.735180128040704,5369.6255
6006878450585672320,230.2886894335403,-38.649804250172295,16.799953,1.1651516,0.5327368498764024,-2.728002132974082,3.7025845227871934,4894.41
6006855429563778176,230.32576534636647,-38.869398070590016,16.8015,1.1597538,0.3099068510843522,-4.997546822533557,-3.0107951717077714,5097.9917
6006865501265006592,230.35000913237639,-38.71837756764211,16.802677,1.0052338,0.1664535217686544,-6.904197345981897,-2.4307933957767203,5297.623
6006855257764996608,230.3247701688255,-38.89160335369053,16.805159,0.93060684,0.38322257483398775,-2.832410717765404,-1.9804402818854743,5434.1396
6006108762382456704,230.53039655026026,-38.9294232432868,16.806492,0.9547577,0.43439592748777883,-5.676258002851514,-5.190476483449771,5285.5557
6006858560597782272,230.29090175646252,-38.84986719102828,16.808979,1.1171608,0.62201166934438,-5.166651822275842,1.2723323029079059,4987.6064
6006869727512805248,230.11571723735068,-38.82959251139555,16.811106,1.2481041,0.7246409514917937,-6.572688954713874,1.624244854673507,4769.3286
6006102401538792832,230.4193551961738,-39.01016236112927,16.813515,1.018343,0.5189224180443609,1.393988714591783,-5.228646131324949,5125.0566
6006102676416766976,230.48324342703785,-38.98458950742261,16.814093,0.98067665,0.315614164290561,1.3467579391574422,-4.401122648566262,5206.631
6006862924284556288,230.54261655474855,-38.761357939238295,16.817715,1.4556789,-0.04849715737915551,-3.946092143765283,-3.2055596218970908,4903.7266
6006862885623942656,230.44240101107403,-38.69002687431149,16.818472,1.1177444,0.682906335592812,-0.4226231489504961,1.8534327918283302,5046.1733
6006872441932197888,230.26511895663032,-38.688019971241836,16.818638,0.94612885,0.16829995678175594,-1.309312547406361,-4.271331011112902,5221.891
6006102886875957760,230.47795263871222,-38.984411008376114,16.819462,1.0525131,0.8425782147133049,-7.5708710842705,-7.387308880463729,
6006103982086962688,230.42012124728234,-38.933750029106136,16.821436,0.9591675,0.3454639481069611,-9.310413066503187,-10.866458013612089,5158.69
6006110652176092288,230.502774442008,-38.82561626970758,16.821669,0.98296165,0.3607148273099499,-1.42073501466008,-1.6584422450686471,5304.9453
6006856327214752256,230.1877663236175,-38.95513282571348,16.82481,0.9322014,0.19587773550404464,-2.351050698160506,-3.784017416724522,5246.476
6006866703855896448,230.31037458939025,-38.663464949889196,16.825394,0.99713135,0.22221901499155527,-3.7600064577733914,-3.89365104895448,5203.502
6006103024314914816,230.4901515817275,-38.95495888683,16.829151,0.8320942,0.2199538731498805,-15.74372836576089,-8.444997432760472,5688.4404
6006104192545265280,230.44060894475828,-38.88989955229529,16.83192,1.1763973,0.6804179298691934,2.692892793517556,-8.552807493811896,4919.4033
6006110098120515072,230.46102406856664,-38.875549970612596,16.832232,0.9688282,0.5388318052562766,-3.2868050691676944,-0.4351077483359056,5236.951
6006109002908616704,230.49853709239014,-38.91579365093218,16.83505,0.8873882,0.39201655149976933,-14.442905874345442,-1.3783592523714423,5401.2095
6006861373794885632,230.49642915665294,-38.79176298487308,16.838308,1.0741386,0.4212650666541145,-8.44648417883196,-4.073879544153913,4919.6055
6006852096668596096,230.3043381546352,-39.024106349937824,16.838377,0.9790592,0.39259813511891656,-3.0990368389438814,-3.56670107353212,5241.378
6006865226387084032,230.35757542302835,-38.740118596541606,16.838608,1.0937519,0.06338814858939767,-1.5244101437802031,-2.5288566491367206,5351.6357
6006861756053474816,230.47993328881017,-38.748101622354575,16.838942,1.5944033,0.8468457709517281,-9.144342353079459,-0.507901624426488,4453.1694
6006858388799132032,230.18529653836603,-38.82413195902156,16.8399,1.0867577,0.443226620227246,-1.9633036721213692,-1.9585539535293197,5027.434
6006101993521974784,230.35986457475988,-38.99300404544022,16.841095,1.1275024,0.3011759687490417,-1.9322107687528083,-6.234864367244956,4775.2207
6006878386168550016,230.26724817457438,-38.66501696349333,16.847563,,0.4449705494657474,-10.271590457167669,4.001157154873509,
6006871754737398912,230.20049225217102,-38.757680213944454,16.848179,0.6361904,0.15055572563535483,-6.840366334435862,-4.643766809837777,7179.747
6006853612795413376,230.29265105830464,-38.94276775646878,16.854185,1.3767834,0.12132777531556499,-2.4259441262212778,-2.3203160155847153,4961.6216
6006103917667344384,230.45129044659203,-38.92139790249473,16.854862,1.2111912,0.6638872078022895,-1.988735226866665,-1.8755995521710134,4601.849
6006101473825832064,230.31928639273477,-39.02072107044373,16.855062,1.066288,0.7130848818039375,-1.779970774488893,-8.221519397250466,5068.061
6006858663677002624,230.29733179583542,-38.84140858244006,16.856249,1.0008469,0.4106565390597864,-0.5620377775046689,-1.5328615787872988,5242.7793
6006869727512805120,230.10590027344003,-38.83301382415324,16.860651,1.1162148,0.5830275841543378,-4.608310826861736,-6.934752526182494,4955.622
6006853028681577984,230.22735954611576,-39.015083443830264,16.86126,1.5566082,1.2256824049063675,-15.659955864521047,-5.1987755074662605,4292.0703
6006857839043301248,230.15016175748002,-38.86130491949823,16.862362,0.9842491,0.2853188284613435,-6.407528657747163,-5.548114132905436,5098.588
6006859312210708480,230.34065300635356,-38.76929202394234,16.864363,0.9379711,0.31264573334576257,-5.272708027640575,-1.7336870977164416,5384.4766
6006861171937889024,230.45842110653052,-38.809018633963994,16.864483,0.9938736,0.41296100849177375,-5.343197971992026,-2.2953723982227574,5252.2656
6006103470990724864,230.39558541307065,-38.97997522131302,16.865126,1.3369541,0.22621122183160608,-5.164772391875667,-6.811433537709066,4997.084
6006872819889331712,230.13163530999117,-38.71883966151029,16.865679,0.98269653,0.41687958464920255,-8.51575336298448,-5.766777764328088,5170.8677
6006109793182609280,230.50976209488152,-38.89212353363568,16.86592,1.2858982,0.6224609311641528,0.5385339150347207,-3.2152228344191585,4641.967
6006103466690784896,230.40141121608443,-38.97334518137681,16.866072,0.9465885,0.2127446583942795,-8.02902125501376,0.6598852660506314,5297.803
6006865776142925056,230.40352187791618,-38.68423950717444,16.876335,0.9824581,0.4597864967090802,-4.784337346671039,-2.478553686752397,5109.482
6006103088733746304,230.48054599514023,-38.93985070027231,16.877811,0.9355564,0.3753833192401494,-5.670579483094915,-1.465530213131351,5410.05
6006856017977150592,230.3772605437688,-38.809482671810535,16.878918,0.85583496,0.36064422697966175,1.7010093915506972,-0.56129727187565,5694.108
6006852169686381568,230.29437883992884,-39.01344209557097,16.88055,1.1657887,0.5885807434484496,-7.137961086020607,-1.2226376446019183,4898.2515
6006855773161194624,230.36054556717912,-38.865342402054985,16.880945,1.3201008,0.8837321054994616,-5.147141879631642,-2.897014807111351,4514.5747
6006103539710211584,230.38458427970255,-38.96668682003297,16.88301,1.3555565,0.05721648539347783,-6.050732658367827,-4.517372219670371,4818.4263
6006872270135114880,230.22978986319558,-38.71900965300611,16.883902,1.2831364,0.8083439859859289,-4.854330097545354,-1.3523199038375107,4669.3247
6006858594957526144,230.26965169988097,-38.850916150032,16.884695,1.0285168,0.44144371977459107,-2.6064918735432796,-0.4756689131892988,5135.1167
6006854781026526080,230.40138813425378,-38.880113810043994,16.885069,1.5339718,0.9840304193442677,-17.546825071965287,-7.988910331766916,4501.5864
6006857735964083968,230.1322296626105,-38.87092905814673,16.886171,0.87874603,0.3632971036259209,-8.15485358510352,0.45234356607042475,5290.938
6006108762390434816,230.53937174964298,-38.92737672634636,16.889812,1.0456772,0.6167115662243882,-4.110644783724534,-4.437822714180582,5173.8154
6006855124623922304,230.42289577811835,-38.849261601155035,16.891897,1.7713032,1.0373285523953406,-9.92126030083718,-4.960282412275591,4308.638
6006110274218999936,230.49150955201412,-38.82763880509819,16.89217,1.026516,0.3141313864932932,-7.156740702142148,-7.781463973270751,5188.908
6006860278584773376,230.26951235862285,-38.747899526154015,16.892801,1.3330612,0.7309000001325984,-9.094400039602295,-4.012751065977532,4710.002
6006872373212722304,230.2278957962927,-38.69917346998229,16.894957,0.9362564,0.31813247517148036,-0.9558635176708841,-6.683863389777969,5402.9
6006854845448189312,230.43936975658275,-38.876451628749734,16.898354,0.9636345,0.2583754602929019,-0.1374990043260076,2.427348833582018,5500.963
6006859247792589312,230.34503683264276,-38.77179156891252,16.899271,1.1432228,0.6531435581006781,-1.0683988502409278,-1.553756245139669,4811.7407
6006102886875153920,230.46895007432843,-38.97966593078122,16.900923,1.0338669,0.3934814968376828,3.1217818985538477,-2.5476914911866695,5224.867
6006860587822433280,230.2730689476516,-38.72653920965041,16.90125,0.8934231,0.36044501625128955,-8.24271742512128,-0.9161942054558289,6009.0884
6006857113190999296,230.2431665811133,-38.862203829643754,16.901722,1.2289848,-0.029080686702834306,-1.2168362370548031,-1.8123274608012965,5605.152
6006862988702733824,230.52778422232566,-38.76367467440121,16.901974,0.7779808,0.21433245956736996,-11.514618389120999,-0.9197191382372095,5850.241
6006852547644370304,230.3079441268452,-38.98553444281793,16.905062,0.9319668,0.17886845468524115,-4.725870807136815,-3.8565407397210145,5394.0327
6006855536934571008,230.302530770213,-38.86971555417001,16.906353,1.0185661,0.260336530109774,-9.710314932457088,-3.0210062673249,5224.4316
6006878416225929600,230.2760065965175,-38.650724150660935,16.906979,0.91739273,0.21148303636132224,-4.352584462311564,-4.410184475820145,5384.302
6006866841294843392,230.35815902693489,-38.656147660521746,16.911043,1.209404,0.7948568321916157,-3.560770107937164,-2.786922143683114,4819.9395
6006103093033611648,230.48253275576988,-38.93415106765078,16.911804,0.81171036,0.11732771998133044,-0.6957742516609987,-2.3454781205868294,5691.7266
6006853608497320448,230.28035357152294,-38.94990565359662,16.912846,1.4642429,1.0555352534408866,-13.980922054468513,-5.155192129850775,4543.291
6006857151848502912,230.20422501336967,-38.89093330121101,16.91358,0.8919811,0.36897720775763787,-1.2679491072346765,-6.912234692423526,5365.8037
6006855296422610176,230.30485498729593,-38.89840905197384,16.914133,0.99294853,0.32521677624844475,-8.719881319242521,-2.485219744763338,5203.082
6006833959025102592,230.13279423283205,-38.91878343927106,16.915085,0.93769073,0.5182969332444508,3.5346483574167262,1.4182042536191937,5331.0044
6006872888608814080,230.13297962191027,-38.70999531177088,16.918085,3.0757265,6.590510021517307,-107.22296710837384,-29.49940049460172,3316.5725
6006834233903832448,230.11305848004426,-38.90227145705327,16.91878,0.93859863,0.22083399540339352,-0.7015443200234601,2.5440231952366714,5325.7915
6006110583456609408,230.52440098038915,-38.83764108880438,16.922766,0.99988747,0.3527065969437393,-5.366932666731264,-6.838572457241133,5154.435
6006856013679624832,230.3806092330079,-38.80681277855273,16.923737,0.9756756,0.4160001076728151,-8.32060549506008,-5.261575410698196,5195.0933
6006865947941617408,230.38274146938434,-38.68991106629809,16.925316,1.2289085,0.036751213235904176,-5.41660812641323,-5.876556037697571,5040.8545
6006854849746004224,230.43723023845774,-38.865288813534185,16.926905,2.3174686,2.5429609306220273,-5.774374677896628,-12.753008689161504,
6006110342938433792,230.5475250410685,-38.85215971448458,16.929905,0.9583664,0.2048881084740166,-2.1761291172487263,-12.661963500948808,5258.6533
6006846328531745920,230.06965549306415,-38.84858354716679,16.932306,0.9169388,0.3765212064817273,-3.9190901879595867,1.9620381838420697,5308.8433
6006857220567991296,230.1920381000032,-38.87769626175831,16.934437,1.0005531,0.4751935789847569,-5.123561555135423,-1.270027993080213,5127.004
6006862718126173568,230.41065721012194,-38.73458510882762,16.93445,1.1226692,0.2212968769462748,-4.308451802165087,-7.870918660826399,5207.6143
6006853161820650496,230.25181181045855,-38.97006194409848,16.934805,1.2622776,0.2921491647460431,-8.000491872450748,-2.027963727405595,5009.5044
6006853887673331968,230.26616160760844,-38.921943606032485,16.93523,1.0993557,0.6471562598922905,-6.2307615433233625,-0.31362030772763827,4978.1553
6006112228419318656,230.55739274460976,-38.79109264072045,16.93555,0.9622803,0.34226925535401936,-0.20747748242461905,-2.949380943774483,5207.0566
6006109861902088448,230.49648962070185,-38.88902856762719,16.936049,1.1587296,0.656918816925377,1.9413473947927664,-1.7272920238222773,4766.918
6006109174707318784,230.54142133968293,-38.87964063188178,16.945534,0.84589195,-0.004995270016435642,-3.84002173044251,-1.9081923883226675,6437.8535
6006860519102959872,230.24102523309946,-38.731581694821074,16.947655,1.2818203,0.7151121131630653,-11.708047224926212,-7.591464839768804,4599.8564
6006866703855896576,230.30958914543578,-38.663749244010226,16.95118,0.9958973,0.2953507751816369,-7.334990735436136,-1.098234222254327,5132.8506
6006109002908612992,230.50016652191385,-38.922703825344435,16.954176,1.0457916,0.19467221359306452,-6.01355980013111,-3.213733514356858,5175.946
6006857972184428672,230.18332639430233,-38.86811527501393,16.954353,1.0416508,0.4676266166776821,-5.5801388861005154,-4.4208420261636805,5022.433
6006109827542350464,230.48357283458998,-38.89271349403484,16.955338,0.983551,0.2843283434836466,-3.6992555728309524,-13.859848002743902,5201.36
6006853784594111488,230.2892269471753,-38.92694777326511,16.95624,1.0583363,0.3975018926058399,-3.0999681612010885,-4.107245026982222,5212.0674
6006856563434982656,230.2001911013325,-38.910209917707114,16.962362,1.2300911,0.667556354687312,-10.442165220930566,-11.468053557091324,4588.026
6006859896326134784,230.2040873383958,-38.795639153755324,16.964245,0.9358959,0.5158647077720184,-1.8682427314948675,-2.1396866155524714,5286.8906
6006854952825766528,230.39093219364491,-38.88815532771734,16.965376,0.88292503,0.2709554437310096,-11.470656387377542,-4.923153553835486,5388.326
6006856876970579328,230.2347910344235,-38.91387570402622,16.967829,0.92486954,0.2321435907341082,-6.338284986542584,1.9339080343983,5297.463
6006861275017096448,230.48863320729143,-38.81107720814272,16.968386,0.9267559,0.3399337895514051,-7.908951214374838,-4.178764877294707,5269.933
6006854334349913984,230.37293495853973,-38.928201412578744,16.969091,0.94942856,0.2659755974831638,-0.21246440609204825,-0.14497951641403287,5276.2
6006866875654588160,230.36784155296743,-38.64406672874065,16.969322,0.9670067,0.1519275285568139,-5.515690128334263,-3.9925685142286818,5343.5244
6006846122374375552,230.07585044748936,-38.87017116571101,16.970356,1.0384617,-3.7119547705143083,2.0534749506109344,2.8650944353465198,
6006855738801590144,230.3153150548375,-38.8362258123322,16.974056,1.1424141,0.09989650495194552,-9.956165108628499,-5.284726297379387,5035.1626
6006862026630020864,230.4194963540004,-38.77799261798672,16.9761,1.006464,0.2817844414208296,-3.975432281994231,-0.944927888760213,5106.633
6006864126875455616,230.49071606398232,-38.69494143632772,16.976768,0.9904022,0.4254883850286118,-3.824265251019529,0.4210525627754476,5275.5513
6006853715874628992,230.3001293917275,-38.93735898359869,16.977518,1.3075409,0.1917915934592313,-0.3511372386931089,1.3251481278379575,5001.8457
6006860171204226304,230.2718026815099,-38.759752459194345,16.977697,0.9333191,0.17408658558949927,-0.12923062477910707,-5.4428627508808916,5306.483
6006870552146576000,230.12393628942803,-38.75271788459128,16.980368,0.8457298,0.15489778213883235,-3.467641961636779,0.2892165537267237,5522.934
6006866493396452736,230.28830361716123,-38.69525228994014,16.98086,0.9931984,0.3470106896045094,-1.600044952806221,-0.3841873975878726,5091.0723
6006860587822434432,230.2751942287056,-38.72364247250564,16.981604,0.9272461,0.2673072762645492,-6.433834549340717,-5.7337521410490035,5402.381
6006854093831776128,230.27313615311124,-38.88919165923295,16.982729,1.0082455,0.256319538436553,-8.935452331291685,-3.213103332252822,5384.926
6006109857602318080,230.4946704178912,-38.891864109546695,16.98718,1.0666656,0.4550023845079337,4.523605390858052,-4.363575835663037,5110.6772
6006853337917502848,230.2195462558311,-38.97655244638492,16.988277,1.0986099,0.6391848709591441,-7.7821875414039,-7.767390574766323,5005.4717
6006853269191755520,230.2505797319921,-38.95172166146523,16.990309,1.0381489,0.2765244710957873,-13.26719782884658,-2.0451187021748662,4982.2183
6006829835856455808,230.19813585280565,-38.99589056888514,16.992424,1.3371487,0.8719614545518756,-7.131957000067608,-3.6551310771708794,4376.533
6006863233522226816,230.5172601870208,-38.7311576370999,16.994057,1.0616474,0.21915382076730427,-3.7820503920383732,-3.736196442294377,5137.113
6006854020814371712,230.2895465119114,-38.902007120967625,16.994614,1.2149086,0.1443102485171086,-5.0793220731087825,-4.189800215538918,4934.268
6006860381663994624,230.28204232195745,-38.73528476322402,16.996584,1.4230213,0.022687814381290385,-4.532958916126726,-2.905662174079662,4774.031
6006854158253164928,230.37451853027,-38.94152796052602,16.99683,1.0751438,0.3713776778333368,-7.694377339088078,1.167885903721488,5005.274
6006855158983670144,230.39550560001143,-38.8400866374723,16.998466,1.2598438,0.3121441293573283,-4.764467297876118,2.4686075060353994,4830.8667
