source_id,ra,dec,g,bp_rp,parallax,pmra,pmdec,teff_gspphot
6056486392353292160,192.5289603143341,-60.0042507883788,8.7864065,1.0547514,5.100750045802662,-37.861197889157665,12.33268494726908,
6056678497650355328,192.17656809440632,-59.90970872102255,10.234678,0.40957832,0.6456195218323032,-6.882696142674735,-0.5620097370096959,35370.23
6056691657431654400,192.36252711718262,-59.727451104349164,10.317609,4.3148985,0.5812527789817699,-1.372571399665453,-1.944698006737242,
6056693341067571328,192.5207596751861,-59.712974220479744,10.426109,1.2472343,1.0918410479672935,-5.988507257451568,-3.53514797874038,
6056692275869745920,192.30318450557755,-59.739305782889694,10.702084,0.279109,0.617765950840186,-8.778090255450712,-0.47175790014509095,11512.815
6056678806888040704,192.18504316825317,-59.87527919600418,10.934379,0.8278465,1.7100613297093488,-23.582377779433056,-5.8687221875715325,6734.321
6056493573525399424,192.86913875626925,-59.863041374825855,10.969652,0.26566792,0.42282041913271273,-4.69489079245808,-0.7789171104901145,14533.181
6056683342374140928,192.7697758241059,-59.745465808266985,11.026264,2.7341948,0.46941497724814685,-8.174198061362253,-6.689209195963992,
6056484944900517760,192.46375514285634,-60.02845988713623,11.079211,0.7593126,1.8628080283955293,-9.198269520100068,-3.3090005115706855,7134.664
6056692958754685056,192.47016221701392,-59.72537258121457,11.134076,1.2989111,1.056330436513496,-9.668104464520303,-4.29247438771268,
6056680181277780352,192.5687229512794,-59.79954131836061,11.173962,1.4266233,1.0145892726355568,-2.068807453821331,-1.103593269928285,
6056484605646812800,192.47096618519768,-60.06746854450665,11.266336,1.4736471,1.4776344070987781,-15.546764841517188,-2.0191656214496065,
6056677776095863168,192.22571045183477,-59.90356689115532,11.362826,0.43514156,1.0390742505259196,-14.130580360857827,0.22403418153017257,
6056678665103529216,192.2590378687998,-59.87566137490087,11.421711,0.18674183,0.884781884846002,-8.070922858889432,0.062893553870701,
6056488140367692032,192.66719545563464,-59.90013337137542,11.548377,0.8999796,1.9488604255147994,-25.08406548073688,1.5682717868228297,
6056683239294898048,192.6933457660894,-59.769103327982556,11.589648,1.9545612,0.40700386069742334,-7.5367071306769065,-0.9917706853830103,4565.8145
6056679906399733632,192.45626237072634,-59.82224202815578,11.60911,2.8251696,0.3004749617761182,-9.164944167249077,-0.500734325167306,
6056483123834384768,192.52346404215126,-60.05382043892558,11.609117,1.7259979,0.35151435744553505,-6.588653080478584,0.31997553424473013,
6056482922019649152,192.60100578451105,-60.06475701074023,11.612134,1.8542528,0.6690640407636288,-6.796420532728149,-0.5895323764145541,4535.3467
6056674408841452416,192.235730338255,-59.957702114815746,11.614233,0.43663788,1.1615481265944374,-7.23104600009551,1.0297055496945755,
6056683342374131328,192.75836796759353,-59.75446490197479,11.639289,0.4593439,1.463139167244937,-10.200792925346734,-1.5029997361095726,8107.9844
6056676195548105216,192.68249376314594,-59.84547145220802,11.652855,0.9556942,2.173788461311321,-23.10296398526431,-5.627278813764601,5281.443
6056674992957051392,192.3270838588135,-59.915221210648745,11.705564,1.9018393,0.45481646656941466,-10.214180271425375,-0.5559840607585808,
6056482539718833024,192.70144890015254,-60.057287904733855,11.712453,0.45245266,0.805740385110968,-7.881747034225008,-1.2695131317993624,
6056674095258328704,192.2217484919001,-59.99301252247899,11.72377,1.560792,0.8199096723158057,-7.595583108128567,-1.7017718313164034,
6056693066180929920,192.39815126167866,-59.72774120790433,11.757259,1.5446768,1.0310326302302444,-19.62899648287762,-3.387431627724729,
6056683170575407744,192.67417384602314,-59.789897626730166,11.780511,1.6164169,0.6542018409123853,-6.136894102700738,0.6924181265029655,
6056691519992654080,192.30672006424194,-59.757971049619634,11.781782,1.4561348,0.6097255921698255,-6.640787518088978,-0.35868647661710856,
6056482887660106368,192.5468656302883,-60.075635220084536,11.786158,2.1587543,0.5192551498527078,-6.228537725980367,-3.8722689154046157,5033.466
6056489789623625344,192.8331388261605,-59.94090313411025,11.827749,1.729044,0.5302268738205441,-0.4327483988008094,-2.315117584671593,4705.154
6056676814023391488,192.52006767318656,-59.836342735024374,11.861112,0.5011673,0.9456408068271106,-2.0615213881420966,-3.5674100593525693,
6056484468207846144,192.43113719964975,-60.07813690491837,11.883425,1.8696947,0.5240919764404783,-9.695158530371728,-3.889775135881627,
6056681620041023104,192.55004846299795,-59.71926845986869,11.921367,1.7314558,0.6866342416851117,-1.2835374729937323,-3.2076957913343724,
6056486010052406016,192.4168526660064,-59.98325468731014,11.9327755,3.1153746,0.26402589561263945,-5.746345877088474,-1.5690693953459531,
6056493775353274368,192.74600026485277,-59.89804642563933,11.96306,0.84078693,0.44426907093558604,-6.236478778802976,-0.6557125652669119,11923.929
6056484635662873216,192.45081491258816,-60.056554481065824,12.025434,1.8803368,0.7594918935142525,-18.392792063103325,0.3221826439818168,
6056487629303945344,192.57265734975957,-59.93395222681396,12.029807,2.559722,0.3464638970861048,-8.917781232495516,0.12383822410317355,
6056677256354254336,192.61060973806278,-59.81619934565957,12.04535,2.084426,0.32156642792436174,-8.585643083671057,2.680965893758084,4747.7456
6056674473215450368,192.22890428076443,-59.95525442832779,12.112083,0.46186543,0.38962009178885204,-7.231100415868393,-0.88594777116704,
6056676397360865280,192.47597754446048,-59.87799809540107,12.127418,3.4040031,0.29060738085157534,-5.323839189448136,-2.575190139350064,
6056678768182744448,192.16985695211204,-59.87714640771571,12.1297865,1.8829994,0.4670389196065892,-11.780078750247554,-0.6843442340920189,
6056655270465022464,192.1180352165528,-59.89823126456534,12.166427,1.1423607,5.282516966097593,0.5229042903374026,-46.76147720335279,5015.8447
6056489823983363584,192.8505432126383,-59.939303655948834,12.18532,2.1592607,0.3784132449452407,-11.150140704788907,-2.9358276235027914,4534.9336
6056485773878009856,192.46891435412704,-59.99221816739049,12.206333,2.266345,0.31099155521367255,-4.896955197305186,-0.08184283696617214,4811.0303
6056675061676552064,192.38905824800864,-59.898293993503515,12.217617,0.8535185,0.592272164384079,-6.785977517704441,0.22975335250417,
6056681860559196928,192.7073884753824,-59.845541648477436,12.24562,1.6689272,0.6769008797603252,-14.932785456472756,-2.856438077499869,4965.7554
6056675572727076736,192.50186316380064,-59.89193695494422,12.260045,1.1704893,4.691585270549912,2.8777532032246587,-17.823468424748697,5059.3687
6056485567719381760,192.41174112483452,-60.03255810220309,12.265772,1.7999163,0.715735245514477,-15.539716170240952,-0.42477573356365794,4577.6104
6056486254914338048,192.5991617935002,-60.01062562534426,12.279588,1.8964367,0.4260088874670027,-7.584781176915396,-2.081727215490433,
6056675160410280960,192.41191875326322,-59.8837880999525,12.281929,4.113002,0.28128929137028097,-7.936797300447593,1.0889725041927112,
6056493539179542784,192.8880146477698,-59.866946761582824,12.294162,0.38077927,0.45680424576073375,-4.857575310289843,-0.622579959482483,
6056675267835108096,192.4731025162712,-59.93661258300576,12.312216,1.6590385,0.28765643544827224,-4.190992826170977,-1.222238002410349,5806.642
6056676809677656320,192.53210426033544,-59.82423521229499,12.325079,1.8402443,0.34655056147408847,-5.392534251219194,-0.7867446154834737,
6056677428152983040,192.2318788363706,-59.9414569607384,12.362583,2.7625246,0.23764397098426243,-8.19925421924685,-0.6906196541811538,3759.914
6056481371487729792,192.5073295720135,-60.086442996819294,12.385586,1.6805229,0.7004991995859614,-12.375611160194222,-1.6969698489172549,5045.506
6056488041620823168,192.6350803879857,-59.91033738863066,12.446394,1.880887,0.4847295424682304,-2.937394317243546,-5.3941741888080985,
6056690691012075392,192.19545688190635,-59.82923388339942,12.4557,2.472165,0.31277300968949606,-8.347418489140889,-0.5827462661048153,4644.6895
6056488140359616512,192.67083456548664,-59.899497790571765,12.458106,1.7897654,0.6088635227201444,-4.60634219474855,0.7883933162982828,
6056483368696296448,192.6935006705513,-60.03356075512249,12.501365,1.6580372,0.4961414193345664,-5.4051720511471455,0.7936093307554337,
6056677015836196096,192.64953395041601,-59.82874994356225,12.503146,2.6502838,0.3093328285560915,-7.397297709041216,0.2706789701211836,
6056681276443864832,192.57743916561142,-59.74060034285143,12.503154,3.882927,0.21033894926790575,-9.031702911949406,-0.7096442527336184,
6056667120231437312,192.12785286395356,-59.870477384002044,12.538025,1.779438,0.3350174459281837,-6.562400535112529,-0.14700140341709594,
6056677909189285504,192.26731286475308,-59.87965653639775,12.548608,0.81819916,0.4680668838926466,-5.4694475582883015,0.15911588439022353,
6056680421795962368,192.54793466426074,-59.777784911522026,12.555952,1.7270641,0.6119017018628722,-8.512641015754054,-1.9954142360627634,
6056677806110071168,192.23568156349828,-59.91398877082689,12.555983,1.6721087,0.7326065085510691,-11.816020300302297,-5.540311698998295,4685.2676
6056489514745719424,192.83558284202024,-59.97782385302961,12.563283,1.7162132,0.6524881234235644,-9.82895739046795,0.47338362784517374,4794.8145
6056674679373880064,192.37165301491012,-59.93706796761958,12.56819,0.8068352,0.9883740882732915,-6.669004676701407,-5.6034766831874965,7196.1035
6056494054575403648,192.72660424524798,-59.881856738345526,12.580767,0.6056471,0.9400553492070433,-8.560150828527151,0.6267238366218914,8055.573
6056677191980528256,192.56780552880153,-59.82061765692803,12.58612,1.1985455,1.1624116428557463,13.93035177093867,-10.092656985902575,5806.0557
6056486869045864192,192.70624925101592,-59.94747528521905,12.608832,2.163577,0.5543306094200215,-12.497159297180461,-2.6948694997008387,
6056489377306766464,192.7544870852675,-59.99749191482067,12.640184,0.67630005,0.9296522964221381,-8.527367552853912,-1.761368818929506,7951.792
6056674404495973504,192.24545416572104,-59.95187397788636,12.649577,0.5888138,0.7131217846463556,-6.43519252614972,0.02994672214291541,10430.951
6056677432498446848,192.23475461449067,-59.935354605486,12.701134,0.5137186,0.3540709462662295,-5.25604489775634,-0.5740992673594683,10117.797
6056485700814761600,192.45556572370612,-60.012499580916575,12.701839,1.7384777,0.7265455741604702,-14.362803172946636,-0.6434767011688278,
6056690729718614272,192.22861191786347,-59.829975026068006,12.734581,2.3585567,10.655070912479824,-41.80076400263155,-17.08749280268936,3608.3818
6056485666455293440,192.43953218215697,-60.019095294077715,12.77118,2.0927334,0.34179244613087134,-10.27809023188608,-1.092282816955869,
6056690660999131264,192.14963824182624,-59.84479252251937,12.779696,4.178215,0.21126059500340666,-4.197903911904258,1.767274590919574,
6056488247779261824,192.67928994059744,-59.88534577125711,12.793368,2.4248714,0.4164272711229488,-1.8423860755921835,-1.7748059508220961,
6056673171890843776,192.30982332191073,-60.01017593118032,12.798688,0.9085884,1.335713806791853,4.162338030877865,-4.434868392195138,6299.311
6056679872039988992,192.43439805522746,-59.82717086466588,12.802045,1.1199408,3.132576247844143,-17.89322780547476,-37.35350441354382,5289.2944
6056681104645140864,192.46868288165032,-59.764294186558686,12.820087,4.3930635,0.1527142785225658,-11.031360035943012,0.2501619911772298,3470.3198
6056693096193638144,192.41801644703472,-59.7201519330385,12.828952,0.5841007,0.551935350791652,-6.176390223141272,-1.5827490925120271,9600.753
6056683033136456832,192.73967506846668,-59.791263178826824,12.849886,2.3145971,0.29633189895381046,-10.541261657126418,-1.0323387098172863,4725.77
6056693920827358080,192.39641567863862,-59.69959860786825,12.8589325,1.8021488,0.4616327851674593,-1.1124190486978678,-1.1638056489601056,
6056673068823925376,192.23155439863248,-60.02591955667671,12.866574,1.9319344,0.6312317191544486,-10.918819089544927,-1.6288726723738942,
6056674408841453184,192.24224321249483,-59.95738893595282,12.884669,1.6313887,0.6802883859794312,-3.6661827696447995,-2.2977327103464997,4815.6255
6056680181277778688,192.57744928054163,-59.803275665538656,12.885768,1.6809978,0.5075907926929014,-9.789138585648972,-0.3504550021448743,
6056681349508919936,192.55683795955972,-59.74285876806645,12.895431,0.81223965,0.6810770716551166,-7.0133107445972,-1.4266638455880012,12120.883
6056680520529398400,192.55826684322872,-59.767834101216486,12.90891,0.5525036,0.5762834308776787,-8.008859039628181,-0.9472847050172424,
6056677191980529152,192.56157437579637,-59.819184108264125,12.92932,0.5937195,0.8995560490577311,-7.853454750022721,0.3644184127645628,9874.128
6056484674366317184,192.48523904162872,-60.045923411147406,12.938378,1.9997816,0.3856166853419063,-3.8282308425505436,-4.05909613850201,4675.604
6056483506135294720,192.74925414379356,-59.99936090245034,12.979623,2.3658361,0.2613623091130292,-5.595281407845099,1.0479483818344126,
6056675164755789824,192.41570132180414,-59.87766414562547,12.980586,0.8267441,1.1055715014168734,-15.463894976885967,-0.6781905754046823,7100.751
6056679768960905728,192.53741325653596,-59.8191855207249,12.991463,0.96910477,2.0625081730323442,-20.054012078431775,1.0855663845867647,5770.251
6056678532010118272,192.21389690551547,-59.89199483592057,12.997503,1.605731,0.361948048336942,-14.57359873703481,0.9585521214362005,
6056692963101735680,192.4995905136498,-59.724270795684035,13.000608,0.74258614,1.3468568897253554,-8.162550040204177,0.3452286181855817,6865.1895
6056692378994862080,192.3034356647995,-59.73896809870316,13.010773,,0.976913921282198,-7.664939241135399,-0.5963005666137721,
6056680834112701440,192.48768506578372,-59.77443839392764,13.025685,2.616908,0.1973133383791859,-5.770860754713901,-0.5677742826187016,4571.5103
6056686189886422400,192.66938846371096,-59.7601608289314,13.052773,3.846201,0.12207109411076078,-7.771645334967737,-1.2368573486358994,
6056487320066260480,192.53935091907968,-59.976703369177315,13.059274,0.9426031,0.5585549074441378,-5.2407109190057835,-0.5797385169305993,
6056493156877983616,192.7840214812081,-59.894317984151314,13.064755,1.5730848,0.7262533903275253,-6.172753446002307,0.6054468167719385,
6056494329453527040,192.86402976569852,-59.850659479557194,13.079975,0.85605335,1.1772441360894383,0.179434659756264,-2.1745651907958745,
6056492783265073280,192.7761064757567,-59.930350038172016,13.086474,2.5509272,0.20814785921323276,-8.173298458443197,0.4441058662607573,
6056692928741975424,192.45538770671322,-59.73394684434781,13.088486,0.9511137,0.9841547518753807,-6.3984916809673225,0.9811354817713398,5830.3916
6056486735950724096,192.6609094670133,-59.97280826894284,13.107806,0.79734325,0.24124223936362954,-6.503963109203526,-0.3458059906444864,15006.356
6056690764078358784,192.25594851000952,-59.81845209527655,13.108545,1.8310623,0.2779849839777803,-8.981000133355336,-0.08353933622586607,
6056486598511756288,192.57410910702544,-59.978278461087974,13.114746,1.5625219,0.500669430167048,-5.977899343122267,0.6672170489423959,
6056681108990612352,192.46800996059653,-59.76009471626439,13.117526,1.6794405,0.3247412517602978,-7.0317946220363945,-0.019723971126105407,4787.0977
6056655270465020416,192.11459627029353,-59.903263662386905,13.119731,1.4800415,0.38691328695022603,-2.850946900888715,-2.4880916635154344,
6056483609214479616,192.65655882306683,-60.01867546792815,13.134871,0.68054485,0.7530205776706118,-2.3225720085684394,1.5433912156274985,8417.726
6056486151835076480,192.5018853278608,-60.039088261406405,13.165662,1.8050346,0.46973662769871793,-9.068491182828415,-3.673796199933473,4635.5444
6056691000249601408,192.21758275529555,-59.80360627997359,13.189347,1.5606918,0.3768925265000717,-11.932433853706856,-0.23385596389614546,4729.6577
6056483815372952832,192.69939744199124,-59.984341783621694,13.193369,0.5594225,0.4739224354764099,-4.701804332863,-0.6768157037463495,7141.6235
6056674030884351360,192.38819630935103,-59.94545715143255,13.215507,1.5588522,0.47290158840409713,-7.152134409074137,1.1167318747505426,5529.1772
6056673339344089984,192.2105521648873,-60.01379026043675,13.229376,3.3102036,0.16392715423587215,-7.280299367768852,-1.9625898489271365,
6056683136215700736,192.78113192597942,-59.756863852887015,13.273966,0.8345604,0.6980522434888404,-7.6941606327330705,-0.9293729174220169,
6056682891351476736,192.67642937437103,-59.80943479552173,13.274488,0.5952072,0.5163228206051494,-5.096817589544,-1.4459630516494881,
6056693409778374656,192.4997355793037,-59.70115614888441,13.276578,2.317914,0.2127230890355222,-8.355522535525868,0.5845271067977245,4660.502
6056677226340282112,192.59846283900757,-59.8002034909351,13.2782955,2.1102648,0.26659082589711647,-6.335016058247204,-0.7224064618041764,4829.4956
6056680490515441408,192.54127148286574,-59.77381862726559,13.281763,2.2271967,0.2170712750660098,-8.916004731324072,0.24994111957791237,4496.9653
6056692928741962368,192.44873341018925,-59.7439494879992,13.295858,2.0771704,0.22240233006612162,-8.897375600049832,-0.04862248492273664,4571.608
6056674546280428544,192.31252426627518,-59.93722585923492,13.306577,0.5953989,0.4666400751160614,-4.392988255444121,-0.09638732704782615,
6056691107675761280,192.22652547179024,-59.78748908859709,13.308747,0.85134125,1.600269305326183,-14.606974054118155,0.5369164296476696,6342.962
6056484433847990784,192.3971060876665,-60.08492262420891,13.334756,0.9975147,0.7555886989310312,-3.0139515823598164,-1.5761132825503354,6550.7007
6056676092468869632,192.5791085985419,-59.86124618995677,13.338555,1.3926563,0.8960639386056727,-13.076684882319265,-1.2558254973432352,4823.1157
6056681551321791104,192.54210857737573,-59.72632832509562,13.351501,2.2593708,0.27235998256594196,-4.50850569228525,-0.2094402980604242,4418.8545
6056486667231243136,192.66684812808472,-59.9767823832526,13.351768,0.796504,0.5354802228584161,-6.010682158292149,-1.8160095319646439,
6056676848383118464,192.57100122263859,-59.85466955767139,13.376553,1.0712967,0.810012335739079,-6.401001838638704,-3.700874636672927,6049.3037
6056655098666330880,192.14829915985976,-59.90079202077384,13.380503,1.6501627,0.40649412824032355,-10.453760288510338,-4.372394236553438,4577.3867
6056675955029921152,192.65652358593474,-59.86145800614262,13.394272,1.6596279,0.36567563539467074,-1.2086436882835536,2.034897661640532,4868.427
6056680249997270784,192.5825199788179,-59.78034757747017,13.403882,0.5189762,0.5447733598925302,-5.326986125931915,-1.0079981095531825,
6056673549847975296,192.35120890378727,-59.99333693239877,13.406105,1.7801266,0.27796116450732583,-4.618861806509621,-1.745317441703933,4323.345
6056673274970052864,192.23846693768976,-60.021301525917664,13.408444,2.5314236,0.22899525163619683,-8.586727540053158,-1.7451476689792513,4622.7363
6056682139783236992,192.69866934912972,-59.8226942054213,13.420218,0.95550346,0.47153080283444915,-4.806705545737106,-0.5796204474107282,11980.936
6056692378986130816,192.30584776583441,-59.74419161611529,13.420953,1.4570446,0.5432868207761378,-8.23586637983766,-1.9028143189452542,5653.994
6056483158194342784,192.5487783263625,-60.04885827266091,13.4271,0.8623848,0.5864689831885985,-10.39062465175118,-1.7370956649022733,7199.8374
6056691382553708288,192.37494068049944,-59.758459768572216,13.439198,0.80430126,0.6806758438607475,-14.205221046579108,-4.4725194108604525,7674.554
6056655029946852480,192.1603117455131,-59.90514043685219,13.443973,2.3218508,0.27488825223268437,-6.932851935759182,-1.5497396705590463,
6056485842597294848,192.3840499736057,-60.010415488367414,13.446799,1.4847097,0.6161595838758833,-2.392140318615723,-2.621586272776943,
6056493951496645632,192.82159510995066,-59.859624406231035,13.453314,1.5721588,0.353950061716815,-8.267776890723207,-2.6031884367226326,5162.5317
6056674752438872704,192.34726640624814,-59.92505125719928,13.458201,6.0225477,0.474574331921638,-5.040227093164583,-1.757746456985405,
6056489759608211712,192.7893960173917,-59.95514480190284,13.462189,0.65234566,0.5174721202960169,-6.012291088974433,0.12955622275179052,
6056674718079124096,192.33306467328893,-59.934977133707264,13.475627,1.864049,0.4004674095139227,-11.654149202483655,-0.8499511375207399,4490.2036
6056676710944159232,192.51428224108125,-59.856844792916405,13.477772,1.8541307,0.4155128650368195,-5.564960595071874,0.873240833842665,5052.216
6056654995587101568,192.11029538202666,-59.929097357641375,13.495694,1.6333914,0.3723888516026562,-6.901511895092607,0.4391018480988494,
6056682345941680384,192.82273349053824,-59.809288739759324,13.498824,3.5940313,0.12528530130111223,-7.877446064570204,1.238014891660386,
6056681070285408640,192.4165858706097,-59.76255153812158,13.501103,0.54154587,0.7371936282647507,-6.349341053646561,-0.5000110681577423,8234.73
6056484880524753792,192.46624659775833,-60.039121224853254,13.502002,1.707242,0.3543733531417733,-4.502833023271029,-0.09363327689162701,5014.1436
6056677844815359616,192.28703126840466,-59.890090622289996,13.506443,0.96955395,1.091042529970801,-9.145448070664003,2.4913545821739254,5941.8115
6056675336554594048,192.54637387716122,-59.921371505630745,13.52382,2.496972,0.3115038256976578,-14.109509032783873,-1.7934801245854475,
6056675096036291072,192.40734125142873,-59.89904822735807,13.528952,0.9280491,1.0444346373668554,-13.761208065121693,-1.0472518347409956,6529.8223
6056677398138702720,192.20770690730362,-59.93979766700831,13.529575,0.55618095,0.3751822978226991,-7.8947497606326,-0.6347613267978761,10215.199
6056485533359638528,192.37469878338155,-60.04023969034112,13.532619,0.9043999,1.2091899904744796,-6.823867882712843,-0.28260252505995914,
6056676848383120128,192.58328105193186,-59.853545385980034,13.5349,2.870493,0.20271710605234533,-7.5021931074484325,-0.43483853883686824,4692.524
6056486113131867264,192.53585847876911,-60.03320687414045,13.549935,1.710247,0.44789338329984485,-4.0589851023591725,5.796674541472657,5158.4155
6056679837680390528,192.519179703221,-59.80596742345126,13.551257,1.8318615,0.3730031592333335,-7.747583718166519,1.5233837827526324,4632.1533
6056690798438093824,192.20096792879664,-59.82002499127155,13.560423,4.0409174,0.12287262697578863,-6.126201813923264,0.07584884724418756,
6056484463864358528,192.43811722712553,-60.07647669270685,13.562155,1.8223991,0.3973568916747419,-12.535531141518527,-3.1363119366964485,4727.877
6056678875607535872,192.1887808028005,-59.855337004196116,13.579708,3.7106924,0.08267691610728956,-6.817037389427755,0.1804266023544366,
6056678493304891776,192.17063422750255,-59.90306961274059,13.595794,0.82024765,0.9198229043160095,-7.110377850252745,-0.42706233254669057,6707.2944
6056675096036309888,192.42025889700625,-59.88235752518203,13.597907,0.8153858,0.5384878389619493,-5.225123587843151,-0.6317381642817712,
6056680284357010688,192.61924571841752,-59.7816145743511,13.600486,0.64215374,0.4503793560539344,-6.107108012630395,-0.6620415527270822,
6056682277222215552,192.76934369063858,-59.78839172343326,13.601494,2.2723837,0.2601335812596194,-5.166934242280491,-1.5586545265009062,
6056680971551649664,192.408291094025,-59.77929814793227,13.607707,0.6950512,0.29775875949771646,-5.5401588543933,-1.182105268742535,8314.708
6056489828327722752,192.85098913351803,-59.93338315492231,13.609435,1.1299171,1.2285241321863625,-10.148715565167924,-3.3437075459531176,5612.896
6056692310266643456,192.2571189694413,-59.748357105117215,13.610314,1.1030512,2.422178747094662,19.853481331069382,5.821645229871983,5194.6396
6056492714545594240,192.77464323532521,-59.936295670946905,13.630701,1.8044777,0.3772405794569888,-9.639078856433004,-4.082997653266169,
6056677737390645248,192.18126852544472,-59.914197131431294,13.63658,2.0546513,0.2531826704995147,-7.208098591021664,0.35105314970990514,4533.0166
6056674305762237824,192.27573290662517,-59.96061020305108,13.640222,1.0306482,0.6004879802290054,-8.300459540151564,-0.963664599482798,7367.094
6056485975692974976,192.46351352656106,-59.98666929227884,13.646056,1.6982412,0.49596657929016347,-6.453265919075355,-1.2215502524274333,4818.175
6056482922019654272,192.59611156351622,-60.060269542314266,13.656873,3.1595516,0.15412280420588734,-6.264523016602036,-0.9251238958644105,
6056680627954412544,192.59819191299607,-59.748978885629946,13.660346,1.6497927,0.42233811271527144,-1.946255162467104,1.253346039043325,
6056683308014382080,192.73869914343916,-59.76362825042141,13.661572,1.8293648,0.3477670405750664,-7.93265596882169,1.0875370823130257,5122.32
6056691618725109760,192.32985836106616,-59.746316484329746,13.667633,1.6447992,0.35981926221673655,-1.2241683429321462,0.020357274765732035,4627.314
6056482922019652608,192.60293784677035,-60.06240552792173,13.668851,0.69214153,0.5124205894644231,-4.654259044591625,-0.8647330633599506,
6056675233475369088,192.49439697726493,-59.94085789028763,13.676473,1.229434,2.95679172835296,-12.699800915970496,-46.51072358250114,
6056486186194836864,192.54019926473396,-60.02602993350148,13.691563,1.3231544,1.3071621368944113,-1.1947586819247524,12.501316458462604,
6056678257132246784,192.33116616483449,-59.86594816462378,13.701593,1.8090267,0.40105609223209293,-15.817986286981858,3.62193327428679,4943.2236
6056673240610330880,192.3287078360352,-59.98978939673307,13.70743,0.9706564,0.8873381335246824,-0.727256311583675,-3.8191642298771784,6134.5293
6056692344626409728,192.29877010523023,-59.73136808342709,13.727013,0.5807562,0.5739223776643879,-5.037711961904985,-0.1555636969761838,
6056686400390864128,192.71236804873388,-59.72901553246621,13.728925,0.7663021,0.8508874904870734,-8.266829942759005,-1.0879604861370678,
6056483849732702848,192.71947782519717,-59.97632637410967,13.730535,1.0299263,1.017416358865255,-12.860014477117284,-5.795147773753995,
6056673481128504064,192.28440365436325,-59.97915494741533,13.7385845,2.2349339,0.24455228807368407,-10.089538038642553,0.7520170767944723,4526.924
6056681590026955264,192.50889334603835,-59.7342838992254,13.739364,1.120287,0.5240542297002375,-8.272147673842754,-1.5489488283405264,
6056493229941850240,192.87260654994873,-59.90332522746897,13.742535,2.2677994,0.18831377238495772,-7.329656070124801,0.5275915617091936,
6056682930057240704,192.71991128691437,-59.790881219731055,13.748061,1.7300081,0.32569157674226185,-8.806347559035892,-0.4599980275615746,4732.0967
6056484468207844608,192.41422911733625,-60.07852961857722,13.756688,0.5713024,0.5900976467592239,-6.8518865806186,-1.790144099035127,
6056488144700043648,192.66418787540945,-59.90145747403959,13.778852,1.15732,1.9674656607245944,-26.81089749207104,2.6152424958459184,4941.281
6056481650709306112,192.47300422119096,-60.074074547896195,13.779358,3.8878698,0.10315245783223749,-6.094729224152268,-0.5197370291513658,
6056678394571224960,192.3930418519455,-59.84061673563427,13.781156,0.8000097,0.83251737112661,-6.052793562470108,-3.4443690139489593,6840.6416
6056482883316402432,192.54258848746971,-60.069481170098534,13.783645,2.4637299,0.22225869714446844,-7.330237985012666,-1.433107186301448,4611.695
6056492813280973056,192.80836074329585,-59.92490241569312,13.783734,0.5863075,0.4748453498618716,-4.776091105955728,-0.6806324371309378,
6056681074630873856,192.42469783265156,-59.75680348618848,13.784327,0.92618656,1.4262632213562692,-13.789757513207507,-2.1523636033520965,5857.5713
6056676332987021824,192.49603146248654,-59.884817553269336,13.78974,1.0684958,0.8039393008218242,-1.5018279765352842,-2.4964161868505603,5663.6396
6056681315149175680,192.52302565305334,-59.74753259068776,13.791961,0.8723898,0.8932552820258182,-18.397375764723485,-0.8067774878792932,
6056482956379385344,192.60879938524658,-60.066658137819054,13.793869,1.9074192,0.5384260414337041,-6.929979391628798,-2.167066241924888,4659.535
6056673687286940288,192.4113569626633,-59.981038080152686,13.79545,1.7278938,0.4148923955047532,-13.85036649071023,-2.5603028256985745,
6056681967984548096,192.8082645036329,-59.82313982630885,13.801005,4.6947193,-0.011597586434304509,-6.630858189648674,-0.1331244884723528,
6056677535577666304,192.24544305275995,-59.93154210869696,13.810265,1.7045984,0.3447470651944336,-8.93312264741011,-0.6651675262407819,4716.986
6056484536927322112,192.41118164221822,-60.07709515970447,13.813462,1.6578255,0.3266014224963647,-15.247482402469966,3.162383486319425,5604.5454
6056677741736098432,192.17119169923927,-59.92408062418137,13.816855,1.5147676,0.33581109492605443,-6.601874629178728,-0.8231847893194202,4908.8955
6056677982254306048,192.3367916385036,-59.90044070212968,13.817308,1.7670135,0.6935535298577098,-6.259156164934281,-0.570189197479726,5504.751
6056690764078359808,192.25461189444502,-59.81650942138388,13.826101,1.9577856,0.2903168342884298,-5.499247525250304,0.943513109409662,4945.3354
6056677054541681408,192.63130459089933,-59.823656141431265,13.827787,1.7767992,0.3060134308231289,-6.605374590737027,1.8318180701333102,
6056691210754979328,192.28157721170936,-59.78792764180213,13.832627,1.7149811,0.29313957319195705,-6.221879884603662,-1.292377847807237,
6056674477560940800,192.24642953472565,-59.94441992750315,13.83446,1.138524,2.111834183464056,-4.857269834043879,-4.5697824684672295,5209.959
6056675027316812800,192.36251646484826,-59.89725538624906,13.841239,1.2714033,2.7515928857292296,-0.9059129610182552,7.764823393179059,5397.8833
6056483162537852800,192.55967805250503,-60.03316155550365,13.8424225,1.3958845,1.176011543971035,-13.70952089242787,2.51963610392577,4989.2334
6056482922019645696,192.59909330163856,-60.06690516743311,13.850284,1.1769247,0.6425859813480415,-7.08770504724347,-1.0325941112167714,7192.841
6056683376733871232,192.73852999391022,-59.750704959409724,13.85312,0.92816734,0.8040057340353317,-11.263566900405984,-1.1397931662549325,
6056691107675762048,192.22281794244753,-59.78610845259714,13.85364,1.6241865,0.2339622957657434,-3.902505039651339,-1.9991752856915288,5262.1157
6056494393829014656,192.83337740501793,-59.84121964629325,13.860032,0.6439123,0.343311124411717,-6.746902891134581,-0.05780219108355028,8825.766
6056676161188360704,192.64659375218147,-59.849324479242846,13.861343,1.6754236,0.286762046647514,-10.38079138277788,-0.749278322416824,4744.424
6056693237979694976,192.4900867353246,-59.69279583702364,13.867003,2.0299797,0.20377432789826563,-6.668513500192245,0.09084848015275511,4597.822
6056678154053033216,192.36643888095432,-59.86653571133294,13.872023,2.2058344,0.28683027001164463,-5.920194884962576,0.13689762162034969,4521.3906
6056674649359640832,192.3413656712244,-59.94327621935708,13.877227,0.8804989,0.332673598512118,-4.825292873377935,-0.7320653821432915,8955.804
6056681796185846784,192.70902494159245,-59.84949408564359,13.879003,1.083168,0.8500635512343943,-3.968886947738605,-0.07612754446793095,6946.2837
6056690935877048192,192.1597906037901,-59.81428481204873,13.879047,1.6263809,0.29079916118925797,-5.0672104414331995,-0.8339507074498337,5271.293
6056679867694488320,192.4338028096946,-59.82378766815911,13.879924,0.7202034,0.47867152562738036,-4.6927290168850275,-0.8039665505016635,7199.9243
6056674477560934016,192.23832328752312,-59.95248215995284,13.889631,1.6689587,0.31047050945448024,-3.9909775065944926,0.7630352683363602,
6056686469110336128,192.66142285196614,-59.73234425724438,13.893424,1.6489458,0.31110997200424845,-7.606330419719989,-0.8496704896938534,
6056654205313121024,192.1709536324585,-59.931897557401726,13.898389,1.6316357,0.3146024675758128,-6.551187031643645,-0.23862042730469513,5286.0664
6056681521307615872,192.53973524082377,-59.733924003954236,13.900806,1.7413731,0.3266699784892984,-6.246330181424899,0.372528622196876,
6056486701590968448,192.62787778938363,-59.98535112567752,13.913431,0.79677963,0.4411392974231386,-4.502072898325654,0.39375041393557547,
6056653994811409792,192.1611074449944,-59.95524870829881,13.920761,1.0931044,0.7647860413256131,-6.437592295841297,0.7354972133927441,6072.0947
6056686194232399872,192.67074542448188,-59.764865430891916,13.921834,1.8058805,0.3292909160689007,-5.669769365898893,-4.454157885713154,5076.8804
6056490206284863744,192.88458959215865,-59.925954773976315,13.923767,1.8073092,7.171792461908886,-26.1217063709871,12.146170352039572,
6056673549847977088,192.36784792890344,-59.99196507323364,13.924585,1.8040457,0.2854195017701728,-10.842012193545838,1.153317146094504,5187.911
6056487869822125568,192.65713599871344,-59.92577588607335,13.925437,4.0413055,0.0417252507112067,-8.951166963569126,0.871444912980202,3526.7795
6056485498999907456,192.32047087469707,-60.01871023398004,13.926605,0.9939251,0.7420301495892357,-5.189978833570786,-1.5816698013457908,7012.161
6056677776095854720,192.20362366977128,-59.907840889883765,13.931978,1.0094814,0.35503441886644094,-9.204801310092645,-0.34407761754328836,6916.178
6056680593594673024,192.6273611218101,-59.75236489148564,13.936383,2.0570297,0.2712433926632793,-4.676012915011186,0.05886077120666388,4563.9424
6056674030884357760,192.4027111541577,-59.940270661736164,13.93938,0.8339968,0.47967209913889053,-5.321575095949366,-1.621822649639335,9007.448
6056677844815363968,192.29006826223113,-59.88671930409714,13.953425,1.9718971,0.3809322675172753,-7.860769822371301,-5.118586326857285,
6056673309329798656,192.25708643796665,-60.002721890282515,13.963842,1.728509,0.2832485360765027,-6.780225375338109,1.2003778191027015,5004.7544
6056673652927204992,192.38878018454892,-59.97505658580588,13.965056,2.282609,0.16829961841757385,-6.632360820171673,-0.34670947345951475,4564.809
6056485808237552384,192.36145844199416,-60.023065318782265,13.974492,1.7107334,0.312237082174539,-4.995723100146224,-0.08746124228815544,4980.1753
6056692860022464640,192.39028683506183,-59.754826658101344,13.978485,1.2977428,0.7825026961550205,-10.024139366683118,-2.1175675729102466,5223.1753
6056494432532765440,192.86925943985534,-59.82897049544379,13.988195,3.1241674,0.04970195496335025,-6.186920778567994,-0.18804091404521342,
6056693031821228800,192.46889173670397,-59.712300199072395,13.988387,0.6126938,,,,
6056677604297153792,192.23970729516185,-59.91953872755993,13.989478,1.9178743,0.29682995416653357,-6.673613602391487,0.2987678609687154,4738.968
6056690764078360576,192.26465087969194,-59.81619568241163,13.992206,1.6154461,0.5004938556493158,-8.463841025268751,-1.6983244568353622,
6056676917102604032,192.55799304058567,-59.84253360868091,14.002779,1.12076,0.844481927084203,-7.67677775210044,2.9425138906678985,5955.086
6056674958597326336,192.35916222755606,-59.90660308694272,14.008453,1.7328215,0.30861424762652734,-3.683521522213667,-7.569037036308715,
6056484914884495360,192.44494541773886,-60.03425360496774,14.010716,1.1556463,1.6430916383605543,-5.324482540146772,0.865540344789664,5587.5723
6056691897949763072,192.20512133654918,-59.76331942947236,14.010812,0.8883915,1.2793191981626524,-9.932066664985559,-2.690332369169776,5932.265
6056494329453496960,192.84035539300447,-59.86309488959453,14.023479,0.6195917,0.5645158095656214,-5.286360122409688,-0.6434668144016482,
6056485361560940672,192.26154967059875,-60.04278773245188,14.027326,0.6723795,0.4590737835468427,-4.639517533894197,-1.406554537118442,
6056676985781303040,192.63566378808574,-59.83424227655131,14.030396,2.9022932,0.14700961274622218,-5.759808944084758,0.03604796595682724,4751.443
6056677260700024576,192.63540883146766,-59.79777162051253,14.049102,1.9406157,0.33781236423754546,-9.160145447559394,0.9045218857767086,4730.886
6056681212069965696,192.49581102239617,-59.73902226177034,14.04978,2.178296,0.17479903007094075,-7.688255641423421,1.4206007727622023,4483.297
6056483196897582464,192.57681437461383,-60.04007316472744,14.054102,1.7749453,0.28428803788525614,-2.9900716874144178,-0.09670023553343757,
6056691004596531328,192.22152966383385,-59.808253426313264,14.059216,0.8814945,0.7713174343943694,-2.0800302572805673,-1.0660478344634223,
6056486461072777728,192.53102580984103,-59.99733954611917,14.062187,1.1747036,1.849956870494674,9.640087793854667,13.001976701450113,5556.899
6056691348193946368,192.32804937627574,-59.77720801580025,14.0634365,0.9452934,0.8961371448372635,2.6492127923600934,-2.101271029542354,5712.145
6056487663663673344,192.52638251893688,-59.94469722138516,14.063732,0.79355717,0.34158325047174226,-5.050634276071923,-0.5985927255813228,8972.609
6056674580640335360,192.24915497709725,-59.949548073232,14.066606,0.7620802,0.7325636401680143,-6.353840202987426,0.4084284072399862,7988.62
6056679562802370560,192.37843063219765,-59.787810906970364,14.067612,1.6646347,0.19025917831432365,-10.228520941658967,2.207272457640626,4811.6934
6056486701590962816,192.6305858316823,-59.98957776588758,14.069643,0.6850672,0.38802463794987335,-6.47017983883911,0.5704855256601562,9268.222
6056483403056031744,192.65282046212621,-60.03361736318185,14.070785,4.3040266,0.06937128413573573,-6.459387998915847,0.09287444823434532,
6056679287924446592,192.37878522212233,-59.810131310145465,14.072211,1.9773102,0.1816183917197475,-2.8851501992153614,-0.5692562885229262,5187.4043
6056482784580662528,192.5260065295352,-60.08961174613793,14.078891,1.1843262,0.4281450757962652,-3.999289631500699,-4.126031851525678,6685.0986
6056482990739141120,192.5857524429277,-60.050499008980644,14.081871,1.7782221,0.29973829747954156,-9.745026966306122,0.20928995663980743,
6056692958754937216,192.49089833616327,-59.72338836708844,14.086555,1.0125551,0.6674282257940912,-12.28811757420515,-1.02892639959169,6638.2764
6056673618567457664,192.35114468467472,-59.98481257014369,14.087808,1.2107668,1.0511659949282441,-12.722028341567928,13.576599293672308,5585.934
6056485670798762240,192.44435897821646,-60.016831856962355,14.088293,0.93416023,0.9829503275162532,-12.204326822771893,0.7255467664687434,6443.1465
6056481650709318784,192.48989621370873,-60.063934068316904,14.090786,0.8915119,0.3056902378605135,-6.386865308200054,0.01162649919982504,8813.065
6056690660999131392,192.148087451622,-59.84448291988702,14.091403,1.2192516,0.5654432026999386,-7.965795664992716,-0.5900968387536116,6116.6123
6056484640006558976,192.43464225327094,-60.05770624203774,14.095836,2.2805586,0.25562020908693583,-6.913157591805081,-4.27515371421533,
6056481513270343680,192.4389071186495,-60.08112519116062,14.102952,0.7157726,0.34313880175007455,-6.176949971344488,-1.6792546315571921,8821.058
6056678532010116352,192.20029104361606,-59.89302921257548,14.103539,0.59015083,0.5588522552200785,-4.806111273648596,-0.6536216840586714,
6056682277222204544,192.7547335126995,-59.802892399711986,14.1056,2.155408,0.211795785632833,-5.0552363765607,0.12317035847383581,4722.497
6056676229907843072,192.65238307529916,-59.843783086439075,14.109031,2.173647,0.18498742571782925,-7.158528423033151,0.07583306083017091,4852.396
6056487491864971264,192.51802718814753,-59.95754253785041,14.114569,3.555192,0.13206733762092646,-4.648693286624524,-0.19001983530927344,
6056679768960909952,192.52914299873012,-59.81310703179706,14.115167,2.91358,0.18384548742830822,-8.079865752812383,0.35560341714774557,4830.9595
6056487766742903680,192.64933642660455,-59.9339122757803,14.133363,0.68617916,0.49399254479747773,-4.67744048368327,-1.0157799443571762,9774.02
6056681967984553472,192.80064363199102,-59.814705533349006,14.136115,1.4305182,2.9616340433185773,-53.99636510597343,-27.707225421696542,4803.179
6056679494082890496,192.38305787371888,-59.79280476681703,14.143812,1.7888603,0.26626161371842333,-7.497380122734981,0.6067803109677924,4549.988
6056483196897576064,192.58546129099472,-60.046584841246116,14.164227,1.1278648,0.4732596445022904,-5.461294661424834,0.5346638666489655,
6056680662314161152,192.6362006150575,-59.73317586800238,14.168827,0.990757,0.581323981511149,-3.6844668703233348,-0.4500521065803008,7066.72
6056674821158373504,192.4288520359776,-59.91190920429647,14.182331,1.8846369,0.29723672200719436,-3.4953311346247524,-0.062201720233126215,
6056484846165001472,192.4474880039828,-60.04914574592355,14.186478,1.8277493,0.3273877981832305,-8.37697197372021,0.6547564437711587,4687.117
6056675989389673728,192.6850368715757,-59.846568113663594,14.187116,1.111619,0.376487176872607,-7.658974454072429,-0.926015442477554,6899.136
6056681486947888384,192.62581038443523,-59.71506344360886,14.189599,0.76635075,0.5486240495073292,-5.884965066241506,-0.5893512552760529,8912.867
6056675508353284352,192.4827807734529,-59.92059978559378,14.192096,2.2204466,0.25184785075297833,-6.145627063878795,-4.501038128049098,5060.2046
6056492680185851648,192.7601569340823,-59.951863692052896,14.192481,1.9520044,0.35206596470169255,-8.232871618522422,0.3623309874042294,
6056492886344430336,192.8017950258426,-59.912742867717164,14.196807,1.0591745,1.2918737660781816,-0.9327876661767027,1.7761944388457682,5669.1333
6056681486947886848,192.61334045194744,-59.718458362964505,14.197507,0.84393597,0.720816831948793,-6.860550462374737,-0.51692156248476,
6056485876957034112,192.3710079948289,-60.00675611608898,14.204091,1.751893,0.26601288461384726,-10.44135803663385,-2.555114070860266,5262.159
6056484880524754560,192.47382596701743,-60.03866613612364,14.2042675,1.1539955,0.47812966165212223,-10.366173271292212,0.5052104296364525,7051.85
6056487143939220224,192.71213147793787,-59.91891043367055,14.206507,1.2199144,1.5353712416055987,-13.68737099337311,-1.66586341924968,5096.0835
6056679219204968448,192.4007203683895,-59.813573971458524,14.212604,1.0480318,1.4858322730249411,-2.548544509961049,-6.3527440793269285,5359.1445
6056678635089349248,192.24987778264403,-59.88059583278353,14.216837,1.9410229,0.3043526678567245,-7.447779246558841,1.7104438734276917,4608.3564
6056484910541034240,192.4470252960705,-60.028038976768045,14.216854,1.182251,1.57239945074904,-8.894410369569563,-2.6920837301128255,5821.8296
6056679249219200640,192.36220519806238,-59.82256439263448,14.216921,1.8745346,0.1847247095805763,-9.788988352543521,1.6713602923685589,
6056682139743696128,192.6995403687955,-59.822668833562474,14.218294,2.2483187,0.18774721568460498,-5.003584517176638,-1.289494670314694,
6056676367346623232,192.43563958324646,-59.89073670756988,14.219981,2.0162458,0.4319630306224011,-5.608237361807921,-3.9092121876653034,4941.1587
6056686537829820160,192.65482119388892,-59.721845191439826,14.221582,3.4857454,0.02546008533802049,-7.388247370982186,0.25160381027436507,
6056693066180926080,192.39510847075562,-59.73133285432808,14.226474,1.0352077,1.4365055965289442,-63.033987408572145,-22.12072998243014,
6056677398138696448,192.20722464062135,-59.94814750229813,14.226962,0.82915497,0.3017743835961042,-5.445903972875362,-0.21911554372330866,8731.745
6056679631521801472,192.45383900185826,-59.85281938559001,14.238707,3.7291384,0.051633345363942276,-5.556246572045478,0.2241624263937468,
6056678325851733248,192.33635072853147,-59.853992607476044,14.239233,1.8452749,0.36044361246161927,-9.913324491133075,-1.567356442204527,
6056673034451881344,192.26861378138665,-60.03489584815455,14.240349,2.8401098,0.18897102790023962,-6.083164838101765,-2.3869326004949922,4711.6855
6056489656528871680,192.7455873132257,-59.97555281996751,14.247331,0.6708145,0.33076078844815016,-7.470354888771602,-0.18483952495945577,9483.903
6056678119693301888,192.41495003701706,-59.86205209002534,14.248654,3.8781853,0.11368584614210578,-7.983968178562804,1.2501862083691297,
6056489690888738432,192.79869856477265,-59.95542826388531,14.249633,2.7486935,-0.04013397985273849,-9.104089845768586,-0.4452997287292584,
6056691210754975616,192.2678143964002,-59.792552105600954,14.2520075,0.9314337,0.48420102805149834,-5.896012955818809,-1.7221301628770713,7195.756
6056680318716753280,192.6405614341149,-59.775643973816756,14.252592,1.1012173,0.3520728529677965,-9.178397303765705,0.18037399753763353,7085.195
6056676470425984640,192.55224709485682,-59.87008541221186,14.255257,1.7967234,0.2678693102265076,-7.325682829352761,0.2821319859596366,4647.9644
6056677295059771008,192.6652606990627,-59.78760270383805,14.255641,1.9515123,0.3605290752788816,-6.087302308253656,-1.8681896308271702,
6056484914884496384,192.44258948277744,-60.03352827405189,14.257915,5.782362,0.15326869367181056,-6.60434373306519,0.14644518208635696,
6056677466858184960,192.19528638111345,-59.93198195900955,14.2609,4.368886,0.0246457613836537,-5.84344042916503,0.8675741397688892,
6056693375418854912,192.5423967029306,-59.69923861752728,14.260938,1.1431446,0.7880663663501223,-14.757396990645004,-5.046186199551451,5724.6426
6056691657431631360,192.35376188256438,-59.743269871284504,14.263333,0.540617,0.5622234118771198,-5.5281034382996355,-0.8520599586663418,8310.935
6056487457505212800,192.47301215181966,-59.97222260304398,14.2774315,2.1610146,0.2132092223085342,-4.523158797737554,0.9726817095832759,4556.2295
6056488007261073792,192.59153719260732,-59.92704253506011,14.278661,2.352601,0.2004178860736035,-1.4039482698000263,-0.3827262305034379,
6056494192014367744,192.78372713433177,-59.85565613439074,14.285239,1.0618696,1.1972404623142685,-14.028584811365235,-5.679767588112846,5514.454
6056482544062553728,192.6928859752397,-60.04954149703078,14.285254,0.8092499,0.45794675263000445,-6.051517508089319,-0.24832283968787575,
6056674477560935424,192.2188364918891,-59.94878902643677,14.287491,1.683588,0.27782255804711165,-8.195657662881901,-0.7308177064061034,5327.262
6056675439633818112,192.56353291117836,-59.90235253083763,14.288131,2.3962336,0.3095554762119864,-5.813921103969821,1.3213349105225922,4472.363
6056692894382241280,192.43232273826763,-59.72890317739098,14.294428,2.2177649,0.19307955624425663,-4.7025091243587696,-2.6181494176870306,4567.89
6056692310266637184,192.2595432917828,-59.75362627426058,14.295156,1.5601273,0.415529157974649,-9.131979177278442,-1.6982840744523005,
6056690867157565696,192.1577565238599,-59.82821144269112,14.308991,0.76613617,0.5950679170177704,-6.886886109239564,0.12218135935463462,
6056483471775525888,192.69737700057388,-60.0221401595664,14.311881,0.85213375,0.3876974385749601,-9.147476211649657,-0.48701747222933733,9248.893
6056483776669719680,192.73765475918998,-59.98161782888128,14.315701,1.135334,0.3169278204211094,-6.750663191631243,0.7598247807162449,6499.519
6056487526208958592,192.48125825144405,-59.96542902940273,14.321775,0.86479664,0.26269149158143695,-6.569559341156754,-0.38198075583803937,
6056691623071894912,192.3294183948836,-59.74018974371022,14.325555,4.782407,0.019662729706845024,-5.3582136173176265,-0.5544942097939951,
6056487320066267904,192.56392622654872,-59.97180454053213,14.329731,1.7463703,0.2795226245469049,-10.061731805191094,2.154538228787441,
6056485705158506752,192.4593674958134,-60.01195393441269,14.33506,1.8418512,0.300791212008553,-6.2455655455270325,2.1676683438416093,4667.9507
6056680696673720960,192.40673392901564,-59.81090541149853,14.348635,1.9133291,0.2585262855632902,-8.616313906763871,-1.8216680710657007,4827.028
6056489858343457920,192.82917194362344,-59.93830793089947,14.348851,2.728588,0.11119073102335761,-5.197242283615631,0.4177510652394005,
6056674099603783552,192.21051011951826,-59.99295799419811,14.34903,4.1314096,0.012691768593011354,-5.519212885048967,-0.5715762128857325,
6056493156878399104,192.7959311119995,-59.88432590349567,14.354996,1.3038015,0.845840593924635,-21.586436224514024,-0.9690457263521217,5135.131
6056653896075435136,192.14313554760912,-59.974365574704905,14.356975,0.569644,0.4990434737142194,-5.206215842157308,-1.2599962160188594,9155.455
6056486942109160576,192.6358638475878,-59.964338791357,14.358034,1.8291492,0.25783180924116983,-9.822738942937864,0.7693069916238764,
6056676603519300480,192.47549044658567,-59.871506513842874,14.363952,2.0819569,0.2903858432266347,-7.118649676144939,-0.43162413743005285,5277.7734
6056487320066265728,192.5627933875481,-59.97316737852433,14.3721695,1.0325432,0.4173419510334736,-4.053593276802557,-0.9069628211253251,7321.337
6056683170575414016,192.68389383011007,-59.77925838446354,14.380865,0.9217968,0.40578712253188143,-6.6409717842198885,-0.535374944381126,8976.9795
6056483849732705536,192.7283981191357,-59.974004306791066,14.382353,1.065382,0.8669724896173623,-18.745440636324027,-0.559952442400838,5944.33
6056673859085644672,192.3722679093712,-59.96211934721769,14.389322,1.2152233,0.911270371654585,-16.91552647523932,3.3487625963984264,5514.0757
6056682139783238272,192.71174373298464,-59.819003838650346,14.393392,0.8941641,0.8091155531829008,-6.9980677103231566,-2.309728362535902,
6056488247779263616,192.68832298708548,-59.877569055077956,14.393616,2.1182222,0.3970092676179537,-7.8069175269950115,-2.2852643056065434,4835.847
6056482784580887168,192.51605134024354,-60.091606512265045,14.393886,1.023076,0.9347408157416475,-0.13796865403281278,-0.8541247313392084,
6056678939981540352,192.2538116103284,-59.8399664890756,14.396178,2.5528536,0.07838394783148038,-6.510358673729814,-0.544518676886406,4531.6084
6056675989389660800,192.66589377293994,-59.860532015167436,14.401686,1.0360374,0.8753223880851736,-16.790084194740842,-0.29308985869122084,
6056484949244253568,192.4655996530319,-60.02165930082048,14.403936,1.8033209,0.29296424653442843,-10.388392021117129,-1.4933570855917064,
6056693203619921792,192.4627142745327,-59.711066486563645,14.40398,0.5874319,0.4831335827457475,-4.802152439764534,-0.7022443215753081,9594.673
6056675130396039168,192.37734413970037,-59.88798719127522,14.412126,3.336853,0.15335120288873696,-7.118385640044379,-1.6235243083460602,3823.3154
6056691623071893120,192.33092634012723,-59.74114403175438,14.421935,0.9172907,0.8608487518696402,-11.017479096450757,-5.322133614170253,6037.2173
6056487835462385536,192.6454941718707,-59.927235800843555,14.424856,2.484249,0.17141589859864995,-6.3610128778423185,-2.0023523067123583,4756.0986
6056483471775532928,192.70583191056028,-60.018067911828396,14.425323,1.1772623,1.1126827507257793,7.394463033750526,-10.748812130309824,5618.581
6056678463290703360,192.38366943593846,-59.83794652126106,14.431873,0.8765898,0.6058766905880987,-5.488176011056153,-0.8151087599461193,7449.417
6056680078198447744,192.48697541255,-59.793715813967204,14.433068,1.6483698,0.30496245552414764,-7.055410536935814,3.071382688598592,5563.761
6056489690888730880,192.79467051609893,-59.96484108501695,14.433437,1.101738,0.7761181156208563,4.65417537489165,-2.339056959771255,5775.255
6056679391003641344,192.27177214022353,-59.82598370741375,14.435184,3.1526823,0.050517466874250544,-7.151537314299423,0.2880738372415258,3783.0908
6056692894382231936,192.41620995536553,-59.73459709325248,14.440374,1.5753069,0.3776826746454721,-1.782253698167766,-0.9994011042889924,
6056691176395581312,192.3041859099163,-59.796286789081,14.44064,0.91132164,0.9307186459202087,-7.783746435268126,-2.6736527622777464,5999.51
6056682174142976896,192.71576848288674,-59.818604271371754,14.443977,1.1685438,0.3422165449998894,-6.212536811943908,-0.47574709227064127,7323.182
6056676023749382016,192.59715628102146,-59.879830461990316,14.449361,1.9627132,0.289739858268083,-7.207202012549683,-1.1646374402297615,5267.651
6056680799752952576,192.4316978425146,-59.79017036712639,14.456956,1.7042036,0.2863062503249667,-6.118151553385798,-1.333889917270664,4951.3877
6056653896075446016,192.1493138153587,-59.964747073195404,14.458801,1.8727198,0.29093170553508585,-5.942257169422634,-0.8266123607057366,4551.822
6056655373544241280,192.14208033406962,-59.8751553393744,14.461284,1.8045712,0.28164464722832716,-8.587622384125908,-0.6881567280142056,4845.7915
6056679528442620416,192.3401828000257,-59.7995652277129,14.461703,1.7598438,0.21955572260490167,-9.24882973425375,-0.0224200206676168,4780.695
6056677501176378496,192.21079955249846,-59.92986162735145,14.462032,1.1968269,0.6572890082135889,-6.351545244799276,-2.0640119788958584,6020.2026
6056693031821226368,192.47519230546655,-59.71439804995894,14.462278,0.9770622,0.4066831704383769,-6.091679962500235,-1.0711345534977055,
6056681074630871040,192.43619427195753,-59.76580284528846,14.462761,2.4963818,0.1506030150720108,-7.695435802165477,0.19375135706405713,4588.92
6056682380301598976,192.8432922208496,-59.79639092227717,14.462793,2.0499163,0.1514128712638193,-7.60802842575905,-1.4324377841284863,5154.475
6056489553449792256,192.85235945703116,-59.97065278680665,14.467458,1.3457346,2.428290005686274,-3.9068011793097,-2.829362264476691,5026.8438
6056676848383122176,192.5776301862478,-59.84989460546054,14.467899,2.602888,0.19284387968630812,-9.526015834873643,-1.9361483495258445,
6056493504819764352,192.85519567056994,-59.885961003199206,14.468135,1.3364983,2.0265948898245076,-14.28623452368495,9.919933320536185,4867.2964
6056683136215699712,192.78870800171612,-59.75800389640328,14.474809,1.2074919,0.6505346025288623,-6.79680064360964,2.7214822911795418,7861.634
6056482612782041600,192.6973057487109,-60.04242346352083,14.475338,1.1781492,0.5181411153467851,-5.486085670821269,0.24020565961743462,6560.097
6056483849732708864,192.72842015304371,-59.97039055146975,14.4798355,1.0981207,0.41545198799681315,-10.166295410353268,0.09252443901016735,
6056489897047194880,192.83681434782423,-59.92966241854057,14.487464,0.81038284,0.6162928295975862,-5.869917609060823,-0.5945367743843146,
6056484468207845248,192.4374968590351,-60.07931574642616,14.491147,0.8795967,0.46804123810020903,-4.901331705913289,-0.9713901620946337,
6056679116125841280,192.29266479898698,-59.84398193368214,14.491428,1.074687,1.3238348719119801,-10.146376570052345,2.9112098581813886,5347.2656
6056486083115602432,192.52246352819358,-60.03904393023685,14.493677,3.7254992,0.11433324926165064,-5.8592452749794255,-0.21434328997530588,
6056675061676541696,192.37717166560662,-59.9077025591188,14.497582,1.1498327,1.509508837447888,-10.884861036540181,1.3556931179028169,4924.0073
6056485911316775040,192.39562192385964,-59.9933430212169,14.49811,2.4636745,0.20325975000087895,-1.8900017621527065,-0.854076456058932,4403.0273
6056677157620786304,192.5868559417971,-59.82818494205024,14.5037775,4.529991,0.05644576783880824,-5.481745674221378,-0.9966089098913723,
6056494363813275904,192.87395228468426,-59.84502605739332,14.504274,0.74698544,0.441339490272501,-5.88270598107813,-1.4320711654955278,
6056691657431634816,192.34719020839273,-59.740504551006616,14.506155,1.0085516,0.7754424423763826,-8.527727198163024,1.8318094042546003,5733.244
6056691515645889024,192.30528646726813,-59.74969206286996,14.506714,4.076931,0.05679152533347801,-6.3331825326154965,0.03761363467338058,3470.5522
6056492714545595648,192.77589073041173,-59.93373814503343,14.5112915,1.0490265,1.522444517553849,-34.9800084769084,-6.69991387862309,5947.137
6056674408841449984,192.24314909407786,-59.96197088969259,14.511597,1.0236893,0.2782652052944832,-7.168637949538846,-0.5651700612071372,7254.6616
6056679391003644800,192.29020745613394,-59.823105730176124,14.513984,2.880602,0.12660741547080095,-8.429842323252002,0.9579982023696036,
6056482131745649920,192.6192822928017,-60.079978386395354,14.514469,2.5388823,0.20971515457365322,-6.0231662432712,-0.07185480679672596,4577.447
6056674889877858560,192.41353328505693,-59.9022853934937,14.517494,1.9443398,0.3135443508536827,-5.418417707275359,0.8901640828249703,5142.8496
6056654239672848128,192.1201925394531,-59.9402718475877,14.5229225,3.7767496,0.08942908141415488,-7.928511270528718,0.11172367609474868,
6056673171890846976,192.33859542725767,-60.00521681121668,14.523199,1.8508692,0.2453399035856811,-7.768625966442727,-1.2384243344926629,4572.587
6056679047406240768,192.29808785009232,-59.848316394933,14.523458,1.8465118,0.26458561527816826,-7.625790516820654,-0.5072483431752933,
6056482063026163456,192.5685838167909,-60.08610047864503,14.534077,1.9832172,0.28102663330694216,-7.109432204361895,-1.789247347285745,4523.2275
6056673515488253312,192.32389299471825,-59.968167032667814,14.539162,1.0558748,0.28500212266263764,-9.784491613057106,0.14730552071035824,7950.4604
6056693100540695552,192.42788619219425,-59.714975665566975,14.541629,3.3126879,0.10940055235952373,-5.255001137359593,-0.4775799310229658,
6056690660999131520,192.16062008473122,-59.84480003946509,14.552613,1.0493145,0.6282279982284991,-6.592852594669416,-2.5778533829576045,6913.5054
6056489828327708544,192.84042839444683,-59.94649508594707,14.555005,1.9073162,0.23352711018495223,-8.207340904659882,-0.8116873812829154,5288.4844
6056485395920678656,192.292189221498,-60.04552788572801,14.556002,1.8835373,0.2687419441018843,-2.1442762958550947,-1.3797088705730933,4727.0854
6056486701590977408,192.63557227045848,-59.97766526257552,14.566455,0.83054066,0.4412377907917985,-4.622058987679722,-0.9130042097894121,9199.742
6056483162537831552,192.53575845122054,-60.047490455824814,14.567332,1.0953283,1.139275519717894,-27.237078159634645,-2.369791406780052,5827.6685
6056679665881666944,192.44339054278515,-59.8407821484369,14.569925,0.6457348,0.3933198239941357,-3.9613448217285554,-0.8892151728675237,9501.221
6056680696673729536,192.4224885949409,-59.801027617354,14.572563,1.4923401,0.565162900323712,-8.826186855233368,1.5374104707621776,4996.93
6056489690888730624,192.78836949433392,-59.961166063108706,14.578468,1.2744598,1.5071886291056418,10.183732446875036,-12.510406786487238,
6056691004559131136,192.2159590274186,-59.80349435450189,14.57992,1.1233788,0.47741245532606286,-3.961615991026921,-2.091512285329984,6123.957
6056673274970054528,192.23506961895788,-60.01578167937109,14.58009,1.7266617,0.3605952876485821,-7.5371092538194375,-0.6895741843922769,4744.512
6056687293744069504,192.66314172971522,-59.713920626011266,14.584228,1.0132475,0.9275658666080023,-3.950042398541248,2.259130936941488,5660.072
6056674683719382272,192.36043703368844,-59.941197152376205,14.585719,1.1210785,1.144545584543151,0.694063240705157,-5.051121707390821,5900.124
6056691034609499008,192.24798861670178,-59.79161637514427,14.5876255,1.0928888,1.704242567677609,-14.890408476929887,2.7351664591006943,5440.3843
6056488213419522688,192.65493419655348,-59.889952932267335,14.589269,1.9966507,0.3077849166709449,-4.18183621600805,-0.40861720824008496,5077.1646
6056681246429696512,192.54549599577453,-59.75452025554783,14.589837,1.1201859,1.4276872013564064,-33.1873420306045,-3.3295731540681612,5083.069
6056682345941679232,192.81936469428106,-59.81170371375794,14.59784,2.2379723,0.13637903773019072,-6.120024731563085,0.3394277792232318,4541.054
6056690695358876416,192.19906291248614,-59.825847351913325,14.600723,0.8431902,0.2970912755133429,-9.360266945680339,0.8630264232708453,8060.404
6056487148267625856,192.71488512744392,-59.916956976721096,14.603438,2.9840832,0.10445668796939148,-6.118621380313864,-0.5418656621926093,
6056677982212873344,192.33639285128743,-59.90076248599204,14.603524,1.3669357,0.050099443123519855,-5.6846333301238205,-0.8718469351421725,
6056681693106321408,192.61440560256716,-59.70354247509321,14.606753,2.192258,0.20646695868120038,-10.061691704922106,-2.2707675667524176,4593.7017
6056692963101749760,192.49491151264684,-59.71606755350684,14.607006,1.7411623,0.22355996543429546,-8.01154903939734,-3.109656334738531,5152.7153
6056484605646821888,192.47912814123382,-60.060559312515096,14.608856,1.050622,0.36203174710908587,-8.937635637615601,-0.3004965218990998,7478.091
6056678493304892288,192.19104634752665,-59.90181783556574,14.612412,0.79067326,0.29151542957990323,-5.801368258516063,0.11037031901750163,
6056677943549080192,192.32978917745714,-59.89744082945708,14.614476,1.1117258,0.9206023300011554,-10.996033074634536,-0.16647613840934392,6024.5205
6056667124576267776,192.14562747197493,-59.86316285533091,14.6181,0.9533129,0.15646454178087266,-6.582057581295047,-0.2520657539140551,7852.119
6056674374481706752,192.21951628053782,-59.966973439605695,14.620566,1.122365,0.5637725995483093,-4.105352379420983,-1.7296717842200944,6545.334
6056486735950721280,192.65904730387211,-59.97505748079369,14.621695,0.83156586,0.3069461631769178,-6.538965784548972,-0.6173707334590447,8976.028
6056487801102637568,192.60689105949677,-59.936496961627796,14.622201,1.1396484,0.5750036479499925,-6.455657897236981,-0.7403288989135923,7667.151
6056483609214487424,192.6545376466148,-60.013151889485094,14.625472,2.4715214,0.06566014615307211,-6.04658380819102,-0.2890411295492082,
6056682414661164800,192.81213972344352,-59.79957218139349,14.625674,1.817606,0.23933983019461672,-7.709461628722425,-0.5772983004946021,4678.8726
6056676500440092928,192.511769121368,-59.86176501008465,14.629852,1.8924656,0.32232793592663395,-5.045997528158935,-0.7370523722287046,4856.0894
6056681967984549376,192.78993975753932,-59.82035999345406,14.63299,1.1106157,0.925119660257047,-15.251105154818042,-13.258649023609701,5367.259
6056679322284161792,192.30161221541692,-59.831929271276536,14.635486,1.7184706,0.34456922135247176,-12.898060510333629,3.7541674677848644,4867.1094
6056677191980524928,192.55143403644536,-59.824338553146696,14.636473,1.2736387,2.063699595374805,-12.91783637594368,5.801694931578844,5452.1704
6056690729718615552,192.22809872850848,-59.826619484805285,14.637414,0.7437639,0.516871134808035,-4.106018290601052,-0.25213035966513037,9248.608
6056681452588145792,192.5832378675183,-59.72383227824579,14.643181,1.7309952,0.2501365867064886,-6.530956738389251,1.4437789094947562,4681.6143
6056692928741984640,192.46752831332324,-59.728997489889835,14.644296,2.4607058,0.1881487590681296,-6.384508999469002,0.512472287928644,4577.3667
6056493191238146048,192.83014883293586,-59.87555588327038,14.645149,0.65536404,0.29119895014208397,-6.71813829238523,-0.7887936989590819,9234.474
6056681864905323904,192.7092316011252,-59.84798664815566,14.645831,0.6940479,0.49175293598585745,-4.752242979403073,-1.0165432627412976,
6056677329419499136,192.60860133649896,-59.79879113878914,14.646019,1.101675,0.8408315155944455,0.6194872260372977,-4.3622658175503926,5508.4814
6056489793967955712,192.80698511163706,-59.955990760467294,14.659394,0.730772,0.44466057325894215,-4.621183294916882,-0.7599711196697239,7994.5825
6056487010828647808,192.63475476058184,-59.949203671103824,14.664941,1.2025223,1.6609920344741111,-17.07496247872933,-2.1280547269147982,5423.1367
6056492989423505792,192.76461139626738,-59.920136710308945,14.669735,1.8025656,0.36329130414078087,0.29451637639975514,-2.3470630354374538,
6056494398173002240,192.843035549314,-59.83910448192374,14.678364,1.7253532,0.2757293836814803,-8.85545373097394,1.1952315069673203,4698.876
6056681143350354688,192.49470694860682,-59.74960390295755,14.678781,2.4100094,0.13218326263940658,-7.753263331022327,0.9998854664711625,4434.003
6056675714511736960,192.56018658538414,-59.875578991483195,14.678797,1.9059305,0.47288014306897747,-14.900543873142094,-0.35548611261968943,4691.29
6056676710944160768,192.49539639422596,-59.85402225846214,14.681653,5.155262,-0.05658830778493246,-4.222492769188325,-0.02084573604058615,
6056486392353296384,192.5475896002183,-60.00314189297464,14.682449,1.8276129,0.28966318820995235,-10.617059832810419,-2.441541366040668,
6056679906399726592,192.44481897359432,-59.82903013255266,14.686639,2.0480251,0.20541607619350996,-9.42767563434124,-1.0049416367564508,5454.79
6056691618725118080,192.32861615154397,-59.74239961973368,14.689395,0.9288626,0.8340580066118723,-11.009322626888345,-5.293930336933137,
6056676569159552000,192.43561940862148,-59.88594298691224,14.691226,1.0890427,0.5433496704357156,-4.494959213272355,0.8052951960604987,9353.337
6056681658746580864,192.600044010348,-59.71054200803788,14.695108,2.4096165,0.15862416593107648,-8.956479540887745,-0.6823470858565276,4382.2812
6056673206250581120,192.28172866375792,-60.01118424341084,14.6980295,2.7817535,0.1528563698343397,-7.4480963834974165,0.16510274666553187,
6056675577072768896,192.48214862768538,-59.89910669371574,14.7008915,2.0863953,0.2474531248733439,-6.347916135325861,-0.9122947185304606,4645.424
6056680181277784704,192.5852865563815,-59.79545708094796,14.701775,4.7093754,-0.02236087358439506,-3.9815121616606706,-0.005040519594411778,
6056486186194839808,192.53072432660758,-60.02273750575808,14.701915,0.984622,0.5817853797670837,-9.158124259221289,-1.0069055651018004,7363.447
6056487663663680128,192.53971630423808,-59.93763077895385,14.703784,1.9204645,0.23961950649307465,-2.4748563170594764,-0.00639507383715884,5377.564
6056693203619912960,192.43393497526105,-59.7137806082015,14.705276,1.0159397,1.1547069170125621,0.32988163332518705,4.80861778759323,5770.8086
6056681590027100288,192.5340882687534,-59.71676377507586,14.708709,0.78696156,0.41920525997934993,-4.708203556627791,-0.3299309712216312,8094.9663
6056691107675763840,192.23953563535733,-59.78498240915012,14.7090025,0.97256184,1.0936078016983022,-5.8999788955289345,-4.225548308441538,5864.821
6056680181277785984,192.59531082110865,-59.794348869045024,14.709045,2.3734636,0.1612852998130638,-3.215726469326773,-1.501060887456539,
6056493023783244288,192.7406861179954,-59.917171114830985,14.711161,1.9031706,0.30424777509931356,-9.233125287428152,1.4933939449502323,4622.4746
6056483677933962240,192.64220545615305,-60.0130966895015,14.712093,1.7827263,0.30470833013925613,-12.306404237146575,-1.7407094811616126,4780.446
6056693134900413824,192.37763492893055,-59.72191320609985,14.71708,0.8747387,0.5229490718862212,-6.3369326211270725,-1.348601155785595,6942.1895
6056676195548104960,192.66066813448603,-59.84397328957439,14.722972,2.727912,0.09336124599753477,-5.999635044354843,0.24206651611959612,4545.3594
6056487388785749632,192.55206157983156,-59.966614021716914,14.724048,1.7561197,0.27036567676949125,-3.1630780848886055,-1.1795900462991282,5245.2695
6056681074630871424,192.43002726529443,-59.76456680645628,14.724335,0.85510445,0.4604404658943185,-5.646466315144942,-1.3880663783817675,10870.037
6056485460296850176,192.30659540067566,-60.02836219581042,14.725154,1.0755415,0.8008750609144275,-10.544243329129742,-6.650178223907731,5727.478
6056492886344441600,192.81529516928003,-59.904698198003445,14.727948,2.572631,0.11683588721262939,-7.7900459566832,-0.20184492184303524,4698.4165
6056682414661169408,192.83088152240452,-59.79260628639642,14.728933,1.6947613,0.3089485280204797,-7.51321967867738,-0.5439530341199907,4942.621
6056681349508920832,192.54752893241516,-59.740255500912056,14.731002,4.162236,0.05933675677890504,-5.507859649460642,-0.2328903321817988,
6056681452588142848,192.58042967973816,-59.730394435461236,14.732947,2.1648588,0.11977323188476302,-5.973266930595634,-0.48029895085827234,4634.664
6056493195582112640,192.8265966127262,-59.87454023751045,14.73415,0.88615036,0.4834991027555238,-7.908109719003192,-0.981520781487855,7874.994
6056673274970053248,192.2193389069198,-60.01722846011461,14.734192,1.8473539,0.5518954309432174,-7.0149475103054195,0.8625364734489311,4671.804
6056692241547149568,192.25924597563557,-59.76361896716382,14.734929,0.5859051,0.41331583197091515,-4.200875589646797,-1.6845145899548564,9631.218
6056681383868666624,192.60465890887264,-59.7307366588268,14.741707,0.8713875,0.5945694366607001,-4.933111207987285,-0.6242292853028065,7480.612
6056676298627136640,192.46043058753676,-59.90180473938801,14.741773,4.5051622,0.0595423200832627,-5.419260372670083,-1.0493548542039512,
6056676436066236416,192.50609478456016,-59.88647118662339,14.746104,2.6633759,0.07006604430572701,-6.160906721315794,-1.3806816939906472,4530.962
6056678600729603584,192.20904027704174,-59.88331945319033,14.748288,0.7210245,0.45897610375762227,-4.839836916421255,-0.7403188182941142,
6056674821158378240,192.43566041765513,-59.90806611589678,14.748882,2.0465412,0.2674237067551238,-4.537716741384226,-2.601230231364819,5038.5444
6056692413345910784,192.35873808747226,-59.71890945858531,14.750755,1.0658627,0.8593047889693295,-13.489196895176999,-4.22372653797071,5258.35
6056680417450342784,192.55338655680296,-59.78715804662806,14.75667,1.973731,0.2715670810813774,-7.198745996399063,0.053837886973147946,4648.503
6056487732383155840,192.6247580873197,-59.9457766778993,14.757381,1.3087301,0.3091567386174696,-7.7604775142795654,-1.0393582745970984,6099.7085
6056483609214488320,192.65294793916075,-60.0122260300425,14.759112,1.949831,0.25204144399355066,-8.261733447342035,0.027567556996468786,4612.181
6056673962164868352,192.39761398062296,-59.95363379654462,14.763145,2.0623636,0.19262764836807542,-9.624187053962984,0.23697690417825787,4712.2856
6056691451273164416,192.29346069360352,-59.77090557713911,14.765997,0.97681713,0.2715618700519263,-8.266301773666681,1.381708688763827,6727.9204
6056486564152009856,192.56130330909718,-59.9835882061744,14.779307,1.1109896,1.3315704094178071,-37.42589128336677,11.448786477861082,5861.969
6056690626639396096,192.19867380661688,-59.83614884968696,14.779657,2.6134663,0.1293928181662159,-4.122813657004013,-0.5510936653767079,4988.231
6056691176395236224,192.30080194071408,-59.796957595955,14.782974,1.6909971,0.2607659308099594,-5.869993783987086,-4.185985211034147,5106.123
6056485224121994624,192.35237589687577,-60.035263532445484,14.783295,1.8286419,0.35986492961148764,-11.17430579340071,-1.4331467311663915,4769.567
6056486220554737280,192.5718255445337,-60.01938001630879,14.784255,1.99786,0.2613741575904952,-8.78389089909608,0.5450361614298491,
6056486632871485056,192.64664345908886,-59.9924815499344,14.784556,3.119608,0.005952273705252919,-5.720711527441165,0.19399761202765392,4659.75
6056692378986149376,192.3341958730922,-59.73289504014929,14.790611,1.0713844,0.4566184827912058,-10.762794817661828,-0.22789961292686284,6555.255
6056681315149176960,192.52609426317554,-59.745797826815654,14.793529,2.0008993,0.16570825632256206,-8.33340420181728,1.513596380518336,5037.283
6056677604297155328,192.25182558927742,-59.91946073457223,14.797854,1.2422428,0.24148404202658175,-7.328011157172869,-1.3593436633850648,7059.9536
6056679253564694656,192.34651689496937,-59.82438414418396,14.803153,1.2853413,1.3589828181477235,-16.300187725291227,-4.510525937063284,
6056691313834222080,192.37145546784035,-59.764630608034494,14.80462,1.7988129,0.16415393698821315,-7.2678902026701735,-1.3525704523684756,5816.418
6056485395920682112,192.31384376777146,-60.041401342143764,14.805717,0.9063473,0.4834424682626071,-5.011274409612983,-1.6725024831686999,
6056692482065398016,192.35095664054572,-59.71165581722413,14.807062,1.2190962,1.443911541905444,-16.555510680182593,0.9290015585173994,5024.708
6056680593594676352,192.6470466099016,-59.74969719840486,14.808458,1.9153376,0.23727278289054407,-7.265319636146564,-0.3157439501649067,4916.8354
6056679047406230272,192.29907643585824,-59.86132699588408,14.809452,0.83039665,0.338056933995691,-5.201703915600972,-0.47733174335662454,9259.21
6056486357993528576,192.49516744617574,-60.02227724159848,14.810351,1.1360159,0.28262681137141643,-5.395298368641441,0.6788601252303229,
6056673339344090112,192.20562514384298,-60.01406518548323,14.813428,1.0823183,0.2734795023485294,-7.147599275993719,0.0949141396520673,
6056679700241291264,192.45794240658284,-59.83656531492554,14.81549,1.1384974,0.8048333041679909,-7.209678240363706,0.40150009506726153,5452.404
6056673682941483264,192.40848935416997,-59.98121474198703,14.818477,1.664608,0.2673907432778093,-7.150721691176814,-0.7989919980299703,5010.715
6056673103171359872,192.26134700598385,-60.02557171730211,14.818779,1.1135321,0.9039979804112068,0.9379823600314378,-2.6129766621492987,5376.6074
6056483128178083584,192.5316458316028,-60.05579079984743,14.828597,2.78963,0.16559327431392923,-8.752328086795831,1.2743327933725097,4852.801
6056690622292579840,192.189726147188,-59.84467168023846,14.828969,1.1591187,0.5355333307319428,-7.339525303410547,1.2297438022488911,6693.398
6056681555667358208,192.55254980716958,-59.727273390859985,14.8296385,2.1371155,0.19253037224571107,-9.251413456648667,-1.9202073172670566,4404.195
6056691240769216640,192.29580922081723,-59.78228918361442,14.829793,6.1077776,0.02455364144310375,-5.891315811193493,-0.6809558718567708,
6056690832797841536,192.25337626332595,-59.80812006428801,14.830151,1.0028458,0.9966679411071471,-11.304584600625626,-0.9577704834848884,5900.837
6056681246429693696,192.52495264283598,-59.76030236745895,14.83555,1.8725185,0.22218839493701403,-8.384145222966747,-0.39843926122941564,4868.9214
6056678532010120960,192.2152017648667,-59.88945289978611,14.837554,2.8318968,0.32947897433117246,-6.5984783473101825,0.7438014107293208,5136.1035
6056680799752958208,192.44663720970271,-59.78130518217772,14.839802,1.7493477,0.29233238539098144,-9.236548557200845,-1.0511350569150493,4531.9644
6056485602079115776,192.36497530916955,-60.03872160699156,14.841845,1.033248,0.9904764876135936,-1.9464123142423995,-1.3648429865741916,5981.048
6056484914884510976,192.4504091218676,-60.02295848358141,14.849369,0.8095808,0.4375434661744824,-3.6705799760421174,-0.4442372842372664,9251.36
6056485980036446464,192.45673248436432,-59.986104856496546,14.849398,2.054268,0.19638537919553417,-5.045687480402559,1.6444963315479006,
6056681074630869248,192.42467922347228,-59.77019986776017,14.853262,1.4939556,0.30617057143657134,-13.482046479312118,-0.6638959557052173,4853.72
6056692791302979072,192.38904882462344,-59.76092284026042,14.8546095,1.3211498,0.1707552838526839,-6.383628991459254,-0.10738792575058094,
6056674718079117056,192.32772297898006,-59.94272682505448,14.85808,1.6646557,0.41551229221685704,-6.6009456631982815,-4.0041550770798136,5007.1675
6056680559234927488,192.58904596386327,-59.763459864708565,14.860256,1.6217852,0.3584488658118217,-0.6542877642938636,-1.5617572263190256,5162.469
6056675542725128832,192.44870348829022,-59.91899925000433,14.868034,1.9562445,0.19706030764765817,-5.088996744091902,3.122522108626979,5287.8657
6056675680151988224,192.50471697487956,-59.89423810484015,14.875036,1.0870523,0.9542615093177744,2.529720237726931,0.7882709501218582,5512.7104
6056680834112691200,192.46905209274783,-59.793146548812274,14.876099,0.8381672,0.3206892401118029,-6.8062947234612,-0.5813761316572584,7993.7266
6056683200589165440,192.7137601186653,-59.77337645518646,14.876988,1.3027973,1.8249817294351005,-4.626625652630299,8.974684688172731,5049.629
6056492989424265216,192.7727285595248,-59.909322719172756,14.878018,1.2692451,,,,
6056486942109155328,192.63865638643898,-59.97016811985444,14.878932,2.1351337,0.2269572892270177,-6.563554688314939,-0.10731888394930629,4567.6997
6056681624386841728,192.54697917036145,-59.7085773907448,14.886334,1.0915442,0.5656364601746784,-12.81987185948262,-3.467238478998925,6139.01
6056654205313114368,192.16699432516938,-59.93986015162326,14.886431,1.8145971,0.23676982970712812,-9.179723758640375,-2.5328787843505007,5094.3716
6056681280789437184,192.5618798717668,-59.75113548043848,14.891397,1.4309578,0.7246596476496092,-14.20362723045136,-3.880743932003494,4900.158
6056654205313117824,192.16749479524407,-59.934821406858916,14.891976,2.215437,0.17534697580345782,-7.56143673677207,0.06213444795607145,4537.0947
6056674099603779584,192.2138991853597,-60.002437346373476,14.892503,0.7988367,0.3332806699496182,-6.62743980282236,-0.4253386669173502,8746.109
6056692241547164672,192.26918529242323,-59.75044847690616,14.89768,0.9591055,0.4246645104282568,-9.47109868864304,0.789354950133982,6860.913
6056484841821548800,192.4453509345969,-60.03758396860126,14.898734,1.1237526,,,,
6056493882776716416,192.75732374272928,-59.87231603811169,14.903573,1.1064024,0.7792069884258961,-10.683198517629677,-2.3428432921972373,5887.2954
6056692138467948160,192.2296286187254,-59.74835181057523,14.905132,1.7563572,0.17501225168313142,-8.915832317762122,-2.9781655030224155,5839.444
6056678600729600640,192.19235779149716,-59.88519360074418,14.91273,1.7313709,0.2885579394157272,-10.007546953324825,2.322888817657592,4695.6343
6056683342374134016,192.76683618823563,-59.752229043160824,14.913208,1.0038376,0.8387296289921018,-6.67015640183771,2.607577951119279,6484.1587
6056681246429698688,192.54504997906037,-59.75033687900523,14.91823,1.9123402,0.24330005822112982,-4.782982953238542,2.6716718464698483,4810.798
6056678257132239104,192.3321213573131,-59.87509504358782,14.918434,2.9960566,0.09015591611554977,-5.505845204820294,0.2844569479751723,4477.352
6056681035925658880,192.39736066448413,-59.76918174841463,14.919253,1.0771646,0.3734191843521482,-7.070726474493,-1.3752615135061883,6353.1104
6056679494082882944,192.3672230989594,-59.801276988649434,14.921357,1.8912134,0.21373504899280918,-9.23326895138741,1.5989485542228294,
6056485464640162048,192.29623352855745,-60.03320811077172,14.924198,1.0378685,0.35348698821101304,-6.065619775200122,-0.6645749596411724,8414.066
6056692241547150208,192.2467529184438,-59.761784965138766,14.926435,3.6847105,0.1551870551960939,-6.0901161199903,-0.2110523621960324,3693.2852
6056483403056029568,192.6457709681402,-60.03451852799852,14.926735,2.6059752,0.09777367525802069,-7.513933557378753,0.4985495856525063,4707.086
6056678978686755456,192.21704635100156,-59.85056661022925,14.927134,2.094307,0.21941321256355958,-8.81640662304029,0.7426104206652778,4676.3125
6056482853300146304,192.51110973034824,-60.08069797371225,14.930351,2.984682,0.06766224795741307,-7.751900852819587,-0.03824991504618798,4587.5146
6056487972901352064,192.6936029815595,-59.90366834597395,14.932012,2.069106,0.23204483130511327,-4.238584702520291,-0.7771966922195754,4850.3984
6056674404495994112,192.22575290688627,-59.96910596351541,14.934178,1.1745138,0.3100797387071723,-6.165795063513659,-0.5836921006799727,6370.45
6056486426713012864,192.49911029795481,-60.01486865699344,14.935998,2.0585794,0.27895392770052047,-6.136039758517306,-0.5920252874289854,4917.9907
6056485602079119744,192.37103283229035,-60.02984407824324,14.942504,3.0191584,0.11445167511324006,-6.248465915733982,-0.6688422228795085,
6056486701590974336,192.6419176321742,-59.98093860717282,14.943173,2.2270927,0.19799590597323663,-9.718239173363818,-4.958676262157428,5617.745
6056493573539271040,192.8630682223007,-59.86145142039278,14.944715,1.1732855,,,,
6056486289274077696,192.56197790744307,-60.00671935672261,14.947826,2.0754824,0.2143881837068396,-9.619656440047915,-1.5164308244964368,4789.098
6056485395920681344,192.31376608769247,-60.04360816308943,14.948616,1.9966145,0.23425284722628287,-8.337629994891207,-1.2864196860108525,5185.024
6056484399488260864,192.36104425242803,-60.06308266976537,14.95016,1.1437559,0.48027080226492164,-9.62249694611688,0.44907854003920344,7056.3306
6056494192014367104,192.76933539022227,-59.85697305217856,14.950923,1.108469,1.0107333688440883,-8.210320641755015,-2.3883427387897855,5796.1895
6056691107675763584,192.23153919420372,-59.784863548803976,14.951105,0.741292,0.37667207790918383,-3.8690752579313874,0.05402388516287781,8655.242
6056691382553712512,192.36362818705047,-59.75478712176125,14.951643,0.9681845,0.27955334730154324,-6.386371248515797,0.7767944164197357,7190.847
6056485498999905792,192.31367301302643,-60.02112235959627,14.9516735,1.1465998,1.0616302633139598,2.09469670522077,-16.15797218893613,
6056691313834221952,192.3806938574934,-59.76543080218585,14.951959,1.8359194,0.17581366911263957,-6.922214975408801,-2.4057826788921295,4653.9263
6056655270465021312,192.1157105835007,-59.89958929977026,14.952537,1.9103003,0.2712754027896498,-5.131337469665881,0.12411434852135919,4665.596
6056681280789438080,192.57649786137665,-59.75051294154432,14.953805,2.2555685,0.1321463128389186,-8.787530330054118,-2.8067818266821445,
6056675473993546240,192.46768955037024,-59.918771446908906,14.957226,3.8057394,-0.02199149921622067,-5.757610761925458,-0.33905046560275687,
6056691245115059712,192.31043207108098,-59.786088112820586,14.958539,5.306013,0.05203713690759914,-5.081329549910324,-0.49345163204114684,3586.9841
6056680834112698880,192.4805541856899,-59.78052921799298,14.958695,1.1667995,0.7221687509461702,-5.713792350140746,0.31970367720690607,
6056679906399734272,192.44012691866604,-59.8202289980438,14.959011,1.0371189,0.3814657526599191,-8.5787114870808,-1.321724778304397,7007.505
6056674748093395072,192.36392311546896,-59.92982289413194,14.964419,1.0974379,0.9145845751821841,-9.360193158853413,-0.11116434509000192,5891.2817
6056674855518116352,192.3995727220054,-59.90526345072636,14.965093,1.2942104,1.6653501085876068,-14.927828353202669,0.7446858581258006,4921.1777
6056691176395582720,192.310743077429,-59.78858186467145,14.971509,1.7805862,0.27058716796741383,-8.013884024494848,-1.408113887030821,4452.825
6056493264301609216,192.88620466538754,-59.890619538437086,14.978259,1.0161476,0.36880723090818973,-8.853462635958778,-0.6854795535125384,7164.2026
6056690695358875392,192.1951429369919,-59.82747375056785,14.978766,1.0637054,0.9171874402382043,-4.496804850562256,-2.820639549678611,
6056492851984697600,192.82924857014012,-59.921055479289144,14.979552,2.4002771,0.17336299076897294,-7.889892361707731,-0.3170843127038836,4828.096
6056485945676690176,192.41959367814815,-59.99784520013397,14.979785,1.8492384,0.23792030144259976,-11.073980337546562,-4.39839257295087,
6056682414661334016,192.82575104558626,-59.79842089838148,14.981444,1.8847151,0.22483041773000623,-9.185962365394342,-0.5764658727007964,4450.4033
6056482578422294016,192.66786873313043,-60.04641692605497,14.995157,1.2046261,0.9125448659532653,-10.44792769941141,-1.1652242449896875,5725.645
6056675645792250880,192.5544250007391,-59.89508128971907,14.996405,0.96662617,0.24616230065712627,-6.677315656157429,-1.3771377549587467,8785.078
6056675096036291840,192.41090745708394,-59.89853318139852,14.997465,2.1399937,0.20172896871391974,-5.011128051746002,-0.262730527809172,
6056679253564700544,192.36146957398856,-59.81872314146014,14.998117,1.0789127,0.39590978812381605,-10.894259958569167,-0.5075746548053753,6172.4756
6056679494082886016,192.37765352211923,-59.797805352888965,14.998151,1.4582424,0.5666930162136782,-4.388157107811402,-0.01562174584801674,5545.471
6056483742309952640,192.68830528611394,-60.00645959930597,14.998456,1.2731247,0.35928904324828226,-2.732719263196337,-0.031093429859732194,6835.2134
6056482681501551232,192.7620552428363,-60.02231078474867,15.003712,1.1413155,0.46571130395529464,-5.285459948221491,-1.738313610834266,7063.1133
6056489690888731904,192.7880076690915,-59.95919680199436,15.009362,1.1533403,0.3179262574629929,-6.575155722067651,0.6984474401749339,6854.9795
6056681486947890432,192.62211932073288,-59.707103202006365,15.010711,1.1132565,0.6683850699701932,-6.778448836230301,-1.997283264619847,6244.2393
6056693925174443008,192.4213080787271,-59.69999923952803,15.011671,2.6630278,0.07676529099606198,-6.319396499878145,-0.10152725861474393,4302.1553
6056487938541608448,192.66385901864587,-59.91269560411795,15.015601,2.3017654,0.11056254690255404,-5.134900362938367,1.3203150621113338,5613.136
6056678325851727872,192.32076857561154,-59.858365448270355,15.019174,1.1498089,0.7571810616085443,-15.306592486290647,-0.9849010959476265,5886.875
6056681864905327104,192.71189196345034,-59.83453053730183,15.033477,1.2176228,1.0885268716560415,-18.75063786403402,2.5065813170151965,5635.116
6056483025098901248,192.6291042131677,-60.03759809731467,15.03811,2.980544,0.013695399810064561,-5.759055760852541,0.15828198911490177,
6056681379523097984,192.60487068179478,-59.72675145947275,15.043507,1.1203976,0.7488527630024234,-6.919214971853287,-0.7010802176153235,6300.469
6056682620819602688,192.80917491246115,-59.78599876249376,15.043819,1.8744478,0.12566099121503496,-4.574569558639021,0.9746509250273776,6085.0757
6056486598511765504,192.5893223568256,-59.97160414270312,15.044223,1.1334133,1.0534850059916154,1.6850069414166657,-0.30939390795841265,5639.418
6056693164913378944,192.40261384257704,-59.715450656169644,15.04604,1.5934229,2.782215731607801,2.9697441373902507,-12.916336623060895,4474.4893
6056494295093589376,192.813162089486,-59.82235482065177,15.047953,1.4337139,1.3768238153312862,-14.429374591660155,-5.416985862494628,4654.4937
6056674576294696960,192.25580888469779,-59.94253686060773,15.056639,2.0886173,0.20342831788266819,-5.38403855815228,-1.1800791193671456,4682.83
6056691412566620672,192.25580916814752,-59.79138836651507,15.0571375,1.3255997,1.8968794610606685,-10.115747872450763,8.06947779626719,5085.564
6056681516962032896,192.5112080914388,-59.741622501042244,15.057211,1.2508917,0.26937336554406155,-7.081914716199181,-1.3619273945062897,
6056677741736117504,192.18839680970743,-59.905522038903435,15.057632,1.1643486,0.5628210801821119,-11.442296180188547,1.0449201044214418,5555.298
6056674782453134464,192.3946650473501,-59.92729543878136,15.0618105,0.9280739,0.5314587343450462,-6.633779993403183,-1.1947055559027524,7457.8833
6056675645792252032,192.55555631353332,-59.893245515854915,15.062071,2.1948414,0.24917101733563407,-7.944574803157453,-2.4639978786448156,5034.7065
6056693272339394816,192.4336899147968,-59.71086091279327,15.062503,1.1862888,0.5611006206456572,-6.936178140505029,1.7385867888071398,5532.809
6056483574854774272,192.75149516806425,-59.99774318763347,15.063718,1.0870123,0.9838939232239499,-8.322443776894504,-1.7249381318980703,5337.769
6056484738742283392,192.40596691607624,-60.06550876992937,15.06426,2.844139,0.10146141675733435,-6.954911681984546,0.11531450336286625,4823.5815
6056693341058882560,192.51597462854215,-59.71156332249831,15.064402,1.960331,0.1837378464850439,-4.855311617828801,0.019017183250886513,4837.674
6056673756006434176,192.40557201341082,-59.959359032523096,15.064604,2.3988152,0.16090004285567772,-5.968703480718319,-0.40791202619425704,4584.33
6056690626639394560,192.20575072509166,-59.8437745092065,15.065308,1.2543135,0.610714641549067,-9.387937806880391,-0.10064742025604992,5539.483
6056486461072790144,192.540503411268,-59.98705243482718,15.067771,1.9820871,0.21096647672719787,-7.297167762011067,-1.1760539612638514,5365.777
6056486976468895488,192.61789408363845,-59.96610182253658,15.0693245,1.1881733,0.6938802649150471,-9.278919612051702,-2.310090102371556,7031.235
6056487079548136448,192.69958760312335,-59.93799217047025,15.071159,3.2816257,0.03571375401391932,-5.392929052895837,-0.4383350880676272,
6056487972901417216,192.70123409481323,-59.89983105421758,15.073114,1.7192249,3.0188129100805923,-6.207629993266497,-2.510440454698936,4441.09
6056693203619923200,192.45007544842935,-59.70923649119658,15.077426,1.8639631,0.15278438880520726,-11.094163068876057,0.6387327623867833,5185.7783
6056482853300150272,192.5238150278464,-60.076592547793354,15.079242,1.2715082,0.7519472368007143,-3.4791505929998436,-3.3007161402289515,5703.3774
6056681246429694080,192.53267698846818,-59.75976021346874,15.083691,0.8491907,0.3752448092440893,-5.693370185789351,-0.9291586362283775,7985.231
6056674546280421504,192.28344149860465,-59.94225069760964,15.086665,1.1183004,1.1538661969532469,-19.194625612431327,-7.995622340061032,5112.1025
6056679425363512192,192.30118178238232,-59.81302703807404,15.086886,1.0138149,0.5595962445545711,-5.099709899614143,-0.283466971822608,
6056483334336536960,192.6372340340589,-60.04460213523983,15.095092,1.0821524,0.791115005834979,-14.786761548059781,1.108916140187772,5684.1294
6056686537829810560,192.6505316058184,-59.733348631957114,15.096952,1.1040077,0.6507531735053755,-9.440031917315325,-2.6427762491635463,6155.083
6056680314371152896,192.64863251625616,-59.76495907363563,15.097285,2.712368,0.051454352120112595,-5.930750043463124,-0.6968204992987993,4908.227
6056489686544741504,192.80587860285183,-59.96004213461008,15.098267,1.2554693,0.5944999177566471,-7.929137094542039,-1.2938240418804665,7084.7476
6056492920704192512,192.83774735189274,-59.90002093575868,15.098702,1.3044357,0.2393196679577671,-7.571059045852473,0.6526900272625777,6057.452
6056482612782035200,192.68676856123093,-60.046152693945416,15.100096,0.98452663,0.40173046407736523,-6.598371403928075,0.25389057463828035,8505.674
6056691004605295616,192.2029068195321,-59.814982191471174,15.100745,1.0876217,0.1719937594198364,-8.275816135616619,-0.4770134612546073,6745.01
6056487251330968320,192.48516213834745,-59.9846410995749,15.100874,2.04245,0.24415961316668067,-8.006911012648258,-2.2107740484566887,
6056494295093587328,192.788671908849,-59.83162493260969,15.101052,2.0169344,0.2284040379934481,-6.532251759144846,-0.9180297281101923,4702.613
6056483231257326080,192.60969838501518,-60.039694689919145,15.102097,1.1116447,0.9401072404139436,-15.327412678147551,-1.0277048924714016,5889.0117
6056483231257343360,192.61766763686092,-60.026566256705244,15.102692,1.1645327,0.7060940387721466,-1.8996060187085713,-3.337064601346083,6359.9673
6056678321506236928,192.34192996289954,-59.85004596124962,15.10313,0.83727264,0.3430738318318157,-5.90861311325745,-1.0134747803814976,8530.416
6056676882742863232,192.5954978625454,-59.84772611053885,15.103284,1.3484697,0.5433502367954633,-9.502850139078726,-1.5120928405898297,7071.7886
6056667399454199552,192.1290537202594,-59.84295494516766,15.10816,1.9392967,0.2460925958805975,-7.421220877538301,0.7539879946306218,4730.1147
6056683170575413760,192.69094736733678,-59.78038831115276,15.109081,2.8838186,0.14594608890982008,-9.037448345495767,-0.8787063785745209,4812.943
6056649875986009728,192.20368351136264,-60.01698589538517,15.109466,1.2349272,0.5603244302343375,-4.937904940654824,-0.5935037054648251,6406.071
6056683067496208512,192.76580101681324,-59.772596361182295,15.10958,1.4827137,0.3401158039593379,-2.1210544514476526,-1.5521013964876904,6754.114
6056487938541608704,192.67385788347045,-59.913165871303406,15.111851,2.6221447,0.07713246508153297,-3.6187227953539836,-0.0605924703412035,
6056691245114729216,192.31706868423313,-59.77819739303744,15.112737,4.011224,0.02088948803174448,-4.131630689314299,0.5829178484318164,
6056485224121988096,192.34331515092524,-60.04825684162661,15.113161,5.2505474,0.2003043917448214,-5.294810651348297,0.14936794859237496,3641.0156
6056654170968139136,192.1387702554565,-59.940499437171226,15.12536,1.0550156,0.40483705908385315,-3.621528500830652,-0.3750933117867024,6717.48
6056680834112699904,192.48421120769186,-59.777807801594456,15.127266,2.410533,0.11191810546600356,-6.3206650978275665,0.47734321460135176,4607.6865
6056691863590012032,192.22591428485043,-59.779105116199545,15.127797,1.0626993,0.5616277876947663,-10.696765569431014,-2.103367575835407,
6056674202683005696,192.2311978213206,-59.98053256702073,15.130709,2.3049812,0.18930489586686822,-5.225961817188025,-0.11152837086338505,
6056677329419505152,192.6308154398406,-59.790576044491345,15.134359,2.6219997,0.22026730258542665,-9.32126951157817,2.0685296328354816,
6056676607864933248,192.48090728852674,-59.870884394909496,15.13631,2.6210089,0.20825959889441206,-6.542714391510517,-0.10610711296647717,4591.551
6056676985822203264,192.62815814126475,-59.83734174104562,15.137883,1.9637394,0.2559124814037545,-6.130393242000718,-2.004138863171511,4884.4062
6056650906778187520,192.165093186457,-59.98558783613166,15.137994,0.9702501,0.5206030733261864,-6.6703674531540305,-1.044460788128873,7129.347
6056489828327727744,192.85924992301807,-59.92938438046947,15.144634,1.1128931,0.808575733661675,-12.948790506094102,-2.4825135026090503,5955.7397
6056678016614051968,192.2971776023847,-59.89000993872079,15.144807,2.0982876,0.22855940942618438,-7.150077517229115,-0.18187855750461698,4954.4116
6056678875607535744,192.19057640939866,-59.85615341536756,15.145726,1.4878407,2.3114800109438645,-16.664237449539513,-0.8452055889535706,4610.71
6056680112558312832,192.50748780380303,-59.780207385476814,15.150222,1.3061333,0.4327321837467596,-5.6933452130825515,-4.061863669214208,6300.784
6056676775318010112,192.49217077023937,-59.847747323610875,15.151771,2.9433374,0.1438448580202305,-7.011665738166358,-1.007290216254709,4615.314
6056674473215481216,192.24162129073088,-59.944973565166876,15.16328,1.1539612,0.6538346709255763,-15.813895122738586,-5.9223883162357085,5681.39
6056691623072186752,192.32376695575718,-59.74258866841031,15.168995,1.6453037,0.16330167021760783,-10.683341716931723,-0.11645465816658872,
6056673652927205632,192.3718359713533,-59.97318507905809,15.169103,1.1982527,0.4736542668482545,-7.159910925031532,0.20261084096476745,7201.9326
6056679184845213312,192.34964754238197,-59.83021783470109,15.174553,2.285139,0.17062288576627624,-6.192521383002257,-0.6692698234202852,4747.467
6056486323633830912,192.60866279462326,-59.99841061042556,15.1757965,1.344368,0.317914678013393,-6.11476381029707,0.01257688213833319,6429.024
6056676573505071744,192.45775004160288,-59.869250610256834,15.176779,1.9714899,0.2640069489570895,-0.2615749755175987,1.5005712925913202,5319.863
6056675542712867712,192.44622164038765,-59.92351940041818,15.177121,1.8231182,0.20795324162213208,-4.9904845355195615,-0.14753761284259498,5072.6763
6056678772528284160,192.15751857857936,-59.889964053391374,15.180072,0.920722,0.46723296807665116,-4.9786378235742434,-0.7258415788007007,7313.0903
6056484571287075200,192.4583394858335,-60.06550917857169,15.180289,2.217596,0.23182205723344976,-8.097761526575255,-2.9594817749058344,4542.3037
6056682032358011136,192.78231572301203,-59.81344476499455,15.180345,1.1976709,1.3471067450094554,-9.585259380355296,-2.7438259669514458,4651.334
6056486284930591360,192.57984239903692,-60.00859817901576,15.181563,0.90418625,0.836096528030147,-5.773773261051737,-0.5935904265874423,9162.515
6056678600729599360,192.19433160898083,-59.88630811316701,15.184997,1.0662413,0.4609941950154601,-14.453831350620465,1.7427587585731232,6671.988
6056681590027098752,192.52800236587444,-59.71980805103944,15.185607,1.7643013,0.2502965437942437,-13.045312765578064,-3.7982304019497066,5329.708
6056481581989827072,192.48369352484806,-60.07783268152001,15.192825,1.2092199,0.2939046182173657,-8.359409059058912,-1.1175581864388804,6690.819
6056667193295752832,192.12672669138263,-59.856384734119175,15.193285,2.483447,-0.13416985050128322,-8.611015592609512,-1.0776002370589906,4861.5737
6056483025098893184,192.61151151228964,-60.04144892213537,15.194681,2.1861296,0.19128015245374588,-8.966258252506579,-1.7582153299911467,
6056484880508739072,192.4721695834223,-60.038862374498905,15.196279,3.3294344,0.08235445788880363,-4.97874520662583,-0.19550472597545923,3939.8481
6056677020181845760,192.66663201726067,-59.81562686975568,15.196811,2.520155,0.1835193030438748,-6.097434576105701,-0.8323604633365772,4671.473
6056679768960907648,192.53174808781884,-59.81507283012112,15.19706,1.2900295,0.4605553721946851,-8.205689174429478,-1.062364036822394,6467.4463
6056691142035490304,192.2853778770738,-59.80582399350073,15.1974125,1.404315,1.9759331175145787,-11.099339559603003,-4.54961941381776,4710.982
6056690970236788864,192.1712721972597,-59.81139432056984,15.197456,1.143383,0.4283707012165777,-8.22163783926393,-1.6634125226404126,6132.556
6056686297311644672,192.70664365427572,-59.735603646553265,15.197642,1.9445934,0.21256059428476323,-3.268808786173254,-1.5140453405899523,5369.375
6056485189762242816,192.30320698303524,-60.05929453006076,15.198524,1.5868397,-0.14652424257690963,-11.93998068447026,3.795084080183802,5200.9087
6056487418802017408,192.57314587496123,-59.956358806238605,15.198542,1.2788916,0.4796857911675948,-3.47283660977935,-0.7751664085288432,6181.0854
6056675881964783872,192.65523316365847,-59.8833361817693,15.198791,1.2298832,1.4042150824123962,-16.497325229218283,-4.312384532415521,5202.4424
6056681864905324928,192.71724020677038,-59.84282272757985,15.20303,1.2106533,1.0190197987582161,-21.61680332250119,-7.903374004776503,5523.4375
6056489549105780608,192.86288834355128,-59.9651827125621,15.20551,0.92518044,0.4607594990896556,-4.7787898113170035,-1.1035828650854038,9117.376
6056486323633832704,192.6019078717367,-59.99649891403446,15.208176,1.2679987,0.5594018520371694,-5.635658668237601,-0.634610486644823,5617.548
6056679013046515456,192.25430519982115,-59.82874240716129,15.209024,1.0530806,0.6198637036588946,-5.619152645303674,-0.6752052795302141,6613.556
6056488557017348096,192.77734753734603,-60.015912414190204,15.209062,1.0853405,0.8462246467859,-8.406086368422576,1.4324829010010007,5826.3887
6056676092468858112,192.56887185524008,-59.8776020273796,15.213775,1.721098,0.5114692731695778,-8.816814705586037,-1.0661779537643945,5291.121
6056676745303906304,192.524074280133,-59.846979876996535,15.214203,1.2195177,0.5822782528817202,-7.33082625373123,-1.0807165229061917,7347.8438
6056678497650361728,192.18910118895485,-59.904983250940994,15.216889,1.1859617,0.7026363081664988,-12.392015857465978,1.0907474177142908,5834.5347
6056680387436241408,192.64419906572547,-59.75537375243654,15.21698,1.2619324,0.441882164596514,-7.079910322693606,-0.8071017767765664,6538.2017
6056487629303949952,192.58437262382392,-59.92870012546976,15.218768,1.3199196,1.3384899137532302,-29.9996117706204,-0.006280567817708612,
6056487732383148928,192.59994071961998,-59.95219021577048,15.219823,1.227993,0.7452186159443407,-5.1389167823058,-2.2304512151330758,6119.7627
6056680662314160512,192.623162933151,-59.73352170565165,15.221137,1.0001593,0.34836888633176694,-11.231179370511867,1.0984243164409997,7194.2466
6056678016614043264,192.2985574719914,-59.89880664851011,15.221456,1.162857,0.3809644402701433,-7.239262391522614,0.07865335364419362,
6056680696673719040,192.40333013613716,-59.813438608504626,15.22177,1.3122158,1.2956947555739986,-2.731204656451086,-5.607024148327524,5021.173
6056675920670185088,192.69545815643178,-59.86167288505741,15.223706,1.0015345,0.4853778376462188,-8.467400297227503,-0.6023940042965553,7227.043
6056483677933959680,192.63689838851377,-60.01443641737051,15.224049,1.0078478,0.4187865890143768,-4.884206545676886,-0.8886005193597195,7473.7324
6056691176395581952,192.30953496801894,-59.79173117539083,15.225714,1.339222,0.6542862292802062,-0.8208532541002356,-1.6804009948710688,5165.7637
6056677913534837632,192.26677526677457,-59.88658388695914,15.231977,1.1090498,0.5451707556228407,-8.469392202559451,-1.423717466382252,7162.8735
6056493225597851136,192.87370631423403,-59.90771632036338,15.232746,1.174901,0.5052469725933055,-5.245392033521531,2.15567398269185,5748.867
6056690935877042048,192.13517883227806,-59.82818847080025,15.235078,2.4175243,0.16405994136653784,-6.513506547252298,1.1387563818264255,4698.3496
6056678222772495616,192.31517419446914,-59.87984610687397,15.235891,2.2325554,0.24901736409016137,-6.9501267544695855,-0.15267154835989766,4554.9736
6056483093818349056,192.55144769908804,-60.054881983072654,15.236134,1.0289192,0.38641478130532075,-4.09478504845216,-1.0021769542532293,7784.8394
6056679150485469440,192.32217606666092,-59.834269509893524,15.23858,4.2121763,0.11563797700853348,-7.8137603680529235,0.25488772479329674,
6056483540495011456,192.70377075281715,-60.01673300454345,15.2404785,2.3497648,0.20057492881954192,-6.323252574009971,-0.19127632254319607,4613.779
6056667124576259200,192.13688763846056,-59.86929859400898,15.24378,1.3029842,0.6282775621803984,-7.11908365491075,-3.5019342988275577,5785.648
6056494020215672704,192.80445695605277,-59.866114754148285,15.244764,1.0368185,0.9230144841643906,-16.515705394529373,-1.9934104869793083,6166.166
6056489725248351104,192.76038370094656,-59.95583257822158,15.246236,2.212904,0.23092336903576233,-5.031422077379394,-0.7684537910528314,4619.8413
6056678768182812160,192.15880128408048,-59.88309826827091,15.246621,1.202982,1.4417562206477534,-10.476417825598057,-0.21878788874101418,5213.584
6056493917136453248,192.78561229245972,-59.879209278451675,15.248136,2.4262352,0.19319368531430375,-5.17854261260097,-1.4814257030138915,4655.567
6056678600729609728,192.2029100741205,-59.87756494250888,15.249283,1.5883293,0.2815906955120054,-3.8509118789483554,-0.8899022654903124,5628.8306
6056682998776722688,192.72108685180376,-59.78198760114237,15.253634,2.0087223,0.18001076607693337,-7.839187293379914,-0.9484510522110716,4821.8394
6056482166089248768,192.58523211027818,-60.08148667229106,15.254945,2.7016754,0.06414541914263094,-9.742166094046688,-1.0831967348396312,
6056680112558187648,192.49865726182782,-59.79262453141463,15.262785,2.1036587,0.18288688886772209,-7.202581546729393,-1.985093931544443,5142.313
6056485670798601728,192.4229112367576,-60.01821720736309,15.263636,1.3088264,0.6061138358441711,-0.7561234206237875,1.1185475094088981,6004.05
6056487423145593344,192.5918602472343,-59.94737084304557,15.266437,1.2884855,0.511876884555405,-6.955422888044242,-0.851690332505733,6621.3267
6056677840469870592,192.27663193399465,-59.89076612190555,15.269563,2.0783653,0.24510545637656211,-6.74831337889259,-0.15116893019214042,4816.395
6056493603555015296,192.88157450838168,-59.862374643557445,15.270289,1.8529873,0.25962984601887085,-7.650262857661918,0.4926469060960321,5071.448
6056483471775536896,192.7223736803582,-60.01552309105865,15.273307,1.7776814,0.2988650153239415,-5.366488302883772,-3.8069542920424695,4856.9136
6056683033136465280,192.75776218611668,-59.77983082950505,15.274559,1.128664,0.8748766617004937,-5.085238710137187,-3.7401265934195025,5686.8447
6056678600729612928,192.2135196339352,-59.87485878055337,15.275886,1.1415062,0.9183739540258609,-10.137660106623596,-2.209428335662787,5918.6187
6056677707376377856,192.22436907349498,-59.909764835413085,15.275945,1.1576252,0.46677923023662327,-8.874185026754512,-0.8518255059964095,6395.4556
6056490309364101632,192.8974897079801,-59.90589914349731,15.281739,1.4280262,0.32966632652179073,-1.1082040364793897,1.6812780247294294,5388.859
6056680039493200384,192.5107030545936,-59.8047197038568,15.282088,3.2871885,0.08415752616002811,-7.933642875877403,-1.1849831175830747,
6056673962164865664,192.40387200299259,-59.956763948954055,15.282382,0.94943047,0.34732680511559916,-7.746343608213033,-1.4947226094141788,9153.395
6056483265617060736,192.57741292389332,-60.039157436227576,15.282769,2.2789984,0.09593216125288528,-6.421895262705841,1.7191037027939746,4833.947
6056676745303914240,192.5453315544017,-59.83923431659306,15.285596,1.3155832,-0.23979975768232586,-10.276045774546409,-0.7370752056180155,5832.309
6056690691012076544,192.1886323653884,-59.82519938903983,15.286559,2.5092363,0.1853072759898906,-9.278981744069638,0.009750684703306011,4710.356
6056681899265067264,192.75090460664504,-59.83213867565752,15.287422,2.094778,0.198606941422632,-11.025686855316486,-0.499373631285015,5800.6304
6056692963101988352,192.4912483281442,-59.72145354272666,15.2878,2.389616,0.10764210445570488,-6.780376651926766,-0.3217563515693475,4479.3706
6056676917102600064,192.55567293220645,-59.84577909973456,15.290487,1.1306677,1.0299539398586142,-17.09117055188418,0.9813588393442374,5663.214
6056492955063765632,192.7443412799355,-59.925591818978056,15.2918215,1.7938566,0.2825188728467671,-6.198575316088732,-1.5212091169099518,
6056487526224697216,192.48169262179835,-59.965372990487175,15.293434,,0.2842031757651486,-6.70624008818523,-1.9891483747110932,
6056686537829935488,192.66702200110038,-59.72138635831711,15.295211,1.4402933,0.46421561570928277,-10.918309069667513,-1.1476063042804399,5275.986
6056675989389664896,192.68071586310853,-59.85579224187538,15.295513,1.5354843,0.4427985288192647,-10.095369413497242,0.26617214123208954,5302.9854
6056482715861266304,192.70957837271544,-60.03573163546739,15.299318,1.2318983,0.2791819981675973,-6.69777745620133,-0.5228895637671606,7189.6113
6056678085333546624,192.3669757251209,-59.878482871051325,15.30045,1.1419058,0.7227408832306977,-9.53916710784989,3.087420048121098,5971.074
6056680284357007104,192.60848088919076,-59.78581738423321,15.300927,1.3017187,-0.04799062450008381,-4.953892112198844,0.1367934608720816,6909.95
6056484743085783296,192.42406139927465,-60.049283909178115,15.303551,2.1561842,0.22507620312624,-5.083186662791022,-1.5810841503488342,4667.026
6056692894382226432,192.41221362703183,-59.73887138671623,15.305016,2.006256,0.21526811644993255,-7.372525446461236,0.5347555619537722,4716.719
6056484502567580160,192.40279274962688,-60.079705650228405,15.306533,2.200902,0.23195143044514227,-6.917323548835813,0.19456252732405754,5071.2617
6056676951462355072,192.5872666155706,-59.83045128440457,15.306691,2.8337803,0.12441392189214305,-4.598810132852432,-0.8681877060877152,4817.4185
6056654235327410944,192.12533244331277,-59.936378638349126,15.306958,1.0817432,0.6360185607002343,-6.854887932013031,-2.932095253436448,5975.7373
6056677501217934848,192.230144299809,-59.92328265975922,15.307015,1.1419964,0.4266955916585786,-7.523237961529913,0.6840639430702135,6540.79
6056692791302972032,192.39518467376018,-59.7666590746363,15.307052,3.1985703,-0.0032229003806146933,-5.865501860523448,-0.8305047019239024,
6056674335776526720,192.29479719666307,-59.94646273968184,15.307691,1.0301924,0.43326253448901314,-7.6417815072610615,0.2840664657702806,7640.478
6056679425363403776,192.32312215325632,-59.80060313806144,15.309136,1.1632671,0.7988290966888497,-13.131397394193263,0.30634347512439836,6259.2476
6056655029946850944,192.14381560100858,-59.910241568853735,15.309577,1.1107378,0.30957774310495345,-4.73600714419259,0.6004467925550708,6381.196
6056677432498445696,192.239212918556,-59.93660656232437,15.314616,1.1279163,0.3817579390570497,-6.78762953391085,-0.7036233725143035,6149.4663
6056680181277781504,192.5737566789709,-59.79833278956828,15.315017,1.9258375,0.20563231312938196,-6.374330600667237,-2.026895456853537,6066.124
6056486392353288576,192.543433731505,-60.00858929703329,15.316476,1.5949345,2.1695239333658716,-36.28022992655367,3.2623024209661997,4632.1533
6056654235327418496,192.12944491024626,-59.93114912351949,15.316634,1.3384314,1.5480826153209541,-19.689101988746224,0.045874173804428785,5135.5254
6056667193295753984,192.12659674344664,-59.85504516572049,15.318884,1.1548843,0.702629870754508,-7.473878854381097,-2.4167393581716388,5977.227
6056487148267622144,192.6961234073375,-59.92382127281433,15.319937,1.1781912,0.5238557069903101,-7.948443743690435,-0.5648630936945696,7058.074
6056484468207852416,192.4311950640459,-60.070107879738316,15.32128,1.2132778,0.36766618211317953,-5.506995785346085,-1.4758792386654171,6560.6084
6056482887660107136,192.55133606433446,-60.073215614378235,15.321572,2.899209,0.1692672611366929,-5.160840198870922,-2.9589897900597633,4771.683
6056494226374106880,192.80398252109808,-59.8514235945987,15.32676,2.310711,-0.10499206635378805,-8.14415936642018,0.7785515494896906,6078.302
6056654205313113856,192.14638738620076,-59.93895618624757,15.328161,2.0059614,0.2299043248744068,-8.043308393447594,-2.0452521205517957,
6056675233475531520,192.50998911014383,-59.93901446290038,15.328549,0.9951658,0.2787180436721012,-6.3823465402171875,-0.7270559990105677,8691.1045
6056493088158902144,192.80919469457055,-59.90558740400316,15.329809,1.6791878,0.3767374120456005,-10.169198696025006,-1.7184108918844507,
6056485808237550848,192.35742797847956,-60.025095760679754,15.330241,1.1599779,0.9788917519651577,-3.1172124552245206,1.8405136258268573,5853.335
6056679592816547200,192.42785332853674,-59.86156286086845,15.332498,1.1687193,0.5294333655583158,-4.9108598414378735,-1.6646311525053574,7257.482
6056494123294887040,192.7258831680581,-59.864373599033605,15.33329,1.4215584,1.870400633404258,-38.56053201901915,13.667500900656554,4685.9365
6056691073316017920,192.2123151614604,-59.79406285861306,15.335297,1.8676014,0.20912666474971944,-9.500358522037725,-2.2159603246210593,5348.2847
6056680215637516416,192.54831261401782,-59.80251485628295,15.336304,3.2882566,0.08315846629229307,-5.460162680150222,-0.2864300002127288,33367.637
6056673996524626944,192.43512854682254,-59.93506610554964,15.337967,1.7208338,0.3207085108619941,-4.480340357124851,-0.6945703742072312,4867.091
6056692378986147328,192.31822197698514,-59.73360852765371,15.343087,1.7753696,0.20529065777702102,-7.193505788406372,-4.775108122402862,4967.3887
6056483609214464128,192.63439134282393,-60.029155232697406,15.343402,1.2247896,0.34833308223937975,-5.199547831229398,-0.40598018771573596,6592.792
6056691519992655232,192.3101313198008,-59.75755754618134,15.344236,1.0790329,0.28304112242032103,-9.683612173983523,-0.752042484029171,5780.644
6056678050973933440,192.33650654151253,-59.88387644160006,15.346861,2.2345867,0.19202265251092845,-5.245551960845769,-1.8903949820461423,5883.6797
6056679906399728640,192.4483484092906,-59.827015890455414,15.347476,2.0184593,0.23388679498098458,-5.2597832061470795,-1.7114969401377433,4752.768
6056690656653619072,192.14571377047204,-59.84574397140188,15.350384,1.493269,0.5779299754080611,-9.221073278655755,0.07294829074099024,6034.8716
6056493607899020672,192.87706678780532,-59.85959232758631,15.351653,1.2086649,0.3168534552566625,-6.347344388881472,-1.2299359633940585,5792.8687
6056676985822093312,192.63900966168538,-59.83491709667298,15.351833,1.2243023,0.7805099889381504,-6.141708687066755,2.0146013618588947,5630.4688
6056679391003770880,192.29811449725264,-59.81535646907388,15.353156,1.2570105,0.429542118960429,-6.9512714340383175,-1.659436894909942,5887.3857
6056481650709312896,192.48858658760793,-60.069015963176156,15.356138,2.2120705,0.21202709065792505,-7.273006384991269,-1.7932375310493274,4593.641
6056680039493215360,192.51544057767018,-59.7922376571156,15.358561,1.1054516,0.8509902587785213,2.666400516063886,-3.7027207657169905,5856.832
6056683204935166080,192.72322541260354,-59.763569405403,15.35858,2.0623198,0.18540535951434128,-7.084167761781466,-0.852937324845489,4934.9995
6056681452588144768,192.58121339449758,-59.72571042563735,15.360616,1.0110006,0.2942120114422863,-4.378091438401978,-1.093169208775287,7590.9395
6056674099603780096,192.2005867257217,-59.999587655384225,15.36239,0.90129757,0.4919070167038609,-5.774095048885159,-0.9519302487611065,7469.5894
6056680799752951936,192.43153665064582,-59.79221045097349,15.36264,0.9323578,0.3976419357493783,-5.821825940476875,-1.154848325567536,7580.0415
6056676058109129344,192.6137534853625,-59.86651782703503,15.363697,1.2683773,0.5899184974348252,-5.727207281355902,-3.1010287283747737,6062.6685
6056681796185845120,192.7044812587149,-59.85849490844981,15.363975,2.1734858,0.2418786444454681,-7.101531895188186,-0.9954666800073266,4838.492
6056682414661167232,192.83122944668781,-59.79665401543608,15.369697,2.4458447,0.06653574722943795,-5.6561290751542455,0.22486524703585847,4523.7393
6056691588712146944,192.34880537794774,-59.74903992437577,15.371384,2.3526945,0.12182213574776893,-3.8967708177451863,-0.6714473731840818,4691.2183
6056673137531100160,192.28089511158217,-60.02205667999574,15.372206,1.3405542,0.42169512901701506,0.5783590662201046,-1.248704759923343,6698.8716
6056679906399734912,192.454806900084,-59.820131030988954,15.372209,1.9326973,0.23775594444836656,-11.976980877140528,2.3621415104937995,4934.948
6056481646365806720,192.47565658973264,-60.07941151887296,15.372857,2.3212605,0.1774683408602254,-6.635831298476914,-0.5654391698113657,4824.8267
6056691863590015744,192.23599678000892,-59.774714686888515,15.373135,1.1476231,0.6210722458084285,-9.41323286329031,0.3168395973738894,6595.9272
6056653999154675584,192.1644723758722,-59.94877883045231,15.3783865,1.2341928,0.8381319701819399,-13.929514052558162,-2.3278965501317415,5084.5728
6056692344626396416,192.2792673661244,-59.738951975065056,15.380477,1.1126585,0.4837443668242917,-6.237098987800805,2.374798965726094,6059.8203
6056678596384123776,192.2056223565702,-59.87918460821352,15.381346,2.4999933,0.10162021397720346,-6.206095770810797,-0.4144779089748243,4672.1733
6056681383868663168,192.60593177576706,-59.73863358170514,15.382132,1.5220776,0.355976956073484,-5.485740909418634,-1.4167407533591174,5058.263
6056492847640721280,192.8428610075431,-59.91563567851268,15.383714,1.6333313,0.3764003650577185,-7.033469309238713,1.7084568925862929,4876.719
6056674099603785472,192.22566376635237,-59.98962253451836,15.383796,1.0359468,0.8058836981706134,-6.534687481307934,0.506218670213315,6021.796
6056673481128502912,192.28936514810113,-59.98117830496952,15.384779,1.0757742,0.317575150922005,-5.853500890704968,-0.45604828149965854,
6056482853300145408,192.5341566842921,-60.08390314903184,15.391434,1.2874851,0.6127646915813617,-5.757797122418521,-0.9776806681365476,6550.9487
6056653896090225280,192.1515084472434,-59.967209377932726,15.393186,1.1521063,0.3394933464156788,-4.861659185315898,0.7152158380682504,6687.04
6056486048755944704,192.45772066063614,-59.96593899799558,15.393804,1.2847528,0.3405246692659527,-4.950454755164628,-2.7317621595616743,6698.0186
6056678154053035904,192.36723116943904,-59.86236855945748,15.394374,1.0763893,0.766922243072016,-13.80702342618519,0.7283694930644355,5374.5474
6056493019439406080,192.72294845689277,-59.922953811799566,15.396711,2.1098318,0.23364411714780173,-6.501675031430648,-1.8619271372210675,4800.269
6056680490515434496,192.52752683870722,-59.782236307708956,15.397319,2.0818825,0.2030705675554027,-9.619407383846564,1.2797121273054801,4705.1147
6056673206250580480,192.28365387142628,-60.01183461165032,15.397791,1.1490746,0.28111350438224414,-6.452012196724065,-3.1817431689036746,7185.117
6056686331671384960,192.7343251537686,-59.735405858268024,15.398,2.933488,0.061672576884770194,-6.838757653062613,0.15681961685782775,5026.8438
6056687293744070528,192.65484690417105,-59.711524231947614,15.399411,0.9884243,0.4091951466303534,-6.640498139056126,-1.206416411707968,7155.241
6056676642224670592,192.44120340471804,-59.869746072199476,15.401977,1.4334078,0.43722624013967104,-9.408287187612364,-0.8143488114155015,7531.684
6056677604297158912,192.24309433280186,-59.91427786067711,15.402789,1.0433846,0.4891123178700451,-5.5018104355119934,-1.0922717174307854,7457.605
6056678841247779840,192.15130999580225,-59.87135214438257,15.40378,1.9068079,0.21043997648073137,-9.955164701310139,-3.360625929494467,6090.4233
6056682689539086720,192.80618175860442,-59.77542334384354,15.404825,0.93709373,0.3696240964974347,-6.739716740932668,-0.3480527787813292,8211.974
6056675508353289856,192.50294081798432,-59.9096875523194,15.40896,1.0599194,0.8008969880558503,-7.094030385174826,-1.7180843138207977,5926.9526
6056675542713023360,192.465123471994,-59.91790730680533,15.409349,1.1838751,1.2909867002100965,12.203514519614842,-5.593093958960052,5373.0728
6056486564152012928,192.56001176288703,-59.981519829155786,15.412001,2.1407433,0.2132473863789041,-8.230015760159864,-1.95414121567524,4806.614
6056484395144905472,192.36217378101088,-60.065768305427646,15.4121895,1.1189785,0.3772157002176314,-5.943280942998953,-0.31640148385826844,6649.1855
6056655373544240384,192.12715647989543,-59.886370959294474,15.413235,1.9786634,0.29215948966465444,-14.102218832947862,0.7130181052306567,4949.556
6056678635089351936,192.2393746079613,-59.87649788028591,15.414158,1.3677015,0.524806964338747,-4.349955933555009,-0.2081660932318954,5464.966
6056680662314160000,192.6215183377436,-59.73481333956906,15.41548,1.1152573,1.1025436142134561,-18.498870867426987,-3.169450648686581,5460.3174
6056485842597293440,192.3862074193661,-60.01551879776456,15.415725,1.9791546,-0.07131221312373269,-4.608669710033236,-1.137747424160433,
6056674580640159488,192.26394251344774,-59.941146288727815,15.41576,1.1554403,0.9392479466450542,-12.096658995612408,-4.682595875617567,4805.603
6056678291491986304,192.3151461019462,-59.86249283281731,15.416665,1.359539,0.7167680407198518,-1.2731281559058536,-2.9652382248858826,5675.4546
6056687293744062336,192.6456491591539,-59.72301912252891,15.416956,1.1489496,1.1085006473230166,-7.225454510414799,0.015998519113378896,6039.4883
6056693203619903232,192.44494340901804,-59.71996333878881,15.416975,1.9379902,0.21144041306123662,-6.86023913782936,-2.7734918438790697,5233.2324
6056488247763693696,192.69815625087443,-59.880712174251805,15.420812,2.3838606,0.2673648132638513,-8.458869408717952,-0.6177978726184332,5308.9307
6056674408841446144,192.2376309324862,-59.96581211176218,15.420885,1.0945387,0.8205304697031784,-11.516464237076818,-0.4649116140594253,5748.4536
6056681108990611840,192.47362543428025,-59.76280059825059,15.421738,2.3603506,0.14164569041002897,-6.105613643857031,-1.7616445546636879,4514.9316
6056679214859474944,192.3978745941957,-59.810754776684746,15.422393,1.5804119,0.40434522375418475,-4.168641100844529,-4.0983402482364415,
6056682071063756288,192.70061934192563,-59.83675680598678,15.424177,3.1632996,0.011369954787007547,-5.662962176448613,-0.3038381440745188,
6056485739518079616,192.41447238214116,-60.01358651836165,15.424329,1.3832483,0.5617325914095052,-6.956170891961169,-0.8796318202511236,5824.1084
6056489656528871424,192.76127611158142,-59.976211994498364,15.426045,3.196968,0.055951125537915904,-7.979081534703249,0.2914449378526938,4570.607
6056494295093589120,192.8099236520496,-59.826920410710265,15.429463,1.583416,0.4166067927827625,-5.312979233108547,3.63480718505711,5019.9272
6056673687287137152,192.41170975765857,-59.973962242240546,15.429496,1.8104553,0.3075944612005313,-4.901896768750151,-1.7715458885873414,4895.3965
6056654235333222784,192.13251327658062,-59.9348619556757,15.43204,2.5074253,0.07496806593053577,-6.084640332470608,0.1986271813379925,4633.715
6056675027316809600,192.3544531357662,-59.89971231034337,15.435498,1.3756428,0.3453282125915774,-5.870792460940124,-0.20010197534014268,7091.748
6056494398172995712,192.8352999350864,-59.841648567542435,15.435616,1.8767958,0.18745065414689802,-6.945884558039912,-0.31806234490206076,5142.039
6056678841247786368,192.1569102650256,-59.86547795743798,15.435622,1.9977293,0.19356536957781378,-5.587689999895639,1.3377071237181482,4533.741
6056493298661331072,192.85477332826042,-59.88841209637285,15.437074,1.1381273,0.9536663789811238,-15.980878520183312,0.43663977304488066,5158.707
6056485705158505216,192.45679674026252,-60.013961114640374,15.438482,1.7304325,0.2944918132525082,-7.4187555181321265,-1.3608600192046754,4731.302
6056485876957030400,192.34872483032484,-60.01707189135745,15.443857,1.1447744,1.0747041095079586,1.1413062565994185,3.7233275145256153,4830.389
6056483128178085120,192.51070856744855,-60.052840516175024,15.446975,1.3903627,0.3379093021968476,-7.663024724290295,-0.5440981792996387,6034.2983
6056680215637521280,192.5624372321061,-59.79624202200252,15.448907,1.9674568,0.23863642830698034,-5.880587984859281,-0.5049787160946154,4728.723
6056686297311647872,192.71131326618783,-59.73106350922821,15.452321,1.0562716,0.32455512320045493,-7.647139889272425,-0.292318209027818,7510.9688
6056679184845219456,192.36543942166736,-59.82426465878069,15.452495,1.6392183,0.2817023809639795,-3.989517768512994,-0.3808192079857026,4887.6226
6056676642224542592,192.43189702676955,-59.875932319618876,15.453283,2.546422,0.16734431499582056,-7.003689054919672,-0.03890983254442248,4732.0083
6056675233475371520,192.50811057682057,-59.93820689560279,15.454229,1.3612614,0.7663594269868049,-11.124926027523266,0.04017824114781293,5776.5645
6056673103171360640,192.2479697110295,-60.0225411883856,15.454483,1.6235523,0.33087699667571624,-1.6176324449252624,3.3445634053435156,5516.6733
6056675096036290560,192.40899397920987,-59.899738712484734,15.457435,3.0307207,0.05676419769443081,-4.978280559458806,-0.6748140343994744,4843.361
6056673893445387264,192.34495930284967,-59.954543232915285,15.458365,3.1297913,0.04952630538961186,-6.480847110929262,-1.3666443106355932,4277.0684
6056489553449797376,192.8578753810574,-59.963236533343704,15.458905,2.6386929,0.015449475856080476,-6.0237019960566585,-0.09815316608082254,4749.1533
6056683204935164032,192.7221756519317,-59.766712045036975,15.460309,2.0722237,0.16853777459816954,-9.616471520032215,-1.5328066235764102,5475.816
6056677260700022656,192.62945696029854,-59.800412738497315,15.46069,2.3163433,0.19409876524030917,-5.754483962212863,-1.6317716805830635,4675.132
6056682242862471680,192.7940860994438,-59.799935415383686,15.460801,1.6491098,0.28050185049191056,-5.489344071433789,-6.995203965311477,5070.4404
6056677054541581312,192.6225882273366,-59.8169932211614,15.463077,1.2922926,0.7784529602774859,-9.043597867622859,-3.5049363841494885,
6056692482065650432,192.33645363109758,-59.71014335097189,15.463608,1.1982079,0.5705945995963875,-7.00383224672014,-1.2881524952664027,7169.101
6056676367346627840,192.45334360255185,-59.88632691844388,15.464953,5.427911,0.02075954146671389,-5.673310918342835,0.13515648467482,3726.417
6056485533359769088,192.38433189392995,-60.04358605706818,15.466627,2.8054447,0.09499076432020473,-7.18983457384385,-0.32636533444418514,4638.841
6056680524875185408,192.56849876312364,-59.76793183718404,15.466912,2.3541832,0.1284795962725908,-7.114760262491403,-1.0947636507512888,4604.8364
6056681796185847424,192.71913907466447,-59.84707630258843,15.468552,1.1170864,0.49283267511283063,-5.752388774612577,0.3279600054435797,7470.225
6056675955029917440,192.64663620445535,-59.8654707593201,15.470047,1.9180336,0.27113431668922944,-5.333088031357507,1.3458829474574792,5238.035
6056488660096568448,192.79223229915354,-60.003527947079206,15.471414,1.2569675,0.3085457231583332,-5.3428215998552915,-0.3091522198258423,6504.163
6056681418228409216,192.61867409610468,-59.72153566956997,15.471866,1.1546764,0.3571041173129996,-3.80971420099475,-2.0279598689220473,6836.767
6056485941333216000,192.41321309897873,-60.00361637828705,15.474317,1.3381338,0.9986076054500934,-3.1891687112494536,-2.9311722335598382,
6056675989389675520,192.68997461377984,-59.84595867720634,15.478655,1.2505598,0.653614846786021,-3.9923640112642453,-3.406613247804018,6314.8193
6056677054541579904,192.61977595628142,-59.818941220614334,15.478955,1.2030964,0.6002607269692757,-5.193081245466108,0.40276253348936736,6948.218
6056675400928430720,192.520750886149,-59.91243239534979,15.479033,1.8929234,0.3047957913616446,-3.22508014891109,-0.42898472588782494,5237.4546
6056679219204966144,192.3918886059241,-59.8167502594908,15.481997,2.4815397,0.1043553040788122,-5.250122121769891,-1.1026950489472114,4461.0635
6056482200465150336,192.63029927817166,-60.06234076560794,15.483079,2.6973362,0.09723417120677849,-5.971645720016465,-0.3738459747093569,4875.3647
6056489656528872960,192.77136884045788,-59.96709192758677,15.485583,3.2615194,-0.03767303545148403,-4.947721684189807,-0.01731247243687685,
6056679287924451328,192.37834292022106,-59.80360625060943,15.488351,1.3622103,0.8592379059466508,-9.362044700872252,-1.378373330430595,
6056681280789502208,192.55025834169328,-59.75455608126699,15.489569,2.7754087,0.05905042849211709,-4.842233475679872,-0.3293555532585444,
6056493779697490432,192.73128627199296,-59.9074287966002,15.489665,2.1623468,0.202750628862514,-5.776390118876743,-2.3405750472879423,5093.821
6056486044412466560,192.4404400925205,-59.97274210102004,15.492033,1.005105,0.4350069888869022,-3.685556287067187,-0.3142184187680784,7654.017
6056676161188346752,192.63183461610177,-59.86559055015848,15.493966,1.3972416,0.5058191596444557,-6.967322048549319,2.1648926065679692,6468.5757
6056675439633814784,192.55641628000603,-59.906679441630835,15.494778,4.4641457,0.002322651981127858,-5.193205886929591,0.006902178127524115,3519.7737
6056674546280428160,192.28736894727902,-59.935368951346476,15.496893,2.1488333,0.21908314237918797,-8.18753685566228,-0.2803683312492402,4626.232
6056677638657062016,192.26783833294357,-59.905240976476904,15.497319,2.9670296,0.040637808455969454,-5.507133735012975,-0.7070016464173282,4584.4883
6056681108990613888,192.47830740199515,-59.757495388655336,15.499423,0.76425076,0.2783132551171812,-6.285977942826473,-0.4563483060116067,9090.896
6056487285706524416,192.52117248191186,-59.97302671828226,15.500508,1.7200699,0.2674585117761298,-11.11276844488541,-0.8846126253742674,4881.1733
6056682414661167872,192.82509439017613,-59.79482992437165,15.500621,1.266469,0.7572834989665089,-1.5708455248108173,-1.7024580268365077,5346.6963
6056675199115626624,192.4626676701926,-59.95915613417634,15.504176,1.302948,0.5856756985943363,-3.7067982888246442,-0.5501363485492711,6642.2754
6056691927962735104,192.21645426806325,-59.762025511920164,15.504476,1.1046925,0.4671536145628364,-3.6699232670294055,-0.8265353038281991,6300.58
6056485906973480192,192.37653569383437,-60.00161642055793,15.504654,1.1368704,0.7668493961769856,-8.222794012411308,-1.2698651975916924,5941.632
6056691038956285440,192.24373356818475,-59.78784168544174,15.506,2.753766,0.0739471324120125,-6.164153924724034,-0.3833169439191624,4736.9546
6056489519090043648,192.82964900112,-59.979569711481204,15.50662,1.5264568,0.3378473405117726,-3.9769804553436057,-1.1864296395197127,5539.8813
6056483471775525504,192.6990947367503,-60.02263577260755,15.506885,1.3562136,0.32053068129198437,-6.633333221295773,-0.9799610043663682,5968.308
6056677707376372224,192.20641814584363,-59.91293932560427,15.508483,1.352869,0.3869070778336069,-3.3954067906135124,0.00562284902702616,5818.7046
6056483811029447808,192.69316261681936,-59.99123441645339,15.510781,1.3120298,0.18887219259409635,-6.228419503774876,0.8290731284241041,6883.976
6056487938541607552,192.66034997777507,-59.91506092130105,15.51139,2.174056,0.22009157450762443,-6.278848185880538,-1.4748589644853842,
6056679975119219840,192.44727495986044,-59.808323784619944,15.51271,0.7768879,0.2621903588480546,-6.73156490458223,-0.8917596848157301,8903.996
6056675542713023616,192.4601495636754,-59.916190059534046,15.51274,1.4754362,0.20465048288452137,-4.710605321957429,-0.29030432277388707,6366.6465
6056682174142984576,192.72476287366678,-59.80736870392579,15.514203,1.3583689,0.6072557450236851,-0.6797816738508633,-1.7858857962593766,6028.388
6056487010828651648,192.6510249288586,-59.946489033854284,15.514458,2.3657436,0.21862634793781224,-10.33316343625016,-2.184543594579856,4394.0903
6056487766746441856,192.62846083586726,-59.93922136886538,15.514474,2.6203098,0.20235801839231174,-7.031173559993123,-0.048516224858018264,4730.7666
6056487010828656128,192.65904424743573,-59.93947630126922,15.516299,1.1656656,0.42527442516735287,-5.9526006158360305,-1.7477574923030421,7782.28
6056691451273165568,192.29846440371577,-59.76943700426887,15.518941,1.2646751,0.24585145063831448,-1.2948943791566032,-6.214730218299234,5424.95
6056691245115060992,192.31237393453972,-59.7742425283995,15.5189495,2.6679058,0.058686480786768636,-6.299182774207186,0.053310338577229194,4609.822
6056486770310470016,192.69414244159657,-59.967584522313956,15.519431,1.1552582,0.8629109618660904,-9.256023933587642,0.47526283577156325,5681.6055
6056678600729746176,192.2101662087008,-59.87379842366237,15.520178,1.2700262,0.38893657486657907,-8.84313365940527,-0.2196479401401707,5500.2954
6056691348194278016,192.34492248880534,-59.76455832916498,15.521781,1.7430019,0.2469144592535772,-7.2860820480040465,1.2976396195696553,5138.4526
6056676367346623360,192.46159622281382,-59.89269230945831,15.522215,1.397438,0.35160691522147725,-7.076064835162136,-0.38054100721870926,7066.247
6056493161222204800,192.78622590515738,-59.892118851829714,15.52322,1.2017517,0.6956624382348728,-6.150498008607419,0.6516046246440297,5919.025
6056680387436238976,192.6422150902293,-59.758734605227474,15.5249,2.030859,0.22175253614975882,-6.203250455752769,0.007319140344759859,5032.957
6056678463290716544,192.39626776580795,-59.82306631245186,15.526266,1.0726099,0.4048443685730686,-9.262666277804048,1.101387811913796,6524.347
6056673889099923456,192.35301436525043,-59.95433741375358,15.531047,2.122141,0.2209488380177783,-5.8014927835186745,-0.5379445187524722,4913.991
6056655373544240896,192.15078824204335,-59.87819740399551,15.531417,1.2318964,0.4568928211580708,-8.470537950551815,0.4498008661769278,5810.2744
6056682105423504512,192.74451130238248,-59.81248256274937,15.531441,2.2015648,0.1788426401298371,-4.751615057326265,0.03836923427110533,4596.138
6056683376744904448,192.74501114610425,-59.74437735074817,15.532041,1.7658052,0.5907461155030577,-3.3740775545426023,-1.4204449306818865,5171.952
6056691210754967168,192.26610216033893,-59.80400635830806,15.532866,1.2839184,1.107474996107955,-9.371662240681555,-1.965573187290034,4895.7324
6056492920704183552,192.82703965905912,-59.90431786752924,15.534574,1.0885744,0.5508889019402654,-6.959735109261814,-0.5767160502650654,6863.286
6056693134900406272,192.38083862710658,-59.72669356023929,15.536854,1.092907,0.32118761584862,-8.7189961606756,-1.2585088554374932,6763.446
6056482745877507840,192.7407814136179,-60.02889488289635,15.538835,2.3864365,0.20324235327934811,-4.348277293940019,0.7662214283492168,4819.712
6056681143350482816,192.50391396752872,-59.74747044285322,15.539429,1.1848469,0.5444785951447108,-11.158776261741947,-0.6787311559202743,5888.999
6056691485632892928,192.2615298817171,-59.777646865609576,15.539845,1.1047735,0.6049493745827618,-8.993572889516848,-1.75046413482397,6099.3535
6056677329419502976,192.6193776696589,-59.79419967952941,15.54103,1.113246,0.8540214682720011,-12.065771320221424,6.059276874513678,5151.9683
6056677913534840832,192.25837875991803,-59.88389679335969,15.541192,1.6214762,0.39361518985326766,-9.993426823101215,1.526311803507423,
6056680657968568192,192.62250316869537,-59.74281867833537,15.541373,1.2362728,0.3581772014331237,-10.914146551419615,3.1366371588297626,5536.394
6056682208502718976,192.7508719134823,-59.814520456765464,15.542301,2.0689602,0.23565314379123123,-9.454075974239865,0.24975070083848427,5027.2935
6056680937192042240,192.49647359451308,-59.76639346939632,15.545391,1.0259342,0.3076206676416534,-9.564266668411909,0.0502391638934081,6739.1543
6056682998776724480,192.71803659666966,-59.77893780639616,15.547653,1.348629,0.4622438661057305,-10.78944555898548,-1.407473207912249,6077.891
6056673721646689536,192.4320623287821,-59.96919619953505,15.547701,1.0305204,0.3042758110494301,-6.392578274516181,-1.0430452666310501,7857.3667
6056674133963732480,192.23349030649698,-59.995173454597506,15.550706,1.2849045,0.40563904181074845,-6.901140091295493,0.39053943778078914,6295.4526
6056494432532988928,192.8801387828045,-59.834887738043975,15.554164,1.191719,0.5978862524080141,-7.6550569374454955,-15.180385046565632,5509.652
6056487968557888768,192.7034854410517,-59.90445009629029,15.556046,1.0058546,0.39148787908222504,-7.039854544634509,0.27624538224435824,8090.803
6056494329453500288,192.8417159022984,-59.86056942174701,15.5575285,1.3795986,0.3127187146616635,-9.145336493165328,-1.8185213220076846,5181.7515
6056653960449475584,192.1461435259213,-59.9562446514575,15.55776,1.1298332,0.5437045580178331,-8.18325050170421,-1.718817437680595,
6056679184845210880,192.3486003967781,-59.83281860201898,15.558492,1.1981382,0.37161845060921894,-9.56464659943649,-3.7054468533588754,5510.5713
6056482166105382016,192.59628037170683,-60.084113804900525,15.558564,2.641057,0.17573357277680118,-5.6889093631516445,-0.42369754855344344,4686.6724
6056487904181873152,192.71350027867075,-59.91006097392369,15.559506,1.2294664,0.46490228689064356,-7.649182264173763,-0.9420068980428787,7040.2383
6056487143924143488,192.71923496802177,-59.92611951202323,15.562828,2.18011,0.19704449912837166,-5.662771624782372,-0.5256103612683067,4661.1777
6056691863590020608,192.2277583332,-59.77009915632672,15.564345,2.0344124,0.2129450680154893,-6.877143602992386,-1.395372368572342,4715.914
6056675714511873664,192.5422800870583,-59.88331256930443,15.569029,1.6616821,0.24953644696352878,-8.723026306214132,-1.051405941730563,5150.5146
6056486873389704960,192.7277031442775,-59.94201064281529,15.569194,1.2948847,0.28522894903250384,-5.166907385937312,-0.22914069524951067,6719.468
6056677771751694720,192.2040010884831,-59.911689430578186,15.5699,1.1751919,0.5576205382916531,-7.51269308020257,-1.7705503256291233,
6056682208502733184,192.77327247541402,-59.79837431009799,15.572134,1.3192616,0.45771024837069946,-5.077253363742356,-1.242748452582537,6658.3867
6056483231257329024,192.6093687781128,-60.037427705977024,15.572219,1.1076536,0.29466527224241057,-5.021696203075026,-0.8429520488440009,6711.556
6056692516425080320,192.24566276775275,-59.74259052748363,15.572533,1.0534754,0.57965412137482,-5.077879364797831,-0.4725906036999181,6419.1704
6056481581989819264,192.4788166173431,-60.086011379311735,15.573881,2.260685,0.15487239248680298,-8.11058508133447,-0.39565253148634116,4811.173
6056692963101738496,192.4932328999385,-59.722731650833516,15.575255,1.2510004,0.42403085199452234,-3.7294799498689564,-0.15390081997798744,5842.718
6056487212643551872,192.52491718755593,-59.98850245114452,15.575471,1.3096609,0.7362614623531953,0.46192618686408293,-5.349607224252292,5842.907
6056690798446864128,192.2123883205345,-59.81708360553779,15.577396,1.1920176,,,,
6056485842597296256,192.39278300651185,-60.008017725901674,15.577877,3.7233343,0.06115881019736376,-5.512732879983573,-0.30356411420403917,
6056485189762243712,192.31726171394072,-60.05759004898711,15.578582,1.3151512,0.7804771673936822,-14.510721207555076,-2.997283044754032,5328.4116
6056680043838823936,192.51212079408614,-59.80026329375268,15.582687,1.1940022,0.5651846182187507,-8.901763084803452,0.26902756917814086,6583.6997
6056488007261080448,192.61517825830282,-59.91996669226683,15.584857,1.4980078,0.5292896804781527,-6.719017912232712,-0.4092668409728646,5367.1997
6056486117475349120,192.53955713944006,-60.03376342425551,15.585788,2.8845444,0.05405544326653698,-6.51708157498078,-0.8113746679597729,4766.533
6056679391003770752,192.29639991175029,-59.81541464326347,15.58581,1.3425655,1.0473419974200706,-8.376401542977787,-0.7334345440867593,
6056676814023400064,192.53613469870945,-59.827609852990804,15.586213,1.1721869,0.5212962080850084,-6.508745943150261,1.17787357238478,15007.213
6056676470438124160,192.54087148031917,-59.8680474179557,15.586581,1.0900564,0.44749847380567614,-6.772713466460193,-1.5781178010362624,7745.731
6056486735950713984,192.6478001517633,-59.98009974151742,15.589677,2.424737,0.09748816796335685,-5.99612756316066,-0.49540442426009584,4731.894
6056690867157565568,192.15279468712072,-59.82858664060841,15.590076,1.1758127,1.2095021789498452,-15.260087941516073,-2.4488809572726438,5025.119
6056680524875184384,192.56335111247276,-59.767976010350914,15.591788,2.468052,0.12374005312238445,-7.108918617901612,-0.5674770384624367,4777.6465
6056489484730297600,192.79763797159472,-59.97449209371145,15.592664,2.530734,0.24612575691920374,-6.840739063661018,-0.27528499467900935,4678.11
6056676161188349568,192.63458557965026,-59.86152914587875,15.593863,1.4654016,0.5551173135496654,-8.96627951772749,-0.061204617207314724,5681.3496
6056690965889995904,192.1671213361548,-59.8137284660516,15.594383,1.1966791,0.6057623553683665,-6.972201018184504,-2.7489341743869526,5875.52
6056483231257343872,192.624057410136,-60.02669835249627,15.595363,1.2836094,1.0258233171670812,-10.578516097637257,1.116440416091838,5412.801
6056489381650962688,192.75520429664937,-60.000203451302525,15.595668,0.98471546,0.3566525608650491,-5.709373198656983,-2.212132053603617,8355.863
6056675267835107584,192.46534402158144,-59.93771627601573,15.595873,2.05682,0.22140537729835488,-4.816911122192916,-0.9303680731188391,4908.976
6056678703808827008,192.22289972230044,-59.87682775851931,15.596685,2.0508232,0.16625849274672788,-7.519322342138416,-0.22404747076324322,5076.3203
6056673515488255104,192.3168703680792,-59.9644955866118,15.597731,0.89939976,0.3114731110418318,-5.96812214732797,0.3635328083073246,8008.7446
6056481547630078592,192.46541749176836,-60.08927575071793,15.598202,1.2353287,0.512872528209972,-5.81702033453882,-1.4017552159109479,7084.9653
6056485430280425472,192.33366151812046,-60.03265766049971,15.601372,1.3707075,0.6359699901211439,-11.391791207670341,-5.944630976573612,6459.725
6056674752438869760,192.36074533078582,-59.929710678939024,15.603619,2.8244734,0.15561281605417834,-5.377877842528908,-1.99660094151477,4831.6094
6056678978686760960,192.2076782491335,-59.844166019535166,15.604931,1.2797804,0.7092208486775047,-9.39696463428852,-0.21989721683022462,6018.5967
6056483261273585920,192.56821907191872,-60.03006134662007,15.6052265,2.1482239,0.2631703580845201,-5.947574699616496,-0.8555414792776384,5065.227
6056673309329799040,192.27027578795742,-60.003373774575316,15.608124,1.2526464,0.3691236725183111,-11.020805945069146,-0.16180361379427027,6472.714
6056653994809221248,192.1527656264315,-59.9512062634888,15.610574,2.0496893,0.15444338361327264,-5.09194819824945,-0.32669143692364416,4713.217
6056690832797839872,192.2444773776426,-59.810137853812,15.6106,2.5375319,0.06714988155389953,-3.10068544908609,0.17268407454732893,4655.8916
6056677947894574848,192.32892112711724,-59.89358755503807,15.614811,1.2518749,0.9844792891755135,-12.799841127632428,-3.4887867834693367,4989.8467
6056677054541580416,192.62095111172363,-59.8184797758325,15.616406,2.3223639,0.2166678869873747,-6.352727156471674,-2.4149517070384063,4859.378
6056675607086865152,192.5208258278321,-59.90483376740795,15.616819,1.3119526,1.2695957046563346,-16.029029118495366,0.8158595809558004,5021.9644
6056677329419499776,192.61707272309906,-59.79858716137248,15.616959,1.862565,0.25370023031016087,-9.878953310435406,0.4883353365830744,4700.5684
6056693031821466880,192.49786486931637,-59.71073156595893,15.620546,1.1376848,0.7094035405686698,-12.094297491913574,-3.0238133831396787,5197.469
6056487113911415296,192.67697865028526,-59.93115318528117,15.623486,3.878645,0.1528564777813576,-5.654665433543466,-0.1800226726475953,
6056692963101729920,192.48116710119706,-59.72581902706709,15.624095,1.0784826,0.2685878578597495,-7.424455122168824,-0.4270818118138086,6826.21
6056678875607537664,192.1947780009876,-59.85372180403923,15.625595,2.155878,0.16333386394690502,-5.146116160459353,1.3583712729500623,4698.672
6056680421795965440,192.55704210898355,-59.77356198027874,15.626725,1.1020079,0.6071701989154356,-7.787588800270674,-0.3488965051819954,6214.818
6056494295093588352,192.81483893615408,-59.83024045317883,15.62744,1.9999113,0.1340656920022469,-3.649796919225991,0.10142205217735352,4749.6694
6056487938545139584,192.66432289707856,-59.90957012208866,15.6289,2.5147123,0.06728041464054299,-7.568108793272941,0.4097309317685162,4449.729
6056677084555697536,192.6611426890532,-59.805531255380394,15.629435,1.2872562,0.3690041094949325,-5.686976406694642,-0.4117333434974437,6830.6406
6056680868472565120,192.5131452137625,-59.76838049068456,15.629474,2.2338333,0.0792144215720439,-9.69904550498944,-1.1635823176907216,
6056679356643919104,192.32824641655094,-59.8119758491645,15.637551,1.3003244,0.25593907539289107,-10.007463875056715,-0.15330359639712396,
6056489381651074816,192.78025198877026,-59.992904763658565,15.639198,2.7043524,0.09841110742182566,-6.695973041310986,-0.5629529126189334,4727.9106
6056680009478961024,192.49076097998253,-59.80855190289846,15.63961,1.2301283,0.466394528234385,-4.608913998154908,-2.759143747243084,5995.8086
6056677982266562176,192.35130058185388,-59.891229104991154,15.640064,1.4614334,1.6397781273281535,-13.290264117320271,-5.936444100887931,4780.2803
6056680318716833280,192.6545138313723,-59.76461038991333,15.640551,2.4160137,0.09097504652474908,-6.714004122633061,0.110825133719459,4653.6606
6056654170953364608,192.13608695042709,-59.94909913443053,15.641081,1.2297287,0.7023093958460843,-7.405930165540418,-3.0319634073957937,
6056682895697492608,192.6997175547896,-59.802470268329834,15.643196,2.3705769,0.11228463634414942,-4.89184060645292,0.6515830271300439,4515.4097
6056484708725904384,192.37461240187864,-60.06935983578577,15.645042,1.2133646,1.1016378610198796,-13.050105081973276,-12.073063003689091,5151.434
6056679013046508800,192.24397419771174,-59.83733774147237,15.645866,1.1011009,0.5684543728599762,-8.533446243655138,-0.2219215018373198,6051.2764
6056488591377091840,192.81015710241624,-60.013841849014426,15.646955,1.2003965,0.47864978988721435,-6.7734440050688125,-0.5102739644632371,7216.917
6056487629303943168,192.58672424214063,-59.93879285759407,15.648518,1.2114143,1.1867126090901086,-0.27858544106839167,-6.819769753653417,5383.805
6056673137531100032,192.30240704360753,-60.023985782899445,15.649016,2.1728058,0.18366965762617626,-7.264620316567557,-0.12966336389107136,4737.9844
6056678119693424128,192.4110925408329,-59.86092702420159,15.649212,1.4590359,0.362558254159871,-10.481986081254094,0.15736090522776236,6717.395
6056681590026956288,192.5079356026065,-59.7242846406306,15.650371,1.1092415,0.33037189648265786,-8.590746662051775,0.5204432925324266,7196.826
6056481650693180416,192.47909696947585,-60.071110011211765,15.6510315,1.3331594,0.2632210972523209,-4.36533533746951,0.1823696538084431,
6056692413345908608,192.3523400790437,-59.719438362891815,15.653008,2.1315956,0.2408345001166025,-6.951100600501785,-1.4752182540267165,4690.5435
6056676298627123712,192.4456518138445,-59.91301038042608,15.655652,2.1628008,0.21312679242866933,-7.7896978711818115,0.9991314725582805,4864.5396
6056487491864961920,192.51688554647632,-59.96595998977665,15.655904,1.2239952,0.3453584857862734,-7.361756830619822,-0.04490769300930049,6391.6157
6056690626639395840,192.19526227055582,-59.83864343931137,15.656164,2.5171661,0.1206951917761285,-7.669043785586731,-0.2608225150623504,4489.8804
6056492817624950400,192.81494515302808,-59.92670795855731,15.658292,1.7198753,2.2793971338054018,-24.802294052004374,-9.51284048102209,4491.2734
6056490309364744192,192.8991019808978,-59.89778669442165,15.659233,1.3082218,2.201425799426555,-0.19270199960078596,1.7756666872344613,
6056674095258337408,192.2096571041631,-60.001647792201055,15.660907,1.4220324,0.5628558978228635,-7.2793077200639935,-2.0254367059191765,5022.16
6056653930435193088,192.1715291063866,-59.956526518982855,15.6628,0.8080797,0.25186148573986894,-5.188884506938846,0.00759910537374561,9108.276
6056680765393210240,192.40774127340939,-59.7947571022252,15.664078,1.7777567,0.19684472746283918,-7.327329972260708,-0.12915030638530306,4694.083
6056691210754970880,192.27852256322382,-59.80011992263626,15.664604,2.5064926,0.06484644236366158,-4.886419495525593,-0.16673818537118196,4743.8247
6056675233475368064,192.48990339295736,-59.944674260731205,15.665873,2.20745,0.25894802996158195,-6.48952596596875,-0.7455822459791275,4684.969
6056679665881659648,192.4189178867779,-59.847950901071755,15.667976,2.1157112,0.14999956385273747,-8.827469454019885,0.7940417542100536,5861.1904
6056654274032596352,192.14389997109015,-59.93087984952046,15.669879,1.2209196,1.1512357229757706,-8.940919613179377,0.07691540392660356,5306.76
6056677501217921792,192.20976357326515,-59.93509481095759,15.674886,1.2583628,0.237759215299307,-6.184178865998104,0.29376419627119166,6650.507
6056691245115060096,192.31322367588925,-59.782203827372655,15.676226,1.1098967,0.81447950301814,-11.068910888303535,0.04564165676543836,
6056488037277364480,192.64184239837456,-59.90573984736012,15.676624,2.993719,0.04489689431554336,-4.166791031181112,0.5108196530347299,4726.6753
6056681177710090240,192.44828425527214,-59.755388678344644,15.686525,1.1777382,0.3701214456382525,-4.796816408473216,-0.39446449431353675,6803.9976
6056674163977818624,192.19591470692222,-59.9879614709013,15.687006,2.0712795,0.1822396876047846,-2.283462784108718,0.5943056086948101,5142.042
6056482127402147072,192.6326675302829,-60.07489813249816,15.6888685,1.7221403,0.8336881225497477,-8.487728385293584,0.8468429591816945,5078.999
6056485430280424064,192.33294125050136,-60.03583802255087,15.689086,1.3768778,0.3371249439551066,-7.315923518569381,0.9252994524005018,6316.6704
6056677604297320320,192.2653310805948,-59.91491814587532,15.689139,1.1936169,0.36837161608660274,-3.823218586653427,1.0886446959917198,6615.3755
6056678046628310144,192.34858359062423,-59.874891808653906,15.690303,2.6393728,0.18182106998889155,-5.323139798958595,-0.0019222686225678748,4835.067
6056692860022479104,192.39485564027083,-59.74400227055595,15.69242,1.0160618,0.539801572820902,-8.6181996206402,2.2245466020250393,6577.5435
6056492955063765888,192.73143534687244,-59.92447304846062,15.693466,2.467534,0.10623771855944894,-5.8094156383164774,0.8602038540726155,4758.1045
6056487285706522240,192.51575379450622,-59.97449368001643,15.698372,1.2390137,0.3772648078354585,-11.068571738074409,1.9030372851266724,5524.5107
6056493053799157248,192.75409259105177,-59.91181628758635,15.699589,1.3001947,0.4430508519276205,-7.880107383633344,-0.7885491262935639,6006.5156
6056655339184501632,192.1042214760395,-59.88740300163549,15.70007,2.0319319,0.24782679943870564,-8.17526902478438,-1.3747252533796446,4637.1226
6056674374481704320,192.21320439091,-59.969145650316996,15.700521,1.2874193,0.7328022630964678,-12.41888929474822,-3.988014219382662,5584.4688
6056493092502726400,192.79952247391523,-59.899473660485576,15.700587,2.5159578,0.028903501895220608,-8.16841059177233,-0.4031302047637896,4823.6265
6056693134900400640,192.37389105174097,-59.73090568403936,15.7010145,1.3342371,0.7230817692729335,-14.309891397565558,-0.19939858809403024,4971.579
6056683445453337472,192.8024955920371,-59.76639457189564,15.703482,1.2434196,0.12476989849146736,-2.183781075535423,-0.18032968498438248,7149.0806
6056677844815353472,192.28285699768531,-59.89497377044855,15.704997,2.421092,0.1917676706505168,-7.721268593468025,-0.6450417456093132,4459.9126
6056655029946849024,192.14855164374526,-59.913782964310776,15.705076,1.2433214,1.1506379183420505,0.7546667012181255,-1.483910842767676,4847.17
6056493981512494464,192.77972471021613,-59.8747589461884,15.705864,1.5411148,1.3981289718943055,-25.78596237733769,1.168238322038365,4665.289
6056487148267613696,192.69654413230214,-59.93672672162654,15.705912,3.110837,-0.0012377625065540035,-4.66188133090737,-0.1860854183430331,4692.5317
6056681143350353664,192.49488547630978,-59.752914687985765,15.706322,1.0990849,0.31786719028476634,-9.018383388554861,0.017037131835495198,6475.056
6056680868472638336,192.51146466134583,-59.7750053930096,15.70678,1.8855572,0.26166845285741336,-8.602229608540506,0.27917207739472777,4935.436
6056691863590022656,192.22594713479884,-59.767604028388234,15.711985,2.7902746,0.057871460125480986,-6.90716824080998,0.2503035182385584,4875.7153
6056483437415775488,192.67089083768204,-60.02900853625174,15.712555,1.3015642,0.6148271599759796,-6.32692875485291,-2.1249006474566516,5943.4004
6056677363779254400,192.6620565555068,-59.77637997715326,15.714533,2.2748861,0.24150775227323912,-4.859658018598197,1.584400636186828,4810.79
6056677020181842560,192.6655699699303,-59.82085214537813,15.715636,1.5328321,0.18968638907879298,-5.550697867181845,-0.10031037872747858,5928.417
6056486735950709248,192.64572199817556,-59.984675044069775,15.716327,2.6374693,0.15370409506052757,-4.739107792757567,-0.24309414220535402,4722.9146
6056681177710092288,192.45860909823764,-59.748715160319875,15.716805,1.1544828,0.6223117787862634,-12.40625724581373,-1.4105577394059738,6031.847
6056494638691198336,192.86881923317716,-59.82637840915365,15.72123,1.3093405,1.26794385954852,0.9669818849772094,-2.9987116057170993,4760.443
6056494604331436160,192.84424253019276,-59.836336875968726,15.723702,1.1017771,0.304358520896226,-7.49663939702484,-0.2222216858066727,7125.943
6056679627176303872,192.46829671709213,-59.83948329719966,15.724469,1.1851683,0.41409586360698786,-2.823212816587042,-2.0402266502842945,6832.2534
6056680146918038016,192.54646489142726,-59.8045672818598,15.725884,1.1265717,0.41188466605879426,-8.714851530107024,0.7831490769921701,7071.8584
6056679494082886272,192.38120697929259,-59.79762092354655,15.726007,1.5431299,0.26459070102926757,-5.39185072865716,-1.35709691558404,5516.1284
6056691519992652672,192.29612766196104,-59.75786390216549,15.726941,0.9293051,0.4058324575058319,-12.012970932549436,-1.1450939032158356,7148.3545
6056484571290711680,192.45757599833402,-60.06295042993876,15.727565,1.1622791,0.36298891205069217,-6.619400965859839,-0.17228540458495945,7067.861
6056680490515441280,192.53819342586397,-59.77401213193016,15.728382,1.4935436,0.46153090051118023,-6.909092809426132,-2.562859236803684,5901.4395
6056679184845215104,192.3565217372089,-59.82826814436235,15.731599,1.6203146,0.4861448655671325,-8.536083550805984,-6.279734371263753,4828.1147
6056673962165046016,192.40158891812166,-59.947523661112086,15.732234,1.241085,0.2761661009844082,-4.3835831406674854,-0.5966728761373137,7221.5776
6056673103171360512,192.26008299908327,-60.02366675730589,15.733942,1.872551,0.22664093792241588,-5.994571979404627,0.17681322683385614,4815.763
6056489725248350848,192.76867331410247,-59.95922238332461,15.73618,1.2313938,0.5051993403792087,-5.954316700377018,1.4079645640317051,6712.061
6056487594944194176,192.5328263581119,-59.94818626824437,15.740868,1.1302948,0.5295335800490493,-4.895699162659474,-0.6862965987056148,7099.6323
6056482956383015424,192.61308438861323,-60.059105861740655,15.744021,2.585391,0.10322371846655881,-6.579137684115027,0.6842030678549991,
6056654170953369856,192.13191553516987,-59.94365492513004,15.744851,1.2906113,0.5438964036459938,-13.803895179103108,1.1656442001258132,5230.788
6056485430280424448,192.33169494216403,-60.035204727117645,15.744908,1.3952818,1.1553396257563986,-13.935239383509888,5.927168198337048,5240.929
6056487698023427840,192.5809506025086,-59.92673713098822,15.746248,2.8198366,0.11619376246103047,-7.921583320652015,-0.10204353635286656,5257.1353
6056673378049489152,192.2575800390245,-59.99189479563129,15.746811,1.2311783,0.4354814132558197,-11.92879694397402,-1.9370879007237678,6424.2856
6056488007261071232,192.5942481489578,-59.930808247485906,15.75079,1.0149956,0.35443724184072867,-5.366036164145592,-0.7060651174868156,7819.946
6056483643574232064,192.68656349916748,-60.00953890822942,15.7511,1.1395388,0.4370076058477884,-3.773170974074152,-1.3270850010214308,7492.2017
6056488179059785344,192.70571412740412,-59.88681060399708,15.755349,3.0645628,0.12844598550692743,-6.855161442922723,0.48903968911331336,4563.6265
6056675611432506240,192.52985521247345,-59.90564969126085,15.755568,2.0894308,0.4171703120549402,0.9738263030672447,-0.7261659592700063,5119.416
6056681280789439104,192.55710378466648,-59.74799190511845,15.755965,2.4028254,0.07840683566569058,-6.745830235000151,0.6119201742603801,4560.8643
6056674374481698560,192.19856689132666,-59.975935279686354,15.757744,1.1232891,0.28710973870443074,-7.720712028466129,-1.3366045646900084,6861.847
6056675886310425600,192.64328495315326,-59.88844747309275,15.757923,2.3661537,0.20852321834807622,-6.188559607333939,-0.1273844265804805,4632.7153
6056493814057988352,192.77153150014135,-59.888338078165866,15.759976,2.2734556,0.09581320100151275,-8.191980856967325,-1.5035638186581237,6277.0312
6056686194232406272,192.67722539746833,-59.75644492971824,15.761791,1.5133734,0.2781601505153049,-5.462682592581754,-1.7742964177073834,5490.123
6056673584220011008,192.37178986506774,-59.988629364057864,15.762054,1.0541058,0.3254205691761928,-7.085712193592458,-0.5930512115257773,7342.102
6056680799752950656,192.4326792293702,-59.794509491643375,15.762838,1.4550323,1.7300527967615327,-16.509577778463708,-0.5716739140264275,4931.6064
6056486529792280576,192.5943416005583,-59.97909287216412,15.7647295,1.2846909,0.6043581719270421,2.596664547303448,1.7342242510493628,6026.9487
6056678291491982208,192.2894819987845,-59.865682014268835,15.767269,1.2216845,0.4525282709028552,-6.445195273746556,0.3368156705530316,6771.437
6056679253564704896,192.3641487542747,-59.81399797020523,15.769543,1.124197,0.550732358093726,-8.302061600924914,-1.9060526750095894,6710.989
6056676985822095744,192.6482901571713,-59.831778448304476,15.771854,2.3504362,0.1651246393484047,-4.01151256216329,0.22560780630826524,
6056483780997502976,192.73894529359868,-59.98140308667689,15.773183,1.2329931,0.5317367461784221,-11.719544972057172,0.2798691386587828,5969.793
6056653999154678528,192.17280441927343,-59.94613782185851,15.773971,1.134594,0.3474284876386319,-7.976909030617789,-0.4643082022417363,6480.504
6056678325851734656,192.33873051174763,-59.85232281594856,15.773971,1.4344616,0.5993326259328791,-5.0665213152596635,-0.23790994732372586,
6056676161188353536,192.63324273729185,-59.85652655921137,15.778643,2.9473248,0.0876839032408577,-5.863204724885379,0.4845559555635387,
6056682036704036864,192.80123533418535,-59.80606592998952,15.778916,1.5652981,0.3032075595004166,-5.498127380232244,-0.6610081699595538,4940.7954
6056682620819606528,192.82566820720285,-59.781590121288204,15.779359,1.4460802,0.6013973394307752,-4.525418209435026,-7.148817823658844,5169.2812
6056673859085990272,192.3843667801459,-59.96006514093758,15.780099,3.974,0.00951170788149739,-5.253642482712874,-0.06574021310361888,
6056487904181871872,192.7033519549899,-59.91138995563277,15.7813635,1.2146816,0.6597966023583247,-7.406414816192828,-1.685551099639505,6039.9224
6056481650709324032,192.49254461034806,-60.06003386687931,15.782378,1.4573584,0.7196934076982551,-8.663222219054083,-5.255447430737027,5503.3823
6056681486947887872,192.60884397456792,-59.71442881613379,15.783587,1.2952442,0.6031488650570249,-14.181572071064549,0.31003959051793895,5151.3433
6056486701590964864,192.6138325504606,-59.98669093867485,15.783916,2.2308254,0.1776888986911916,-6.80630546509109,-1.3290042063992824,4986.109
6056484640006567808,192.4453723542375,-60.05133962323049,15.784355,1.3440084,0.3398979700861493,-12.145799524330148,0.40286571721145736,6487.0786
6056492886344424960,192.80050651139388,-59.9202823671086,15.785271,1.29492,1.0756502242166461,5.142180940731904,-2.7558287903627465,4780.711
6056494295093587072,192.8033816550067,-59.834298005514285,15.78571,1.3817978,0.20467776000886784,-8.81200055158483,1.8101863253463852,5861.48
6056677501217932544,192.22105786624653,-59.92476788952731,15.786143,2.0403662,0.2749592882185467,-2.4053538931389262,-0.20373249070306562,4736.853
6056493161222203904,192.78466520058967,-59.89492795008674,15.786281,1.3850908,0.7556747497325027,-11.166176959086368,-7.591168840998938,
6056676470438122368,192.53555082644473,-59.87336715540896,15.787935,2.4387903,0.2137069365628075,-6.970897598613889,-1.2528892369534508,4531.3496
6056484571287070592,192.4572450394924,-60.069735893880036,15.788333,1.3745279,0.3308036482987692,-6.516309696932344,-0.6672875324088722,6503.8022
6056690862810755840,192.1382881403362,-59.83872346594398,15.788802,1.110424,0.3104487164649842,-8.66728139438446,-0.6773032159808272,6660.5
6056493882776715008,192.76532686277875,-59.87725332302896,15.789789,1.4579382,0.5706196712365033,-9.33515690122385,4.436989184414523,5140.151
6056683376733879424,192.75152990367852,-59.743917251061866,15.791063,2.1398916,0.17991254927025363,-5.734168791646857,-0.37910968133877665,4601.2104
6056488587033056128,192.82303826733755,-60.009661757876124,15.794357,1.6065302,0.9671513740677686,1.5761730864229442,-3.4605957465821087,
6056679906399739136,192.46113037687024,-59.81487714300495,15.795772,1.3693972,0.3724754498984881,-5.659802429740904,-1.757179327951487,5542.528
6056679459723130624,192.3392909132597,-59.816879795348456,15.798887,1.1159325,0.3853475554277629,-10.498710188622494,0.7699477654728005,6821.5234
6056493534838559488,192.8896893082164,-59.86639499429683,15.79916,1.8353596,0.0722795787609852,-7.760976130402774,0.6607857967979814,5095.1157
6056683136215694464,192.7683262581291,-59.76136142268206,15.801431,2.1894445,0.11693179882388588,-8.644076617862355,-0.6510441943729066,5243.9277
6056482715861265536,192.70378569294053,-60.03610571351668,15.802101,1.2720346,0.5264623603700143,-4.932512750117221,-0.09101047583042324,6729.1616
6056673274929223168,192.23995724736366,-60.02096728465568,15.80277,2.241891,-0.2703323045288682,-5.4107466459313525,-1.0338447439194476,5045.245
6056691210754975872,192.26927095406992,-59.79253677481594,15.802797,1.0220861,0.3882115948850675,-5.836671629186,-1.555067387241517,6237.507
6056691348193947904,192.33298187259928,-59.77573387125672,15.806229,1.3454437,0.35088447691525537,-6.402297327123111,-0.37260219713653764,5163.6284
6056691073316016256,192.21348051309255,-59.795973277266825,15.806724,1.4100733,0.4063945858530205,-11.904352440953712,0.5439546837658822,5119.3145
6056486529792279808,192.60699720713876,-59.980755314273274,15.808362,2.9117117,0.02012688413740622,-4.160673761494327,-0.6264064998069143,4974.2817
6056683239294897920,192.69065192085552,-59.76892764674009,15.80864,1.8615294,0.21321624000734926,-10.137324215178555,0.4563676283858195,4824.6567
6056650941138024576,192.15442914667975,-59.97925275567831,15.808811,1.1506805,0.3901712532273987,-5.157929853366693,3.5400973506271,6312.6216
6056486495432520320,192.57057286401695,-59.99731746219266,15.809247,1.2348013,0.6163204760644665,-8.189179651521215,0.0457524516854945,6606.284
6056482784580661376,192.51972373769755,-60.09027895583623,15.810195,1.2965326,0.726190219992447,-11.037616475724027,-2.974148946956824,5239.994
6056486564152012160,192.553491092939,-59.98133525961908,15.810219,2.268959,0.21784608908535025,-7.373922732187907,-2.7170240851212153,
6056486976468890112,192.60410309645454,-59.97023796564734,15.810966,1.0365639,0.18888213818727295,-11.958074518243981,0.19059827644794158,8017.0234
6056674443201186816,192.1946513362256,-59.95925548723035,15.811333,1.2481785,0.6093220094089131,-14.489758189913431,0.7622725416889098,5809.694
6056494668706935424,192.8307362014025,-59.82140989562114,15.813015,1.9527502,0.15752624293401346,-6.876128576515494,-2.106822169141261,5034.3584
6056488213419521920,192.6550912899267,-59.89410119902233,15.813492,2.2251654,0.28248928645749777,-5.400440476537175,0.5071990403503313,4837.772
6056691073316011008,192.20507222097902,-59.80129095679871,15.814321,1.8759375,0.23134783807220233,-6.987889795882399,-0.12585846433061892,5331.932
6056679494082891392,192.38857926973168,-59.79204214673711,15.815993,1.1768465,0.37557286151964514,-9.882998256264218,-0.5853077740520292,5807.452
6056486942109165056,192.65146638070405,-59.95820528096504,15.817328,1.2274961,0.536935551636561,-6.791534865471729,-0.15309136283079142,6754.032
6056494192015115264,192.79223000206179,-59.852928738969084,15.819781,1.9420633,0.26147430675151134,-5.380868670217663,0.9458533726912162,4792.5093
6056678016614057216,192.31412416914907,-59.88734424159783,15.820746,2.6126194,1.2607570588563035,-6.376646426638059,0.9074805028179721,
6056679700241300864,192.47456851947473,-59.82632576834266,15.822096,2.2393055,0.18144193940135595,-7.492825499927289,0.70560601879307,4746.1406
6056673824725888896,192.33415548025235,-59.98173236542021,15.823017,1.10044,0.5017451395289446,-4.939704776789612,-0.5727378904807142,6849.743
6056482681501542144,192.75508985575624,-60.0279763169919,15.823742,1.8641205,2.755882198919452,-26.21962056642708,-2.208240315434837,
6056487801102634368,192.60318879282553,-59.941256733851915,15.823965,1.3336325,0.7118508926697446,0.3399824478577843,-5.6865829220854,
6056673721605138304,192.44448301272723,-59.95605126858593,15.825718,2.2457457,0.29337727207849107,-6.834119623707916,-1.1534705084922052,4942.119
6056673756006432128,192.40069382322235,-59.96219422658602,15.828177,1.2483244,1.1732864805189445,-4.844425251938487,-1.6250739460063408,5297.091
6056486117475351680,192.53024284999648,-60.03111763502714,15.829683,1.2989798,0.5118741936259084,-5.496353047105795,-4.885465494749992,5789.5654
6056676676584417664,192.4597906161751,-59.85791877050084,15.830701,2.23349,0.12024397379965607,-6.463663708544678,0.8796752701046142,4937.333
6056483540495030144,192.71205620509727,-60.0003130157018,15.832578,1.3511639,0.34065947350369763,-5.889283014604234,-1.4998038131538034,6717.391
6056487285706526464,192.5204336910038,-59.970776794558574,15.834026,2.3745575,0.1515943339940846,-6.518706851694008,-0.001233046390410036,4556.992
6056692104108190336,192.19474560672074,-59.765752218299,15.834816,1.1698275,0.4340592249971297,-12.073633077009422,-1.8006305700238117,5889.1475
6056679214863197824,192.39788648142252,-59.814119377970506,15.835045,1.9557085,0.193973858247037,-6.398654509471619,1.2065132924242907,4851.565
6056679494082891264,192.39083254803495,-59.79227367195417,15.83633,1.9805164,0.1901854550996486,-9.396372449106376,-1.5952064654033564,4895.9233
6056492714545595008,192.78736062836464,-59.937101922915126,15.836838,1.6947308,0.5434638439181895,-12.653985817975455,0.9953952953828189,4866.861
6056675542713027328,192.47097949712136,-59.908878640262515,15.838588,1.4271173,0.5555300362241675,-7.082065013158716,-0.03159130497095897,5115.4575
6056679184845208832,192.34919234999128,-59.835257504936756,15.841322,1.1135292,0.5942841450586441,-6.137500755463153,-1.7092571322645593,6221.8984
6056489656528872576,192.77246256634322,-59.970106468288165,15.841431,1.2917566,0.4551962819490555,-9.275071294255753,0.023653255496064857,6612.772
6056681658746582400,192.59469468669525,-59.70394642139657,15.84324,2.00708,0.15159354666210276,-6.846429641568868,1.1976466538905846,5364.136
6056655304824762240,192.14245979899522,-59.89534603366008,15.843583,2.1235847,0.22807209984161045,-6.9319930315145095,-0.4368071171092396,4924.2666
6056691485632895360,192.26234898836015,-59.77562571377983,15.843693,2.572505,8.82828550904917,-17.65811103291118,-17.462643079260364,3466.9836
6056481650709309952,192.47901675515112,-60.07084738732291,15.84593,,0.5821920871669692,-3.963096739243002,0.2792516570807456,
6056493156878390400,192.80506495690466,-59.893193075493734,15.84606,2.1307936,0.15685516728397453,-7.38265226804721,-0.14296345240652075,4640.323
6056494157655376512,192.74373400467204,-59.85130606290966,15.847283,1.3848467,0.4214789193504509,-7.230547206101027,-1.6418510581609589,6404.647
6056681070285409152,192.44459114199844,-59.75989482040054,15.848381,1.7128382,0.18270285859703883,-4.161333972842445,0.6987818099490792,4936.601
6056681590026955776,192.51553798847152,-59.730594812595804,15.848949,1.0876818,0.35396374161484584,-8.11345817870943,1.0617186971407273,7454.3423
6056484640006556032,192.43948536478726,-60.06035022624099,15.850745,1.6968575,0.24642347433429915,-10.867226411983872,0.5866246920686258,5328.5054
6056482922019641600,192.5851034371679,-60.069564158731595,15.851557,1.283164,0.5443276255488998,-0.7184483037888727,-0.9020667476464843,6862.8755
6056678738168587136,192.26724464818602,-59.85473933575757,15.852844,2.1399384,0.05421583581479532,-7.737756035867273,-0.2104645517027141,6740.305
6056489622169275008,192.8419592390751,-59.95219048230978,15.855271,2.615613,0.1712235099657759,-6.991694025451724,-1.2751746029189523,4795.4834
6056677157620798592,192.6019143934653,-59.81113076285254,15.855444,1.1778803,0.4120840643177725,-6.993170387493145,1.0225882107365576,7177.8003
6056676539145469952,192.52605984350748,-59.85473042993939,15.855987,1.3079662,0.38604147183525506,-6.925710240399412,-1.0538808017712946,6655.032
6056487899838394368,192.69436305578859,-59.919981824898755,15.856016,1.2194567,0.5770357513407668,-2.8868086522036998,-0.7094112040427166,7095.7827
6056484777445386496,192.36797538556138,-60.05516714900162,15.8571415,1.2509651,0.48180209070658137,-9.666616809288973,-1.2940962087926786,5809.499
6056490206284857728,192.88165771453535,-59.929696461189245,15.858489,1.4037075,0.2795838245917701,-6.702556096018301,-0.35087766932348247,5596.41
6056483128178077824,192.5012957452179,-60.05735789295249,15.858678,1.261713,-0.7128755764576342,-9.648117845386647,-1.10684272105494,
6056489897047197184,192.8442171521787,-59.93201450727917,15.860442,1.1486492,0.20061683796325086,-6.260936434826068,-0.8664675734791186,7084.713
6056691653084846976,192.34488012606334,-59.74621564368378,15.863358,1.0129166,0.31308825830139675,-6.5481715965823,-0.7887478508573459,6624.6646
6056692344626408576,192.29292471216797,-59.73175214550485,15.864095,1.1241922,0.6158121554475752,-9.539626537248017,0.4695018763900511,5708.784
6056680902832176512,192.46656272647527,-59.776558940025524,15.864894,1.2162142,0.6939164594528863,-4.861369610184284,-2.491871851117021,5728.9653
6056675851950832768,192.62125443611248,-59.87361840029206,15.86712,1.212492,0.45822562389791055,-7.829852437325265,-0.5064869229620623,7281.3545
6056676985822204544,192.63287834842583,-59.82584244299087,15.86924,2.3118973,0.17161384934966295,-6.512242838000308,1.4318847400397505,6085.2827
6056690592279653632,192.17172224818768,-59.85200912645622,15.869688,1.0513163,0.3655941368995249,-7.927138743263658,-0.8715725025718011,7346.634
6056483025098892288,192.6241304221263,-60.0430225415862,15.869935,1.7749224,0.4162138683248414,-11.040871805831813,-0.3521271863655947,5135.6577
6056494398172991744,192.83689025278605,-59.84568894596355,15.870238,1.1477251,2.2459005114950483,-7.332417177651703,0.8263830008836982,
6056693341058890112,192.5161990285266,-59.70846293532029,15.870845,1.0905704,0.23479682803571442,-4.077949245596778,-0.8634819717766226,7328.539
6056681452588145152,192.57617581837158,-59.72424482906527,15.870989,1.199688,1.0539643835417667,-9.711864253304697,0.3341609930502351,5161.908
6056492680185852416,192.74901216812043,-59.9481781810497,15.871336,1.3659563,0.6174851896857729,-2.060653644780082,-1.5608591148058921,5349.756
6056494222030316160,192.79896952187377,-59.850951927546944,15.873593,2.039897,0.19687026506245225,-5.597691619144239,0.12440351893631084,4807.667
6056655029946844544,192.13508463536465,-59.92292776715717,15.873608,2.3401651,0.10834230995463766,-6.576910417029087,-0.12337130990121056,4544.309
6056678532010121088,192.21114624516866,-59.88903237012163,15.874824,1.2830935,0.681681304979453,-10.788671603239624,1.8310142032513363,5346.852
6056677398138693888,192.1880300105817,-59.949020342648495,15.875299,1.2039604,0.3027391081125688,-8.292660908892676,0.16454672678120913,7116.818
6056680971510549120,192.41200535690467,-59.777221716111164,15.8754635,1.7680845,0.3847055290613805,-6.526211399640046,-0.05128531159631592,4939.4478
6056681246429691264,192.537039565289,-59.76460127616016,15.878678,2.8752747,0.06722825735641201,-3.7695266875636646,-0.44756849652638553,4838.375
6056483196897590144,192.58941613062157,-60.03614296272199,15.879119,1.54774,0.40169645676786875,-9.09864622622707,-2.4278572842464383,5209.4927
6056678566328385792,192.1725729643514,-59.89652625406979,15.881601,1.6245451,0.2653645396157933,-6.000617073700877,-0.3302043496000941,
6056683308014387456,192.7456003372564,-59.758000833356675,15.885198,1.5961161,0.2819468190106414,-7.183565627213484,-0.9849569024402458,6011.233
6056484743085647616,192.4104778647065,-60.059018225162404,15.885477,1.3300877,0.5820196929014898,-5.701146854563559,-6.207208560690624,6319.6675
6056692413345905408,192.35627628286244,-59.721408577853815,15.885807,1.063014,0.28958886545757284,-4.04113273044219,-0.40550691279249756,6961.5503
6056690695367646720,192.1905092700517,-59.83504443944878,15.886131,1.8967295,0.16287896649371586,-7.586853906233744,0.07901256222816316,4726.608
6056679665881549440,192.42826792138212,-59.83829926785674,15.887584,2.4297523,0.1538891074784562,-6.256880266088208,-0.7028621832721632,4560.9966
6056691863590016384,192.2214024390255,-59.772296603587385,15.888161,1.2267542,0.6971898463301244,-2.151563008961852,2.347803900686951,6388.585
6056678836902299136,192.16247084364377,-59.869678111251375,15.888377,1.2048368,0.4481110436498766,-5.5123676546095055,-0.5182793313850186,5760.648
6056673446768771328,192.3246725993906,-59.975086595257416,15.889416,1.3147964,0.7975987877521209,-7.609896444314013,-1.9585336655872672,6691.6675
6056484399488261632,192.35603051273242,-60.0603918775125,15.891879,1.06211,0.2894622703384923,-7.768416996791552,-0.4871294932182422,7818.2886
6056690970236794240,192.18743102012456,-59.80350964429018,15.89192,2.0376787,0.18789962909168517,-7.3951789690298915,0.32464529513689694,5060.224
6056680524875194240,192.57971820202687,-59.75032597294891,15.892081,1.169177,0.26486276359174754,-5.394300101401944,-0.2816558843983461,5356.844
6056680181277778816,192.5804813180707,-59.8031987449619,15.895106,1.9599171,3.0614732013110055,-3.784280323160346,-16.56207234279485,3767.7039
6056482612782044288,192.6928703566085,-60.040773616822705,15.897124,2.959383,0.08322053470726512,-6.8173978343363295,-0.15632888529174538,4699.214
6056674065244112768,192.4387910422979,-59.92676465360642,15.900062,1.1453218,0.8083495925539186,-6.392575157858571,-3.8444851956135153,4976.964
6056653999154672640,192.1647847229021,-59.95180336286983,15.90363,2.4833431,0.03577475374905929,-6.182216251003824,0.2262026801250341,4907.7476
6056677123261045504,192.56247272030873,-59.829795119648736,15.90449,1.426322,0.7509740397759607,-3.0495173186013282,-6.512750066812195,5437.804
6056673687286944512,192.41276206226195,-59.9765165402213,15.907126,1.239152,0.6004475722140795,-9.505037069371117,-2.2653094695584213,7087.903
6056681796185845632,192.69733656472022,-59.85584251948268,15.907891,1.2693577,0.6510728180638486,0.03551262300871216,2.9407187600217064,5137.976
6056675783231352704,192.612528689401,-59.89714482050367,15.908181,1.5598011,0.6157289303735595,-4.004536858478573,-0.40433406164875785,6107.519
6056493917136454656,192.78880868771137,-59.875648191977476,15.908677,1.3228931,0.9389455405026464,-2.196336987328837,-2.5029447193680263,4979.8335
6056488144700043008,192.66853748852628,-59.90300794379151,15.913466,1.2147064,0.2622881701319357,-7.1249908231123955,0.683151705258251,6916.7554
6056673859085991168,192.38837259030942,-59.953558550958014,15.913525,1.2352266,0.5208435398023392,-11.159396181352244,2.1740264090543455,6530.5425
6056693409778594304,192.51732177248962,-59.69535905820159,15.914927,1.1126614,0.3953842029517859,-7.3414039261753175,0.47348223665037154,6757.3965
6056483368696296576,192.69191546562737,-60.033308613681335,15.918376,2.623291,-0.02076352721096249,-6.616979253658253,-0.6328092682561248,7688.9937
6056687289398113408,192.65040630044706,-59.71364625128996,15.920752,2.0698662,0.13185272638992215,-5.741480823122064,-0.08085399984027146,4903.748
6056680112558312064,192.50928915902503,-59.78237907158783,15.921853,2.6247702,0.02111630982892048,-5.2051184026360655,-0.19258401906658557,4681.208
6056485189762247552,192.31063262456084,-60.04955319474236,15.923036,2.6789436,0.07551812891129905,-6.069209249525193,-1.433456334431372,4806.9224
6056494329453514752,192.84703007449275,-59.85205954128448,15.925104,1.1435976,0.29365370082240666,-9.177152262501588,-0.7424582206348367,6705.995
6056493917136454272,192.78288759476166,-59.875606720457256,15.925205,1.1909418,0.5017508124629925,-3.1922367412959254,0.0038314182175156466,6003.582
6056489897047202944,192.84057028938054,-59.92138666893695,15.929046,1.3796072,0.577818114878383,-5.547386709775655,-8.410393639387706,5039.233
6056494638691195136,192.85340528017028,-59.8194528712735,15.929949,2.4587927,0.03017746048225168,-5.46658369412429,-0.2312328819216322,
6056679322284161920,192.2985926893225,-59.831560752405636,15.93045,2.1168108,0.1703744926128578,-6.291928292065042,-1.076127494117466,4825.902
6056674340121984896,192.30300043656257,-59.95216210029577,15.930805,1.2898779,0.27018584055700784,-7.276112573794495,0.006366752980121364,7239.2056
6056691726151039744,192.1619193002957,-59.797860965059236,15.934754,2.0034437,0.22283056258067954,-5.295739729161617,0.25346215579110776,4761.5303
6056681074630872704,192.4250407900458,-59.76104040436174,15.935627,1.217371,0.6074721863238074,-5.463787860986334,-0.9725059300318815,5694.968
6056485602063226624,192.3806990706827,-60.03394531868474,15.935893,1.4287424,,,,
6056673343689532544,192.2217939238862,-60.00773119182378,15.938619,1.3533125,0.7963160426331065,-2.4343014218173593,-2.371142705336531,6301.677
6056484743085772800,192.41412636809065,-60.056726204793435,15.940068,1.3844643,1.2133513199407318,-4.326624455050414,-4.357435525705556,5063.7866
6056686297311639168,192.68772467859628,-59.74010642135759,15.940751,1.8964939,0.29562736315314947,-6.229493096068232,-0.763872381281801,5828.4873
6056682174142983424,192.7174445105314,-59.808286142289006,15.942287,1.8114147,0.2578674247436802,-10.665610632243418,-2.40936380852604,4960.118
6056675542712867328,192.44884135349645,-59.92420225662832,15.942383,2.3356524,0.12466765157633514,-9.756329772204126,1.1680659770924402,4903.8584
6056679047418464768,192.29799136129182,-59.851160427968146,15.942604,2.0281534,0.07542482543278207,-6.565874496426303,-0.8093792559684952,
6056492748905334528,192.75390894129512,-59.93047686184865,15.94369,3.0790434,7.715030569385452,-0.1993576300445472,-72.99534785843372,3327.091
6056486804670210176,192.70763323336578,-59.96584918135051,15.944878,1.1792097,0.441476219073536,-4.725486082440216,-1.0402970318471136,7196.459
6056683101855946368,192.74621750487967,-59.771261214521445,15.9459305,2.40493,-0.04513456447678432,-4.888747224420078,0.23744843639932775,4597.6323
6056679047364907776,192.29862945176814,-59.86173629768223,15.945935,1.0816317,1.063277891611478,-10.040088723964807,2.21441027001622,
6056489587809522304,192.81009288576846,-59.963601939670355,15.947195,1.1971798,0.23959540513018646,-3.9875180222438584,-1.3461596233177224,
6056691142035485568,192.27393784861778,-59.81244616588087,15.948154,1.2598896,0.3199664590736956,-6.017303221941788,-0.6204453356797697,6317.2773
6056683136215696000,192.77920726342936,-59.76051317560293,15.949674,1.4543533,1.4124826040991576,-12.44156285138958,0.33655335740874465,4548.34
6056682964416967808,192.68032849098964,-59.80298168220745,15.951248,1.630516,0.28343914590862057,-2.889233096014142,0.6832907061013856,5029.56
6056673927805128064,192.37376248838757,-59.953733717373275,15.952395,2.207098,0.16048290701954554,-8.16762693339382,-0.6091156053679352,4843.9536
6056654205313112704,192.1565314695497,-59.94079690210325,15.953687,1.117609,0.45657789481646704,-2.5026816347156653,-1.7415884303839957,6109.2764
6056693130553623680,192.37860689128698,-59.7279646632884,15.956383,1.1268425,0.5579941756388784,-3.719810289942838,-1.4672955638360805,5931.653
6056681864905325312,192.7163356359895,-59.840999422036795,15.958034,1.4694729,0.6027930577488885,-6.867647616342825,-0.9151006617811935,5147.4424
6056682620819766016,192.82027188314115,-59.78745419628481,15.958196,2.102275,0.19089233038778708,-8.536892843348664,-0.47048899866484617,4837.374
6056482647141778944,192.71107581586412,-60.04450386727949,15.958828,1.3648596,1.2941267666823815,-7.707472871510367,6.00451848465489,5044.085
6056690798438099200,192.22189015218163,-59.812224406279874,15.958965,1.2227964,0.4934480439257362,-2.06645861729338,-1.713378461285361,6016.628
6056677020181840128,192.6518315614469,-59.82401161907488,15.959031,1.5264349,0.41582525421402544,-5.463190443052692,0.48585595513953095,5160.6274
6056690695358875008,192.1849248700376,-59.827420908063765,15.959171,1.2167082,0.4747020784078765,-13.015629370745744,-1.86395892139095,5227.504
6056667124576260096,192.1220226318087,-59.86734649211021,15.959656,1.107625,0.39081098929067043,-3.0978421627232717,0.22975641105502148,7016.451
6056484605646827264,192.48219873557682,-60.05592927403873,15.960665,1.2563143,0.359766523110534,-7.15101283918384,-1.7857024625989433,6600.2085
6056679425363405824,192.325246275717,-59.79791158378132,15.960966,1.2294455,0.3506459311007377,-9.877270167250106,0.9032758330642389,5382.4756
6056494123294881280,192.70581690584888,-59.87790954988828,15.961431,2.0093336,0.29962558981550635,-5.974458329768008,-0.1431782856436583,4841.3906
6056677363791344128,192.66288509925226,-59.781291319360484,15.96185,1.5895271,0.5553774960270349,-14.13811492239542,-0.8088277291003554,6311.8975
6056482131745649024,192.62799099358836,-60.08139045319283,15.962071,1.4492474,1.3233842664591562,-17.128205935145434,0.4800339616512313,4723.8296
6056494599987451392,192.84303060211877,-59.83156753667252,15.964834,1.1325197,0.28714653802985757,-4.223253286640296,1.079761426458656,6888.581
6056679043060748032,192.30629006853638,-59.845866675595396,15.964854,1.2383299,0.8360199961120431,-8.493011024957159,-3.2847638935746186,5075.214
6056681899265066624,192.74292498865285,-59.83341638849272,15.965838,1.7678127,0.23389383187763152,-4.24107324069985,-1.993399965737188,5084.3247
6056677707376370176,192.2169569630265,-59.916785029664446,15.966775,2.1859112,0.1345736275967371,-4.629512692455388,-0.5235998292080603,4693.985
6056674443201192064,192.20842783905962,-59.9535893435225,15.967275,1.3406439,0.21289838493115912,-5.003264991836991,-0.030294008825906004,6006.8125
6056486388010222464,192.5405002419585,-60.005201075209726,15.967417,2.5747528,0.17559217926212478,-7.4824157902942945,0.988966045047352,4564.5537
6056691142035482112,192.26913113912968,-59.81679706831223,15.968478,1.7686129,0.24696159704482956,-9.788992147314215,-2.807534263304389,5057.669
6056494673050712448,192.83177854857854,-59.81534351858801,15.969398,1.368084,0.5082779419403742,-14.337091182003434,-1.4773567847652045,5400.3555
6056679700241298688,192.46124433005443,-59.82780058062796,15.969407,2.217164,0.09912983779856904,-6.37489223141585,0.11473292554968954,4845.9404
6056691176395582592,192.31031604004014,-59.78931561358479,15.970645,1.160696,0.48889852954094454,-3.874612537298912,-3.624228535183043,5935.0664
6056676607864807552,192.4674901628501,-59.87379462653857,15.971321,1.3586903,1.2236508483511295,0.847669994240063,-2.3192619750745957,4733.094
6056681143309288192,192.48939139743155,-59.74999158580449,15.973187,1.2107983,0.42062217520256573,-5.025836174273424,0.04788300991118953,6199.327
6056482578422279040,192.6414168154685,-60.056485614174676,15.974839,1.3095226,0.442404559804132,-10.181173317413352,0.6387133264016923,6697.842
6056483849732712448,192.7385897924877,-59.96508021993713,15.975779,1.358283,0.4831720567799398,-3.40967650358595,-0.5232161872666019,5816.2324
6056486323633822720,192.58663685121056,-60.00339406157967,15.97722,1.3670006,0.5469744851833737,-3.66122784310676,-3.881976228331858,6740.631
6056483746653465856,192.7105439930985,-59.99448282587006,15.978679,1.0953369,0.3220524847690829,-3.3179289765281257,-0.2371507332407015,7805.08
6056679597162056064,192.43867303862348,-59.85824340533464,15.978763,2.3713388,0.11672596589069467,-9.07449861730002,0.310866472087308,4784.7256
6056691554352388352,192.33384831083325,-59.76416844895932,15.979171,1.6286612,0.1856342574900789,-6.584667258002313,0.04431156944592789,4889.7935
6056484399488258560,192.35065344037977,-60.069252860562415,15.979976,1.1975927,0.2668734750469918,-6.290814042516871,-0.6962536510408718,7125.0977
6056690970236792448,192.17019842674378,-59.80519486360615,15.980062,2.1997547,0.19102639917440248,-7.499928721337498,-0.005220030931956971,4646.2754
6056683376733866752,192.73610808262853,-59.754725732988575,15.980294,2.2778912,0.10065918847171991,-7.047938665380212,-1.3617249670892781,
6056485636438858752,192.3908823224561,-60.02944235329179,15.982645,2.2724218,0.1275009194685335,-6.738671348188925,-1.5271483994887962,5181.7603
6056483196897584256,192.593184391504,-60.040344176428945,15.983502,2.7740822,0.04417637649705744,-5.355779650146569,-0.93549612366912,4837.921
6056681074630874624,192.43354321844097,-59.755353827423406,15.984688,1.2786226,-0.5873307820987561,-9.596606976707298,-0.8088522078006654,
6056653999154673280,192.15485775023924,-59.95001145048982,15.9855585,1.2427673,0.3443554346356573,-6.945623965751031,-0.3533534777083172,6297.6475
6056654274032596096,192.15131209606096,-59.932132997644715,15.98615,2.5015316,0.11683469786763181,-4.505844655402631,-0.06791643039266548,4812.9165
6056674752438870912,192.3521123999673,-59.92799886500144,15.9874115,1.3191891,0.9830761869662463,-16.707360202714803,-4.103188129419477,5112.622
6056655098666373760,192.15262338920647,-59.893390712475934,15.987614,1.4622908,0.3600902442371463,-7.705950239224472,-1.6090453742380555,5048.304
6056692860022463744,192.3878251785497,-59.75505910803361,15.991488,2.1558342,0.18818035522461782,-3.022968723358751,-1.209923518651427,6090.229
6056676951462344576,192.58724924066297,-59.842762337385395,15.99216,2.665392,0.11833842119488899,-5.639364300148566,-0.05296533270879318,4601.516
6056677741736121344,192.1954589316828,-59.90329502814362,15.992423,1.2413654,0.43971821362563224,-5.347635379583741,-0.059024864846038444,5703.716
6056487178283794176,192.4863742764137,-60.004841823196294,15.993678,2.2070007,0.14306980803021271,-6.562105596469148,-0.28073340378700495,4989.9785
6056678360211477248,192.37182907551178,-59.85093158626917,15.993954,1.5215073,0.42213004956247524,-16.026371681772257,-0.09088555361250122,5251.098
6056484674366329216,192.48405063435453,-60.03584690156872,15.996134,1.3873415,0.46299483090826593,-9.691121037823878,-2.8752980152418353,6479.398
6056482642798270336,192.72445347838047,-60.04366348258992,15.998849,1.29321,0.40287338410324364,-3.2111298606131706,-2.20654891675804,6551.7617
6056674271402507008,192.31341757983984,-59.95445752190059,15.9992485,1.3678551,0.4126258573108281,-5.801083159463201,-1.3238041835348011,6499.33
6056674030884363904,192.3995486915978,-59.93309900617228,16.001091,1.3685484,0.5357688255506136,-6.5512727001234765,-0.8164455202498354,5131.5825
6056489652184992256,192.7562603474164,-59.96892602576975,16.002697,2.7653341,0.11904211062132904,-6.651570049137514,-0.526886257038428,4787.534
6056655029946896000,192.13612959561922,-59.91783133695142,16.002857,2.1664648,0.11548420767489698,-6.566005971373945,-0.4955189842629036,4942.068
6056488621392783744,192.7619324389697,-60.017349780026805,16.003267,1.282136,0.5478091383959852,-10.622439896072445,0.7197854654243787,7480.3696
6056673206250583168,192.30406778758712,-60.0074039136531,16.006151,2.1672945,0.14419507432943507,-9.945317017343283,-0.6254758943845463,5147.711
6056492920704848256,192.84086467425095,-59.89464781117788,16.007746,1.3490286,0.4210575075519428,-20.348918779282734,0.9884294982765859,5388.791
6056678497650359424,192.18052301894053,-59.9069759595816,16.008047,2.11697,0.1983463174758753,-7.268794933211673,-1.4524836369050385,5154.673
6056486701590968320,192.6293551725829,-59.98474211541971,16.00844,1.3316422,0.5110573520705773,-20.797611095472494,9.208480648809758,6409.9863
6056678428930958720,192.36455909536215,-59.84509637744068,16.008512,1.292553,0.38742464009158517,-5.618671794511753,-1.8940647887348876,5634.705
6056674030884364288,192.41207848241228,-59.93386542179465,16.009132,1.3281479,0.36474537341408747,-11.22815393586327,-0.36842651192548703,6451.422
6056677569937577856,192.2792509357286,-59.92333907633586,16.009766,1.2439184,0.607112781174486,-3.01389962543693,1.002380868464368,7167.712
6056682242862469888,192.7846528677135,-59.80216306698344,16.01307,1.5362434,0.4212835401402085,-9.02457755502225,-3.7038776738280976,5441.54
6056655300481502080,192.1522229213532,-59.88933417847356,16.014318,1.2451077,0.4362392802571998,-13.065307318734154,0.735604981613945,5751.3076
6056483437415777536,192.6687434405996,-60.02646760208699,16.015108,1.7297087,0.4198764478575789,-9.750367570811692,-2.436710182899615,5078.6504
6056675542712875392,192.4441146257611,-59.917357465473565,16.015808,1.32479,0.3183443843463348,-6.072314862617229,-1.116611470395973,7310.2646
6056488557017348864,192.79457869640186,-60.02149544605119,16.016714,1.3734236,0.3796738335299748,-5.80767445079803,-1.1797328411614114,6518.8193
6056691485632904576,192.26868982723627,-59.76570817441575,16.017553,0.8609896,0.19161959034272208,-4.556538331245736,-1.4999803918248689,7993.6304
6056682036704042624,192.80606750645669,-59.79936784050999,16.018003,1.1793909,0.5207573807516912,-7.521822819612381,-1.1717545879680822,6699.3203
6056679940759597184,192.42990174752677,-59.810868813710755,16.01839,2.486393,0.04996025302171679,-5.84676286491629,0.1137997898153779,4461.3374
6056667468173691648,192.12407685834555,-59.82960668153172,16.01892,1.1460085,0.3399998544099315,-6.183619019469857,-0.5403913500405083,5939.506
6056677398138702592,192.20663073157883,-59.94024513376082,16.019444,2.1187782,0.06812726098898066,-6.124299343022943,-0.8369011089652365,
6056692241509843200,192.25481014968224,-59.768615091131046,16.021685,1.1899595,0.3808220088621361,-5.496296790359479,0.35350118694680616,6023.244
6056489862687439744,192.80929696660874,-59.94011312633498,16.023958,1.216897,0.6237552385916628,-11.253713040305932,-0.8606456661882074,5840.2295
6056483128178078848,192.51597753512578,-60.05808881568296,16.02406,2.591138,0.12675707117166052,-6.94436292016572,1.1613181520451805,4965.5728
6056678257132242688,192.34181801279894,-59.871458666138274,16.024488,3.4034872,0.13315983873563242,-5.220098142670674,0.013014055735761601,30008.572
6056494398173247104,192.85121719407283,-59.844924550697336,16.028173,1.2550488,0.5319567750939442,-7.169925603723989,1.7796653878803221,5205.3447
6056653896075434112,192.14008514445678,-59.975617985753104,16.0289,1.2940474,0.2747366702611219,-7.397361931182797,-0.22911121861057485,6426.9526
6056485189762356992,192.30776420126622,-60.06150223346843,16.028963,2.4045362,0.09226199688497894,-5.86273843533956,-0.8545413847831554,4758.789
6056481581989827456,192.48803924510503,-60.07791697338376,16.029013,2.9214392,0.15264689528150382,-6.0082425235117976,-1.4446327161673178,4734.3755
6056690970236792832,192.18626346590116,-59.805237889670856,16.029078,1.3264322,0.4625188969479306,-8.649795001813345,-0.2708403453176661,5061.0576
6056678944327018240,192.25156999568972,-59.85233938691482,16.029562,1.3331385,0.4642420919044372,-4.130528646305417,-0.775015856841604,5887.79
6056690931533956736,192.1569869072073,-59.81471840975934,16.031609,1.1772499,0.37598141809563207,-10.729670155510977,-1.4204983771827813,5518.691
6056673584207716352,192.37209624129156,-59.99057067665737,16.031963,1.6174784,0.2703914124736446,-6.1350267022688625,-1.8537459019272553,5081.364
6056682174143158528,192.73441096580618,-59.80052201677879,16.03202,2.2562056,0.1464133448691945,-13.187851895575765,-2.3725669590199603,5886.0093
6056673652927397760,192.36975203669948,-59.98338904957839,16.032104,1.483985,0.49916053034692615,-4.762522823086869,-3.4934812396744483,4990.707
6056674855518106112,192.38326352971137,-59.91412134674232,16.035269,2.4741507,0.18014504719343283,-6.903932455092538,-0.9389414373650706,4855.0205
6056486495432518528,192.56671065719416,-59.997676207533516,16.03687,2.8275146,0.07665131412569627,-7.624698921017593,-0.856404015454759,4788.4277
6056494020215675776,192.80427886938136,-59.85802128635585,16.037086,1.5109663,1.0894938873048448,-14.141495591180258,-0.5370083433876987,4473.998
6056482750221031040,192.75954618955777,-60.018848840529536,16.037294,2.6310606,0.1366342885054307,-4.173957387244295,-0.3892816406151476,4993.0557
6056673584207716608,192.37425893102173,-59.990492745928805,16.037891,1.234911,0.7034789761796855,-8.091307972245431,0.17046015388362665,5903.678
6056655098666328448,192.14496702577574,-59.90686644925776,16.038216,1.1567678,0.6689499936017927,-5.645675341666705,-1.9297915348860128,5742.505
6056678360211471744,192.36028453954304,-59.85603807191416,16.038246,1.5257387,0.4274392866705859,-2.8987109243894387,-1.2201177202664397,6302.3374
6056483059458588288,192.5090975555152,-60.069044715947264,16.03843,1.7336445,0.4086719555427689,-3.954793045003729,-3.491203574370587,4822.1255
6056673412409015808,192.2924124117022,-60.00119174975075,16.038622,2.2217426,0.14257415213951016,-5.468117892623749,-1.8540571530723915,4723.944
6056686503470083584,192.685056394679,-59.72278637984439,16.038761,1.4113655,0.7281816675339592,-5.386767419326925,-1.615128751133225,5141.8584
6056493985855935744,192.78768465060526,-59.860339437556604,16.03897,1.4562063,0.5143144460098014,-7.437381149270705,-0.775018765026217,5096.794
6056675542713025664,192.4664303720609,-59.91115812486056,16.040485,2.3663044,0.15910743315222645,-7.039151811218299,0.22680968128349183,4583.882
6056681315149173760,192.5231552984396,-59.751317209139735,16.040983,1.1452904,0.2566239080687334,-6.096125416183562,0.12256154160758771,7120.656
6056678257132254208,192.34608236749332,-59.85724341873258,16.044758,1.1978188,0.4248130615771878,-6.349958044232493,-1.5887571262942966,7293.204
6056489519090052736,192.84486870170312,-59.96886387145569,16.045395,1.4624157,1.0056060402718332,-8.00643618469818,0.028100064649790677,
6056677840469868544,192.2679107458689,-59.89437801977291,16.04655,1.3588505,0.21359990074571714,-6.3008903698304675,-0.3802915822017596,6422.0396
6056682685193083392,192.81255442456384,-59.77672296127133,16.04754,1.2249165,0.7949696409271684,-8.397200763550455,-6.027655522293508,5066.8955
6056487732383148416,192.60884173915665,-59.953211526956025,16.049318,2.2261353,0.20981434014041822,-6.669094253171745,-0.5983010959906209,4875.207
6056680524875187456,192.57514246675848,-59.76501735444408,16.0495,1.2548075,1.0543266783556084,-3.0094281520826343,-1.5750570396896677,5513.5186
6056483162522687872,192.55853483332342,-60.040431448503405,16.04953,1.3439407,0.4222192558311766,-10.317491554338801,1.8812023057200082,5881.3613
6056680593594672000,192.62736952822706,-59.753550189286,16.050589,1.2928524,0.5434803154228455,-8.008224097965412,-0.45406910639325837,5507.4985
6056493882776715136,192.77085774106808,-59.87688508004085,16.050648,1.2847633,1.0728390269865515,-3.2691807503209933,4.807995181185041,5138.811
6056492680185850240,192.74361117653868,-59.95832904218116,16.050758,1.3997936,0.46383343770579655,-1.9618776568597833,-1.560795485125904,5667.167
6056692447705631616,192.30243600937138,-59.7267705248834,16.050928,1.1284866,0.43848599393475296,-9.287260680807961,-1.9306635345148608,5544.6006
6056691038956283392,192.2509238651235,-59.79166796931232,16.05116,1.1563358,0.5084350120672538,-3.9742759986738765,0.6271590560724424,5799.4966
6056691623071881472,192.3304559892656,-59.75100180357395,16.051394,1.223587,0.4815062987578656,-6.287959830642404,-1.0980521999805664,
6056691137688704128,192.28457955676376,-59.79915832087555,16.056124,2.3938608,-0.1253581458423342,-8.241474522130211,0.8196170848816473,5238.001
6056691309487431040,192.3697295677826,-59.76918051090446,16.057196,1.1446066,0.5199822404682032,-11.403587353893395,-1.2042628929760233,5760.284
6056486392353291904,192.5367426629972,-60.00493009835976,16.059254,1.0431738,0.3510661502203146,-6.3410879810497685,0.47838705783612356,8030.7495
6056674374440038272,192.19241463677972,-59.97633675335183,16.060572,1.0167551,0.3148941606012279,-5.399831184833815,-0.364844653205458,7626.138
6056482990739143680,192.5999702836299,-60.05019238701385,16.061054,1.7450609,0.24836914490722423,-8.806254765037771,2.2224473739962147,5060.4854
6056681654401034112,192.5855772987169,-59.7063616515601,16.062233,1.2154608,0.39354932386189573,-7.258731163817897,-2.0045236199455108,6958.6577
6056692924395184000,192.46151052525607,-59.732860743006405,16.062357,1.1482134,0.8634427431414989,-12.880249077209454,-9.240099635026873,4786.654
6056680731033478656,192.45532305408292,-59.78828588311989,16.062796,1.1022091,0.43422970642459535,-5.1970034422351565,0.6287912987506956,5741.9062
6056488763176144000,192.84573597411665,-59.974243224786306,16.064722,2.2595387,0.0802585578566299,-7.91180274236598,-0.0591696821751303,
6056680280011391488,192.6022607124641,-59.78447518062085,16.0654,1.4069834,0.5073701806286218,-6.799125376744976,-0.8605420180960239,5741.8936
6056692958754927232,192.473382697986,-59.72932115182228,16.066204,2.1561375,0.15030556738392123,-6.784153748017327,-0.2845771814114411,4907.777
6056686262951892736,192.68142997175184,-59.7479682580668,16.067347,1.2765722,0.5847832865953954,-6.425890658517746,1.0826859380359086,5523.701
6056487766742906880,192.65414396119556,-59.93048591326363,16.071207,2.920515,0.11345281522368139,-6.702095987085185,0.061363370122369476,4898.2217
6056487491864962176,192.49814019546986,-59.96427316360269,16.073105,1.272109,0.617427599239527,-7.220963001138714,-1.8411612104468027,5079.038
6056680971551650176,192.42183202965347,-59.77977290846745,16.075254,0.9712362,0.3373316037907371,-6.929695633600407,-0.10613200857655544,7336.316
6056674133963525760,192.25122045553223,-59.987910368101765,16.075497,2.3998098,0.1340689682618139,-5.633914096414321,-4.274239350063389,5018.8804
6056681212028768128,192.48367584175227,-59.74582458593636,16.075546,1.2717733,1.0923122540878776,-17.817474336607912,1.6446136917525171,4971.95
6056679184845336448,192.36442091442353,-59.82577148024305,16.077393,2.0907593,3.8615300208876295,-34.59302531235134,-6.792559110438243,4776.534
6056487010828646784,192.6532321889493,-59.95302447004403,16.07836,1.316267,0.3108554256372364,-7.909795130975108,0.6247023597857698,5449.3247
6056678016572606080,192.2982319546236,-59.898598516489194,16.07986,1.1347208,0.2590545158423037,-7.316939995121128,0.053914678174238256,
6056486942109171200,192.66272413639732,-59.9514267539051,16.080107,1.6300154,0.4151692585516866,-13.770965980915625,-1.6515919095911749,5045.736
6056691863590018560,192.2221234165293,-59.77048703827302,16.081177,1.3067017,0.6469605180687148,-4.202605115469945,10.036933097054488,5314.0483
6056678085333549824,192.37771082347484,-59.876177903203995,16.08165,1.3461561,0.3477493850856279,-8.891309123484731,0.16297723438820894,7188.025
6056673962164877184,192.41581092219533,-59.94533430715434,16.082327,1.3877983,0.8671961857241566,-8.904819239718952,1.0860426825849454,4591.2764
6056484536927329920,192.41118270247065,-60.06798918688175,16.084713,1.4753122,0.8766400406175884,-12.32514016786542,2.695204206496588,4694.8945
6056484640006559104,192.43481104259843,-60.05707464904232,16.084784,2.9536314,-0.049091319671988654,-3.58843378824958,-0.30039840895608017,4720.7007
6056673687286950272,192.4185394778164,-59.96891089720408,16.084936,1.8510933,0.032426503904534595,-7.044110721654952,-0.890092168534565,4960.9434
6056483437415786880,192.6686638348021,-60.02027658955218,16.08759,2.6681137,0.09018210987899918,-6.373029689186703,-0.2719886040743036,4638.892
6056678669449095552,192.26001495705046,-59.87360214167873,16.08819,2.4797068,0.12907990458739677,-7.35192881154531,-0.019728577295490646,
6056493534835897600,192.8847090347278,-59.87001634795751,16.089622,1.8967466,0.23390487870817164,-7.202544653395275,-0.646793510363575,4979.5684
6056675989389663744,192.67290387481012,-59.85668834716006,16.089676,1.21844,0.5508617849260657,-9.214922380130531,0.7044339802975957,5915.9194
6056494123294886784,192.71073266130344,-59.863677529080285,16.090271,2.4311476,0.17816962320807891,-6.309965879766663,0.41799428635757696,4642.8154
6056484571270906752,192.439475334425,-60.07584627330622,16.090403,2.260723,0.2291553881970379,-7.044005311277539,-2.7690245846305332,5280.976
6056481650709314688,192.49171574660298,-60.06763935349141,16.092903,1.2946873,0.31341497735161733,-9.90572901866153,-0.42039616429338006,6568.9624
6056485498999905408,192.3325423434635,-60.023779843681346,16.092909,2.4676628,0.1669315918329921,-7.867446804482111,-1.8815994638916067,4735.2905
6056484468207840000,192.41811446606675,-60.08462722351386,16.093771,1.2518797,0.44245722307964563,-15.732280140046164,-4.000577514416152,7204.8354
6056677569937430784,192.29268139478188,-59.91085509393469,16.094141,2.0615225,0.24797827117919216,-4.728219197189207,-1.5165450588590477,4903.4414
6056489862687442944,192.81866506839393,-59.93836819513998,16.094723,2.6105175,0.0872266135399873,-6.32476400397459,-0.08504956010768214,4602.188
6056483196897568896,192.56737486244424,-60.050574072125286,16.09663,1.2843065,0.492122248764371,-7.8850647188772,-1.7288902339710615,5928.3613
6056676436066242560,192.51614843687386,-59.87222767436325,16.096853,1.242178,0.8087857271150785,-11.218866633517743,-0.22380862847479016,7664.925
6056674305762245248,192.27898822301464,-59.952134453024485,16.09688,1.083353,0.36974861696785677,-5.946666154425773,-1.2291196542339942,7133.434
6056494604331419008,192.82727235402783,-59.841363209731476,16.097242,1.1958704,0.6619635367159751,0.006934525686610377,1.2718109513436673,5870.2905
6056486598511772672,192.6011667313778,-59.96621333909488,16.097414,1.4108076,0.5200920783788353,-3.745906822399084,-2.6397022611980594,5905.7886
6056675611432506752,192.5333200131882,-59.90463449035648,16.098398,2.5591946,0.12453985970435115,-3.589915143216939,-1.6405641085156488,4998.3022
6056493848416971392,192.73312561253752,-59.890589117255196,16.098877,1.4792824,0.40494310562651814,-10.287907683755844,-0.3512505657147068,6394.971
6056678635089343488,192.2392941431248,-59.8841709807913,16.099218,2.0279627,0.248323753744997,-5.38720215430251,-0.7381506038639262,4771.7905
6056676504785720192,192.49754529721028,-59.86980151038948,16.100954,1.5143795,0.541412662772796,-5.197455191927226,-0.712807698724894,7374.382
6056482750221036032,192.74989761679686,-60.01370956241625,16.103722,3.5100155,0.11754390767738568,-5.9456078929044365,-0.5898711399301116,4889.187
6056690794091296256,192.20585243856658,-59.81964502441345,16.104437,1.2818985,0.2631974805161289,-4.363648172478204,-0.5636020050518403,6907.3066
6056650631900264448,192.18495066157703,-60.00480370616621,16.104736,2.482339,0.0442384708641191,-7.1839926739275874,-0.06459929661942805,
6056691519992661248,192.30149606990514,-59.752268992158385,16.105566,2.3227205,0.1828591304073614,-6.178878227449333,-0.043433485109512955,4845.8154
6056691726151038848,192.17229109805828,-59.80114559535582,16.105793,2.3909502,0.14254565955129325,-5.647246706937719,-0.8738553659172204,4602.294
6056674133963526528,192.24857031648088,-59.98664464322687,16.105993,1.6224422,0.3607962382000056,-8.348437932836966,-0.2211445548004874,4900.782
6056486392353427968,192.53710854024064,-60.009918680721626,16.106632,2.5988836,0.13429008293665565,-7.585834454084856,-1.653964743854012,4812.615
6056484743085969792,192.41736204381712,-60.06132564013474,16.10702,1.221159,0.4682247740729438,-12.87589191725569,1.0324520629015077,6046.408
6056493882776712832,192.75830558835221,-59.88209116790422,16.107721,1.2932081,1.1796020701015508,-16.954515114961907,-5.233296791128217,5151.64
6056485464640160768,192.3059123336137,-60.03620171427794,16.108393,1.7556877,0.49469023311325405,-5.881675224713244,3.2605078767654794,4876.401
6056492955063766272,192.73450363790175,-59.92206318087118,16.109795,2.3953428,0.1480710814835284,-8.640372027145144,-4.19692642392016,4685.79
6056681796185844992,192.69854079099744,-59.858364131830086,16.110458,1.406498,0.3473365421531573,-7.871046410849445,-0.7446802552450932,5282.0806
6056691343847164160,192.3233734166572,-59.77433319748145,16.110636,1.201169,0.29210106556265036,-10.14131043190333,-0.11558937109954351,6361.203
6056681864905326976,192.71538231660776,-59.835278935685466,16.110777,2.4456491,0.19152748844903963,-6.942655552624263,-0.8848160747006546,4913.7837
6056485980036432640,192.44237279514724,-59.99650329334731,16.111326,1.3527174,0.8535259709593913,-0.10871906744843796,-0.33168390383905527,
6056691829230268416,192.19562558818964,-59.78312213862265,16.111395,2.176032,0.1416221740051994,-2.4496601268772453,1.1427373766673283,4758.998
6056485567719383552,192.41281405102018,-60.02834323037439,16.111433,1.4075108,0.867302327087824,-6.18465300837016,-1.9389293869881707,5456.305
6056676985822091136,192.63641054531539,-59.83662299873025,16.111488,2.4974957,0.09674643831993546,-6.770571231774797,0.6805181129993296,4708.81
6056492920704193024,192.8366994407821,-59.898896715646025,16.115337,1.5316858,0.3974858591034768,-3.9490736010745606,4.481874972286068,4958.8765
6056486594168279936,192.59465221683377,-59.97008453095483,16.115982,2.455597,0.13229197762746606,-5.899658706332332,-0.6051758958630872,4834.321
6056483712293717504,192.66611700187505,-60.00124731613217,16.116316,1.3213758,0.5294823060440419,-8.664442440388529,0.7717967798300878,6442.4463
6056486495432523648,192.56138725007136,-59.99348037293767,16.116486,1.305893,0.606601586766469,-6.484984107141472,-0.9167377550470657,6506.4023
6056655098666328192,192.14253518384834,-59.90768804136062,16.118843,1.0872374,0.48639994003207704,-9.89715658733458,-0.09834094408928974,5879.0366
6056677191980531200,192.56539358026203,-59.81766498886718,16.122486,2.966711,0.10156227840485674,-7.070186788649325,-0.14922730690359112,4781.9
6056487801102642304,192.61398199747646,-59.93056529929261,16.122528,2.0417433,0.22287748173264718,-5.730820066873789,-1.08508569510448,4800.4404
6056485945676513792,192.42099014791475,-59.99344787875754,16.12431,1.232192,0.25064442389003183,-5.365248600262032,-0.5593498753562696,6004.3267
6056679562802365696,192.35988352517987,-59.79223570766338,16.12476,1.0350409,0.2506950731700432,-6.902672000470924,-0.2517147402458302,7220.4756
6056692928741971968,192.4560982617297,-59.7370010893611,16.125338,1.4081621,1.2212125107301166,-11.8131644314212,-2.058810751641025,4506.554
6056681280789439744,192.5769943275667,-59.74852171142506,16.127403,1.1455507,0.9109659026437513,-10.045965949727409,5.495972547710876,4863.6265
6056494123294886016,192.72846499128633,-59.8668651846894,16.128004,2.3983183,0.18080460899088824,-8.301074186493754,0.20993659518732372,4591.5483
6056486392353294848,192.54736933318605,-60.00448894189414,16.128117,1.3481188,0.5558378214629618,-6.523802767024228,-4.848020827523812,7151.9463
6056487010828646144,192.64940728631979,-59.95310161620334,16.129858,1.4581261,0.7043219050036128,-10.718525875495647,-1.4195031364891033,6350.9897
6056483677933964672,192.62027187855298,-60.00985274134277,16.131908,1.4404631,0.33627561972476006,-8.477550738973855,-0.3288056900511291,5801.3086
6056481581989825920,192.50198312432406,-60.081013393312155,16.132496,2.3809404,0.1379008105433079,-5.812199194762529,-0.06141151472469041,4717.3145
6056677810455602176,192.25621454964022,-59.90457821796467,16.132977,1.4409924,0.27975780637850073,-3.3808162138902307,-1.0634481064149586,
6056680589249075840,192.6198207022217,-59.754568935212966,16.1357,1.5554934,0.42104536530365166,-7.594224790438965,-2.9722218729769487,
6056673923459664768,192.3846252735764,-59.9486825361398,16.13695,1.6423044,0.45888935468442926,-7.479637234373491,-2.0261213095988304,5043.8496
6056654205313106304,192.14596221337325,-59.94700022274034,16.137909,1.3111153,0.6556796760826117,-5.507437732747474,-0.6161318488134977,5514.548
6056493191238511360,192.8357033225069,-59.87431402830541,16.139435,1.9260769,0.09048958269509522,-6.927037428598383,-0.22580882931953167,5253.24
6056676710944156928,192.49569831110492,-59.85954310504091,16.140945,2.4013395,0.23428718349120137,-6.08836670881542,-0.0838200471538831,4551.7466
6056485670798741632,192.42476115254345,-60.030912205479034,16.142693,1.3357944,0.4444465952432235,-13.469723342760284,-1.1787460023962761,5896.7466
6056493229941842688,192.85445495064727,-59.90399640873848,16.143505,1.1650162,0.3093180663561393,-4.2271346699939265,-0.223646990935232,7205.373
6056486250571261056,192.59929539822417,-60.00813575870477,16.143515,1.359909,0.5301747002008022,-12.282123095237619,-2.2330879398495687,6003.117
6056486048755937152,192.46485762135103,-59.973640576518,16.14378,1.1759653,0.5450246516354365,-8.568455625423894,0.34498334828701493,6709.578
6056493917136456704,192.80216651447608,-59.87099219829967,16.144306,2.288189,0.1499918787611158,-4.911574858273304,-0.43586244109802463,4865.9766
6056673756006433408,192.41799196430892,-59.96116731473347,16.145176,2.1114292,0.17264807129271034,-9.341743104932101,-0.29363662653355344,5920.6367
6056691897949751808,192.19622007832996,-59.774733329069896,16.14558,1.2676716,-0.14096331620738456,-4.7731218053660776,-0.6530766959077454,5600.67
6056675096036309120,192.4245224215771,-59.88329373054351,16.147034,2.8233137,0.041073723534981316,-6.129204252803181,-0.031105451658789977,4831.989
6056493092502723328,192.78870944792592,-59.91149808116686,16.147171,1.3231754,1.0550068428264106,-16.278554235315593,1.0346386669765932,4770.9995
6056676023749384832,192.58986302552736,-59.87449094706824,16.14735,1.0593939,0.2670812822388488,-8.496830741610076,2.2938632808243,7620.601
6056679631521811840,192.46048777896178,-59.84000914697841,16.147545,1.3444023,0.6141836466428369,-13.377775159181814,-2.522597123470414,6628.3203
6056484640006573952,192.4591273641729,-60.04818286947953,16.147621,1.3405914,0.6454796436810931,-10.896245172374382,-11.154188390784775,7173.0654
6056487732383150336,192.5983291549843,-59.950440669782324,16.150486,1.3348856,0.53963370698229,-9.071535992282532,0.1723841122887511,6682.255
6056487594944199424,192.5449056527316,-59.943376320919754,16.153522,1.4404526,0.8943183690016848,-9.696155903038855,-4.0509477115473125,
6056483128178079488,192.52519430369318,-60.058124288235334,16.153948,1.3641043,0.647324672374963,-7.50072884912154,-0.8219840651194718,5930.35
6056679356643905920,192.3074288860478,-59.82569773257871,16.154804,1.350132,0.3910890322147951,-9.166525382683396,-2.603905270270677,5182.292
6056483677933975552,192.64085255157136,-60.00179450274562,16.156757,2.414402,0.1391669049593354,-6.153161756826764,-1.704689738351632,5151.383
6056654274032600320,192.1638340279546,-59.925846944199584,16.157064,2.4995756,0.09192635470501409,-8.63093096125316,0.3287082775565077,4684.7944
6056681899265068288,192.73551375727104,-59.82624247180418,16.157673,1.2806435,0.38138757276975105,-1.6917818800834508,0.33343478803940685,5340.87
6056679700241299584,192.46362508897943,-59.827246765075195,16.158724,1.3057747,0.6534212895654843,-6.171207319187937,0.8978431134399243,5610.16
6056676058068256128,192.61394851696596,-59.86687145818628,16.15933,,0.7958529474942192,-6.638871390853125,-0.7699879332191006,
6056678394571224320,192.40426962707582,-59.84213519301338,16.160435,2.4938116,0.04920649443487389,-5.516303437202314,-0.18031264694489896,4557.5
6056680112558311680,192.52312186491432,-59.7844528411375,16.160946,2.2489777,0.2031627268656654,-9.074527098871153,-0.5415533884248034,4787.353
6056678050973936896,192.3551225906965,-59.87780749867117,16.160954,1.348402,0.561030925547085,-7.523809721048497,-0.39368176008097633,6691.2485
6056679116084471168,192.30227100397792,-59.83921200758823,16.162144,1.9735708,0.13427857476226268,-7.7954423465513925,0.2346785473892044,5205.8877
6056691073316015488,192.20017191088797,-59.79600410228004,16.162846,1.2016945,0.3025822084485207,-9.07438537320392,-1.2827607046171583,5412.4414
6056676710944161024,192.5180029811254,-59.8556415609621,16.163076,1.8272934,0.386117392479417,-8.324332922811935,1.4087001877149912,4896.5977
6056484433848102272,192.4046459668528,-60.082121944895476,16.16404,2.3405495,0.18043350158635663,-5.5245333586299745,0.4475677860747561,
6056676642224550144,192.4300000192442,-59.865192953073255,16.16515,1.3547077,1.018827484591867,-14.306598261265892,-8.07698774497319,4632.9976
6056676363001118464,192.46133376272766,-59.891063569962235,16.165583,2.3401546,0.2028727388758296,-8.195831040294104,-0.3479240252724875,4724.221
6056484502567470464,192.3959115519258,-60.078794675846865,16.166992,1.2977934,0.27776122571043715,-4.903289637543228,-0.6075404479999521,6312.653
6056692378986132864,192.3151461145098,-59.743131619107224,16.168205,1.1290293,0.36902851583299756,-11.102198563847717,-0.9550392884991494,6105.1655
6056483712293726720,192.67299460688406,-59.99170198653124,16.168503,1.4179745,0.5145177105536025,-8.171281449959459,-2.8900922136923444,6391.128
6056486972125414144,192.61253304313226,-59.95924606173716,16.168573,1.2375479,0.8900399990470718,-2.2252890567818855,1.659045730460445,5313.0913
6056677673016617600,192.19317040729428,-59.92920789415688,16.16945,2.2122393,0.06472818418445292,-6.756098490466824,-0.1301929579896322,4826.1484
6056678394571225728,192.39641543266092,-59.840355600420764,16.171108,2.503562,0.052451652743101373,-5.502240085757305,-0.1986093102997226,4862.444
6056494157654627712,192.73101477101085,-59.855597698018634,16.171228,1.4190683,0.4821935595320075,-4.806103604350779,-2.2610796791142453,6763.6387
6056489892703206272,192.83099093345774,-59.928939437082235,16.17243,2.427515,0.14754689700692833,-6.500157770121005,0.7783426759921623,4889.689
6056483540495008896,192.6948308959059,-60.01743619099232,16.173038,1.3438044,0.3456177390293461,-4.821665841246605,-1.0237889065564798,5743.949
6056678050973801216,192.33470004331525,-59.883799295890185,16.174187,1.2462492,0.8867796032362574,-3.220512615329553,-2.342574784368563,4940.459
6056488621392798080,192.76237432098648,-60.007427715997416,16.174198,1.260107,0.9148135026945708,-4.816321462230597,-3.3288001737977955,5353.6045
6056680353035828992,192.60596664744085,-59.773164255995184,16.175158,2.0749846,0.18062349715948328,-4.254923689417139,1.3823646251288189,4851.352
6056691726151045760,192.17006246891077,-59.791118905462966,16.179209,2.028472,0.21444866484592923,-2.3769658918772616,-1.3044439733467525,4733.3643
6056486461056950784,192.53502189669015,-59.99546291226431,16.179754,1.3305693,0.2530919452052807,-9.232793247524238,-3.3461002316798396,6034.9346
6056692890037525376,192.41709180277164,-59.73701183899918,16.179808,2.0923138,0.16341280663165147,-4.6742383413234885,-0.25469400013012644,5275.873
6056673996524629504,192.4450376661378,-59.93236140524445,16.181185,1.3427305,0.514249870641691,-4.02026603864395,-3.164414146519859,7200.205
6056681723120517504,192.5778026483836,-59.70154819374182,16.181591,1.2713375,0.5150591526455828,-6.36286387546819,-1.2732700917381417,5535.899
6056673309329795968,192.26480170708192,-60.0098112917946,16.182135,2.171298,0.2680950141251233,-4.889209116930036,-0.7571907088652235,4977.475
6056680456155708032,192.58396045358324,-59.76958215595454,16.183813,1.2136059,0.45494120758682904,-6.434465884023071,-2.6183421861214686,5861.239
6056680559234931072,192.60800104110237,-59.7557580248381,16.185509,1.2901678,0.4764058718184374,-5.040766060195145,-0.2100923631228999,
6056481616349562368,192.44394840290428,-60.07853014785114,16.185562,2.373229,0.2033754843002068,-7.773247545333792,0.9765507545194564,5156.173
6056681796185844864,192.70692378903334,-59.860425075206344,16.185684,2.304347,0.16943494897284486,-6.718351782928668,-0.34632828543699457,4821.723
6056675748871462528,192.5889666027286,-59.90547309680945,16.18584,1.5062695,0.7423332970865802,-14.076926483815377,-3.962660244310197,5664.1094
6056483128178088448,192.52620741127578,-60.05173029375126,16.1861,2.4785872,0.11487543278360549,-7.893200383964911,0.1938297804709854,4842.4355
6056483231257339520,192.60710721114947,-60.02881074758564,16.186638,2.4681273,0.1168253072659458,-4.87230669807856,-1.104586732519691,4732.4185
6056676775319313024,192.48996690604108,-59.8490012323447,16.18697,2.012411,0.23478980582946818,-4.5800266359443444,-0.7898353631954206,4878.9336
6056680456155699200,192.56482084731357,-59.781593407748915,16.188112,2.3507748,0.17286409772526387,-9.144931242019208,0.11222035419976727,4799.099
6056654166607913984,192.14482392331695,-59.949027705823504,16.188692,2.1651287,0.12264166890256081,-5.664101673769131,0.16064253225910333,4901.84
6056483059458591488,192.51334434136058,-60.066324310532586,16.188961,1.4315538,0.6788897848155659,-11.534734315874541,-2.310598386436557,5230.464
6056680043838914048,192.50186318011035,-59.796567622832384,16.189928,1.2861242,0.47347351664488696,-11.539897057048428,-2.282133298228233,5706.569
6056678703808830848,192.23047708666965,-59.87425230715451,16.190031,1.2246771,0.3861867367137772,-5.745538399764704,-0.7390041032675632,6087.2676
6056681143309288320,192.4903218444265,-59.7502184126421,16.191187,1.0682507,0.545475817368028,-11.615609860889437,2.1113647357184293,
6056679768960905216,192.51254144318656,-59.81809481013317,16.1912,1.1734037,0.4824351841608829,-5.505952647016944,1.0704992363429142,6934.088
6056485808237553408,192.35817463776112,-60.02099478482344,16.192387,1.7348928,0.15503919060022583,-7.965274133382196,-2.8530960257214084,
6056487423145589376,192.5708462010874,-59.95675150734394,16.192448,2.7429934,0.12856274809132828,-5.223584149133752,0.33825254453623527,4810.2065
6056489931406938368,192.87657192409216,-59.948833595085766,16.193106,2.2903042,0.10116576698937155,-5.304360534578853,0.6765596893481708,5033.9463
6056487148267615232,192.69772080082777,-59.93550426813317,16.1933,1.2060938,0.39754415476114907,-6.948509691089112,-1.0527412911628253,7366.2446
6056486873374048000,192.7055949889361,-59.94742787691931,16.195375,,0.21006297011358055,-8.999906346066897,0.5078102383230253,
6056653930435185024,192.15620968886734,-59.96479209690106,16.196877,1.1730347,0.5308589223256337,-8.090816634689165,-0.9926953457366501,5771.575
6056674511920672128,192.26144319816692,-59.95428880352902,16.196995,2.4424114,0.034530390111757375,-5.089927057251962,-0.9850385687660013,5130.211
6056673652927205760,192.37857538378202,-59.97375390879023,16.197332,1.2451668,0.3270393249678527,-3.1541276726850267,-0.0024005782353299686,6901.712
6056686228592161408,192.71539931749552,-59.743294159399106,16.197887,1.395999,0.43575383944108514,2.819032087406296,-3.026573207579128,5451.368
6056485292841460096,192.27319037827863,-60.05092756232392,16.19888,2.3868856,0.12023082819087078,-5.130161331362494,0.8594477533679171,4694.16
6056678497650367872,192.18998763610327,-59.90090097076642,16.199001,2.3615026,0.11656471729480403,-5.762079830852551,-1.2666352446126903,5108.467
6056679425363397504,192.30840907415876,-59.80809846395881,16.199776,1.8207102,0.25184434195436717,-10.044882448162642,-0.42162139278642596,4866.0566
6056678944327024512,192.249955124491,-59.84551181180109,16.201874,1.6339979,0.37318914044839685,-3.6163653490773684,2.2080994092227506,4915.6562
6056676573505195008,192.45516053212043,-59.86854462188298,16.203394,1.4312944,0.5474883529319,-10.987614012231088,-0.7723176823698781,7079.3086
6056676126828742400,192.62334291683854,-59.85311893119173,16.204048,2.351923,0.07899654076592097,-5.465447591714161,-0.6536867049739796,4854.381
6056676053763494528,192.6188350596437,-59.85885550887292,16.204222,2.5403967,0.03859578684861864,-7.442103609017223,-0.628810090020809,6041.511
6056679391003643008,192.2703025138003,-59.823824544680164,16.205017,1.7091169,0.17763831650878084,-8.438627995557642,1.043757896061798,4809.013
6056683273654648448,192.71470683889447,-59.756673054265896,16.206076,2.1433496,0.13695098141418713,-6.164182628142708,-1.5185385058061813,4813.3657
6056692340279631872,192.28412471723578,-59.73493199179699,16.206154,1.1991663,0.3306750866241286,-11.622731812335573,3.1357482167884876,5830.2217
6056675783231208320,192.6257695169964,-59.89433948685426,16.208061,2.3365688,0.10248741737599568,-9.851932257467544,-1.2941143525762697,4855.018
6056677020181848320,192.66920544518797,-59.81266092933893,16.209942,1.3165302,0.5758085832040895,-10.421685049755274,0.5703246789219941,5434.014
6056686297311649792,192.70959172699463,-59.72823985176798,16.211304,1.4265232,0.7058866453315301,5.216818067861237,-3.9997690139599094,5988.371
6056673618567458560,192.36508366872232,-59.98449123159296,16.21159,1.2087355,0.2973164346294236,-8.887208782040219,-0.5777205848497236,7358.9976
6056485430280424320,192.33194044722018,-60.03459305423484,16.212658,1.3837786,0.29042670647226376,-2.3875699596130673,-1.4336245602657298,6006.5884
6056673618567454080,192.3406216725655,-59.98862690305566,16.212679,1.2530346,0.5281428655605259,-12.030435386887659,-0.7898704102900236,5517.4097
6056683067496206720,192.76951303058544,-59.77527528537223,16.213104,1.5152082,0.5049177436785799,-7.48580803013128,-1.5553992818247178,5619.2627
6056676676584298112,192.47666208294268,-59.859297564007605,16.214277,1.4439678,0.3781136258130043,-5.533419272711345,0.5256469349016414,5505.301
6056693375418851072,192.53619771429587,-59.71140478173287,16.215117,2.1615992,0.1491293541486117,-5.025108095435324,-1.517265890980716,4702.507
6056677569937434752,192.2952909104369,-59.90804563718003,16.21571,1.3981667,0.7131033057186064,-17.109459563490773,-4.152106367188532,6717.616
6056682139783237376,192.69838081234587,-59.82080366801054,16.21608,1.3291216,0.4947442197344534,-3.4306573324370615,-3.216639769282204,5554.3374
6056677569937428224,192.28101528787295,-59.91178746521512,16.217506,1.1903267,0.44790086823972014,-3.929401917849598,-0.3249320448721567,7132.005
6056486735935010304,192.65151374582183,-59.97160248312629,16.222906,1.404398,0.3462232087709368,-4.824264338564639,-0.6539564929028705,6008.0327
6056489415996582144,192.80044695172717,-59.989130904469874,16.223568,2.4190722,0.23638598076661857,-7.751078019915928,-1.0421549318742622,4768.232
6056686297311646208,192.69117900284934,-59.7329276600323,16.224298,1.1776285,0.8884588476366895,-5.04455571337725,-9.534741407596135,5287.1113
6056489897047204608,192.8515006643083,-59.924252786735366,16.224363,1.1979828,0.45131983265228554,-7.823330651810891,-1.5862867407289714,5860.3022
6056681967984546176,192.79775639038067,-59.8269485702264,16.225594,1.18466,0.3884763941929167,-5.782373596031409,-0.4892369376262594,5881.7163
6056675194769982976,192.46044315649337,-59.94983220011768,16.225595,1.291359,0.6310205100952628,-1.352375085071418,0.680496399857569,6020.348
6056679352298407936,192.30690293239508,-59.829806636143964,16.225878,1.3531723,0.3060373572369253,-8.243657282998125,-2.7988330046951457,6070.842
6056679352298416640,192.3141146689708,-59.822012536082056,16.22728,1.3162117,0.8136841839775958,-7.509056743032481,-3.680111055091981,5541.156
6056487938541605120,192.6574991222286,-59.92025800431651,16.227766,1.3774624,0.3353425477694967,-5.854352411884774,0.6318550823416139,6691.6416
6056675061635143552,192.39053868578702,-59.89813803306445,16.230486,1.1642637,0.5792087892962325,-6.792257469043335,-0.10517699769580993,
6056483093818343040,192.53995942234374,-60.05807506197811,16.230803,1.3439198,0.8820538832498509,-2.437830990214371,0.5014263409352128,5642.989
6056690901517305344,192.17438581342375,-59.825955781268696,16.232145,2.3097258,0.17906217524738133,-7.847522380708975,0.4806148722938171,4817.1484
6056678699463345920,192.21783845566475,-59.86825277248553,16.232225,1.3289881,0.7442246265191391,-6.5656757687593075,-1.253311569416742,4816.0884
6056691824883491968,192.20866733129137,-59.783926733527785,16.23247,1.2171326,0.6487255000948798,-13.667683718726707,2.976850378648873,5509.655
6056693890814923904,192.37169935012435,-59.71213913961036,16.236538,2.27108,0.021059925652745184,-7.0888579833231855,-0.5532977017059921,
6056484605646836480,192.48800319723355,-60.05025124983625,16.238977,2.5517502,0.07021124834556818,-8.331804233016957,0.37483674486822993,
6056690759731550336,192.251535119557,-59.82552601566061,16.24006,2.171011,0.16995765955530573,-6.117212838015468,-0.9674711984490201,4786.2886
6056686262951886720,192.66962182859024,-59.75217495107354,16.242317,1.3720865,1.188974144920853,-5.07396647592102,-1.1268130503944038,4990.022
6056486151835085696,192.51452719752447,-60.03233823137875,16.24263,1.2473431,0.2718074397577373,-7.270292804607603,-0.9338625874115122,7191.692
6056679356643906304,192.3112338392401,-59.82517451831647,16.242867,1.1855946,0.8988075321217189,-3.6444191588132524,1.3657327741442917,5215.5596
6056676466080347520,192.53649133414768,-59.86974252188041,16.24313,1.3460312,0.5561616031109899,-9.350536372070568,-2.6207549314100214,6504.72
6056482578425894272,192.6531810663592,-60.064355555829096,16.243435,2.1955175,0.11916256638587883,-7.137065067609922,-0.8122631173813064,4919.3193
6056675199115629952,192.47889292739677,-59.94342604348622,16.243687,1.5320377,0.29296785085083005,-6.530732519508865,-2.897338189140042,5217.621
6056487491864965504,192.51086365844384,-59.962545629165135,16.24479,1.8581991,0.30802980453137774,-3.2316867463924375,-2.795937174355901,5299.9414
6056482922019634944,192.58939850170358,-60.07551270410331,16.246477,3.0598125,0.15808486440004813,-7.058285826416004,0.3381141128496722,4765.382
6056492748906092800,192.74674345933062,-59.93424133763245,16.247345,1.36872,,,,
6056677398138697088,192.2117603376054,-59.94769370128388,16.247602,1.620657,0.3980776534024764,-9.25742855812019,-1.3560248787355178,5153.6714
6056690935877049088,192.1493580167099,-59.81235043951336,16.248562,1.3388929,0.2291718078514114,-7.634690353884957,0.40725207019666737,5342.603
6056681280789436160,192.56218293356883,-59.75281020512087,16.248755,2.3710108,0.008455120062392692,-4.061584076645135,-0.08465621560699822,4787.5894
6056482990739147648,192.59597476056834,-60.04649927761906,16.250868,1.3053226,0.5431558448279227,-5.208268721721558,0.6209737335309025,6007.5845
6056482440983332352,192.717582933668,-60.05733265317266,16.251408,1.3863277,0.3864641169748235,-9.028639209151931,-0.7008736996495801,6428.1133
6056680043838823552,192.50087964385295,-59.79971305382811,16.251863,1.3555193,1.0410740890206807,-4.676310391064368,-4.628833390969666,5000.333
6056692378986153856,192.3327275786312,-59.730790402157595,16.252855,2.001707,0.08196805645486958,-4.173476968545841,0.23312195194930388,5808.1504
6056486461072774272,192.5210609933694,-59.99917232181806,16.256815,1.3165531,0.7037417969802349,-7.027978581997159,-5.391102957952001,5779.032
6056675061676544128,192.383978906314,-59.90532277414462,16.257301,1.6815128,0.44812923816611316,-12.7684186206632,-2.3236923009317914,5244.0977
6056485361560938880,192.26023179734952,-60.04590191623932,16.257778,1.3041763,0.46847026470500147,-10.840817182034597,0.0011232661588440598,6513.818
6056676401706369408,192.46715337102856,-59.884329534408174,16.258001,1.3548403,0.3536043322258675,-10.280288978835364,-0.37314410897475286,7095.2686
6056679768960900736,192.52325935569255,-59.825374345363606,16.258003,1.3391047,0.5092889387448343,-6.014982568322362,0.501348581499152,5859.469
6056492748905333504,192.75772641817625,-59.93415817617295,16.258543,1.1227074,0.2598523890457169,-8.399777913352866,-0.7364209307409041,8865.756
6056679459723140480,192.34159089908036,-59.80434164671093,16.25878,1.2485409,0.5172919545763189,-7.949468163077466,-0.9995832055045895,5865.3457
6056650902434942848,192.1721412357529,-59.99016327849446,16.26006,1.0215607,0.31922845225047713,-6.563883634909937,-0.40175049013701214,7403.8965
6056487766742908416,192.65526000510167,-59.92853337691785,16.261534,2.2264109,0.2954356920879639,-5.857035246051813,0.46443909202003697,4660.835
6056677913534852352,192.28344987433607,-59.8748552086649,16.262598,1.5689039,0.29543689184057903,-6.764679364636785,0.3127346729425663,5158.373
6056691004596526464,192.2052263318289,-59.815478563764046,16.2631,2.250722,-0.1145319414642671,-7.612045968414731,0.5447093646334653,5492.7153
6056484536927335424,192.43136294588007,-60.06437911175683,16.263355,2.2165136,0.1639949269154646,-10.251409405619007,-0.933939325099282,6704.5225
6056678428930952320,192.35348865865356,-59.850871359370416,16.264177,2.2791386,0.2193338511303124,-8.326344192977606,1.5793794805839312,4773.504
6056691073316013184,192.19636386962097,-59.798250966727295,16.264269,2.2080307,-0.415247004472469,-6.124935073804908,-0.870338729055587,4878.1304
6056678635089340416,192.22598321346203,-59.8866713611497,16.26474,1.3508444,0.6704261643724276,-11.195965162569104,7.359238235921144,5523.5225
6056483231257338368,192.60319492488478,-60.03070794833098,16.26583,1.1969986,0.3216489101257871,-8.598702655677833,0.5421824192401703,7148.021
6056679047406238592,192.29740016763748,-59.85104327246524,16.266111,,0.36270380835941624,-10.788584239399604,0.20410485058712663,
6056674958609574144,192.36138494922793,-59.915960675033695,16.266687,2.288725,0.15333029060844108,-5.794331333622232,-2.4306264220416787,5586.9893
6056487079548218240,192.7027316724692,-59.94783675060096,16.269339,2.3745365,0.170278955949892,-4.277854583728627,-0.657018665643066,4728.5127
6056692275906900224,192.28692451670744,-59.75439318742726,16.269472,1.0379343,0.3905330900636981,-5.688687409055723,-0.6377479964081805,7036.7334
6056494295093588864,192.82122891302114,-59.82902060533479,16.269665,2.0558805,0.12085755081389601,-8.523604750848364,0.4614640799800829,5080.6553
6056680146918036992,192.56805188432745,-59.807563502011796,16.270554,2.2662125,0.13009158259421463,-4.453433217941776,0.036068870590675484,4826.922
6056489549106178944,192.86060803909737,-59.96635328262247,16.270601,2.2071905,0.10234149579510167,-6.10201394223515,-0.3376124397401645,4994.0894
6056680593594672640,192.62200190616025,-59.75208248173542,16.27076,1.1714993,0.36453412049157086,-2.279900342473932,-0.8551510188346253,6028.8677
6056486735950730240,192.6626335387773,-59.966862789164885,16.271578,1.3045912,0.4904907222744715,-4.623323912354377,-1.548490547854366,5201.2173
6056481375831387776,192.491860869229,-60.08877304914304,16.272427,1.3595009,0.43705239810971924,-5.114624795104767,-4.406972392466185,5234.175
6056691932309499904,192.21398853085756,-59.765876921516735,16.272654,1.0915995,0.5009473520126643,-4.951117681717247,-1.1636894349621674,5814.4287
6056678738168583424,192.26341097217409,-59.86082270187995,16.272825,1.4500599,0.4815721901039537,-7.779243212221575,-2.007438792095856,6656.052
6056681963638523136,192.8054484714702,-59.82334073457838,16.27362,1.9644814,0.2998884646794405,-3.651262377252333,-0.6125624703824888,5035.287
6056682002344286848,192.77546460646158,-59.82000902272035,16.274921,1.2095976,0.31072346690770597,-4.322023840929096,-1.9691212258721755,7085.623
6056676947116716928,192.61308386180315,-59.83182578431618,16.276358,1.3939123,0.3605918120958997,-6.174930744807802,-0.14997317749294004,6247.363
6056692894345071872,192.4141647616315,-59.74239143851598,16.27814,1.2401285,0.8540120750040661,-5.790374558748868,1.5298547319616835,5514.4146
6056674374481698048,192.19821367013105,-59.97709237134273,16.279057,1.2010164,0.3405195314758937,-5.340897517086806,1.9386751910559004,6056.255
6056683273654641024,192.69650453261252,-59.764428647147206,16.279062,1.3283787,0.9701970884198378,-8.562581022069176,-4.416762083943484,4928.0664
6056682998776720768,192.72675330611733,-59.785276196545674,16.279804,1.2494316,0.24703346788545258,-8.594124523803876,-0.5134909506432344,7370.597
6056488625736825472,192.78056602783934,-60.012897175603726,16.28109,1.2129211,0.32760231541287377,-6.560351102022498,-1.1449518666823586,7529.013
6056680937192047104,192.5147223989766,-59.760535190171616,16.281368,2.1229181,0.17844403625136004,-8.743526961702585,-0.6527153155955412,4950.787
6056680284357012480,192.6253277677794,-59.77853308484308,16.281515,1.2682037,0.8134556029028498,-4.883616610587482,-1.1286573377236895,6083.1655
6056676642224550528,192.45400732642025,-59.867065772760036,16.283607,2.113428,0.14883466557075128,-3.8069656483724628,-0.8145972217655698,5127.7163
6056483128178075520,192.51147572990254,-60.059919388775874,16.28485,2.3709784,0.18000989872977347,-6.984411319164285,-0.3594396200274463,5056.6084
6056682414661167104,192.82246912886117,-59.79607878301466,16.287447,2.0172462,0.0790692303830096,-6.81111303529242,-0.7622580005927138,5058.6104
6056678875607530752,192.18845187186474,-59.86187981921869,16.28761,1.2852287,0.519743786229462,-5.677000389424074,-2.098621468283133,6354.753
6056493298661342336,192.87568831366,-59.88865703984295,16.288023,1.9723883,0.11452036787418428,-9.501303297401021,-1.0853786874431623,4878.69
6056693169260167680,192.41015550209053,-59.71596381564184,16.288944,1.1040392,0.40707905727419524,-15.456551039832451,-0.011727125481626912,5962.047
6056681383868664960,192.60115542184576,-59.73539292529274,16.289024,1.7212267,0.26295022078738217,-1.9133023012266677,1.4115335863169136,4771.6177
6056482642798260352,192.70978340628614,-60.04997339879913,16.289549,2.3172426,0.3056818165376441,-7.494228139092094,-0.04723677954612422,4747.9595
6056679146139984256,192.3293637853525,-59.82334825600109,16.289927,1.1284533,0.40826908782806615,-2.2672000433824717,1.0405822705858758,
6056678291491980160,192.3039578730538,-59.869550487104775,16.29059,1.3109789,0.39182780112443605,-3.3761632344003467,1.2352676590583025,6598.832
6056679425363398400,192.30751350026065,-59.80689148210634,16.291187,1.258667,0.7033400449023695,-5.5005347751325715,0.024026490017401463,5773.971
6056674683719388288,192.36437317720572,-59.93511997625587,16.293318,2.5348444,0.08519947911068985,-5.801478620805299,-1.2341574617195827,4676.885
6056481375831390080,192.51278011728996,-60.08759316144073,16.294374,3.2323885,0.026697564281495917,-4.493511028007163,-0.2807165706130186,4653.492
6056484807461802880,192.41462049180586,-60.03829048802113,16.29494,1.3400888,0.6403957072086992,-4.124764770707557,-2.6729394344915836,5786.385
6056678566369849088,192.1634569580491,-59.89561013375424,16.295437,2.0011787,0.17744932704101968,-8.05721830681797,0.049152184416262304,4864.711
6056682139783235072,192.688680778974,-59.82902912762107,16.295626,1.4322853,0.5061485281746739,-1.027787623302771,-3.1420339091910368,
6056484640006572800,192.45489672976186,-60.04858149145203,16.295803,1.2668285,0.37640979519390105,-6.370916378635453,-0.8980977803202613,5429.106
6056680215637524480,192.55189378538194,-59.79048566897569,16.297556,1.2994461,0.3414596867779936,-3.499737803868107,1.2355451120197676,5947.748
6056675645792251776,192.53899709161607,-59.89153840617692,16.298338,1.8188448,1.5045627974700895,-21.134309881553122,-4.29625846836051,4283.462
6056483506135286144,192.73286762912437,-60.0075268144912,16.298935,1.8651791,0.4587661206846796,-8.204174779346815,-2.2162584617859147,5164.1445
6056494363813264512,192.86821931696696,-59.85414385917253,16.300003,1.1649046,0.3201951184708306,-7.312177815988758,-2.0967739986122838,5529.2017
6056483368696292096,192.68584044455633,-60.03735908863455,16.30126,1.4425993,0.49179290054927693,-2.0296778941016242,-1.243678919954187,5682.591
6056674958597316224,192.35570731727813,-59.91520492427661,16.301603,1.394248,0.46590933975409593,-10.192004482987246,-3.2807659885394913,5042.77
6056487423145505920,192.5737186137821,-59.947429938208465,16.302147,1.3461466,0.450309518042887,-1.1855579415003994,-1.2925198382105099,7145.216
6056489519090050816,192.8431848026865,-59.97252171785201,16.302725,1.3680048,0.7652398120366084,-6.734033179704215,0.8116409928386199,6007.9536
6056675336554591616,192.54307904902228,-59.92760325338806,16.304092,1.3367443,0.20267832819712064,-6.401565424642082,-0.37838341515337015,
6056691348193950208,192.3350223509039,-59.77290408862087,16.30427,1.2960882,0.24167716798993766,-7.856313517829675,0.16915780156390048,6152.262
6056493779697491968,192.7202910318135,-59.90074033545223,16.304485,2.4668398,0.0690825129010691,-6.187249482284608,-1.0998135782890452,4960.132
6056691382553708544,192.36345049887407,-59.757351070250955,16.305231,1.189744,0.4275972330251084,-12.46831080026893,1.9698690383279378,6714.062
6056678154053035136,192.37497571623675,-59.86340236907298,16.305256,1.6271706,0.6034442812048717,-12.276174955666603,-2.930985718729367,5084.7266
6056693169260173312,192.41345675038156,-59.71297472123091,16.305664,1.2668076,0.9650222746300319,-11.351849274566877,-4.633491068747069,4899.241
6056674718079123712,192.34644159145915,-59.93642757257257,16.306297,1.2939177,0.41498734847266294,-7.1871631470117565,-0.21911196272806588,6853.8057
6056673996524618112,192.43079366118803,-59.943438905519535,16.30736,1.4580574,0.5769245908814449,-7.17322541767048,-3.538814126291457,5085.6284
6056493229941853952,192.8798324284587,-59.904483788436615,16.309273,1.1683359,0.28631871171395706,-9.660527410373216,0.8568599946620619,7126.2324
6056686331632017920,192.73547887824736,-59.731267661351296,16.309504,1.815978,0.48021737129132247,-8.380676866148946,0.3695201854046748,4972.04
6056487285706522880,192.50623373629807,-59.97317111315959,16.311361,1.2911158,0.7042806145355505,-6.417680703395483,3.5522552430543484,5224.5923
6056682139783240192,192.70607191333778,-59.81441270983422,16.311693,2.2015486,0.2309652736028177,-7.418412569431879,0.433698674368851,4877.295
6056692860022469120,192.3781448034927,-59.74893805693815,16.312084,1.6547508,0.6976421253789031,-9.476764234525957,-2.684234873839816,4863.023
6056678119693426944,192.4171160792081,-59.85815758994766,16.314009,1.5605421,0.9882914699142161,-7.036668325892262,-1.153377566898923,4449.206
6056489995797512576,192.87322047149553,-59.94784131751978,16.316143,2.064314,0.1623877541951963,-2.596585250639648,0.7887153709719242,
6056679562802366464,192.3677068068928,-59.792000317864115,16.316349,1.2291307,0.20773316651982476,-8.21208287880079,0.3065806204715252,6888.093
6056686537829813632,192.65270455302283,-59.730938461390345,16.316368,2.135148,0.18879235412651998,-7.401657079547512,0.4978372334815744,4840.891
6056676642224549888,192.4345214167736,-59.86584005655738,16.316818,2.2264175,0.2464470958293113,-4.1166504505897334,-0.32885601336249615,4859.5537
6056690832797838848,192.2386902891535,-59.81150778320281,16.319086,2.2767181,0.11784098796724318,-7.0388420623636545,-0.004774822055161973,4724.102
6056676539145466112,192.52689304993882,-59.86032978278135,16.319458,1.6176138,0.2931106871647366,-5.975973891378311,0.020292848226150857,7266.5996
6056674511920685696,192.27832054623974,-59.938762991323486,16.320107,1.3072405,0.5914700888093335,-18.191241029779462,2.902145153509121,5843.1797
6056484571287083392,192.4595864224442,-60.05899709219851,16.322437,2.6834345,0.02413665445977274,-4.575560420531956,1.6478441744859067,4624.5005
6056494329453509376,192.84786503965535,-59.85672259027837,16.324121,2.5149088,0.05216412407448065,-4.410043798612992,-0.4818648706193082,4811.553
6056673927763536896,192.36159469353873,-59.95930441199357,16.324417,1.640935,0.3018453169701519,-9.159277093059087,-2.663263538335943,
6056675817603088640,192.57743597477452,-59.90042153245444,16.326447,1.630372,0.5087027386604356,-15.535425408533426,-1.4803464482220992,5490.388
6056488007261070976,192.59200232850267,-59.93082388733599,16.327513,1.3546495,0.18839675115008403,-2.4729109594404077,3.535686675773478,
6056677638656920576,192.2792237526121,-59.897727927004304,16.328022,1.5050402,0.4220033334030044,-10.075770677730981,-2.26575350551635,5818.059
6056678566369855744,192.16207734758666,-59.88871828817473,16.32844,1.7770557,0.2657024283159227,-5.701876290212447,-0.8842162635177311,5116.567
6056486907749419776,192.6256183972222,-59.96525836033554,16.328926,2.2047882,0.3116777318054599,-6.132726836763267,0.250350144414992,6441.9756
6056493539179533312,192.8749438553143,-59.867977953479695,16.329338,1.2544317,0.5009342573195545,-2.1071962578122854,-10.625355071218207,5772.2725
6056484536927340544,192.42687117307057,-60.05942292618642,16.330236,1.6933355,0.46175702038844807,-6.700058470404371,-0.17914716890942978,4889.2485
6056680009437843328,192.49955754147516,-59.79990376880707,16.330654,2.2195816,0.1546465098240334,-6.119625690209875,-1.412714327975775,5352.8696
6056484949244238720,192.4597587866551,-60.03087761976779,16.330877,1.3033113,0.32407894499936296,-6.423612077383561,-3.1845548794516567,5142.615
6056486839029952128,192.7005464272796,-59.95939608174988,16.332499,1.8439684,0.3271748154818212,-6.784126055150903,2.5503691440194363,4899.171
6056677466858179584,192.19330104325024,-59.93847279860441,16.333357,1.2224932,0.41717025866464286,-11.02125373552854,0.0969243330243634,5807.165
6056691897949755904,192.2002697683013,-59.770049532044055,16.33346,2.4533472,0.03437442917426082,-7.44886817580738,-0.5266408379364473,4836.702
6056682071063756160,192.69006728091333,-59.83667486253587,16.33375,1.8447227,0.33308153679796143,-4.6257510806252995,-2.1643343345952357,4895.8643
6056686537829817856,192.67350929810965,-59.72542340707451,16.333853,2.5931082,0.12861500705170836,-6.553834598515422,-0.9172139453734838,4724.416
6056677054541573632,192.61520839398563,-59.82742357705389,16.334442,2.4614544,0.18859232189147723,-4.694797982653063,-0.7624756221538136,4869.119
6056691004596533760,192.22381097298114,-59.805007030391124,16.335642,1.0403814,0.3465221713210804,-5.752587119572182,-0.7750042434665824,6339.453
6056494673050936960,192.84304425419663,-59.809966827722164,16.33568,1.318718,0.6646790239905036,-8.058827700767837,-1.282496508166523,5236.109
6056494226374108800,192.7981725246092,-59.84179004132311,16.335707,2.1445742,0.1060314764040652,-7.209729681450909,-0.10268382279041637,5098.2886
6056488105996849152,192.62387647957954,-59.89719478629986,16.33597,1.251131,0.9260398396739628,4.69198206158397,2.144054526810418,4959.8135
6056487216987036544,192.5290293131204,-59.98333725022892,16.336298,1.2965155,0.4172150839135051,-6.211012669956602,-5.034714672065292,5728.1855
6056484605646825856,192.4763871747079,-60.056435367443015,16.337372,1.3375263,0.6468593943338588,-5.5501357138987535,1.336813808963801,4997.742
6056680318716751104,192.633556562925,-59.77870856987654,16.340012,2.1101913,0.17470798392844195,-3.4167055007455485,-1.061301909134871,4750.9814
6056484811805133952,192.40672101866303,-60.040479321537106,16.34051,1.4124126,0.49030280985483865,-11.989544051308272,-1.5944019205593452,5883.6475
6056485945676513664,192.42395294384363,-59.99453785639444,16.341032,2.2532158,0.21926260983713816,-7.83448757798655,0.5768820063643445,
6056692894345115904,192.4171178608584,-59.73579761458234,16.341965,1.3555489,0.360911873876646,-9.435274012891956,0.7291521611909543,4976.7207
6056682930057233664,192.7124805557059,-59.7999765780125,16.3422,2.1651096,0.24077558415441208,-4.050984209689339,-1.1616298315162468,4787.7285
6056675748871460480,192.57878156559852,-59.907955140417506,16.345434,2.6785002,0.1371398247723477,-6.658100961996065,0.9943986037080725,4828.7773
6056678428931075968,192.3581861614096,-59.84648275473125,16.345453,1.3013744,0.3422041575471883,-7.881558403010716,-0.8128386320193512,7143.835
6056493504819756800,192.84697288343443,-59.8877355655643,16.346588,1.2949829,0.8979141117318692,-22.03165942148878,3.61109801299749,5096.7188
6056675267835268736,192.47022892498472,-59.93100153499847,16.349977,1.3835478,0.2729242329617494,-5.673804099667903,-0.19927586601896224,6398.771
6056494673050712576,192.83167484111587,-59.814438589309816,16.350674,1.2682476,0.5783148095766979,-10.31286162241426,-2.3206546477758496,5411.6626
6056674301420447232,192.27818705912847,-59.95981615916241,16.351688,1.2400761,0.4383615311968315,-6.714729159282779,-1.1662601998259086,6063.394
6056682139783239680,192.7096794719265,-59.815361123887676,16.352823,1.4290314,0.18653514584159345,-6.4696701599057524,-0.876609668157752,7871.0264
6056691623071895552,192.33062213180756,-59.73982022387287,16.354555,1.3032684,0.20964121547652992,-7.3955782959893455,0.08456226731094228,5405.6143
6056673927805136384,192.38322522779768,-59.94504753105511,16.356623,1.3680115,1.0478616639503051,-9.26802272800265,-1.726319831619438,4918.442
6056691004596530048,192.20568238724246,-59.80942492587164,16.35713,1.2459812,0.5428710890817212,-17.892939654673157,-2.2415697730131994,5665.17
6056488660096927360,192.80660944716152,-59.99107438194713,16.359343,1.2849274,0.2560559341973407,-5.44236360183965,-1.073078158777559,7118.5605
6056681486947889792,192.6271667037969,-59.70965439057768,16.360748,2.3344564,0.08901765476668955,-4.935196249339123,-0.6079033213711296,4825.6743
6056482922019644544,192.6046584247489,-60.06872564375455,16.360804,2.262066,0.1789373069781836,-8.169888616816285,-2.6232549962198046,5073.9214
6056679665881542656,192.42832251034986,-59.84597215096968,16.361639,1.3752155,1.020707131093005,-12.68818002552649,-0.4638345760877309,4645.5767
6056690794091308032,192.22760015622399,-59.80969355789112,16.361732,1.2589312,0.9961967853806565,11.70969184948661,2.2170622146761114,4822.782
6056677295059770624,192.65871240902078,-59.78799149985986,16.361956,2.5060863,0.1446959340285963,-6.852119638661537,0.18880240307863488,4920.532
6056493607899022208,192.88199975959444,-59.86102540646314,16.364433,1.9580374,0.09294876154680713,-7.331861612337943,-1.3031320443968017,5036.9263
6056681654401018368,192.58701979800708,-59.715805125149984,16.365654,2.3302088,0.045144497263111205,-4.666277322829536,0.011759888967552135,4746.005
6056677741736099712,192.17599591126842,-59.92299014489519,16.36592,1.4455109,0.2562471423283085,-10.884728744898412,0.5358804712979515,5188.6177
6056680593594679808,192.64739760069455,-59.743082533484326,16.36607,1.2158909,0.3274544952822303,-8.88386051800222,-0.034080005727442894,5459.43
6056682277222208768,192.7509843308336,-59.79878594051489,16.367447,1.3333044,0.5458071116184828,-5.906800497147896,1.682155118053177,7044.9473
6056677776108123136,192.22479469286867,-59.89827246288695,16.367764,2.2235737,0.153399557406941,-5.039598402541368,-1.3212016788902379,
6056679013046515200,192.25285365184834,-59.82896257458295,16.367971,1.2947168,0.17725023451235164,-9.738959062195523,-3.393533592340212,5523.419
6056484807461791744,192.40696310186513,-60.0448974032929,16.369783,2.3979244,0.08531156496202988,-7.834996164465305,-0.13160556338184984,4636.677
6056486357993531520,192.49426862258355,-60.01974765698714,16.372238,1.345046,0.5091070547501035,-4.575742427075893,1.480718254505122,5426.3677
6056487629303941248,192.5593966307739,-59.939517851251594,16.37272,1.3820238,0.308223282595318,-7.724259002966473,-0.6338216799603033,5393.011
6056484846165005696,192.4264327149764,-60.04443811304973,16.373337,1.2952967,0.41920624046407773,-8.445630550436348,-3.0356405948897227,5898.6797
6056486873389699712,192.72079392164264,-59.94791282754078,16.374916,1.3972006,0.665007315287715,-6.222825451277025,-1.2961150839451487,5685.59
6056485602079118720,192.35901318596135,-60.03190326491158,16.374926,1.3198528,0.27969865395684995,-8.95092473230929,0.09692606658756986,7225.083
6056485189762242944,192.30971439453586,-60.059750269913906,16.375105,1.6097164,0.22647153690052285,-8.165073582291516,0.24678107813065916,6572.4253
6056680078198564608,192.49092905709153,-59.79373492313483,16.375881,1.1090174,0.3097616437590539,-4.184460415343813,-0.23147763579395075,6491.157
6056485430280420352,192.3236887593381,-60.04236059840428,16.376804,1.3084316,0.3838036825782739,-6.1874731237699745,-0.85732326558418,6709.1763
6056682620819606656,192.81385779929795,-59.78015035599501,16.377823,1.4485998,0.3747522361890318,-9.80759856572456,-0.2290176345619724,5206.3623
6056676642224557056,192.4504086557835,-59.85929501315372,16.378012,2.0266457,0.2334023502428103,-4.424419853598642,-0.6724042397189895,5104.601
6056679013046518912,192.26020743098138,-59.824875669980045,16.379211,1.2333622,0.5324250830716593,-8.658407417754152,-1.5538560396905874,5749.35
6056681139004900736,192.50935501755015,-59.74752657835549,16.379492,1.193388,0.8041178723516208,-10.469167787021174,2.8049733265767673,5620.3394
6056675199115627776,192.47149762799793,-59.94959576859097,16.379496,1.3143177,0.27329072865368464,-7.789880269849803,1.4910877362573103,6664.4097
6056482922019654528,192.6021906438837,-60.060933831012534,16.380325,2.2004385,0.14304222707066297,-7.236299935360668,-0.21960399760233007,5248.922
6056650906778195200,192.1808605604629,-59.98000035034236,16.380589,1.8848104,0.22057303096163577,-7.588601202680444,-1.8587219255906309,4782.756
6056691932272197120,192.22449747504376,-59.765830171954335,16.381618,1.3344269,0.34873329863704494,-3.1144715140540327,-1.5944442100246659,5582.47
6056493607899019648,192.8689227847529,-59.85510206875788,16.381756,1.2791948,0.16586967310971798,-6.488186878646121,-0.3621704462345195,7097.61
6056494599990444672,192.84240137433923,-59.83654685075574,16.382553,1.0870075,0.3474347499993469,-10.943425764527353,-1.1637617265274898,6752.62
6056487182627284480,192.4985174024165,-59.9931611950793,16.382692,2.2337036,0.06016339747348109,-4.099980145903203,2.379573562545258,5157.0874
6056485842597472128,192.40546593606368,-59.998631974125466,16.382877,2.2368412,0.12471112309450344,-7.834310486260636,-0.021235793270508074,4951.415
6056492851984707200,192.84128212050172,-59.91253702038435,16.382946,1.2227373,0.4125530472916795,-8.06007230123193,-1.208917368005332,5864.4023
6056487560584455040,192.51146662299558,-59.94748443078557,16.383364,2.3436422,0.15434698625050502,-6.77993199743602,0.033534227696415383,4723.1763
6056483295633336320,192.59837756729968,-60.01993543252974,16.383402,1.4158516,0.2662029313323917,-9.922463167322663,3.1598810690901153,5245.0103
6056676401706496384,192.46867172786062,-59.8858694455542,16.384083,1.4565449,0.4956695201665305,-5.768602477905366,-0.042934508536143015,7460.7085
6056690931530249216,192.14136439092368,-59.8209240147826,16.38567,1.1785107,0.42718495146338775,-6.3461339463742075,0.28949542559942143,5815.211
6056482063026164096,192.57636229773104,-60.08600188141549,16.38623,2.6347008,0.11007189838130406,-7.2837519601435785,-0.4153290019397128,4939.0435
6056691623071874304,192.30921564923804,-59.75401864278606,16.387188,1.0743141,0.485726649911715,-11.43683943938304,-0.5286829407573177,5667.7393
6056678532010119168,192.2040072526345,-59.88994885372671,16.38753,1.3167143,0.9194011692207564,-10.230361749137911,-2.688469901057616,4929.855
6056673034452103168,192.25878700688148,-60.03359456238299,16.387543,1.5360413,0.5331814343176638,-12.695287080064734,-0.25066090950495445,5309.1523
6056654995540151680,192.12798297364094,-59.92746644689012,16.387869,1.3924484,1.1029508703232969,-4.58837677094331,-0.42158276880499207,4553.116
6056485980036436224,192.4457683742076,-59.99444193672605,16.390095,2.14639,0.12118371571403645,-5.7582846598132065,0.2172618978790891,5819.337
6056483368696298624,192.69354939964472,-60.03056832595532,16.390142,2.3768167,0.2375338113936224,-6.532910081130864,-1.1231132055673787,5133.3633
6056675881964785536,192.65240357584943,-59.88057967345859,16.3921,1.5130205,0.1774004606402006,-6.672243460242361,-2.0260516637661796,9304.193
6056484571287069824,192.4535674357958,-60.06979381583552,16.393023,2.6013203,0.10417011914002156,-9.101617754542334,1.2497519278223694,4799.5522
6056692310266637440,192.25547106952234,-59.753128971175705,16.396742,1.1238413,0.340682263719813,-5.898166012759791,-1.8701572224563454,5406.6265
6056690828451056128,192.2522156221224,-59.80193722019589,16.397362,1.1081514,0.6392671463295183,-6.826330633340179,0.2766716720249504,
6056485808221094784,192.36246462693293,-60.02275669745629,16.398146,2.1754694,-0.08346696795285764,-11.55910151301356,-0.6707789449352157,
6056676126828610560,192.60383694728654,-59.86000537834312,16.400215,1.158617,0.26327501812102316,-5.836812675684189,0.3852836027996568,7466.203
6056492817624951680,192.81328490487653,-59.92409977016319,16.400463,1.5654831,0.3411929337399819,-7.517756210470368,-0.0676102178839935,5006.538
6056682414661333760,192.81912736564053,-59.797509916519125,16.400717,1.8794575,0.24236858833587832,-7.687294162826068,-1.0736334189632428,4790.205
6056492783265073664,192.77310254589267,-59.92855478348743,16.400845,1.2372475,0.40639890539242973,-5.3315376326793,-1.8094823928136,5260.441
6056488140359540608,192.66218111342096,-59.90186286678198,16.4009,2.301628,0.01613902202092735,-7.5390358618264335,-0.3217715500531235,5813.452
6056489759608091904,192.78875183470208,-59.94984775801611,16.400995,1.3314857,0.5306920143186641,-10.44708628054666,-2.0582582389558555,5352.3057
6056683376733876608,192.7461298758518,-59.745880050544905,16.401035,1.4890985,0.25819751149901227,-6.022612231113837,-0.029863524813537073,6458.2183
6056676126828610944,192.60078120138547,-59.85921365269553,16.401802,2.33354,-2.0710837769596013,-5.854023946276127,-1.4628716117848903,
6056678463290715520,192.39992824340644,-59.82456978810615,16.404192,2.1618567,0.08675855046757229,-6.8905468025783,-1.0301993828929152,4846.648
6056683376694504064,192.74938132468986,-59.74077894452415,16.404665,1.37745,0.31114190792618185,-5.951192722800175,-1.8735869764529367,
6056486529792277760,192.59524823856265,-59.981653892134695,16.405376,1.2645998,0.619461611463484,-5.452327317464793,0.41106726670403726,5688.515
6056680249997267840,192.57033586478502,-59.78377804971289,16.406477,1.4167795,0.3043318579520461,-3.7090245745468144,-1.1222985337438351,5133.245
6056678635089341184,192.2251581419682,-59.885389366673074,16.40669,2.2023458,0.06212164299284818,-5.808462556300015,0.3124211618455017,4891.6245
6056690867157566592,192.15629011240216,-59.825608691780154,16.407238,1.1708422,0.34612466792482394,-7.06105726566106,-1.5775664991449478,
6056492744561485056,192.74151626184363,-59.93461374881682,16.408073,2.1240768,0.15007264739901893,-5.93694671165763,-1.875265138957624,5292.771
6056677329419500544,192.62794117148667,-59.798558176061725,16.410507,1.3829899,0.42969214940614964,-10.849025553271456,0.4976934973712708,7140.3965
6056678428930956032,192.34839060332317,-59.84656362435279,16.410666,1.3111658,0.5473103110042499,-10.199384808865641,1.7255298209307106,5114.848
6056683308014379904,192.72971648914535,-59.76609471746791,16.410824,1.2857885,0.3293220740811864,-5.278544196080188,-0.8962692578100758,7119.3228
6056680078198444416,192.47650426353508,-59.79817975053815,16.412144,1.4895201,0.5676397422604881,-0.4728979871967946,-1.6460154446642028,
6056674370136252928,192.2110877400091,-59.976100955073505,16.414167,2.234992,0.07464089908448013,-6.055773977818022,-0.3537708845486772,4751.6074
6056679047406353920,192.28398855269734,-59.861887907593896,16.414568,2.3520947,0.09284962936931654,-7.7383843753822505,-0.5456926406122763,4912.262
6056493848416969856,192.7132173590291,-59.89415126415527,16.41495,1.5569725,0.3797539340840961,-5.213854992367461,-0.31535082638412304,6010.821
6056489690888739072,192.7994887478898,-59.95336599086349,16.415123,1.2594633,0.2858876656543175,-7.2868458682316914,-1.8954592346225354,6719.9033
6056680662314158720,192.6134799093767,-59.736659540426345,16.415228,1.9865856,0.15814694216998484,-6.399602681018921,-0.5993754964578949,4939.9033
6056488694456316672,192.83507931572015,-59.99283186810612,16.415308,2.4777775,0.06357129757053358,-5.638027007549468,1.5769614277698882,5019.9854
6056678497650368512,192.18538020594264,-59.90030395323592,16.415813,1.249816,0.5049747307021528,-13.299728344724645,-1.5189129225398523,5787.0835
6056492714545596672,192.78395303966323,-59.93096709300624,16.416288,2.4672327,0.08315172538692031,-7.374528296373997,-0.5540998362288558,4644.465
6056493294317336832,192.85298039793645,-59.90129052714026,16.416382,1.2729034,0.5689666638135709,-5.398211969221143,0.2532896807437506,5394.8
6056493951496368256,192.83007248590977,-59.86540161167941,16.416697,1.4297142,0.34768594410393805,-6.739659417875325,-1.048939783184201,4958.986
6056493917136609152,192.80098611922426,-59.871784783455105,16.416794,1.6064396,0.289004338365678,-6.708370036427768,-1.1338591221897443,5246.5625
6056674095258335872,192.2048459944263,-60.00737660141299,16.416935,1.2475014,0.7876497539444379,-10.446328921298475,-0.39714304266542944,5054.1914
6056674683719386496,192.36503779487936,-59.93718367097436,16.417404,2.5246372,0.1518093540969756,-6.528368542926025,-0.48157502217804976,4700.54
6056680284357008512,192.60731717809514,-59.78390586424145,16.419119,1.2668896,0.3584976189818012,-8.988173441846985,0.10180933879622926,6423.168
6056678493308515584,192.1797364153463,-59.90814551275048,16.419981,1.1832733,0.49952451265641623,-9.281239622259385,0.3123985484585456,6008.9497
6056682242862468992,192.78927668627398,-59.803227278657005,16.421,1.1647129,0.3323365120742167,-8.872258509703729,0.0716908533599272,6375.4043
6056673893445376000,192.33866647825573,-59.96875150250616,16.421244,1.2649918,0.2959248769944707,-7.82737614868155,0.49698918162492467,6655.025
6056487045188382848,192.67461094175428,-59.95694038538991,16.422813,1.3606758,0.3232295821867201,-10.039945061499633,-0.4294540852905935,5794.449
6056673343689749632,192.23381858797313,-59.9994866494949,16.42288,1.613039,1.7210449445358387,-4.2651110361711595,5.542731696918419,4484.0576
6056678394571227520,192.41094291960826,-59.839009879390005,16.4231,1.2975626,0.6882003996102927,-5.939170801559417,-0.7183680477180744,5414.064
6056487972901351040,192.70066508300386,-59.90576369799818,16.423212,1.4760561,0.22160183095536345,-6.303260201162525,0.02817486958462905,7140.4556
6056686469110333696,192.65968861279762,-59.734169223245466,16.42337,2.6825924,0.062041494594592614,-5.2064636793905175,-0.27396012076446874,4568.5044
6056677673016622464,192.19788795472965,-59.925190391979925,16.423784,1.4976482,0.4111133291560416,-11.939985587404548,-0.9308243837457788,5244.4517
6056678119693296128,192.4150376734919,-59.86789371001995,16.423946,1.6373777,0.4978089238293739,-5.241498626257404,-1.885959249181957,4973.0557
6056486598511867008,192.5865445065325,-59.975358353981605,16.424248,1.2887764,0.6179191823948857,-11.36801611360568,-1.0717951163253252,5243.2744
6056483368696291712,192.67097008243266,-60.03640525453193,16.424269,1.269372,0.4123727399135185,-5.536713133639211,0.8943102177162683,7125.2544
6056680421795958912,192.5468860775963,-59.7828557391461,16.42428,1.5049629,0.3749731513473655,-6.142242061739137,0.9347353407671097,4918.8926
6056691382553700736,192.34837431281082,-59.76110191164869,16.42555,1.5579767,0.28855956040567365,-6.458554336052794,0.8478179088956003,5668.816
6056693306699161984,192.4634676316849,-59.696038998742246,16.42573,1.2725344,0.3443513961842677,-7.654390650654235,-1.1403029835583007,5067.7163
6056674954251833856,192.36123239703275,-59.91083327432738,16.425938,1.4034319,1.6578047257252762,-12.276789426592673,-2.595191212794301,4943.088
6056679180503454336,192.35093718248848,-59.833479677476696,16.427742,2.2375956,0.09367469576303093,-6.48994206326833,0.7140817049289971,4914.1235
6056482200465344128,192.61829884064883,-60.07711536144054,16.429947,1.4133949,0.7157328322079041,-20.48399270053572,0.1286969896708591,5458.28
6056487732367460352,192.60159195758516,-59.95673667849819,16.430117,1.4590254,0.49054951192081114,-9.391975856647116,-0.250016936679626,5819.5254
6056680078157316864,192.47643593489016,-59.79842903489275,16.43112,1.4526043,0.13419642601616313,-5.529684117328205,-1.13581928318003,
6056482509702789248,192.65993470970315,-60.06914472668836,16.431143,1.2425699,0.3202991159377879,-3.553050329481154,-1.0736269990556524,7040.887
6056678944327030912,192.25779299854395,-59.840013261277306,16.43191,1.1814041,0.3623390220030454,-8.496498898282997,-3.2373106506775065,5289.3467
6056678978686761600,192.22672863109673,-59.84520536781688,16.432568,1.5165901,1.2318954541448315,-11.508498076340672,-4.323879060308825,4635.371
6056682689539085696,192.81058456607877,-59.776833669736654,16.433062,2.1937218,0.14545516580867357,-4.275630483899887,0.41203289533814585,4930.564
6056488728816066176,192.8540079148382,-59.985094614186075,16.433191,1.3029356,0.3775469216853986,-6.253359173101291,-1.2672622075751305,6953.1973
6056677844815361152,192.2925011079639,-59.888663343466185,16.433825,2.2903109,0.1131290248380583,-6.032082001541691,-1.61259696155787,6627.8184
6056673167545398656,192.33051258038057,-60.009802832715486,16.434301,2.0599003,0.13160179672522404,-4.600916474693328,2.3299347983412595,5074.548
6056650700619749248,192.1970153149295,-59.997337156392746,16.434788,1.4446774,0.2889185107376976,-4.466115239135703,0.7603964694283714,4876.4033
6056680142572419456,192.55596858267572,-59.80109396968972,16.43554,1.2584286,0.34302900437017536,-6.827635663961709,-2.3793756033033224,
6056691932309507200,192.21803157659807,-59.757098227730815,16.435978,1.1292486,0.29768413188785725,-6.152030258612857,1.7518602980421172,6001.812
6056675096036294272,192.41053676326334,-59.89736787183908,16.436174,1.645154,0.09772470888605601,-1.2405193333428353,-1.2494416213941402,5710.546
6056483128178087552,192.53317965276904,-60.053235936675414,16.437334,2.3471174,0.2394232786422876,-5.267734084301601,0.34921468369675224,4968.179
6056673721646876416,192.45684803478662,-59.96283331055829,16.438717,1.2965822,0.517935295386031,-7.292186347867768,1.650150448890649,6078.7456
6056650975497673600,192.15677789682857,-59.97642599354038,16.438858,1.1628046,0.4599682953718601,-9.516505078658875,-1.2814854130506972,5624.827
6056676745303908608,192.53227032978984,-59.843603602391916,16.439156,1.558753,0.2498645539275029,-7.703887456715169,-4.389904412106307,4938.8726
6056691897949748864,192.18567469249635,-59.77693097781846,16.439407,1.1008587,0.3494000165994166,-6.874982960616855,0.3054716819725363,6588.689
6056682238520204032,192.7870046382588,-59.80431605834275,16.441753,1.3482714,0.35404868337793033,-16.61641742341615,-1.9469406864914482,
6056686469110327296,192.65265995822642,-59.74006468019135,16.443232,2.4446068,0.02225814092419975,-5.296001116341108,0.11111100667616171,
6056675508353287040,192.49649744138182,-59.91544544762983,16.445774,2.4416904,0.2132459011980373,-7.7897869799474995,-0.5254061313179581,4589.8623
6056675267835112576,192.47828006107784,-59.92814759068592,16.447243,2.1302748,0.12894125175049237,-5.034273431733204,-1.1948509869874888,4918.091
6056484536927344128,192.43012495686,-60.057169911304285,16.447474,1.2890501,0.3411544371549632,-7.652260249053992,-1.5156800155282448,6144.556
6056679837639645184,192.52337005102206,-59.806430112432125,16.447573,1.2796297,0.44478033531301564,-5.530960715468038,-2.766009061233291,6210.9844
6056693267992603520,192.44062975402082,-59.70743634599477,16.448223,1.1645012,0.40977205672994843,-8.56523294658494,-2.9079965468531657,5684.6567
6056677226340277248,192.58734979309443,-59.80746251771245,16.44924,2.7190504,-0.047025943116786366,-4.684683300199066,0.4762217481522024,6096.468
6056679768920118272,192.52320331324967,-59.82394171582691,16.45003,2.1493874,0.22983275504704215,-5.878236213704875,-1.1529472076339529,5124.598
6056674855518107904,192.39758919755076,-59.91362525632658,16.45023,2.6442623,0.08270037425882928,-6.511877258713812,-0.7371881175668749,4731.146
6056690867157563904,192.13863110646705,-59.835287980432426,16.451738,2.3199635,0.13422319595136412,-6.706488651936408,-0.6736959171596009,4745.804
6056690901517310080,192.17910543367742,-59.81558471509309,16.453222,1.3542881,0.7330749660824162,-7.662337821243195,-3.1137607090948145,5220.4604
6056653896075435264,192.14303646219403,-59.97510908966713,16.453613,1.1484919,0.363568310560376,-4.016776116219177,-6.735724580351279,5592.8076
6056675096036307328,192.42616030520588,-59.88527104923205,16.454803,2.2922602,0.23972110936090846,-6.283516440593349,-2.5438938081947207,4952.383
6056483437415791232,192.682121963714,-60.01816072371131,16.456465,2.3695288,0.13064792902513922,-6.747435938589625,-0.2050390605259614,4993.5107
6056690660999133440,192.17021363805523,-59.83854839774608,16.4565,1.4982443,1.4216947209032913,-0.6853177370895662,-4.445275577751598,4572.2607
6056679150485472000,192.33256247699575,-59.83176666019737,16.45706,1.1671772,0.7187299632720483,-4.077424944317162,0.8244759061827893,5514.245
6056667124533008128,192.1196900891099,-59.86531558421519,16.457865,1.2151365,0.43661680252901686,-3.7119359912345944,-0.6988471836308211,6006.1597
6056675164755794048,192.4124051267616,-59.872480238992146,16.45793,1.4889164,0.815598322676017,-2.3620348052092943,1.2986735551390343,4852.524
6056653930435189632,192.1814130102993,-59.96200736755198,16.459772,2.3512688,0.15306938997614486,-7.63390559455822,-1.271131383924338,4789.9946
6056494707410682112,192.86170217217597,-59.81434003397881,16.461555,1.2603865,0.38768586368299396,-7.640522611067526,-0.2232608071383617,
6056679631521812992,192.46303533176186,-59.837887735654455,16.461573,1.2091961,0.30757771095033876,-8.316025953556007,-0.18763777338862744,6034.7886
6056489622169294464,192.86623087602075,-59.939180625731204,16.461916,1.4128389,-0.3233837176492913,-7.835230234824175,-1.5396994689060948,5211.9644
6056677226340281728,192.59353367411154,-59.79992909899052,16.462215,1.3520536,0.27511416996335986,-7.162319751252979,-0.23595242510592368,5602.377
6056686224262222976,192.71004137581934,-59.747933022441444,16.463085,1.3200188,0.5714192931044016,-6.3841903038959815,-0.9241732077703925,5697.682
6056654995587105792,192.11320030560412,-59.921817408796244,16.464111,1.5454102,0.4040758434690464,-7.42880628032855,-0.9118415199280994,4886.466
6056485876957035264,192.36631791780883,-59.99955923225977,16.46431,2.2655,0.10523779383943718,-5.836289637426611,-0.6340709022026855,4733.3594
6056674271402502656,192.29824591770554,-59.95835275364903,16.465578,1.2020884,0.2465678529071649,-11.981469700144652,-0.1432045180721566,
6056676951462352000,192.59688745475793,-59.834352355358185,16.466991,2.2692547,0.15274556746175716,-9.41091686144814,-0.8499678912384176,5160.8115
6056673790366356096,192.45155211330513,-59.94321107871138,16.469095,1.5251427,0.401624040611377,-4.664734045090032,0.5972173281180106,5688.859
6056494329453500800,192.84090601243634,-59.85981849835279,16.46952,1.5512781,0.29666717236893153,-5.955004493247908,-4.043235370288646,4983.0005
6056494123280398720,192.71997378968007,-59.86837115427616,16.47019,1.9484215,0.3567418558370031,-6.937075886539589,1.1471959456213159,
6056678532010112512,192.20559897974252,-59.89765365517851,16.470854,2.0637503,2.391877690193342,-15.140931368630353,-2.620111342100683,3605.479
6056674786798618368,192.40744738623178,-59.92421569928345,16.471449,1.323082,0.30994808241254646,-3.4548426899300066,0.5308741331380995,5141.599
6056675473952552064,192.46228972382326,-59.92837615538731,16.471548,1.3374681,0.3391746838667722,-5.962019401902014,0.22067852816157388,5777.4243
6056691485632896896,192.25995619475935,-59.77354274256599,16.471792,2.6898499,0.08477492020845735,-6.081484491395448,0.9669792743930404,4636.117
6056674099603781632,192.20338839408856,-59.997495822616706,16.472147,1.3021154,0.4612479312935478,-5.653827087303693,0.7711424761657751,5499.921
6056677741736109440,192.17721042682007,-59.91150002300362,16.47219,1.0380087,0.232716643515869,-7.960989572887937,-1.1843569298403414,5888.1904
6056679287936647552,192.37894339073375,-59.8035666812809,16.473028,1.5911446,0.4065153050821825,-5.704808385693052,-0.7489009853925029,
6056487801102635264,192.61121978722394,-59.93939540760266,16.473324,1.3180723,0.787716696209728,-18.406229738395183,-0.7630462808676768,5072.916
6056481616349559424,192.46070138063803,-60.08267232678702,16.47548,1.454196,,,,
6056683273654641792,192.69828265756277,-59.76259607578837,16.476301,1.4641857,0.7584285674190994,-12.017089674864625,-1.1566573575322843,5376.2944
6056488075980628480,192.59303485747265,-59.90969194329337,16.477736,1.3738432,0.8962293473141019,-6.6602754875851025,-3.51519530447994,4601.7153
6056490275004352000,192.89006924537978,-59.913161822041005,16.478941,1.9633732,0.18178157574537288,-6.984807099688092,1.0464633286750724,4801.5156
6056490206284869376,192.88602649783633,-59.917701025628766,16.479126,1.2247925,0.33982778296970473,-7.5186927493099205,-3.2282866670133865,5932.9487
6056487869822128128,192.67962471605568,-59.9223856895242,16.48008,1.2815676,0.49029900255523556,-5.685039380492952,0.047364064539653056,7164.3994
6056487766742900864,192.6468302724024,-59.93762488741954,16.480972,2.3053074,0.09932432646694916,-5.952863968238081,-0.8574621877378084,4870.6885
6056681590027097728,192.52934843911544,-59.722540308327424,16.481876,1.361455,0.42834970587069304,-15.057243494964366,-6.006105909435058,4942.6265
6056679391003649024,192.2842673341741,-59.81784694026224,16.481932,1.2473326,0.3721020431231976,-11.660627499909117,0.8105602477549332,5556.121
6056482887663536512,192.55839992982078,-60.062672723902324,16.482113,1.4798717,0.33021544187009355,-7.050870474889857,-0.8632587729608946,5714.946
6056673687286943872,192.42083015587775,-59.97755500761757,16.482586,1.3882399,0.41099002279804164,-10.070130795306115,-1.6187939193739767,5016.4204
6056678188412776832,192.38753264025397,-59.86153783530106,16.483576,1.6428995,0.6040877797323331,-7.583196427699114,4.271355889723635,5344.381
6056676466080351232,192.53486769874266,-59.86460723933825,16.483707,2.6293898,0.013896362803454802,-6.582109823489613,0.013281795613025971,4859.3164
6056655339184501760,192.109759472371,-59.88774710935153,16.483835,1.3728008,0.2655227551225865,-8.250127933802553,-0.36946475966311404,6527.331
6056679562802377600,192.38033504616743,-59.775897215292794,16.484112,2.0697966,-0.28168152534739765,-6.432737270827666,0.8543125232503703,7199.371
6056490206284860160,192.88333320052763,-59.929358671564486,16.484299,1.3633413,0.3544714697718075,-6.163951329214616,-1.6403569458835685,5880.212
6056487079548135552,192.70733281706833,-59.93986239695501,16.484583,2.0638847,0.2809187113597146,-5.771416906971402,-1.2071449021873284,4768.6377
6056674030843512448,192.41279489030407,-59.939359781729614,16.485422,2.8221188,,,,
6056677535577677184,192.27174402392802,-59.922291303874964,16.486021,1.5151882,0.15497191096072735,-9.104741208602562,-0.35382232761917864,6653.5454
6056680834112690432,192.46618976080018,-59.79495137191775,16.48634,2.0431852,0.2186421180474713,-8.542803208687706,1.32125405237912,4913.2603
6056682139783417728,192.6974888897783,-59.82177344423397,16.486479,2.2418098,0.001165959176072092,-6.17478929263671,-0.05739420463402435,5248.291
6056681963638533248,192.79694793225363,-59.815098604624986,16.488615,1.254715,0.8474991402688857,-6.696737416508992,-2.1885071119393213,5241.49
6056494329453524608,192.86109487728962,-59.850790756776505,16.488768,2.2163677,0.0679029675063025,-6.095598635464994,-0.47953392884213075,8130.761
6056494260733847424,192.78738635628548,-59.84028444354081,16.488897,1.1748276,0.3540250690577996,-5.514962333926497,0.4311052368378231,6947.199
6056679459723139968,192.34073534891024,-59.80477680147486,16.489183,1.1493311,0.8587157777874391,-10.814483827029896,0.6916222245152255,5927.037
6056677432498441856,192.22457309986294,-59.940544269445056,16.490042,2.196124,0.08960881288163661,-7.245915997473761,0.26757932672022383,5089.823
6056681448242577024,192.58872379755613,-59.724218643888335,16.490189,1.5760021,0.40641914702706256,-9.212729341523248,0.46783161538903617,
6056484846165006976,192.45207084872249,-60.04558651430104,16.490328,2.3168106,0.2204395108327168,-7.799559659985955,0.29190834281326866,4776.0073
6056676607864804096,192.46293137731783,-59.878591427500155,16.491306,1.8293505,0.28107462360735785,-8.287587047205792,-0.38418880093774754,4862.26
6056674133963525376,192.2519404806175,-59.989441787459356,16.491457,2.2630243,0.10249795213551437,-7.184331530861005,-0.21026747683129765,4975.2676
6056680112558311424,192.52071378584182,-59.784544320430584,16.49271,2.5415077,0.167153242514748,-7.037118351244604,-0.8708384118381722,4691.6636
6056677226340276096,192.58001656772498,-59.80828733058831,16.493416,1.3011703,0.3429878933952935,-9.196778886129385,-0.8645421663752342,7126.725
6056677707376379008,192.21681789132887,-59.90812326047403,16.493704,2.3753757,0.14934755452195816,-4.093432692045685,-0.05620485763481264,4776.5083
6056678291504217088,192.31690271604606,-59.864620753252765,16.49438,2.322898,0.1625413130166818,-6.9794032157773955,0.42859453118211743,4657.1157
6056488797522887296,192.86161585851318,-59.97131757136424,16.49458,1.3694572,0.5568603130079225,-4.141954743279159,2.8029711730649645,5762.736
6056680181277786496,192.5779564273007,-59.79217793867191,16.495068,1.4464636,0.2627398004011039,-10.064826197113229,-0.9558137110671723,4940.4023
6056683303668397440,192.7375681792061,-59.75852808182895,16.495178,1.9707613,0.2379470355885516,-4.576698239473417,-0.6444861966609762,5037.9355
6056682620819605376,192.83210413378035,-59.78438500670188,16.495207,2.5779552,-0.019986371668119667,-3.1745883424668255,-0.8588702799470063,
6056487766742899072,192.6447420367985,-59.93984795899338,16.495333,2.7009172,0.0199219804573152,-4.451831774524428,-0.4952448448449762,4871.06
6056674821158519296,192.42959116401212,-59.91016375413116,16.495811,2.2944412,0.16416480121565652,-6.83726140969918,3.0333842134444815,6610.0283
6056488075980629760,192.60392422837774,-59.90621583275354,16.496113,2.1794462,0.18142475341538103,-10.411412265502413,-2.0537370502007004,6099.5244
6056483059458589440,192.52361100072665,-60.068561904866456,16.496159,1.3568411,0.2312097937777122,-5.901662371257233,-0.35624229977888633,7420.124
6056675164768020992,192.3984371482523,-59.883343811718575,16.49679,1.4635363,0.4862855988378803,-9.287708841380576,-0.7464540418022797,5082.3906
6056675302194854912,192.51170961374632,-59.92160898414231,16.497845,2.547944,-0.5012562928557251,-5.14940852133784,-2.7552653106982126,
6056681688760776960,192.62077619090653,-59.70244269979058,16.498215,1.2717667,0.4187083708039117,-13.598579930071157,-6.798437162545436,5744.2676
6056680353035832576,192.62258454683976,-59.773702056148664,16.498907,1.2576218,0.3686695933608346,-6.837911860501504,-1.079374270133631,5799.3916
6056485911316772736,192.37659094247948,-60.0069737877732,16.499489,2.3567438,0.1651986225674278,-7.362176789513461,1.000887782936244,4694.933
6056482956379403776,192.63468955786422,-60.05432445753211,16.499681,1.6666384,0.262761657472513,-8.376860230731264,-1.9303442980361014,4996.626
6056679421021618176,192.30025200802982,-59.8153186824796,16.50088,1.1306686,0.33719868872856384,-4.894572147650571,0.06089581903126212,6121.288
6056488007261075968,192.594115823289,-59.924414684498366,16.501774,2.3071728,0.22605511797881858,-9.740498622969522,0.3302690718790175,4811.654
6056675233475373184,192.51284239639793,-59.93552677089379,16.503868,1.4174795,0.673177377941266,-11.769550363838208,-3.88958376394696,5350.02
6056487079548131584,192.69804750879064,-59.944281098099886,16.503952,2.4122047,0.15183255850031524,-9.108718907751706,-1.1766253917456193,4941.4272
6056483093818540672,192.5626455566805,-60.05175756948276,16.50425,1.182024,0.3708352704047229,-5.502292797061929,-1.179403550704612,7018.851
6056654274032598656,192.1384786277509,-59.92829750826031,16.504547,2.158949,0.1968915861785981,-9.557246305216706,-0.09012778460237278,4817.9233
6056481646366265216,192.48540452262657,-60.06381649897799,16.5046,2.7030554,0.08322658629970782,-6.610650993564292,1.0528986473179047,4703.7847
6056485602079116032,192.36254861194274,-60.03824853233272,16.504936,1.7195301,0.2873230797497231,-3.841785070637111,-0.012269763024522599,5118.733
6056486289274063488,192.55982519989266,-60.01627418987175,16.50524,1.2161617,0.25037705162704654,-9.087730418238865,-1.518358398767367,7483.315
6056678836902305024,192.16636186663308,-59.863507812049214,16.506824,1.2150784,0.36025587318532026,-6.177253824397383,0.21872954240216974,5803.7134
6056483128178087808,192.51499896005086,-60.051592536453455,16.507898,2.5023766,0.12198203084551498,-5.80033626731615,0.5494983504430372,4759.157
6056654239672852864,192.12999330883184,-59.93658628617912,16.507998,2.279747,0.16658825106910824,-5.435657472563052,0.5769065052130765,4868.903
6056674065244269824,192.43104232428,-59.92403177172795,16.508097,2.2762508,0.088220005404532,-7.565735713110765,-0.6856307693980729,5077.1143
6056489690888726400,192.78513934715394,-59.969071243705784,16.508444,2.3930264,0.14797244874482213,-8.675667731236215,0.0903778459247982,5030.8027
6056673545506055936,192.34085907507261,-60.005607123309154,16.5085,2.2721825,0.09321929599839195,-5.7611415461244535,-1.2398605211341178,4754.1016
6056487457505206528,192.47927218553727,-59.97710386842911,16.509129,1.2312784,0.3227576237726617,-7.01545086917904,-3.472460736759695,5701.0645
6056487453164755072,192.47426330982495,-59.97122204878744,16.509298,2.078805,0.2538435393150918,-7.979912384086107,-0.31433037070993114,6973.959
6056655098666328960,192.13177592829965,-59.90421526310579,16.5093,1.2019033,0.7356606059154024,-6.037468886375621,3.9590869509331603,5487.3115
6056489759608216704,192.79817848086128,-59.95115228243276,16.50961,2.560357,0.04505615321394663,-5.706605214691962,0.15621763833198551,4760.2417
6056674889877862528,192.42298528703006,-59.89896709015991,16.509731,1.3660192,0.43665179038044455,-3.695047681221151,-0.5417545091282324,
6056487079548134784,192.70461261445686,-59.940867582249254,16.511454,1.8368759,1.6537685986795663,-19.447557530369505,0.6144035806057403,4454.123
6056682139783238400,192.69752211837107,-59.81744903383965,16.511854,2.175394,0.21578596296943134,-5.647914924822456,-1.2397495909238478,4843.98
6056690867166338816,192.16160597436914,-59.83107333377462,16.512026,1.3653183,0.3490907519109512,-12.335994814729268,0.05116290452761868,5682.831
6056674649359631104,192.3376844521173,-59.95416655006567,16.51209,1.4456043,0.3460497143521515,-7.0778924068413405,0.42237314935192294,5091.1284
6056683170575417984,192.69366574693737,-59.775072686282215,16.512617,1.2712307,0.28922325899757456,-5.7339086572837275,-0.08621890446571111,7185.1255
6056677535577678080,192.25682245455977,-59.92036440582304,16.512844,1.7906885,0.18812263092800682,-6.182207865256389,1.454220061904265,5153.391
6056677879175090048,192.24143632950765,-59.893355496603085,16.513021,1.7116909,0.22091870302315875,-7.168989577644948,-2.090754871398151,4870.346
6056686469110336256,192.67175014335726,-59.73301082059745,16.51359,1.6770658,0.29241206038026496,-4.060729932184327,-1.5988528623348492,5210.7227
6056492817624948480,192.81128481474454,-59.9265639608537,16.513672,1.3673801,0.6571930955353624,-1.0412628124105217,-5.187534069348819,6052.4326
6056485705158508032,192.46632353659342,-60.01155092292201,16.513882,1.4680872,0.3771647885050223,-6.550511451615067,-1.9289818875744924,5311.455
6056691137688692992,192.28832121671573,-59.80815254334716,16.514502,1.5294657,0.33393901705360407,-9.576155273491873,1.6361340540309968,5661.184
6056691554352406400,192.33857575192667,-59.75046106121531,16.514769,1.2825155,0.2504546643549055,-9.33220564097864,2.2461879059025702,4967.356
6056489897047201280,192.84306688334942,-59.92500422866423,16.517298,1.1979628,0.35512587862622397,-6.363953510572415,0.12449278824493137,5747.5986
6056675542713026304,192.4734317450189,-59.91104355395807,16.517841,1.2366543,0.44227369425612795,-5.69878802614306,0.2902515097920997,6062.7817
6056678772528433792,192.15833730627597,-59.88222224421526,16.517918,1.4025879,0.5336138665296905,2.1484993947422635,1.708559219306094,5516.94
6056678360211469952,192.36565019577634,-59.85828369301002,16.518454,2.565812,0.13048177975660813,-8.146486897179335,-0.8441212536071265,4734.825
6056677020181844608,192.6642802331101,-59.817906082623104,16.518528,1.4382448,0.5437964156537136,-13.247041958913233,-0.9005501076018307,5106.0386
6056494398172983168,192.83244915711356,-59.84965123529777,16.518887,1.2850809,0.5169629732190134,-3.87784248698929,-1.217423793602599,5612.1226
6056678154053029376,192.36553299785658,-59.871893215166565,16.51897,2.8091717,0.0611868582620973,-5.632210582805161,-1.056271861421596,5047.7554
6056691348194276608,192.33086667912002,-59.773176689599595,16.518997,1.1490908,0.34490047259038825,-6.646493889108421,-2.9754536213127056,5792.6016
6056683204935157888,192.71834541282857,-59.77419790755496,16.519035,2.2661123,0.1822655960614294,-6.4563768643904815,-0.44133804376510755,4756.0205
6056679013046520704,192.262386824801,-59.82378031143594,16.52311,2.3611908,0.18140715524983828,-5.321671653402596,0.689168267350929,4743.088
6056686331671385728,192.72642335220246,-59.73403466976484,16.523762,2.3026114,0.2504007889761872,-6.457968168752981,-1.2977810153945244,4796.368
6056679459723141120,192.34669646665674,-59.80342263379991,16.523987,1.2376986,0.5047519763292369,0.41448863681804654,-1.7079509393000105,6701.9355
6056680387395595008,192.6325993728786,-59.76486294772953,16.524616,1.4460068,0.5863620052448383,-10.771259868677214,-1.0572309704562453,5517.055
6056483123835021056,192.5219947399906,-60.05911411324371,16.524662,1.4278793,0.5963035684809874,-4.069825785904086,-0.6858426686362131,5335.226
6056680456155706240,192.58034202321718,-59.77140632560691,16.524994,2.2262592,0.19384947013595888,-6.055006885214528,-1.3490440169581897,5036.0693
6056494050231596032,192.71248806128864,-59.88582221670323,16.525032,1.6450834,0.6540593422767296,-9.773389089036717,0.796801321899347,5306.955
6056486220554576512,192.56118902448472,-60.0269911015732,16.525263,1.7471495,0.45954435118857645,-9.303711707809429,-0.7168604337739867,4756.2944
6056676161188349056,192.63063322139521,-59.862080234747445,16.525743,2.410985,0.20411942052399024,-8.34078067725996,1.201187947041021,5021.261
6056681830545587456,192.73718376577435,-59.840682462261825,16.527634,1.7519951,0.3024642379495795,-9.300638005582085,0.5473727742955389,4779.551
6056483403056032512,192.640491753887,-60.03135805188915,16.527681,1.3648653,0.38376642943833583,-9.055328678845504,0.7890632124105055,6029.166
6056680627954412672,192.60780035254172,-59.749509245212565,16.528597,1.1603794,0.3920327510453459,-3.2928379221302575,-1.1703002127917563,5335.22
6056679562802370048,192.3715474784359,-59.7886070614702,16.529922,1.2280703,0.5453573180570996,-3.5935193907270753,-1.1189573195486548,5336.181
6056679975119222912,192.4445271851337,-59.80433928252964,16.530142,1.129219,0.5216986371916887,-6.692007490534833,-0.7191031391949909,5648.655
6056682036704039296,192.80683194636438,-59.80429691807444,16.530724,1.7494249,0.2677203026178504,-3.8929626850626695,-1.0528576177496656,5233.885
6056680490515446656,192.54092159296843,-59.76574139196441,16.530834,1.2449903,0.22277661245425392,-9.482862293491127,-0.14573997895186436,7090.078
6056681108990615040,192.47687133355643,-59.752656199802914,16.53163,1.3105688,0.832268347294122,-12.800620465065782,-3.3827600543956997,4833.1294
6056489622169289216,192.87006736798426,-59.9486981203207,16.531858,1.2739534,0.4337624472289993,-5.3049142435906,-2.4707111797307766,5520.2485
6056486388012779136,192.532947759862,-60.00254333468665,16.532185,1.3640623,0.4411535609391156,-7.015175554077841,-0.025000764707520745,5903.824
6056681212069832192,192.48796230413333,-59.744025202323854,16.53237,1.2007961,0.25951585708304675,-9.262376586662029,1.3692761697248315,6738.633
6056494226374108672,192.8042036056784,-59.844180110363666,16.53333,1.3504114,0.3854330381159314,-6.606702809188047,-1.0763850650053213,6365.259
6056487728039668352,192.62149955784025,-59.95038235449033,16.534664,1.708991,0.22966563339082116,-4.179750917648526,-1.7350413902454864,6511.548
6056681177710091904,192.46882790892644,-59.751554752697224,16.534918,1.3960457,0.26860100477249627,-8.400019261598903,-0.5822307614899791,5861.924
6056485602079119616,192.3808997731361,-60.03073152984596,16.53565,1.2974701,0.31423166427762256,-10.098377516713661,0.08897781253579863,7208.2456
6056691691753872384,192.14629386525962,-59.80858399424977,16.535877,1.144289,0.266307031450844,-7.559165299528957,-0.2590575303184658,5577.609
6056494604331436800,192.83979660170456,-59.833098483290506,16.535995,1.2475348,0.34226123734146596,-8.682327678511085,-0.015287966805188798,5606.1025
6056485121046477184,192.31738188950592,-60.06646851159065,16.536596,1.1892452,0.42704063107400503,-7.056665163613178,-1.0650899397343072,7198.122
6056655029946849408,192.13977272143094,-59.913161263891276,16.536655,1.0823193,0.44269833051897456,-3.2202212161221695,-0.7219372599546388,5909.6157
6056485670798742400,192.4237865385798,-60.030461474047144,16.537659,1.3743057,0.5238412612972877,-13.551673440594735,-1.0825981852800612,
6056493298661338880,192.866715986109,-59.88793269083007,16.539307,1.2193184,0.938616746870592,-8.45375955031464,-3.402663239457118,5977.076
6056676229907846656,192.64519811987736,-59.83807279881426,16.53932,1.4944534,0.7074440089654376,-18.992595608179418,-1.9021853737001964,5438.6284
6056492950719921408,192.730672936409,-59.930003626147325,16.53936,1.3729286,0.7200844766638665,-13.394243027337701,6.130741086991035,5568.1187
6056674030884365824,192.4013590275814,-59.93077913933454,16.539742,1.3584633,0.4737148014689512,-16.472105917337082,-0.5153006974018761,5077.393
6056483643558407168,192.6825771425502,-60.0072239784809,16.540209,1.2116213,0.33121027600716874,-7.269537276957548,0.3333329223351584,6140.4897
6056692344626388992,192.27528424925637,-59.744907482052426,16.540302,1.478899,0.2299924510748339,-9.807757239297782,0.3420322315918756,5209.1494
6056676436066243712,192.52696474347914,-59.87177140530828,16.540949,2.5360832,-0.12112799852392053,-6.295772301598395,-0.09509157472660852,
6056481612006515584,192.45952654389302,-60.07513812644335,16.54116,2.5767136,0.1459973361891157,-7.662618483196319,-0.17866481067232842,4753.34
6056678944285766144,192.25497906988608,-59.83873642812458,16.54314,1.0340614,0.30970773121147543,-6.3200973029725125,-0.11114126261881623,7780.003
6056678050973807744,192.35844097815195,-59.87863048387463,16.54392,1.4582491,0.574621038142385,-5.0349729562151015,-1.3467257741495193,7077.56
6056673206250580352,192.28324765972974,-60.011304066107684,16.544743,,-0.2302871965059337,-6.273023963196483,0.092635151662973,
6056487457505204736,192.48269409329777,-59.98069035124112,16.545202,1.0818825,0.3313559481766162,-5.56787348143144,-0.8855370709851094,6887.1855
6056494295079861504,192.8103123574604,-59.83524510628744,16.545523,1.4705849,0.4342686018919589,-7.71996689052808,-4.395561153842566,
6056681040271128064,192.39864773141392,-59.775632164669126,16.54657,1.5254068,1.241259504147113,-16.23054539000283,-4.106177171320573,4515.8984
6056485567719380096,192.40088928991577,-60.03605347243521,16.549644,2.2962332,0.20834450250927847,-6.1300443617416684,-1.5130853023268966,
6056486357993527424,192.5047678452559,-60.02405705149739,16.54999,1.4930811,1.2378082968412025,-13.257396898004142,-4.65710430400686,4628.6606
6056676779663649792,192.50227393272033,-59.8382350539893,16.55054,1.3759441,0.45942902660738955,-0.6303590880550649,0.29104816502097264,6701.4976
6056488247779261952,192.68393731279056,-59.88539374390373,16.550951,2.5517025,0.093160123553564,-6.862710842211088,0.4876017994418174,4707.5874
6056679116084471680,192.30279553294,-59.83890661411209,16.551126,,0.4923460829200199,-2.644113581297855,0.8451625270085006,
6056692443358862080,192.32727943398547,-59.72281557557758,16.551832,1.7697935,0.27983362022163344,-4.936543241049961,-0.05490228059166439,5298.967
6056493607885220992,192.88234775398755,-59.85290788088582,16.552004,1.3110428,0.7346546239293367,-8.228339249608185,0.526852387183632,5633.582
6056485670782805504,192.43911780072042,-60.01967236273125,16.552296,1.5617495,0.42267834714280234,-5.796162960734369,0.6598716341502375,
6056678222772494080,192.31528403580853,-59.88155643018442,16.553417,2.17245,0.3337716161265089,-3.936966655993199,-1.187001932147185,4776.322
6056482578422280320,192.66116636495886,-60.05705152981813,16.554316,1.3792715,0.3120607943057685,-3.988749613879983,-0.3192649440778126,6209.982
6056650631900269952,192.19227249670084,-60.0004135481219,16.555014,2.2788763,0.07083213266765064,-7.273145112785603,1.3934788131816365,4937.192
6056487010828652160,192.65748046334602,-59.94490559327853,16.555384,1.5662155,0.3438616351544699,-11.266236301210116,2.1839040150494,4910.739
6056691107675768448,192.24291688087123,-59.7803855663203,16.555397,1.2799587,0.4179856974580886,-10.416640511135464,0.6134560400049002,5475.741
6056673824725895808,192.3560649500548,-59.973668921271056,16.55605,2.282403,0.12276316783777058,-6.045365340710372,-0.05658517511456217,4853.5977
6056486839029944192,192.6781613125018,-59.96921409491313,16.556108,1.3086023,0.5578028271636635,-11.887562686901578,-0.6073889702268387,5808.689
6056677776096157568,192.20500937319875,-59.91231804135222,16.55615,1.311904,0.2425201499013603,-5.415846287869721,-0.8809562200470014,
6056690695358875264,192.20066115492915,-59.828142425822634,16.556358,2.1914272,0.12118023263571205,-4.929054177622409,-0.43161183113710583,4837.8413
6056681345163345280,192.57367847271038,-59.73715360363805,16.556473,1.2415152,0.6127028170357176,-3.2741792000610492,0.21825481843741243,4937.6553
6056678978686771072,192.23767442034153,-59.836035572373895,16.55664,2.298952,0.11378898185529496,-8.464593218225387,0.2111003314013411,4755.8535
6056673481128495232,192.27280683043418,-59.99279369875383,16.556879,1.3309746,0.34589647370828025,-6.630565115362838,-0.48760230199016674,5024.187
6056673996524624640,192.450952205417,-59.93797304515893,16.556944,2.2302446,0.23731952908701395,-4.532195401216651,-2.976390752877983,4813.1836
6056487732383148544,192.61612509782137,-59.953711502272235,16.557005,1.3247728,0.26572390401238166,-7.1805831622749094,0.020399905876973108,
6056673515488244224,192.2950410744681,-59.9775453576572,16.558064,1.833004,0.28284212130850184,-8.48069864435564,-0.10540381094805822,
6056680353076492032,192.61982624678842,-59.77307456778885,16.558247,1.6468534,0.3071399175187352,-11.014206800853811,3.5616658587919012,5176.361
6056691726151046144,192.18509506916558,-59.79204808325722,16.55884,1.204627,0.6187377791091603,-13.214536647337708,0.7798034779935952,5602.2876
6056483231257339008,192.61935658838635,-60.031348162459736,16.558945,2.5354385,7.52477529332446,63.61122493557089,-17.07631817254788,3435.042
6056674340121983104,192.29202418098404,-59.95357993910994,16.559797,1.4192162,0.36984697292208796,-8.625595921284928,-3.9676533037639015,5380.653
6056675027316795904,192.34153387867374,-59.91189310633363,16.560333,1.4725437,0.4327043676694542,-5.561589165319081,0.12112216635094851,4940.5107
6056675817590944512,192.582588722225,-59.89504565211143,16.560495,1.9235687,0.3202930919381869,-9.7734218599393,-0.6559859573043069,5224.5835
6056484743085651584,192.41276003481875,-60.05302257235191,16.560652,1.4088202,0.04531691713041152,-5.586834047306373,1.0976769703821305,
6056679494082884224,192.37233719689485,-59.79952773694244,16.561369,1.0394039,0.3216584485010952,-4.1416227103861605,-0.3785350918381374,6378.226
6056673236264880128,192.32190166507232,-59.99353245020158,16.56168,1.3418379,0.21558121975252623,-5.0364158197043,-1.254505718070743,7652.8154
6056691382553697536,192.36032219147532,-59.76483338521246,16.561869,1.537467,0.25535779876088704,-1.6447170160405484,-0.58798434781796,5347.054
6056482509702795520,192.65799350284004,-60.064739925597756,16.562092,1.2892036,0.12418901662257541,-6.087426149827493,-1.0141855095432883,6142.9644
6056677947894563712,192.30459981765537,-59.90239090847393,16.56345,1.4936857,0.479316864287949,-6.54932980407512,0.6481761436715707,5082.145
6056654239672854400,192.12124933345805,-59.93370284296973,16.563686,2.165615,0.06731757205127419,-5.713608727703083,-1.338590882608583,4821.0215
6056678600729604864,192.1912834270283,-59.880092597184024,16.563793,2.0795975,0.03640689931617734,-6.162056050600825,0.1755697221215367,4891.501
6056485224121990528,192.32966484698898,-60.04252905660278,16.563831,1.7413559,0.41158830588120254,-4.496956029576847,-0.11555248285991727,4699.1777
6056489897047203456,192.84704998329482,-59.924285826596225,16.563883,2.5282965,-0.03869718518670514,-3.361922963351657,-0.2594184817089431,4884.4785
6056693611590008960,192.50832051162405,-59.692911042984115,16.56481,1.2736397,0.41601498640565227,-7.073504262407852,-0.7411582502456853,6526.697
6056487766742905472,192.64420667456022,-59.931449450891655,16.564894,2.905202,0.006669218102826693,-4.537975860521129,0.050785049326000975,4738.671
6056494020215674880,192.80700753386262,-59.86054422707793,16.565468,1.2577915,0.28300904348444433,-8.002179566613062,-0.9518866429658491,6647.93
6056487835462380800,192.63800779145635,-59.93204353524574,16.565752,2.2690258,0.23756025145937504,-7.158699386928385,-0.8901413544347154,4922.0317
6056690935877048832,192.1501981922342,-59.812919777552366,16.56861,1.1936512,0.2735233307166664,-5.971421157660466,-1.0989052517629383,
6056487766742900096,192.63725957440923,-59.937892318041776,16.56898,1.4157696,0.6861190571951051,-10.795973918866624,0.14332658130067133,5609.209
6056677879175100928,192.25018081237093,-59.88393689451852,16.569168,2.5274153,-0.056002582098502326,-5.741753423804315,-0.39887060045183886,4798.638
6056488694456315008,192.83290821745564,-59.99698405562894,16.569374,1.361537,0.42449240422983203,-2.8112813904056346,-0.6739820292799648,6845.984
6056691279474457344,192.33844408654858,-59.79096908323023,16.569754,1.2839289,0.4655626131373356,-5.109381051327732,-0.29848177998518244,4909.111
6056494226374109184,192.81992097962592,-59.841972021928285,16.570192,1.3323889,0.9057176632601165,-9.265902444821036,-7.203267686262896,4919.8516
6056679184845204736,192.34962120004388,-59.84070562446285,16.570744,1.3150463,0.5015603894471246,-5.220986598891672,-3.582512744095658,6274.2817
6056489416010814720,192.7868952562302,-59.98962013851771,16.571016,2.5913935,0.2288948076143111,-7.784866228533211,1.0275751903645822,4724.94
6056493058142986496,192.77091856136076,-59.902583269245916,16.571772,1.4029799,0.6796094307778366,-2.1947609225082663,-0.9247300678271753,5600.0244
6056485735174786432,192.43974984276127,-60.00278869940372,16.57241,1.289773,0.28555958883099103,-6.6229020549941415,-0.30968418780782514,6061.0146
6056678497650360064,192.18397822435327,-59.9066954147083,16.57247,1.238698,0.2789104421626443,-7.8809025184602,-1.207798794140282,5838.4536
6056675680111079680,192.5310936960632,-59.88204106993134,16.572845,1.4047127,0.28069259206088004,-6.568575401041791,-1.5456375416463595,6136.762
6056678257132245376,192.34157048033617,-59.86830008970164,16.573547,2.4053755,0.15825935751295278,-6.177388214541999,-0.5413360201684635,5061.227
6056682345941857792,192.84513038578916,-59.80630652758674,16.573748,1.2847538,0.1921488663367154,-7.569360520166679,-0.1375648297392755,6763.62
6056676332987161856,192.47314896534462,-59.890346245527546,16.574781,1.7344551,1.508066209225172,-12.778931731421643,-1.1951021640392014,4377.588
6056484635666114560,192.45852768511398,-60.04929752247905,16.575193,1.4120989,-0.1054132687892092,-12.368077521389976,-0.8584185483178088,
6056676195548107008,192.67375002024147,-59.84276232281662,16.575306,2.0855513,0.27288118850826826,-2.6491255699668215,1.7304691224556445,
6056487216987035136,192.53730197440214,-59.98652303954172,16.576069,2.1699667,0.04602899552934317,-5.078609210394306,0.24164995489546015,4839.743
6056683273654646784,192.71886236395525,-59.758621156095074,16.576305,2.1463022,-0.10835799346436881,-4.861882421362533,-0.06891405175413534,4934.9697
6056691279474466048,192.33959085209827,-59.78121156071956,16.577072,1.2208681,0.6944106437999081,-12.639202479629008,-5.434885176993438,4811.289
6056680009491150336,192.47376725223168,-59.81791480054648,16.577618,1.2776937,0.24407778145034958,-5.802008589223213,-0.6800264543957001,6119.017
6056678085333553664,192.3869832297195,-59.872025508578325,16.577627,1.5931673,0.38211139029473573,-8.076149064120967,-0.5284570512544875,5611.67
6056679047406233984,192.297056472511,-59.85591801997323,16.57792,1.3253651,0.5458304428837851,-6.477439244339181,-4.947985151674458,6336.492
6056686503470081024,192.7023915477318,-59.72653905339974,16.578026,1.5621729,0.43101032583852134,-7.560398398011529,5.16113174070897,5718.6963
6056683376733881216,192.74136350245425,-59.740673223129356,16.57807,2.239194,0.20412674296760594,-7.725066360359763,-0.4753887559039214,4691.2334
6056676844038784640,192.57113199290663,-59.857165285772766,16.578836,1.3562937,0.35940419034034304,-7.624524987613894,0.5189594030530562,6737.201
6056679219204961024,192.39349021984157,-59.82259534818423,16.578846,1.4009514,1.062739913724281,-0.6636685548215544,-8.13396865926334,4813.6724
6056485464640166016,192.31042383919836,-60.02496163938518,16.58013,1.2419767,0.3492710805056722,-7.577757876546022,0.1927780846319197,7439.347
6056680211291896320,192.5371838036365,-59.80140755484685,16.580477,1.2126112,0.49113980197763285,-6.361704767125761,-0.9710667581211291,5992.577
6056691897949762176,192.20930627924224,-59.764752950105645,16.580967,2.3063402,0.23812575190303656,-6.537271833180272,0.8910389314447623,4689.5083
6056482922019644416,192.60605734866002,-60.06815668950501,16.581076,1.2312365,0.18710109168471087,-7.525048665217645,-0.7802787807244606,9666.602
6056483334320570624,192.65778830480744,-60.043359626113315,16.581615,1.3904018,0.4669699495808166,-10.647218882393643,-1.0352717038380241,5723.929
6056679391003643776,192.2825902792722,-59.82404168776476,16.58197,2.3602,0.09440332757862534,-5.217766914061391,-0.2545884154992225,4803.6885
6056675439645966080,192.57117162775364,-59.90377814740904,16.583527,1.5666065,0.3003399888697085,-1.915617773589645,2.1401550244114174,6682.9297
6056680249997268224,192.58669593675054,-59.78510226018182,16.583712,2.4699488,0.08395326214745272,-5.661314469254883,-0.4229431451891655,4731.078
6056674924237575040,192.3361080302261,-59.91558493727134,16.584436,1.2948875,0.22142404806259386,-6.097041373400673,-0.07734561461383438,5654.8633
6056686331671507328,192.72843480425226,-59.743121047907614,16.584517,2.1913624,0.05907074396128306,-5.075204665843536,0.45382855442603565,4890.7173
6056675955029913984,192.63173341819393,-59.86904461042962,16.584547,1.3105907,0.7601199802674492,-5.275209129011043,-0.6912543964279203,5207.88
6056682930017764480,192.7214947326,-59.78941937906836,16.585266,1.4178057,0.4589814276012942,-9.382573391522968,-3.9106212787850243,4916.0903
6056667120232821376,192.13905136400822,-59.866511405804296,16.585487,2.4566145,0.07583124896619232,-5.747735332283252,-0.8855115544864105,4649.585
6056650906778194048,192.190638944254,-59.982155971029854,16.585693,1.3511658,-1.7890446100672996,-3.6555977839271847,-2.708972826634136,
6056489450370440320,192.7622819305831,-59.98721747237057,16.586382,2.4929018,0.06964401946440205,-10.22557554884008,2.5128698281691118,
6056690935877050240,192.15710534255882,-59.810665407386,16.58741,1.2384415,0.4244908104390505,-5.861855821887289,0.22550518020620486,5047.018
6056493985855934080,192.785196350317,-59.86605351840401,16.58771,2.6992874,0.2453671219286912,-7.978260568549175,0.03454520994700527,5091.0166
6056692447705626752,192.31333994441448,-59.73100058593463,16.587862,2.0716171,0.09324627491068407,-7.475403264220638,-0.370715440725582,4864.8228
6056678802543863296,192.1921932073678,-59.87632205046698,16.588741,1.1287413,0.3516216810554621,-8.13418434063912,-0.18795989564021448,5754.554
6056693237979681408,192.48932679950826,-59.701310082299706,16.59032,1.2123833,0.41796054862868526,-9.511040524353959,1.4498254152187477,5074.3335
6056681452588147712,192.59997537032336,-59.71994534835105,16.590723,1.2723198,0.23031036933655807,-7.821806487185018,0.20966228467661965,6365.0947
6056692482065408000,192.35244610886656,-59.706684699617774,16.590872,2.209218,0.08859230298546436,-8.133205746189303,0.3343012236396018,4903.7183
6056484571287068800,192.44448556195175,-60.07034221054664,16.591618,2.4460936,0.17670301857833134,-7.394124267442761,0.6985062806901939,5154.0166
6056674168323262976,192.21338134282956,-59.98722625804767,16.591736,1.750947,1.5458469833272144,-17.495148404318336,9.489202850076634,4359.304
6056486010053120640,192.4322969669485,-59.9777379541173,16.592148,1.1588535,0.34533705720647107,-7.176522471307894,-0.26298053311618685,5915.7666
6056682238516466432,192.80535780536025,-59.79157046732896,16.592833,1.3108425,0.27914237489820937,-8.577580747766508,1.3380290880380898,6372.6294
6056485808237554304,192.37970601220894,-60.01745241257861,16.59293,1.3500748,0.8321592620622358,-6.653930476178501,-1.0105705897847452,4625.8916
6056690764078354560,192.23958868829223,-59.826572443966086,16.593008,1.0960655,0.37981330466412627,-5.533162624698719,-0.3447635300022285,5918.599
6056488763176488960,192.84136364495131,-59.983592688367416,16.593899,1.1463146,0.40598656702766195,-7.9464028251459204,-0.4303045369062907,6039.1235
6056693920827643904,192.40541989704403,-59.70035774989383,16.593954,1.3841562,0.19377446781354934,-9.229679449811785,-0.5358460332349788,8305.784
6056686228592149632,192.68659319294798,-59.75193062900034,16.594145,1.4873304,0.31041050172141177,-8.199755793442828,2.4973487354504575,5597.569
6056493504819770624,192.85031562018207,-59.87653114044502,16.594248,1.3865938,0.41252232970293284,-9.150854984033147,2.0158280719565598,4872.903
6056487354426015360,192.56780305792907,-59.96440368358927,16.59431,1.3797722,0.3335949831565521,-7.055615505523236,-6.138038223625728,6013.877
6056486495432522624,192.57266699544053,-59.99540420460224,16.594322,1.320056,0.5720219258086753,-6.529341527990374,1.6174587099574713,5616.6255
6056484811805127552,192.39824311991,-60.05333277204105,16.594711,1.4301529,0.4583718036808134,-8.48927804449323,1.0106860128087973,4837.398
6056686469110455808,192.66416189313364,-59.73803674336113,16.594769,1.408741,0.42496741125454096,-11.96474211379142,-0.6544130444865176,5035.9087
6056493573539257984,192.86101563197025,-59.87032031894092,16.595896,1.3163557,0.4012824896540555,-10.757979909412166,-0.06851067912425916,5426.791
6056678497650357888,192.16323141125116,-59.906625691544534,16.596668,1.2161875,0.31552404277818336,-11.237441600550726,-0.7032995398886414,5533.2827
6056487350082524160,192.57065184771068,-59.97024769059053,16.596691,1.8661633,0.25092519115296535,-5.270457258643461,0.7101826490315558,4884.937
6056494638691205760,192.86989474951488,-59.81975676594284,16.598621,1.2288961,0.2021884553795162,-7.21172838070475,-0.8589383879033743,5452.5864
6056692825662740608,192.4369154469426,-59.74764678913401,16.599546,1.1287794,0.3910338178878786,-1.455675747042093,-0.23559930367650805,5771.1636
6056655339184501120,192.11282646264314,-59.89126117872721,16.600304,1.4540758,0.7725040773043678,-7.894322576358633,-0.08823122475233042,4771.159
6056686228592162944,192.7068648400474,-59.741581513829495,16.60078,1.7171373,1.4823538226329884,-30.98964699557561,-1.712119249308246,4334.657
6056677398138694528,192.18624415203567,-59.94825201055404,16.600796,2.4986305,0.07178988274456417,-8.96594008938957,-1.3742661498533686,4691.4604
6056690935877044736,192.14718863442485,-59.82179938234916,16.602802,1.6847734,0.2551041668467076,-4.336796959584615,0.18813131357769147,4798.3013
6056494123294886656,192.7196835851395,-59.86473774157195,16.602901,1.9147959,0.3109600867126151,-3.494054639918036,-0.3550041148402879,5367.9277
6056486770310468224,192.69430054861496,-59.97002387310548,16.603346,2.4307642,0.05184459138869775,-5.8321886654447335,-0.18505558095933777,4720.3403
6056680112558308608,192.50670169467568,-59.78797277860992,16.603529,2.1080112,0.08612754544124303,-5.05587949598644,0.6213931528754002,
6056486186194853504,192.5451920743082,-60.01197675747996,16.603807,2.2885075,0.11727263372093573,-7.6955964517438575,1.4515340037299365,5132.8057
6056484395144897920,192.35362640001807,-60.067352919813324,16.604223,1.4280167,0.14145839023283224,-9.794844366242819,-0.2526110155491116,6529.3706
6056485705158654208,192.45523532787647,-60.009514967424984,16.604708,1.3391886,0.5953743051630748,-7.367954474890501,1.74700468423603,5076.0166
6056681899265063552,192.72499774946968,-59.84189008966245,16.604755,1.3787384,0.7862891469683481,1.6812619829313147,-9.76399670043358,5400.533
6056488763176142848,192.82192724726863,-59.98773096203676,16.60581,1.5106516,0.34530281050168754,-8.262764931994392,-1.110510266310186,6746.0503
6056483265617063552,192.58108929469017,-60.037648049577776,16.608593,1.4065781,0.3366357951873711,-6.636536868107335,-0.5060986699135868,5158.347
6056686503470073600,192.6822188014744,-59.735106412722665,16.608994,1.4466391,0.37624090510417485,-12.27423945376372,-1.2411545529987629,6014.448
6056483059458596096,192.51995205194092,-60.062928786223324,16.609325,1.3599749,0.5119202373152496,-5.216303122835371,2.1780176318383737,5685.278
6056493333021095040,192.88874328926863,-59.88311072288171,16.60962,1.6473856,0.30860642317602144,-5.570924443942909,0.2737862907442794,4786.5854
6056693203582898176,192.44115268157125,-59.71737859098119,16.611143,1.4902458,1.2178058867761674,-9.434495288417871,-3.0743368749919076,4569.7485
6056679975119227264,192.4591216670656,-59.79960196794561,16.61222,1.207715,0.4899183693187696,-6.707872136729872,-0.028692776480027653,5859.1187
6056487045188385792,192.6716631159475,-59.95330833949965,16.61345,1.6224117,0.3109229737124341,-8.571103056689688,-0.5722041032167298,6722.774
6056692894382243328,192.43079679896013,-59.72754753896963,16.61366,2.463562,0.09065655420541087,-5.828681457547741,0.017410249775695667,4783.554
6056682242862467968,192.78521074160855,-59.80391818028539,16.614882,1.2836933,0.2679355694304659,-10.285793112554563,-0.024289705185206116,5351.368
6056486323633958400,192.59461474937868,-59.99837097537549,16.615349,1.5969181,1.0923517627207409,-12.234500888096733,-2.732760773597083,4596.812
6056673206250582784,192.3024135580032,-60.007901328349405,16.616087,2.5015583,0.08633173829724775,-4.484344057791722,-0.5603772193956454,5155.5757
6056483093818539776,192.55398877843743,-60.05739420708567,16.617912,1.2135448,0.3067581247580339,-6.916379043758121,-0.8134331702065202,7301.1924
6056690729718612992,192.21659205188044,-59.83099043684354,16.619324,1.7779503,0.3049468561657222,-5.132115706341074,-1.1582300449075698,4858.0146
6056692546438073344,192.2803973212665,-59.726577954245315,16.619349,1.2715788,0.913526867900701,-4.550637436009858,-0.8523878289721066,4899.279
6056493504819783168,192.86858671541535,-59.87446630703799,16.619528,2.0792809,0.20873192500544863,-5.575528089593472,-0.4263048198364964,4800.815
6056679597162051840,192.42557358894757,-59.86280152928538,16.619919,1.2276735,0.2816166066678748,-6.600256258212391,0.09676150147928121,8832.828
6056691416913413504,192.26602670043914,-59.78251330468913,16.621105,1.6487188,0.3595010026328761,-7.928166477501917,0.4915704474974533,4846.326
6056482990739125632,192.58028804574948,-60.06316821562261,16.62149,1.8164387,0.29333423659081376,-5.64519537347119,-0.38474802706067407,4879.542
6056682105423504768,192.74216338159897,-59.81214957782348,16.62203,1.3020611,0.2809597599697411,-5.44444598658777,-0.4952431052151207,5723.4326
6056690970236789504,192.17604101955138,-59.810093938874246,16.622223,1.3043642,0.3503699789631453,-8.047450857253118,1.4017555959531338,5025.6763
6056676259921944704,192.66662866283576,-59.83493659761668,16.623222,1.4494581,0.3414363437059753,-7.047493766908609,-0.5417298268787657,5028.6655
6056488213419522304,192.66339994367834,-59.89325386580181,16.623451,1.521266,0.3485402000412916,-12.085658334828704,-1.8734788447346542,6724.1543
6056493229927856640,192.87336179075956,-59.90378634049347,16.624025,1.3956871,0.26369033926488206,-7.341646045834769,-0.8805002758982583,
6056675542713022592,192.460432926712,-59.91914863066275,16.62448,1.6122875,0.41888183505744175,-5.667203716050776,0.4340023221681323,4900.7905
6056493951482381440,192.81894153100865,-59.86544756271336,16.625181,1.1731367,0.2475538692403987,-4.78349519222493,-0.6328394299126213,6010.626
6056494668709916800,192.83181161214844,-59.81620589525653,16.625557,1.3082933,0.7277946306058015,-8.403199725193037,4.5418401350890685,4772.5947
6056675439633815552,192.56003571820955,-59.90558494627546,16.625837,1.5279903,0.375630279776214,-6.1403886877488025,-2.4466116155256223,5718.05
6056692241547474944,192.26396884672639,-59.75880251369283,16.626741,1.095191,0.2640051619593714,-5.870802436632716,-0.12250540802629836,5830.571
6056486495432514816,192.55850147143138,-60.00037452512128,16.627954,1.2679482,0.38112196576149443,-6.330645229294506,0.37325431469165454,5793.0786
6056678738168592768,192.27424836581153,-59.84945901652438,16.628944,2.4799118,0.25266426392981123,-6.565539959584206,-0.00961292414328702,4798.4062
6056675302194854272,192.50316824423885,-59.9222949142221,16.630646,1.290865,0.31907375045548736,-5.4825687761432995,-0.4120425637923144,7530.08
6056486559809361408,192.5517128401925,-59.982155445861906,16.630678,2.1700888,0.06730337975989721,-7.286280220317905,-0.5942311692765675,5078.327
6056681276445116288,192.5630123779202,-59.74916344824357,16.631512,1.3137417,0.664685694438927,-8.543509706560496,0.20600114852418336,5280.3296
6056487182611410688,192.48663992479618,-60.000597922963536,16.63203,1.2792883,0.372276005012559,-6.62554960432106,-1.6982137415658702,6005.296
6056679665881545728,192.42706776800964,-59.84246965795743,16.632273,1.2874899,0.41463037309795947,-8.494217169973131,-0.8743145488297557,5060.5713
6056487148267617408,192.70230017455484,-59.932940532143405,16.633081,1.1771946,0.3070349450669094,-5.48961948306832,0.4194512578591998,7453.467
6056674202683012096,192.23910248285242,-59.972255383950674,16.633776,1.2979794,0.39759030926587546,-7.986765802107851,-1.8474822921073142,5524.441
6056681658746578944,192.59290406499784,-59.71493569570245,16.633842,2.2481213,-0.012321532916950723,-4.37962935447651,-0.1758465815902575,5129.614
6056692997461725696,192.45009061000223,-59.720579625294,16.6347,1.2109432,0.4064978365871685,-9.328918064690237,0.32147659742495327,5568.8735
6056483368696294784,192.67666217785597,-60.0337644941168,16.635218,1.7202749,1.4503234451242963,-16.412225628370848,-3.177896283570698,4452.627
6056677054501468288,192.63204852595638,-59.824093039335835,16.63694,0.9986658,0.44750197790919183,-5.331940268817241,1.4580323034449947,
6056678428931075712,192.35589037635037,-59.84695358398811,16.637014,1.4140978,0.39556154161645213,-5.187386347169241,-4.922998214779106,5391.306
6056679803320644736,192.50170282454826,-59.81449753600841,16.637426,1.447442,0.7402384527981523,3.8563849329864266,-1.4491420184162305,4854.8076
6056692443358855424,192.31705955136957,-59.72760304276794,16.638584,1.8787975,0.24064658617720225,-8.899359366360876,-0.6371068934638586,
6056673137531101184,192.29437803425182,-60.02027920451008,16.640018,1.3844748,0.42885565547109605,-10.195670436382823,0.9746593010834524,5095.0874
6056692516425088768,192.25923365563733,-59.73660718837703,16.640144,1.4576492,0.9654671766013773,-18.66386006076744,3.8721811728036366,4638.9736
6056690626639394432,192.20187952261034,-59.84442487600191,16.640703,2.373293,0.12961821565535803,-6.616817429239215,-0.3018197539280205,4863.8027
6056482475343093248,192.75343585077428,-60.043692047374144,16.64107,1.550107,0.09688734620660543,-5.019851115856975,-0.9261543156093317,9476.633
6056486220554588672,192.58794178438615,-60.017750343525876,16.641737,1.4344606,0.31298248878190027,-5.059716993509132,-2.7232708714585323,5142.9287
6056678836902304256,192.17760856333746,-59.864349127352405,16.641813,1.2148533,0.3666687918473621,-4.918397009196222,-0.7509535743338656,5744.8257
6056483712293728256,192.67101153421143,-59.99091256956985,16.642765,2.2256374,0.21186082569177414,-9.71308326121272,-4.270259390097845,6318.2974
6056483437415794816,192.67360872589163,-60.01517918348088,16.64297,1.2254915,0.3521215974268308,-5.5773433673017,0.28869849029714256,7588.2935
6056487251346771584,192.4870538184059,-59.98456852440624,16.643057,1.1731358,0.31324592487691294,-6.617362425981857,-0.4165631336612734,6014.6333
6056655373544240640,192.1322581891608,-59.878401777459565,16.643084,1.956007,0.31517077618859435,-8.53193958954381,1.5971184501478015,4798.1587
6056674271402496640,192.29634139267907,-59.96655557369959,16.6442,1.2188892,0.36116095699660206,-7.958304084640914,-0.6500772720709929,5798.1885
6056675130396033792,192.36459170916766,-59.89227682326873,16.645456,1.7307911,0.19780803793574092,-5.712943011389716,-0.9112084090350134,6427.63
6056678222772487936,192.29348506182228,-59.885296636563936,16.645594,2.6073685,0.015441959752222786,-5.17619990758142,-0.4927612577439827,5004.5103
6056488694456321024,192.84662681992933,-59.99273705147557,16.645681,1.2315187,0.33057710236792753,-5.141408001428144,-1.7697276311710928,6590.194
6056677221995947264,192.60131340739085,-59.79765349320085,16.647207,2.4246397,0.3000996631859435,-5.28331733488748,1.0054234820648844,4792.357
6056483334320610688,192.66420857682616,-60.03625338449275,16.648216,2.4275694,-0.0105813188102745,-5.640013333995602,-0.4838560684948091,6780.778
6056489931406935680,192.87467441216572,-59.94950535459299,16.648682,1.4175768,0.3564457174091407,-1.7930045619216752,0.3358888366809239,5921.199
6056683063150206848,192.76605575985604,-59.776120725451754,16.649025,1.4657078,0.3265003304734234,-10.336759205486622,-0.2066098377078085,5315.7285
6056676401706372480,192.46801787721526,-59.8806536837618,16.649084,1.3394175,0.5108276485465135,-3.864022809354534,-0.5141571023376121,6873.5728
6056679081765987200,192.34245788995867,-59.84353402875998,16.649246,2.19987,0.21387956765595437,-6.610875387577811,-0.20844375978738736,4872.023
6056483643574233088,192.67909968878104,-60.00801067724898,16.649607,1.9381218,0.24166236704114658,-9.964315658739277,-1.3120231429512481,4969.816
6056493333021095808,192.8858053302446,-59.88086376246114,16.651173,1.153739,0.371084632655534,-5.8188539959257035,1.3933419109336893,6119.692
6056494192014369536,192.79156227687406,-59.84712571175398,16.651728,2.3561583,0.22221431304929892,-5.001840350232078,0.24641684977487882,4703.5137
6056676332987022464,192.49801785208334,-59.882995512014716,16.652338,1.6869383,0.5689154903596144,-5.618923085656366,-0.3543893779365257,6755.568
6056678699463344768,192.22697961625445,-59.86991145226755,16.653166,1.3834486,0.5307469358815248,0.6204085259620018,-1.9734157978627052,5561.923
6056677226340280448,192.5910235182045,-59.80189087856378,16.653288,1.5393324,0.41118593357995115,-9.628381195664895,-1.7647987613260685,4918.2393
6056692860022473984,192.39886300001717,-59.74733517188829,16.65354,2.2606907,0.2252824667657528,-6.506243138603612,0.2568501838180463,4887.3647
6056681826199551488,192.74909599705586,-59.842460487766736,16.653778,1.2137308,0.36016414258894597,-4.4135628694100095,-1.609481182816822,5694.68
6056682002344291968,192.76892636568755,-59.812027758225085,16.654161,2.0861578,0.09187150143458792,-5.302249239520114,1.1512371582501923,5049.9697
6056486564152006400,192.54440301268136,-59.986484411003744,16.654163,2.4006033,0.061678401828956134,-7.177179546381685,-0.3127275981753268,4618.117
6056493539179540480,192.88880336778223,-59.86977254320905,16.654295,1.9898281,0.1113871849079902,-4.555749712564199,0.2602202823133864,5245.972
6056492920704196608,192.84627386220018,-59.89949283720908,16.656178,1.4688978,0.15649463258403354,-8.362341635438622,-1.2237539349442172,6486.9395
6056493023783247616,192.74731072933284,-59.904127092710745,16.656466,1.600604,0.5392919885647421,-3.836497830926126,-1.107879630901439,4897.2993
6056650971154426880,192.18407302717054,-59.96942206628368,16.65673,1.2563524,0.5324410763926589,-6.244197097964675,-0.23051079040090672,4908.3726
6056485464640160640,192.29106710238943,-60.035256264991745,16.656843,1.3374748,0.4381822168262508,-5.2828166013573155,-0.5028284951057886,7171.5493
6056487010828650880,192.64703393548203,-59.94662491038408,16.657124,2.233962,0.13577870086749622,-8.354910267489199,0.1881763938272659,6316.4004
6056677806110122368,192.25032420470637,-59.90516451184597,16.658587,1.2604914,0.30043561404999436,-6.40367007933234,-2.8444625232100074,5162.846
6056673446768768640,192.31870569023474,-59.97888303044441,16.660063,2.9427109,-0.01678380096042163,-5.110769256320081,-0.11120998665825982,4912.2085
6056679562812431872,192.3697176522214,-59.78187813634675,16.660233,1.2207689,0.30683691641494704,-7.461186851517826,0.24186880025862276,
6056691657431645568,192.36777297000785,-59.73474128978727,16.660414,1.1804743,0.534789047180377,-12.156126631565863,-6.2782613897543165,5687.2256
6056486461072949376,192.5217232621928,-60.003474103964926,16.66047,1.3070889,0.4712879761325041,-9.789496931718052,1.1486904952773087,6017.7705
6056692963101715200,192.47782460109178,-59.73437072243932,16.660559,1.8519936,0.04801331546881727,-8.472006946531868,-1.0169226481960936,5787.252
6056493126862631168,192.83494043441345,-59.88546420481945,16.661028,1.4007349,0.4143396364962978,-9.272752513408179,1.466449651660059,5033.1367
6056691038956282624,192.2425547870448,-59.79215620546817,16.661077,1.2981138,0.3886637313869357,-5.926811863009322,-3.1673472863579355,
6056693341058862080,192.50340692094738,-59.722440723740114,16.661137,1.1849031,0.26578962076060975,-7.095358684726903,-1.303135547574698,5742.253
6056677844815367040,192.28220400928677,-59.883007077213534,16.662117,1.5127115,0.4181915604203449,-5.737602564666569,1.3906879877796778,5648.8096
6056679459723144832,192.35949472820582,-59.79956266692638,16.66272,1.2272215,0.4716736658636535,-11.22017599012942,0.5400542629711673,5484.3027
6056692340279633280,192.27714927599516,-59.7337810865813,16.663038,1.1219234,0.2890109366749958,-4.733936824469711,-1.753221872641265,5506.017
6056682689550130304,192.80231798966722,-59.77674556202804,16.663538,2.0400505,0.15152431205932934,-4.848317104948217,-2.64793080689501,4934.688
6056490206284863488,192.87837000806493,-59.9225744356883,16.66412,1.2312517,0.3513676620697081,-7.026635592944055,-0.09833943047764554,5693.1294
6056487835462389632,192.63910107037103,-59.91903088877022,16.664976,1.5215092,0.7472370175650924,7.698475599809056,-0.1878149343812015,5347.313
6056691176395581440,192.30836090364514,-59.7953306364449,16.665703,1.280591,0.34192402443282044,-7.3198166521236,-4.520128903314644,5295.3433
6056677398138693120,192.20444578814062,-59.951226853498135,16.666,2.3977327,0.1873114932959651,-10.363988896372447,-0.5050599854206623,4793.3516
6056680627954412288,192.59923655769916,-59.74940410814975,16.666443,1.3967695,0.2119688180658672,-9.343437689444874,-0.9426791458070789,
6056486942109164928,192.64398718978944,-59.95805331433457,16.667723,2.3487244,0.2034802579756601,-4.93872960591613,-0.9652724076194005,4753.9844
6056487732383146240,192.60222094794264,-59.95707556001146,16.66788,,0.41098377120886154,-6.579767697711536,-0.6166265742585332,
6056483746653470848,192.70900804690137,-59.990415493371096,16.66805,2.8603468,-0.042258678592962465,-5.445043510017933,-0.7592784574091942,4942.3906
6056485773877992960,192.44600295634154,-60.00373404824585,16.668053,2.182908,0.08506565579838432,-6.807803280564599,0.11461886892368085,6332.9204
6056677260700015872,192.62082966162268,-59.80980436822048,16.668146,1.3154755,0.933488621319172,-29.878652387940637,2.0830179170422927,
6056484708725904128,192.3807123652653,-60.07136026082962,16.669077,1.313837,0.07307783412546569,-5.045419248855263,-0.47386062602914586,5567.935
6056681624386842112,192.5518631858501,-59.70850735332642,16.669468,2.1144743,0.15323712739016948,-7.350174968007508,-0.28167315641474705,4853.1685
6056676126828612608,192.6072640289383,-59.857752441434066,16.672314,1.4214592,0.47515352653024984,-8.649460667268148,-3.358069419448422,5214.904
6056487216987024768,192.51597719960662,-59.99323652503107,16.672375,2.3183165,0.10345998902494173,-4.807545267033418,0.5406829877652378,
6056673515488248832,192.31803838458194,-59.972582595851314,16.6724,1.4155989,0.2496647228420537,-4.114286601823558,0.2172331318055736,7287.721
6056679116125837056,192.28836837770066,-59.84986404941737,16.672794,2.214097,0.14389506190393572,-6.927069173158363,-2.217868814636706,5078.4077
6056681418228409984,192.62776706592956,-59.719974120265746,16.67392,1.2839689,0.3539008886159556,-5.850678282172072,0.5518578102052587,6017.5957
6056680731033479680,192.4559439900472,-59.78691523994636,16.675562,2.63947,0.12852940483991773,-5.1996846092708635,-0.8481085564201372,4832.7554
6056678050973807488,192.349666122881,-59.87801147663845,16.676191,2.5884657,0.044226400606932795,-5.68054492983754,-0.13576582546306004,5148.2563
6056692138467936640,192.2145577916149,-59.75745331934585,16.676529,1.0673828,0.2968582718891414,-7.378422191208828,-0.3029309333536253,7286.549
6056483815372955520,192.69557532595758,-59.982008808059646,16.67663,1.2785721,0.4769456834767917,-4.600290133550473,-2.098015696884676,5553.813
6056674202683211776,192.2471918805752,-59.967473826394226,16.67731,1.3719864,0.30119912558101464,-7.49025590694448,-2.690813292777312,5661.7437
6056486495432648832,192.57440201850343,-59.99673418044424,16.677725,1.3348589,0.3513162217888729,-6.455945154321545,-0.5812448156084031,6362.604
6056487247003294976,192.4907187259172,-59.985059830215086,16.678486,1.2854261,0.37317757506222143,-9.316550269897506,-2.1636625513480605,5374.7188
6056484914884494080,192.44266236079181,-60.03524055697603,16.67849,2.4572086,0.07593670174095242,-4.726773448940581,-1.7739435576732072,
6056690970236786432,192.16128053555906,-59.8146481898973,16.678593,1.1831512,0.3003708844555038,-7.891117687715764,-0.14916982878115492,
6056493264301612160,192.8894139895997,-59.88869380385433,16.67948,1.2293682,0.5358608124140998,-8.48438114081988,1.1963801771013758,5530.653
6056485494656597120,192.32514958235473,-60.021534394216644,16.681341,1.3264418,0.4030293418340044,-8.557445896741047,1.1961151346525263,5106.0723
6056678188412792576,192.41303106931227,-59.845493775947176,16.681479,2.2870913,0.0646391047162047,-6.0715765728362765,-1.0150761910680601,4925.4644
6056488660096574464,192.8152054797319,-59.99073228776196,16.681755,1.3666134,0.31329491078277355,-6.546945244506311,-0.3692759344713947,5772.06
6056676436066236032,192.50090404462028,-59.88735326144048,16.683243,1.4649467,0.922971653162638,-14.072102831781613,0.11816687253928074,4663.0664
6056494157654628608,192.75832375431844,-59.85625799495622,16.683363,1.3063984,0.4822661269282419,-15.527414157527737,-1.2642237371734595,5030.4077
6056673962164873088,192.41408362198274,-59.94979039704102,16.683376,1.3879519,0.1322331540971317,-6.5634479751716475,-0.4673126720211718,
6056678875607528448,192.1853065775428,-59.86343860877553,16.683823,2.1966782,0.22206134291924545,-7.783337393540302,0.701952957923001,
6056680731033477248,192.4501113331216,-59.78965997750766,16.684584,1.3344164,0.25426353606250524,-6.452477743797243,-0.6427260272127484,5257.178
6056673000092142848,192.24552927960872,-60.03352827607942,16.684969,1.4774761,0.3038085846667424,-7.4975719583897265,-1.11611121498612,6391.802
6056682139783236352,192.69754805364272,-59.82542459998532,16.68679,2.6173058,0.12079572874959063,-6.13395969947886,-0.545136426781195,4697.875
6056675783231208192,192.61940522793114,-59.89426595819117,16.68742,2.4417143,0.11464328795411172,-5.975984781801295,0.7836645076856324,5050.788
6056679219163798016,192.3995784174292,-59.814374215173444,16.688389,2.1153793,0.07039102720891749,-4.3916784595224545,-0.15572943098855102,
6056673889099921792,192.33259503126772,-59.959238394688605,16.688417,1.4942837,0.24209198917091126,-6.844017250608222,-1.033435669622886,5348.091
6056486907733715328,192.63631121939264,-59.96680258386458,16.68858,2.2947006,0.10720244478508095,-6.289321881102906,-0.36522422398788185,4777.468
6056674065244120576,192.43594795229046,-59.92076114152522,16.689896,2.3930397,0.09660545187198141,-6.777673221993018,0.5353585184295582,4820.093
6056482853300146176,192.51549181356773,-60.08109955760914,16.690125,1.3762751,0.45873907950671217,-10.688513554250635,-1.2022410236082797,5195.193
6056676573505064192,192.43841584593497,-59.87814857163647,16.690971,1.6665955,0.6649337553662733,-9.435970489285056,-1.2648096140802696,4766.675
6056486461056930176,192.52061289007634,-59.99826678741071,16.691015,2.2722425,-0.016602919197543003,-6.231938715140453,-0.7418237629497324,
6056488625737187584,192.77161867151696,-60.00753073441392,16.69113,1.8214493,1.58907721364969,-13.35623468468373,1.0564383666430608,4470.1387
6056676676584296064,192.4697975253781,-59.86036126884052,16.692072,1.440527,0.4877978801031288,-3.72108223154105,3.7213255565230243,6085.246
6056486010052723840,192.42902170621153,-59.97544336944838,16.692421,1.3481674,0.4546238246430696,0.8970749432919709,-2.3000295291718578,5424.0327
6056673240610330368,192.32934076123837,-59.99077472641694,16.693401,1.1290197,0.32534812676004404,-6.467034757169319,-2.880573973057577,6014.019
6056486117475359616,192.557252960249,-60.02763789434132,16.693502,1.2969885,0.548959269029991,-7.198572395070701,0.07707044768661193,5685.718
6056677947894567808,192.31845952741338,-59.89917770363782,16.695087,1.5824003,0.4544560323933281,-4.5197452261380535,-1.2503234818415019,4943.3105
6056680451814003840,192.58813217098685,-59.76509297042338,16.695599,1.2192497,0.42351889846509033,-9.538013343752471,-0.3461182779904191,5595.3384
6056485494657005440,192.31385908781184,-60.024022097960525,16.695612,2.4922037,-0.0017746744652002173,-5.765188614352089,-0.008960522716608304,4761.426
6056678188412787840,192.40157898397484,-59.850985841768924,16.695778,1.5180664,0.5109461535389862,-7.568388055180643,-1.1249894941980432,4706.954
6056481547630076928,192.45310426922757,-60.08985192528048,16.696098,1.3713017,0.6961413139983468,-9.712888617736374,1.752420561969278,5306.949
6056676058109132160,192.61474370913152,-59.86361358929923,16.696999,1.7018843,0.31505519843642615,-7.918327873246471,-1.957462307015341,4851.8125
6056481581989828864,192.5043595674206,-60.077361771288054,16.697327,1.5035257,0.33108564787269656,-8.828275180723496,-2.649086427876175,4986.339
6056650906778191232,192.18572589191962,-59.98445851356136,16.69772,1.2527599,0.4649232035831654,-8.459523638617814,-2.661271092806764,5431.375
6056483540495030272,192.7135059387972,-60.00030801023384,16.698261,1.4128284,0.7310551856437286,-7.834918645061185,-2.4383984707102018,4924.697
6056676259921939840,192.65758242709367,-59.84055557546444,16.698732,1.3318586,0.5046960554002594,-4.662670235728008,-0.7965451966565951,5633.604
6056692241547157504,192.2605295632616,-59.755294011489475,16.698755,2.458888,0.22646696244080103,-7.815916737158358,0.2929521673110054,4689.848
6056680078198440064,192.46957054443496,-59.803063913763864,16.698769,1.266942,0.3674540569193846,-9.283346631210337,0.254558966876427,5311.0063
6056673408063570816,192.2762070848635,-59.996606989035676,16.699419,1.3845339,0.31281230536439825,-10.11670980036244,-1.572483738083216,5743.2305
6056488213419521792,192.65060683700085,-59.894728185272164,16.700663,1.5615997,0.07335061468724263,-8.62907381605116,-1.5371460187995605,
6056682895697490176,192.7082478886163,-59.80604800509605,16.702312,2.402851,0.0888015560262896,-6.515352432283637,0.8827434264101617,4880.027
6056486048739303424,192.4354843490706,-59.978251746735744,16.703197,1.2409592,0.3683266007156919,-4.4350136737364485,-2.044680638564986,5682.9746
6056481581990044928,192.50332125813785,-60.08077603921627,16.70595,1.4258337,0.5361684409753197,-5.360109402042248,-1.9217610647267662,5318.0083
6056488247782787584,192.7018397612118,-59.87983559479445,16.706854,1.6173964,0.5342603541972005,-11.078362394114517,-2.4158140133555883,4996.922
6056686331631985920,192.73002287789828,-59.74401836591847,16.70697,1.4385424,0.5280353985905619,-3.32275070624725,2.6043910218599104,5721.1333
6056482784580662912,192.5316466304774,-60.08940567777658,16.70768,1.4153156,0.39323794265564815,-9.544380294324418,-1.0852353249958384,5399.4897
6056489553449800704,192.862422594273,-59.9607785544408,16.707827,2.066432,0.13631228612812873,-7.271656168689862,0.7198980810738681,4733.879
6056485464640160256,192.28508489903368,-60.03623165064519,16.708487,2.4143257,0.10095746728575852,-5.844004176142234,-1.1431856437831425,5050.253
6056679287924446080,192.36999398955808,-59.81019929795391,16.710121,1.305419,-0.1745365091906989,-9.98249642868868,0.8877007248130022,
6056691451273491584,192.3143313540647,-59.77184796539503,16.71026,1.5625324,0.3719214760919333,-7.8412935542464215,0.058500584833952096,4734.3154
6056486907749403136,192.61896002412712,-59.980447649764066,16.710766,1.4285812,0.6482522267064706,-8.167346525484543,-2.143853315021313,5167.1904
6056486117475344128,192.52626869307605,-60.035572561265134,16.711819,1.4071989,0.4502996166405762,-8.272737782989962,-0.1716802892471545,5379.5894
6056653930435177984,192.15816021348806,-59.97190922858048,16.712475,1.3010817,0.6651677164439085,3.1342549114131733,-1.2526118967878106,5159.0327
6056676470425984000,192.54566269422565,-59.870433784272635,16.712553,2.1984234,0.14667918619520356,-7.29564819469867,-1.2044960329838215,
6056673648581749248,192.39278111642338,-59.96884358550164,16.713217,1.5036364,0.4263664646598002,-6.52410057888362,-2.033077832097373,5678.2534
6056674129618079872,192.2371056406342,-59.98878378090794,16.713654,1.4245796,0.7464669609765513,-7.449346312465867,-2.513091998955013,5193.4106
6056674546292701440,192.292704758242,-59.93358463658842,16.714775,1.7614765,0.32238196811718084,-9.586636326908824,-1.4659279222503416,
6056686194232403968,192.66633021017822,-59.75928214054157,16.714983,1.2658787,0.3876953553198819,-8.694796540103438,0.3781144769960041,5629.9307
6056485773878013824,192.4682009509676,-59.98884492744213,16.715157,2.362731,0.026581149217444373,-8.082317955297846,-1.0021119936077307,4678.919
6056487113907873792,192.68020529607358,-59.93783426590777,16.71548,2.0524101,0.15678898759835821,-9.124797789717213,0.612773916130032,6302.102
6056691554352396928,192.3351668147974,-59.756898141252634,16.715698,1.3274755,0.8000962579579836,-10.860529953622557,-1.627837226926002,4745.708
6056654170953364224,192.1389203518296,-59.94976831779493,16.715832,1.3760061,0.46147411432259583,-8.718678296108097,0.9390222065444387,4899.0205
6056679936413969152,192.40788071497974,-59.819993028140814,16.715939,2.1003666,0.10166348522943573,-6.712691809314353,0.4505169409192149,5000.2314
6056486564152010624,192.5505021724436,-59.98174815190473,16.717611,1.5138626,0.2648698192656312,-6.814212014672585,-0.922268026281059,5123.8613
6056493264287665664,192.88981859470871,-59.89523365956762,16.7186,1.9626198,0.17427936567445904,-7.463086836253915,-0.8929427440560973,5055.7812
6056692860022467456,192.38365884979223,-59.75135093610447,16.71869,2.300108,0.06244139537993687,-4.331740956946152,0.8931241346718417,4911.769
6056674855518102400,192.37518261698813,-59.91604737218537,16.72002,1.3203545,0.4220633745474716,-7.106951104339218,0.18427118038696721,5023.3013
6056487285706524160,192.5317052604442,-59.97408616553418,16.720812,2.261485,0.10495034250767281,-6.211144407077253,-0.5182737993121223,4765.882
6056674305762236544,192.26414193812147,-59.9622492010025,16.720987,1.476821,0.24416124872857897,-6.403271396790054,-0.006351880993655647,5656.7354
6056673378061576704,192.25713359622344,-59.995819485129005,16.721071,1.4965334,0.28772400697501477,-5.2204029525323605,0.8607904922982486,4913.786
6056482166105380736,192.59176595950618,-60.0851796865595,16.72184,1.4645748,0.622473930314258,-7.8305129493804175,-1.1182166071786002,4979.484
6056676126828621824,192.61352776653044,-59.84685118839156,16.72214,1.4168167,0.35485809636815163,-6.265360684600431,-0.6694390407425416,7157.06
6056679219204965888,192.38558753577902,-59.81666485131179,16.723444,1.7747078,0.1720190968205301,-5.177224478631149,-0.19105886017489504,5242.0884
6056678600729606784,192.19857956575274,-59.87943499152269,16.723679,2.5085936,0.12552211974384908,-5.862700310905355,0.15807363090204277,4662.16
6056489725233804288,192.7472604400134,-59.966064626371505,16.72429,1.4251099,0.4852819273950702,-8.938376656067774,-0.21300063139457373,6002.87
6056484468207840512,192.42489367430883,-60.084049929322795,16.727367,2.8975706,0.17171638685331875,-5.162869107386971,0.8733147551151633,4731.8887
6056676058109125504,192.61300776234378,-59.87362630534166,16.727669,1.4775648,0.42442034677823454,-5.529440011025465,-1.0570171727870932,6290.44
6056691210754968832,192.2718545000981,-59.802306318647005,16.728548,1.2123013,0.2965955925929236,-8.685272536642751,0.4985346901751857,6540.801
6056494123294885376,192.70421593329533,-59.866521660968566,16.728888,2.4016056,0.10395781979872135,-7.095827547803198,0.10920670726632727,4831.153
6056692791302981248,192.41184064311662,-59.761743371577374,16.729954,2.0581398,0.1502890257682384,-13.043441360618136,-1.3770725464722018,6556.6553
6056673687245316352,192.41303269312513,-59.97771050791279,16.730799,2.4966602,0.09493901781900008,-6.32736259981776,0.38612776405536847,4869.5415
6056487320066258176,192.5525099534784,-59.97985848881903,16.73113,1.4938307,0.19476190240065072,-7.496926288475887,-1.0973696793440744,5155.7314
6056492748905331968,192.76164835971042,-59.937795847248495,16.731548,1.3322573,0.3688245184584641,-10.021703007317523,2.307274557425629,5249.6943
6056674580640165888,192.27667789278854,-59.93521083477814,16.733793,1.353179,0.38284706279741154,-4.666237970903515,-1.8147015124939572,4759.536
6056678463249483776,192.39100515720762,-59.8338552337578,16.734013,1.4107761,0.7972583502593537,1.5054858272183158,-1.5222870882264123,4637.4
6056483025098883456,192.60279118986935,-60.04887890880643,16.73447,2.3272467,0.13950122225972095,-5.471047935291967,-0.7889442296274655,6040.1846
6056489583465528448,192.82093667490986,-59.95793867765385,16.734701,1.3747473,0.457412905511804,-9.123716949613732,-1.6136308383758124,5131.7236
6056693341021929344,192.51512014095144,-59.71347940958552,16.737766,1.2499676,0.6341832132916687,-12.829385536345434,-1.0342374783833281,5323.0967
6056488763175793280,192.82838312738937,-59.988884738020836,16.738487,1.5934896,0.3399997874159634,-7.434143779163215,0.14137900252848737,6544.561
6056483059458596864,192.52469773720304,-60.062857209996714,16.738987,1.2927189,0.3454169739143351,-4.402371369065663,0.3700298142361534,6094.7144
6056679700241297920,192.47293159706743,-59.82955205640827,16.739832,1.3686733,0.3628216983021922,-3.0627608034459115,-4.541849590713469,5599.213
6056680902832292096,192.45990521737306,-59.7825202417832,16.741125,1.2239037,0.3964830528648572,-4.426847938633028,-1.8108960216613421,5449.465
6056681654401023616,192.57845964628584,-59.7126868727333,16.741493,2.0598936,-0.022101423403958573,-5.74704644118291,0.043162905615974474,5098.011
6056675508353286272,192.49874149497091,-59.916182947075775,16.742016,1.4860878,0.8863909189671993,-7.482254430225546,-0.5181215469525056,
6056674237042748416,192.26271388057404,-59.977114026404244,16.74244,1.3711767,0.41003644580466847,-7.55513439343738,-0.9398689219394785,
6056490201940861184,192.89379634025715,-59.91910651101476,16.744608,1.8596144,0.12972563573113208,-8.065334268747035,-1.0497878042540598,5234.445
6056683136215689728,192.77022665327834,-59.76666458357049,16.74482,1.5780058,0.2305229444358921,-8.632735066951359,1.7865561844546427,5499.2446
6056676259921942784,192.67220932726232,-59.836592562260186,16.74504,1.2183342,0.2927248758384039,-4.1514144860109266,-0.13120666905900513,7205.0767
6056489759608092032,192.78513380471898,-59.94788671471389,16.745342,1.846201,0.23116139243673295,-5.043338193360219,-1.898016653521471,4827.0146
6056679322284288256,192.29764513752582,-59.82135518214535,16.747128,1.3446226,0.25424451403798004,-6.523221834523512,0.6739362969625826,5131.8643
6056482922019637376,192.58752518475876,-60.07288663707143,16.747221,1.3661337,0.39066527612725166,-10.452641207794448,-1.0066116182912948,5499.918
6056693267992604672,192.44443452934067,-59.70598232312796,16.747715,2.351387,0.15208120108815498,-6.397318179308849,-0.48958384649551856,4928.356
6056675473951910016,192.45264166140032,-59.925260582467054,16.750816,2.212801,0.011782832266589981,-7.724944110666611,-0.045222378777381236,5149.805
6056686228592150016,192.6940220758308,-59.752319994004566,16.751093,1.3088455,0.46598968723849327,-10.182749089511606,-0.04204018955140794,5584.797
6056676607864808704,192.4603437841386,-59.87112459038286,16.751263,1.5559759,1.144025236455192,-12.579067497207827,1.139979400554887,4586.8096
6056691485632900736,192.25944478264924,-59.77046327727374,16.751959,1.2915192,0.6084117375591214,-11.568272230099389,-0.5939111817180895,5127.8765
6056493298647343488,192.85231021496554,-59.888571236992405,16.752192,1.3177166,0.350974838476414,-8.336125201461442,-1.17884587137901,
6056488179059784960,192.69773090041951,-59.88766736426477,16.75256,1.6420507,1.3396172636531358,-1.6943511003542804,-4.789845902699606,4508.3086
6056681658746578304,192.56993429022222,-59.7156285881883,16.752947,1.3058405,0.18873801279081154,-7.435148339478593,-3.368420874515978,5891.647
6056487006485171968,192.6573990269323,-59.941834314687526,16.753618,2.3965683,0.0921306926238562,-7.411922608869675,-0.7708278778732471,4837.8066
6056487698023430400,192.57870621540886,-59.92377094628276,16.755045,2.4692383,0.06951812630352441,-8.307072327255634,-0.4706620339091832,4874.8535
6056691176395236736,192.3102173750045,-59.797138566458976,16.755236,1.377964,0.5986842534530694,-15.618327933942165,0.37771076739074466,4788.596
6056487457505211904,192.49116385318922,-59.974525143187485,16.75528,1.382122,0.43654928256391723,-5.333814326311661,-2.3996721652359914,5539.988
6056681658746577664,192.576475827895,-59.7180916489534,16.756104,1.5377712,0.35885312614889103,-8.360937539033621,-3.737271027134274,4714.107
6056673927805122944,192.36091361873645,-59.95947151096934,16.756533,,0.07657720880570261,-6.842313764605474,0.14571380931784567,
6056488179059784192,192.69534442867229,-59.893508265424146,16.757938,2.3460312,0.12089759973374642,-5.847789172886555,-1.3422293816331679,4976.229
6056485602079113344,192.35760702379113,-60.042755820961695,16.758118,1.3576994,0.5915907587868215,-6.526404391175046,-0.4197937576980343,5446.1245
6056680318716759552,192.6477363313905,-59.76529975538852,16.758398,1.9346237,0.28168723717354066,-4.562179366004271,-2.165069065037501,
6056653964794917760,192.13314864632923,-59.9670270426901,16.75864,1.2141628,0.2095676055745041,-8.290221859928977,-0.4878019298589806,6634.5786
6056681899265067136,192.74448633944343,-59.831795743033126,16.759577,1.3134804,0.34940716442109143,-6.143546990450804,-0.9681180897432606,7185.583
6056675542713025792,192.47113759352172,-59.91155125591519,16.761112,2.614194,0.06788343168295205,-6.179172391356798,-0.20310587954533169,4739.9326
6056487594944196096,192.55416554325322,-59.94721639130258,16.761724,1.406683,0.5723958156015586,-6.12903173993357,-1.742539417754788,5933.828
6056675851950831872,192.6181894287382,-59.880231385016,16.762672,2.3872623,0.07161017273405108,-7.619406684264814,-0.4990129107531567,4827.3594
6056679940759465984,192.4142219725859,-59.82515120989771,16.763668,1.3345013,0.3474116976340355,-3.900116364824832,-1.2902992098279213,5032.247
6056484846165002240,192.44116576716215,-60.048031799636426,16.764286,1.6324568,0.10806840898076986,-5.959507252877702,-0.3777795738378666,5358.2915
6056682930057231104,192.7150292885472,-59.80341827635562,16.76596,1.5003977,1.0042376604679584,-1.2828682549905686,-1.2655816876275827,4609.8496
6056690764078361088,192.25809938715605,-59.815070079019655,16.766127,1.3700371,0.2571429824818645,-4.783782999282559,-0.5514594619023507,6782.457
6056650902436268288,192.18936882027336,-59.975368811119104,16.7675,1.2570667,0.27922275390451506,-2.8964229914979422,-0.7818426603070788,6311.097
6056650631900260736,192.19211260447662,-60.00835452767999,16.768711,2.3639574,0.10321607463554536,-4.17751628310397,0.745311431961992,4754.274
6056485911316774656,192.3800526044782,-59.99605228706098,16.768837,1.4558268,0.47406632281282457,-5.012920275079745,-0.9525894421641666,4858.4814
6056492955063766016,192.73357384026485,-59.92423736107854,16.769707,2.3519526,0.06311915550282235,-5.292390723991556,-0.7275219895481568,5170.9644
6056679562802376064,192.3757621856116,-59.778139131499074,16.77039,2.2211905,2.0765688894952614,-8.091385538477976,0.28872016688228824,6051.735
6056488007245931776,192.5975622412502,-59.93300478065,16.770872,1.4118891,0.5722160296346804,-11.063266309837427,0.18228509673543852,5339.3926
6056693925174441088,192.41922998460808,-59.70052440566227,16.772263,2.2056408,0.07552607550728911,-5.81422843873616,-1.1241034155029803,4888.779
6056654239672859008,192.13595117331104,-59.92907725051066,16.77248,1.1102352,0.4592488071641065,-10.195103260122197,-0.8183457811108872,5444.337
6056682036664529664,192.7956394439247,-59.80918651401459,16.772549,1.5887308,0.6644848507147384,-4.786782514337277,-1.83183483925372,4857.889
6056483570511264640,192.7363531213385,-60.00149280855917,16.774021,1.3835735,0.4615207489319275,-9.258571400683369,-0.7901038258273074,5137.708
6056676539145464832,192.52897156221775,-59.86316802832845,16.774364,2.4147968,0.03230743761827626,-5.859469019303108,-0.07936150562120375,4852.777
6056678703808966272,192.229069737495,-59.86598040352143,16.774836,2.2621775,0.0906648003518976,-7.635774214828838,0.03311242121763736,4798.351
6056678600729611776,192.2096447136186,-59.87568865522401,16.775589,1.2315311,0.2910358246320415,-5.9338471736816105,-1.12168759858542,5796.584
6056677329419498624,192.612026488378,-59.80036361660735,16.776087,2.6883287,0.04234154917160138,-5.2599638946780365,-1.4590848017465592,4952.7173
6056673893445378944,192.34032156190173,-59.96374074867305,16.776182,2.3156986,0.17649178041956184,-9.210857266809567,-0.18449272749423232,4994.484
6056693169260175872,192.42491942205277,-59.71259767421179,16.776329,1.1809845,0.2981807376091666,-3.0451084428170985,0.03734515681173753,5545.17
6056485945660070016,192.41095704493273,-60.00775752068283,16.776405,1.5168962,1.3505335164923984,-4.6965122347926105,-0.10872085361097655,
6056487109564400512,192.68060546446142,-59.930038061414535,16.77659,1.4681377,1.034736357737775,-4.001110308179219,0.15582466644999537,
6056692825662739584,192.42140311207686,-59.74674566885857,16.776972,1.2700138,0.5014184535086699,-8.380005842139779,-0.23810886530539246,5181.848
6056486667231234944,192.6652747651182,-59.98356212898921,16.777924,1.7714434,1.4804414163296031,-0.7289303450884028,-0.5697735426890606,4344.778
6056483437415787648,192.67105017601153,-60.01988197606579,16.778309,1.5086479,0.4163682706149514,-6.21151671148367,-3.3545659452440346,5018.941
6056485980020627712,192.46318113991774,-59.98674927651611,16.77867,,,,,
6056679150485473408,192.33438104025757,-59.830767215942345,16.778902,1.3399754,0.8610702119049324,-7.599278473270265,-0.26874478313744,5090.206
6056487663663676288,192.53924720733374,-59.942599466549645,16.778946,2.6158266,0.0516192370291407,-6.988446137285617,-0.13796605221679945,4856.311
6056678527666743424,192.21884398992722,-59.89152812791117,16.779531,1.3526478,0.25331198354169004,-6.643554634184351,-0.5884919455867834,5910.203
6056678669408300416,192.27680003173492,-59.86932500769667,16.77975,2.3657494,-0.02297659486554411,-5.531387957425993,-1.248749448203938,
6056686194232546560,192.6571437750094,-59.76172337042113,16.782135,1.6061239,0.4384920127266597,1.8509533467183974,-0.7135973955448749,4840.0117
6056655334839128064,192.11687186862508,-59.87948931663371,16.783825,1.3142262,0.38715682114756694,-7.2205623453238506,1.0276481725053408,5814.646
6056691451281906048,192.30258998057118,-59.77777372737837,16.784365,1.2436562,2.4189963565734685,-10.61572096776732,-5.817011332364889,
6056653930435188352,192.16800298264826,-59.962344167657804,16.784988,1.1695576,0.4290846417873677,-8.530309317369213,1.0315764673686556,5140.357
6056481375831386112,192.48649172045057,-60.091548372970166,16.786325,1.4505215,0.37176707545195387,-9.99355070927576,1.3723555427729712,5738.276
6056483746653466240,192.7067219678817,-59.9939752682651,16.786797,2.887476,0.15486127405706177,-5.645143295143334,-0.4453957877513576,4694.047
6056675061676549504,192.39882474078877,-59.90236604832473,16.786842,2.4105768,0.05688047135445173,-5.512384744445445,-0.6532826198282957,4926.8247
6056492989423507456,192.768038908515,-59.91300253211171,16.788763,1.2770691,0.22778415118619966,-5.8978449812530425,-2.2521832723917683,6104.4453
6056679494082890880,192.3885380915145,-59.79290078576923,16.788933,1.3443909,0.3384287634767613,-6.227059498398894,-0.14964604161817105,
6056676126828610816,192.6064205350392,-59.85984056893801,16.789145,1.5137596,0.7419657013161389,-4.095285847689698,3.4605703675204937,4821.522
6056681658706027264,192.5877792016909,-59.71587826532055,16.789152,,0.17476571712875352,-5.970121509398427,-0.4688818276442084,
6056678463290711680,192.39645960146171,-59.82990066759402,16.789164,1.1544762,0.3401660523435055,-3.9142511584218966,-1.4368643039695959,6345.8354
6056489519090038912,192.82080284712458,-59.98098061617838,16.789305,1.5404263,0.5265525244032532,1.520347369373526,-1.7023552380513214,5408.3306
6056654170953358848,192.12614627243426,-59.95644817642593,16.789314,2.2496881,0.16756587275688495,-7.509470207732126,-0.08632898542683444,4842.762
6056691588712149120,192.36098947037792,-59.74793007750793,16.789572,1.3736744,0.33231348767238145,-8.790554529442677,-0.42571143559652386,4886.4395
6056679081765986688,192.31831248319276,-59.84229969652016,16.792547,2.5214005,0.07936106776182422,-7.541873794727779,-0.2529259820861659,4727.34
6056674374481701376,192.2175652082324,-59.9733471059527,16.793247,1.2705326,0.37113885841185196,-10.262517050607137,0.46698051500735593,5041.112
6056486667231229312,192.66728342972092,-59.98945101348373,16.79424,1.4591017,0.36917866780616315,-4.366040615749003,-0.2758228454935557,5587.6274
6056679352298423552,192.33020441962353,-59.81395640604504,16.794315,1.2949276,0.3370152056691163,-6.483774345041286,-1.1586498243409844,5259.375
6056676676584295936,192.46874138325023,-59.85999051879699,16.796467,1.976304,1.4383459111345342,-8.521616057505199,0.47629808250972416,
6056487766742898688,192.63903685888297,-59.93958629710332,16.796757,1.4690237,0.4292681853087382,-3.585023211325324,-3.3540516503088145,5260.106
6056693169260167552,192.42054631643276,-59.716934607876624,16.798159,1.201252,0.3235371889668977,-7.898557238067996,-0.33209555382238826,5311.642
6056489377307051776,192.76881240327805,-59.99903065430406,16.798338,1.2289753,0.2862878850534624,-7.048734762242938,-0.7538770082859918,7394.465
6056679975078092672,192.4574304576251,-59.799968070588186,16.799318,2.195671,0.18484282154724732,-6.723663289426551,0.782087098396894,4861.763
6056653960449465856,192.13767935533383,-59.9619233400702,16.79933,1.3207912,0.49865134047099724,-4.874659737369099,-3.8511260438364006,
6056487869822120064,192.65974103962833,-59.93285887792028,16.799404,2.357973,0.17164592408378274,-6.552493417942129,-0.3515046581141249,4972.3677
6056487045188385920,192.66829565863947,-59.95294504645068,16.799852,2.4802437,0.047921828148806425,-7.678037421508397,-0.4510946695117244,4755.6416
6056677123261042560,192.57251607254685,-59.834526552727446,16.800396,2.785183,0.12312105848929235,-6.351938384258954,-0.557643171980997,4828.5654
6056492680171312640,192.74445267352502,-59.95132011042895,16.8004,1.4155569,-0.6475244970991509,-8.402131399738439,0.25082235586111445,
6056678360211471872,192.367407570734,-59.85636353910268,16.800533,1.7767239,0.36193355589973125,-6.0468959711571,-0.425376066750712,4924.237
6056686194232398336,192.66367918932784,-59.76637260597694,16.801111,1.6751823,-0.02339914498346074,-7.972913680532853,-1.0324367315315932,
6056489484730295040,192.78790448098474,-59.974824451156664,16.80121,1.3810997,0.28371107656022115,-8.099569808217094,0.33390675058352803,5375.601
6056485670798766592,192.44475219634128,-60.01256616200549,16.801514,2.2301702,0.07685108454008083,-5.370264075130651,-0.3112217613046881,
6056680348730878592,192.60625142720795,-59.77655171515759,16.802387,2.16897,0.997256180839885,-8.736073208463136,2.1416217975368097,
6056490270660350848,192.88861608178027,-59.90785012727594,16.803041,1.3332767,0.27056312930479226,-6.375569489095078,-0.9173204196106043,
6056489416010814208,192.786376564362,-59.99085682624558,16.803087,1.3157101,0.3152471370337286,-7.543037992463819,-2.14750669840247,5823.1494
6056681521307606400,192.51930277221683,-59.745844351113874,16.804085,1.2478313,0.2619609761957384,-4.240757703155665,-2.6642755327968435,6679.999
6056693134863364864,192.393522072729,-59.72078116434177,16.806623,1.0867748,0.24600036851559806,-6.287471997971782,-0.4633088233907578,6055.6167
6056488660096575616,192.81880699735547,-59.989130344515345,16.807056,2.0883198,0.28383107347554964,-5.124232898370888,0.9883458813321345,4962.12
6056483196881548800,192.58042912187202,-60.0495155872348,16.807112,2.2575092,0.20574153925622185,-6.56208415798271,-0.0477773229037411,
6056680799752955648,192.43590863996096,-59.78632429443064,16.807222,1.4340363,0.7873759813226471,-3.352071753688472,-0.40857448539262053,4879.7534
6056681624386840064,192.53552742516047,-59.71241995737092,16.808214,1.1644878,0.3797381301173629,-5.083705707247355,-0.9320907372423889,5708.032
6056481581989826048,192.48103708230886,-60.0786862064568,16.808481,2.513958,0.040040553649957504,-8.692433078282267,0.0985379548510673,5131.867
6056675989389671296,192.689256508019,-59.849670251064566,16.809017,2.230075,0.030640460606591348,-7.516361602640551,-0.06571082940788302,4844.8525
6056678669449107328,192.27303633643922,-59.860741154447126,16.809174,2.4670753,0.20452421889696576,-8.231633250633578,-1.1581274484185875,4784.46
6056683342374137216,192.77344029517764,-59.749317691392434,16.810087,1.5006065,0.30046331636216445,-4.093404405348888,0.9134286440953168,6085.153
6056678390225719552,192.3894448726802,-59.84409977584324,16.810318,1.6030054,0.2856489035520243,-8.06670412252162,1.240172737306107,4836.089
6056679008701020288,192.24774689514882,-59.83510879154066,16.810911,1.354641,0.2519370229442751,-8.733706961759221,0.11630559767835831,4855.3086
6056679116125715456,192.27859994372378,-59.8494639312746,16.810982,1.2359562,0.2138171636903076,-7.768990945169295,-1.1351187783142238,5395.9043
6056680284316306816,192.60472779548866,-59.79094976265399,16.812357,1.4848957,0.5604703198524201,-13.559404694427975,-3.130503616691791,5403.057
6056486048755938176,192.46097694730324,-59.972418960112115,16.812565,1.2862072,0.5382362042195649,-8.56070056732366,0.368351935282316,5414.1323
6056681796185846400,192.71658644628465,-59.85205535183723,16.812855,1.4690285,0.23629742369677745,-6.487584490881283,-0.9458353474651385,7048.417
6056680524875182848,192.5566120495357,-59.76977150727789,16.813013,1.4417896,0.23071373019488395,-5.775101719637787,-0.8430852543341858,6632.4155
6056693478498072064,192.57015833175043,-59.69551909399728,16.813795,2.0561008,0.014732392500760035,-6.995157154413673,-0.5715428223949353,5291.153
6056675675806347264,192.50958736483366,-59.89523445182636,16.814346,1.5522757,0.5582421492328931,-5.81021648359171,5.0992607844383855,5590.1035
6056691893604254848,192.19744202071152,-59.77307842461961,16.814465,1.3694801,0.1943407564810283,-6.2255540030904255,0.18631967574290642,
6056487457505209216,192.4683318737965,-59.97442075268617,16.814577,1.3194141,0.3473666154194226,-5.014256880808438,0.9293058444837022,5250.712
6056681624386841088,192.54790376823496,-59.709640412593956,16.815212,2.0959663,0.26013505800828746,-6.8300436452114575,-0.5467178251576278,5008.949
6056493607899027584,192.87785452362152,-59.85387171511821,16.815449,1.2653904,0.33030627999056666,-12.161453251712341,-1.4615165197089581,5424.7686
6056674752439031552,192.36385492799752,-59.93110074182356,16.815619,2.5043592,0.12775683870587964,-9.007001299653348,0.3042184633296145,4847.763
6056678497650365056,192.17732773339617,-59.90204998020244,16.816357,1.1766472,0.483949052788653,-5.995040557015795,-0.4390802502712618,5574.168
6056493333021100288,192.89443849198852,-59.88249659938249,16.816513,1.1500301,0.2053729380424821,-6.572791287596838,-1.261121536405786,5856.3335
6056489897047196032,192.83493088700632,-59.92754692910883,16.816748,2.5314026,0.10252971396162931,-7.610240030333372,0.40524932803838387,
6056691863590017280,192.2195983661676,-59.77188613037656,16.817144,1.3124542,0.21425543330021726,-9.307109509803436,-0.5216293150160555,
6056679146139971584,192.3178561381743,-59.83698806614799,16.8172,1.5539951,0.5158065787965036,-5.220864976138035,-1.5492124656526696,4889.0205
6056692378986144000,192.31249411824126,-59.735308410849974,16.817694,1.717351,0.23522901156433115,-7.002917008891923,-0.25772727499728193,4826.318
6056673274970272128,192.22503768745514,-60.016998574352264,16.818272,1.626441,0.4061109997795135,-7.852802367352991,-2.430858346627969,4704.97
6056673652927201280,192.3749358180129,-59.97995444874229,16.818428,1.3232403,0.6084820095444176,-6.203518046363326,-6.046463937950114,5409.7173
6056486254914345600,192.61196210079194,-60.00588424272931,16.81869,1.3717289,0.7731122674332858,2.4096567212395246,-1.617485518411325,5383.099
6056678497650365824,192.17756673476,-59.90133945246449,16.818726,1.3795052,0.21718611217070896,-4.631389486405639,0.22105558392658278,5712.3584
6056692993114656896,192.44201945507928,-59.7352547354603,16.819685,1.2649517,0.49009526352786575,-14.230848883329095,-2.1430723459213663,5365.3027
6056494638691209728,192.87086694912523,-59.81694791695761,16.821604,1.2820034,0.6141220383267034,-5.175135717829402,-1.1051958718517378,5495.8887
6056494295093588480,192.80753913175835,-59.829360473275734,16.821787,1.3075676,0.8403351166896064,1.157981956521091,-5.21155869504075,4996.426
6056677123261043968,192.57124870923974,-59.83213732834161,16.821795,1.7274895,0.17393032229009509,-7.349938394544049,-0.9349244704664539,6680.289
6056679253564702336,192.36835321096194,-59.81708778291234,16.821976,1.7293358,0.29578156018207796,-10.041666914197299,-0.0038213463520805034,4811.7856
6056673756006435328,192.41737005224985,-59.95802399738326,16.822552,1.3899555,0.3387783099182224,-7.993599679461059,-0.1006687580060779,5732.9326
6056681207724392832,192.47655908829162,-59.737663946801966,16.823029,1.1203423,0.25679499990331883,-6.314554525722667,0.08537854760614673,5761.641
6056492680185852288,192.76247116569562,-59.94940191209343,16.823412,1.5753059,0.5227427931641049,-5.280807208118535,-2.7046381308062606,
6056493328677465344,192.89685277026229,-59.87264865109625,16.824203,2.1242943,0.08536845600617722,-5.14092783351065,-0.838413687182737,4958.708
6056682105423499520,192.73789278415822,-59.822476043572685,16.824368,1.2129154,0.22105317990832477,-3.114672215291416,-1.6802477503760649,5907.196
6056674649359632384,192.34176316263134,-59.95340085246527,16.825323,2.386158,0.17761847525839103,-6.1214238998594155,-0.4452318179391448,
6056493161222204288,192.78723560774208,-59.89434490209382,16.825546,1.3218708,0.15395931420807757,-6.367017018491339,-0.4299017998118265,9049.389
6056676092468864000,192.57492322506906,-59.86963458992358,16.827375,2.3490343,0.26191942606240903,-3.7883427290715175,-1.0756175627218432,5419.577
6056492886344427904,192.8018056527767,-59.917508793389665,16.827705,1.1976299,0.26672444849771965,-3.7191498446484994,-0.14682458687561717,6072.0747
6056484777445389824,192.38810390633083,-60.051151351687366,16.827915,2.2382488,0.34587178799201723,-4.761661466367356,0.6888889572476599,
6056487109564390400,192.68601167154557,-59.93780811110245,16.828077,2.4059267,0.11029063285395982,-7.3518241069057995,-0.8921101857170898,4981.455
6056483299976826240,192.59519262840135,-60.018943808163534,16.828463,1.4235897,0.3255262309727492,-9.173129095489989,-2.2029125946802375,4911.839
6056680249997270016,192.59344108448056,-59.78275376176505,16.828535,1.3563709,0.30042093484144944,-6.036130426186011,-1.6039066531681216,6358.1973
6056682307235965440,192.79577303436446,-59.77353853259375,16.82954,1.2812462,0.32176191251323427,-6.818437075921375,-0.1266803094336077,7456.9946
6056692413345887104,192.33677213101925,-59.73421881077534,16.830051,1.4227829,0.47117880288860464,-4.520247238332309,-1.60977321659765,
6056678493306204032,192.17762556846264,-59.90345900725298,16.830917,1.7033205,0.22937860426786366,-8.653576301038381,-1.1175185921960638,4789.637
6056675572727128192,192.49483469086965,-59.90177937055612,16.830927,1.4337902,0.3957175691035206,-7.688281902931702,-1.1965871725140427,7164.8164
6056677982254309888,192.3383039116208,-59.89797128399783,16.83104,2.448184,0.2923732777339151,-6.882320835697181,-1.6104661274676888,4981.3267
6056674718079112704,192.32043233247828,-59.946324751878514,16.831175,2.066413,0.1397573132059254,-6.813888480224278,-0.5416507081936894,5054.535
6056682345941678464,192.81659080819708,-59.812246502713876,16.831388,2.1152334,0.07155825490574691,-5.670870594701901,0.36617979606018103,4810.447
6056680108212704512,192.50228390080042,-59.78200777952273,16.832436,2.3260183,0.03305263973195389,-4.769626043078983,-1.6829308851442295,4806.437
6056482131745659008,192.63517408129363,-60.07345533827003,16.83465,1.2832909,0.5587063733762287,-6.82444473925671,-1.5659690066247622,6047.773
6056673167545400192,192.32609449959,-60.00344425584293,16.834723,1.8518295,0.24800807435346442,-4.9135325070443585,-3.011076779635567,4799.642
6056686297311642624,192.70068386186313,-59.73724870048179,16.83585,1.4127083,0.5376664065180334,-9.485659649426317,-0.5876327662807352,5305.5103
6056678016614049408,192.30133765328338,-59.893887349960046,16.836014,1.6039724,0.2834342117434953,-6.435722010345257,-0.8099973913645695,4967.506
6056674752438871168,192.37045853115103,-59.92877509133115,16.836088,1.4630051,0.2764142354051832,-10.9211182683803,-3.9002332701346143,4801.7476
6056492817624942080,192.8084148196329,-59.93301731632038,16.836565,2.4243288,0.15620385455327887,-7.191150735456885,2.3768669369983764,4824.967
6056485464640158208,192.29025275122032,-60.04102333773746,16.836641,1.5405674,0.43595706367690257,-3.3436706442047046,1.644992909905839,5361.004
6056677879175088768,192.22933714650694,-59.89421377950152,16.837378,1.3685646,0.4354191477603991,-4.920263841879002,-0.6187105955357373,5262.3237
6056675542713026176,192.46916335996673,-59.91082524752698,16.837486,1.4461021,0.1048027482646936,-7.290554949199753,-0.5900438756858695,6012.4214
6056673098827245056,192.2570598120542,-60.02497856928699,16.837704,1.4847393,0.30731485843515965,-8.200231838372101,-3.8200151268650067,4857.345
6056693237979672064,192.4804082057984,-59.70654317045208,16.838121,1.3778973,0.8709628134420143,-13.77810001934114,-4.413929548146365,4725.1396
6056680937191920128,192.5018556448334,-59.76477067345032,16.838535,1.2824764,0.4305818990655484,-10.088514152451474,-0.3935396698031349,7152.755
6056680520529595776,192.5823441947302,-59.75760225380995,16.838575,1.1771297,0.32457003791692424,-6.472407972357511,0.032057958941230875,5677.1562
6056677535577842560,192.26341727512317,-59.9171093441001,16.83864,1.2221432,0.28033757851971375,-3.726407665607357,1.2598381433612582,6071.788
6056673481128502656,192.28541425391484,-59.98104596991014,16.838644,1.5699453,0.7091842660814182,-10.050093581117496,-0.10423211448532735,4569.799
6056489793967963392,192.82386164266035,-59.94864936056347,16.840923,1.3404579,0.23949707931851605,-6.893814496656989,-1.108971249348259,5097.541
6056674335776525440,192.30584920651174,-59.9484615857697,16.842335,2.409381,0.0712946290638006,-6.66547667218109,-0.8899464597845601,
6056680627954411264,192.606573245304,-59.75071302862623,16.842447,1.313076,0.298827031188821,-10.13345793425389,-0.6581047577147329,5581.465
6056673854740184064,192.37077069256873,-59.95739906633371,16.842564,1.2404366,0.3194087310784756,-4.879704526569972,-0.9564164032918415,8098.491
6056493264301622272,192.89988684097344,-59.886341228390535,16.843668,1.2452965,0.37482129177610707,-7.699687676369464,1.1868708991881547,5343.1606
6056691245114720512,192.28946458801062,-59.78532074851309,16.84368,1.4126816,0.10621119619276725,-0.5364211324561641,-2.8038466129278525,
6056493573539261952,192.85984199625284,-59.86682266563462,16.843777,1.9932861,0.11741939773617312,-6.647509630013811,0.19916247705543416,5204.5474
6056681143350354304,192.50546339392187,-59.75107966328632,16.844234,1.3281555,0.5709187379470037,-1.1780578529652588,-1.1861987324940149,5132.7773
6056691691791297152,192.1556550015201,-59.805972844511665,16.846468,1.2604828,0.5175145817584884,-6.868893718820297,-1.4671390003850455,5605.684
6056483643574221824,192.66662994820817,-60.016586818772346,16.846567,1.3885212,0.45586049475921053,-11.920333193115072,-0.5852185724475608,5324.9907
6056487831118916608,192.6409448329319,-59.92123892745969,16.846916,1.3267078,0.422690991699965,-7.8333447950072195,-1.0063991101433312,5593.256
6056667090216504192,192.1087435036209,-59.879274118384515,16.846964,1.6526451,0.2327724237687382,-4.7487413277491415,-0.06508927024855446,4997.4844
6056679322284287616,192.30041592201508,-59.82208716721959,16.847235,2.1453924,0.239527150213239,-8.441450883931974,1.2327211657108477,4831.8535
6056487251346760064,192.48241442939982,-59.99328921016158,16.847427,2.271387,0.013504461390945873,-6.3568236790384445,-0.8070702954506462,
6056691519992643456,192.28339590221717,-59.76652335912847,16.849165,1.1604557,0.15651514559373453,-4.55547148168871,-0.37992011417997945,5748.4824
6056488007261077760,192.59497660714774,-59.922544202687014,16.849281,1.4270077,0.5236653787677849,-8.69876458312749,1.9524171512484123,5354.357
6056485773878007680,192.45653796727817,-59.993142870120465,16.85031,1.571188,0.9147340800885142,-10.119118607459257,1.474156212193817,4505.5645
6056486525448796032,192.60517697584822,-59.975028437928906,16.850365,2.3004923,0.15662692581152873,-8.07130028448359,-0.3164801198505735,4886.029
6056692791302980992,192.3876481117547,-59.759738885764705,16.850742,1.2683907,0.17893358859727784,-5.653462189236831,-0.26188783047742015,5267.1504
6056673618567658368,192.34767147911236,-59.993024680079245,16.85089,1.2998333,0.5453808188546191,-7.668945942036584,-1.401679728042533,5403.825
6056674030896626432,192.41270699231544,-59.93939654006574,16.851137,2.8472223,,,,
6056679455377643648,192.35013937646485,-59.81068659049422,16.85218,1.3006668,0.38159903470932194,-6.981241566801871,-0.08104822939221118,5325.6807
6056492714545592704,192.7713997548064,-59.94102626336637,16.853233,2.4234715,0.08252746126287068,-7.510522957346005,1.3605342615848597,4863.0176
6056683204935153792,192.7008191658407,-59.77871675513037,16.853512,2.3024206,0.12246415326066362,-6.943832008453781,-1.3855952609733735,5063.7563
6056492985079677568,192.78625023872465,-59.91369670700242,16.853592,1.3944759,0.6751381570704726,-6.869718607410781,-4.978874932150582,5199.9326
6056482784580668288,192.53775374168984,-60.08502797147274,16.854935,1.4207287,0.3990258351211815,-8.98106998079471,1.520250457695426,5592.7246
6056487143924525952,192.716709449759,-59.92522642133586,16.855927,1.9894123,0.12799534502172016,-2.649296236671032,-1.889047135440713,5102.4043
6056682169796978048,192.73263287488328,-59.801661258257425,16.855963,1.3348598,0.33605686880956254,-4.82240033822404,-2.779862952519824,5850.2827
6056690626601940352,192.1980506592223,-59.83589810956992,16.856922,,0.296746861985076,-8.46159416918973,3.6132788876768185,
6056680073856870272,192.46975496445702,-59.79467630470825,16.856993,1.56738,0.426524905577252,-9.552938730092656,-0.6317993603669763,5319.5503
6056654239625877760,192.12204003024263,-59.93690515576201,16.857065,2.2851715,0.06430556530552803,-4.031470309858718,0.15414644982904266,4970.0454
6056487079548134016,192.70192180633836,-59.94152366333644,16.857279,1.5279751,0.30397088738309036,-6.149053744528364,-1.0334049509229457,7128.3296
6056676607864811264,192.46862746612382,-59.86910278226898,16.859205,2.5883265,0.10861971097227133,-8.55528402581954,0.3405222396079918,4771.1514
6056679768960903424,192.5239901489374,-59.821530913448754,16.859884,1.373272,0.25137575770412096,-7.785618886261516,-0.7544856633872223,6722.1724
6056679081765984256,192.32462471252958,-59.84586397999514,16.85993,1.8273382,0.17332066122510614,-5.433303617836032,-0.2971312830207775,
6056693341058891776,192.5254311080454,-59.70809956722435,16.86077,1.4629822,0.2638317617914596,-13.01331892272776,-2.7706562474714134,4830.0605
6056678085333542784,192.3760076375887,-59.88412301518727,16.863958,2.5157604,0.11248327250982759,-5.961843035303077,-1.1890124359864211,4749.534
6056492920690166144,192.84476158877158,-59.89949108718798,16.864586,2.1670732,0.04931966116616877,-3.9981011898599865,-0.058866382090232025,6825.3667
6056484910541023872,192.4373644627722,-60.03358923394743,16.865774,1.3335323,0.4321586203062351,-7.584723768104995,-0.6798554247100765,4692.31
6056679459723138048,192.35541241341178,-59.808924364532764,16.866306,1.4557552,0.26566985791823927,-7.333512408100599,-0.9544911505315266,7137.3203
6056674546280420992,192.2851818121026,-59.94316381243657,16.866997,1.3525867,0.4559953771925262,-6.698521599601453,-1.537189440480649,5600.1626
6056681521307478016,192.5188511037991,-59.73916736424912,16.867386,1.217083,0.45297671641338033,-9.35751198292438,-0.6571364087679148,5469.402
6056677844815499264,192.27518193430535,-59.88878832796631,16.867994,1.3494148,0.4465882217433158,-3.4830595814814753,-1.3010817317360017,5219.131
6056691245114723968,192.32045865086613,-59.78339813480734,16.868347,1.2379646,0.39344014673194816,-7.104537372542598,-0.030958417629558962,5059.824
6056673240610325376,192.3080625573452,-59.999299263428625,16.868574,1.2401638,0.459334469959448,-6.403597124867557,-2.918636519258135,5521.594
6056494638691197056,192.86578167479473,-59.825401330053666,16.868591,1.0552082,0.21031928344612538,-4.834954986998233,0.5797523961861647,9603.193
6056678841247782016,192.15126308228807,-59.86905679450551,16.86864,1.1771755,0.43403339493151283,-4.954167940135744,-2.2503590804645817,5448.9355
6056677844815354880,192.26744608731437,-59.893230151083415,16.86903,1.4186478,0.6433050039436027,-5.461787367585583,-1.2188889235211096,5212.963
6056493298661333120,192.86196306024277,-59.89140411905676,16.870758,2.1877775,0.04012538214332338,-6.812531355124294,-0.132173808596903,4797.537
6056675508312317312,192.49905455215688,-59.91617833605322,16.87086,1.683321,0.8140378569778601,-7.35069027241776,-0.5048431988626919,
6056482612782037248,192.69206880327138,-60.045574048548,16.87142,2.709507,0.04296583914704289,-5.2897231616621,-0.921756687149188,4798.591
6056488179059784704,192.69809137095683,-59.88827783795469,16.871817,2.3038368,0.0913080032883628,-8.310599446784678,-0.9358610589559516,
6056494226374109312,192.8189049958135,-59.839966260129785,16.872116,1.2084732,0.286285385122358,-4.123427129363881,-1.356665858599535,6341.4717
6056486598511770368,192.59747151483035,-59.96755275414944,16.872116,1.273634,0.3114390246529395,1.520507442670093,-1.42031890008309,5874.633
6056483609214474368,192.64925283252984,-60.0218662331361,16.872301,1.3547401,0.6245842506267902,-12.838212259801564,1.3959470403265044,5314.232
6056682311581955584,192.7772657967235,-59.786388486534534,16.872965,2.2598476,,,,
6056675851950830080,192.60959886219425,-59.88891635302915,16.873497,1.3987427,0.29237933442306835,-7.132025731506321,-1.2911057303938924,6609.404
6056485498999909376,192.33734020010922,-60.012265079307774,16.87369,1.221899,0.4816355477581844,-8.347898929210912,-0.007989262947573319,6081.419
6056677226340280576,192.58881392192362,-59.80162011238939,16.875212,2.2580442,0.03399750778491556,-6.708428944499408,0.3478480308534718,4811.0093
6056681212069833088,192.48587483309933,-59.73295053671151,16.875328,1.3690672,0.25366547243898985,-5.1658592485517145,-1.356783791507808,
6056675405274070272,192.5200462140015,-59.920920737200476,16.875336,2.424511,0.01964805770464079,-4.580509343428332,0.05066802212427646,4861.3413
6056692104108191104,192.19446480985647,-59.76506393896524,16.876003,1.2678547,0.36873651892711823,-8.404803782280705,-0.09250903911496182,5067.4185
6056485357217597568,192.26382794532952,-60.0522570429956,16.877382,1.4520435,0.34829200982601616,-4.545003032515168,-0.406802972193635,5014.204
6056692928741969664,192.46264271165924,-59.73926316367865,16.87859,1.2006359,0.29785753367047735,-8.81825631180693,-0.9282582618791098,6483.689
6056686537829813888,192.64874462981942,-59.73018195115637,16.878698,1.2431068,0.3214895827297819,-6.520293606080017,-1.9311106359581713,5700.6885
6056494054575406080,192.72987982794828,-59.87562524898556,16.879715,1.520649,0.28630550263576643,-8.483149732013812,0.34593682062059394,6740.512
6056489484730296320,192.78706463942711,-59.97019104725199,16.879837,1.5715389,0.6960526272852319,-3.2655279155280956,4.120110493793806,4605.16
6056483437415776512,192.67103928501285,-60.027679860592784,16.880264,2.328949,0.10952675822366865,-6.771940575911257,0.06836935541466184,5010.5137
6056691829230265600,192.18991059771227,-59.78670312918432,16.880722,1.2145615,0.19373736314476636,-6.531020842837135,-1.3633543471024816,5590.0693
6056482956379390208,192.6114990321099,-60.06382192863095,16.881113,2.306656,0.07218257147293003,-5.480414241950548,-0.5598232790497024,4911.0894
6056683101855947008,192.74176834240617,-59.770473100388784,16.881695,2.2207842,0.05228616175968695,-6.719436223900304,-0.761783019816401,6632.379
6056681177710090368,192.448981965286,-59.75506813866683,16.881882,,0.30322304175661247,-6.320380574646281,-1.6877666873469637,
6056674202695303296,192.23770693513956,-59.97128448875974,16.882618,2.4460936,-0.03569491782307909,-6.973751245375579,-0.2572906890566653,4727.166
6056680795407473408,192.4523877477384,-59.78187414239524,16.882635,2.1381893,0.12162963591163242,-6.605379758038181,-0.4462455241758165,4990.2744
6056485533359637888,192.3659586276277,-60.040934994524335,16.882767,1.4591122,0.2802481354751915,-5.016332874961063,0.5264637504264311,6007.294
6056482509706420096,192.6678130456194,-60.0592670647201,16.882914,1.3757858,0.2543570178285625,-7.376464664824142,-1.3582693900626315,
6056686224246163456,192.6907277763634,-59.756704729161264,16.883053,1.2402687,0.2886949256064157,-4.522899238772523,1.9081961139926036,5399.06
6056650696276511104,192.17305992233662,-59.99480481055221,16.883055,1.2511387,0.25776008788980315,-9.176864425083851,-4.229618149895282,6204.445
6056680451810100096,192.56128086594944,-59.77214728320336,16.883299,1.1254768,0.25190448749525646,-8.01643011505777,-0.334012168657839,5695.2896
6056486078772096896,192.5039853566907,-60.05328848667018,16.884193,2.328679,0.14650324374871387,-5.65961338866524,-0.44537945802388346,4999.3257
6056487904181868928,192.69681744950282,-59.918506776472384,16.884247,1.3625908,0.6003134119828178,-4.130445116672857,-1.6041245274107288,4910.5366
6056680662314159744,192.6370450071899,-59.73651411857485,16.88523,2.0757809,0.0122100928867355,-5.19979863062846,-0.5791191556845361,4950.9556
6056692993114677504,192.45311687506174,-59.720420076530566,16.885454,1.2169266,0.36089778935240835,-7.947796516356744,0.13193967063244663,5416.9326
6056674133922691200,192.2401760875149,-59.98702989465456,16.886024,1.3953686,0.2802714757033334,-5.1745191396995605,0.27697737054544525,6527.801
6056681830545588096,192.738865157365,-59.83907757669143,16.886206,1.3149223,0.4996527687705552,-10.013706790881592,-1.6010046319794755,4911.2026
6056680967206164736,192.39392026305205,-59.78360775123742,16.886953,1.4076099,0.35028318826123384,-10.649630458150229,0.03005672267273958,4953.155
6056482544046555008,192.69263971600995,-60.05257724777518,16.887497,1.5513687,-0.6793631345709779,-5.698551099135113,3.0215224338432742,
6056692275906896640,192.2781725292928,-59.75647068059539,16.888626,1.2190933,0.12220810589467863,-6.339055745306173,0.3039574182541198,6149.301
6056654239672854144,192.11809233625885,-59.93347325410759,16.889057,2.2332354,0.12798243426535957,-6.90622151680881,0.5788474329485621,4802.634
6056681590026955392,192.50864159167114,-59.73276380962493,16.88938,1.6996946,0.3558995285682931,-10.22007869016186,1.4531474621239702,4739.2354
6056486942109166336,192.65979120191778,-59.95719899711104,16.890528,1.3917656,0.4053468613602561,-3.609007482564724,0.7522313490532712,5445.1978
6056673721646700800,192.44509272580268,-59.9558703673715,16.890665,,0.17057348735990974,-7.787216582994113,0.670424464859978,
6056681967984547712,192.80497203712102,-59.82373766641691,16.89158,,0.42009343223106166,-6.088803551929065,-1.9860454234620872,
6056494054575405824,192.72556366198833,-59.87660060272307,16.891766,1.5424995,0.5667026859052909,-5.04454916063772,-2.545160305139798,5600.3813
6056488179059785856,192.6981599538791,-59.88381232308563,16.891832,1.9758997,0.2547149998873305,-8.220294883094033,-0.9121140523991732,4996.0444
6056675813245302784,192.5997233351772,-59.89017055486645,16.89206,1.5497208,0.4879641026779239,-9.96391526294046,-0.22467545286146542,4816.8076
6056674443201181440,192.18756462168366,-59.96740382315636,16.89224,1.4103165,0.22446882188856698,-7.455245959681114,-0.19673803646930912,7180.346
6056679116125724288,192.29545697181052,-59.840616675976484,16.893213,1.2668037,0.28015062810653596,-5.496685857706045,-0.5905716873772,5436.258
6056679391003772288,192.29599685732677,-59.813899170119285,16.893223,1.3653469,0.28065864590860123,-8.299045281020389,0.47207987532392554,5963.779
6056678085333541888,192.37557234381833,-59.88527671212263,16.893793,1.6951828,0.19120678230302485,-9.240325283560182,-0.06545181013517251,4896.477
6056486529792280960,192.60710119444687,-59.979696278665635,16.894611,1.1883259,0.29169697912959636,-7.127401336981576,-0.6183610354242763,5725.337
6056675267835111424,192.4707535995031,-59.93224260324813,16.89567,1.4476395,0.250493368959162,-5.772300286860373,0.17106082488472152,5745.513
6056649875986007424,192.19314583003697,-60.01762274947409,16.895731,2.3756418,0.27861096123755713,-7.505637185662527,0.010084136368241545,4849.4214
6056481612006508928,192.46041282111938,-60.08406954920776,16.897419,1.371088,0.5301867925034831,-3.464577606654141,-0.2859694126512928,5284.169
6056673786020713472,192.44351745991167,-59.94285948643041,16.897785,1.3954353,0.3390113713232193,-6.413009480425966,-0.3170817489512524,5612.1504
6056691932309501696,192.21219903130654,-59.76374138395038,16.898064,1.9925547,1.4087812936540094,2.305842801653699,-10.510912431668743,4229.7446
6056673171890845056,192.3147236081552,-60.008213825613765,16.89843,1.8797646,0.30646748138869023,-8.764487931626048,-0.17642239534426263,4796.571
6056678596384126592,192.2056578190956,-59.87403462860854,16.899654,2.3873167,0.14517827938399985,-9.6457491604172,0.3978971139258695,4816.252
6056486117475352576,192.5340538682458,-60.030902239156944,16.900164,2.5056114,0.14465151912817095,-7.215776228397597,-1.1623939103110548,4732.549
6056691142035486464,192.26654445482257,-59.80948557833501,16.900234,1.5135612,0.5357841765347258,-7.0688888413771,-2.3550383837914595,4623.7437
6056676470425989632,192.5550293773657,-59.86205762096169,16.901863,1.4661818,0.49242820034421264,-5.9232884804556525,-1.2753059031690277,5202.959
6056679627176292608,192.45840861257668,-59.850638857424876,16.901999,2.3065567,0.14902930314193147,-4.7937675622778695,0.917365404251993,4810.547
6056676745303910912,192.5514144007772,-59.8427400658833,16.903471,1.5287037,0.6363839134078197,-3.543809644214944,-0.7328495270961828,5573.403
6056492989423508480,192.76951313844614,-59.909508037203985,16.903818,1.725605,0.25011714100632787,-5.833341427196306,-0.29917335585669713,6685.9243
6056482544062537984,192.68836628131263,-60.06350615937543,16.904245,1.3094139,0.3394771473752399,-6.143311006403251,-1.322255658348836,5334.9624
6056487457505224064,192.4959265149916,-59.963934649367395,16.905207,1.5601444,0.2258824069163856,-3.67774492077362,-1.0349538124993156,5761.942
6056486426713034880,192.5088151635207,-59.999843982255506,16.905567,1.4300613,0.40633856116020933,-7.812276042879299,-2.9330530577176015,4841.731
6056485911316774784,192.39380742055707,-59.99552957858175,16.90594,2.233344,0.15465479799445025,-7.205548894017699,-0.5401141890991424,6371.9404
6056486426713017856,192.5011710435683,-60.010860355728184,16.906366,2.458479,-0.011368955961489614,-9.443519293432876,-0.19051004121327533,4814.169
6056673618567457408,192.3565919919977,-59.98579541643739,16.907087,1.4938087,0.05657152258773058,-7.017776182618899,-0.5087539670294967,7843.0547
6056673549847977856,192.36378818084162,-59.98992057643228,16.908287,1.3836994,0.3298925041534495,-8.447315740469758,-0.011129061322669272,5008.688
6056486357977598464,192.49283471156897,-60.01972055315288,16.908318,1.4020462,0.5180107650350954,-12.71228922794282,-0.09235875705691417,5047.6665
6056483712277912832,192.65471253621251,-59.999142788209255,16.908318,1.4045582,0.6191733717550598,-6.455567465978415,-0.400433385619964,5351.3477
6056483265617073408,192.58189193786572,-60.03097378913417,16.908634,2.247302,0.048419791193418424,-8.661775547415212,-0.49062142310145807,4889.117
6056691481286121856,192.27758362166344,-59.77079172456612,16.908834,1.5571384,0.13654069565166435,-8.707144868767042,1.5559318746102984,
6056679768960900992,192.5175994510978,-59.82474735886881,16.909203,1.4584522,0.42685738042868765,-10.032672383818836,-5.157982364872533,4837.507
6056680765393208448,192.41300785456949,-59.7970399358835,16.90945,2.1130571,0.13035312824512646,-5.71655006261162,-0.517811857672701,4941.232
6056485567719378432,192.3919977519834,-60.03841957522438,16.910025,1.3807583,0.1800007840644483,-9.662034526726748,-0.8476753507062627,7455.8525
6056675233475369472,192.51434998931884,-59.940483254045716,16.910624,2.294053,0.24443723760809172,-6.624757970576828,-0.7219392643121793,4962.5015
6056482818940404736,192.5512179851698,-60.088036289787695,16.911058,2.6896467,0.0904515427354622,-5.585230422729415,-0.18199552361629684,4735.3164
6056675061676550656,192.37954890183764,-59.899014227249566,16.911495,2.9507914,0.08501937250693326,-5.230355668348115,-0.35245339304400314,7278.2173
6056486254914340352,192.59511533678085,-60.00894071191913,16.911816,1.3751125,0.4885019529474046,-10.142648160470863,-1.5271636003299072,5905.49
6056690729718612480,192.20318659034805,-59.83193720009229,16.912098,2.1454563,0.13644764873526624,-7.2817470570310885,2.9349424212228503,5050.064
6056673923459664256,192.3748789447558,-59.950601254674865,16.912115,1.6560783,0.44971788703923193,-5.970473420346609,-1.1324821323678709,4896.283
6056679150485477504,192.33422542501427,-59.82569625073213,16.9124,1.4877605,0.24767712077550788,-3.8791268325638337,-1.1466505441087538,5464.882
6056492783265073024,192.7646036556305,-59.93058078617414,16.913431,1.2769356,0.2339280984939789,-4.0165474467012015,-1.4740385011993369,
6056682345941857920,192.84258566499986,-59.803723203130154,16.91344,1.6949139,1.334406787236864,-1.0554596993443457,3.6880358858155673,4442.499
6056676229907838208,192.6330245416216,-59.84801081870612,16.913538,2.4626665,0.084484056446794,-4.711931136444826,0.07735318038063096,4793.6777
6056487285706626176,192.50487989211643,-59.98221538385271,16.914251,1.4819794,0.28127881412012473,-9.593053700936657,-2.1418202467918217,5041.9004
6056675405274071680,192.5306541693035,-59.91853032042074,16.914497,1.5688515,0.20833389010298772,-7.440140562685305,-1.5017487909526688,8142.885
6056488385218659456,192.80441326362933,-60.01963157736162,16.914856,1.4126778,0.43316688932124137,-5.907859284162799,-1.4837606879104823,5407.573
6056483604871400064,192.64732496829197,-60.01506670148184,16.915295,2.504859,0.21849617082262554,-6.272645951415945,-0.06607581851344235,4711.0674
6056679627176301952,192.47402967790964,-59.84062055477633,16.915941,1.348175,0.1696261804659063,-8.125097939511903,0.3431216155430268,5726.544
6056673682945169664,192.40773259217684,-59.98229101320647,16.917072,1.8191957,0.1617739521013647,-7.301079077160688,-1.7317876948431947,4821.5645
6056494428191756032,192.88127133699658,-59.83566674055129,16.91742,1.1355667,0.28043305006862385,-9.02614610216382,0.48281414649693466,5592.111
6056673206250583680,192.29117658440964,-60.00550983720914,16.917574,1.2718983,0.31801743603092625,-8.688732836903226,-0.9400310266932214,5416.87
6056691382553706240,192.35975938272153,-59.75834932988989,16.917799,1.1989384,0.3608563144832665,-12.548760807403916,2.0279479932575093,5488.583
6056693890814683392,192.38723075149616,-59.708572400663975,16.917831,1.3951054,0.3083772638368961,-4.974542120628323,0.20358662811248054,4913.7217
6056483506135285376,192.72987881284635,-60.00771113638754,16.917927,2.4998903,0.1791414139223179,-8.039477334694709,0.43785167998427765,
6056693886467899904,192.38985145701056,-59.704076814486704,16.918455,1.842576,0.21746261378629816,-6.186613324929312,-0.3963706489634497,4937.0996
6056682174142985600,192.72153704634724,-59.80619763231421,16.918608,1.4490662,0.519123610662377,-2.2081048189796397,1.3295358052380262,5401.74
6056667154589146368,192.1073570361331,-59.86706241230639,16.918932,1.9513273,0.19481964667817095,-10.679215742591625,-1.3473926572447357,5126.6016
6056679940759463424,192.41356358659846,-59.82849103729906,16.91961,2.3443909,0.13249184858376173,-6.219255823218221,-0.4114587820227794,5187.2334
6056494020215676160,192.80168718457998,-59.85569002906093,16.920357,2.3161373,0.07206896399600225,-7.954256361487194,0.7210776977796753,4871.1514
6056681933624805248,192.7677234077384,-59.83491971489235,16.920704,1.6484451,1.0034071239841778,-7.143690192645418,-1.4629788120649132,4558.176
6056690656652321408,192.1440094949763,-59.84180014766311,16.920918,2.261507,0.06682122621123088,-6.6935723048125,0.05641781925203168,4771.6045
6056692997461479936,192.4575407806279,-59.717877232912315,16.921669,2.47042,-0.0032997521495153614,-5.6772198715682824,-0.33692754651616696,4794.6094
6056489823983711104,192.84857460891445,-59.945269731418364,16.921839,1.863843,0.19595360337821818,-6.485615599970201,0.01931681572505855,7067.8257
6056682036704034048,192.78697478538177,-59.80871267785448,16.92215,1.2767563,0.25078867839348984,-8.49391896920304,-1.247911100824928,5353.8926
6056486804670217856,192.72763119390632,-59.956350018517846,16.922705,2.5009012,0.08376841129139358,-7.538695498069408,1.0078499450469076,4778.525
6056483643574232320,192.6603362243955,-60.00681663456624,16.922937,2.0351572,1.070802122997234,-16.177997701325822,-3.9913458309947916,4117.7256
6056481371488336256,192.494765455871,-60.085852750000136,16.922974,1.6647701,0.19124006910772165,-11.449339931584646,-2.187436773181732,4914.477
6056675783231208448,192.62183026530283,-59.89390490600577,16.923973,1.8427124,0.5767788898798889,-9.474346048432034,-1.0163546960862448,4811.1016
6056487354426112384,192.5850154900723,-59.96626783549841,16.92462,1.4797573,0.42784522089378335,-11.567353756212775,-0.893745265924265,4806.4634
6056676710944156800,192.50765761832878,-59.86090427933067,16.924831,1.5819798,0.5439981046708895,-11.336761287477632,-2.413709647995673,4837.8384
6056692924395172224,192.45229299449966,-59.74109989029086,16.925066,1.9242,0.21594592194313372,-7.121348724522143,-0.9481102241818861,
6056492886330335488,192.8044374269809,-59.90803966614584,16.926525,1.4374161,0.946553443461785,0.6980206322819023,-2.8057426974771413,5155.5137
6056674305762240384,192.27034765394188,-59.956784420991774,16.92731,1.3642635,0.375852370899438,-3.533878775214487,-1.2650098558849936,5368.5083
6056681280789438208,192.56591572845429,-59.74927051236124,16.928007,1.3744087,0.8010153925060857,-2.6974652454235875,0.3005705713362283,4770.5806
6056691829192885504,192.18552085277923,-59.788995158086806,16.928162,1.300169,0.24705428993091424,-6.644291645997366,-2.189495499454216,5855.144
6056679253564696320,192.35564488198773,-59.823411916457296,16.928892,1.1931763,0.38175179016030825,-14.27205115055574,-3.9771321536896975,5839.5977
6056674679375229824,192.36909197206467,-59.93265239282087,16.929623,2.4560642,0.10739949908341673,-6.999604186722591,-0.3866918718119031,4787.8706
6056483403040103296,192.6529287565444,-60.031987494101,16.931974,1.2958508,0.501915003163851,-1.6574939479130455,-3.0200362539825574,5645.8984
6056493126862627840,192.82678690085626,-59.88617128363669,16.932863,1.2988052,0.3013615797155269,-12.35814123967349,8.825539116150102,5822.053
6056675748871462016,192.58284230465134,-59.905274105125685,16.932919,2.4811668,0.21166385119695424,-6.489084284422411,0.013589314027026352,4808.071
6056693164915456384,192.4059385518809,-59.71457174047718,16.932928,1.2735691,0.5551856680842442,-9.961451568859284,2.277231750837153,5145.261
6056692546439321984,192.27796507838585,-59.72990239169917,16.933002,2.213131,0.06274015455599857,-5.86962603436467,0.023902582566358736,4739.605
6056679081765991296,192.33781229258227,-59.83687441743638,16.93341,2.5395956,0.11774194276535219,-5.540049031408447,0.23681578481232043,4746.828
6056482612782039936,192.68748553625747,-60.04298671530754,16.933697,1.6173496,0.676198729054883,-10.583114767415287,-0.48435784527597947,4839.865
6056681796185845248,192.6993101995696,-59.85677534773916,16.933859,2.2154617,0.05429078812040969,-5.4992126747934975,-0.9272183599141393,4897.375
6056494329439633024,192.85420584037837,-59.85611176616407,16.933994,1.3407764,0.5214163546973095,-12.589792958031726,-6.249001339043237,4706.6
6056677634311436032,192.29325739608964,-59.89532971347145,16.934757,1.5165062,1.0682115150576466,-20.45341787693302,-7.643088694592885,5715.2095
6056487698023429504,192.57642510538156,-59.92487583627581,16.935339,1.504385,0.22908629526568758,-6.769730514935107,-2.770170140649417,5619.9287
6056494295093586432,192.79897579849725,-59.83642636126609,16.935495,1.4167652,0.6521808824790272,-17.63853546886184,-5.8756945276314525,5025.296
6056680902832178816,192.4881067067607,-59.77157128122986,16.93589,1.1479931,0.2481670057491979,-5.366683957448666,-0.5941388185798313,5636.1963
6056690970236790912,192.16960865245701,-59.807789661585716,16.936672,2.2876587,0.18180920311994309,-9.175938425274502,-1.3344086227757317,4814.164
6056489828327729664,192.86228237877995,-59.92736633320141,16.937616,1.8532715,0.24373948412351662,-7.730170505340843,-0.1138675336429284,4774.851
6056681108990611456,192.4584366005339,-59.76220099910343,16.937992,2.3356094,2.5715215177225317,-28.163384219605884,-9.108136167294472,3721.9824
6056482505359274368,192.6459218648535,-60.070588184809864,16.938255,1.6470947,0.20926499720524278,-8.517823283706464,0.8283405009867777,4813.017
6056490275004353024,192.8864649460346,-59.90982590670023,16.938488,1.1848392,0.4113330541390758,-5.651417435367302,-0.3739335798456096,5661.7344
6056681448242591872,192.6015534082682,-59.71364120759549,16.938498,1.3122272,0.5808511985046596,-4.340665587291622,-2.4181144663951084,5189.9224
6056484536927325824,192.4095843374504,-60.07234828421813,16.938908,2.8039026,0.0800263721792599,-5.324518236377717,-0.9655689661031958,4841.856
6056485395920676096,192.30019847598504,-60.05177971364849,16.939283,1.3673553,0.3367371496226431,-2.949342441395007,0.2463214371117105,5583.9385
6056679695895790208,192.46856008236068,-59.82919838527365,16.939661,2.1582527,0.14188112913229772,-5.999281191973732,-0.09466364276599507,4880.2573
6056681654404846208,192.5851486866783,-59.71603301143881,16.939669,1.2810345,0.27247459182245964,-0.027161462118649754,-0.2804601583770984,5388.7817
6056674958597312128,192.34901843815595,-59.91770671343356,16.940155,1.3438473,0.26958928226078027,-7.535725150611889,0.23156383997365657,5503.494
6056485911316774144,192.38710360207736,-59.998305778945216,16.940453,1.6378088,0.3464235353999792,-10.73658665140138,0.17634751153850892,
6056679700241290368,192.45657971164698,-59.837232494051115,16.940556,1.2749939,0.3758551702416662,-4.993952847124716,-4.743189704606303,5381.882
6056678428930956672,192.36098260085288,-59.84742600146078,16.940706,1.598486,0.6370396872455849,-2.084525374049144,2.297104515381843,4661.0703
6056679558460786304,192.38148639308207,-59.77493161226061,16.940819,1.3643646,0.3932380185147281,-3.1836478368698526,1.8358310199451102,5256.486
6056482337904099968,192.6854024730226,-60.06953119442435,16.941021,1.7246227,1.1137297689297498,-11.120101940073617,-8.287359801678413,4495.6597
6056680761047710720,192.4040494434464,-59.802834688760825,16.941525,1.5783119,0.16164033547623982,-8.75819651674298,-0.11905269545814016,
6056673579863587200,192.3998947001351,-59.98545941458255,16.941837,2.3931131,0.04130637021905116,-7.488718551160047,0.7627380711168886,4837.127
6056674340121995776,192.30878733115622,-59.940092268466245,16.942669,2.505494,0.07513775600369006,-6.21998389510231,0.513859111685749,4693.2065
6056691481289989632,192.2785711161767,-59.7716242371883,16.943047,1.1584835,0.33058407380179294,-7.017462484794442,0.24854110832364829,4974.164
6056488247779262720,192.68489351861615,-59.882501659612764,16.943907,1.3203869,0.16114723764503947,-5.125449021391046,-0.15601831513154174,6072.335
6056676573505065600,192.44793916232632,-59.87734772362163,16.944193,1.8320274,0.2485487099934736,-7.450444815909534,-0.6835459423933478,6331.1304
6056489793967962112,192.81496207438158,-59.94518623580494,16.944775,2.3962698,0.07185741761514745,-7.240538952560918,-0.6626194123424406,4957.5947
6056683101855947776,192.7536821439866,-59.77011974622567,16.945387,1.5008793,0.34261467161275255,-6.8425203488639035,-1.7981198081576915,5566.025
6056681315149181440,192.54178949957074,-59.74171600064316,16.945503,1.2845421,0.5238981064676469,-2.8649227315646266,-1.0873086980981828,5249.7144
6056493917136452736,192.79802047392872,-59.88065297218936,16.945566,1.6476831,1.0676613526185137,-10.341808920966796,1.5354484877180834,4485.5596
6056686469110321664,192.649900496651,-59.74629378547255,16.945599,1.4458637,0.0920651822783605,-5.097678795730597,0.44102615107846854,6621.527
6056677776108123008,192.2254386904289,-59.89762252844279,16.94583,2.2700214,-0.5363707649894344,-7.192183386308934,0.11532920876695439,
6056675130396030848,192.37258835733476,-59.89502093893799,16.946054,1.4232864,0.1866520091129852,-3.946778587687858,-0.07190329710689225,6728.508
6056678184067279744,192.40924940816103,-59.85465021647745,16.94636,1.3783855,0.7173981294029624,-10.980862505521852,-7.671016309147785,4473.082
6056681074630872064,192.41923721609493,-59.76292990263682,16.946375,1.5986652,0.257116225627286,-8.114262026835402,-0.16020041836571142,5244.138
6056677123261048320,192.57381543894184,-59.826814907203165,16.94643,2.8036013,0.15118366288918644,-7.599546447061808,-1.3730592982517078,5083.4927
6056674752438866304,192.35912769338208,-59.933302265326525,16.94675,1.3235226,0.4495238490218555,-4.310736172040886,1.3743706383693788,4739.891
6056683067496211968,192.77652309049492,-59.76888052152617,16.946827,1.5950737,0.23726421206060833,-6.690891422004205,-2.576215141282222,4861.6406
6056675680151990272,192.53403365104066,-59.89147646045908,16.948282,1.4725685,0.333245783007048,-11.468364684270451,0.09956439070577257,5818.7046
6056674546280425600,192.28735425223354,-59.93868654408626,16.948332,1.4782429,0.36584867842094665,-11.064596516069699,-1.7597285369822329,5555.3345
6056482848956651136,192.5369257505365,-60.07754310209524,16.94847,1.8065605,0.263749554926249,-7.943485757512459,4.847469435482738,4792.528
6056674679373916800,192.36255696307606,-59.932541749306225,16.94876,1.4044781,0.5581070783202196,-10.892084088603264,1.463572395520902,5281.2603
6056482750205119872,192.7386433432987,-60.02950795008973,16.94897,2.5099573,0.13274086240192437,-4.796537897151792,-0.17094213881077502,4860.698
6056690832797841024,192.25248369778902,-59.80831217961998,16.94897,1.1791601,0.20719544616841773,-6.5343504369003815,-0.8422663077361445,
6056675199115629824,192.47998135390674,-59.94357978286827,16.949606,1.2731781,0.47335566824743514,-5.039372623693688,0.35998137935567076,
6056483368696302464,192.68563637653418,-60.02662601527446,16.949614,1.4217949,0.17713866622065375,-6.760327980043825,0.11375647649248904,
6056675989389668608,192.68657778546316,-59.85265538458203,16.94982,1.3111172,0.48727233136021064,-2.7988358800887236,-0.09868029170677253,5201.343
6056673614222004480,192.33568621771977,-59.98706791795621,16.951242,1.3056946,0.38894151440188435,-6.249501134881244,-0.862764876757377,5292.588
6056673270624611584,192.22103930383057,-60.021619563008635,16.95152,1.495223,0.6760762749229655,-8.230598709645204,-0.8579413364204967,
6056682174142990592,192.73668264298297,-59.80029966036265,16.952524,1.330967,0.3634843531386305,-9.908361485459382,-1.1304626064762484,5586.0293
6056674340080394240,192.29332675162382,-59.95467954287976,16.952919,2.2514725,0.04380176988152116,-9.025896138414208,0.23477139095339458,6746.3467
6056493985855932800,192.78176395046296,-59.870950055630644,16.953651,2.5855484,0.0980579390851463,-5.255189336468054,2.952323161357654,5051.575
6056484914884498944,192.42987633785773,-60.0300681181755,16.95539,1.3748665,0.33471138855825433,-12.028573869487412,1.1806497100496876,5389.9478
6056680387436235776,192.6377810329159,-59.76572846175023,16.957203,1.4994812,0.793664186890418,-6.978934625343855,0.4435445573838752,4969.838
6056487594944195200,192.5372497582581,-59.947007718881906,16.95762,1.4002476,0.30213288743637495,-7.6804078465023915,0.1438427402717589,5009.1196
6056485430280427520,192.3320504207939,-60.02709701516483,16.957684,2.3938189,0.2843964780640352,-6.623728910344511,-1.7831918518594267,4783.491
6056487904181870848,192.69600554653127,-59.913162586133716,16.958805,1.3930798,0.5063493493898115,-5.314698093231102,-1.2846233124596362,5326.043
6056678119652006144,192.41445670347176,-59.86134981146667,16.958918,1.9478226,1.2493942520777939,-19.17790970420002,3.6979131796452513,3715.0967
6056486010052705024,192.4064762899687,-59.99406055960923,16.959393,1.381731,0.26190331243926107,-11.733459083357733,-0.8319545844501275,5393.701
6056494432532767104,192.87739349717143,-59.83235552216308,16.96052,1.2813549,0.31733235030992235,-5.522096536148945,0.6148042451404705,5285.013
6056486529776535040,192.6061699748705,-59.978424369793686,16.96056,2.2421322,0.11721160065992298,-6.898958514748326,0.48748959671458036,
6056487972901351680,192.68901599378688,-59.903753940654546,16.960796,1.3599033,0.2716589463253764,-4.66870412332549,-0.00937031526732594,7635.6646
6056676401706375552,192.47378452736697,-59.87740884571031,16.960964,1.8282013,0.3583111243935329,-8.128669954089451,-1.6891016968122954,4848.4526
6056692413308810368,192.36263303811933,-59.72502051534263,16.961174,2.1757412,0.24557321062421425,-5.3709461667112075,0.299441123032072,4626.4683
6056486701590960384,192.61608448594617,-59.992157896600375,16.961367,1.4794521,0.23948126188879035,-6.921629149081679,0.179504388278876,5616.151
6056690970245557888,192.16703587022099,-59.80662687580336,16.961452,1.3912344,,,,
6056650906778184960,192.16111405183173,-59.98774678617466,16.962492,2.1804972,0.17897138871255042,-6.320816854704612,-0.3185958541154323,4820.6484
6056492748905330944,192.74876277326388,-59.940626644783585,16.963455,1.5937977,1.2634621722795305,-18.145310612052516,-2.8366001602474378,4459.9736
6056675542713024128,192.4666477296451,-59.91529786624017,16.963732,2.350935,0.04985093056622783,-5.184654247417771,-1.9460533090941237,
6056678222772500224,192.31045549203586,-59.8737029074396,16.964376,1.9969139,0.3147410333249558,-16.182806677388506,1.5409763253548623,4779.871
6056485842597296640,192.4056727632563,-60.00553579859961,16.964815,1.2901268,0.25688086638105123,-7.7906404639094085,-1.0351835382768473,
6056692821319799296,192.42299132140113,-59.74596698527606,16.964933,1.2335777,0.18714076701828053,-11.347898064366637,1.224228711518736,6299.4077
6056691073316366080,192.19648052456498,-59.793899328439146,16.96531,1.3271427,0.4667620376870331,-8.492846176365823,0.9016808459656835,5250.2275
6056680799752955904,192.44691883841136,-59.78652015388903,16.9663,1.7411652,1.2986116045163307,-19.151990406479534,0.09868709976301701,4359.3975
6056675577072769152,192.49412749487783,-59.899606247181886,16.96714,2.4822884,0.12428239903158662,-6.295604281026199,0.25903608622674196,4727.192
6056494329453515264,192.85025505239446,-59.85354086957633,16.967215,1.3762074,0.6401607589491205,-25.875232768598252,4.111122028234465,5155.935
6056693169260158080,192.40547953578474,-59.72068827659351,16.96783,1.1228561,0.3414533972120859,-5.126781733593313,1.0382578764158374,5516.97
6056682002344285696,192.75049986277423,-59.819718872799776,16.96849,1.3393822,0.5151268875360974,-6.941951217426265,-0.4213395834554969,4734.5493
6056484330768781184,192.35985969245274,-60.070483865261544,16.969193,2.4243288,0.1151076279853777,-6.539692205952567,-0.31445844140827195,4801.856
6056691588712155520,192.36734800530806,-59.74404847166267,16.969257,1.3297768,0.26281382327258834,-5.9888422902627525,-1.4063757674344854,4748.1133
6056482131745652864,192.6352745961681,-60.07880222431691,16.96984,1.4052601,0.3775973593938185,-8.606361665848642,-1.297640753584881,5566.78
6056686499125371520,192.70807717494822,-59.721614776784435,16.970778,2.2726831,0.08492458401398231,-8.309252181458735,-0.10518404806333073,4911.691
6056680937191922944,192.5133066239527,-59.756339330766814,16.970924,2.4046526,-0.040653021992995225,-7.10579684903119,-0.5465264019949461,5001.7935
6056678463290711808,192.38450914116245,-59.82869119892058,16.971615,2.1018143,0.03649892270826443,-5.252919957538439,-0.3760814694177949,
6056674477519361664,192.2395119931862,-59.94538612368376,16.971914,1.3309574,0.18385515877144684,-1.4453292049330793,0.5351412893760001,6030.245
6056690622292585216,192.20393360414602,-59.839480414505815,16.971954,1.8399849,0.1995963314609291,-10.182190466607745,-0.6435088197834105,
6056690970236789120,192.16661604206138,-59.810000326252,16.972473,1.6971989,0.14027615353490278,-1.0855278354908136,-5.392789602881399,4463.214
6056679631480605952,192.4750697281712,-59.83652796214124,16.97364,1.6230717,0.2970729132194271,-8.741281835768971,-4.283545832463014,4900.7554
6056489793967963648,192.8230127643106,-59.94764333876741,16.973843,1.3795547,0.42733687287784405,-6.9547634927506,-3.047280535645342,5206.622
6056686297311638656,192.69696619963597,-59.74096834391787,16.973873,1.2719746,0.27817920802409063,-4.640992577491126,-1.1179571833690225,5702.78
6056682002344289792,192.77294894881805,-59.814630882531716,16.975742,1.2681732,0.3130903274301385,-11.57454098987502,-3.6257992656536953,5417.578
6056691657440356864,192.35043079088123,-59.74389646183586,16.975977,1.1863937,0.24870186996135102,-12.764936828344867,1.3049783488440165,5517.585
6056680215637522560,192.5442879022944,-59.792488942087374,16.976004,2.325368,0.10453789286793348,-6.115245550005844,-0.9808720749075324,5107.55
6056667399454205696,192.12896597309037,-59.837572976958924,16.976337,1.291832,0.29355496480932275,-4.834369350055376,-0.321753349908494,5398.888
6056673098825920384,192.26947752790576,-60.01709870741545,16.976755,1.4736786,0.6616037222092815,-14.195909275950427,-5.4926921682290395,5002.656
6056653999154681856,192.1672089637118,-59.94234997786651,16.97704,1.1118279,0.16711875632949771,-7.243790790896396,0.17742619996863024,7641.942
6056488247779263104,192.68872002846328,-59.88124821861498,16.977976,1.4107895,0.31975581806456965,11.590900443380772,-10.015750408078748,6310.165
6056494295079128576,192.81525386169815,-59.83047428819348,16.978113,,-0.13866622329980505,-4.29650494639329,-1.1137716495523922,
6056674237042752896,192.28598488187677,-59.97305741500499,16.979383,1.344759,0.41222752795985035,-4.7414893852082995,-1.0345578459520812,5319.3984
6056690725375534976,192.23315913923344,-59.83033403098692,16.981773,1.3938007,0.3515173264983084,-3.2314042959273026,-0.7203678521516779,
6056683342374127360,192.7579197778499,-59.75743270676713,16.982124,2.250783,-0.20865911358248895,-5.616074352945266,-0.19475379338659343,5332.7866
6056485357217602304,192.2641451254456,-60.050061910367354,16.982782,1.4922237,0.5223432124788354,-9.361871444835412,1.70768668732546,5091.7266
6056492851984716928,192.8480559742043,-59.9047735608368,16.982874,1.421627,0.8688281116709275,-5.894195555307204,-0.3403546855410451,4637.2676
6056678154053034240,192.3744569216613,-59.86558818527987,16.983208,2.164608,2.083496429594835,5.955653970477299,13.979713779421598,3627.8313
6056690725371805568,192.2326739392565,-59.83308077924652,16.984348,1.2285461,0.4407616472793516,-4.193765454039643,1.4928142082204277,5363.6743
6056676161188352896,192.6340302235938,-59.85771484744621,16.984575,1.4777069,0.2812452428696161,-4.472235425147094,-0.12506208754622614,4781.1465
6056489725248349440,192.74069309883788,-59.966541745037155,16.984955,1.3600674,0.6107915606039523,-3.923940325366501,-0.7488608814050652,6043.9526
6056494432532755712,192.86101042809165,-59.835199863102666,16.985336,1.2030258,0.24334729021635784,-5.871322570770256,-0.5961913598698532,5503.8535
6056492886344433408,192.81450005813807,-59.91533831651744,16.985422,1.5566025,0.2808905810131231,-7.089231627072491,-1.3063375480377029,
6056677398097101568,192.20676691519472,-59.94751251102488,16.986973,2.0721378,0.13020652028722915,-6.923522645359357,-0.4224270228814886,
6056682998776720640,192.70580285343118,-59.78366862028638,16.987349,1.6478348,0.5139947915467901,-4.535828032033655,-0.5706818212101209,4877.407
6056484536927328768,192.42546304307413,-60.07048530439864,16.98764,1.4572926,0.46970157486038494,-9.474158835107772,-0.7877199501630601,5147.6597
6056681143350354560,192.4956485406948,-59.7487622916129,16.987701,2.2331028,0.04471143211498135,-6.871626360759644,-0.1981440819465774,4955.494
6056655304824761984,192.1339812846425,-59.89569312006664,16.987913,2.097743,0.2133062083288373,-8.227043204680557,1.3051894616976432,4802.7046
6056483093818541568,192.56326312414316,-60.04522416395144,16.988317,1.4431801,0.45885254103110523,-8.007649093824794,0.28790032643116276,4950.6675
6056680524875188224,192.55312781952009,-59.76185641900528,16.988947,1.3218327,0.5148754054196532,-7.116939923619473,-1.1554701419595754,5262.9507
6056677501176375296,192.21043971244924,-59.93060178193088,16.989115,2.0901785,-0.015231891302721439,-5.564793344363156,-0.9331106529449321,8141.9907
6056683101855953920,192.75488397194766,-59.76238611794594,16.989347,1.4489746,0.8610300659733744,-4.221360020285732,-1.9399413925344278,4630.8184
6056482436639830528,192.72930290240018,-60.04928681537352,16.990088,1.428339,0.1558657550607337,-9.121490702271284,0.24435438906818036,6496.833
6056693267992604416,192.4308931109619,-59.70653588726101,16.99043,2.198495,0.11272691628210676,-6.318737892272045,2.6383295547269215E-4,4920.003
6056676814023504512,192.52107916088087,-59.83155922905537,16.990503,2.4265919,0.19686370657011681,-5.953800623285333,-0.7171019209300534,5151.182
6056673549847975424,192.37082144799825,-59.99497925634153,16.990543,2.1768398,0.1812729292768034,-8.103536373779484,-1.763962879099663,4945.327
6056482922003587200,192.60076881653967,-60.06213937926589,16.991055,1.3898239,0.4873955820269799,-5.329667216987444,0.4474799604901921,5431.145
6056484532584295424,192.43064358306967,-60.05852215934878,16.991066,1.2944622,0.44850606969370416,-6.073934111679786,1.5350571595172842,5141.644
6056674443159585408,192.20951281483553,-59.95343616072782,16.991228,1.4162865,0.39466055742732614,-9.025456576353676,-3.23015099362984,
6056681070286676096,192.41640728509034,-59.76048372114263,16.991493,1.1661453,0.34500900962897463,-10.29062182822342,0.0018619083671154051,5087.6753
6056484841821535232,192.43486493049576,-60.04167561188803,16.992386,1.39254,0.4158472009784151,-8.429968432916287,-3.243085389899464,6356.1836
6056682345941684864,192.8278055362987,-59.805753358273435,16.992464,1.8558731,0.21395042935815145,-6.7527277901824565,0.06514674194438175,
6056674443201187328,192.21178157469546,-59.960035340633894,16.992474,1.2621822,0.19126150097596953,-7.972265212896529,-0.26910293212043146,6731.5044
6056678875607533440,192.2006276571433,-59.85914890709784,16.992477,2.4530945,0.2132592810895632,-7.570892665921676,0.2782471292451596,4875.4263
6056667193295746816,192.12721585686705,-59.86052199251373,16.99322,1.2726879,0.3343715304182102,-7.0857630337904505,-0.21849549697921927,5487.405
6056680181277779456,192.58467403321762,-59.80194823714673,16.994123,1.4721031,0.527834640199751,-5.583409205008926,-1.2524308562486262,5050.813
6056680456115064576,192.58770522750874,-59.76465399304263,16.995586,,0.26139973137294087,-7.693922186462594,-1.1451857126605962,
6056485842597294336,192.39774376600514,-60.014247374059174,16.997025,1.1698666,0.348548889640708,-8.244216039009935,-0.9690318270858378,5635.0947
6056482131745652608,192.62968041188608,-60.07868952828721,16.99746,1.7470274,1.4118720880430615,-6.992140619087705,3.3184143347702646,
6056693959534163200,192.37292072317953,-59.70534528249797,16.998114,1.4978065,0.8232890127304677,-15.39661234769154,-2.7970753108219846,5207.48
6056677668671159168,192.19824326865137,-59.92552114116185,16.998297,,-0.01396310981749747,-8.395802236752354,-0.25504964345055536,
6056493264301611136,192.88933290403307,-59.88974142313096,16.998722,1.3073616,0.2868944842974779,-8.921728499827523,-0.8178371051715312,5500.087
6056681207724393856,192.48325194986734,-59.73640971824491,16.998745,1.1800823,0.3346255146858943,-4.44199322920032,1.5077682876280498,5691.611
6056680215637522944,192.56262623796633,-59.79357364152572,16.998924,2.3714552,0.07659956500429424,-8.540748112193679,0.8062422114067029,5062.95
6056681040271131776,192.4171116666723,-59.76831245538279,16.99918,1.5128307,1.1419188335570851,-6.5953464950662495,-0.8867410057789904,4489.3213
6056679013046503296,192.24090547116813,-59.84200990472303,16.999485,1.1249771,0.40104028673713377,-5.677296106934182,-0.6128787233619037,5914.3965
