source_id,ra,dec,g,bp_rp,parallax,pmra,pmdec,teff_gspphot
421657868831033728,7.474568498424216,56.20202532083317,9.118976,0.081077576,1.8752639262677215,2.473244766086606,-3.071019155567896,
421690201345571456,7.567045155413096,56.40811086548926,9.751652,0.1518135,1.6487054207494674,-0.4769143618546138,-4.184289854934216,
421664362824450176,7.53108194569053,56.26944147834766,9.859809,0.31384754,1.8039244471463827,-6.3965068422167075,-0.9991712978154768,9215.285
421685803299238016,7.78639285673477,56.31156338639397,10.111448,1.3572826,1.3415708980805066,-1.9217417975821762,-0.07234450145012598,4793.783
421659758616686080,7.652035537893092,56.160900995374824,10.397394,1.9195175,0.5542874618112649,-0.6038195513801934,-3.6296704268441875,
421687967962715520,7.866606585516107,56.48089257956386,10.52948,0.47823524,2.996053653265465,-11.849567630926064,-4.203256677576108,7702.9697
421676697967532288,7.3811222332688695,56.36306019789921,10.755049,0.8693285,4.836649992482474,12.44991504016112,-53.93019922269387,5700.3164
421702433414763136,7.437191373132362,56.48583104386179,10.969731,0.68172836,3.4024619344273694,15.748031901136635,-11.454399265001186,6431.4985
421666802362863744,7.536825466294294,56.41086809159831,11.015169,0.91913605,0.6610881647251333,0.960761578512699,-3.4510702108919142,
421690197043548416,7.568035730832433,56.41215110382075,11.262404,0.94513226,5.66077097286222,77.95230247624669,0.41030078573758666,5285.1523
421691816253378304,7.616766700728836,56.53083348787542,11.279001,0.80533886,1.5971852385507201,4.87500080421032,-2.2709523579025106,
421688723876950656,7.813855113223546,56.50029448384644,11.418577,1.4110155,0.7776608556644896,-3.245330909318523,-3.6688097991210005,
421686868451099008,7.72748399798274,56.43388660262118,11.486586,1.3070259,0.6582597781296178,-4.5624910216272605,-1.2132814912768008,
421687108971503872,7.891448560604598,56.40438853217764,11.49054,2.8879442,0.2486916994597875,-0.9519390984117777,-0.25222902613071074,3834.5085
421659964775120512,7.768897401309386,56.16960481336852,11.588513,1.3788061,10.872424858493682,78.27044127177889,-34.836654440235954,
421666694982507008,7.543184502332212,56.38731488827317,11.607407,1.4346857,0.654177499734083,4.598290401536406,-1.2220506596956158,
421663813065764736,7.520482979632362,56.21829984261157,11.70803,1.5834064,12.357738824901285,41.11666007901181,-59.29607246320898,4441.1895
421690201345571968,7.57087679705207,56.40391591695788,11.741975,0.69731426,2.235169096073474,-8.600003990410777,1.8500154958654411,6818.7563
421688242840624256,7.781038508363694,56.46435427536133,11.884353,0.36399174,1.0504758584961476,2.500110851683467,-7.093747113232483,7995.346
421663813065761152,7.517999607147418,56.22277163599775,11.9582615,1.2180357,0.3908478519997145,-1.5094631023328318,0.28954351913883913,
421676350068991744,7.352687493640793,56.3306906153867,11.959145,1.3283215,0.49373206748377685,-2.1542137593980075,-1.823650797526259,4986.804
421666664923924864,7.5262896454211745,56.38856177226597,12.05249,1.7734222,0.4403803839505454,1.4273687259616117,-3.852391152889735,
421678617811716480,7.342844904171721,56.43953718824637,12.061626,0.7574024,1.462189981100772,-12.98101671998437,-1.0223216246311657,6667.861
421678793911532800,7.451902162346252,56.42654072581338,12.098202,0.30838966,0.769101051475591,-0.38135671287919815,-1.7083058953876211,9460.784
421690957259798656,7.559691415989986,56.48735059048425,12.116351,0.8973417,1.5748860537946205,7.815236393458957,5.320357293187878,6091.0215
421659754319370368,7.649480557738875,56.16154617403996,12.117409,2.3490248,0.27518708607754266,-2.4473769637113967,-0.9064181151853232,4889.8633
421665565412348800,7.643793270862646,56.33410732239936,12.1879225,1.3329782,0.5693487957200442,1.8343078507701531,-2.6447668545480076,
421657628312878336,7.435204364254492,56.176510088057604,12.199174,1.3183012,0.5252885932722291,-3.454503330722206,-1.175934041507941,5123.1665
421689307992378368,7.653728160447648,56.39451411042475,12.224367,0.93025684,2.0539976629621113,-33.46756233926138,-0.1101391632885344,5707.863
421663435108627712,7.637537676604765,56.25861664709349,12.253026,0.6583662,0.9863364474268181,12.108015721606563,-1.70952983084175,7457.007
421686043817398656,7.771558461653978,56.361671034859334,12.329523,0.40041924,1.1112134669881122,0.3557541169627356,-1.7989115705154035,
421657383493221632,7.49089483411039,56.16422314270065,12.461069,0.5642748,0.9418007751833549,-4.4127875261486675,-2.3659205946821955,7703.934
421666282665650432,7.4925374628384835,56.330188819769546,12.48839,1.7240639,0.27479210709991975,-2.740877036490621,-2.6624639270023502,
421662507395658112,7.6775410274767335,56.30929107295989,12.546346,1.1982613,1.5997410329223534,10.039931916252167,-6.209721943094313,
421659513797001344,7.71024786251607,56.148923415847904,12.583794,0.21989155,0.5323614826845056,-1.970057319399409,-2.0171569454292144,
421665531052612096,7.637000558062979,56.331466821261095,12.59078,0.92752934,2.443303158685659,40.38184338843266,-4.035397247459916,5722.9175
421661369222879744,7.825812766529979,56.257917983621866,12.59432,1.4968586,0.5479534227885943,3.5675652620459175,0.9631817031626744,
421661717121726464,7.734164583142277,56.24501492165503,12.609325,0.5151882,1.054867793926198,-4.285074446733582,-3.867123394317897,8023.0376
421689204913164672,7.6613239484960225,56.38577762459346,12.620426,0.65841484,0.8615043371217824,1.7132260578734346,2.723132870436897,7270.3823
421664946937094272,7.640957776091625,56.28681561789365,12.639097,1.6970301,0.31751777835572037,-1.767952158122723,-4.1908070375114175,4491.0415
421661472302094592,7.844795068532794,56.2693790607863,12.64329,1.3593874,0.5377898734405461,0.8243538107499628,-2.068051278351798,4897.133
421678381594686336,7.359729682998735,56.39325725238483,12.65052,0.69023037,1.4964825939489927,-6.585498847859046,-5.65664621743894,6879.443
421690476223473664,7.507307556298874,56.427561026108684,12.703323,0.36241627,0.4580992559929977,-2.514492034655183,-1.4780512886525043,9082.461
421690132626084608,7.608844367319158,56.46251801798258,12.707152,1.423625,0.41604919520564015,-2.957873834864273,-3.47231408509873,
421662644834798976,7.694411306514461,56.33248407522143,12.745095,1.4496098,0.4401770166150145,1.1225932630134132,-1.1870773856949053,
421690815526082176,7.548331149778327,56.47063788160457,12.758902,1.3812618,0.422140345046934,-0.22579626808780998,-1.7625527808323946,4736.5044
421686387414781312,7.799799432804809,56.37060570460304,12.772769,1.4256945,0.4223656149032431,-2.6818035498356383,0.16697274259300018,4708.417
421687967962717568,7.861619315311568,56.47535758837931,12.785455,0.7801132,1.4637620705748655,-7.505874792439599,-3.7564431573992065,6328.135
421663950504707328,7.536540331579359,56.23725297270497,12.7959,0.9585819,2.1441426451345156,-9.216326754783381,-7.921061014236452,5752.2734
421663228950199424,7.546845171422873,56.242608010321305,12.801895,0.8393564,2.51534547290016,-6.998729664875109,-0.757133599302148,6347.5146
421691060339008256,7.501577984243003,56.49806304343588,12.850898,0.819129,1.217378099411153,0.44776600105748215,-2.7012250190093003,
421692537807754368,7.5906801462859175,56.524542011823904,12.852483,0.98546124,1.8180372295625065,9.056581174897623,-0.31405924007884434,5777.221
421690819820849408,7.55114247979424,56.469434011940436,12.853337,0.9078493,2.0427723998366805,-8.763091426137024,-14.710094003226335,5627.317
421678244155741952,7.430499930856488,56.39306013488896,12.8897915,1.250227,0.9382186593206088,-0.05316922698159125,-0.5086168115255543,
421677179003875840,7.3027941483773855,56.34269503153791,12.91195,0.95912266,2.372054580687326,32.1208993608181,7.284582244589092,5460.7075
421690613662421248,7.519335971535631,56.45238422855078,12.932558,0.41025162,0.9344107354333867,1.6280258680192996,-0.9394655622836268,
421691884975126016,7.704430383367431,56.516345728486584,12.995775,0.35777187,0.5299239128229557,-1.4200580848608506,-0.5677688470275375,10431.695
421677591320712064,7.292613282246373,56.37379716181876,13.004084,1.803235,0.27012327957813387,-3.186039772116282,-1.96500052624635,4446.6494
421665290534450176,7.5808502266434665,56.314426772435006,13.037816,0.79354954,1.378001090411768,-6.6557859994518775,-3.564859951494314,6364.882
421688105401748352,7.782256681520756,56.43667489423549,13.05041,0.8167124,1.6890225955496132,-16.877362063880323,4.519504003955028,6240.295
421688071041947776,7.7787982428805105,56.42424833036026,13.06637,0.33202553,0.2767188514471006,-2.243554552282152,-0.7367888685094488,12825.06
421662335597157120,7.792309558792782,56.2947657728834,13.072154,0.8797102,1.3288025997904374,-3.0983368916317624,-4.290761791126384,5865.362
421690304424781184,7.540587301039085,56.43465900612708,13.072604,1.3756256,0.3485831567816644,-2.042002587398913,-6.354451608324552,5178.072
421663396447434496,7.660080942397411,56.23942051112036,13.078247,1.4756985,0.3218077960157279,-1.088217123502734,-2.5110909035594333,
418682899606729984,7.971844779900452,56.311130442633974,13.079731,0.8362646,1.200334715585953,-6.552190491460613,-0.35233148565699457,6272.2124
421690716741627776,7.468760004961042,56.48448668230414,13.110917,1.5394754,0.3630989089290448,-2.195860988936672,-3.189412779178389,4598.7407
421678961409099520,7.371308313782446,56.44852749517816,13.117343,1.2603712,0.25702600103625184,-4.583194805153944,-0.6174942556528289,
421690300126804224,7.543913171990147,56.43433820105693,13.130178,1.0666847,3.1375897489598787,25.51998477081844,-12.479093258101985,5219.816
421678175436279296,7.399386714343007,56.36907185836558,13.140418,0.7606287,1.1784050632153333,1.5648648104076468,-2.2322052218144726,6658.46
421691507015750528,7.665934120101958,56.500508391200725,13.156444,1.738637,0.18288517383608724,-1.097822355456663,-2.3817397672898633,
421666905442070016,7.4554098354437155,56.408205339129005,13.157909,1.447547,0.3266201535049718,-2.2893976314955164,-2.5245420363133126,
421676865465065856,7.362878925795136,56.3578523240208,13.191452,1.3527327,0.28174697894428247,-2.782093438662559,-3.122993342314107,
421685597140805120,7.831825306378816,56.34448013200839,13.203489,0.77949333,1.1577779797889194,-6.997862685410895,-1.1327184867022595,6555.5645
421676972845414016,7.340168911052047,56.38968916834134,13.204676,0.85901546,1.7518069971275416,7.150904254919683,-2.643139630041103,6163.3
421688586438010496,7.833465808335437,56.468229073452314,13.20729,1.244832,0.6507679286516568,-2.002177970491792,-2.8015725158603817,
421665427973378304,7.571166910845059,56.345841317343655,13.224196,0.66439056,0.5645372114117214,1.6017052781303724,-1.129177559635953,7554.2603
421661614042663552,7.762705663668832,56.21463242166448,13.232204,0.8972063,0.757237981419322,0.5603926423775472,-2.8820266146322493,6244.366
421665084376041216,7.660216421309483,56.298093066012456,13.256092,1.2726564,0.827413797627122,-4.947051142230771,-0.8867458837280779,
421666080808635392,7.5175111575768065,56.32511515807152,13.29113,1.4620619,0.34565258754623907,-3.313313615186289,0.2692442039619257,4754.423
421661201725799936,7.88342266493429,56.24740895667731,13.310046,1.332943,0.8114780386555548,-3.0374547280345685,-6.203262822133118,4836.123
421691399634386816,7.681988551380502,56.47748157812051,13.343578,0.9842949,1.5220865232994767,11.662584533019945,-1.5668277707934217,5759.307
421663022791932544,7.574623429518439,56.206516594193964,13.355407,0.8520403,0.8023398267135675,0.5367629277805672,-2.494372473921621,
421678690832317312,7.437172579659482,56.42475686871755,13.378378,0.66394997,0.8828823164685318,-3.199390225453114,-1.3359146683787462,
421656558859200000,7.556468757981956,56.14359167190759,13.407888,0.4839859,0.4187889584344491,-1.8304469496449085,-0.5914885766809371,8160.0195
421688208480892032,7.772191342861796,56.45178328222588,13.434092,1.4059391,0.27695025873511864,-4.3451138363104524,0.09021582502699205,4680.5938
421656941118141184,7.574316492202906,56.1475351585732,13.441759,1.4833298,0.2740856582576754,-3.0522654313165525,-2.3056106040026214,
421660926847896960,7.819713811729442,56.21903980436181,13.44214,2.036395,0.19343012628776451,0.017081797747644123,-0.6322281159865387,4670.66
421685975097923712,7.781533025893929,56.3558416717535,13.442611,1.5195236,0.3427380903867137,-3.451653468510655,-2.1319624815749636,4679.633
421686524849493760,7.792453132829908,56.40933514293238,13.454215,1.0555296,1.5673072177664273,-1.6540355464117251,-2.4852014800155136,6341.9
421656975477868800,7.5550909615720245,56.162356324335526,13.491259,0.95625305,1.8556997561249156,4.397700887113245,-3.9922378718871743,5773.0234
421659552458272768,7.75138362511959,56.14476793289544,13.492341,1.4247599,0.2841339221112628,1.2764766130231118,-0.10153824057335548,5130.028
421686799731622656,7.735743595103617,56.43311909849652,13.516327,0.43816376,0.4843260350625728,-3.063170601781279,-1.0458317217889543,9482.409
418682762167788288,7.968035563874496,56.29123217793433,13.550119,1.8611021,0.22506440342328335,-2.7698699993066795,-1.213419003792248,5864.077
421678622112830336,7.354854689524073,56.42781200966598,13.557009,0.8522997,0.7734312637513493,3.337725798718445,-3.727233066044471,
421688139761418368,7.800552029715486,56.44472642609551,13.575428,1.1129456,0.5618090359912479,-2.822441712724647,-0.9673281765571755,
421684841226565120,7.910137379292464,56.28999115076238,13.578799,2.7888327,0.1912902172346095,-2.4049202521016046,-1.1390508763887839,
421691605793701504,7.634286731896878,56.49258116541545,13.593977,1.1106796,2.42380710738083,0.1673272762674627,-15.108612219511768,5194.8306
421686696652414208,7.700533215593783,56.409394250194964,13.617532,1.0061007,0.6501899373680516,-11.820597092370209,-5.46276157266881,
421658212428400512,7.459988347515832,56.22550416324766,13.621185,1.435523,0.28911701794764283,1.8091807149571113,-0.015119079204287754,4711.82
421653745662486656,7.642470592779101,56.1331819739012,13.62562,1.4269676,0.5933022290785287,8.243642924982565,-8.158018535707896,
421690373144257792,7.570720209593102,56.439096502934305,13.7109785,0.8209963,0.4142960554785503,-0.7092938534186038,-0.3555999273091729,6099.645
421660995567368576,7.7845218984036055,56.23695085952946,13.711281,1.8209896,0.15458362128134456,-1.9761918246475214,0.059747672688550746,
421670100897827456,7.3654600709585285,56.27679201328326,13.735831,1.0410633,1.242554380020068,10.757234733343848,-3.0191343073728008,5269.204
421678106716813440,7.4276701253839565,56.357838665181944,13.74561,0.3444519,0.5190606892330889,-1.983735321935763,-1.6087699219931784,9241.762
421662095078818688,7.68169035198178,56.28383301321199,13.782394,1.3568048,0.23491758981644031,-1.4373774745483097,-1.7235945591509354,5186.208
421660170933531776,7.7442720331804615,56.199010116692314,13.814617,0.5096464,0.254749705321772,-3.419680671253334,-0.18576548291710512,9197.737
421657044197341440,7.535078289357199,56.16786446774367,13.825501,1.7058392,0.14256740663421852,-1.3653292230710046,-0.6539586222200511,
421667042881309184,7.464480365155409,56.4289023871811,13.827279,1.4236717,0.22259799636613795,-2.728234394926189,-2.539641811992956,4938.4473
421688758236691584,7.792423578364221,56.49093590685048,13.837926,0.7885351,0.42505603509071455,-1.2604760002409903,-1.7441488942793992,6828.549
421661270445275264,7.876094524838334,56.252807829764805,13.846631,0.6454725,0.45025603313313156,-0.9772777580217391,-1.9000454799980404,6983.104
421665943369432960,7.578469802870244,56.37712194741698,13.851776,0.4687786,0.5811079605234197,-2.5276710144490493,-3.452363082269084,8901.142
421702364695287296,7.413491962289446,56.465826429766395,13.856582,1.177454,1.0185665438790463,2.5690802342690864,-1.3828806424015954,5262.3584
421659277580463872,7.808036332448826,56.172592540098904,13.85772,0.8450098,1.184551572764398,-0.05339003813850152,-5.827379950711007,6279.23
421678755251291520,7.407911348928155,56.43164348309866,13.857931,0.623641,0.5290944186969258,-1.7566457177182102,-0.4996929204467945,7491.799
421670169617321728,7.347328644234271,56.25053781270429,13.868942,1.0270195,0.6020718560461386,0.36372507764672035,-0.9457631226333322,6439.1826
421689857748329856,7.656213176059758,56.44408904980094,13.871269,0.974905,0.48730765749633514,-2.6144113775743385,-2.495729078235045,5882.5044
421665084376041856,7.673981613310307,56.299562006121235,13.888408,1.115015,2.3977766240243814,8.223980733957841,-3.2144000097718948,5053.492
421663950504703872,7.518564599872413,56.24033986540212,13.892566,1.0032177,1.250830874708258,7.006322887379471,-7.769704580945053,5543.167
421688242840627584,7.7903557587207946,56.46089222576274,13.896394,1.8905573,0.10358752468442307,-3.186716026404839,-0.8289224892622495,
421678725192045952,7.395298134170137,56.43306848009417,13.934536,0.625227,0.6466952351808313,-0.09764015644371055,3.064758979935424,7830.7803
421677694399926784,7.313367695474885,56.377336527247955,13.93574,1.4785042,0.2483733793840435,-0.6235693605280063,-0.44456381620756646,
421661476603702016,7.850138957005396,56.26443763916023,13.94165,0.92562866,1.4618054179169742,-18.780505363384325,-3.03207243657661,5826.2095
421657834471308928,7.472231385703891,56.180726047292026,13.956811,0.8857355,1.1232259688876278,-0.11606882936899326,-2.0735153068424994,6152.539
421665702851276416,7.633244857998559,56.364696990278134,13.964944,0.93454933,1.590948811078453,12.77121448588185,-1.3509487693125024,5777.922
421666733643398400,7.548690702640588,56.396046409887546,13.995058,0.6172781,0.3700565097518475,-1.5370133934789232,-1.220295300186637,9266.314
418658675990293760,7.906407690767606,56.22350635221199,14.021988,1.0469179,2.092020931748007,8.048107195525196,8.139738709662248,5268.9062
421685872018711936,7.74598034262917,56.33422861846409,14.026842,0.8801651,0.7408574701157222,2.0600261500610024,-1.2339990789933957,6061.444
421688723876952320,7.813302223966805,56.49636207520583,14.034288,0.93516827,1.0450890493119935,-3.0144490837746347,-4.322055957668301,5715.1187
421677037264020096,7.29227486116797,56.33163498780518,14.056563,0.96725464,1.2395689548745397,3.070105357388824,-16.203957301085225,5563.492
421690613662419456,7.506747781220831,56.46182988204715,14.080082,1.286089,0.2890422002534953,-1.833000113845647,-0.13770382504355969,
421685837658974336,7.792513350151528,56.32838972185665,14.090891,0.79447937,0.5844086716593602,1.522031653482812,-3.916575664522014,
421659277580464128,7.8218194040764,56.17221356383223,14.093385,0.78734875,0.8257269993165818,-2.0275120302496834,-0.9607793828770753,
418683002685925888,7.952146533941351,56.33536098061357,14.10117,0.8601198,0.7013293442211321,4.09648376181548,-0.599866213786448,6434.165
421678244155742208,7.4249213455114855,56.39127904571153,14.108899,0.9799118,0.837544812553823,1.4187013018975922,-5.799553120297124,5803.65
421660686329732224,7.881757128980092,56.20313806899558,14.113076,1.456006,0.2102910723965979,-2.3587494322754594,-0.4724336192295686,
421663538187848320,7.597466120550506,56.244352248601,14.149602,1.1467314,2.072090970287053,-19.869004551345203,-4.0878757744927094,5178.385
421676354370162944,7.343931595780504,56.337300018020294,14.16143,1.0171881,1.2711425708671753,-5.5877832861246,-4.001879701339424,5716.292
421661236085535104,7.897418325887898,56.259808726707924,14.170259,1.0075207,1.4262731922201688,-1.2673373638316634,-11.583395905676321,5769.0444
421687280767970816,7.83702982993603,56.41131617789328,14.170396,1.9633074,0.09620719060025998,-1.4860493210978574,-0.03876622800826987,
421664053583897216,7.490875731725754,56.26483455551104,14.180833,1.4873123,0.19950302968821546,0.018658639614167416,-1.084705859220468,4633.608
421659380659672960,7.7887147540042045,56.200421069412045,14.182154,1.3575363,3.1830190441863127,-11.352504547163257,-4.080530893624953,4594.9375
421685631500589952,7.820848037784395,56.36438869304327,14.186264,0.5657854,0.27792975524907865,-0.8984123271091351,-0.5791921582129675,8978.941
421676801046756352,7.3363392289639435,56.34368122926538,14.203179,0.82090473,0.7603301858055589,3.615885840996319,-3.604350928702747,
421660308372472960,7.665622925960016,56.205593002943566,14.203919,1.040185,1.212848876692786,6.79606449251994,-3.5945879130965865,5668.1685
421666321326559616,7.473444835087579,56.35590436850696,14.222849,1.2124491,2.2549993609575214,16.861482991515796,-7.057166005769902,4964.5234
421689411071592320,7.617623274926891,56.39988266617079,14.226693,1.3681803,0.5170445967421412,-0.9839620774544481,0.030041590759725515,4827.195
421659758616843136,7.659825033453352,56.16202941796932,14.250156,0.8952942,0.7446076488792607,10.819213812467204,2.80459588353189,6310.1997
421685597140804224,7.819666557630354,56.34747362747418,14.250809,0.8280029,0.8992007392861475,-4.57029502976323,-1.06329528790258,6447.7427
421667008521279360,7.507071531253911,56.42476505832285,14.253824,0.5604296,0.35910192863178436,-2.209068437622995,-1.5783652584135852,8139.1084
421686524853725696,7.792564246136186,56.40964616766951,14.25705,,0.21735354719042352,-1.9755046709299238,-0.054935351282789396,
421691300857334912,7.690925760851984,56.46450221956721,14.275745,0.8533068,0.9280632345079106,-4.754357584948163,-0.18994449536589814,6262.527
421686181258568448,7.6994330696523985,56.3586680156322,14.279117,0.53798103,3.40389863535405,2.511059994338419,1.1760476432043392,
421666871082341120,7.490945959899405,56.402429202557116,14.284629,1.2335749,2.5107823349626672,29.835779318191882,-17.046315141528098,4965.123
421659964775116672,7.741098771752606,56.17269629515155,14.287841,0.95748043,1.231162671748709,8.803520876283251,-3.153767609099467,5807.736
418658710350032768,7.939347760792253,56.22276603540531,14.293946,1.513752,0.1954481085815175,0.39250538563827164,-2.3101867361070627,5381.48
421688208480894080,7.7953422370444825,56.44806027832741,14.30111,0.75851154,0.4521858745991454,-2.5219024409391855,-1.0799431379072344,7945.7744
421657868831035904,7.477539160460709,56.200555540030145,14.304437,0.7011242,0.6704769125924894,-2.013636557046876,-0.908726084631795,6797.139
421653883101434240,7.651134853101414,56.1455460931842,14.328939,1.0802794,1.8499067125356474,4.67834829035748,-13.095793435690439,
421685184823992448,7.833784309129769,56.325185343507776,14.34077,1.6691561,0.40029747530186993,-1.8989753592099996,-1.214849924995211,5360.96
421686009457663104,7.75918534486637,56.34892012470871,14.343988,0.94489956,0.6918254632337524,0.16681814841262527,0.29107971073406713,5664.532
421690270065046528,7.542215759705138,56.41689831863366,14.3469095,0.72631836,0.45270071731747863,-2.816227255416209,-0.6168198486354541,7301.962
421685734579753472,7.830101455797225,56.36936289518707,14.364379,1.5421515,0.24459088810455903,0.7231451810452006,1.7687342297835833,5018.1694
421664912577372032,7.648813436829965,56.26676878189336,14.372593,1.3317947,0.42850566543899166,-0.19856126530102758,-0.48444774034411525,
421663675626784000,7.579629734601008,56.268647639679365,14.375407,1.2966137,0.535817612488445,0.32991926026783847,-2.2433887277122455,5811.3174
421676865465065344,7.374229607751557,56.362617664156666,14.389833,1.0656414,1.7524715725725655,-4.414449799866965,-6.7646724883965295,5408.399
421671131689943808,7.287435457153693,56.30942975619361,14.39423,1.0858192,1.121130315618357,8.503414018012947,-2.2952465516570166,5262.37
418682418570410112,7.935638012968413,56.27914233302608,14.416439,1.1446247,1.9306724446639163,1.3237313833412383,-2.1431025521664755,5352.1
421686009457664256,7.774987375692516,56.34207670330344,14.427716,0.8805866,0.9895030596524842,-5.468816031601781,-3.594135026720278,6020.4673
421685425342114688,7.929272434775713,56.34512321353199,14.431191,0.9944458,1.275317573696896,0.11110088355799363,-4.842613160806838,5343.404
421659208860878720,7.76961142468446,56.1663690121859,14.434137,1.3959312,2.8763140913258742,-11.005838553160624,-4.071871989338732,4635.112
421690510583208832,7.509573757477919,56.43834602793246,14.435708,1.033783,1.4878566073320474,2.2783897749098276,-0.3047978790322725,5317.2754
421663606907321344,7.56632645747243,56.245412834054974,14.438189,0.7948017,0.4508182623414429,-3.797882544880712,-1.39712976292491,
421690132626083840,7.602630497345467,56.46614217401384,14.439027,1.5429106,0.18281342023345112,-3.4216754271154626,-0.9716552028941994,
421670169617318272,7.343398809598595,56.25405061689053,14.439121,1.55264,0.21195256525387765,-1.8932688343631394,-0.9469337815767107,5006.076
421666664923925632,7.524068409127965,56.38743543208584,14.444375,1.1001148,1.9125700504967478,12.33580797820378,4.017184583689341,5385.884
421663469468360320,7.615883425341614,56.26235184837172,14.447583,1.469945,3.2289201016649183,-7.7322263726375375,-2.7018906734270707,4551.784
421688448999129856,7.767946018734182,56.47094986269806,14.460822,1.3506012,0.32828330778859316,-4.6958093352790495,0.6396361629970294,5053.842
421691438296279168,7.687587393581785,56.488906939568054,14.468263,0.9061346,0.6249209592151282,-4.32221931368259,-5.293971083374003,
421685116104516864,7.841145157435365,56.31390650600073,14.472231,0.9625063,1.1399089716344561,-2.764211439423557,-3.017974982577794,5462.815
421662473036108672,7.726551457572758,56.301003955048294,14.472804,1.3406115,0.31720382682907633,-3.8302183340581477,1.7799563320565515,5278.431
421663744346248576,7.56884463409098,56.280950975259124,14.475789,0.747386,0.551408453277785,0.1056876322121037,-2.1294725937820678,6959.544
421663984864434432,7.5207543704830275,56.252156047283776,14.483932,1.0447884,0.7601703829237209,-1.2943046623909165,-1.3163595888108799,5834.6562
418682452930143360,7.949218283413927,56.288418389434554,14.4966345,0.9136324,0.5074955821805807,4.186821012860588,0.27803855969081714,6496.783
421666527484965760,7.451862644380808,56.38642503355316,14.508863,1.6106672,0.09877458959550102,-0.9990011696223792,-0.6043546419109099,
421658109349189120,7.416092871810452,56.213801347481684,14.509511,0.9371891,0.3762668782650474,-3.5119531902236303,-3.6134235647479525,6067.6562
421669516782328320,7.359839948636624,56.20417922745598,14.51812,1.1721706,1.7996676887636405,-10.793119389178882,-5.7362068412202305,4998.225
421660583250517632,7.841370199977963,56.19224589422199,14.52535,0.8209982,0.646340079847757,3.3799991273826433,3.5995170316235177,
421662816633367552,7.59461186089625,56.2064558299517,14.525419,1.1445045,1.343284967189366,2.9737801103489625,-0.9464921168817007,5096.058
421679103149149696,7.3856198476767725,56.46675512602441,14.5509205,1.2974987,2.940254230226898,-28.283015653594138,1.3847213527107733,
421689995187133952,7.595522236244826,56.449057891679296,14.552993,0.98600006,0.6571371847538198,-5.448603851454766,-1.943275208146055,
421670307056508032,7.3586063433713065,56.269337238641945,14.555425,1.174387,1.282415271621467,0.41055170477049713,-0.11977140963770941,5073.3027
421666939801803392,7.4603146037363635,56.4173677969009,14.555605,0.67154694,0.259539226372975,-2.687856638709096,-0.24209863434791068,7868.6895
421666802362869376,7.539131532359023,56.40274776149369,14.559806,0.8970976,0.4309280107533934,-0.4574475885520666,-1.8817832251859872,6625.5483
421689307992377856,7.6381180610447155,56.39764943548805,14.568387,1.0362091,1.3009977310706842,3.7493541534327646,-2.7496365946767494,5297.1895
421678175436276736,7.402764091435597,56.37287011957013,14.569895,0.87505436,0.5137492925547656,-1.3361322748524767,1.5231364181925688,6473.2256
421677007205202048,7.300988195504678,56.3149856209794,14.594393,0.87340355,0.8541106046087669,-10.69346195144234,-0.10694763986485659,6300.5005
421686627932944256,7.740648615791432,56.3905399220387,14.598438,0.91703224,0.81489336353298,0.2496486574872831,-3.198987270905792,5897.8315
421685906378448896,7.755111154894046,56.339952251837616,14.606826,1.355608,-0.3456008234194583,-1.8018860120362217,1.0024537350822356,5062.7026
421659930415360000,7.671350758453157,56.19279632274505,14.608225,0.86751366,0.7549295552780545,5.149740898611766,-2.742244824781658,6141.5986
421659792976416512,7.65547987989713,56.174278835257226,14.623772,0.8535681,0.503524679104632,-0.5686768373061726,-1.1680376461484019,
421666286966828160,7.475565268597176,56.343524378644304,14.632046,1.4503756,0.1830618105250347,-0.6349044238122241,-0.7915519920984582,4980.4736
421657971910253824,7.495002879060873,56.197485204659614,14.637952,1.0248775,0.26846461435489655,-3.330943126441684,-1.4224998506899356,
421664530319170560,7.548789214613144,56.303389695273154,14.638697,1.4407072,0.061893108282255443,-1.7401686171024573,-1.922230084221741,
421690888540323456,7.580029802845211,56.484176209459356,14.639633,0.90686226,0.8185481049775636,-4.1454960562808525,1.5026186514506006,6143.2715
421690304424779392,7.521108085617314,56.43718647727561,14.640536,0.9993677,0.437521116034213,-2.539267803659516,1.1014316647951572,5776.422
421657731392074240,7.4064888949261505,56.20034120414441,14.659634,0.7513504,0.23486664844102362,-2.186445610051306,-1.0855020906669448,7879.0117
421670165316182656,7.334452173098295,56.26059888485482,14.66791,1.4069424,1.674092621230863,2.8620351257902055,2.670226346385972,4604.078
421677007205199360,7.281269789507405,56.31426188003981,14.675828,0.9700031,0.5454810174843389,-4.8306600369496975,-3.3059473992952464,6526.575
421676354370174336,7.369613237318909,56.32336081419428,14.680155,1.0811081,0.4797477977671943,3.0152852685575926,-1.1537687435859036,5752.8833
421665462333143296,7.654852746063731,56.32407521556227,14.682346,1.9888945,4.440846325962748,-23.977820306604343,8.751181177432887,4180.307
421685184823946880,7.823166060671144,56.322482268069486,14.686712,1.131073,1.4515386445995364,21.990551729596188,-12.801185822817008,5173.378
421653883101428864,7.649045124110476,56.153498521666315,14.69171,1.4449549,0.3435620514519483,-3.937202271944206,-1.3235734291122752,4929.2896
421689411073932544,7.622509937246186,56.398577549265404,14.692614,0.8193588,0.316291100942238,-2.1318689718335126,-1.1776335272379272,7049.663
421687796164034176,7.836339060217279,56.45214673969798,14.695963,1.647232,0.3062955968369033,-1.3350331767218977,-0.8151078489376522,5316.6157
418682968326194560,7.948039918106196,56.32398281996672,14.704062,0.95096207,0.4795165408818172,-3.952037919302552,-4.659512114909216,6140.284
421687830523769600,7.835215044354017,56.46198869716713,14.706665,0.9559231,1.0926078593601607,0.42474445781220954,-3.7567817667372143,5894.132
421659105781772544,7.850892488768001,56.17588161128584,14.733039,1.0308266,1.1069231248486686,2.6779470126370217,-1.622962234259734,5712.9604
421666626263418752,7.50917915654105,56.37337463471846,14.741556,1.392232,0.1771791256554866,-0.3718210965261502,-0.25360284506366093,5135.0547
421669997818632320,7.38727164123573,56.25336400068682,14.750048,1.4726334,0.14906816573045895,-1.440914494829594,0.08715232174845441,
421660853826622848,7.787619364104147,56.21442618329181,14.7503805,0.9557724,0.48318147429072367,-0.16637821111179124,-4.438736833398642,6055.8027
418682212412008832,7.947457644590042,56.24070872100447,14.751465,0.7878313,0.45286929104583706,1.4044647985737848,1.2998191017752294,7211.21
421664362821551616,7.533451559696126,56.261409299686775,14.7913685,0.87813854,0.5404032446911816,-5.546013252201006,-0.5849870388899105,6398.1772
421666527484973440,7.473557653141074,56.379049408168726,14.802783,0.9227743,0.6684686853469286,1.8902513483615244,-0.3529034185952791,6075.6094
421662232520731520,7.756998824730596,56.27590515407418,14.803166,1.1991243,4.268458461821728,-4.532425106916016,-0.5172546559146334,
421684772507088512,7.870274189755632,56.28395249379794,14.804729,1.2048597,0.3898317636133444,-0.9357713076241578,0.31510354080780323,7461.655
421659311940199040,7.821172652796522,56.18709216733245,14.809212,1.4344587,2.1945415937517256,16.366759199364097,-15.693039787119291,4525.075
421685768939489024,7.8311194998470155,56.38257890401666,14.811999,0.9347067,0.6717978695949678,3.225537338823298,-7.50944761109547,5887.641
421691403932267136,7.682871939732251,56.4769710352256,14.824104,1.1438675,1.4569015774059124,11.381670519864892,-1.0667305450794402,5722.958
421659621177738112,7.7189562264887845,56.16157272507471,14.826497,1.4491835,0.13069126532279,0.4857176943075845,-0.8417868841445368,5296.393
421659243220722560,7.774962557181907,56.17852525417894,14.827626,0.74681187,0.35066301981505343,-2.483912167923,-3.047336702599771,7518.836
421688311560106368,7.750460738234823,56.45096585315788,14.829224,0.8316841,0.569409570956976,2.161438818460397,0.44270742181659245,6714.615
421660033494587776,7.737222607607761,56.18283019709593,14.841257,1.3934898,0.3201650354087242,-1.925517499244414,-1.328310756619835,4893.2793
421656769319562624,7.601011739633356,56.14615771084777,14.848417,0.95363045,1.3662596470713984,-2.320001553145722,-0.8964575256787854,6190.4067
421665634131822976,7.679870104424379,56.34207598622414,14.848629,0.8716221,0.3893503848981452,2.2617011983584017,0.9899836753616451,6496.5264
421660926847897856,7.830267272485406,56.21582775003494,14.848877,1.0760412,1.2574590197814126,2.233229609101071,-6.779074879055647,5112.6807
421662782273645056,7.604813952491855,56.182453019085976,14.850946,0.9742203,0.6549834813722996,-2.552671834806121,-0.5794560101046827,5853.0293
418685064270184960,7.963142984270613,56.41537044402878,14.851632,1.215209,1.5350153895049998,12.750636423318067,6.631287926029255,5061.5103
421678209796010112,7.406711064670344,56.38063504584273,14.856533,0.91402435,0.6263678876379142,1.5514701790744552,0.523447411346218,6230.026
421678759551791872,7.417820042722225,56.424804639412585,14.857368,1.174799,1.7460446814250326,-17.872708384904286,-20.84727853567159,5010.7944
421685390982376448,7.9167485511084195,56.342857841524975,14.86251,1.0266113,1.1614048093201954,4.7438184553758225,2.0283382563779773,5752.675
421689582870280576,7.597982003066857,56.415440709789706,14.865308,1.2499752,1.3398734552178106,2.459426578090512,-2.0201293085306165,
421666183887608576,7.541373039229757,56.35953716393686,14.866263,0.94942284,0.7026667842702906,-3.243765222396706,-4.192416342381129,6162.1865
421667008521282176,7.5089449970970605,56.42180388188788,14.866567,1.1290226,0.46732916564092813,-0.09681115656512079,-2.5147931198756304,5388.1016
421676972845415552,7.340885865832821,56.38721821242052,14.8677635,0.9292593,0.7453145836944306,4.299601266798801,-2.832447204208997,5902.632
421685116104471424,7.856093424746929,56.31584346701153,14.8795595,2.1025066,0.27105127242772026,-1.83713369176133,-0.48645649463724916,6093.801
421676285650982016,7.33556643705744,56.312937204125056,14.880013,0.85467625,-0.37597654478768067,1.3525850523650234,-0.30357131614497934,
421685562781065984,7.85427014002963,56.35148985777698,14.883646,2.0148115,0.12168048008173626,-0.3313377078804624,-0.8423418394112833,4670.8115
421688620797747200,7.7922573653977105,56.464825982601404,14.883882,0.9393635,1.0276853618545034,-11.35466855422244,1.5600605926259923,5692.7734
418658779071033856,7.913885804090662,56.22896999892572,14.884318,1.0952301,5.347759671464345,4.32616809808632,9.709249724443369,
421666149527889280,7.558923242396794,56.33788565323477,14.887625,1.4982519,0.11442516253495094,-1.4406824269660474,-1.1912830466199396,
421678823970829056,7.4543278036596545,56.44684088648369,14.889313,1.0547009,0.9757489772183899,6.668489168365473,-6.186909528494637,
421690338784519808,7.55994009327369,56.43613040742644,14.889873,1.3952093,0.21855791289566756,-0.628976018915849,-0.5776916711495366,5039.1084
421687040249813376,7.937195015547441,56.37606914900444,14.892315,1.2794094,1.276637493371702,4.839163547304119,-9.853732256500592,
421691369576809216,7.663528968824029,56.46714692111146,14.892519,1.4730625,0.3299374049636644,-5.066121440131245,0.17893370382777063,4794.1357
421661648402397440,7.761444060246519,56.23443594393289,14.896032,0.9392357,0.38277155022236936,3.0637186437260553,-0.48600522395782253,6257.008
421657387794722816,7.493068879025303,56.164712312644795,14.896098,1.3978119,0.14868110895659475,-2.0971721685925084,-0.3230500521491351,5465.899
421663160230734464,7.583681294058237,56.229358307315145,14.907204,0.6561451,0.33227920087242824,-1.9659765818918626,-1.3635760498139344,7872.2104
421666179586746112,7.548133731335866,56.3510687933322,14.907952,0.7516308,0.43931036384569694,-3.7044328926954044,-3.6195660074773297,6721.5635
421665943369438720,7.592512057666583,56.37052900918744,14.909064,0.8895359,0.3973320236248607,1.05415528503142,-1.607731832623609,6380.3833
421665702851286016,7.644914806359285,56.355414559492175,14.911435,0.9190645,0.5940511267068733,-0.632787576101381,-1.9409482011067534,6079.3594
421690751101374080,7.566114570201926,56.46253671069297,14.912132,1.1124096,1.2066037581721147,3.0827862429743953,-7.451276047378228,5277.66
421660274012733824,7.70242907169976,56.21272808259053,14.913105,0.26561165,0.17443092973225066,-1.714741424337764,-0.15534252090692802,11375.529
421692430427534848,7.5689665926155145,56.51895153433935,14.916205,1.1133204,1.0578830146846439,-13.67345378495524,-7.878764932256617,
421686078177141760,7.7422343321712574,56.33486086385766,14.927098,1.2103271,1.7287456340103673,5.242649759796719,0.7275037470755074,5013.0396
421676113852021632,7.382177394864969,56.304771072237486,14.931203,0.72434616,0.3155443206679516,-1.5068782819028013,-2.827911277497628,7474.409
421670272696526720,7.354952691619931,56.26520869607243,14.934583,1.0212555,0.5427274427724545,-2.0444118178715764,-0.7230317070512655,6563.4185
421676285650700928,7.316191295567302,56.31112473360398,14.935348,1.3618116,0.5622785822582835,-5.332183318121439,2.3424824849102834,5054.4937
421660170933522304,7.733130681502484,56.21154637944308,14.943567,0.9106674,0.7534242465359527,3.1593483522683696,-0.15494572810457619,6294.4365
421678519033630464,7.363383988184559,56.408816831745476,14.944935,1.4981937,0.10007350887403023,-1.9620404894885357,0.2566014266883335,
421690373146599424,7.567372815035994,56.449191104577935,14.947377,0.9290476,0.8669648387124566,-3.1514049999065485,5.517951161755921,5988.5913
421676045132549376,7.397038235637715,56.30076015431469,14.954341,1.0050097,0.6677665435264237,-0.6225555109428679,-1.200215299836147,5510.626
421657834471306624,7.477225323133362,56.18568154788554,14.963169,1.5592546,2.783506057735975,-13.495290744750854,-0.8073126085070125,4502.909
421690648022155648,7.499770814823088,56.47085602413463,14.966959,0.8161669,0.5516838317154984,-3.254595725268637,0.3946696947576578,6735.334
421688689517218560,7.814210597783093,56.482438794270024,14.9690695,0.7667227,0.4737195996259026,0.0043996844566739635,-1.457826891353751,7661.576
421662988432062848,7.560094269122232,56.19548011020364,14.97465,1.4526882,0.11980751976206563,-1.9436468317825126,0.22787900021265506,
421663228950411648,7.554180102089042,56.24244675765227,14.975147,1.2114992,1.066381736685741,-6.560685785962046,-1.2796761894082445,4989.644
421664873916640896,7.465278481598085,56.335727032079106,14.976415,0.48029804,0.19323576639845236,-4.6478832597187765,-1.8486571906389595,9248.958
421689204913164544,7.654938269750341,56.38552557575471,14.9838085,1.4222298,0.2114270200534137,-3.3201237740834144,-0.11735854365116549,
421687280767972608,7.85362435774438,56.407159425927,14.991217,0.9942379,0.05059322790945947,-2.2793542550724513,-0.33966251300454564,9509.46
421657009837603968,7.523296994966938,56.164425408319474,15.003762,0.84647655,0.46593818208670196,-1.1144250831019487,-2.274985832301402,6638.473
421662438676370816,7.725742279078317,56.29341158840979,15.009872,0.6779318,0.3765447545556207,-1.90970884726087,0.06712438475846319,7579.5293
421656906758393472,7.604902242869541,56.167144738311706,15.012162,1.0824709,0.8233299312985058,3.19513053229333,-1.20406554229164,5383.2646
421689101833950720,7.666581498400008,56.371694401391125,15.015903,1.2626076,0.42918761447757536,-5.725230154229287,-3.8179199552377208,5786.4927
421657937550513152,7.517619065466682,56.20530515238579,15.02416,1.4546003,0.09140561841870032,-2.356689777199073,-0.8717958661633314,5149.285
421690819820847616,7.541034823236378,56.47649931820467,15.024609,1.2645502,0.43850852503722004,-2.3067575091981483,-1.9796675534252492,5308.922
421663091511264512,7.552159155699649,56.2144633851747,15.027712,1.676508,0.05257659308271502,-1.5006073043987764,-0.2355474827660559,
421666115168149120,7.5219044629756215,56.33499135878489,15.035799,1.5432405,0.11629309653420639,-1.3473190746146728,-0.22674846260595344,
421663057151525760,7.54531903586866,56.213715047279095,15.047741,0.9592962,0.8729579776017381,3.196143178934137,-2.671466483781286,5793.543
421659758616688256,7.652810933032245,56.15652723893257,15.051178,0.9832363,0.24756971964751126,-0.8191970104960835,-0.8514637810907708,6326.4053
421657112916807808,7.55947926556905,56.186616963250216,15.052359,0.8967123,0.5683405461785829,3.3117993286075436,-4.984500470372914,6155.776
421677179003863808,7.289040672230891,56.35655548038745,15.052639,0.6722908,0.3366334173666043,-0.9563368537271968,-0.7001025268141565,7951.5127
421689342352113536,7.6396469546325125,56.411656092218216,15.056817,1.485404,0.15002784647382583,-2.3343137303808597,-1.8715516688002425,
421664362821548416,7.529859222119898,56.26561065986771,15.069618,1.0131311,0.2652780565530811,-2.8250538795999858,-2.580822990033496,5960.27
421664156663115904,7.436480410890776,56.2542513338381,15.070382,0.9848347,1.0618384552016822,-7.616252052702433,-1.1008260983944187,5222.8086
421659792976420096,7.674155889101886,56.172070440853105,15.071256,1.100604,1.0012958269926975,6.735466204559251,3.212395114766213,5166.5664
418682968326189824,7.940604209934897,56.331497993236354,15.073722,1.8097792,0.29420254055073314,2.3616196624302024,0.08755420127693342,5422.985
421662129438551168,7.693882314131502,56.292112392323126,15.08028,0.84883785,0.5743016633383636,-1.66423788083993,-2.1826469278283613,6642.6074
421686043817400320,7.773083838281358,56.354916857209716,15.08273,0.9692373,0.8167893417342278,3.2252685592484776,-4.131286891791431,5776.4634
421688930035374592,7.74278322454454,56.507522765833485,15.088946,0.9994507,0.5182587379265103,-6.458567741933318,-1.4906481548774646,6048.0586
421661991999619584,7.687835994433098,56.26030692138865,15.102306,0.82651997,0.4132070134563498,-3.3547472201704838,0.38099076381019314,6937.096
421688036682207872,7.803157827102555,56.43181531846382,15.113583,1.1378384,1.4609286682088054,1.1174887002464293,2.7363867582389108,5341.9316
421663813065758080,7.511491466639591,56.228210341991094,15.126846,0.890584,0.4808145349644396,-0.19253193889107,-2.387972460922055,6551.438
421656872398663936,7.603050481447558,56.152300468357076,15.131755,1.06423,0.8094554895787672,-12.550558190115574,-10.047822563960892,5704.718
421662232517942272,7.751491255425372,56.283661022659096,15.133064,1.6293364,0.06957939070578743,-1.479278159437477,-0.33101988256274506,5117.0894
418658779069508480,7.913787261057911,56.22970959974678,15.134138,1.0686302,0.38901074644107786,-5.417544429193918,0.07144405554642888,6122.0073
421671131689955968,7.299075764567016,56.29556957155918,15.146102,1.0458345,1.0730415736551744,20.15242483815265,7.597396935041151,5302.025
421690235705307136,7.569453324517331,56.42582497618756,15.147024,0.7098923,0.18588517446249803,-3.9820477545857615,-1.9906104043323567,7908.9873
421666183883355776,7.537595275728441,56.356898709250885,15.157905,0.9632454,0.8290017756950516,-1.641691894159325,0.37146530060394917,5614.4644
421666286966832640,7.489840455395932,56.340613341739164,15.177382,1.1598053,1.2382608089940021,-5.786016308487975,-6.0787076007560605,5003.7764
421689823388592640,7.688748790750334,56.446729836242575,15.178572,1.4015722,0.37928266906952673,1.234615050202306,2.777605616841538,4894.9556
421691919332605952,7.686379145516826,56.51427227293094,15.195197,1.2335157,0.37193325917702746,-2.695115666576875,-2.680302401334112,5336.2866
421669826019940992,7.316615432968881,56.24198229570178,15.197479,0.9947252,0.4705718157432535,-1.4945876497255797,-1.916746095523549,6060.219
421689514150805504,7.6170109921492175,56.40786462081119,15.206523,1.3050976,0.30556939730775684,-0.6398411083597336,-1.4143158213230893,5617.825
421666080808414848,7.50124457139828,56.32590316025903,15.210944,1.4613428,0.19966326311898777,-1.2870576133203786,-0.9286125581166728,
421691781893645184,7.621419256567466,56.52036718097508,15.223467,0.9963112,0.4798442186279209,3.4453821224933634,0.5719648629047303,5934.9883
421657112916939520,7.584636097108462,56.17628392936047,15.22569,0.6887331,0.28070391374151316,-4.802253847741606,-3.145033397661321,7438.4854
421690098266487680,7.630283943297327,56.46971344786935,15.231826,0.6784601,0.30517309215413146,-1.7958581217846052,0.32762039633153983,7563.9126
421689342352112896,7.6474598633357385,56.41447199448374,15.237714,1.0714369,0.9660217768872371,4.925796816675728,0.08874044646661336,5238.032
421662266877679872,7.744502292946245,56.29051418466895,15.239548,1.0502853,0.35862501911554434,1.2289118443004037,-1.6771383629237313,6294.195
421659277580464000,7.814471809868688,56.171446884289836,15.241973,0.8929205,0.5077882945949987,-2.277646026328892,-4.867173151699218,6583.356
421664259742311552,7.467407015874445,56.28272428288451,15.242273,1.1507998,0.6105730985088521,9.183869271709517,3.6883865316948397,
421661339164752768,7.825534411072737,56.24035795206606,15.249923,1.1923923,0.42786057001539085,-4.933593779075698,-3.2099015536677777,5687.541
421661614042663296,7.777233776664212,56.21855834498103,15.251491,1.032834,0.49058771761185943,-2.079979566065221,3.2476729086569156,5941.8247
421664534620209664,7.538917389795679,56.30525143597911,15.252183,0.6803818,0.22623472893564114,-1.135612012136395,-0.9664402844415815,7735.545
421679068789414016,7.3936856378714575,56.46002366530188,15.254017,0.7445173,0.25121544591862843,-2.4747909580913925,-1.5290606028947984,7411.9775
421659792976421120,7.660454857819622,56.16742914033432,15.25817,1.0422955,0.7439603366565677,-2.588137970158232,-2.7229893947131854,5855.054
421687246408235392,7.835438338591139,56.400470690755434,15.264085,1.5855742,0.5388362874178082,-5.397662904407303,0.7739514411558501,5321.6006
421692125491025664,7.640747757150007,56.530308939057896,15.265492,0.92885876,0.6076810637519445,-4.589327756088466,-2.054225779337551,6078.6753
421657731392086528,7.4318851673132285,56.18629034638456,15.269678,1.3872576,0.2056655732358545,0.8081640664009235,1.6032568056158636,5229.5967
421676246989954432,7.314532929742511,56.30105154833876,15.280395,1.0420389,,,,
421662404316631168,7.741854539282266,56.31749555222584,15.284878,1.0618553,0.908242850466831,-8.746001653854712,3.9050817242017795,5495.6353
421690166985816960,7.592299894006636,56.488743140930346,15.28543,0.9670553,0.4854655097444129,-1.7178818556033044,-3.0654330159482983,5957.545
421660067854317696,7.728888339786818,56.19580869875074,15.287746,1.3942499,0.12663107222838318,-3.5263047905134357,0.33984239806255423,5178.4526
421691438296285696,7.70278894089384,56.47436390240986,15.287928,0.90650654,0.6453226782051125,1.942384866419167,-2.263069828992309,6377.8584
421678278515481856,7.443530804051244,56.392441454735575,15.288528,0.95706654,0.42946737103464566,-1.9354434642254112,-4.160956549264424,6170.5107
421688930035372416,7.731148597371521,56.51073828994429,15.2899065,1.6581755,0.04046350334334776,-1.266271065359682,-0.035157305328323465,4540.623
421670307056251264,7.3326932147123065,56.27996266242153,15.29476,1.175808,1.2193318303532001,-1.4435574588959263,-16.17467030254889,5089.541
421678725192055552,7.4172001616347085,56.421895153352295,15.302959,0.98179436,0.7534956651566259,2.3740150618428664,3.354467190988322,5919.08
421664191022844672,7.432207273576446,56.26446564762361,15.316114,1.052702,0.5062354307523125,5.556074910329512,2.4764125960784233,5832.2803
421689754669119104,7.661186414188529,56.433926502587944,15.322271,1.3742685,0.2446232081061372,-0.3656187968911278,-0.03238754365102175,5050.397
421690648022152960,7.497130445139261,56.48039139075084,15.33905,0.91780853,0.4503583366476121,1.071782242697087,-1.8161926792891465,6066.224
421656975477869824,7.559033120076878,56.16098214618396,15.343757,1.098361,1.1283044536166336,-5.546066778480517,-1.3778892356762467,5359.8916
421691644454564096,7.603387274765735,56.50248571881611,15.350266,0.989501,0.19965453914534936,-1.4743615628696747,-1.0369206368109498,6609.469
421660170933528320,7.730392904105543,56.20186828673259,15.355123,1.0118399,0.7926695767719042,-3.348167969707703,-3.065883644956661,5426.964
418682452930138240,7.941543155894655,56.29460818036036,15.356821,1.1369553,0.7310111702457059,-7.885288445904399,-7.228192700719019,5586.419
421659552458271616,7.746242532122146,56.14646785367459,15.36065,1.4148064,1.3855661236815195,-6.121762615642231,-1.862807536135199,4538.196
421670307056250880,7.340642883376155,56.2817873032929,15.361427,0.9179535,0.49679233921581967,-2.000273488829724,-1.6402081865973763,7119.5376
421688689517219584,7.818265103994879,56.4814174068853,15.375771,1.736228,0.11224163735763668,-0.6892702945086563,-0.3578980001776464,4630.681
421686731012152704,7.721781785084534,56.41196708661955,15.376964,0.78533745,0.3391852336074845,-1.9117934257926241,0.8006608133860164,6778.5186
421666493125229440,7.453120032612285,56.382742297046974,15.377917,1.0275478,0.38670113696257835,-5.3923690559623205,0.0936915381425478,5890.4536
421660102214058368,7.754662116914317,56.1954438670094,15.381438,0.86118984,0.30703654011940107,-5.729244559557297,-1.943134957056265,6825.0522
421669963458899456,7.3590024456893905,56.2436416547552,15.38882,1.0397387,0.6516386840608477,10.670393022674375,-4.847163765079282,5711.0664
421686318695297792,7.706831421789574,56.39015730975946,15.390664,0.8942175,0.505935086150753,1.4193471777336222,-0.9405912568937729,6303.033
421686112536875648,7.73181471408076,56.35527025867814,15.391025,0.84222794,0.33953974719468616,-4.415655602660971,-0.7278971437633646,6932.798
421661064286852480,7.895132011129441,56.21714153816821,15.391407,1.0596838,0.9224455079168458,-0.7426734437510738,-2.601279659525269,5158.823
421657868831031552,7.473724384216885,56.204189025582544,15.393173,0.8239975,0.4306132580739077,0.22812528286790354,1.9150252931294602,5728.217
421689479791064448,7.586335792249576,56.41810484886438,15.395337,0.97473717,0.6132513616246741,3.001451435874072,-2.0727029907140313,5732.256
421689720309384064,7.655834649987753,56.42192301462907,15.4102335,1.1615076,1.2623570424113852,-5.381817668634886,-5.573600294743882,5268.955
421685111802028416,7.835223712237787,56.31870499874043,15.414751,0.93896294,0.6122629158563713,1.5703451766259813,1.076917504422387,5945.4106
421688071041948800,7.7812682907359765,56.42143197255468,15.415947,0.98091984,0.3067202594534896,-1.367175848224486,-0.7664474310973931,7007.3394
421686662292677632,7.7326806245818815,56.40621669245401,15.4165745,1.4504776,0.10996674691240926,-0.6436795904234615,-0.6133570657636667,
421687590005614464,7.94261046781125,56.4327173081881,15.419125,2.4276638,0.09907383568669283,-1.0271883269387834,-1.3262653405910354,5076.5596
421663091511260160,7.555048986930098,56.221191969968594,15.420645,0.8915796,0.35930386782823337,-0.9109707962956786,-1.7473214205278107,6447.1694
421688758236692480,7.803586630823751,56.490815344018074,15.428746,1.5854912,2.6702861954087904,-19.30070678491456,-11.662665884249565,4541.1865
418682418570409856,7.937574259714044,56.27989231440632,15.432956,1.3050127,0.2878465545727448,-3.1627716661466962,-0.960200974018321,6696.7354
421664122299233664,7.458287137009143,56.254012067152935,15.438071,0.6798582,0.25857699471719126,-1.553324191332189,-0.5881840380669949,8007.3027
421660170933521664,7.723617357839939,56.211261449764514,15.438634,1.1438055,1.05873178406899,5.089793140720868,-7.447504786990568,5025.3125
421659689897219840,7.696243106416005,56.148733283980064,15.439061,0.94010735,0.5636135882255963,1.1377021432919567,-0.2311519561498173,6240.665
421658178068665216,7.455909064248314,56.22129161532181,15.441377,0.9617529,0.5725349238133612,1.0447185571441406,-1.3122903325914133,5666.1743
421664706418889344,7.440763983094237,56.30536826333018,15.444454,1.0818758,0.35531550511842164,-0.8959213461008262,-3.200876201168944,5641.917
421676938485685760,7.334628765881289,56.37624292447825,15.446445,1.1689205,0.6409813650465732,7.602871181263759,-1.0395564414798497,5477.3887
421666218247588608,7.50281388334088,56.358801397049945,15.451146,1.035347,0.19972078603936444,-2.0075594973934154,-1.0403836140469107,6034.126
421686662292680448,7.755798555893684,56.39826546789439,15.456316,0.86665726,0.47735612096377966,-2.8335593711639384,-1.7205698536498804,6583.79
421659208860989056,7.791404775543125,56.155530777446806,15.4574375,1.0505667,0.7708495031803744,-2.9378485392418274,-2.6774332257288487,5253.774
421688964395114752,7.762656723645506,56.504991093700774,15.4575815,1.1963091,1.1595595520764825,1.0939596204366604,-0.29222429197706895,5138.3765
421657697032352640,7.423758280054141,56.17821241547171,15.46419,0.9963465,0.7266234424621019,5.040159042122642,0.5816171958264815,5355.3213
421660205293261056,7.742769783164296,56.212581338510454,15.4717865,1.9587317,2.9398430697814826,-16.43552546723362,-12.557163797794372,5936.259
421702399052670208,7.408741771573322,56.483338397360384,15.472927,0.59593964,0.24744943122621801,-0.756079086165421,-1.7140792821496822,8710.072
421688586438010112,7.816343282445374,56.466381419948696,15.480615,1.242137,1.2729050151339685,-1.24018882346622,-1.198481642912523,5244.76
421663916144962176,7.507342024195831,56.24303670082193,15.492524,1.5262127,1.8519188548289296,-4.354883049147827,-0.9274106457909327,4641.48
421664328461780224,7.441911477961925,56.290912504930354,15.493116,1.0901718,0.5922344665453756,-10.666083009319038,-4.688648507431253,5770.5327
421690476223470848,7.487642580870108,56.434896573203915,15.495137,0.87790203,0.26981736178733207,-1.0295108654173801,0.1393466682243215,6621.6685
421663813065763328,7.5120005093749445,56.2195445644149,15.495581,1.0063925,0.6044990518279807,-1.2175939924824728,-1.0008734487877131,5932.252
421663332029422464,7.60527766737156,56.238791031933175,15.502863,0.9307413,0.3318882182349836,-1.6234179373306572,0.20199800621766395,6620.974
421661854560822272,7.740973455401506,56.265845258365154,15.511939,0.9229622,0.2810500574250681,-2.05473293181858,-2.5169062659270054,6546.218
421676938485681280,7.32320143108864,56.38071769054574,15.52436,0.9107065,0.24619588988580887,0.18853135305316399,-0.3894398066279475,6765.0127
421688139761423872,7.820131441911503,56.431259635130885,15.527449,1.4132433,0.34955227585917753,2.3064794588670963,-0.02537080648273385,5350.023
421687658725085696,7.900922191550241,56.44591864493953,15.530795,0.9629736,0.6814436521467411,-1.831597924800394,-1.6326610243418158,5824.2075
421663366389153152,7.60338130530101,56.25025500582012,15.534893,1.7407169,2.9720852350114337,-14.330052203565268,-5.327433683674743,
421661304805009280,7.867375275863873,56.27412540245487,15.535011,1.5826445,0.20042496912995325,-0.9727982920319476,-0.5954346101696518,5420.556
418684578930030464,7.973011107600048,56.38076906314631,15.536117,0.7950716,0.16844002478638628,-0.29111645836279393,0.5818237011388315,9319.299
421662026359357824,7.716891756999489,56.26525439143758,15.536185,0.72987366,0.3334180130244734,-4.841820052014361,0.1685513721716561,7659.2544
421689754669120256,7.6682860658426435,56.43076057814121,15.538578,1.414464,0.07196791231653407,-0.6359183429036458,-1.0398371616801962,5209.221
421666355686294656,7.439676358503924,56.35492551855263,15.539488,1.0786734,0.31963083396493286,-1.0037630877436379,-1.4726123437621803,5362.305
421690338784518400,7.555933705874131,56.439611571195584,15.5436,1.0912971,0.9548265900957411,-1.0298530014484208,-1.1534611777652732,5378.4316
421678141076544384,7.440645537253061,56.37093623444074,15.546801,1.6817551,0.026846750282876464,-0.9672988163704717,-0.9871311794938051,
421678278515473920,7.420798342903807,56.39828826381647,15.55219,1.404336,0.1693146187812355,-1.2415720587245342,0.059793682110682714,5178.652
421678553393353472,7.364025809071169,56.42948545070338,15.561611,1.4117727,0.07121423311669624,-0.9567572675984071,-0.38888519301332924,
421664946937105664,7.653070735601171,56.275714164892165,15.562385,1.0311632,0.3972956567782108,2.0547793151713027,-2.375069350842831,5546.7925
421664637699426432,7.479144281615189,56.293950950490554,15.563508,1.2018566,0.10966062300042051,1.111461669955914,-1.662216225062735,
421688345919846144,7.720709723331721,56.44184777865282,15.566706,1.198412,0.7351811687379255,1.7154326150036996,-2.386703431836323,
421666424405767552,7.4782465999303955,56.367442422023906,15.575937,0.91879845,0.2655813457239392,-3.4350398199298016,-0.20070733842633942,6992.94
421664225382583936,7.46770565256338,56.26810516058806,15.578163,1.0990524,,,,
421685700220015488,7.874691820009854,56.37343904796065,15.596695,1.3147974,0.6012920390740683,3.225801864441541,-4.0093886427304914,5856.9155
421684772507088640,7.874348308072757,56.28220107078948,15.605383,1.041007,0.5577766896130427,1.1579131217863503,-1.3059488025094252,5673.0654
421691472656018944,7.712038181522423,56.48941290136446,15.616246,1.0446768,0.8199239251412774,8.55666807737508,-2.7204527069214945,5636.2764
421670375775716992,7.321509993585039,56.292215919561045,15.63095,1.2568731,0.28679448347628056,-0.5812770388498454,0.7349100689922295,5583.727
421666080808410112,7.502174578294549,56.33287844302889,15.633077,0.91932964,0.4538217968892909,-5.54330462577132,-2.5807558903045678,6533.078
421666836722611584,7.495603959009623,56.391825262273954,15.636859,0.9781618,0.46853400226408826,-0.7789223474693903,-0.8522512921651757,5874.0557
421662026359352448,7.711903874718518,56.27208448040519,15.640676,1.1736116,0.3321448251990454,-4.237237159041942,-0.9546280904498012,5161.3247
421666149527880704,7.530518144133767,56.34357406921486,15.6411,1.4940615,1.09013342338229,1.466663858883811,3.1144530031250874,4565.245
421671097330218112,7.283402594023265,56.29253286260394,15.645856,1.0110111,0.4637286935414441,-7.750669653773248,-0.8837363058530474,5430.1016
421679000069944192,7.360840085778982,56.441555665758905,15.651525,1.1512146,1.1262880192633675,19.66345246905158,-3.8090510613006243,5314.7627
421662713554178304,7.6442358110700965,56.172064740303355,15.65898,1.0131006,0.2590325374794277,0.3432464832309883,-0.7887240704904002,6211.6973
421691060339011584,7.51128969997597,56.490562127723635,15.661879,0.98628426,0.377266736123156,-4.310741775589081,-0.08874793671727046,5672.608
421662919712576896,7.599933028544882,56.215884318822866,15.666563,0.7330122,0.1485016248891182,-1.4962608954928096,-1.193915867962556,
421665668491547392,7.637773978935541,56.35441092118806,15.668032,0.84303284,0.3634767404248316,-3.9789205772815643,-2.1349641356385227,6683.972
421676457449391488,7.404327514361286,56.32530074946906,15.672581,1.0499258,0.5590356640832378,-8.136524098964491,-5.286193623308847,5435.1807
421657868831038080,7.482337708033688,56.196724486184245,15.679634,1.1352091,0.9109107376725856,13.086282882291396,8.166179532519568,5171.3394
421676113852023040,7.385690135623996,56.30360040430785,15.692757,0.6789322,0.1603683675284774,-3.314765005793562,-1.6209798963860333,9392.428
421656769319562880,7.601108598552544,56.14431292947495,15.69984,0.9553032,0.5243396295898959,-1.792811474343036,-2.2876202613559817,6072.478
421662713554178816,7.632597355957018,56.17008752053108,15.700433,1.1517563,0.29633378598405025,1.9169346799995104,-1.0496144872309248,5671.213
421666115168142592,7.497898140926909,56.3388329280007,15.701328,0.79782677,0.24175984201929115,-2.47061016403738,-0.47476315490366894,6927.0835
421662782273645568,7.6136772673513295,56.18256106411964,15.706504,1.1628828,1.1532321344915846,1.5687058893033474,-2.385822126258605,5111.648
421664191022842880,7.440459222344999,56.26831891289729,15.709419,0.97963715,0.3035715951898388,1.0322359141714472,-2.509573533271826,5988.3413
421685047384995072,7.827562657940924,56.29422669819314,15.711116,1.6292343,0.0997078161951939,-1.5667204396967802,0.9537405553140845,5881.2773
421689307987206400,7.639248580054532,56.4051408951753,15.7200575,0.93669987,0.2806130941912479,4.342075847282874,-2.915687893679815,
421689789028856320,7.683449764651339,56.44144228189976,15.7200575,1.6122522,0.0157399786344459,-0.8512937151068634,-0.6087811409624422,4799.081
421664942635579392,7.646248109498272,56.28224350755277,15.720929,1.3423347,1.4887059231025206,2.31038870637752,-0.08147464165187746,4659.1133
421662026359355776,7.70816872808289,56.266423065087906,15.722251,1.2673388,0.18971357657605092,0.31499468606285547,-0.35801681747310327,6051.8945
421663400748901632,7.64091735254409,56.2396438180949,15.722415,0.8388796,0.2721431705727666,-0.6813176019763753,-0.2843435732217445,7110.4526
421678244155748736,7.440421035631351,56.38513830579845,15.723135,1.1172237,0.38998293171587467,-1.444702663791815,-0.8685510562579111,5249.0747
421690476223471360,7.50995965799245,56.43556712719674,15.724551,0.97976685,0.43791878851276445,3.2736364413347725,-0.8737939947827156,5908.0977
421665359253915520,7.593810173600942,56.33104639802458,15.734774,0.92830944,0.5814854826466084,-2.4329701135718578,3.15608106674482,5780.428
421679000069943168,7.355446518150757,56.443953634206316,15.734996,0.8624983,0.21715918314150076,-3.8367114667554763,-1.5024140543811413,6932.9766
421676732330248960,7.366311256888897,56.32918886874499,15.73608,1.1390886,0.4915581817585205,-6.861204512866754,-5.943783529541719,5763.3496
421659896055629056,7.672234253649671,56.18218794983363,15.751157,1.2090988,0.9612398273816967,4.890041104496926,0.23699471569324923,5074.0273
421670066538107264,7.3856580667472835,56.25561236642876,15.753718,1.0192509,0.5034595891189422,-2.476031026397585,-1.391699183671058,6069.6055
421689647288233984,7.687779372061059,56.404804791144706,15.756645,0.8346853,0.30355758520732085,-2.9143983842230115,-1.2274050622094057,6787.4185
421691884972870016,7.706625411751724,56.51269435940511,15.76237,0.9492121,0.4998358729202392,-1.0528440458719694,-0.5817448492760274,6611.6396
421662816633377408,7.612210685671181,56.19358102402749,15.766849,0.8996849,0.24960688095073771,-1.32058443205276,-2.4691260452242685,6903.974
421657697032346496,7.414193209274694,56.18637058214587,15.767865,1.219326,1.1776142048103957,5.5229418324791295,-1.3324846595543738,4962.6484
421689514150805760,7.62674655458017,56.4087832729459,15.770455,1.1171236,0.5212261650934156,0.7894697325269822,1.6080153790436644,5465.1606
421659552458271104,7.743910203416539,56.14711150017568,15.772191,1.0022745,0.5592208892996235,1.1307924396460405,-1.256933405539597,5737.7847
421657834471307520,7.469751788621375,56.182882301496626,15.775194,0.85573673,0.3502747728980959,-2.2922915425724932,-2.657683532813412,6886.94
421675907693619968,7.389915239909707,56.26923466250541,15.783687,1.0261631,0.38575037810569085,-1.211021159552227,2.058458389055058,5713.757
421665050019219200,7.656570390526599,56.28544472599596,15.7838125,1.3236856,0.2710532625537628,-4.075094251179545,-1.3071070389233195,5011.9746
421664534620213504,7.547086640561703,56.300631943460544,15.783879,0.95518875,0.3110689630520961,2.2489410810116057,-0.8656669238183569,5667.6895
421669963458901504,7.360945429250178,56.242558289482226,15.78481,1.0224581,0.7608263265077249,4.460261163586386,-3.1863115467099057,5609.369
421660411451679744,7.712398495998777,56.22554213612748,15.786811,1.0222206,0.6672984893336171,-5.905147148226767,-9.842711861907098,5824.566
421663194590470272,7.565744190759651,56.230344942799995,15.789131,1.125144,0.441846407167656,2.2457271867563966,-3.0599333529366337,5329.3013
421664465900745472,7.515269548538649,56.28478643159075,15.790321,1.0454817,0.4166375204676796,0.2591228980481328,-2.027282311792154,5397.7085
421685665860279168,7.854368479412283,56.36304384791437,15.795612,1.1371632,1.0301803163140122,-1.4473974820654185,-5.658049659976421,5378.237
421666561844725632,7.540185311588516,56.36807721542948,15.803391,1.3029556,1.0838224860362349,11.406250747994845,-0.9963118261796092,4827.3857
421663400748904832,7.653070414460827,56.23608654507003,15.804444,1.0288229,0.7656147854743426,-1.2611158851339481,-4.8166669023320425,5538.4644
421657456514192512,7.464243722531182,56.17081763569092,15.805963,0.99025536,0.47939440506321596,-1.9044848422098686,-3.425507595994166,6137.689
421687040249809920,7.925201613795093,56.388655213639986,15.813697,1.2651129,0.7445100229464754,-0.6957705463224952,-1.6314517413692662,4966.7207
421661717121873792,7.745044567572348,56.23470207748858,15.816924,0.95490265,0.3277928610511188,2.0005230295268674,-1.7358525828663605,6157.9526
418683002685920256,7.933617631911468,56.34001870588645,15.820926,1.0109758,0.7139147521942666,-0.7301821010799023,-1.3226922558538008,5642.7285
421666802362866688,7.537429694611987,56.40611799841996,15.828508,1.4622021,0.25674787291352824,-0.6519098452311827,-0.7480322229488787,4834.188
421689170553426816,7.651334414576492,56.37696159890315,15.828738,0.91784096,0.3543799198055712,-5.128614908433592,-4.868628425285535,6161.3037
421663435108632064,7.65872407249582,56.2543359729477,15.831685,1.0035181,0.5486848266350488,-0.7412169390185418,-1.4554744553790653,5818.9023
421659827336155264,7.688626921690023,56.17866448471193,15.833595,0.9530449,0.36402749494086045,-1.2396036045983299,-1.623343257485194,6037.698
421686834091361408,7.7053166810495215,56.427531025337494,15.833638,1.1703148,0.5865457627670382,0.6864813420322005,-0.7357069609375169,4968.4224
421670169617316864,7.340963465640811,56.25626076103483,15.833757,1.2493773,1.1103605724480732,-6.883622007879332,-5.028980212508898,4977.4478
421689685949649152,7.687515163639293,56.41649744899827,15.835216,0.9615526,0.40905058560832047,-1.9435236563571627,-2.141785506991535,5543.9795
421687933603068928,7.844332450294764,56.47769369723536,15.836208,1.1766481,0.32442502550563906,-4.066085465672727,0.18299242079113118,6674.629
421687521288362880,7.898114744129069,56.42807778500042,15.836502,1.2239447,0.726492831506849,-3.889505436433014,-2.5064509075519523,5029.295
421686353055047040,7.8084934852373005,56.354164264852464,15.839657,0.91156864,0.3678057580130694,-1.8500364266667544,-0.6517339341122252,6999.1387
421657628312886400,7.4542140310838985,56.165781452762666,15.841162,0.9574232,0.16083883900715734,-0.6279936103264545,-2.017683870923274,6915.381
421676182568710016,7.345939202080892,56.29471385754122,15.842624,1.074317,0.2263546990714635,-0.6342445673212339,-2.496292118699239,
421666046448678656,7.527778453274901,56.326527519989035,15.845124,1.2415619,0.3798849497318412,-2.523139826025891,-0.005781432516030843,5140.3936
421702502131883648,7.420315083237013,56.49101274336143,15.84781,0.8391676,0.29029964636038136,-0.9689803113021072,-0.12026548847776884,7246.852
421678755251306496,7.419635928607097,56.43487033318381,15.850644,0.9562216,0.26442148367735085,-1.3124306417306233,-1.79434471046362,6983.633
421653883104275456,7.648880929970752,56.15174822322666,15.852328,0.9229336,0.24365595052927777,-1.3031492066337638,-0.9349047768330709,6866.0903
421657452212439424,7.4795303497744,56.164435825314484,15.853133,1.213728,0.6518512663869622,2.3935560614035647,-1.1387612349742906,5118.6123
421656906758388992,7.600403548740499,56.175276803991224,15.857059,1.0319748,0.5393536099043383,-2.1110160201002843,-5.889363520065591,5416.5938
421678828271259520,7.44223145049854,56.441626592167104,15.858756,0.890749,0.3633962029211051,-4.543624015728838,-2.9649848587655856,6648.277
421666527484961280,7.4504073499103,56.390733882351796,15.862447,1.3714676,-0.5266472545548031,3.0049798873618845,-9.995520481472168,
421666355686303616,7.458176684027655,56.34332391795568,15.865053,1.0410423,0.6696324686407592,-4.7959865786859295,-1.8661261081251457,5186.402
421669482422594560,7.404661173985756,56.20320540209082,15.86586,1.01297,0.3181161125386285,-1.3388971703950616,-0.5899504957806109,5805.5684
421658074989459584,7.4488346754021,56.20396541828097,15.866213,1.0306654,0.6266386130995644,-12.04487834505631,-3.4677031746038347,5582.6113
421657662672613120,7.44648225432898,56.18381558422411,15.87306,0.92398834,0.21532186324270386,-2.3529201298038123,-0.5405333438834332,6862.7964
421689033114584704,7.7349443367364845,56.51825744693708,15.883003,1.5623188,1.7755515453705326,-9.755368497802474,4.657780611101343,4550.8745
421660377091947264,7.703118881159158,56.21553479931158,15.894333,0.94745255,0.2628012202653798,-5.084692935181384,-1.9735887363788467,6220.505
421666664923933056,7.5308302669128055,56.37902359486086,15.894796,1.0264482,0.3590646553254819,0.8919208327065937,-2.0099669385974077,6054.706
421661682762138880,7.749384700430918,56.2211066612884,15.898759,0.7094078,0.14680803059625358,0.9718502046029931,-0.3617260081733632,
421661888920418816,7.7094713845103096,56.24044048750781,15.900068,0.7610121,0.2990423462582286,-0.8026380279268133,-0.08003319531140388,7606.5117
421666390046024320,7.446985387512026,56.3696151678401,15.906881,1.0259962,0.4050028029219457,1.352983362392468,-0.36209567824274147,5282.3066
421676113852025600,7.38260129380712,56.299050864609605,15.909215,1.5003548,0.0638445952156087,-1.187403853600229,-3.9850566935947107,4984.7324
421689789028861440,7.699907533351799,56.42528469879669,15.913549,1.0048447,0.49629360262408495,-4.587573770194355,-2.5148257022515583,5651.108
421692469088278784,7.55735687218433,56.515358691756596,15.92162,1.0367136,0.38792927354644324,-2.5785116772948173,-1.2846217774814308,5777.519
421686731012153600,7.7229798059446875,56.408656987883965,15.923178,0.93145275,0.4754977579747237,-2.8612563778429436,-2.27567433430457,5903.4
421690197047589760,7.563704020394772,56.40706601981748,15.9303255,0.7417917,0.25506915660527096,-2.08754344371416,-0.479951274816681,10427.939
421685665856069120,7.8549584046045124,56.36269438968462,15.931728,,0.760550372590351,-1.49944526942598,-5.7301669997271985,
421690441863729280,7.5356087728986045,56.455196475056525,15.940092,1.1438236,-0.14864854789137644,-4.463261636148799,-1.1509680559363835,5050.1
421676766689982720,7.3714256742009105,56.35247902492387,15.942662,0.9427986,0.4804287385871344,-0.6789657530610766,-4.1430401387288285,5957.2114
421664225382588160,7.478263387149674,56.264262545445185,15.942961,0.87449837,0.30031562189133965,-1.4552205231474098,-0.289696013518143,6957.6187
421665977724862848,7.579598023695986,56.392992865387875,15.944334,1.1375399,0.28253978898615906,-7.0304250579262115,-3.8486512342793064,5690.9766
421665427973380992,7.563663491592247,56.3417709765634,15.946473,1.0064554,0.18815827505047988,-2.497830509814807,-2.828388389420603,6156.9927
421662885352842112,7.625362074328066,56.21346625926929,15.949103,0.94692516,0.2950535551682026,-5.683536782206808,-2.403335192790722,5920.9946
418658675990294656,7.914564607367573,56.21702272686083,15.950197,1.1403494,0.4113156585391944,-0.3964404043426043,-1.3425074951618585,5808.466
421691713174174976,7.63607172505352,56.509115808136535,15.951788,1.2158117,0.8781156831063046,-5.728085814016214,-1.0599022591945784,4984.207
421676045132555520,7.3997791268989,56.29378359695461,15.952934,0.9929209,0.2869623160306017,-2.5909762239221363,-1.211923738118752,6851.646
421665634131811072,7.670436765882173,56.35705731037999,15.955381,1.0552073,0.4332312001460356,0.25276059371640186,-2.211907870375473,5822.7114
421689101833950848,7.66778289979237,56.36781357895713,15.96572,0.8878012,0.34061847554423313,-6.32387772388492,-0.6454004335069689,6384.672
421660858128422144,7.803218297296619,56.20512569471568,15.972675,1.0191135,0.39120535266084133,-3.520253347841285,-2.4638586721086306,7618.953
421686456134253952,7.7580114592403895,56.386627716947224,15.974996,0.7661896,0.20498547819660495,-2.847289936864878,-1.4565690597835237,7640.453
421664191022838400,7.423869763595266,56.272317648689615,15.975301,1.0741081,0.15956731940363586,-2.12799037463148,-0.9115495315193449,5881.9683
421666424405770368,7.483644566037429,56.36338302064439,15.97593,1.4490786,0.08362657872638629,-1.0219283111092132,-0.1339230682441256,5534.817
421686971530333440,7.879061517281503,56.38162747983445,15.981195,1.1349888,0.8489943598049862,2.793792279306751,-1.9497325519810897,5190.153
421657800111578880,7.518121557551877,56.17410331207675,15.982032,1.1470966,0.6297903162341163,-1.819539734996534,-3.646435641552798,5428.9424
421666733643399552,7.564741150974315,56.39628721887032,15.982144,1.0293646,0.4858919161426275,3.885123965218389,2.6216544167397946,5885.1206
421690338784519040,7.565902878955745,56.43984311526275,15.985694,1.2059107,0.3110059855363054,-2.205585517369827,-2.434834810596402,5757.9355
421660892488157952,7.795438493220446,56.21845272609799,15.987127,0.82394695,0.2657004662515937,-4.255098966605955,-0.43602909010373975,7869.6265
421688139761421824,7.818749187046352,56.43612393264909,15.991961,1.246438,0.5318898608558225,-3.946923759436253,-5.416722592315336,6306.245
421664294102043904,7.43457457521668,56.28649192527077,15.992472,2.6594772,5.4946855726560315,-11.987840966893778,3.69473809074498,3477.8477
421678690832316672,7.433186465564302,56.42483478787646,15.994404,1.2585506,0.4273128628887817,0.39919439288375524,2.558920825423164,5034.61
421664568979949824,7.510520985841373,56.298357792760555,15.998549,1.3334436,0.30510026321509803,-4.057655352021246,0.4125948631963384,5022.306
421691781893649536,7.61616779891808,56.511012275132,15.999733,1.0059052,0.35538739647267237,1.140826194579085,-0.9485087497249625,5978.4805
421659380659673856,7.783848292029556,56.19321198496383,15.999942,1.0370903,0.5070750583590361,-2.848430204642221,3.2238601425337228,5884.875
421661751481611648,7.782985871498672,56.24246974596106,16.001259,1.0614405,0.2712840441841078,-4.521353703418996,0.9193753249588608,5931.2817
421678862630993536,7.413258611677126,56.44443006604639,16.001549,0.8519287,0.24790590552957295,-2.0146051243706715,-1.5713483515591378,6413.045
421688311560108032,7.748483968306661,56.44428531594803,16.002949,1.1839647,0.8353704426199796,2.5382094007487623,-0.8074903446168555,4796.4653
421656700599980672,7.6256743438044765,56.14145004084241,16.00466,0.8066616,0.23433735081756116,-2.843017998119272,-0.24647121995252946,7412.3354
421690197047589888,7.571824559442595,56.405609591746554,16.006178,0.86466694,0.20533188981841674,-1.3453344587684544,-2.17702768127255,6425.693
421658143708921856,7.4257358681960595,56.22346776062624,16.011395,1.0509481,0.6553379452589525,-4.4408002817546,-2.822712715615242,5655.3135
418682865246988544,7.939234580736032,56.310110120086826,16.012445,1.3672075,1.2301362531766729,-12.762759056859116,0.05924402491669979,4751.425
421660067854318336,7.740467950666644,56.1961749042686,16.0128,0.9440899,0.3715493281742472,-0.03344071843442348,-1.9865339277387384,5860.5435
421689720309384192,7.656032103640296,56.4206540454561,16.014595,1.298954,0.2972887711417554,-5.2348461001140185,-3.094145123027091,5340.832
421661991999618560,7.683356133414133,56.26154394059779,16.020853,0.7813759,0.1700056274346563,-1.7683839772313783,-0.45949660519735136,8142.6924
421661407884226688,7.806288087374138,56.24826440792995,16.023134,1.5343809,0.2573255224531561,-3.436045509768972,-0.1578414038697231,5157.1665
421663503828097024,7.613123305619874,56.26580610096405,16.02488,1.2653694,0.11730471229521762,-2.3933213775789897,-1.3594881958618041,5913.7666
421678175436269696,7.384332147783569,56.37989895926396,16.03457,1.0747643,0.7103075612462064,-3.337164621068858,0.49885405305932673,5610.6406
421676010772813312,7.379962968508242,56.29530251204537,16.035181,0.97294426,-1.0346367669969856,-3.748856062243656,-1.211092382748228,
421657662672615936,7.448901539074328,56.179265367656214,16.037258,1.0237675,0.1256239133465577,-1.8319106857588927,0.6288773545675969,6514.2793
421659518098524544,7.710085545677067,56.15751411434072,16.049583,0.7970238,0.31055669614686354,-1.3339371078060436,-0.6581024097568016,7382.8354
421676182571767552,7.346572955086285,56.29479279151383,16.050472,,0.36767063452796234,-0.7417953714489263,-2.398695281845705,
418658675990294784,7.931395707842756,56.219150906325865,16.050947,1.0317383,0.2516031049276713,1.1140201117006028,-1.1703902759346283,7226.138
421678553388937984,7.363363027268837,56.432379242273285,16.051342,1.2084112,0.6199832162372855,2.574107554075515,-4.493168846772036,5540.1523
418685029906389760,7.9689493921349905,56.396023295740086,16.052265,1.4596148,1.0458539959099498,5.973909105287585,-2.3930605088786643,4972.6846
421685803299237760,7.774950313198992,56.31384452113919,16.055826,0.9710016,0.4671395317512651,-0.10439456342441122,-9.970514940128789,5947.239
421660308372474240,7.683157687076325,56.20655229992326,16.057837,0.86316204,0.24620107591449955,-3.4413369903521014,0.05931326488883204,6375.3975
421691575735230848,7.633609202472865,56.48659716351458,16.059446,1.0940151,0.42544711042539524,6.530970498680345,-0.7728073856225073,5846.2695
421664740774406144,7.439161361919165,56.311548698285556,16.061024,1.0940685,0.6813541392595234,-5.098341495503425,0.8387056529804475,5453.104
418685029910454528,7.969858190794742,56.39596289486769,16.064194,1.6141644,1.264963377803038,9.341264651501588,-6.413031876291506,4609.5635
421685562783279232,7.846873277312635,56.360263451786814,16.064367,1.0502815,0.4685253184567166,1.9161466940185476,0.1586195938864156,5815.8813
421689342352112512,7.653441051693023,56.41671817745159,16.066105,0.8646078,0.29537973881090546,-0.4688789742451523,-2.3990308542359586,6593.7334
421661270445352064,7.869840342114916,56.25018668170731,16.068144,1.0510092,0.5526930723698967,-5.222246588679678,-1.780526700520274,5628.707
421664740778622976,7.439907724536163,56.311251535744496,16.069468,0.9629526,0.26274670661179755,-0.2539568600828873,-0.2559649096024904,5263.237
421686456134252544,7.7630681092603195,56.39277264870312,16.070631,0.97898674,0.4980159685271051,-3.58747979926077,-0.12164370136142785,5740.8125
421686181256351616,7.713656261590412,56.35637745829487,16.070831,1.3077154,0.6851455643978648,2.5221620972104555,-4.1515420765398865,
421664736477658240,7.433419075541,56.32460376937228,16.073835,0.8754549,0.04585706651621776,-3.834779028120051,-0.5272718398531823,
421658830903911552,7.782175988601074,56.1514416978798,16.073994,1.152606,0.4668103066934531,-2.6998191510089518,-1.4041544608434546,5652.2593
421669516782325504,7.365450843250469,56.209358554462625,16.074312,0.9414959,0.3896211041522435,-0.5988941959995577,-1.0838740070621653,6041.614
421676010772812032,7.37636407434389,56.296741350498,16.077066,0.74038124,0.19488143308202943,-2.8855129748731843,-1.1523518779663053,8323.843
421691884972865152,7.695071345748848,56.520776436329434,16.077427,0.8408394,0.25250423876480815,-2.189948761665111,-1.58117304501892,7655.4546
418682792223571840,7.955871446285041,56.31098570553904,16.079382,1.2021894,1.2987432100914948,-1.9606896596595615,-0.4505712204215518,
421689823388593792,7.686730497108423,56.443061761233686,16.07995,1.2053776,0.32253956414888313,0.961521496947563,0.44686455860083024,5197.2324
421676766687012992,7.363632835249152,56.355486807147926,16.081842,1.4241753,0.14760138833428144,4.184183400684566,-0.5131152365391706,5235.799
421686799731627008,7.756122453078186,56.424450778789314,16.082193,1.2894716,0.24376625241629435,-2.562209683893857,-1.5790910141182422,5641.3037
421659346299939712,7.799081986161387,56.17626054589226,16.082996,1.607974,0.274881435644583,-3.0446169716576903,-0.6633696488346056,4875.3994
421660377091944576,7.695346161384439,56.21877302769142,16.083014,0.8325405,0.2776354494180091,-3.066991260576041,1.2567160352464901,7020.4272
421690166985820160,7.618749290642935,56.480645024258095,16.084396,0.97799397,0.25763016331950384,-1.3449223277629618,-1.4392274105295952,6866.486
421669997818645120,7.409035817891592,56.24197828267631,16.086895,1.214922,0.7701847521281541,6.601502058640254,1.577829947929142,5048.3623
421676113852015488,7.371919366201849,56.3120247253227,16.087524,1.3006268,0.3334698662936609,-4.2057744160860695,-1.4273236567485634,5062.077
421687864885743744,7.873054176527552,56.464686759016935,16.088022,1.1997166,0.4941501258291168,-2.6698758251128316,-1.4714316243783607,7107.8027
421702295973463296,7.4305539206301905,56.45927061822575,16.088713,0.8786926,0.3125185967312923,-3.8976684633096363,0.13708113562886406,7052.4116
421657044197339520,7.540444697629581,56.17091579151169,16.091799,1.0557404,0.5687632662992412,-2.8041846945493516,-2.0337526066809914,5624.432
421657181636278016,7.545819852192233,56.19433411265673,16.09216,0.98827076,0.44928481531644804,1.450004791691851,-0.7555676757882032,5279.932
421661167366062080,7.859019948813657,56.24218911691567,16.094845,1.0961742,0.6358358450278565,0.8468260201857167,-7.668471811734408,5765.938
421687315127713792,7.881702191529217,56.399638501105464,16.0965,1.2092066,1.9821949802404681,1.0178509131569873,-5.2107370177312315,
421691541375490688,7.678768125816259,56.49852833182372,16.099888,0.92846584,0.36476394201399365,-2.8604183246051624,-1.5263397634925335,5972.3364
421685150464209664,7.861845731684821,56.31774910085612,16.110485,1.0711641,0.47803132742793686,-8.268079384326823,0.2115036028730492,6274.1685
421669516782324864,7.3641272148368095,56.21004581502961,16.114313,1.1337681,0.39781343656935686,-1.103688886485107,-0.8355941024171127,5622.87
421659243220723968,7.784221625285811,56.17753561304428,16.117025,1.13344,0.3210698125126623,-2.201764405920427,-0.2654580742396624,6065.9043
421666317025728512,7.474610261708779,56.360133784889584,16.117151,0.8704548,0.2592869234428317,-1.2458696801146592,-1.7273673686316318,7628.709
421676075191275776,7.407360439759546,56.30749677456772,16.119904,0.96040535,0.22754033807707064,0.977058425293997,-0.5619230210055302,6190.543
421688826956170624,7.771754496218955,56.47931977703764,16.121845,0.9889107,0.4456848536685787,-2.51539454705111,-2.234963913608012,5737.3564
421691129058485120,7.496299722629781,56.4963099288621,16.122063,0.9837189,0.3384837363820588,2.6072084342378914,0.2975877701698707,5787.8145
421664981296833408,7.61218504982459,56.28197767804308,16.12745,0.93519974,0.2890630615798205,-2.096988819939431,-1.7428837010988947,6294.029
421691953692337792,7.691106656303741,56.528273850978316,16.128273,1.2167215,0.7328197726283269,17.839812726290855,-3.0861446655575735,5139.454
421666596204462080,7.554178019501672,56.37352483794402,16.129292,1.222846,0.9456738475376574,-3.990808622826433,-4.3937674465872965,5106.0835
421676594888339584,7.424326914432314,56.3345124445496,16.133997,1.1163082,0.4594172249404374,-2.114667170025067,-4.988707379737092,
421691678814301056,7.6008601581004385,56.50553183394038,16.134632,1.020092,0.49474397882911114,3.0560251926134305,-0.3181087517525374,5769.7124
421686593573201280,7.773728419093501,56.41121622195063,16.13903,1.0839777,0.4481424499074141,-1.8830431573654323,-1.3928256131281112,6088.628
421690785461111424,7.583514175061632,56.46885525891242,16.13997,0.96291447,0.37282337869529425,-2.6383257666436695,-2.0131895086009157,5862.1396
421659827336157056,7.687699571126259,56.17640435547837,16.141384,1.1522932,0.7518576965078894,6.335101029170786,-5.433311619529575,5092.747
421687212048554752,7.856220028733109,56.40040285942899,16.142282,1.7368059,-0.044914987131131914,-0.6918059254039797,-0.8868278654665751,4938.249
421666939801804800,7.464500251059848,56.416226234092846,16.142303,0.8050585,0.36291180948565455,-1.3844758456115316,-0.372200706759195,7150.0264
421678622112830464,7.358116455450425,56.42803740314049,16.145737,1.0822563,0.4076893553044302,0.5546462630919203,0.6519146818122504,5618.76
421676629248061568,7.408873825871838,56.358478377397006,16.147505,0.94217587,0.38546441761034356,-3.956825146183216,-3.049027305631343,5924.74
421692469088277888,7.542356000672856,56.516329640042414,16.15182,1.04949,0.42311409226462354,-0.18028383120720884,-3.2329878582739986,5842.365
421686524853785472,7.798875188511856,56.39862576015265,16.15269,1.1746931,0.8535406443907014,4.7024397851184565,-2.3629092558190266,4837.677
421691129058482944,7.482733165292591,56.50276616924942,16.153326,0.91420555,0.325067626612986,-5.062431174497899,0.2894470534212863,6057.1226
421664534620215936,7.542297787118101,56.29623655710383,16.15347,1.3700428,0.07317565516387622,-1.8898643108338953,-0.7169981718999674,5182.5767
421679000065506176,7.3455927515022355,56.44286232980075,16.154589,1.1177692,0.525939581338337,6.784167051084726,-1.2051678833536636,4960.004
421671131689954048,7.28977928792262,56.29767693918987,16.156698,1.0349617,0.20939791493320117,-1.8153004646290545,0.8346826339805363,6901.8257
421659689897225216,7.6999612888427365,56.13974122096163,16.15827,0.9042101,0.29269440681311926,-0.6567310127858249,-1.1535957949675077,6262.96
421685562781064704,7.854895731916706,56.357681613083905,16.15901,1.1226597,0.41737724451473984,-1.7199373518158028,-0.0619417510829348,7421.8633
421657009837609344,7.540747906369438,56.15722346320095,16.164625,0.83240604,0.2106454607376503,-3.523040073135132,-1.0614692618785742,7137.273
421688448999130240,7.771681602340984,56.465522261077965,16.1659,1.0084524,0.2582292398161351,-3.3789500022517145,-2.5570910080708695,5914.893
418682727808037376,7.990106640329518,56.31446927563668,16.17105,1.1159153,0.6990969819690814,-7.638625021621119,1.0098857804849082,
421676938485685120,7.32136746965295,56.375313182180214,16.176477,1.8699179,1.9561251618141702,-6.960189111465633,-6.479892313240984,4148.9326
421661064286905984,7.8784751172540854,56.22908215784792,16.177202,1.0781403,0.37904516740845856,-0.3500605217517123,-1.4128483341441405,6012.2
421659174501249408,7.799825595054924,56.16799707490437,16.184381,1.2144909,0.9377894027066594,-7.149097160299598,5.652590202240432,4721.214
421678381594689536,7.367196510845389,56.39022232392389,16.186876,0.90524864,0.21412964115674746,-1.9001678111826532,-0.5421294140843852,7300.607
421666836725671936,7.481223399063807,56.394394433982264,16.186892,1.2338362,-0.02116425800473512,-0.37021759631359585,0.12245991595500677,5698.0103
421664397181271936,7.520028126169292,56.28063435719646,16.188402,1.0607605,0.5403034085423797,-1.8377606102474422,-0.22826153245561698,5550.2285
421664122303376768,7.449803771220008,56.25693134670457,16.188698,1.0777397,0.17543227199175465,-2.0169923910926304,-0.5692402206911812,5965.0493
421678931350474752,7.382134433145315,56.4328406335671,16.194286,1.5160027,0.10996696894261707,-0.9968947736086158,-0.13311865037292625,4993.02
421660892488158336,7.803550002372901,56.21741394935683,16.196777,1.0260677,0.49330932024107343,3.697869441505646,-1.1058007105739909,5716.4585
421675942053358208,7.410917000995609,56.27235031049591,16.207705,1.0210104,0.2432240041533565,-2.2752103902413867,-1.1940649292347603,5991.232
421663980562878208,7.512067393857471,56.254743733733825,16.208422,1.2506237,0.15475104802787923,-2.909427564304042,-1.0266493331550026,6283.3716
421664397181274112,7.526854112005231,56.2787652776764,16.209085,1.2096224,0.758928663492413,0.3742513272166279,-2.758125092499862,5095.7476
421666974161543680,7.484119598188509,56.4183098474179,16.209146,0.9515066,0.4306596625164178,0.609183968278042,-1.9076385798961664,5769.9277
421666733643400960,7.566927259899623,56.39600046670233,16.21144,1.4437065,0.1161841108772663,-1.3942306105575197,-0.388802510443248,5248.4497
421664465900733056,7.494427217713555,56.29869356104133,16.213299,0.85736465,0.3290670691109114,-2.846752935759636,-0.6753335574297001,7043.153
421661923283034368,7.718751992189715,56.24770430506442,16.216702,1.1887121,0.601698671459529,-10.39233825377919,-6.294492279297801,5095.6665
421690373144257280,7.569492671049959,56.44095538111636,16.21983,1.4291639,0.08144850497569214,-0.9641227375218734,-0.5398711245276315,5295.791
421689823388594432,7.6955149455929925,56.44362427946553,16.219912,1.1954517,0.9531953233321708,1.631648258199193,-2.3469286919002803,5125.203
421685081744732160,7.820527463302982,56.319545057805314,16.220087,1.662322,0.11541637010517776,-0.48931415546624224,0.6337634233880374,5168.481
421678553388938112,7.363411223610106,56.43188885717031,16.221985,1.3309393,1.0857072986575775,18.660352587867227,5.291436008722397,
421665737211037184,7.6098691104862395,56.33370054308764,16.226059,0.94646835,0.25115225197596236,0.3651075221407124,1.1794113778241901,6364.3716
421666390046020864,7.4443303164598,56.37309241845694,16.229017,0.98578835,0.4527522032997714,-0.7498158410944176,-0.5754177182638944,5331.724
421664500260486656,7.544871522872612,56.28525732885964,16.234205,0.7979021,0.27096882367412933,-2.2558740345137784,-0.6238016969289883,7364.0815
421686524853727104,7.794348115019333,56.40314108589174,16.235191,1.1619358,0.49328325419722335,-0.2998632959557796,-1.313835537757013,5853.695
421691163418219136,7.504502179981512,56.51409989034928,16.235807,1.1126633,0.6971610365830883,-4.527994633545508,-0.1470581315201578,5145.6426
421660102214178432,7.7666821354005275,56.198571370347274,16.240507,0.79205894,0.30249110324082856,-2.9772279560807213,-1.1300274958646148,7187.0386
421665153095508096,7.639719164098161,56.30858353516949,16.243898,0.99407005,0.5819931204307137,-2.410850845335368,-2.1028165156715946,5472.5015
421663877483622656,7.501456339589063,56.22466921565535,16.244932,0.9644375,0.3111493887701972,-1.075242177498413,-0.9598790593059726,7023.3184
421670272696769536,7.354974124753253,56.26801765903698,16.245848,1.0646029,0.21975818854940246,-1.872017227350034,-0.07614680915019836,7032.5435
421677556960980608,7.289268145183117,56.36474009375583,16.248968,1.8753996,2.1890878548161554,42.57759952061718,-5.140482805495289,4336.328
421659243220723712,7.781791275055767,56.17824334258264,16.250929,1.2806396,0.3279816466506836,-0.9577666596547012,-3.361194483322375,5776.3013
421689204913163392,7.644888038830144,56.39189661629755,16.251673,2.4484043,4.313411953513294,67.98869566753011,-0.0014261131587697264,3565.725
421663984864434048,7.5188017087229575,56.2524387911784,16.251919,0.9814081,0.2156688421700013,-0.6884947620879952,1.4054309833551666,6072.8647
421662541755392512,7.685746937689953,56.31452941831379,16.254543,1.3568058,-5.646009054017243E-4,-1.6604355390765237,-0.6353858950546628,5170.6636
421657937550508800,7.5017382264249095,56.207455603061156,16.256403,0.95007706,0.4803206683611046,-6.834248307377811,-3.1497096221369207,5771.7466
421670375775719296,7.314670535917552,56.28811825920106,16.257284,1.0073624,0.24508890031907576,-1.7146169853601576,-0.7579864014009169,6540.693
421690682381890816,7.470950481410871,56.47718057623802,16.25768,1.3490782,0.1777157680632006,-2.9740610749226453,-2.079908500949073,5116.3647
421659346299936512,7.792811847634523,56.1853830900318,16.261026,1.3047743,1.2200485044321008,-12.063230832992383,4.047426151775428,4936.6606
421666458765506048,7.503830116950025,56.37097924343145,16.262924,1.0159502,0.24274638237631083,0.8282636545931806,1.3819178139565391,6090.878
421666939801804672,7.4531783617759855,56.41461596714643,16.266493,1.0406895,0.6256185278702223,1.3750698726856292,-2.545244279393292,5418.3813
421676079492280448,7.40105971302213,56.31073887276174,16.268566,1.0546846,0.320099380039844,-2.1476225481186386,-1.1212720001882197,5322.445
421687658725086080,7.904079514551991,56.445046868694725,16.271366,1.8080626,0.24828098581489036,-2.435139187018631,2.0276756745971634,5095.3643
421666871082342272,7.4947318009669,56.40187537772412,16.273134,0.8896313,0.2836760217818422,-3.685310059652651,-0.03116982038646071,6881.1387
421691850613134848,7.707318719930156,56.504684559336454,16.274109,1.1547413,0.5358889210913313,-7.418644415985508,-3.4674556643724155,5370.442
421664981296836992,7.631207348412149,56.282026646416625,16.277422,1.1040154,0.688932420731046,-5.02340754015781,0.4907266802100867,5039.405
421663916144960512,7.481163578502765,56.24170905025824,16.278147,1.396636,0.29731295037508,-1.166837115260746,-2.262039699129326,4797.3794
421662095078823296,7.696143458044414,56.27836130811812,16.278154,1.060749,0.6339724233412309,1.8283487403863794,2.138194542831548,6001.7495
421662369956894592,7.76536081561257,56.295619180341276,16.281164,1.0105314,0.5583257373022592,-4.680078719658346,-1.5981043881184158,5569.4634
421678415954425856,7.384391908503289,56.39551657025375,16.281372,1.0033493,0.43497982891980946,1.7216245311790273,1.1886911419585833,5669.043
421663916144957056,7.47928602679964,56.24709399045936,16.283293,1.1081228,0.249307964919979,-3.452733235691158,-4.792451730949583,6018.795
421660755049204608,7.846922021083578,56.22399441341571,16.283464,0.9982929,0.2657277751777292,-2.131647378148912,-0.9592145735113968,7151.6123
421678209796012544,7.412190230622774,56.37744496854542,16.28591,0.9660635,0.36252953942587035,0.6582460650042505,-0.08574161615050177,5337.318
421689273632794752,7.692468672883776,56.39726988040116,16.28911,1.1717367,0.6526536934777694,-3.8470582244883027,-0.05455216541716915,5697.932
421684806866826624,7.873851772753941,56.297061294014554,16.289484,1.1005287,0.4823991107101719,0.48641565110260643,-2.894379171180095,5437.7114
421664191022838272,7.42192332862282,56.27203529269589,16.293152,1.4777985,-0.008390553609623718,-1.2057715433683767,-0.305069287712057,5238.849
421690957259796224,7.541318019012775,56.495283433642015,16.297052,1.2633829,0.33601826522520895,-2.670861766849673,-4.35243705329477,4915.1704
421665256174724096,7.573430317044859,56.29791498335168,16.303562,1.7571545,1.8009323535054786,14.00377378334605,-3.7137057859938247,4327.9424
421665805930502656,7.584553451988759,56.34490295611833,16.304544,0.88908863,0.3328203262802288,-0.10118670027275763,-0.26497668829156723,6516.5576
421665909009696256,7.6064860725669545,56.37776875718992,16.30673,0.81060505,0.2161411479962994,-2.56899669170069,-1.3110145824337587,7239.44
418684480154664448,7.939684417689242,56.349220293316975,16.307795,1.187295,0.8184555113339536,0.2475589058800446,-1.128545849879611,5076.5737
421662610475061120,7.737006065641366,56.32239769942958,16.30868,1.329278,0.1314130232053111,-2.7767622377893586,-0.038573836241208186,5089.153
421657731392077440,7.412489419852519,56.195855467685135,16.308725,1.0662193,0.534706320112011,9.051866986573184,-1.2351025036843217,5457.872
421689136193688320,7.662670987781874,56.37884329547649,16.316006,0.9607029,0.3685723619683987,-0.23510279764685973,1.7551702119675534,5497.002
421660480171138944,7.681241032338165,56.24764918249427,16.319221,0.96830654,0.35913898192677707,-1.7971742579654848,0.37316593138228477,6192.1675
421669482422589056,7.393245042309773,56.21067800805481,16.323175,0.9972372,0.5199252409081799,-1.756771777668061,-0.19384623056763128,6287.2603
421657765751842688,7.507560949698995,56.169978457862754,16.32409,1.3456316,0.23472891520116942,-1.790403156633754,-0.6716025374493224,5167.3804
421661270445272704,7.860063264339216,56.259629143385254,16.327843,1.1427021,0.30088859835135884,-0.8143233700042213,-0.24159725084148936,6865.4043
421665462333144832,7.654597200582814,56.32222836763775,16.327868,0.99999905,0.20644910092215163,-2.373339732960679,-0.6986135021619677,6052.366
421663709986516224,7.598234411727683,56.27831686926944,16.32964,0.9922981,0.3112221311481117,-2.917678861007765,-2.573010558488622,5266.9336
421670169617316352,7.341774886778951,56.25727108098686,16.330015,1.0189447,0.4728436420587943,-2.2628599293372456,-0.3382061078787585,5905.925
421688826956171008,7.772602311103749,56.47791339091241,16.332596,0.9286423,0.48525877712719956,-4.762334942582467,-2.6512967984423153,5916.179
421686868451101696,7.7311590290674985,56.42457326824537,16.334206,1.1221781,0.3609326103134529,8.847653459058268,-4.203749290695681,4952.1626
421670307056507520,7.353190099234569,56.27269014807549,16.3363,1.2304487,0.24199262455015147,0.22092360104488867,-0.3181034030320926,
421678862630997120,7.424985060440105,56.44047377540843,16.336647,1.0108414,0.5042858208077607,0.05972580936135907,-3.5202487158668507,6014.5503
421662404316631040,7.754798165694472,56.320631164438886,16.337595,0.8593092,0.3043361615536189,-2.2465305515483074,-0.2924298045386992,6366.765
421665909009706240,7.623637912785572,56.36451771281461,16.338003,1.1532145,0.6172336898643269,0.6366805510263946,0.3921035052904469,
421664534620204928,7.53020113589176,56.30932544010611,16.339058,0.8664923,0.3098590247058782,-3.695398372795595,-0.8283815797549654,6553.035
421669757300465280,7.323654519986739,56.24211536741848,16.344517,1.1475544,0.5907450595298263,4.46907295020069,-0.4589110255436331,5515.9346
421686490493992192,7.800904761306276,56.392844256499174,16.347736,2.0367851,2.3173567876607732,33.25150197289933,-4.31061190538726,4139.97
421663366389161344,7.6177862003178465,56.23911811079936,16.348406,1.1716595,0.6492608847985678,-0.9415277354373512,-2.8008062324579477,5307.3105
421665599772087040,7.677704797071429,56.33920004655859,16.348454,1.0428629,0.22655762826531267,1.2721924465223335,-0.2730126901734356,5840.297
421664878217553920,7.44729699311942,56.34169256117645,16.349997,1.1630688,0.7530639202739343,3.0132846610562973,2.09430940830962,4861.7764
421702330333334528,7.444296952316652,56.47462848413089,16.354008,1.1825047,0.5922614018176356,-10.486789887669774,-2.042147519593742,5246.9023
421660205289210880,7.742623736180995,56.21216941534246,16.354738,,0.569912168484433,-1.0714937290722328,-3.762812100296837,
421663916144956288,7.490429625582673,56.250093328933424,16.356853,0.97433376,0.4415267936550389,2.7158947239388724,-1.338314265662689,6024.848
421688242840628352,7.780221686621582,56.45667450193683,16.357248,1.5243711,1.490965939153643,6.915428878244375,-10.820356369715046,4483.905
421661167366059648,7.854307495335421,56.25179124312135,16.358532,0.9669142,0.2013625105038714,-2.0510703236443746,-0.7450607747492735,7800.1973
421659758612681600,7.672458883816793,56.15755172534414,16.359224,1.0824919,0.8530615336163001,0.44324025548838913,-1.9481047049567304,5388.2554
421660789408949760,7.83263567739371,56.18602144264734,16.360304,0.99606705,0.38778489930784443,-3.483266749528169,-1.7790349064466051,6511.53
421669757300475648,7.339141701793372,56.23273712581471,16.362486,1.2038326,0.5605739764476776,-5.006258157100725,0.9533161802180199,5548.6196
421688414639319808,7.7712124500795525,56.45705450490501,16.370323,1.380681,0.9869700574199018,-3.188748641007519,-3.6382533250869606,4621.635
421678278515479808,7.435468047592349,56.3941488680614,16.37752,1.0720615,0.551944105239097,-2.416022448959645,-5.700350633816373,5455.278
421660995567426176,7.788731762229907,56.23037504483053,16.378094,1.52145,0.12223311855806648,-1.2865466824643976,-0.6008468042874153,5131.7065
421662679194537472,7.698799313307146,56.33258668297582,16.37861,1.136508,0.6873224191871438,3.916061276221693,-5.749868890356179,5236.701
421702467772144128,7.443788195474123,56.497660217233644,16.380644,0.97105694,0.2657432506815662,-0.34788041498687894,-1.7895514759212134,6652.5156
421666149527890048,7.550958282085543,56.33587506052303,16.380903,1.5624752,1.493215806942985,-2.994106449892145,-5.527700149922339,4477.283
421658281147866496,7.433312120034276,56.23723400164649,16.381659,0.97139835,0.34305535021911415,-0.4881320080903274,-0.8189297205878465,5916.504
421678725192054016,7.410775572123157,56.42357476982558,16.384586,1.0486765,0.2656794196044552,0.9669729074222732,0.92265234472265,5851.025
421664878217551104,7.449888929115485,56.34568088211818,16.38679,1.3561487,0.30907896431908466,-4.411872179023729,-2.4485972206326285,4925.575
421689479791064320,7.57784735313325,56.4191777626866,16.395435,1.4234657,0.14540737802820952,-0.08616277852896953,-0.7497954187143888,
421688002322476416,7.809747365956887,56.40840188796958,16.399565,1.1637793,0.37554523168435927,-2.9232027137226186,-0.8033152588297054,6944.309
421659311940250240,7.826375510523154,56.17446381350481,16.400545,1.026865,0.46940095407902815,-3.8647994802128354,-0.5952481710748239,5910.933
418684548874131456,7.970164950819957,56.37023406156194,16.400778,1.3060436,0.23775517373528096,-1.1209119018565925,-3.7921115151309284,7473.0596
421669551142053504,7.366157993681226,56.22391726149662,16.403902,1.1493998,0.7060257769529893,-2.452511837481523,-1.0209331286729157,5228.7783
421665187455249792,7.581773017581495,56.29659127656093,16.403944,0.95228195,0.2730894258553096,-4.39478663779831,-1.8353678312254962,5938.0254
421690510583208960,7.5095250278252665,56.43890531433653,16.408485,1.4494505,1.2997742605921112,2.752440505127954,-0.42784822222201935,
421676560528590208,7.376095737642595,56.34480206318359,16.41146,2.5568762,4.468001154431328,16.62185652783562,-18.365145940002453,3467.8328
421679000069948160,7.362621619982545,56.43567386465169,16.416975,0.98656654,0.3591547613384625,-2.1647709739622476,-0.21729098185728235,5722.3896
421664362821540352,7.517168148719706,56.27094456076927,16.423187,1.5495234,1.3858875448804915,9.789352440411557,-3.134470107810189,4496.163
421660617610258048,7.856416033363917,56.18924817214826,16.424524,1.0674477,0.32385165547110084,-2.794395133883834,-0.1060768017831858,6339.3657
421686593573201664,7.775130576325064,56.41032843445032,16.425617,1.0136347,0.3792907674370911,-5.3207943144678165,-1.179659421701211,6337.2363
421665531048404352,7.637879009428528,56.33181795422782,16.427948,1.6392269,2.3977181410098214,40.27446257003053,-3.5634775514830492,
421665771570757888,7.594547079503794,56.354238878218595,16.433924,1.4842882,0.12755804604753535,-0.5736500370735766,-0.09887288168391402,5022.447
421686009457661568,7.753288882310516,56.35343594959274,16.434097,1.2459297,0.11234054961026364,-2.20569559924375,-0.5496686077844295,5311.5166
421662129438549120,7.696282522595822,56.29354925642779,16.43443,1.2579432,0.243592478675595,0.6983996285232427,-0.18122138740293564,5098.6777
421685150464209536,7.858716813393813,56.32037994875715,16.436293,1.0052805,0.5417974451252121,-3.9973055666676305,-2.90934400255353,5476.5767
421689445433671040,7.590339478403406,56.39340387872575,16.438755,1.0944862,0.5402005770873558,-5.389381969207781,-3.408514170801965,5270.859
421664019224171648,7.493677651700184,56.25009535197711,16.440956,1.0891228,0.5116935875730656,-9.228817424020347,-1.068331471856502,5476.126
421685597140851840,7.824199134611151,56.357352582545616,16.442493,1.2279177,0.8472656953819407,10.360397751830336,-1.1795236237187312,5024.2173
421670337114912768,7.320367384192548,56.281384393554276,16.443363,0.98720646,0.3282682713161724,0.06870001246046456,-0.6967675011882252,6520.8306
421659238919078784,7.77994312132875,56.17722745111537,16.447765,0.985631,0.2741405657471519,-3.1583738132070573,-0.82058138979529,7398.696
421660823768684288,7.835566011259391,56.20756548383748,16.44874,1.0950422,0.7218750875831283,-4.444613890893285,-4.413909334393533,5153.717
421685253543425024,7.9187605277981685,56.317024053900205,16.450005,1.1285782,0.6172280750290996,-3.627338425351943,-2.0855969318988103,5265.8525
421690166985817472,7.598761877825178,56.48787154153321,16.45041,1.0364189,0.21608465912037397,0.4794608924116874,-0.08403203010972742,6112.2686
421660274012732288,7.692084662960309,56.21395934680443,16.45227,1.205348,0.2490172223543995,0.4389930367220749,-0.7077632425902405,4782.63
421665634131812736,7.655447521136906,56.352847872396225,16.459337,1.1638966,0.5832766172418439,-8.174279561438802,-2.916523687419291,4994.0894
421678823970818816,7.441067645929115,56.44411732543423,16.46236,1.1556816,0.21124477598692357,1.7804824567236213,1.5573171458248605,
421656868096872960,7.610579200627143,56.15896005078021,16.46456,1.5023832,0.08889087152533516,-1.0183416949294288,0.1705712416582709,5072.289
421688345919841152,7.711415691409902,56.4528012563171,16.471218,1.0175867,0.031189673157393683,-1.698018790627665,0.7725081509497304,
421658143704806016,7.425664431309185,56.22390063284018,16.473293,1.1168213,0.9783735783018207,-3.853878077582486,-2.569211542612461,
421689479791066496,7.604331757890808,56.4079310344778,16.473816,0.9137564,0.2933778931599539,-0.80958619782379,-0.3120481874809633,7055.843
421664775138358784,7.47216147432807,56.319124679333,16.47541,0.9683428,0.3848491577214038,-1.0285391040657272,-0.008889256062666166,5272.242
421691747533913088,7.6507675425712875,56.511261911740085,16.477604,1.0321131,0.44330987753514356,-3.0863681279041937,-0.3567943915060072,5585.287
421685013021068672,7.851120764754353,56.30151938837714,16.477806,1.3180847,0.3439829335161815,-0.11562716094871459,0.4921241695465045,8170.392
421663022791793664,7.574245141414908,56.2093449703793,16.479183,1.0081415,0.1927500564193664,-2.091733207902084,1.2092319439055685,5215.3447
418684548874135168,7.986641999497083,56.366572047638364,16.479755,1.2131243,0.7647459734044725,-3.0741818261672504,-0.6366165665354275,4999.408
421663709986510464,7.592069101843795,56.28400742667093,16.48083,1.150217,0.5994542152586619,0.8311753247045813,-0.9477491672997058,4906.6914
421660995567425536,7.785344462470566,56.23310687618271,16.48208,1.1568108,0.6172788089774712,6.087125808430295,-0.1595077124100766,5338.1675
421679103149150080,7.397448435391903,56.466978173655484,16.483955,1.44347,0.2682160202779959,-1.393461264249717,-3.4542211727877046,4965.9844
421657765751839488,7.505562528385912,56.17442052658245,16.487339,1.0198736,0.511977964346537,0.5739387044413737,-2.326386238556179,5451.0806
421660991265602688,7.807362546100195,56.22979026497082,16.49156,1.2070513,0.2828837771613558,-2.2964212965596635,-0.3665783024329631,7459.9673
421678587753098368,7.342936021820759,56.417867846167866,16.496126,1.0453873,0.4365664735856216,0.2724491890822876,-3.1395540191316593,5534.0728
421678931350479488,7.387087182586699,56.42769897044102,16.496693,0.8418131,0.1933611264033739,-1.9683086189808332,-1.1443530471988475,7428.222
421685803299238400,7.799997064972595,56.312574578810334,16.504951,1.2400618,0.9284985083841094,-7.172784683165195,-1.3155207722835538,
421676491809138176,7.424472944916592,56.3184735174162,16.506557,0.9095688,0.2830452326324453,-1.5906535009597824,-0.7381214631556444,6134.711
421659307638333312,7.817139107480215,56.17898633109457,16.50902,1.3076925,0.9121380305030099,2.196586862271062,-3.604667802859173,4786.9087
421657658370907264,7.440259256821961,56.182846811743396,16.51156,1.014061,0.17494874046238154,-2.5835914696816893,-1.4102954268891295,5318.1953
421678175436272128,7.398882722224589,56.378843221223455,16.51166,1.184372,0.4364087038602012,0.6817651236983213,-1.6547669491229187,5380.803
421690304424780800,7.52488944174555,56.43384795452775,16.514608,1.2938585,0.5372646050240762,-0.09442477875973126,0.8498668281530656,5607.2324
421688101100133760,7.770850493551861,56.4381411866439,16.51693,1.2017517,0.5154946351992737,1.1171662948521162,-2.785571935710038,4920.5347
421665599772094976,7.679746457122818,56.329352283772764,16.51968,1.5526171,1.282304679051754,-4.586532867569857,3.9731381754088506,4495.129
421666630567160320,7.508889419664118,56.38605600908947,16.521118,1.0095558,0.5766761972909148,-0.010456221298210167,4.4637549434109545,6026.76
421677556960980480,7.286871390793028,56.36458091790427,16.522112,1.9877415,2.291406022030746,42.473548504462315,-5.041274169505075,4224.7764
421702364692938624,7.429965979475486,56.46191668557199,16.524208,1.4115677,0.1496651747951758,-0.3409748110280052,-0.06439119529547495,4832.9834
421662850993114752,7.632488295623284,56.19802642302725,16.527834,0.88399696,0.2843462590854293,-2.235373378877239,-1.6845126588175812,7556.0522
421685116104515840,7.835954629679865,56.325590719799045,16.530209,1.0907259,0.5743460293108014,2.2571969477115474,-2.041324803327406,5320.3213
421656902456645376,7.599203959468669,56.17505981102402,16.531677,1.008563,2.9427768277199693,0.37575776858788845,-0.20560558363040704,
421670203977055616,7.3144393167380155,56.25216656383391,16.533808,1.4013557,0.24987798263414743,-2.476063479685272,-0.4277388209002283,
421690712441870848,7.47212600679444,56.48340983628074,16.534597,0.930459,0.20947883714135795,-1.7981596131973085,-1.0016994196364655,5529.062
421678793911523712,7.428133106573572,56.436017120417674,16.541716,1.1403008,0.2514083537576153,-4.9308252712321865,-0.7275978110852412,4907.704
421689101833950592,7.663153908268771,56.371269510644,16.541718,1.0807581,0.2268299339706403,2.0541343181080296,-1.4312290557078897,
421665805930503552,7.584602644784977,56.343982607959276,16.54467,0.98734,0.12795897417465146,-2.378777462355016,-1.3218754298957367,6363.0264
421685597140803968,7.839316238829983,56.35087925535012,16.54568,1.2492762,0.7255324327526389,-0.061447399038501715,-2.695786608225708,5916.043
421659277580465152,7.829197350615775,56.168653035677416,16.546175,1.1435137,0.6741555679014084,-9.328917239390742,-1.234762028873317,5106.838
421690544942945920,7.4855310518822185,56.44320680174061,16.547976,0.9005127,0.31618486949332375,-3.24575826240776,-2.7349662390370417,6063.8003
421661133006325504,7.862999210046125,56.23522762059565,16.549637,1.5532923,0.01884915104378173,-2.010526674681738,-0.509902251680153,5072.693
421676148211747200,7.375077446958686,56.320098542122196,16.54993,1.4345179,1.0888723989920377,3.633476671166035,-1.7740487459000516,4608.703
421660755049204736,7.8506755677274,56.2244981744727,16.551394,1.924201,1.5858319888764663,0.2520099529496823,7.3681059908501805,4277.799
421688655157479808,7.804789663418952,56.481463158265,16.554901,0.8735409,0.16004663742120415,-1.4593704218658947,-1.4143328335312655,7256.8364
421663778705981056,7.573166075187115,56.28871730974672,16.557362,1.1787825,0.8952112712236686,-2.8524856615876644,-2.3448352843808253,5328.4673
418658675990294016,7.92212022749214,56.22293372529106,16.562277,1.0883255,0.30540644619092105,-1.3000402751487932,0.9779194063128414,6357.733
421662782273646848,7.600648603787183,56.17953861748531,16.566893,1.0311975,0.19992740719589375,-2.8102698160069353,-0.45746032943565773,6357.468
418684514514398336,7.956337374018284,56.360134613587455,16.567627,1.3847914,0.3060206694898996,0.10245808292070728,-0.16794221312601268,6408.8604
421653883101435136,7.671097284098414,56.146666792800794,16.567646,1.2363577,0.2560288161738345,-3.7711052577825743,0.3642400479739762,5016.9766
421666420111830272,7.480307088560502,56.36520968009534,16.56792,0.9617405,0.20502897557755073,-2.9813684322187606,-0.5748008022241441,6001.99
421687757502790528,7.8647069587283305,56.44859632583585,16.568926,1.3694811,0.27841341313294027,-4.234632254504384,-1.060882326043647,6006.8257
421657593953315200,7.403344755291484,56.17942538093562,16.572853,1.0445004,0.2667345771605949,0.022430146784444688,-1.5997744693930933,5301.859
421666080808416896,7.504566350625405,56.32375436603344,16.57551,1.0595255,0.22544432730351674,-1.8340976033849667,-0.5066025423014417,5640.4927
421690441863727488,7.530516732585954,56.46597159960572,16.578821,1.0911636,0.4864964482944865,3.204934253130854,-3.9133160295850153,5317.9062
421685425342113792,7.931116318973961,56.349592295437056,16.579485,1.3262072,0.9931659842446312,4.544549642582444,3.253871892182287,4730.8135
421660480171141120,7.671070850796326,56.24289465866052,16.579866,1.0380058,0.41242270328576586,1.4634942728814468,-1.8552213155386617,5468.213
421663641267044224,7.566914612884434,56.2685829459573,16.580057,0.9858284,0.10956386788383488,-2.915230608451727,-0.44115179115924164,
421691330915677440,7.683137277493962,56.469893070836775,16.581558,0.943985,0.3426438327670711,-1.5361392287228404,-0.2976787138622462,6924.6123
421663950504700928,7.520542302820051,56.24481088140044,16.582287,1.4211769,0.23979081378985426,-2.495638213546781,-1.4698866046620271,4957.7607
421659861695896960,7.702126792291587,56.175791381055994,16.58453,0.9275913,0.3781376962368428,1.6543853895712377,-3.0094236018378897,5906.573
421685665860278912,7.855191684498907,56.364182830265484,16.589329,1.3715801,0.439774618427316,-3.807061938924356,0.30474645047208626,5830.705
421660617610256768,7.852652472673709,56.19149813786189,16.590714,1.1125441,0.7609095272305538,2.3934217435371923,0.28801867990096275,5178.106
421670032178361600,7.390784120998518,56.26653544065675,16.59236,1.2174435,0.27021632805938645,-1.6895694166631032,0.6675894852290849,6306.8784
421660170933525760,7.743422806409987,56.20671489191056,16.593084,1.0971937,0.4326897421942935,-3.0276945659176704,-1.6527425458497944,5469.606
421664259742322816,7.47981297134977,56.26952404523598,16.59649,1.2286053,0.7137777009248774,-0.37698694464911936,-3.9430117992981133,5045.5776
421661820201085568,7.745326241564274,56.25194219059664,16.597134,0.9078331,0.22907025515271928,-1.6608127683491714,-1.2650709516515735,6653.549
421689960827398400,7.633324733859854,56.444140574850934,16.597319,1.1250324,0.40468520189711377,-1.1092453143545324,-0.6422097854648361,5316.5254
421665943369441024,7.591101691136364,56.365421284425565,16.601805,0.9820709,0.2191803769828367,-1.6721109217939798,-0.7535474286114817,5875.478
421669997818637312,7.386431275137889,56.24831276321281,16.608229,1.51474,0.21948195485553562,-0.6734412412459377,-0.6210679970204452,5026.5234
421675976413084800,7.377939538716733,56.283328581873675,16.610481,0.9914856,0.33145120659902505,-0.43802273094760674,-0.6822438504244356,7443.036
421670341415987584,7.318274929093558,56.28033535452058,16.613829,1.0932798,0.32918342544297174,-2.6518247683421317,1.0971649463975255,5564.809
421686829789777408,7.709441731340993,56.42610324060076,16.615316,1.4691162,1.7016407689228856,-0.6196415941279442,-1.4601442603464183,
421678106716807936,7.41529072127901,56.364474733061556,16.615606,1.0727539,0.6056642502612472,-2.940874584089811,-8.83321405227131,5309.7354
421685872018713344,7.7724683755339345,56.32364624929127,16.622004,1.0228882,0.32224954313929177,-3.036942333386163,-4.8375501542620825,5731.441
421688380279577856,7.721114964699872,56.4560107565948,16.622398,1.22258,0.6111921721656776,-5.304675735004341,-4.577156964610822,5145.3657
421663435108625792,7.645534432577781,56.26249887673911,16.62384,1.0814934,0.1727902655869718,2.1377701773210385,0.9813250566735298,
421659724256945024,7.682818070151793,56.168791720111194,16.625032,1.0379391,0.3485159887224674,5.3129821663033265,-1.2622405623138668,5394.113
421660480171148800,7.688034324110837,56.233477759949665,16.625053,1.0259085,-2.504498141683472,-3.9206634194424135,-3.1473951863945864,
421663503828099072,7.635842933129609,56.26483796349811,16.625193,1.2633429,0.6172606934943767,-2.3343361857048333,-4.326961168935838,4911.68
421661476603701248,7.839728245385813,56.268829737570435,16.627937,1.347619,0.46748056741099153,5.681571089594904,-0.12121881560085211,4601.435
421676526168862720,7.387639764348377,56.32930438530427,16.628853,1.1894789,0.6938875983827834,-3.289849227239346,-1.6276956074931919,5047.284
421690338784519936,7.555304345621263,56.43534957759044,16.63033,1.1245689,0.6741271287501123,3.943128903848349,2.1943314399992344,5323.19
421659999134968192,7.76701558581104,56.174366996284284,16.635445,0.9676342,0.26163004579421806,0.354799335079924,0.2939937607765269,6130.1426
421665084376039168,7.656482703688239,56.30081842846367,16.636456,1.0159912,0.36552087275582723,-2.196970860697679,-2.2646693717016184,5422.2197
421661236085534208,7.883597732290686,56.26300677011189,16.636843,1.0611877,0.2365656730578281,-0.02000048402632372,-0.9654790959259993,7118.803
421676388729900416,7.3158114232468545,56.334102701142044,16.639925,1.1370764,0.35004611540784414,-3.376426627060798,-3.7123035313129713,5449.9526
421676732327286656,7.3616237577514605,56.33559999264766,16.641165,0.8063755,0.16674145214897443,-1.3922891302873175,-0.3367532367148301,7621.501
421670066538110080,7.379884187433084,56.25038014889561,16.641191,1.5639868,,,,
421665462333146752,7.658518547437519,56.32037992784874,16.641436,1.0231705,0.4807850956244165,-7.179601873724029,-2.166132384982921,5399.739
421667004220761728,7.500814446968967,56.42694161554605,16.641861,1.2331905,0.5323760200537827,-4.046167036866346,-1.6081367874795913,5142.6294
421685043082542336,7.829166188281948,56.303208695031074,16.64443,1.1550455,0.36717718763415647,-2.353966359199577,-0.17236838812010669,5778.271
421659964775114624,7.749670020842882,56.17749725881994,16.645937,1.1487951,0.3573776897572871,3.7616433791032557,0.5051922864761383,5246.1567
421686765371892992,7.757463767492145,56.40920746646516,16.647161,1.003746,0.3213435854679886,3.6868621643221977,1.5020895319570817,5588.4404
421659930415362176,7.676848776909913,56.19080489434745,16.649666,1.0043659,0.41885423385670656,-0.37805997974100386,1.0436091298505628,5452.598
421688723876955264,7.828051555097526,56.48830712639304,16.653618,1.1964025,0.6960504481719507,6.544524020232561,-5.996934615820478,4993.804
421686284335561856,7.700549826608537,56.37909844699081,16.653736,0.9446392,0.3900927290922035,-3.7875836047495826,-0.13401817084486412,5823.463
421684875586348800,7.8964066863127345,56.30826867783814,16.656694,1.5438843,0.36994009937954936,-5.0373619210352265,-2.8133185399001266,6738.5405
421688758236689280,7.78084066192646,56.49568110466819,16.661106,0.94116783,0.4026630428892435,-3.8433881048911456,-0.16488484872134082,5810.166
421660445811409920,7.680672006512705,56.232991840011636,16.661491,0.97470284,0.22758112015467546,-2.9380309095985204,-2.5256506809243118,5779.283
421690338784520832,7.563619280412039,56.433051585578355,16.6668,1.037981,0.35399666714821726,-1.962176370481941,-0.30962828889163163,5292.033
421669516782328192,7.363477391586533,56.205133036014566,16.666908,1.1751461,0.19957070610248612,-2.0729342424139414,-0.9128141466147197,
421659346299939328,7.79647522937193,56.178185655414275,16.667475,1.5332851,0.2491608396804544,-1.6870615113551661,-2.484266787672672,4882.929
421678106716812544,7.421868386244391,56.35958287954749,16.671091,1.1588058,0.16754682854266753,-1.2983627445376988,-0.6489406713406392,5337.986
421686318695296256,7.703605636570396,56.39412579498465,16.67235,1.1388683,0.4554844974711338,5.180015084969389,-1.3842973078164105,5316.8525
421666046451619456,7.532321951866582,56.33240475426836,16.676895,1.1952467,0.6904262787892469,-4.152353278957748,-0.8152896253035973,5004.3096
421687693084819200,7.9045671167883365,56.46147390496979,16.677229,1.291254,0.2859174671031158,-5.666426837185253,-0.9494686800300861,
421662301237418112,7.774551422694154,56.29471950798752,16.677305,1.076746,0.23107082652204045,2.4386506328909014,-2.198318218349966,
421663774404893824,7.579331225443735,56.28869885034682,16.678045,1.0378113,0.36838184853918565,-3.303665562296996,0.23243979718661678,5547.7124
421687413905379584,7.830326903239526,56.44045159547329,16.67833,1.4538231,0.4135824121984358,-6.01235005918629,-6.732053888258435,
421669516782329856,7.370621785280739,56.20304854736187,16.678577,1.2000675,0.34750646986530287,4.234681886627939,-0.4665493710693228,4930.123
421687830523772288,7.847001379710313,56.453920285375936,16.682978,1.2318296,0.5462628278652345,-3.4667351311831434,-0.7112866397667598,5459.2837
421691850613133056,7.702107763167894,56.509090366807534,16.685572,0.9604912,0.180141985503972,-1.3644782940354812,-0.10365332655343454,6908.4214
421676801046753280,7.340956907115557,56.34871245612457,16.688656,1.3336382,1.0257597583164246,2.770861359767268,-7.50725839292945,4585.578
421688861315988992,7.7610436639609786,56.49268843739905,16.692457,1.1907253,0.39808412635592516,1.831272539435527,-2.2723155866038938,5008.05
421691507015752704,7.679547140493985,56.49571462450627,16.694014,1.163065,0.5197444812559623,-3.463834664049405,-5.737058668306523,4973.555
421659999134964992,7.7662005117046515,56.186008167251856,16.694204,0.9529953,0.16859807687818135,-2.007485316265083,-1.0071008778397055,5673.928
421686937170598912,7.924377204548165,56.37221495524785,16.701508,1.6236773,1.2050729416264483,-15.078294503721201,-6.62942230601746,4497.748
421669752999283328,7.329981230986967,56.23434379943447,16.701725,1.0186596,0.26972958644852235,-2.4473907015515275,-0.11105410717753814,5678.341
421664706418895744,7.447631215551358,56.298645108319825,16.70312,1.5522614,1.0998079279226527,3.0130185012524926,1.2857429286072726,4581.268
421666012091883136,7.548359534928513,56.31736738470263,16.706373,0.95473766,1.0778148274022274,-0.7464469617470577,3.6975761868798953,
421659758612681728,7.673035238898752,56.156932743916215,16.707783,1.0833826,,,,
421689445431331456,7.59504436940957,56.391101874136275,16.715477,2.332264,2.8288018757597784,57.11489449392177,-9.731136192504302,3620.5693
421662026359359104,7.715056824739963,56.26212437460551,16.71622,1.1389656,0.6010075967665068,4.015788785448523,0.525241216397103,5296.9746
421664465900738688,7.493488435981029,56.29016674062768,16.719032,1.1196194,0.3768428438425301,-0.12262584304262582,0.6906054961843501,5155.921
421678244155745664,7.433909384547552,56.38783045860679,16.719036,2.6252966,4.398414372411913,59.631927788805484,-14.276202526886397,3474.0923
421676320010446848,7.366418837633688,56.30948942376623,16.719513,1.1134472,0.45788303609233016,-4.569783243405085,-1.0763826490525394,5277.9907
421678141076544256,7.441643384149818,56.37069277094029,16.721203,0.969326,0.15224708516500277,2.5767355869651243,-0.21678693426513362,
421658040625656960,7.4608294676799956,56.19505244553567,16.725128,1.0329237,0.40104151771608765,-1.5833065360061978,-2.7881591606919356,
421675907693630720,7.4169071443019865,56.25932222757567,16.7283,1.1865196,0.5943289761131763,-3.0849191838734495,-1.7270993561992376,4871.7397
421659724256952576,7.702609123034399,56.15977222929197,16.731073,1.0913143,0.1900269226364323,0.8036702056406704,-1.149352817498061,
421661270445273088,7.862173178006221,56.25811967694337,16.735012,0.986248,0.2619685301554537,-2.1520109498711424,-0.7269172086782267,8400.552
421660308372468352,7.657834345194165,56.211864334139236,16.737078,0.9722538,0.34432342082749084,-2.8909899657247653,-1.010653661709577,6129.4595
421676182571767808,7.352052176449705,56.2850537279921,16.737309,1.2494755,0.6672466772747564,-5.893453999143895,-1.3431561420953408,4958.678
421663675626781568,7.591144753761948,56.27318254303936,16.738802,1.0645313,0.38365624086090927,3.182941192065521,1.9816552809550967,4995.877
421689307992376320,7.639610432208724,56.40499516942931,16.742657,,0.32819872425030033,4.141123767164311,-2.7381437745055073,
421691816253379840,7.624560446012268,56.52892659241328,16.743092,0.9601307,0.1918259194609889,-0.1459492822117686,-1.0264765816125587,6598.314
421659861695897728,7.704139772546207,56.1736891065816,16.744534,0.98539925,0.15279471932487151,-1.8201489923353567,-0.6603933770617463,5672.362
421678377293963904,7.374810492843652,56.37830110321626,16.747248,1.0787811,0.3955707787294849,-1.0912594123503883,-2.177379921523311,5312.19
421691850613133952,7.697382809393097,56.5056138015926,16.748661,1.0056419,0.26805322470673826,-0.986426068317703,-0.7403052190834112,6351.656
421691507015756928,7.681629913488434,56.48604824031749,16.748674,1.4719362,0.08847441470553989,-0.9760482658516191,-0.2998533478045267,5000.8438
418682826583299840,7.94188525066243,56.2974741169298,16.749527,1.4676132,0.9577618883195638,0.44998496603220356,0.09940931976127174,4699.518
421669963459125376,7.370701288924837,56.24892472905601,16.750141,1.4189873,0.16503406399132733,-3.0344151322647477,-0.1573906247993752,
421690678080681856,7.481807412491668,56.47515363094897,16.755032,0.8953152,0.2500117858852454,-1.0330129182979744,-2.295105770085436,6286.049
421662266877679104,7.752003265262717,56.296824784577346,16.755835,1.0880756,0.4229810382154268,-1.0832614089811692,1.886642403868544,5241.323
418658779069508352,7.909483247871272,56.232640072499215,16.757627,1.0555115,0.23904206656833213,-2.2150429378997654,-1.255571354893267,7016.6284
421688002322476032,7.81850133908451,56.412271935789754,16.760275,1.3196716,0.6664402773121239,-6.991547627786619,-4.5905701160164725,5034.4053
421666660623223808,7.535344598524215,56.38757123866844,16.761902,1.0358887,0.4625049119407289,-6.181572839786076,-1.713769760948797,5452.4756
421658281147852032,7.417668370644963,56.253566607566476,16.762413,1.0342789,0.3061514994305892,-3.0105298438992754,-0.7274537341550634,5481.4585
421691781893644288,7.615373821453908,56.52078370359967,16.766685,0.9265461,0.22200786112795154,-0.7162729031250733,-1.1599026419562113,6229.1265
421689681648045440,7.689377949848112,56.42388645106691,16.767975,1.2971897,0.6978372697595299,3.3239069384867563,-2.275609551700042,4927.9907
421663469468369024,7.621914679603757,56.251888832616295,16.76836,0.9210739,0.28500469255359756,-0.6998069882929839,-0.8451639284674817,5676.1934
421689926467663872,7.639521620108168,56.423741295337095,16.771856,1.0306702,0.3089152537008251,-1.0292248058666937,0.8174245242365497,5459.26
418684647649512832,7.94698266382599,56.38689184704096,16.775583,1.157568,0.3214856139365263,-2.087160956623715,-0.7239075090697278,7576.4263
421666630564191744,7.508636716550847,56.380120174469816,16.777042,1.0654469,0.2088457313510657,-2.3496419154908517,-1.0216493496523835,5316.0645
421653883101436288,7.664254864305797,56.14348347610968,16.777174,1.3192482,1.0349978993059077,-2.936421782156751,-3.914989140547547,4933.4287
421663744346244352,7.560514036219939,56.28525839472772,16.78088,1.0108452,0.3447101065226323,-1.6397215824852545,-0.16009423334607123,5368.361
421691816253479168,7.6096615104128125,56.52772085126735,16.783146,1.0197392,0.27190356341403044,-1.0660848660602549,-0.19015686483953284,6039.15
421663503823958912,7.621239306844561,56.26807880893375,16.784424,1.0220184,0.29764936333511627,-3.025212848136018,0.3034359086624851,5855.4077
421671131689946368,7.286632623289156,56.30598052568686,16.785982,1.2624359,-0.010925175135898786,0.039182131561730414,-0.5463740524811342,
421663916144966528,7.498372081701588,56.235699254417426,16.787453,1.4571419,0.23700255180147978,-2.174174427184469,-1.3047180360823616,4720.2236
421656803679187584,7.618866553091097,56.15403157887383,16.78848,1.1169243,0.4025446593716355,-3.351378675527311,-0.44940813483063563,4980.219
421689411071592192,7.61270482262255,56.39922552669603,16.790028,1.1833401,0.5295647933049326,-1.5687614882928342,-0.12856847704081603,5025.067
421657417852693120,7.474150765780088,56.15956132187877,16.790346,1.0759544,0.21504319243056563,-1.3742674629559195,-0.7757778613522388,5504.367
421676281349738880,7.327629159100996,56.31904291552014,16.791008,1.4842501,1.1857025794422051,27.721697531267246,22.999090079778828,4457.6016
421664942635578240,7.658698906967916,56.28233479494604,16.792055,1.0209122,0.2849488111158504,-3.0982331156131178,-1.0756428063028307,5711.1133
421656906758390912,7.599259489595528,56.17191734631919,16.792187,2.177968,2.1216914594349485,3.5419952277916154,-8.404137757660141,3839.5894
421688723876955136,7.834103637877256,56.48925349388773,16.792498,1.067236,0.19505755332803518,-4.698654379367294,-0.8451409660018594,5970.825
421690854180584576,7.5415464760873645,56.48087524212375,16.794882,1.0651379,0.43661857818618166,0.665108684360247,-2.1064186848623256,5206.2993
421691507015753472,7.675058831297561,56.49337260812756,16.79873,1.1108932,0.2575492070996007,-0.4855562245756945,-2.2355549329717928,5480.1074
421687143329021696,7.904402280736676,56.405639370226574,16.804796,1.5084276,0.36599750273108944,-0.5635924137383035,0.188737247998614,8290.205
418682762167785344,7.968580424645048,56.2966194295187,16.80509,1.8202219,1.417775916702,1.1458500395980473,3.4832900975894403,4361.1353
421666939801813504,7.47385465230501,56.4053264010381,16.806593,1.2421932,0.621223460480475,-2.371004255966957,-2.8852066417931534,4849.054
421660858128421376,7.796264002204166,56.20901386308941,16.807138,2.1018972,1.560020969815487,6.031744860041191,-5.9319351172597115,4062.334
421659758616687872,7.654650175813329,56.157761176904934,16.809431,1.0235405,0.2577876651288027,-1.3298482769840103,-0.8143277669311355,5534.1973
421690716741630464,7.493200653198189,56.47626331373514,16.81033,0.934515,0.2377518206078243,-0.9894070664179848,-0.7078673814472787,5927.252
421689273632792192,7.672561955305462,56.40500201562011,16.812435,1.0008221,0.2889838189846356,-2.771813842471023,0.36095442887581775,5724.3125
421690373144256384,7.565951163174812,56.44293055454633,16.813915,0.8704281,0.13760812287232083,-1.4299472299294516,-0.21102823666067555,6920.6216
421663984864431488,7.515821855341379,56.25595278302485,16.814133,1.0272236,0.237639388283591,-0.3706561098734329,-1.5810083052070192,5522.764
421678446013534208,7.324922389986177,56.40036718880228,16.815277,0.9984207,-1.5614859303192845,-3.1796401117353024,-2.945191973690832,
421662095078820352,7.683984665189701,56.28137314458101,16.825155,1.9594307,2.8226940950606565,-6.111938063280139,-53.19362918149065,3934.1228
421656769319445248,7.588958884048145,56.1557639571221,16.826418,0.99206924,0.21220136008278737,-3.684473319991251,-0.20489052952598066,5523.619
421688208480893952,7.786062725538609,56.44700776684061,16.828234,0.9772415,0.24514374870228267,-6.170007980835417,-0.10104096463654676,6342.4155
421686593573198720,7.7683086077888435,56.4202820023191,16.829033,1.0998116,0.28131684919815964,-3.652164729372848,-0.3688991751104509,5536.6133
421686078177141632,7.740356523954932,56.33469049169788,16.830095,0.99601364,0.29835047466360654,-2.236811893800219,-1.1510356206167538,5221.8965
421678656472592128,7.437452354745752,56.40552838012949,16.830902,0.8935852,0.1918114848515863,-2.708565887050158,-1.1338135401184315,6226.0225
421685768939487744,7.818811488377994,56.38993318754381,16.832365,1.1852951,0.7327841198190466,4.7254013436078095,3.3464182270219114,4987.1245
421691472656016256,7.698089924380962,56.493508910171215,16.833569,1.1849575,0.4750536211064569,-4.23282263013555,-0.46080811749530937,5283.093
421659586818002816,7.759145400333876,56.161926209785655,16.833757,0.98892593,0.13163232950853054,-2.121593448723446,0.43931406583054966,6365.346
421656769316183680,7.601432801409661,56.14689395646264,16.83919,0.9976673,0.2268869785364199,-4.085534888353046,-0.5191035046055479,5525.181
421665427973391616,7.588564009375852,56.330982660702816,16.839478,1.1622753,0.26356725325918,1.1124657793768395,2.1228831304502425,4679.6123
421664843857827200,7.444181876647793,56.32646096265075,16.841995,2.200427,1.551276463850414,-1.9095944626883905,-5.556546537866874,3758.7231
421664221081467648,7.458543860089634,56.27487321067477,16.843136,1.0479031,0.2615514834606761,-1.0173994022302233,-0.5366670039833364,5488.9565
421676246989968512,7.311219228224351,56.30690905893621,16.84463,1.8925343,1.764342309076015,37.528266967147076,-5.994591326913945,4205.3135
421661614039268224,7.761816594361912,56.22073024765373,16.84595,1.9356556,1.9145919999325887,-18.036213074014494,-7.335406566218874,4011.2422
421687864883506688,7.870966404669308,56.46879418878066,16.84961,1.2563019,0.3564450118439747,-0.8369344035124922,-1.8272605839875395,4942.415
421663881785231616,7.501654171518833,56.23080981422454,16.850992,0.9083309,0.3333507928025561,-2.331163035792898,-0.5278078682747035,6090.4966
421687998020831744,7.8017665682924475,56.4166384277096,16.8521,1.0854378,0.4915299121190819,-1.8975078682634456,-1.1168487024502298,
421679000069946624,7.360311902451104,56.437559209948,16.852415,1.431036,0.5977736860146181,1.0173962508048537,-2.1266807303987543,4685.931
421689411071593344,7.631039379321655,56.39137626832402,16.855196,2.16994,2.272277966416853,-8.524925053001851,-6.718685711937489,3877.2378
421689819088661376,7.687320428650271,56.44174164810495,16.85603,1.042036,0.409133628335889,-5.7146168113127285,-5.208004966521808,5252.9893
421689445431328896,7.573108611237397,56.4014951556832,16.861149,1.0232315,0.24615113297131794,-0.9873970695424714,-1.4335090817224367,5438.897
421657387790685312,7.499957402797048,56.16498762047895,16.861795,1.1070786,0.10619455129680339,-2.4276773449532,-0.8046784936598632,
421664259742320512,7.476428947063808,56.27162533092435,16.863134,1.6269321,1.0911892934041674,-11.567104576245834,0.3315841103660379,4253.2695
421663538187848192,7.589222237596292,56.24321094127747,16.864347,1.4793854,0.6769280235974623,-1.2339384034031926,-10.481956139555587,4588.0083
421664083642483200,7.44874558926516,56.25525668315037,16.867147,1.2549973,0.3405791980876695,-3.657320345747704,0.9816355933486073,5206.551
421690476223472768,7.505410488189158,56.43010258403196,16.870018,0.9737911,0.24204481614229634,-1.6119322811637493,0.680561033261372,5575.5454
421666355686291456,7.440958596412891,56.360334928750355,16.871548,1.1971626,0.4850511211882633,-4.897613852302914,-3.803972220701005,4862.2544
421688655157476736,7.7874352892094425,56.48993033089104,16.872314,1.0257664,-0.10053257821058142,-1.5972782609429226,-0.6879918244240784,
421665084376045952,7.669518311559088,56.293256027271326,16.874308,1.5909901,1.2169975663366692,5.549814794262654,0.3053336659259355,4478.367
421657937550513280,7.518869506689944,56.20473271018666,16.876583,1.0508385,0.1588459853138113,-2.512959311324413,-0.18196477013944315,5665.4683
421689479791065600,7.590619041007273,56.412977082262756,16.87716,1.0564709,0.2950435652789083,-1.2593924652137158,-0.37432311372426513,5152.121
421658006269978240,7.481721816434714,56.2166542420294,16.877724,0.93621445,0.33342306404971933,-2.7597899496046345,-1.145768488991795,6043.7
421687555645874176,7.90970299944913,56.434790429976445,16.879625,1.5105839,0.9998845827257845,-5.140823505646092,-3.429157238696267,4493.5474
421677144644135552,7.287093793581288,56.34325867795978,16.881178,1.161314,0.40567281365839536,-4.167168268666602,-2.687034924416102,4961.8477
421659930415352832,7.661617833696387,56.20260200089762,16.88167,1.0291767,0.1738757847010387,-1.8879689091734762,-0.02554141773615434,5717.5537
421665565412342912,7.6394192313546645,56.340947942420755,16.885109,0.99004745,0.3875392326469457,-0.4903475295176116,-0.22903019212350312,5200.72
421690270065046656,7.539509486382531,56.41407742963234,16.886843,1.3222656,0.17464309207777637,-0.19984021201482893,-0.9364887679873114,4820.4023
421689995187136000,7.607124812798248,56.44384703664264,16.891333,1.2804699,0.5521746463703623,1.2854119981397514,-4.775119726076955,4749.5913
421688277200374272,7.758966154108033,56.431002307486146,16.89134,1.0264492,0.14739124669865145,-2.235686303729779,-1.291997788765871,6039.2163
421689273632797056,7.690144132850098,56.388327048592664,16.897379,0.88492584,0.13267053843854631,-1.6594879341370936,-1.4475804646100698,6365.35
421690407503991424,7.525089801832176,56.45101436939975,16.899895,0.9229078,-4.572832485320035,-7.466173904262961,-3.6807576771431885,
421663572547573248,7.578102004055822,56.2612973774618,16.900003,1.0635071,-0.03939830080911105,-0.20736245602993578,-0.4253454321345477,5587.8203
421657147279411328,7.544851690301322,56.18765020918202,16.900402,1.135149,0.6094387546175746,-2.4277540129254396,0.5626303298310037,5072.8965
421689269331119616,7.673008951408879,56.40731833630686,16.905779,1.1852016,0.4386953900956629,-2.296759387134852,-0.20823636328782022,5158.019
421663778701807616,7.572525086124091,56.28896643247184,16.90658,,0.3754437022838386,-3.599401893860582,1.0173750271423059,
421658074989462912,7.455961465646368,56.20060584403584,16.909306,1.308176,0.8724370184303368,3.846348859179768,0.24852700898918545,4891.7427
421660308372472576,7.675806889282194,56.20767785615725,16.915413,1.1185093,0.3782778232705711,0.2994317992930742,1.656830961648922,5193.0513
421665698550423424,7.654194796002556,56.357858014394,16.917004,1.0706615,0.3105881152719824,-0.6664425807934631,-1.0859217938490817,5360.5273
421666420108627712,7.478046511257178,56.36507418562661,16.917038,1.1758842,0.32423465802609175,-5.187133155809625,-1.0298531729446552,5000.0254
421663400748900608,7.639803841882721,56.24057729365349,16.921598,1.1472797,0.37185445374823484,1.947759130521061,0.8818335855147117,4799.0493
421659243220726272,7.792530894573768,56.16529188542591,16.92461,1.7196217,1.2926425028911264,8.792892981995431,-3.2347556692169928,4438.896
421702330335548672,7.4394886616014375,56.469584414592745,16.925285,1.1023264,0.8671202365342527,-5.9800399710520935,0.2654963647158176,
421660651969995520,7.873955531550092,56.19324551095263,16.92711,1.4589672,0.2714976205691739,-0.7993662744747697,-0.5464486341900398,4756.7437
421689479793404288,7.576523313084546,56.41321354880204,16.931139,1.1484852,0.3075357636059442,-4.409579351303339,-2.5720313829213133,5054.319
421690751101376256,7.56781208919935,56.453315725573226,16.9315,1.0525131,0.09437540686535316,-0.43424391471611173,-0.651817239623964,5736.503
421689617232356352,7.591069312884706,56.435790429465236,16.934052,1.2382603,0.6108685628048236,-5.372069350853067,-1.9371315599755268,4965.1367
421660308372472832,7.670110016720321,56.20638839949549,16.937105,1.0938339,0.4701679061275481,-1.7439532170215153,-0.6333547759283589,5229.809
421702364692936192,7.429270153042034,56.47098367172816,16.937878,0.94423676,0.2268343913039733,-0.7260362269854587,-1.3949732842638634,5678.2783
421664912577371136,7.637664277132832,56.267081671795715,16.93828,1.374466,0.0935403757114317,-1.3737706894279036,0.5188112856739352,4915.691
421663503823974656,7.630351803974583,56.26084449857225,16.93844,1.8190117,0.8668075265737456,-7.635706002968618,-3.3452523451175207,4254.2666
421657697032343936,7.404087688777314,56.190283178594996,16.94061,0.9430504,0.1747920909198307,-0.5558204090584317,-2.1746927686422737,5337.4
421678587753091328,7.34500128666846,56.427262430333954,16.942465,1.0061054,0.1317467103612905,-2.2033005462533275,-1.1114238554891671,6076.5234
421678312875202688,7.38989475454451,56.40756488958067,16.942785,0.9605255,0.2078119094809526,-1.4103807077302783,-2.8538070216755327,5339.246
421669448063051520,7.388783839970196,56.19747589437714,16.943201,0.992157,0.15992916709899424,0.09257106192803483,-2.281344790817182,5653.299
421688861315907328,7.771044205894851,56.48683322798866,16.946198,1.1216736,0.2683737765266264,-3.167051276994228,-2.1549465629007845,5355.415
421664976995319168,7.627448306225563,56.283793433379834,16.94721,1.2286968,0.4470280927753488,-0.62121205553244,-2.019297185799636,5065.705
421686043817398272,7.7703028001404615,56.36337825553438,16.948904,2.147027,2.9625162995891605,-12.401470931628102,-13.009670494313887,3580.8337
421658281147863168,7.442295711166839,56.244148541071105,16.954912,1.0026512,0.16584211820421352,-1.5648903642511724,-0.054181376922414995,6291.2275
421691330915700608,7.70029365091815,56.47245774947156,16.95678,1.0121498,0.11196198203834606,-0.83941037973749,-1.416379034314052,
421676732327283840,7.343960601414092,56.33894238644259,16.957499,1.3982525,1.0080572565821262,-3.176879499047891,1.823476691785963,
421663160230730496,7.576238560566034,56.23489786823747,16.959055,1.056282,0.27544900180773185,-2.8132282532549904,-1.3301532567410717,5449.232
421676968544711552,7.3497772052056085,56.38414423804277,16.959864,1.2443695,0.2852745868786052,-0.5648014721218159,1.1019200150732753,5358.206
421661682758743296,7.748999831993925,56.221098181232065,16.960663,,0.14597106955917633,0.9978874248673238,-0.5941990932158633,
421661923280149760,7.707400318439066,56.25199745202749,16.965513,1.1197186,0.37271964382224737,-4.445669622058971,-3.5009853372580375,4880.099
421684978665563648,7.848163052575069,56.29459638534077,16.966534,1.2107353,0.9176341577545959,-11.471929005504709,7.601614499715158,4998.557
421665664190677888,7.640735742254116,56.3530354398545,16.968744,1.469265,0.2694523413109388,1.1273922483559535,0.011173547723594178,4746.633
421662816633377792,7.604405257233802,56.191511528803105,16.969564,1.3747864,0.7337453150824909,-3.1415393097669106,0.7929300179971478,4426.099
421665389312699520,7.571858251434029,56.33093869687184,16.972263,0.98939705,0.3025591123413328,-2.849627406213741,0.5125407416651052,6357.939
421658006269973120,7.4744141019968255,56.224335477723294,16.97272,0.9812641,0.26208352313679045,-0.18520585162624725,-1.0609263457442912,5119.101
421676697967532416,7.39983662616178,56.36574821857026,16.97427,1.298439,0.8443712602756369,-1.2073664809200506,1.1614855488241342,4791.131
421689372410267136,7.625980994131883,56.388846077330555,16.974646,1.261404,0.7003769069740752,-4.112460470709844,-3.695725864166407,5121.9937
421689926467662720,7.634566856602687,56.43023691973038,16.977318,1.1542645,0.6326754767437278,-3.8910873125609933,-8.808471028627881,5276.1567
421664912577377920,7.659039027874305,56.26042516780506,16.978863,1.1055984,0.34119352109338225,-3.485521268600085,-3.114278177649161,5232.2847
421690854180584192,7.5340372215797045,56.48167885533114,16.979822,0.976881,0.3605293901608827,-1.4103741968618986,1.57450631388512,5515.032
421690854175237376,7.554745782485556,56.47647531160444,16.98497,1.3591576,0.541449198457649,-7.043717191827046,-1.6600981561207355,4980.2686
421689239273058432,7.671634651044353,56.385801429231364,16.985157,0.95347214,0.2544320566789699,-0.6048206364025721,-1.4032640145889297,5382.18
421662301237418880,7.785201089101638,56.289152483018135,16.986992,1.9171486,1.08637661056766,-9.203112060796277,0.37252878301692127,4118.906
421686284335563648,7.706278271253542,56.371894652521696,16.988594,0.85042,0.14664396234189003,-2.4759061304561443,-1.1366084485685959,5851.6543
421664637699432832,7.485696244001403,56.28620617581598,16.993149,0.9877243,0.2028950315569144,-1.9322471545264184,-2.2826623514503215,6029.7188
421686073875231616,7.720330865996813,56.34490502278388,16.9943,1.2796555,0.10960393707961316,-1.1842264458312701,-2.121140749495167,
421686043817399552,7.7718749666693405,56.35832022040838,16.995556,1.0236702,0.13633824705529535,-2.8983550126907534,-0.5280650421540728,6084.5347
418685029910453632,7.956938127883134,56.39663450320766,16.997278,1.4737911,0.8187879943277411,2.9517378588240604,-2.4585392462718794,4700.349
421689376711855616,7.620943026153258,56.386373802741225,16.999441,2.1139278,2.034340081621116,7.550485985961533,5.419275470013059,4117.484
421663847425492992,7.517397578241885,56.233296943114375,16.9997,1.0658112,0.18848412313304858,-0.7152156151081573,-1.005863996255177,5630.1934
