source_id,ra,dec,g,bp_rp,parallax,pmra,pmdec,teff_gspphot
407524608924777600,22.245052286297806,53.5069030538179,9.7556,1.5806684,1.820704373816604,13.389449326897928,-24.658982376005554,
407530518799741696,22.232596421387402,53.67510782543996,10.17517,0.3375988,1.620120828393689,-5.865209734834186,-0.9263691895781402,
407536188156572928,22.32431905912244,53.67372698500018,10.231386,3.6095877,0.34177510315158355,-2.3075031244476745,0.4009067965976487,3521.345
407528422856606336,22.17814955662362,53.59419692312752,10.92175,1.4196949,0.9955443192558999,2.8701630100482376,1.8986319035708092,5132.0337
407525089961106048,22.3034333191482,53.552313347865365,10.955379,1.3112822,1.006786816258892,-2.4500912230182323,-5.437274525261781,5270.674
410534109690165376,22.099511600793537,53.74845281153476,11.167807,0.943943,3.4976655161822325,-13.021831597878599,1.2012132854085489,5759.4814
407536527462002944,22.26417510489524,53.712111908430394,11.233576,0.8826523,2.4154184752564984,18.315718908359976,7.156078269983885,
410534247129108736,22.11287910177314,53.78527029777342,11.345143,0.55846786,1.3144221319363254,4.080505549561542,-3.2636746089368724,7723.909
407536531753949696,22.262584072165296,53.711602548403306,11.422131,0.8659735,2.442720595321209,18.174982822648218,7.247325679694881,6341.002
407434930007011712,22.06326773316077,53.54809367642541,11.4342785,1.4844055,0.74605813201097,-1.027725652325738,-5.713968406990324,4800.4614
407529384928385152,22.084687406614137,53.62092065200574,11.455735,0.9664564,2.0433887569496076,29.433824186543944,-4.568459272043627,
410438555257868928,21.907719051759084,53.62068820208254,11.468133,0.8831825,2.666274763666292,10.310343931782587,-20.545961252686872,6225.6704
407526739228536320,22.330251267146892,53.60212199276462,11.679114,0.82538605,2.939444160132756,8.067500139891864,4.615225217422051,6227.7417
407528354136243840,22.19543466550948,53.58460965548899,11.750087,1.5684052,0.449816443967517,-3.9399116417228193,-1.8815622563960699,
410532249964924032,22.034332046530977,53.70155218982327,11.958593,0.9001684,1.4949389726369624,14.482066987615955,-5.491550964835206,
410437279649454080,22.01811529897406,53.54757521968922,12.020189,1.2460089,1.3748530995203367,10.994338571235765,-1.698422643057438,
407537012790282496,22.304601376959265,53.74973493804195,12.051255,1.8163614,0.49764214947491137,4.6884372139771955,0.4161006675017711,
407529488007596288,22.122564507360185,53.64918491267797,12.297863,1.6115828,0.39450510425563956,-2.76735924183403,-1.5581904390259855,
410531906369657984,22.045771996252356,53.65514550426934,12.298823,1.8008089,0.2748704239369789,-1.8277673535700827,-1.4031211739946021,
410536411794439296,21.875208055915337,53.76186484651548,12.340555,1.3720789,2.355100627661905,-1.3034362526410916,-3.816212328204502,
410534792585668352,22.003481539017287,53.782230173271856,12.563378,1.8495846,0.2545697854470515,-1.81011859978649,-2.33354946450452,4581.248
407539482393938176,22.281667428409197,53.830671472377134,12.585344,1.8988209,0.22013419163728207,-2.2248684326962254,-0.04585825751938766,
407528968314872320,22.072909021009156,53.59824401891852,12.587923,2.8786259,0.35536640656078966,1.1853614344690526,-1.631736171209356,
410436936052070784,21.968770028611495,53.543882905046964,12.670269,1.4438047,0.5076746172734385,-1.7846287451863736,-1.1685238483055276,4836.9116
407526223832817408,22.426377515611897,53.59444624571881,12.6780205,1.0198498,1.3165381483241785,-4.025513130997919,-10.724043124981316,
407537764407020928,22.17132278054836,53.78865446723505,12.705036,0.75145245,1.3333280845878261,7.03568619778082,-0.5019100363195865,7261.9375
407530377063995008,22.29392208422399,53.67443126863207,12.726938,1.8469353,0.22168160181531404,0.38448163560746396,-0.6122835414590931,
407537661327806080,22.17910464884872,53.76982874530832,12.72889,1.4744139,0.48907347182222943,-4.487474153846724,-1.1372496485646841,
407531132978237696,22.1481176038715,53.69957117139286,12.755515,1.0727243,1.5542312007116605,-5.095046806014821,-0.2191757645756186,5794.8345
407538108004403968,22.214735566812344,53.80720151282828,12.759044,0.94135,2.0066662447683705,12.9899126298557,-10.0001317044205,6059.953
407529552430275968,22.112173609229927,53.65424162113887,12.787178,0.9673271,1.1586305816233322,-8.539015831716513,-0.8863980797592685,6228.1895
407537008492777216,22.318109147894845,53.75318368124263,12.791098,1.4594297,0.4642197414906084,-0.08667087463210826,-0.8020682769833649,
410534968683616768,21.971974409730514,53.773180153669834,12.842325,0.74458313,1.2026592012927133,0.17625776276689997,-5.054778194304144,7240.1157
407536566113686656,22.265117498847715,53.72578312376139,12.851146,0.93531704,0.996260091154576,-3.956366019671254,-2.800166281352632,6099.4907
410541149137159808,22.046986873239973,53.827134188084344,12.876919,1.189703,1.2420179591305922,-8.443651090450135,-8.76019026939196,
407526464351000832,22.369785964423617,53.567173835693204,12.887602,0.8839598,1.218343748109331,-10.413097665403544,2.3880065168931166,6270.346
410532391705053824,21.962967155585144,53.6452165921897,12.911432,0.82109356,-0.35984382030385703,-2.286373188739383,-2.8702268862131053,
407529419288121984,22.087151704439083,53.627999146818134,12.930471,0.7778654,1.0952619947120739,6.358837233519476,-5.226025438340553,6933.871
407535981998377472,22.418045198643394,53.815617848927424,12.948158,0.81412506,1.254675689384046,-4.104062296408108,-1.5698081472664691,
407528422855717120,22.193397701997405,53.599094813103854,12.962166,0.95190907,2.17144258859611,1.3212930636185192,-6.616942524322222,5798.405
407529449351062528,22.12730257877393,53.62747128637945,13.067317,0.71985817,0.6961907208029168,-3.0153587128554817,0.7548109717535043,
407535397882859520,22.43192776190175,53.7575199970325,13.070739,0.44776535,0.7017518571011212,2.165827203186846,-3.1697472691475514,8997.237
407527323344078720,22.327225725492138,53.651454717480306,13.129802,1.5361233,0.3593246818157035,-1.645206367562932,-2.6731691060408136,4951.1377
410542252948206080,22.197421339603203,53.87589254673573,13.131925,1.4938374,0.35272860569613873,-0.3750447842063894,-2.5596456793783124,
407538451601788416,22.359602258608444,53.779309674629076,13.14187,1.5143709,0.537505311630274,-5.702189791911176,-1.4835874090842984,4758.486
410535685938774784,21.8660312320334,53.68852995892458,13.1484585,0.98004436,2.3885833942275094,2.957641501719565,-7.929327861761363,5842.458
407533675598875136,22.422843716815954,53.73120611735338,13.149294,0.91771984,1.7067343842089773,3.1691028695387553,-5.311980867549101,6097.1274
407535599743503232,22.416349495257016,53.800421308442566,13.208019,1.058569,1.2705906624174155,4.975715201923215,-1.7067840444562894,
407524849442942336,22.304112801270175,53.531794391425386,13.208848,0.8256798,0.6917942118318179,8.833530118492176,-1.3220158229845964,
407533061417865856,22.42347493271238,53.671724924833335,13.218066,0.55992985,0.8216540362970821,-2.8689731260183606,-5.601254085008254,8275.959
407433864856922240,22.118165123606182,53.5048907062773,13.238128,0.8676634,,,,
407528113618076416,22.252911936328857,53.58061326874168,13.2449255,0.84142494,0.8060233380803056,0.035676531817336335,-0.34816918052439627,
407527770020700160,22.14578689052649,53.54528968822973,13.265487,1.526515,0.4421754461503644,2.939663588887904,-0.297697685785162,4772.4297
407533057123588096,22.424314077498874,53.67114335681027,13.296783,0.8317013,0.8178263701999215,-2.7742335803266394,-5.515623723997808,
407531717093068800,22.150618527112208,53.74706593359222,13.300256,0.74132824,0.7006550217884091,0.2954065374648803,-2.4645247641355303,7728.6855
410535346640721920,22.026948714509988,53.83098934261389,13.307523,1.0528564,2.4737771632842342,15.32331790092557,-2.6805884925831616,5646.528
410533731733052160,22.04845530191115,53.70987679669246,13.344283,1.0744057,1.7391330513075305,-0.2011278779715795,-12.277083571598446,5386.744
407526670509063680,22.289736794316216,53.58589780738959,13.426097,1.0394897,2.0669381174819135,7.912755811121294,-14.561807087582828,5433.31
407533057123588864,22.432663684142167,53.65834606592361,13.441926,1.6024332,0.329626020586538,-1.3877223431219852,-1.6387788949423552,5077.5884
407524608924775808,22.248392223710905,53.51681644481209,13.450922,1.7307415,0.21712466170399378,-0.6182429733592828,-1.127109828771004,4591.2383
410531601429283456,21.958862420809393,53.62242110835549,13.516807,0.77095795,0.9603914919954379,0.4419551692164829,-2.2717998465537788,7308.0293
410540805539775744,22.15978945325771,53.85880143617767,13.528069,0.8380642,0.4169315859724882,-2.059566435254957,-2.1350556177935105,6734.11
407434616473366400,22.105869609375276,53.51624151399507,13.537124,0.96342564,1.9939412548825002,-16.470813881042876,2.1002165169920053,5647.129
407536428674733312,22.32807464091244,53.72579965118525,13.5415535,1.3982964,0.3473310282748945,-2.919632497067227,-0.6526521391811249,5244.2993
407537047150018944,22.314707028469133,53.76007941153731,13.546483,1.4221802,0.3628141219231327,-1.1526450727821518,-2.6198968825103295,
407526601789589248,22.303927901800982,53.57614283716355,13.550993,0.927289,0.9582119672589275,6.761728519372288,1.0899964110329778,6080.5107
407530140842627328,22.287224818281995,53.634769819399985,13.5757475,1.1942387,0.9841288627711365,1.6773234566692419,1.2284387582184366,
407526872370686720,22.38920790957968,53.590584490082875,13.581145,1.4851141,0.3071143928930459,-1.438347683140717,-1.3462898803205003,
410537992340588544,21.928803696044113,53.79410025199385,13.602214,1.5197582,0.312364033541935,-0.7233442824586285,-1.29693866342854,4998.3896
407535535321796992,22.45487377053403,53.787444848354994,13.622295,1.4712143,0.40508261805946777,-2.565468128965421,-0.01527011469258451,
410532082465691520,22.01067136765403,53.65558610346834,13.623863,0.6156292,0.5614561702014975,1.002363180876818,-2.7299005650440225,8232.737
407537214651234816,22.30116381279118,53.783710682738146,13.6287155,1.1739101,1.3037868576259912,7.6472032198699225,-4.475236391888297,
410437249588010496,22.010138786240553,53.52858424965256,13.644408,1.107811,2.103207048746228,6.632517424070351,-0.1664731110542964,5253.999
410534350208328320,22.056096453496448,53.76833607428943,13.673209,0.8566656,1.0003372193634068,3.7477767270041524,2.702800219004956,7077.082
407539521051173632,22.307760970780944,53.83101411329741,13.674174,1.0803862,1.4037282028797016,-1.579450659001824,-0.08486515849665925,5714.9614
410531700211241088,22.019757165869606,53.64102155914936,13.67453,0.8710127,1.0735730171633742,-0.0803905755090854,-0.38632528089691764,6550.6504
407530961179548800,22.13087049378029,53.65702651507454,13.687957,1.449666,0.2619584326529066,-1.9058004168006888,-1.8144824339299617,
407533405018072320,22.372769041041334,53.698673644121705,13.710952,1.4515934,0.3209888076650606,-1.5873401588248024,-0.6098017767391366,
407527770020703360,22.144199691607817,53.53155265041729,13.717885,0.96473694,0.8081766526793163,7.001345214727805,0.5013535985805526,6204.104
407526911027587200,22.356368794379865,53.588489506995316,13.734615,1.5518513,0.42187503815115907,4.490117604050995,-0.1993221037866637,
410536274353681664,21.857867607621817,53.74962511708681,13.73763,0.982563,1.386894321456337,-2.4139742282273633,-1.409640260366761,6177.4624
407532958341506176,22.388609632538227,53.64247237832935,13.747481,1.5469227,0.22743200515067086,-1.3635084762054326,-0.8147870240450901,4938.363
410534586427186560,22.019975053402035,53.734942251919676,13.804423,1.0954285,2.073977465816579,-10.925847499890407,-3.870272106814359,5552.8374
407526017674407040,22.408323735824744,53.55992978064697,13.825295,1.5032988,0.2842502935412606,-1.433655833844769,-0.8540148806966923,4675.676
410438830135769728,21.875295053129324,53.64554689890536,13.830264,1.4405022,0.22567658514530844,-1.6156302104712834,0.14721591598450587,
407527563862275328,22.235613750762894,53.516954369467506,13.856789,1.5095577,0.251296161266524,0.770379708253395,-0.773557442327359,4625.4854
410532181247592192,22.013413186631876,53.67645881290905,13.866455,0.6525698,0.5621216714874606,-2.859929971342715,-2.2387050606049295,7454.8335
410437180868353664,21.92684827542502,53.55055199419687,13.872582,1.066639,1.3680852618205448,19.92273966963429,-8.679035732435812,5535.376
407529522367334912,22.104592272075422,53.64794590364017,13.87634,0.99680996,1.4734692892306607,-13.594841572041465,-2.4896557217322726,5603.4287
407528251057033984,22.206015027654495,53.56574714674818,13.8979435,1.455719,0.33071646733109117,-3.343730002539872,-1.4772855296453218,4878.9766
410532563501954048,21.943127745905677,53.66235609313567,13.904993,0.9453554,0.5676716190703109,-0.6518954109772391,-3.3622062651002076,6182.497
407539899008291584,22.256353217618365,53.87331910348712,13.911677,1.0268593,1.7484086756005708,4.477250396003689,-4.19834341364609,5838.9023
407530999836081536,22.142548197952223,53.66222382320595,13.924614,0.9565878,0.7954172162176573,-0.5237161534949386,-5.538236049701908,6282.5815
407528525934942336,22.11674408351736,53.55390576655234,13.92925,1.0311098,1.186760283802075,6.7339078953656895,4.613859448299798,5639.3096
407536497394210560,22.283639139102746,53.71764714789433,13.931863,1.152277,1.3787873733102745,1.7494648878807706,-5.480983871286936,5735.7373
407538730777192704,22.30708195774933,53.80813176231679,13.9553385,1.0703688,1.1207980109355886,5.392973305621157,-17.467591221041637,5951.7456
407434822631797760,22.035484721109157,53.52323797647562,13.995009,1.0460958,0.9619783263489469,4.981875948830475,-4.480631189661615,5573.8374
407527563862272768,22.221286810502068,53.53489993126145,13.996381,1.3272629,0.49390832633994924,1.132312218288274,0.541158809456924,5127.3
407531515232151040,22.16151270445597,53.696927746170836,14.0233755,1.024373,1.3812769169069217,10.451414910504853,-3.691122270017733,5829.2075
407433864852551040,22.13312897188237,53.50217784685338,14.0766325,1.014101,0.7406578301126182,0.34356113975160607,-4.612453012969531,
407537596905830912,22.199238571954762,53.76916124036534,14.077369,0.9095354,0.64198504688884,-1.820022056283852,0.2703208655528296,6481.0557
410540947278063744,22.101907259516103,53.86560716179348,14.081716,1.4678221,0.23232989374771182,-2.7942781830556873,0.729191791961021,
407531240354245504,22.194470540650563,53.68665829743356,14.088778,1.0108261,0.4239883543887231,-1.293440753824912,-1.3554143562442653,6407.32
410533903531736320,22.07040379198927,53.74361524069509,14.108906,1.0534477,1.4806493786513848,-1.4197650980546062,-2.964761383877283,6224.573
410531876307188096,22.05140847143339,53.645839084501944,14.224095,1.2633486,1.8912430896515517,0.3139614263114938,-7.102256482890953,4941.566
410534178409635328,22.13230188432514,53.77139857562219,14.227053,1.0519915,0.5549905068108054,-11.22938580773557,-1.9022634757735384,6098.52
407537459466877568,22.256055978626996,53.769467340733776,14.267014,1.5365763,0.23645107548994582,0.5089592188331649,0.5838712014999754,4849.4106
407532064988329216,22.45350910228502,53.612014133036105,14.299369,1.5938148,0.1630624231886983,5.158101721405375,-1.6979604682443408,5301.2886
410534006610957696,22.12567362551622,53.71800222118813,14.32034,1.4760637,0.1602591249880733,-2.2157622337031024,-0.038960786032808836,
407537528186354816,22.238372066233335,53.766176084136575,14.357289,1.0923576,0.358549140758267,0.9261937582097728,-1.0286416376229797,6099.2197
407530450080268032,22.26518108488611,53.66111419381947,14.368447,2.7529364,24.16817766775505,6.8939083553276035,-16.614654371452612,3032.7812
407526017674402688,22.419439590121236,53.565949042090764,14.374304,1.5541353,0.22654258335309488,-2.713743469747716,-0.9149053124855628,5471.1226
407434685192272384,22.091084165237714,53.51246560563082,14.37813,1.4544888,0.301508321165276,-3.0103452529582553,-2.128446033845779,5027.8843
410531326551377664,22.00227133677214,53.5968445877459,14.378927,1.039751,1.3560696674516686,6.097736880094487,-7.312918541786739,5576.9106
407528113618076288,22.246850474863585,53.58076125235564,14.384929,1.0774755,1.1881223440854418,-2.5756594104475967,-4.236566450216963,
410535862036831104,21.857623207408633,53.70796099670723,14.38802,1.2083511,0.2963064082546084,-2.4556585838799343,-0.5801511060069122,6142.4014
407530656238690176,22.25791352413192,53.705202729343334,14.389899,0.9576311,0.9250531609119431,-4.305175801048464,-1.353191699288572,6313.6025
407524883802678528,22.320999060856543,53.54082946696617,14.397555,0.8506136,0.5981055525499384,-0.28958486966253894,-1.668377316235224,6561.2065
410437352667041536,21.988572730447025,53.56718679589666,14.404368,0.91031456,0.9519306101645366,-5.7628365317351244,-1.4727883770815828,6278.8853
407524574565040000,22.229333477900354,53.50160537288615,14.428571,1.1161785,1.4906857630389072,7.095260483224984,-2.3891993174518094,
407535432242588544,22.396763605148344,53.772300564469305,14.428645,1.009018,0.046194491084756636,-11.466327629842901,-2.2035321797655865,6367.167
407530312641314432,22.31634319017913,53.66288213077685,14.451853,1.4988823,0.18342763461062958,-0.9715709516200869,-3.3957339256956995,
410535690238141440,21.854949000247803,53.69396958449842,14.455339,0.95525074,0.44588675342686174,-3.6887878378518053,-3.466870054002378,6414.401
407529144410218240,22.129451187800814,53.61285446390716,14.460677,1.3927393,0.48431742197392696,-1.9840841935105114,3.148919774022758,5185.0835
407527529502537984,22.231514034703338,53.51247146220408,14.461384,1.5263786,0.3022413429269897,-1.3560988019111877,-0.761525805772608,
407536359955257728,22.331035948779952,53.715286810153756,14.477091,1.4172182,0.28566342769514114,0.3354353768782425,-1.6928243609212092,5224.698
407527907459650816,22.1667034847207,53.56391243538004,14.480542,1.1277876,2.0514172290987496,-1.5816723990173212,-5.237599585402057,
407433864856922496,22.133426995185634,53.50194153188337,14.493408,0.9698715,0.6373026813450154,0.33337468146591287,-4.7252110540139665,
407532133707799680,22.429383681638623,53.62037814200189,14.503906,1.2386847,1.5863999060809308,-8.726232423999647,3.665452921965973,5542.7563
407529178769960576,22.170227923291215,53.600440742705075,14.507294,0.7476826,0.4218371169273299,-0.29210844765123856,-1.8999348109187424,
407537253308443904,22.304194835187644,53.803475747981324,14.522341,1.0089912,0.762447345873139,-3.596738362654333,-2.0536299608125574,6083.8
410535724597880832,21.83553091155895,53.68896206925456,14.52902,0.9265318,0.980637084446239,8.745816914524779,-4.023348430298227,6224.3477
407536669192900480,22.272035384976036,53.73429285867131,14.531636,1.1227407,1.4606151305601296,5.230772256270119,-3.476363742056459,5759.162
410535621518622976,21.97851992721926,53.845383797707704,14.53674,1.1213741,1.2025288182202352,4.965400244218043,-0.204958846945889,5737.1104
407524608924776832,22.23765303525076,53.51112507729302,14.538651,1.1602039,1.676268483776511,-1.2357540097994575,-0.044253112955786225,5017.354
407527117185656576,22.32262304237017,53.607538958242564,14.551444,1.3820515,0.5900455604938251,1.043921170661783,0.03088653978448772,5011.8315
407526361271428224,22.337282217412074,53.54195641181406,14.576084,0.9555912,0.740937207065014,3.6318723265266577,-4.091855755588556,6292.3086
407527770020701568,22.13628351123415,53.538900400835885,14.581043,1.4673548,0.14650858212157009,-2.3760027826210326,-0.10519435083182535,
410541497034000512,22.00288585774294,53.85415235973539,14.582224,1.073288,0.6090113759442771,5.5508876672359415,2.5182695419944614,6237.815
410437215228089216,21.93533811957439,53.56198489972824,14.585902,1.2432566,2.116157623037458,5.261890085170233,-5.897566630470407,5072.952
407538284100592000,22.226759288194227,53.837693131371836,14.587415,0.9443073,0.7978630122075137,-2.8078121609860505,-1.2121927610491268,6719.158
407528972611529344,22.06626252630113,53.60261456223651,14.614127,1.0063972,0.7635990840617851,-4.852825010477447,3.6260416357789547,6018.7354
407536222516308352,22.337175893891775,53.690537483090246,14.6295,1.0848093,0.6786435992264581,2.1893644475120335,-5.467836315359996,6152.7285
410541531393617408,22.007720958798565,53.862170151211885,14.631689,1.1299171,0.8899518256354793,8.403320885649462,7.208187781960672,6186.215
407531343433457408,22.185461628434446,53.705031488515836,14.632039,0.8499365,0.6454746530714919,-1.272135457087575,-0.46423853080213406,7068.567
407536772272403712,22.359976193342565,53.743371361142636,14.635705,0.90578175,0.33696260616970114,-2.371740508743877,-1.7159260187499719,7078.2944
407539521053116800,22.305113664510003,53.83976585079806,14.637255,1.2224646,0.9333184546627891,0.48860423683160903,-8.047271680020014,5321.177
407536256876046848,22.307179231086156,53.68990111357523,14.645989,1.5091515,0.1664845883188284,-0.6275135955836595,0.7067675965512306,
407528178040882944,22.236482165997945,53.584949349263056,14.668861,1.0200815,0.4752480165532618,-2.98923963937772,-3.358153761427255,5761.464
410535862036827904,21.849244498128897,53.72353702740662,14.68209,1.1319599,1.5072880839503981,3.0855153158064166,-26.54295783210574,5020.834
410533456855149824,22.100961206407142,53.67962457262647,14.713027,1.0039482,1.0575834787122675,6.243510821433351,-1.861278955327609,6062.7217
410541256515712640,22.04250264064797,53.85702401744517,14.717065,0.8120384,0.40491654705781455,-2.440206019622748,-1.6385474158654871,7726.5684
407529689874066176,22.25281491662744,53.60546557940884,14.719072,0.729929,0.3227241796531585,-0.8404029186821445,-0.4148989074638286,7387.3804
407527117185656064,22.33348598506449,53.61060021897915,14.729357,1.0102835,0.8481914331956228,1.0652887633977393,-2.5767844022502255,5952.3013
407524570268295296,22.24718947295365,53.49816965813158,14.732379,0.7097368,0.30732563598798696,-1.5421289445253445,-0.4126735516369925,8136.3877
407533542457023488,22.424223371026937,53.70299613081956,14.732562,1.3799419,0.5012548593078653,-2.996254263983143,-1.4589593140400055,5227.082
410436871630713728,21.99876785361178,53.52876814187118,14.735681,1.2090492,1.671163674331924,-4.435910638557824,-1.5869739966066285,5219.171
410533766092790016,22.065283678047138,53.71211449106036,14.73979,1.357851,0.5677654518220226,7.123534309414775,1.150436525573577,5597.2305
407527941819394304,22.24344285644574,53.536459814434465,14.740928,1.4971113,0.1668328781534706,-1.197327467243677,-0.39122677115682225,4697.79
410533422495394304,21.925428824966403,53.760898197459746,14.774007,1.007801,0.8484099795961906,-3.192525710140888,-1.1434580479184135,6330.484
410534762525190784,22.002221589084304,53.7613560022382,14.783528,1.040041,0.8633076294326273,2.927870812515234,0.9455114217338588,6030.192
407527907459651200,22.163170432919472,53.55986218593801,14.788606,0.54138756,0.2710704640440415,-1.183923440056864,-1.201884090563395,9506.678
407536669192900352,22.27232412685392,53.73510966605335,14.799308,1.0856676,1.418933095718944,33.314311874636296,-14.175659001697476,5872.766
410533418196099200,21.936567781409185,53.75524973617021,14.809449,1.408576,0.26986490458506535,-1.424811472023101,-0.6860284831870649,5626.174
407527976179129344,22.246721136068317,53.55148982432843,14.811074,1.1606884,1.4316579908179097,6.075622612094444,13.59110671159575,5259.8286
410541428314403584,22.00999531888663,53.85791510453277,14.818642,1.3953495,0.5303106091842911,-3.4701132911113186,-3.15529113039099,5508.7563
410533040238930432,22.00034107789169,53.70312209467023,14.819089,0.9166765,0.7127299994872245,-2.3392019771061445,-2.860028690823563,6326.9814
407524574565039744,22.23904541871845,53.50374032825213,14.821918,0.5750227,0.28262936528360455,-1.2266566504718708,-0.9932311364301343,9519.713
410534208470100736,22.113554476251252,53.76534951307276,14.824172,1.4169855,0.41949183039952204,0.518060676997476,1.7682182078249942,5186.994
407536256876044544,22.290879028957985,53.70338868621825,14.828994,1.2778273,1.7705897793322074,-2.650052607725204,-8.332094214533768,5173.145
410540912918329088,22.14347364155856,53.857813165202,14.834245,1.0723133,1.1205144521839538,-2.3081299111211613,-6.027988776829032,5949.946
407527529504441216,22.21790952437479,53.506605499271075,14.854739,0.8514805,0.5925755848267152,-2.242146914651938,-1.7525299127105518,6862.687
407531652671394432,22.175493049152486,53.730208351235724,14.858588,1.1594982,0.41877621354072214,1.867111076337934,-2.2181726564328548,5867.4487
407526498710375040,22.332536568702785,53.572884529000376,14.866853,1.0630493,0.4883363678581668,5.788899682342314,-24.552215615385308,5951.3013
407538112301903616,22.222203811336726,53.79579343770977,14.880309,1.000207,0.45760015231831386,-2.8565933128418566,-0.22602493066038243,6565.8726
407525089961106816,22.289165087645454,53.54761883685137,14.881911,1.2225771,1.7221025436620516,21.015102713533434,-12.557574222254402,5128.0483
407524574565038592,22.238545117071965,53.509352070096,14.899342,0.77272034,0.3394884016468141,0.38358070188672033,-0.8525840119951741,8145.335
410534899964141568,21.931379495998716,53.76809356000995,14.905138,1.1322613,0.7615059536208889,2.5106350484460997,0.38045029733396657,5987.743
407530931116600320,22.16797316293682,53.68607159326774,14.911961,2.3321705,6.967188823144093,-36.515701315168954,-45.079652679173364,
410533044538284032,21.984715108394663,53.71267931500024,14.914038,1.030323,0.9884503573961133,0.46475242330751243,2.2589242268250853,5859.2534
407533164499927552,22.36771664854433,53.657721856283224,14.915635,1.5149498,0.19461629449135362,-0.5283976394699172,0.03633485753484275,5494.9653
407536531753949312,22.255041395394837,53.71526682514988,14.9217005,1.5156527,0.3440545228074926,-0.6976528066978026,0.34548401801671,5232.342
407527185905128576,22.3151655462374,53.62714008900678,14.921924,1.0333767,0.9365113217588762,-8.79683585436796,0.8290268294135928,6184.4287
407526395631528960,22.34662988307992,53.559719233518486,14.928582,1.4335213,0.4477866791580022,-2.862331070329245,-1.502531493031073,5309.6885
407528285416771072,22.166615628028016,53.570149561178894,14.934565,0.99119186,0.8529191528012954,2.8895916086560964,1.9079341234994338,5944.268
407529900324463232,22.235982887649588,53.6120129070507,14.944797,0.71233654,0.35849550415775183,-0.3910610164891224,-1.6560015098937635,7700.171
407538936935875584,22.40687603291877,53.817091192281026,14.947022,1.1091566,0.9452471463111333,5.726249273813459,-5.675357241552819,5759.124
407534367090728832,22.4858798760306,53.72517226194783,14.951071,1.5048685,0.2774928453274211,-1.7211710360835073,-2.3261049308323454,
410531876307188992,22.037226447905265,53.638486738506266,14.951653,1.4042282,0.5808683979776849,-0.0847012489767941,-3.7797015360358595,
407529865964729088,22.22453889317108,53.59799685359057,14.957781,0.6126833,0.25625792536498215,-1.536415775392319,-0.34549184470351013,8013.71
407526567429856128,22.3114771341748,53.55199762900387,14.959072,0.803071,0.3294461695628147,-3.0811189418564147,-0.5591122837797604,7468.089
407531515232148608,22.15153439483415,53.70740429247789,14.961818,1.0223341,0.796614883629281,4.6370264859216,-0.7968885459616845,6017.0107
407533782975182720,22.37763634912832,53.71582599519979,14.96591,1.5253639,0.4532124640749146,2.4055475180942163,-0.5434797349668326,4744.874
407527632581749632,22.20252019728178,53.53467654337739,14.981712,0.8906002,0.40362660928252475,1.413280459199751,-1.390216732751916,6643.063
407535123004961536,22.467028893227592,53.744844461986084,14.988858,1.1666088,1.4795661871664914,-4.952904387162189,-4.250504786128525,5509.773
407536703552637568,22.283616782546613,53.7477350185601,14.993805,1.0372314,0.8009752953283233,1.9608631894704778,-3.09439258873371,6233.748
410540741119642880,22.193849862626884,53.838638863287265,15.022719,1.6462526,0.15243522990498656,-1.0657636226682206,0.7005098424682143,4980.1865
407539589770649344,22.27485753773824,53.844352543005,15.038557,1.0394793,0.7982479674169706,6.233793738574622,-4.578327754990543,
410535209201880448,22.006689006435387,53.79845604440745,15.040651,1.154026,0.3214728749460145,-3.876824024988266,-1.524321180228283,6108.733
407525158680581120,22.275173519526874,53.565302138561655,15.0613,1.0213842,0.6806772513809262,-0.859988201606975,-1.258687940060148,5781.114
407527254624604544,22.33859353913554,53.632825664890774,15.082804,1.0540171,0.8928364859436665,-3.508286808344909,-1.7573456577212507,5789.416
407434758208322304,22.04637015598448,53.51813382402211,15.082855,1.0402565,0.5271604327343027,3.3761455022887823,-0.49836429043472485,6289.9463
410540672400169344,22.158104025951683,53.82992180119095,15.083375,1.619729,0.14011019374791073,-0.83730962645637,-1.0475903251988083,4757.778
410534006610957824,22.124318767221542,53.71722081806684,15.086646,1.0899487,0.691881066615464,-0.3396768989451119,0.8038451383811931,6036.6675
407528835172585728,22.051541268486726,53.56706406988843,15.089331,1.3299904,0.09911884155343428,-1.6642706002163956,-0.5149883260533241,
410540225723578496,22.158256618343966,53.81263264436479,15.098496,1.423646,0.33669015024461546,-4.621727055456572,-3.0993936520035916,
410536308713420544,21.873121172089295,53.748812016708456,15.111582,1.5758314,0.2603475077669129,1.31953176536943,-3.5851105575785134,4728.749
407530896757768320,22.1746475652577,53.665213066050356,15.112446,1.0115585,0.3123191991868528,-3.2440990206088465,-0.8667712791524633,6323.3184
407526979747052672,22.391716791240874,53.608162215007766,15.118389,1.4343395,1.4004490342663638,3.972249069317476,-10.971546844491607,4684.445
410531494052806912,22.03418032224463,53.62997076328226,15.121821,1.1712484,1.1929582932140719,0.3270576909960985,-9.15452950041557,5225.903
407532408585689728,22.488021417169108,53.64836624397031,15.127788,1.1289692,0.866193307684262,-6.9554664959942105,1.2532010172335855,5926.881
410437146508617856,21.957613935457314,53.539383054636325,15.132433,0.93955994,0.6177133398888971,-1.3131960334823094,-1.2053280077096382,6142.9946
407526876667848704,22.38563407532092,53.58918866784595,15.135476,1.2361355,0.4809486267166092,-5.369736712643563,-2.044800905063196,5910.2773
407524780723467904,22.340167827323473,53.51657197503733,15.139648,1.0073624,0.9607748074845601,-4.481439001300655,-0.35846503841614025,5617.267
407532408585691648,22.49189969142653,53.64467448515376,15.143752,1.1655846,0.9479881804677747,1.037496136258454,-2.377230396442491,6066.97
410437146508616832,21.950750549286393,53.54369623726159,15.147569,0.9707022,0.5534757345951072,3.5928036156875383,-1.7860132263716855,6206.785
410538439017174528,21.950040046263346,53.831263467343746,15.14933,1.0630102,0.5762661015054413,-1.635434754479742,-1.5006405980820356,6558.772
410533663013572992,22.075879116523762,53.72328121171989,15.15102,0.85606384,0.4695238550670574,0.08782307954608959,-2.7327577186388785,7095.066
407529934684198400,22.18787141941857,53.62464105470272,15.159064,1.0402346,1.0236466427092055,-3.298810883943786,-1.9561554696801706,5787.0264
407538490259288704,22.37032100257779,53.79760755829935,15.163598,0.98872185,0.4154204969227747,-4.389976648918168,-1.9539381963394955,6494.85
407529694166033152,22.253578131441078,53.612046949162945,15.164216,1.7783289,3.434726713414937,-8.861964362576245,-33.645736775211816,4458.074
410536205634212480,21.891271238543546,53.71884125821114,15.17214,0.8735018,0.4385303044029138,-0.7688544012645723,-0.8197090143875525,7029.336
407526533070110720,22.34161857921678,53.58394633956452,15.189874,1.5690641,0.10447257829709869,-0.6783498041758356,-1.3630918543375208,5170.2207
407533817336645888,22.38095338323803,53.72562298294664,15.192339,0.666728,,,,
407533606879656192,22.468097383566235,53.71277718951024,15.199783,0.9680424,0.285181137057168,-1.6652155415043737,-0.684839626212957,6909.6807
407527323344078976,22.317630813189655,53.650634589793576,15.204186,2.551015,10.171761959727013,62.47201809933007,-14.068725784421067,3495.488
410540569320949120,22.098129704429308,53.84419587877673,15.2066765,1.2609177,1.3846023930566116,-6.669971359839767,-3.6628169393036627,4881.9937
407536772272406784,22.364373106275476,53.73662138960111,15.207673,2.288128,5.032353648254894,57.585877514905576,25.15744614565522,3731.0166
410534625086243072,21.983074239240768,53.738261036443596,15.212479,1.2326994,1.006053521165566,-6.423548406675492,-0.7351646392517299,
410531429632380672,22.06459879480455,53.619273275914,15.216869,0.9213152,0.5292025299403986,-1.4563476455769442,1.128637550801765,
410532907101128576,21.972198184059426,53.6864385390926,15.218229,1.2245226,1.3828191398847218,0.18517746424733694,-8.874261020539883,
407529110050486528,22.128257384928325,53.59266068492664,15.230459,1.0761423,0.6093254125392711,-0.4245892969527656,-1.8998883582050328,5813.586
410531429627606528,22.06437934573638,53.619519534572476,15.233941,0.8464327,0.6209623612847581,-1.4875189455372904,1.2274586576271314,
407529488007596672,22.121931633054594,53.64763936719529,15.255442,0.87411785,0.3168186503863176,-1.5550647919237939,-0.5276303197423755,7175.2197
407529488007597312,22.112251175351712,53.644389270938625,15.257402,1.1166811,0.9680319854065755,0.9728265779188332,-2.5615870374346255,5853.152
410531532709807488,21.988204939022893,53.60766442668053,15.261664,0.8463154,0.2998836155865171,-1.4187469318748192,-0.3160247042224727,13029.787
407529728525772288,22.277965491023398,53.61002855715313,15.26387,1.5014677,2.247563437495952,2.0749469548256183,-22.99608634004492,4503.463
410441780775928448,21.85127448950684,53.648897116394615,15.264397,1.0462542,0.4145064996901711,-1.5082750610918432,-0.738465738957805,5751.579
407536806631854848,22.334040523418164,53.730464678811956,15.266714,0.99471855,0.6842045786152351,-1.2505469258135913,-3.032174258601759,6232.359
407526052034140544,22.424728109485077,53.56701712414709,15.276969,0.9242611,0.43576238533175315,-0.7521118529340197,0.8782514081491404,6791.969
407526116456579328,22.406379642937107,53.57656437374693,15.276972,1.0375309,0.46656760026641686,0.3150026994723255,-1.3321508292987005,6111.7383
410535277921252480,22.05154160467718,53.812782190586205,15.277458,1.4358854,0.3049723596668579,-1.2995572908463129,0.45806130109548293,
407434861287535744,22.02086171710665,53.53648363095348,15.280344,1.4170017,0.15375995932100786,0.4012213496059247,0.46224344143563434,5244.587
407434998726488192,22.04450396960376,53.55961101671194,15.284987,1.0669937,0.4917826569711408,4.429246504298834,-3.392966954763145,5797.711
410533766092788992,22.04332844518785,53.7177530701409,15.300385,1.0930481,0.4402912801045229,-1.4941187183478388,-2.364588163597122,5810.2773
410438417818923392,21.90264697160564,53.59095578666417,15.305301,0.9270897,0.4949738416676401,-3.7781044008292914,-3.730809679858469,6439.582
407529041331010432,22.144794081529913,53.58722858514709,15.320448,0.83603096,0.30699558464052207,-0.7496441288530787,-1.9998714487516818,7457.339
410535587158885632,21.971783135270684,53.84316372260302,15.3208065,1.2680702,0.7321889931831512,7.577740969736025,-7.7628160296853626,5716.9385
410534625086242560,21.97192348718603,53.74078405568352,15.327912,1.4103947,1.744325386575153,8.265665611171038,-3.3027865637683345,4760.623
410540844198844544,22.166537244898723,53.873874114696314,15.330645,0.9972286,0.6207917111621714,-2.6420048273184364,-3.0987979062106366,6459.349
407527048466515712,22.36596752842857,53.630284382504655,15.363932,1.0271482,0.40135237183602324,-2.9566396773803936,-1.6376592965651102,6657.0054
407525708436767104,22.399290489617748,53.54992676909006,15.364639,0.963007,0.43478993713176917,-5.415573027773951,0.20839614200770212,6446.419
410534968683617024,21.97513553699649,53.77270824369797,15.366546,1.3077831,1.1363051506017094,0.774765918840409,-5.1892057605448985,5515.541
410438585320259200,21.919871190888593,53.63897415985856,15.369339,1.1736193,0.54724511241769,-6.308492215253533,-0.8005883933377272,5750.5874
410437387026782208,22.023840498947454,53.5596530095856,15.373611,0.9031677,0.397799511038749,-4.94649206808132,-0.9426883278144733,6812.8335
410438658337083648,21.881966599983045,53.621318687321995,15.377471,0.88509846,0.42432569155064376,-3.127406481277048,-1.9489236798761849,6484.9243
407528972611532928,22.07502659801457,53.59242142164579,15.381642,0.92872524,0.47250199329467035,-0.35258082534323815,-0.10132711179753745,6572.7715
407539619832963456,22.310191110960545,53.84135360968803,15.385023,1.1569386,0.6302241242492052,0.9831667434298654,-1.0722480097159353,5644.6836
407529075690748416,22.16092975881727,53.58980513107864,15.396996,0.8391409,0.4154906691230641,0.23675442772564842,-0.48230330755313233,7474.906
407529758588884736,22.292137375099216,53.62216273436304,15.399414,0.9162874,0.2729888092645528,-1.7280607678258892,-0.9308207165288596,7120.1943
410541256515713152,22.039076883169376,53.85553771799207,15.402049,1.3947659,0.40206320336474666,-2.789404402568347,-1.087585447325055,5239.108
407529178769957248,22.165788442825704,53.6116792811138,15.407664,1.3099861,1.133439768037135,0.15871818691897066,-2.367341876497098,4922.6665
410540569320949376,22.106462471016116,53.843555051455155,15.41848,1.0333128,0.5560993409579252,-2.029249362037758,-2.3279867944779284,6457.9062
407434723848582016,22.082566647275765,53.54126711492316,15.425803,1.2997646,0.28227796131948657,-2.6460619342948477,0.997307283338896,5395.4126
407536944070801280,22.333634438551762,53.774944752823174,15.433992,1.2675695,1.1795561260817533,7.911304286176739,0.6328479483757994,4924.3936
410532907099336320,21.976260189754626,53.676465219336826,15.437517,1.1603928,1.016889401662518,9.26358911729621,-0.3383658514914082,5349.086
410436871630715136,21.99939410604813,53.52701821098668,15.442664,1.5449924,1.555366257762645,19.828808417100852,4.265177238058722,
407533920414120576,22.389349257778726,53.73954458903194,15.446651,0.9708071,0.2404712026061117,-2.292002504172082,-0.9636203221505599,6560.803
407535363523122944,22.417887627045857,53.75504984696298,15.4736185,1.3874874,1.6530362859202106,-1.5645957111510205,-1.1063807052466603,4606.189
410535484079675136,21.964911321964514,53.83106582458461,15.474591,1.5070562,0.388134645332316,1.7646932567659375,-0.5991211225783882,4928.5454
407529934684197760,22.19411298107346,53.62782359501787,15.474607,1.2362156,1.260870066734992,7.066331505192024,-4.15783085488564,4926.2646
407530793677652992,22.16752425356278,53.65507830600069,15.475995,0.78534603,0.8102763350263993,-0.9233308313481943,5.4059050504746615,
410437387026781696,22.023625876911215,53.56051582203516,15.476127,0.9753971,0.47608418008538383,6.343521305762516,0.8994681992831441,6032.8643
410531807587713024,22.072237459253863,53.632230190777875,15.487738,0.8811903,0.3030306167037879,-1.3193689019773887,-1.7846524626874753,6852.974
407525708436761088,22.395763554996115,53.56152236382177,15.492905,1.163703,0.7025263221057116,-5.4916885556596675,-1.8003874218335025,
410533899232436224,22.062219985110016,53.7505121508647,15.5026455,1.262414,0.6445404245308799,1.017654415237795,-2.1646267368659773,5189.392
407535604041262080,22.409176811565235,53.80335501704387,15.504975,1.167407,0.8921058197517306,5.2220154233324205,-3.4421783314588392,5391.4863
410437764983888000,21.95910205815637,53.61540742370806,15.516829,0.98162365,0.5117215882367308,-1.5551559138535076,-1.3079278545740096,7024.02
407538902575881216,22.324663035900773,53.8483034216706,15.521025,1.0780134,0.3675355095583052,-0.4436350715079519,-1.1783127357234353,6251.665
407526739228538368,22.329102544121803,53.59570603334635,15.528295,0.9793167,0.16701285114536357,-3.038250598861083,-1.0302742150124589,6675.9556
410533834812262016,22.03394352714692,53.73212057515165,15.531271,0.99946976,0.32086944901938663,-0.6794517469280534,-0.7743590583553998,6437.7617
410531910666925184,22.038347381108114,53.66288071502881,15.531327,1.3384714,0.08072182714766964,-1.400607879912682,-0.39453030399069117,5805.0615
407434792568060032,22.063348371759837,53.52505045556421,15.532404,0.6736231,0.2790276691608378,-1.3257048894465981,-0.6989058769208228,9096.423
410534865604404480,21.958202720140154,53.76432620434043,15.534477,1.7779264,0.05466990576524392,0.6971753878935845,-0.8885755408026617,
407532236787566976,22.47607442740166,53.64494407450987,15.537089,1.2698565,0.4142064940556313,1.2922022797332877,-1.6847676412222423,5504.4517
410534586427199744,22.003311284465966,53.74882178579693,15.53811,0.79806614,0.1898681760139796,-0.8987995237255805,0.08854596762938624,
407529522367335424,22.10628407279707,53.6467052401945,15.539891,1.0224762,0.4162167428416786,-5.278202930313387,0.24767401311447074,6283.761
407530273991282048,22.31004777553115,53.658264517563175,15.540401,1.4080229,0.4141694607049475,-2.008221230373267,-3.2033778543134144,5431.2915
407530450080265728,22.257614933192507,53.67274875380351,15.54312,1.0288448,0.7207298387752115,-9.722315130301268,0.0827153651261105,6285.7866
410540603680693248,22.163807894513074,53.82904940435578,15.544556,1.0354633,0.5511499284996118,-4.979839792540087,-3.8922439934374804,5830.302
410437283947764608,22.011616401469052,53.55569456083938,15.552976,0.93741703,0.6400154990973964,-4.745756358422569,0.4022411867478211,6184.1943
407527838741054720,22.176840858540846,53.55298804226156,15.553529,1.1735735,0.9137754504161097,1.2778073574902888,-2.239938823057911,
410438555257869184,21.90062182192853,53.61963474251742,15.556474,1.1412287,0.9088783017334515,-3.1449137993210754,1.086756990141421,5745.258
410532387406008960,21.945713231810835,53.64450999698853,15.561277,1.0154238,0.41367785148788694,-0.1973718983260097,-0.5285546736298202,6435.8145
407538142364184064,22.22613997866426,53.80546598151046,15.564525,0.95142746,0.29215336748213183,-1.2721175531349282,-1.6773714229670484,7193.8003
410532529142214400,21.96652379238486,53.67606044370842,15.576995,0.8918247,0.3088129070978709,-0.10233182758152166,-0.3753205839412517,6947.916
407529934684197888,22.19532436527123,53.62645033773297,15.581118,1.0496407,0.7268116327630721,-1.6623958617044208,-1.375953342434205,5858.154
410534968680608640,21.97614889229281,53.773071555331896,15.582826,1.1865578,0.55574811259024,-4.827289856047935,-4.748158524151016,
407535290506860544,22.455643194993907,53.766363247875965,15.583471,1.0055208,0.44615408562910996,-1.1752205079644578,0.21806414352458958,6153.2046
410534453287537408,22.101930964102422,53.79272581029021,15.599079,1.5150547,0.1394749413573608,-0.8904546441224728,-0.8350706349480382,5151.007
410437283947765248,22.014193751524303,53.543447609777104,15.59953,0.96328735,0.29837362205745394,2.0319628380620123,-0.16575522880662272,6100.8237
407537047150017792,22.307848773527713,53.76644806831532,15.6060505,2.8396854,10.532469525204112,31.601620933327673,-35.88055604124142,3370.6528
407525158680581888,22.274459408819126,53.55929006622326,15.618049,1.0472927,0.8377718516235331,3.5546126676633474,3.084154975614454,5851.237
410532219904569216,22.02975368234839,53.675166148021596,15.624698,1.0957603,0.8460991687499139,3.3560569276023573,-4.061349217525765,5514.687
407527697004487808,22.163721309375727,53.521696016008654,15.626459,0.98511696,0.4985505019148333,1.8299153522605862,-0.9651548545532947,6117.3174
407538936935875712,22.407543426801272,53.8166671150424,15.633779,0.9140959,0.3390064825625897,0.03481401042976153,-0.14403757697290126,
407537390747403776,22.21510631904123,53.75232982735836,15.635498,1.0511761,0.35254459619985024,-2.9757794196580716,-1.4242155704393553,6164.521
407529208833065216,22.16274573622131,53.62377113637232,15.635548,1.3506613,1.3155947599762994,11.598157362201219,-0.6429858512321485,4880.493
407536463034475776,22.276414072937026,53.69912906493272,15.658197,1.4286137,0.2445839688536104,-2.1604306692716566,0.02821054646358023,5804.934
407434930007011968,22.07592768822775,53.54663169918342,15.667301,0.9427452,0.2470745106673474,-0.843059488648225,-1.1951573172176875,6657.7876
407525674077032960,22.384284183981613,53.54276558125089,15.67336,1.0614252,0.30943270392061106,1.9345501704800807,-3.6071061463378618,6637.041
410437764983890944,21.953151210906796,53.60715899547837,15.678668,1.4416552,1.5383191811282304,-2.9526471911222316,-13.598239688078667,4701.283
410535140482304640,22.04253231556364,53.793045298828034,15.680922,1.1441011,0.589154076997501,-5.743282076373896,-4.406976310079338,5929.1035
407529728527690880,22.28307169267964,53.59867855725255,15.689356,1.4368067,,,,
407434517690154368,22.093039085478246,53.51127712130385,15.690433,1.1312647,0.2691494684990571,-1.0042002615132333,-0.9925746596365914,6304.0884
410535518439525248,22.00256603321316,53.823155627434645,15.692063,0.9214916,0.35669740648114806,-2.8438214497468324,0.3115950353822844,7175.468
407524712003993088,22.293091591461483,53.504834651560735,15.694079,1.454422,0.2911965339736781,1.415840779160877,-1.6663599834127472,
410535793317353600,21.866489622348215,53.71067582562847,15.703916,1.9230509,2.665596653928118,0.22679323173092142,0.6693403270669787,4332.8896
407536600475357696,22.298307699719896,53.73155141298319,15.713892,1.5636082,0.13196479967803237,-0.8578928407405856,-0.5097108607048727,4935.7773
407538833856644224,22.35310440746047,53.84473287321614,15.715571,1.1245384,0.6083488718581733,2.2856828725507787,-1.7277392532658067,5819.695
410540775479372416,22.192464041095008,53.864748777196674,15.719303,1.1582851,0.856143523099291,5.990693211223106,-4.0134331976407545,5697.751
407524471485826176,22.239274699233956,53.49098091102811,15.722569,1.3729534,1.6289694265363988,5.251106276640373,-9.048208074440861,
407527254624938880,22.34404229131553,53.64042979196352,15.75064,1.07829,0.5117789930927926,-1.9573544900203088,-1.4240463142633406,5886.232
410438520898130944,21.935272312764745,53.61964487419193,15.750893,1.187191,0.870096957596477,1.3283229272442645,-3.152495553443356,5345.2876
407528216699203328,22.184352913852884,53.56928429628429,15.759138,1.1261978,0.5190856548673537,1.8464344572279021,-0.46442559064746103,5636.9976
410534006610955392,22.128585917072023,53.72899311805892,15.764656,1.0349188,0.3001424708943851,-0.010797331138470895,-0.7901184969520081,6511.7656
410533697373310336,22.10049381343598,53.726895533984745,15.77014,1.1530485,0.5373070348631386,0.4570422202037719,-0.19715981926829843,4846.9487
407538387180085760,22.385638754430712,53.77615822486191,15.770323,1.0333843,0.5854139013682726,0.5158120298136787,-2.046587441014672,5996.3647
410536411792632192,21.885642118337703,53.7608922409306,15.7795925,1.2029247,0.3950302392459791,-4.35277486662511,1.1356391860051027,5911.806
410533177677884288,21.93418412672637,53.7071908942747,15.78239,1.0939026,0.2739297208768372,-1.0317293831751009,0.7089418488471277,5947.725
407539795931023104,22.255216711438795,53.86256441069503,15.786792,1.0154495,0.4419900212059248,-1.8304768585176756,-2.858861252779981,6487.043
410534796885020800,22.002870091825308,53.77415646210129,15.787129,1.4611769,0.25473219094604255,-1.311523858151595,0.5373915938286722,4998.5244
407434856991538816,22.029667744814603,53.53365794607384,15.787568,1.7026329,2.207718975185661,0.13294324571831728,-3.041842240247205,
407538833856646144,22.349118182031468,53.84117694162086,15.791732,1.2294569,0.9730536353452166,-1.8426623728014628,1.4878772475978561,5000.6377
407528663373892480,22.135080142726668,53.57137014252013,15.794098,1.1526957,0.6746312463509413,-3.6931828791365118,-4.331034740191674,4701.7866
407528319776863360,22.18174145294724,53.58240920280559,15.796523,1.1255217,0.26790044143716374,-0.3644810547905697,-1.5980339357540585,6297.361
410437627544942848,21.937804084857667,53.584585801550375,15.798753,0.93414783,0.566333527632614,2.4878967330273265,6.855331195783728,6445.216
410437558825470592,21.96059212255552,53.57090936393614,15.798911,0.99821377,0.4847248816471396,-2.460722392074981,-2.6026135366170777,6030.381
407539761569340544,22.240439917628006,53.84720641001537,15.800405,1.1924047,0.9689913685799186,-1.0339129404344523,-5.083675064358341,5670.7896
407530892460284416,22.164656717997843,53.67533002202049,15.807558,1.1599789,0.8433011413133005,0.6392223999196328,-0.49048752389370076,5404.6084
410531738868234240,21.98484493609916,53.64777775041012,15.808725,1.0371294,0.624126552635006,2.8838071086699104,-2.157521417708631,5865.178
410534040970689152,22.124609597959342,53.746508774484546,15.814496,0.9515028,0.4470067768186816,-4.511623891941267,-0.5340756458652975,6878.578
410535346640724992,22.0432259215223,53.82290556419987,15.81459,1.1908092,0.9758571827184297,-3.116489551572247,-5.836079999605193,5514.1997
410542283008790016,22.219656049910512,53.883176937910484,15.834315,1.1282129,0.3647154529717067,0.3072769897311955,-0.8020422682839751,6000.521
407530484440003584,22.226684573438042,53.67324158119262,15.836751,1.0137653,0.4641481164327255,-3.019480226151703,-1.615015701743468,6377.326
410532731001272192,21.895429153988847,53.67967086615911,15.837542,1.4002218,-0.11815672507237093,-1.4357121116240203,-1.7349805346395497,
407527873099914752,22.167502616962384,53.54648502094199,15.847269,1.0368376,0.698714092955484,-0.04603811118704043,1.603160949162429,5746.545
407533817334914688,22.373033306259888,53.725377814460835,15.84784,1.0500889,0.6471183176650777,-8.84212183202624,-1.5737051543776157,5635.726
407538451601825024,22.34775295821009,53.7923256526784,15.853029,1.2383642,0.5195693684068147,-2.4203318405591525,-0.7049583455774587,5617.856
407538730777193088,22.32103925708106,53.80594980092552,15.853664,1.1783314,0.48781811669077535,-1.2036154705134885,-2.74799399447879,5763.1343
407528697735540608,22.110909918857235,53.566665549108016,15.860504,1.2619009,,,,
410540912918326400,22.136012285795484,53.863430968051006,15.869493,1.1369543,0.8179281887833343,9.997346236803404,-0.18781670387781707,4838.933
407535604041263488,22.428108964772054,53.80074809988753,15.87229,1.7954521,2.2795251173681095,17.92678063618428,-21.388465702770162,4437.6826
407538902575881600,22.32518055399147,53.845419034502115,15.873393,1.1797161,0.8214045326370846,-4.596788012901697,-2.2609265676003023,5478.79
410541428314405888,22.01369588401096,53.854000332478506,15.877811,1.5944157,0.19836162538445112,0.24628758641435383,-0.044728076438436896,4917.0674
407531029899231104,22.104175801901008,53.66671876722414,15.883638,1.0776014,0.6381452043068752,-1.4406737257086786,0.4657876894806673,5638.7495
407532717823311872,22.46006858823659,53.68835792537128,15.890459,0.9791393,0.3983367305308559,0.9941407750271958,-1.4371607877849097,7146.479
410542252948120064,22.1983843962087,53.87024403930038,15.890653,1.1827908,0.657171353444509,2.5037034711187856,-9.521650192834343,5656.5864
410540255784116480,22.14086810250724,53.81603112930224,15.8909645,1.041357,0.4998713355996187,3.162784133398399,3.0046316794513492,6351.677
407434586409630208,22.071873876738643,53.52100460083542,15.895526,2.1635866,2.713575579370256,43.96705832239955,27.72707425199094,3662.7056
410437971142329600,21.914170101894832,53.575843349865075,15.912241,1.6012182,1.8759768654771367,0.19706354940470927,-8.090538567617713,4573.144
407535187427642368,22.442839483636725,53.755600778719035,15.919946,0.9888334,0.368168472313181,-2.188363995574668,-1.4948427979198255,6479.4014
410538061060063232,21.91325104325465,53.805975532824014,15.933485,1.2194748,0.3356897952348231,-1.389542758576593,-1.753675874440428,5405.4336
407533164499934464,22.366530004151688,53.64694876154121,15.942392,1.0089064,0.513036461326195,-4.229431633757157,-1.9182605963036123,6336.137
410533834812262912,22.023176699650623,53.73065119532328,15.943692,1.0103045,0.5763264286978691,2.6346090763892422,-2.593612209728831,6050.0806
410540736822318336,22.193708190307568,53.83997801113835,15.947287,1.0171509,0.28095847051459977,-1.7030822027591548,-1.8438568268804905,6660.628
407537115869493376,22.285531620265772,53.772277628564034,15.958283,1.156146,0.44232280575282645,-1.6410258877677317,-0.19276018748899618,5444.585
410534625086240640,21.9771788901184,53.74954667537851,15.964457,1.1009636,0.5486233718600402,-5.137955734038642,0.4808005853485463,5767.651
407539521051173760,22.297838422885665,53.8304277751963,15.96681,1.1057119,0.5197884526100802,5.705735710783871,-2.268598135007768,5798.3667
407533679895956608,22.433277948318203,53.733983982888255,15.968234,1.5725002,1.7666276370253582,3.175004950094092,-5.285016235714056,4594.529
410533491214886784,22.086138680918307,53.69201258588298,15.9690275,1.4084978,0.2612972178923629,-2.9777945319999386,-0.3423694664930095,5101.3486
407531652671394048,22.176709832268205,53.7305669151982,15.969442,1.1357565,0.2784756938373236,-3.3385477624314883,-0.2590244774069194,5540.371
410441785073267968,21.85744662107604,53.65353930780903,15.992269,1.0921917,0.5303181605350874,-3.548609346245563,-4.041658400215677,5294.102
407538524619025664,22.398408525425868,53.799391672930035,15.992464,0.9651804,0.5187514458037497,-2.2646084415555956,-1.5890343620117673,6568.6777
407527525205789056,22.214558774410317,53.509348542734514,15.996086,1.0313749,0.5101215641396867,0.640462034383519,-1.6845343800406385,5824.278
407532168067529472,22.43969953993269,53.634920848321926,15.997458,1.36973,1.2321489941505233,-12.607666480011876,-9.315808266657704,4925.7373
410532151185092608,22.00104169824068,53.67338260872581,16.010035,0.96964645,0.3899671638195948,-2.674799737221648,2.170179270007408,6136.3213
410540500601475072,22.134106651629175,53.83639858375103,16.014378,1.18851,0.5447725405381282,3.983723443594654,2.0217507208328267,5330.7056
407527976179131392,22.25192363207578,53.54328558593753,16.01999,1.2538614,0.28909725258277,-0.8292778888590846,-1.8108052206015353,5373.7275
407538421539818112,22.37668785503828,53.78936350384865,16.030237,1.4496794,0.123096647642183,-0.47399704779468954,-0.44314126179159674,
410540157004104576,22.11959643306165,53.80335524853757,16.036493,0.9952898,0.35513139723184034,-1.4485045256208846,-2.100059792512382,6305.2686
407535191724433152,22.439440493109128,53.75185378993269,16.04109,1.0076008,0.29398566636504486,-0.2604195085554771,-2.1529064214363682,6370.097
407526636149327104,22.280508727515755,53.57936492907563,16.043926,0.9932432,0.402344638044978,-1.8506852960221614,1.8845812213009756,5443.1475
410541153436509568,22.071565902844394,53.822372385405515,16.046156,1.2551079,0.8877806130359646,2.0018076294819678,-3.1509430025740497,5382.957
407530312641313792,22.315377969084686,53.66628785637142,16.050915,1.1901579,0.4450783892443033,3.333193457796998,-1.0189908078214784,5701.052
410534792585670144,21.995177216132408,53.785297216792834,16.051207,1.2905512,0.8694168166920755,-2.905277333786985,1.8935355591016894,5242.3735
410532872739592576,21.900292882709177,53.71007437778649,16.062283,1.3088789,0.9965280839063104,1.566416716021958,-3.995403497035911,5160.16
410534693805716224,22.01673276245768,53.751811329506346,16.067513,1.4623861,1.416486630263957,9.958519325410364E-4,-1.9091391439429763,4690.4585
407535226084173824,22.485439775625803,53.748722380886456,16.06944,0.99654865,0.24686100073344852,-0.5801094506710474,0.5787022504060911,6582.7344
410534556366768768,22.011829902267262,53.73004181743531,16.069967,1.237237,0.9021933344608639,1.5409460421070573,-3.7723633547598436,5213.301
407537803064258048,22.186639402937434,53.80179018764539,16.072165,1.2371569,0.7720606553046736,5.868575144140183,-2.5750914681970203,4963.03
410536274353683968,21.859641441654343,53.741216665211255,16.072605,1.1764994,0.2844252147648294,-2.93535067555343,-1.3068625464105508,5473.039
407539486691435776,22.281512001719992,53.82302504170659,16.07276,1.3110495,0.18601105142501398,-2.5619779193505168,-1.1669596461718816,5128.9326
410532563501953920,21.94672341980312,53.664610340022996,16.074333,1.122858,0.318089512256235,0.4424772084795021,0.8075244986574575,
407534328435291648,22.49231560196085,53.7163834410155,16.075518,1.5823536,1.0976009670471178,-2.366100800660623,-1.9122954429342556,4379.6646
407434998728287744,22.04843915534193,53.56389545990802,16.082792,1.6298265,1.8203666892753338,-11.190883216068428,-3.72173796063319,4503.5986
410438417818921472,21.884601682335877,53.59830984735201,16.084724,1.0754547,0.6271994539780578,0.9055177585193892,-2.4161276880897202,5694.7427
407524471482731648,22.239161040894476,53.490659367833416,16.085913,,0.3946433611057094,-0.3836798749819017,-0.46267249353269835,
410531601429284096,21.967870884943103,53.61310315541558,16.087343,1.2044401,0.4360384621726915,1.0808853823786053,2.082847591772763,
407530931116916864,22.173240754946566,53.686812666887896,16.088882,0.94906425,0.2193697627591253,-2.4049315155566124,-0.1423267606367058,7197.3555
407528418559055488,22.191047459911434,53.592206109124675,16.094303,1.1752539,0.7777563136285247,4.4166370915013164,0.04464912837967415,5094.1675
407538181021378176,22.19710651681704,53.8182129662396,16.095943,1.0119925,0.26674602407253784,3.4587010259012163,-0.4314189609554171,6381.8896
407434582113625472,22.08273327732089,53.508542792129006,16.096628,1.2163868,0.3242793865632957,-2.6200412395306367,-3.920954947482221,5914.114
410538026700321536,21.9386413148207,53.81224254842369,16.097437,1.4918976,0.14124071389334678,-0.9966175281693014,0.2963756235282726,5248.458
410534448988293504,22.106807354710465,53.78490858162394,16.097773,1.3978033,0.2434464920504576,-0.2839045918892764,0.4735072966114854,
407537768704520576,22.184441711192434,53.788221338266716,16.098557,0.96156025,0.33671079997713266,-2.137164225488167,-0.7453403862144661,6830.5435
407539589770648832,22.282262731348123,53.84733447108679,16.098759,1.3188505,1.185939521190572,19.295567408430138,-6.97469077999215,4938.1597
410536274353685376,21.86702232472415,53.73400131436831,16.110754,0.9620857,0.18403976272934353,-1.714010996479967,-1.264542530287185,6864.9517
407536905413580032,22.358144115907102,53.76536451674523,16.11258,1.1641817,0.8495425280464637,-2.6914449314619553,-2.315038689389783,5240.034
410531803290454016,22.055154919327773,53.634832408909396,16.120571,1.1656418,0.7754232343059508,0.16437146908768305,1.1740992650130953,5193.2056
407433860559821312,22.13057483489043,53.501988840233295,16.122072,1.1914597,0.4436736297438695,-1.1549572328508908,-7.649642637701219,
410535552799148288,22.00031143510374,53.840824594107374,16.122604,1.1618834,0.7003344195293213,2.802419627313273,-4.351284455135454,5800.9136
407529041331012480,22.156714481870875,53.578906914935956,16.123732,1.4207449,0.3039097777917488,-0.3125721374917384,-0.06899212106980668,5132.391
410540633741278080,22.19213666632769,53.835943911777164,16.124683,1.1225481,0.4398754423969519,-2.313667411923463,2.4831401484515743,5746.6143
407530239625243264,22.269377534101523,53.65394355526309,16.128035,1.1621532,0.49976102332787486,-3.4738518699422576,-1.7013325717763512,5669.196
407536188156571136,22.31681323240213,53.681833975998124,16.129734,1.0745707,0.4415507230443373,1.0773362282029915,-2.9054842456241965,6288.3027
407525704139696000,22.39620394379221,53.552746121584455,16.132814,1.1387901,0.6436876021044592,-0.14708728028581353,-3.749043611602576,5058.205
407531687030836352,22.189614391349068,53.73834400003814,16.137772,1.3134279,0.34970315547688563,-1.9660573565972552,-2.863718887498629,5194.5996
407532752183051520,22.482725796582063,53.686155887743936,16.141474,1.2695684,0.8260005930502382,4.7129948174010705,-3.8001857475081238,5341.6943
407526258192551552,22.422260839137454,53.599968747611285,16.15221,1.3796539,1.4703110823619556,-3.2929034099660397,-2.3294118095874508,4672.848
410438795776030208,21.886601623319095,53.65199658782164,16.155005,0.98308086,0.4761242867692032,3.2040337515854604,1.711739796821448,5984.2993
407533267579132416,22.34972918384922,53.67632630717818,16.155901,1.549161,1.3268493470430696,17.37908854668913,-7.2368695309862785,4643.032
410540466238721280,22.106207526865504,53.82430212914835,16.15687,0.9154186,0.35606133770696274,-3.112914242052216,0.3554605221020554,
410541222152959488,22.03917908214624,53.834986430145406,16.157463,1.455678,1.2911482744679097,-0.3659871491891844,-1.3717939054454347,4285.106
410533005879189888,21.96800297526555,53.7020576426872,16.157717,1.325798,0.9631827064503542,1.4019008652265241,-1.2520153879895206,4902.483
410541320936071552,22.072956641072388,53.86402868155589,16.167185,1.1088152,0.43266659447926936,-3.943180661286273,3.3919902429016613,4991.5454
407525055601371648,22.30436105936578,53.53615325641788,16.169424,1.4328194,1.3439353755430288,0.08568358376613816,-2.592603746567278,4642.326
407434792568060288,22.05463068837427,53.52313455429254,16.171072,1.3306265,0.11118592510307139,-1.0151055268289713,0.1367973265337914,
407535496664317056,22.43313108422593,53.77937658927117,16.172235,1.3696766,1.0011549816561478,3.460598547655024,-1.955904781194238,4835.404
410535621518624896,21.98923842642246,53.84110552129874,16.173634,1.2794027,0.5590391148418037,-1.7312778022507302,-3.7598784422036333,5621.1665
407531304777160448,22.170720793701562,53.69477668096379,16.184832,1.473978,0.2509256007268331,-1.806595117400324,-1.4622083182734062,4943.004
407532958341500160,22.385217523894717,53.65194944871206,16.18768,1.0451927,0.39222498121129684,1.798850586438426,-2.249270526087135,6302.123
407537218948707072,22.28887702601405,53.78636542783515,16.190727,1.4974775,0.11463740367780029,-1.3620922896112282,-1.030085633363676,
410532902799966464,21.976466249678555,53.68442645277834,16.191025,1.2502489,0.8564062910194525,2.7150543815608508,-6.062056767016757,5528.364
410540118345124096,22.129031993636595,53.78842049123686,16.19286,1.1622801,0.6538678292012782,-3.5053078413622782,-2.8999873380927683,5244.092
407533091483540352,22.390794320761838,53.66618492405301,16.195623,1.0811911,0.40021266686668966,-2.215738379638899,-1.1023251511649832,6054.7456
407529419288121856,22.100417736615746,53.629766220635474,16.198677,0.9755821,0.2704129642290136,-1.6854320713368642,-1.0784348092156069,6141.0796
410437283947571712,22.018787612584134,53.53884124933264,16.200764,1.0931025,0.43605640238297333,-0.13658364219568347,-0.1722400041592032,6303.6245
407528491575207936,22.120684493964134,53.53625915323703,16.202946,1.0641518,0.3220341955687823,0.4541961060004398,-0.49936535431021656,6078.992
410537992340587648,21.918816604451788,53.7994185228216,16.204773,1.2708578,0.6854951798355643,0.3600678133976263,-4.17420725515257,5154.059
410438520898132608,21.948115743059912,53.61467128876114,16.206251,1.1033859,0.47520790116873235,0.19308574356197972,-3.947224062239906,6369.723
407536355658724224,22.353716523310236,53.71642301247998,16.20936,1.0999794,0.4672231685316889,-4.6111265106715695,-0.3018125566848291,5076.412
407537081509757696,22.292157516464595,53.755672267173466,16.209785,1.1975794,0.5249296359929316,2.721242356906339,-2.4517534731802084,5543.328
410533285056449536,21.91784122548831,53.727723920972885,16.221579,0.94658756,0.18720751245614853,-2.108496247802,0.5986657221968391,6985.7686
407529689869391744,22.25899536947741,53.60901370047139,16.222906,1.0588531,0.6415885719393751,0.33767171145997676,-1.3813901732367477,5631.294
407527976179129984,22.239547672947513,53.546775176663076,16.225626,1.3208818,0.33900584809960566,0.05090592815819106,-0.901222880407607,5131.8335
407526258194226304,22.422946091061743,53.605177615080436,16.228586,1.2874508,0.8656524885506461,-8.526030986734412,-0.43887446100302324,5175.838
407533748615439744,22.393958891431858,53.72303623678475,16.23615,1.0448103,0.3129057713782705,-0.5706579273527843,-1.2797785824343346,5832.4243
407527082826245120,22.370032782390208,53.64266084324317,16.236578,1.2015371,0.63425950804983,-1.1548440372641677,-2.6461912059290564,5123.673
410540569320947200,22.101890796957164,53.850795786015965,16.237923,0.99500847,0.3823519467378314,-0.9900180260102105,-1.8639023092462894,6157.3574
407529621149908608,22.265856130266442,53.60080137256594,16.240826,1.021678,0.458918624076851,-1.3288710638284023,-1.7600029421964205,5568.4243
410536274353680896,21.86034993054483,53.750888932369975,16.241276,1.018631,0.21261702740128816,-1.2401811093403212,-1.3640720177843764,6711.3906
407526739228537216,22.324696298598983,53.5992030412253,16.242256,1.0168476,0.2101077076049269,-0.6232811606683681,-0.4618018147727385,6347.4937
410534418927803776,22.098277959551925,53.77167290423891,16.243883,1.0802965,0.6864155335018095,-0.16691533261305613,-3.314070823722412,5076.4985
410436905990454144,21.98173241451547,53.525255935582386,16.243961,1.0175734,0.36219748412109065,-2.410300115546085,0.011705259434370108,6004.1885
407535123005588480,22.472925839309045,53.73289417422972,16.254663,1.3178682,0.8288864719854039,1.2746851223768847,-4.260428107682819,4589.729
407529621149902976,22.26896064442084,53.59521969726928,16.255589,1.5643387,1.0346023709837557,9.37346216645596,-7.33589912075601,4599.445
410540638040429056,22.189808875933526,53.83606816135381,16.259745,1.2700348,0.587252236293786,-2.4491310910824855,-2.678951306142702,
407529625446559872,22.27572645840005,53.59969363570323,16.261566,0.8568344,0.34252632192246474,-1.3665818316389737,-0.7425794697418252,6522.499
410531360911115776,22.031063071928514,53.60770468695261,16.268717,1.1465034,0.6246788822876824,2.0489877189907277,-1.8765333590159403,5450.716
407527976176032384,22.251585264356265,53.54291749760695,16.278372,,0.4941556830851735,4.54679713740563,0.7004175303927043,
407533817336644608,22.36641591397311,53.73321775939108,16.282356,1.6138954,3.924557738402604,1.7575605290064389,-0.6047888953002449,
407532958341501440,22.37432152595834,53.65004409820359,16.284891,2.1993217,2.6879492625228876,32.583356937932315,-28.97912248406407,3634.1062
410541187793218432,22.07422290786369,53.839429274028014,16.286493,1.5258512,1.1539781709104098,1.7214802869786408,-4.136635452083858,4692.756
407537390747402880,22.210723432598076,53.756908620260894,16.290754,1.1169395,0.3336311824768011,-3.5441765387910245,-2.7331820914047924,
407528109321388672,22.257671750676273,53.565622965936754,16.292055,1.210885,0.8593206248246279,3.4838825767992407,-1.3987313796292113,5058.6216
407529552430475392,22.0978813347693,53.660087080861146,16.29927,0.98462105,0.13707111108266307,-0.4604530450884421,0.3611801285067072,6004.505
407530690598443008,22.1847499919124,53.62182013890091,16.29996,1.3768854,0.018929235976595665,-0.6123552043801985,-1.0299114044900755,
407434930007012352,22.077872337486927,53.53779847047984,16.310423,1.251729,0.6250846597527979,-0.12793132827581985,0.25400918202338885,4902.8784
407533508097290240,22.403315129526465,53.69482943337765,16.311401,1.0999212,0.3496206814295978,-2.779237653643316,-0.5105349508291486,5659.32
410533143318167296,21.962025929772615,53.731313832463954,16.313728,1.093605,0.4673034705107327,-6.382691266959785,-1.7789580631240383,5710.082
407538176723925888,22.184579477661963,53.81301578180201,16.313766,1.0834265,0.4870911407785593,-5.6233377472726085,-3.099077121567562,5725.2207
410538404657440896,21.95194944185949,53.8191728024707,16.317345,1.1946297,0.36099511292110825,1.3352311061016473,-1.9075597966703306,5769.6494
410535793317356416,21.8812796186615,53.69483324785782,16.319973,1.1620626,0.3316973268365139,-3.4596126575635098,1.042897351386166,5026.6724
410437146508616576,21.957311597480434,53.54504499476974,16.32267,1.089097,0.29061146267030696,0.15632020323385723,0.6110266300734045,5880.0635
410437421386515584,22.01780727715837,53.57699696228211,16.324383,1.0832663,0.22346766356219697,-1.9998560907464713,-0.6297256106866423,6345.689
410533044538285184,21.986589240105147,53.706749529989025,16.326777,1.3802834,0.238591322210749,-0.4373210549300969,-0.40389178274225723,5703.221
407533439377818240,22.43210781565867,53.68742944444254,16.32829,1.6443043,1.411816488302426,-10.549743687817157,1.2379222868813702,4591.5786
407526356974719488,22.3203837872299,53.549266248513334,16.328344,1.2486906,0.3255005392137815,-4.824228820426644,-0.686797693359777,5030.8633
410536411792629632,21.877174884906488,53.768174150981636,16.32959,1.0484266,0.299461441738737,-0.02442564833732322,-0.680448039510958,6586.935
407527971887145984,22.250917088237184,53.54404971541885,16.330484,0.97143745,0.17844579107660483,-1.717268030648553,-1.2789218185945104,6365.8916
410438795773000192,21.901445467605598,53.63736888599227,16.331018,1.0566139,0.41957539794525645,0.33331435442051255,0.947030477961273,5595.949
410438246020227968,21.862361252775283,53.606412203878186,16.332647,1.1131754,0.345418039738314,-3.7181785932896303,-0.11146730023400551,5720.0903
407534328435295232,22.498756986314696,53.716947159452396,16.336876,1.3106556,0.36871167397074317,0.22807143702465393,-1.520185991314508,
407527701301228416,22.172439255763088,53.52304355747495,16.338808,1.0279388,0.270693102063844,-1.5510738657966654,0.1965970666792388,6586.7905
410533143318170752,21.978170244898298,53.73358486652888,16.340887,1.0812702,0.49838182189523383,1.732325573428045,-1.7881869371392483,5827.9336
410437490105988224,21.995303531530773,53.59026944969268,16.344051,1.0076866,0.44946037908452774,-4.369477662826408,0.872788222762791,6346.2744
407529797245246080,22.26648165537666,53.61956346456942,16.34483,1.0066538,0.3847601054259262,-0.8418448772878144,-1.0068266471826466,6138.228
410540741119642368,22.195837521386636,53.840894873744304,16.345707,1.3815632,0.8101661948860872,6.166862383704747,-3.9774591322457935,5000.215
407537459466878720,22.256223526649734,53.764206923582194,16.348408,2.3009338,,,,
410534655146682368,21.99275619561881,53.75564267147729,16.350407,1.6142616,1.3754622479773297,-14.987159808184856,3.143034123795009,
407526773588275200,22.291415433762193,53.600307589403485,16.35079,1.0048676,0.5112123025154104,-2.7438507878389404,1.3788949488450308,5866.93
407527250334338816,22.337965520703776,53.635305582424564,16.351227,1.14956,0.5482420458703936,-3.686655026989645,-2.8799969776377905,4681.252
407533095780445184,22.39099978425799,53.66937671616676,16.352076,1.1623116,0.28981704926542085,-0.6814178379546105,-0.08504561264840742,5784.8477
407526494418396288,22.33097511565253,53.57369813679174,16.35293,1.0317001,0.4183299140521031,-3.0295970751422283,-0.793714619823157,5523.5527
410535307981781120,22.031964534062983,53.81298738802617,16.355633,0.9935427,0.3335202296460714,-1.8285038849907818,-0.38050321521048114,6356.1313
410534002311637632,22.11746961891522,53.73425097228714,16.356085,1.2108641,0.7184537977855815,5.378794566211442,-8.26190905194454,5492.4624
407527112889015296,22.33400270174365,53.607051409803276,16.357233,1.2447977,0.34783357602771897,-1.1024749551739519,-0.9704209186142567,5730.3525
410438349099447808,21.916213215772377,53.58823804128711,16.358122,0.98064613,0.17680089025126072,0.4699183742717339,-2.1723736942263345,5920.2925
407433894918859392,22.121935941807852,53.51152897215035,16.361631,1.061346,0.34388157861224766,2.4957506265940177,-1.1400533218648055,5330.4717
407528074961646080,22.256124663436186,53.5611231692845,16.363518,1.1661015,0.6415956887072345,-4.6043521877255165,-0.6649251148909249,5227.6675
410535174842142464,22.008456343700846,53.78959147721189,16.368027,1.8127108,1.84722871996371,-12.217984349775554,0.3123906895177708,4494.317
407538009222686464,22.281506097202236,53.815668182659074,16.37156,1.7414198,1.8187161109624466,-11.598231751618222,11.24878573543517,4398.268
410540466241741184,22.10649280491103,53.82449990417654,16.372135,,0.2731907737831983,-3.141899454208821,0.4935921794335205,
407528830875884032,22.06213520883933,53.562771913943614,16.373175,1.0929222,0.570802636748263,-4.976420278440288,-3.1242798066885262,5385.434
410438585320257152,21.918171784286308,53.634777463286945,16.377047,1.0284662,0.4165809988168345,-4.422491849578059,0.08455905953551834,5327.7217
407528555997962112,22.091075943201012,53.544381852069215,16.379593,1.2914019,0.5152067645820332,1.4054029630475111,-4.272270820986338,4881.2886
410438349099448960,21.922245561585132,53.58373846734353,16.380068,2.4843082,5.31282949404682,3.641682091332399,-9.839239138547999,3551.1772
407530724958178944,22.18790387698893,53.64069652935353,16.389887,1.318614,0.37441447921472354,-3.339724486198309,2.015135442386018,5242.6094
407526563133155712,22.312824506068168,53.55405667950413,16.393805,1.122056,0.6365909195016906,-1.2134912668110047,-2.970868851858196,5300.2466
407536630536643200,22.303239984588387,53.73548759944566,16.393904,1.1489706,0.42343043582184003,5.053140768158089,0.31047338033652555,5622.0337
410534861305127424,21.967708106600103,53.769972173776836,16.395657,1.0760374,0.31443889055222946,-1.0825815291191503,-0.9204200733228831,5913.588
407529865964726400,22.216367579986198,53.605226776178746,16.395742,1.1573486,0.34258888789775654,-1.459543391512226,-1.5960776270514239,5426.615
407527559565540096,22.237563656586214,53.5265504349498,16.39757,1.0462732,0.35181122096446976,-3.509471742203927,1.153100524324142,5304.0015
407533886054382848,22.406464534855104,53.73874041870011,16.402454,1.1180124,0.5391692572301132,-4.014789126084104,-6.0713850151256334,5720.178
410533422495397504,21.924872899614495,53.749665129718665,16.406403,1.108923,0.4813842757330279,-7.5736248395257215,-1.5749311611265835,5360.4746
407526322614975744,22.361460590329262,53.542245365889116,16.409544,1.2229958,0.2831987136611721,-2.239394644377647,-4.786425756932319,5737.46
407531687030836096,22.171091148435924,53.73943863751725,16.410086,1.0904198,0.3734941373620043,-1.6215341128988219,0.3787989615781837,5770.479
407537665625306880,22.165885925467755,53.77517840767979,16.411852,1.0455818,0.30932916287054446,-1.2325237103521733,0.7954495628410151,5102.875
407533508097289344,22.414559490609808,53.6966850346825,16.416523,1.2281408,0.5474297615962638,-2.3059251028094128,-0.4323987425038055,5039.9497
407529728525770240,22.278318413185247,53.615577780228364,16.417511,1.1390266,0.5653193528544125,1.8131137966129334,-2.171712728341344,5488.8027
410540122644370048,22.136551294596412,53.78520883472031,16.419949,1.5156488,1.443685330283001,-2.1947840748639855,-7.2151083114479615,4499.578
407529556727070848,22.110735377780625,53.65861029501762,16.420813,1.0022497,0.35197782178249937,-2.2830532382086455,0.00860411833724368,5629.3374
410533044538285056,21.981949813218424,53.708138417410446,16.42345,1.392909,1.0850310554303728,-8.751650043730104,-8.395956499545756,4687.7324
407525055601373056,22.29420760441045,53.53009931740699,16.425537,1.1694307,0.40198210150881486,-0.5188893055289676,-0.9628299537624881,5252.6836
410535037403090048,21.953188680802796,53.79082765683521,16.426071,1.1745758,0.4637480513036795,-4.521691829561081,-3.0434465903166874,5609.36
410437588887800704,21.932976172247074,53.57420589689243,16.434233,1.3755236,0.20597181701559897,-0.464369503944459,-0.6069445507118093,5094.584
410438619679983616,21.869290305212456,53.612339533577504,16.434816,1.0928259,0.3692069038246753,-4.088583942746419,0.5063039090878864,5194.1465
410438761416295680,21.896518967855563,53.63557139172235,16.43643,1.1308432,0.2572135587409052,1.7571151952662725,-1.492984975837722,5061.627
407529586790161152,22.2618156805485,53.59060672336583,16.436497,1.6500311,1.5617204168236491,-4.246167303830878,3.1183726810514827,4501.352
410532627924179200,21.90529566727762,53.64968340185665,16.441027,1.1340332,0.7383285515476083,-1.7142781187825116,-2.218811423337727,5199.7954
407527701301226752,22.170402512614125,53.53099364895234,16.44295,0.94042206,0.4025304165032706,-2.4940946098396695,1.47870819158479,6166.017
410533731733053952,22.04968647090473,53.70187076034449,16.444384,1.1465025,0.663755334600032,-2.850696445212096,4.497190948463265,4807.4214
407532820902525312,22.482179171601697,53.69057082812506,16.451424,1.4476938,1.0094039480193198,-0.45392827590202245,-2.3087807445022994,4808.9497
410533181977239296,21.930401838241814,53.70332048712182,16.455053,1.128705,0.25507997237312,2.870832870483911,-0.7396246428824296,5603.752
407538112298776832,22.224655633536518,53.79128858627157,16.457123,1.2795868,,,,
407528079258342784,22.245949227985832,53.56217415354272,16.459614,1.8002195,1.6576182421186674,-1.4277455215137227,-5.986306245740085,4477.991
407539001357673344,22.376248269644684,53.83966768251338,16.462717,1.0307131,0.3497528008496393,-2.204797411181133,-0.8676647269375113,5941.8345
410533697373309312,22.08585837724564,53.731335641092684,16.463358,1.1223431,0.3024377345312359,-0.6925272547847621,-3.107101662178163,5913.958
407527834443466240,22.184906619025842,53.552076595415734,16.46407,1.1395903,0.7186158065350783,-4.459541208796435,-3.3119708026858334,5096.324
407533950477059840,22.381788566930602,53.75436987712366,16.468615,1.179369,0.63222506787951,5.516820862736242,-7.943101734373444,5219.4434
410534075330427264,22.086782682688877,53.747624786759744,16.47331,1.3290691,0.5390640949306594,-3.976367029444904,-1.7187250045221476,5103.0405
407535191724434304,22.461195170825096,53.749877653699535,16.475866,1.0670948,0.3881658527979541,-0.29959082816683114,-0.6876720234088982,5865.2104
407533198859660032,22.35812691389207,53.669553481233336,16.476822,1.5668869,0.2882192389558536,0.18780466950710262,-0.9033951612138607,4836.232
407531068555555200,22.127740930348107,53.678565254721,16.478428,1.2059202,0.47252442064515676,2.8621262999168344,-2.5183983378428643,5316.0234
407526120753606912,22.396364935750096,53.58534339011037,16.479076,1.1254959,0.6143775467433152,-0.9281890256856837,-1.6508583010154487,4756.856
407527937522671744,22.239227204656668,53.538386277372936,16.48646,0.95377254,0.4102335214682083,-1.0395435466368086,-0.9841806654028722,5900.4707
410438791478689664,21.904374992221513,53.642770576211326,16.489206,1.3105555,0.7156457037508848,-4.370877673319851,-5.325319926205337,5060.7295
407531480872407424,22.195163470109232,53.73118499470801,16.493055,1.2881584,0.9372607071476741,26.864236517628214,-19.011657955622546,5090.371
407434517690155392,22.09814518743557,53.49739519736777,16.497383,1.1425991,0.6540718543607336,-0.7477893518145147,4.06746959132753,5413.211
407527151545739520,22.351217882242974,53.615395440827506,16.498816,1.6124287,,,,
410541183497076352,22.06784669093761,53.83598451371421,16.503605,1.0738726,0.43566598228549414,-0.4014364958713389,-1.8043656470352814,6335.657
410437558825468288,21.96260111859935,53.579113496286276,16.505947,1.4794235,0.014458347275860508,-0.8154319330461346,-0.7102864822778512,4916.5117
407527014106784128,22.397873813511147,53.6187489062103,16.508345,1.1951208,0.3520192377063113,-0.447140258057394,-3.638624871980191,5437.9
407528487278475264,22.118137654606247,53.53010013190626,16.50841,0.93612194,0.18711006964402713,-1.0199639571783528,-1.2117838153477374,6366.311
407531618311360512,22.13946284314913,53.73327988537504,16.510239,1.048914,0.3782465797779297,-0.31269606707488196,-1.3913250261973893,5767.2427
410532838379858816,21.900808486545664,53.68551617963553,16.518635,1.1063309,0.4740644012062546,1.1661992219604957,-3.290246001931979,4994.725
407532747887229568,22.49575364036166,53.67630157616305,16.519917,1.1862268,0.22683625356601067,0.2771894962495931,-1.984607684133723,5648.8687
407524952522157696,22.28722595330225,53.530849042365595,16.52079,1.0964155,0.47580021438494025,2.110572086725758,-1.5304435373199419,4890.9263
410532838379857280,21.906373382931864,53.69241542720582,16.522898,1.1345625,0.5506080242956708,-4.075807189497638,-4.549404173498764,5469.0234
410535690238141184,21.85802085761977,53.69470977507137,16.529757,1.450943,1.0606032992759846,-0.030744268715292344,-4.0480150133285075,4644.427
407539830288816128,22.22859581308046,53.85986107088215,16.533182,1.3160286,0.8349414948910087,-6.023263110299501,-3.48973750224737,5013.901
407536218219747200,22.329118787490565,53.68817130963084,16.537931,1.3648329,0.1351961145588672,0.24112488477306265,-0.6608476853246001,4787.371
407526601789589760,22.301081394527145,53.57352115563215,16.54198,1.1667719,0.3337829570379639,-4.352229508736559,-3.478829893598781,5576.289
407529930387573504,22.189030207713085,53.62666571660905,16.546288,1.3784027,0.9929598730240761,-3.396683298738563,-2.0506661427581423,4748.4546
410534522007013248,22.07801044074559,53.79579093929481,16.54731,1.376462,0.8028067873412694,5.4152444796418076,-8.467188155532895,4745.145
410536308713419392,21.862574162246844,53.750459457685956,16.55054,0.9731455,0.24225846155444533,-0.7230068308487515,-0.9238929338873276,6852.154
407433796135650432,22.158489643188258,53.48945707548957,16.552795,1.2561426,0.21362411989787713,-0.5073700154538123,0.6246414573206365,6821.5684
407537837423998592,22.267110994280213,53.77685659072411,16.555048,1.2566442,0.6610827063620551,3.3490448762232563,-2.381403150732389,5336.014
407531343433457792,22.198478504389904,53.70419157934272,16.559114,2.075654,2.4786958540254047,9.1032114801576,9.509370010708874,4149.7046
407538868216143872,22.316788609142744,53.84029998868233,16.56061,1.0619249,0.3575235017606254,0.5422302384753935,-2.900827803810509,5691.145
407538451601820160,22.367766307297416,53.78677831790747,16.562017,1.3721018,0.14989217921140108,-1.3454210791934937,1.3988993836259809,
407537459466878464,22.26322041231009,53.765161770632375,16.562517,1.4242172,0.5209710738914916,0.0027966396905193813,-0.7223141148406813,4958.158
410540496302322944,22.125199596467766,53.84291250048306,16.564482,1.4117022,0.9641946718149477,0.41298847400740946,-1.0771629504336993,4806.0625
407533439377821824,22.42461586695941,53.68047077337096,16.570303,1.1264315,0.28474138625951323,2.55740180751903,-0.7194712745564731,5745.9043
410533181977239168,21.932290697702584,53.704857571623336,16.570765,1.4517508,0.17815700514471716,-3.7095963273600274,-0.14637770430901587,5137.124
407536325595522688,22.332586454277923,53.69790632390613,16.573856,1.4334478,0.8788575843707895,14.654062445189982,-5.298530972570147,4745.445
410540294443050112,22.150846721068056,53.82361323122898,16.576368,1.0094814,0.2667816266258274,-4.356479074381354,-0.6600320815738141,6059.1416
407529556727072000,22.095881424534706,53.65397992628922,16.578613,0.95155525,0.3605624710265596,-2.2614511719678703,0.0935157351869429,6348.17
407434586407055616,22.08300624892185,53.50795711112285,16.583761,1.0181494,0.23675353955556447,-1.7339117691364652,-0.5287631028548508,
407533813038096384,22.381940513766953,53.732299945889196,16.585304,1.2810726,0.572322095880672,-1.7927529344041888,-1.7360481185619285,4931.1543
410540775479373952,22.20456498977804,53.86135072718304,16.586754,1.243391,0.7809825515667658,-2.3318374906139443,5.079616497420865,4982.683
407529380631758592,22.084141637322805,53.62422194166196,16.587702,1.512599,1.0183241435906165,6.261729929739076,-4.92849100972819,4516.0967
407525124320848000,22.277725683296385,53.537152655151054,16.588747,1.0629587,0.6265358530502464,1.1300505599606696,-2.8139325722127824,5373.686
407538795199230592,22.346585591058343,53.82182629097877,16.602798,1.017353,0.4297977817873979,-0.8797143781370909,-0.898994958955651,5781.3613
407532885325081728,22.401791220284686,53.627922195219135,16.6031,1.6229696,1.026333364268467,-5.097859155851719,-3.9831802411744803,4380.48
407532202427272320,22.462731067842878,53.62788594210184,16.604136,1.4327602,0.8319789268020745,16.381902676390546,-2.9152316173724566,4786.7036
407525124320846080,22.282489054083634,53.54493730117185,16.607222,0.9964733,0.19564391484866975,-0.22589662838783545,-0.5287990021038325,6248.687
407538833856651136,22.353413451336227,53.83331473694737,16.608858,1.7183704,1.6543574603972726,-5.211909251823801,4.836432659673394,4757.6055
410540706759979648,22.17009835021776,53.850343838314416,16.611778,1.4121618,0.8742518454127528,2.721139452933394,-4.361809525063693,4819.418
407536806631853312,22.32330232106435,53.738048517239825,16.619036,1.148612,0.5349739453510873,0.17863120666339416,-4.028986207220326,5521.588
410540878558594560,22.128896646440246,53.844278002980644,16.619633,1.1573486,0.4577180525939167,-0.7967843982572222,-3.3991104694428707,5219.042
407530862397128960,22.20204444988286,53.659245612380815,16.61999,1.1971312,0.5970469312838861,8.637730795507853,0.4208477943724618,5199.7954
407533679895960192,22.437204327152344,53.728021152748745,16.622768,0.801239,0.19581669216463543,1.3736457346761688,-0.6674761542176152,7500.1113
407526464350995584,22.362460740487155,53.57630886372207,16.628069,1.1830521,0.6797544013826459,5.820965404476855,-5.8751425045459555,4627.7915
407527735660965376,22.131562401709864,53.53015919570667,16.630987,1.2638531,0.771055466984989,-1.397984737713139,1.2060763264302716,4914.5415
407537012790282368,22.314306303026317,53.75006224003294,16.63117,1.1247625,0.489750625401683,-2.628132616366294,-3.0973396688841444,5323.0234
407528044898605056,22.22244285692043,53.55807396571894,16.632101,1.0933666,0.49625892906774005,-2.924988410590261,0.8505439717784644,5387.4097
410438005502068608,21.890234799948114,53.573187592208676,16.63262,1.0299625,0.19004354386064953,-1.3719673473013347,0.1740037016544294,5914.6333
407531721390574336,22.146009422912957,53.74478465933788,16.640772,1.8161707,1.7119837098216042,11.540434071956646,2.223594159106679,4464.9663
410533280757118336,21.90449270567075,53.731865161226025,16.643518,1.5252352,1.420379437461664,27.037148717999667,-4.874589850994795,4667.241
407532271146734592,22.437529007003146,53.64968290269043,16.645638,1.2430668,0.7449376606786471,-2.8897689040454324,-0.9331618185426696,5245.992
407536699255143424,22.266025703679762,53.75796988473313,16.64656,0.9997883,0.33386766353541153,-1.6995842773613057,-1.4936853417899614,5802.7803
407533847397833600,22.411822838909448,53.73011822317203,16.64746,1.125864,0.43355993408736937,-3.4149625137464708,-0.37468550896029984,5429.4756
407538902575881088,22.330353737506563,53.84845246033971,16.652931,1.1466389,0.4916699279951698,-3.9801947757049656,2.4027359570686837,5550.222
410535415360204672,22.000884874823015,53.81545173935704,16.665092,1.0526714,0.350108629801499,-2.5379509755273943,-0.0670694726136226,5602.7554
407532305506468096,22.44039998491873,53.659125923705936,16.671751,1.2442036,0.40592469582087,0.2033412374482803,0.0671465248868532,5591.2144
407531102915292928,22.157411485689146,53.6804429453853,16.673412,1.2190876,0.28554047470611,-2.306764171000784,-1.3955480527919257,5524.2075
410533486917652736,22.092115926196826,53.68926628925318,16.673687,1.1272087,0.4936182083434573,-0.7744199440808109,0.42714122215864375,4726.8154
410540565021815808,22.09554606443423,53.85584383412565,16.678303,1.0218582,0.4126494924972587,-5.258574938698561,-2.167343746146366,5868.003
407535118708160128,22.484253222618783,53.74047771004325,16.679272,1.1160412,0.4555632304459083,-4.675392078650534,-2.682825854559421,5510.989
407434448971610624,22.016082545852715,53.517595526812066,16.679495,1.0519295,0.5053908948346993,3.953561529424383,-0.7568456562561259,5278.3965
407526773588274944,22.302490115380333,53.601081767944606,16.686146,1.1788044,0.9390884292625514,2.967881965591554,-0.17846312605899556,5191.7915
407539795929077888,22.251726830374114,53.85957423184234,16.690184,1.0444622,0.30687938357527317,0.5664613166085057,-0.3991271162248424,5609.766
410531567069544960,21.991702749184924,53.62407824294974,16.694567,1.0406246,0.39732860577958146,2.128097885747971,-0.44997174468695655,5392.718
410535484079676544,21.972799616543597,53.82697479742626,16.696785,1.0873051,0.3599685358621617,-1.0085483237735644,-0.47561215828571357,5734.733
407530583222655744,22.26952492748727,53.692159184561724,16.704573,1.0690536,0.23391070436520192,0.0656484557906688,-1.2603951178764858,5761.464
407532271146739968,22.452026587123502,53.64127088022197,16.708963,1.3251991,0.38350563200690135,-2.682638595202482,-3.745341014423348,5258.4194
410441815134471296,21.849687695462652,53.6686619207088,16.710337,1.0031776,0.40780436579671453,-3.398016328681234,-0.2333841964541575,5705.216
410534174110363776,22.14323434668636,53.76604231973775,16.713223,1.0174084,0.26106192942029965,0.3140183193694949,-1.178791537047109,5806.193
410532666581168512,21.904949303174078,53.67009709034669,16.719826,1.823823,1.2862433416878398,0.04949627106746858,0.21623986612632834,
407533435080943104,22.429033664411254,53.68901388883255,16.722498,1.5295429,0.08519719982676505,-0.9982798663305261,-0.3360216636102449,5240.2124
407539761569339648,22.241064321745007,53.858415530284724,16.723616,1.0616341,0.27075294879948325,-1.5046360760921187,-0.26757664869659326,5912.2734
407526361271425536,22.326475914914568,53.553012574909914,16.72368,1.1781788,0.2586509911403294,3.9433576229102405,-0.6148685340338802,5443.198
410534796884926080,22.000680403464294,53.769886598769986,16.723969,1.2381191,0.3376465223996195,-3.9587992373480545,-1.2986585325656717,5168.901
407537493828554368,22.216170448646757,53.770248444991076,16.72474,1.458622,0.9579122447443327,-8.204247374095647,-2.2496101378403686,4769.931
407539761569339776,22.24188371299779,53.856435504856286,16.726105,1.0313377,0.2193056543736777,-1.5928540475665194,-0.1244507361825068,5786.515
410540874259453312,22.13844707641777,53.848330871344224,16.72647,2.2310286,1.9939769906754954,6.705383565042457,-31.00131028938935,3816.2192
410535101823316480,22.026478635946482,53.78523496839845,16.727434,1.2952805,0.6725440756544698,-3.72536897600112,-3.0650147776474963,4994.9883
407528938251793024,22.086956670877836,53.597140345580165,16.729225,1.2703724,0.8857145155605229,-3.685714598763867,-3.2161192028451455,4956.185
407537390747403648,22.206272130706424,53.75289850569796,16.730019,1.2467594,0.6044102943404706,7.184034839554056,-2.6366921895702875,5180.051
407535329163372160,22.47008048291129,53.77410201281621,16.732101,1.0315247,0.1874992769977489,-0.3780662009927416,-1.8945584687234618,5525.6636
410535518439416320,21.998233071224437,53.82353979755982,16.734179,1.8448572,1.66844014753188,2.681567536423401,-4.286492145572881,4382.402
410535896396564480,21.866350176257768,53.729849294485696,16.735752,1.2636051,0.7040545160401548,4.502570056229213,-0.0398645679653391,5095.163
407531373496644608,22.207132520854145,53.70332284639752,16.744745,1.3731194,0.8143636450209554,1.2708620600330467,-1.305271888824268,4821.408
407536703552636544,22.280010569033966,53.75103858132338,16.747139,1.276228,0.5762691998658718,0.5652341183006213,-5.173739649743993,5067.747
407536325595520640,22.337457331005822,53.706385062936974,16.748537,1.0690079,0.18336247564688402,-0.3799575328027732,-1.8395973444313292,5852.853
407538696417713664,22.348738363837835,53.80499716915537,16.75265,1.1223812,0.3423174106084945,0.39872855018465053,-0.11434702930577205,4936.636
410534384568062976,22.057243787249472,53.782827762286935,16.75608,1.0212917,0.16801840403172774,-2.195693835093033,-1.39696874060635,5868.5376
410438860198168192,21.881054659111864,53.65915132390704,16.756853,1.0939026,0.458870647682569,-3.1082093495541896,0.41010085418234116,5257.2075
407530415717413504,22.24468710665052,53.66640745553071,16.759125,1.8364592,1.6421466785773613,-2.163019478855973,-8.52649227166394,4455.243
407527185905129856,22.31415380152334,53.62100973228126,16.761425,1.1059494,0.4001476834628345,-1.262697562042643,2.688684787960331,5059.1045
407538623400543872,22.378602655765818,53.82854778025357,16.7633,1.0675907,0.365083454119954,-0.41318214039277174,-1.4881165126417797,5414.5127
407531996268843136,22.482677888034434,53.626426531275825,16.763573,1.0861816,0.39669824087602856,0.47602081275231795,-1.9711269579658506,5850.7
410438623977349760,21.876538870606982,53.60743286324274,16.76605,1.1462212,0.5317420432818418,0.30867259324372764,-2.659025723919427,5013.4663
410533108958421248,21.967459880902396,53.72218192067222,16.767143,0.96484566,0.33243210326580663,1.4402981280442866,-0.9433547313034505,5611.7007
410541462674139648,22.018714578188224,53.86376179263936,16.770254,1.2639618,0.4319256375409436,-2.3407338027003455,-1.8358559945256827,5548.909
410532696641531904,21.874720500324518,53.672597930466466,16.77287,1.1261559,0.43964569542553616,1.6684049044601883,-2.6008889794040733,5276.945
410537957980848896,21.903006766519972,53.802042137186156,16.777426,1.127325,0.396714580814277,-1.7087344828888908,-3.140625689527262,5486.8477
407434620769369984,22.112717720514734,53.50209650095808,16.783876,1.2163773,0.40853357318036326,-1.1615605962738607,0.10431625735722955,4999.4355
410437657607299712,21.973715395064527,53.59338596890764,16.786684,1.1792202,0.5147013119587031,-2.7534381165120116,0.016766338138386058,5176.4546
407538524619024512,22.392596773548224,53.80093866607064,16.790775,0.9747753,0.21993806142747813,0.36334898437505725,-0.8748900178013548,5875.2295
407533954773845504,22.386182207782618,53.76147878498971,16.791872,1.3962765,0.934553422993616,0.5663569746789519,5.144057906560219,4952.111
407526425694206848,22.374421498073225,53.55849943579691,16.795748,1.1058426,0.4253147206361171,-3.7501197540002194,-1.6421608230526048,5409.1973
410534144049903104,22.143968713115456,53.75174136258208,16.79723,1.4619923,0.9333374031949344,2.8223103307848936,-2.1802630436093198,4732.5693
407535329160474624,22.465695466362305,53.77898695038854,16.799751,1.0461502,0.34395779648321684,-2.746286640978184,-3.431774364669981,5354.9653
410533628653835136,22.10756175122476,53.71904703828118,16.80217,1.2985783,0.6462472287269201,-0.8526648338882403,-7.470888783843241,4958.316
407537218948706944,22.304979303833345,53.787952745708544,16.80498,2.1099472,1.9227842583108892,27.404771678058975,-19.625566242199326,4198.299
410436940350188800,21.97882082098639,53.5356227166364,16.806303,2.55025,2.80551832629823,46.91609401344241,13.236497837780856,
407434586407053440,22.07314594928781,53.52098217670531,16.809208,1.175415,0.35062916337240424,-2.8533034937359147,-4.937167189559356,4903.837
410437558825470080,21.964322554727623,53.57301494662377,16.810156,1.0318832,0.2357280944617487,0.202051134253302,-1.1450052430300306,5504.8867
407527009809814784,22.390751164899957,53.6198865154883,16.813393,1.3445435,0.19924440421740092,1.0728127689007385,-0.7285707706605365,4662.524
407536664895401088,22.261451875717228,53.74462490624864,16.813597,1.731245,1.3396168975431515,-8.812941964732573,-1.364896091244024,4500.1904
410534002311627776,22.1286278868491,53.72540178640744,16.814066,1.2720337,0.7072314528822817,6.009800270085865,4.525754662417482,4828.202
407528933955131136,22.097156167325114,53.59663964394471,16.818422,1.3803482,0.23706608805419116,0.49413080369582774,-2.784674786586792,5075.958
410533319416187136,21.948836187685213,53.730159930407204,16.81868,1.1286945,0.4616922038944376,-1.0119296233747381,0.0713133257484754,4799.6763
407529350568646912,22.107946150792728,53.62081250866489,16.819109,1.1740112,0.5433976836523818,-0.487888623283171,-1.2491703047922855,5275.6064
407538142364188928,22.23443005823823,53.81240348492568,16.821754,1.5465422,1.3429036517082624,2.2663209501186006,-4.737521308815111,4560.6035
407533095780444800,22.39921491501288,53.66979010887303,16.822935,1.2544155,0.43582596289061626,0.5573832085625599,0.6025089149530412,4792.5776
407537356387668096,22.21433912224585,53.73329311822801,16.82546,1.4274273,0.7852592681327758,1.6636039956486393,-0.8570183525090898,4611.2393
407528835172583936,22.051263513769044,53.57118966426595,16.834799,1.0793247,0.2761682101151999,-1.1568583105083725,-1.4585974538356334,5391.658
407536291235784448,22.306868666708173,53.69658629982329,16.834846,1.2928009,0.22350647419691722,1.4181548503963615,0.8127119977472477,4890.1987
407531515232150912,22.163134647599442,53.69721316201804,16.834858,1.8963795,1.3127934521312143,10.238091042996304,-3.85111314266898,3707.306
410534968683615360,21.969735225015302,53.7819887948523,16.838142,1.0891151,0.36194204471613256,-3.811915558644609,-1.3732523611421228,5516.116
407538004925231616,22.29110307393016,53.804394480440386,16.844265,1.1032734,0.1736277712536657,-3.275063531412349,-0.43236479074837586,5338.695
410534105390877952,22.09678473958509,53.75991478774417,16.846653,1.1648674,0.3282965126894736,-3.3276144835311707,0.008578687093938884,5082.798
407526356974724608,22.327222345990204,53.555311033274634,16.848103,1.1640911,0.5446718116172422,-2.351720546510448,-3.8571894610525845,4909.2617
410531910666925312,22.052482791872112,53.65611843582933,16.852184,1.3519096,0.8002381307905523,-1.5355394924370684,-5.685608047417557,4925.375
407539864648553472,22.235790425656962,53.8701274763252,16.853601,0.98800087,0.28860758079529897,-0.6202727645004698,-0.6766597008352035,5639.0684
407532717823316608,22.453717212169703,53.67949602578538,16.855509,1.0270557,0.30621012412841125,-2.252353396280762,0.6897258062863195,6310.2554
410536407493349504,21.871001016455274,53.76942251391771,16.856304,1.5447655,0.8823256961003086,2.7503324195705163,-2.8443608559651765,4702.5767
410535479780484224,21.96970861173867,53.82438923547384,16.85983,1.2471657,0.46664292670434876,2.6994899084714463,-2.279624740633201,5290.543
407539688552452352,22.28545594965361,53.86156365250762,16.86258,1.0838604,0.349926878381253,1.0894879545640466,0.22288840480899352,5374.5474
410535857737480320,21.842213757923954,53.71416172277308,16.864477,1.1646194,0.3788787141524749,0.19035362577535192,-0.3804590447438559,5141.641
410541222155980416,22.050915728518746,53.83664832830013,16.87645,1.5735188,0.8247711681927152,-2.5137195325890893,-6.700826636718796,4536.313
410531322254107264,22.012014472238366,53.5954314011813,16.882008,1.0815525,0.5338492776176119,-2.333667953085281,-0.8042870106276847,4956.0625
407526288255235584,22.355085396019987,53.539906854279266,16.884027,1.0535526,0.31232594299465005,-2.8520603434273273,-1.7566953873635067,5256.4077
407539658490123648,22.301508413629776,53.86503426761148,16.888134,1.0536461,0.3368537601539831,0.2625505968962789,1.4911448216760244,6114.725
407530862397127936,22.208012645619167,53.665006436170344,16.896212,1.0840149,0.42946058063581505,-1.7549369757239475,-2.4800736580665137,5130.8
407528590357722112,22.10215845579674,53.56800816653989,16.900013,1.1060448,0.36740466697009977,-0.42747594261625227,-1.3537753049622434,4940.6406
407526498710373504,22.338045102808042,53.579835321002896,16.904072,1.152317,0.31453740732577923,-1.3498449499999836,-1.0951905173661727,5264.219
410537854901640064,21.918207046336217,53.77142816139195,16.906149,1.2075119,0.47885680044601003,3.2943778769950067,-3.7672019418912193,5180.523
407524467189065344,22.237160360322456,53.49343746455087,16.909628,2.1945229,1.8041569584615063,-6.3506170405534705,-13.73449798511501,3617.3486
407527185905129088,22.311776736073643,53.62491965517387,16.910004,1.1452522,0.45497225496892063,-2.7072694719260038,1.3347931449866524,5260.7354
410535724597881088,21.84879112265374,53.688257988994096,16.914062,1.0149994,0.36188844133230186,0.23868281108705988,0.9683675382136518,5719.0195
407530965473229696,22.128257542328473,53.65773405226034,16.92341,1.0443592,0.32066210706854886,-0.3306224194228037,-0.5139448104337954,5250.308
410542317368519168,22.181968382288996,53.8801595809218,16.926207,0.98511314,0.23955596987983543,-0.6862564644352696,-1.3587652780049106,5746.5103
407529694162926592,22.251969453142188,53.60682082841443,16.929344,1.1058006,0.40327604960536434,1.2851749008628741,-0.3500666068952445,5167.4453
407530621878953088,22.23977347117994,53.699547537740244,16.929346,1.2922707,0.5531700929299584,-10.60641324418056,-2.512860283525028,4628.31
410533761793449728,22.057734844294554,53.71851997092829,16.938986,1.2305794,0.6545406319219921,-3.0658199287130525,-1.8171274128404442,5076.4233
410438761416296704,21.901586123301982,53.62916933057581,16.942007,1.0240364,0.39432438672015535,-1.3883315902492126,-0.6322876357629968,5686.0547
410535857737484672,21.842055415260965,53.72033938623519,16.94551,1.060627,0.21805033542768423,-3.070225208236421,-1.2835386695373665,5555.743
407528732093366016,22.123544101739814,53.58278574048968,16.949898,1.2581596,0.6864022966246855,1.7383250438844866,-1.8848419017663136,4997.169
407532026332629248,22.490628895975384,53.632342229574526,16.950466,1.4464836,0.3349102726522747,-1.4812393080960435,-0.3216482196457464,4898.461
407526739228537728,22.32639074590029,53.598286471224085,16.950583,1.2406521,0.5114661685074259,4.329789750927537,-1.3369447017633354,4961.42
407526223832815232,22.409704163562743,53.59742365615132,16.95198,1.1415424,0.2725471042851149,-2.1055117406580712,-1.4630522808632342,4709.635
410441819433228032,21.844365275965014,53.671192994306004,16.953705,1.0211391,0.3341203711082794,-2.539567206862767,-1.1372164272878342,5767.005
410540225723578880,22.162755823166428,53.812079539422186,16.955664,1.0871525,0.39028761611061313,-3.8416287273524072,-0.8077449266080705,5190.264
407535363523127424,22.428627540469694,53.74840625819297,16.955692,1.1715622,0.47595854461323184,-1.766118039835174,-4.171365063042536,4902.604
407526223832814848,22.41193158160133,53.59805073016116,16.957415,1.0339336,0.19597555336274874,-1.2992627076688659,-0.5336365507348388,5510.6167
407526876667845888,22.394011300021347,53.59482612024418,16.964458,2.026904,2.0166277835678295,1.5765974420822064,-3.1669130405115515,4149.942
407525089961107840,22.30604308976297,53.545049662343885,16.965422,1.0310802,0.166543690935918,-0.9999674638282638,-1.3828500175300746,5673.349
410437726326779136,21.944798539532577,53.598870593489586,16.966328,1.0340366,0.19365634928933032,-1.8638329505793165,-1.556308045058125,5337.6167
407530308344736000,22.310043371988876,53.67459006864204,16.971235,1.1026382,0.4049914184376616,-2.5551631306466245,0.7606128919413297,5259.3057
407535123005588608,22.475319264091578,53.73058426724228,16.97535,1.0299492,0.21766027878831984,-1.6689545025297603,-0.8270788146664456,5262.717
410438692696821760,21.851234854967345,53.62263673981935,16.976511,1.2118874,0.4026327985488844,-0.19884882863208497,-2.6161743135246502,4997.7974
410540393223049728,22.088946440412958,53.80388178795629,16.978222,1.3819065,0.6812410019468983,-3.2803962515967156,5.233627139261071,5151.635
410535655878406272,21.862771344780374,53.67194169684245,16.979033,0.9744835,0.18916654117318904,0.8965367124821286,0.2824105370718805,5823.1206
407533881757576320,22.411989629039702,53.73786661251058,16.979387,1.593113,1.0437643613271577,1.105647077950111,-3.282476159897493,4495.289
410534242829846272,22.11952796605836,53.77240154841127,16.982357,1.368639,0.8968704387643478,-2.1460843705203967,-1.8578003498617717,4773.483
407528388495976960,22.2064361667059,53.60395670918591,16.98559,1.2866402,0.5331502409836197,-2.62656349057115,1.232404179629382,4877.8467
407536772272402560,22.346658511371064,53.74551161234587,16.987698,1.824255,1.5669666130491158,-3.5353516404530527,-7.27271838720876,4457.1074
407536772272405248,22.351535092824694,53.73934063439066,16.988033,1.2104092,0.36895494517850963,-4.1143572355146905,-1.236122278086763,4727.3916
407526391334465152,22.332310779835808,53.55716560123681,16.99063,1.150816,0.44474166461288883,-2.041851015429641,-0.6053727518282976,4976.513
407536531753949184,22.260039324564264,53.71538753494849,16.991447,1.5083656,1.080390970885068,-1.4541413781822994,-1.5436651037375106,4599.619
407524604628034048,22.254999574313832,53.504833206959795,16.996574,1.1464596,0.36445711841286277,0.5217221202461537,-1.6247084325268584,4998.181
410535342341536384,22.03249738419621,53.82595610890094,16.99706,1.1237183,0.33478782253072237,-1.6467875788008806,9.230302801171035E-4,5411.568
