source_id,ra,dec,g,bp_rp,parallax,pmra,pmdec,teff_gspphot
5701677322913961600,129.38594597315236,-23.6399672119408,9.775371,1.7701273,0.4981426971577524,-0.3388009185794519,1.2538963558342278,4329.0664
5701768341861281664,129.72883556112853,-23.617717428096526,9.822411,0.6929159,5.511470850277117,-39.65869718171011,32.94135173274006,6077.2905
5701786483802675840,129.59492153448684,-23.414503491336784,10.487327,1.6894369,0.5399694232716664,-8.644284917020784,3.665478515771311,
5701679002245319296,129.57202150687965,-23.550216551670804,10.74614,0.73482037,3.537682809953182,-3.7677162839525558,2.9530061115050623,5932.4214
5701787269779331840,129.47702725983507,-23.400363100448562,10.870647,0.4952078,0.9551872491260326,-4.545894325615642,0.3454100319555999,
5701680106052681088,129.5316770016756,-23.518460755402963,11.098419,1.2394924,0.7867363471462594,-4.708530824099118,1.9307482792950639,
5701693265832338048,129.43238318315775,-23.433527525236194,11.580909,0.9413929,4.397085721918779,-7.41797993438734,25.430655092766624,5446.4326
5701691719644112256,129.4778183327712,-23.4991270994216,11.7906475,0.66449356,1.4918463158457125,-2.4389531486627245,4.68804911791269,6322.9224
5701773800761894016,129.58154417408807,-23.495058048157063,11.875936,1.3027105,0.5462843602401879,-0.27523281321299614,-1.3201831767702512,
5701772873048958976,129.6601277781497,-23.517316554871734,11.904625,0.9189329,3.0960029675437513,-5.203235673085673,-20.71351272695174,
5701679174044012416,129.51005378852878,-23.589140267663378,11.959872,1.183979,0.32705703648139955,-5.271002858318198,3.7965738033313254,5529.4204
5701691646630107520,129.44231443697421,-23.507397924749245,11.979931,1.1238375,0.650963629438077,-3.461978474329662,0.7609829073205863,4942.556
5701674363680643968,129.7035295991531,-23.65419625014775,12.004676,0.7256613,2.1485114332578963,-3.771859350013352,25.598570535805187,6178.0693
5701676665783113728,129.52657087795143,-23.634361991823717,12.080393,1.7768269,0.3396707782053253,-2.5871342333630816,2.298562153185471,
5701769127836780928,129.73099246309656,-23.561318458515814,12.097185,0.71699524,1.8648096687125535,-11.372226577248654,-6.212167354503206,6395.4624
5701693364617022464,129.47237865295702,-23.418949983979864,12.16206,1.3112803,0.42197284187295525,-6.440852786559024,6.299738954984539,
5701769711958603136,129.66267140712353,-23.553862182635243,12.305244,0.7991257,1.6098335458333917,-0.32042011841942725,-1.0335056224592114,5853.3125
5701691234313246336,129.3712195699524,-23.485374096395372,12.3195,0.82462406,2.5831628713207895,-24.763876506604838,-2.0149174523600264,5583.5796
5701675394472793600,129.6364440317873,-23.62399527601254,12.345345,1.2871456,0.48446429407460967,-1.6543393518046867,4.406118040345554,
5701675669350699648,129.59854619869105,-23.599605224489025,12.401368,0.82472134,1.1942282496137224,-9.275986141821532,12.105228343091845,5742.795
5701775999785147648,129.66826774406695,-23.413351455443753,12.439311,0.18500328,0.7012940366758672,-1.7577693016082874,2.6862000710723337,
5701774934633259264,129.71936117752557,-23.44739942348089,12.565229,1.3802948,0.5792185548152866,-6.80892797550581,2.07872370521811,
5701680101758016128,129.52172722561335,-23.512457112732214,12.74632,0.74950314,1.3275501871625324,7.195262251455684,3.1308881796264876,6076.737
5701695808452984192,129.39673248981808,-23.4507369262601,12.766681,0.2551794,0.7652171711420418,-4.299944818306869,1.1239286322717081,9159.155
5701696358208786048,129.4478416272054,-23.40928454208868,12.78132,0.6711998,1.6033314840398214,-13.939687490921255,2.007627724374311,6413.5664
5701690963729878272,129.40147143194983,-23.505254421907143,12.790885,0.7037611,1.5902133081628187,-6.826763585790925,6.230118859501201,6245.652
5701772735610006016,129.63357733903035,-23.528710597244824,12.822015,0.42881966,0.7875691026359186,-3.3862627263100205,4.226363887342738,7706.925
5701676979316577536,129.41577623355533,-23.67875369948339,12.83107,0.80035686,0.37230087015654684,-4.654180505573512,3.846345190436995,
5701770777104984448,129.77747042405014,-23.516621085371924,12.887577,1.3023653,0.293316914823355,-2.654004386785985,2.000243317123886,4883.1353
5701627290839081344,129.70054095485443,-23.685081093196803,12.888908,0.71658516,0.8185437764436704,-3.8965613265591212,0.5943950214462173,6118.0864
5701774286096015360,129.6363118316091,-23.472918234324084,12.945843,0.714592,1.1196627487376758,-11.002980069672146,-2.1336290228951524,6189.7544
5701692574343042816,129.428433365955,-23.486423232030198,12.949129,0.65687466,0.8332039334539127,-5.5629935506383505,1.6189965454502082,
5701689928642120704,129.40748704453586,-23.557742194286735,12.969636,0.8904476,2.1170395655165657,-28.55288351429631,3.5557543063749533,5817.698
5701772701250268032,129.6187860129319,-23.540363035659187,12.978484,0.019244194,0.3867231368466503,-4.151507561307654,2.4732120238919384,10843.003
5701679895599586176,129.58036267828587,-23.51505162899421,12.996113,0.977478,1.4861339568501117,0.33205260875621034,-18.646184471980945,5282.9507
5701695872877923712,129.39018878868492,-23.442491568660962,13.028541,1.419776,7.636009074712577,-41.93939483139738,-10.272927408300717,
5701773427102534912,129.7000107418955,-23.465007279858,13.053491,0.6283312,-0.498313955295829,-1.342929795163717,-1.7615115779074617,6718.317
5701676601359401216,129.54041576766713,-23.642331849251605,13.063191,0.5087223,0.6017392940005534,-4.49394231622642,1.590392195664919,7303.012
5701786135907966976,129.53258667538194,-23.437910235198416,13.131061,1.1356878,0.2499635326292973,-3.9733485921008036,3.898779185229995,5710.762
5701772873048958592,129.6579237974386,-23.504911826901303,13.15899,0.724905,1.3987533525990614,-14.657572522788133,14.806668339451317,6137.8374
5701769333995211392,129.6809331432142,-23.597649110302626,13.182955,1.3438969,0.3031080839763756,-3.6626087637850056,1.4961852750389075,4581.889
5701769716250818944,129.66137138612473,-23.55591449355832,13.184377,0.7793722,1.0582961189269515,8.178619603512342,1.209766115542653,6280.237
5701678250626811392,129.58896288485607,-23.60042412938498,13.317244,1.3212013,4.684307024338474,-25.051850835051567,4.097515266663893,4706.5513
5701674088802737920,129.63818669764063,-23.674878803305305,13.346382,0.7461214,1.2900631282869752,4.042890712266035,3.4284196533037927,
5701678216267079424,129.5801892225394,-23.611815190670082,13.353342,0.96802235,2.170364336527814,5.388955047515882,-20.099913545446213,5320.438
5701769338293697920,129.68711877104357,-23.59767798035762,13.375942,1.1461735,0.6520740692731909,-8.174534343685666,7.015607125217154,5160.871
5701692505623566336,129.4363629390225,-23.49504353670613,13.392805,1.3245096,0.28059855257714983,-1.2992445297444521,1.623754421563857,4728.8735
5701775931065671552,129.67200759992787,-23.429458891479793,13.399695,0.8255005,1.1166734717222597,-2.892677849611661,0.21666132316471656,5935.135
5701787063621343872,129.53352286023528,-23.41425238458634,13.406654,0.8191204,1.6581809633852986,-16.157415118231974,1.613901508677049,5678.0786
5701672233376868608,129.61233047010418,-23.72649273524027,13.414616,1.4834843,0.24259173195213102,-2.9169232485070196,2.3165983288994614,4328.534
5701677529072361600,129.4646443301057,-23.632082622937517,13.446882,0.80297184,0.7014829838155414,-0.5676673342384132,-0.9760545846787128,5923.5825
5701775965425409536,129.6866336746339,-23.41816505179568,13.467944,0.9447403,1.912759045881634,-2.586451517655992,-3.089450865754507,5282.347
5701773289663595264,129.67894306263688,-23.494612209160852,13.468531,0.74657536,1.270718763616533,-2.4763059377387777,3.0225208010553004,6073.942
5701673161089803136,129.5514355401604,-23.703809921660294,13.471504,1.3375177,0.3029206750070216,-3.3355630219599783,2.3356949749711062,4862.0674
5701696255129576192,129.423069581486,-23.42233313398011,13.472035,0.44681644,0.6476583555034394,-1.4444084189260056,-3.98715551223245,7565.2373
5701773079207388544,129.65142170034704,-23.49549790411212,13.481253,0.7675457,1.1026789509476917,-5.223841679208636,2.0307989230496615,5829.1304
5701772014055498240,129.76511043507907,-23.46001273170837,13.48969,0.897233,1.4132816850416914,-6.835056477216577,2.6365899891227773,5780.428
5701693124098854528,129.4737818428896,-23.444742742040965,13.525351,1.0887222,0.7328510624714084,-4.149772824661764,8.939863203848414,
5701689108304217856,129.3862084555023,-23.62548129250616,13.568036,1.1087017,0.3155099355618584,-3.4102952875308326,5.913846012603208,5748.697
5701774728474828544,129.64238458210366,-23.418823559973433,13.572202,1.3080835,0.24276829525288796,-1.8604999005953178,2.5046461129268294,4632.38
5701693364617217408,129.47447497218832,-23.41910632262471,13.575997,0.6829195,1.0084310999288062,-5.16591047003665,0.5259271552318141,
5701690139096158336,129.41411397588539,-23.53058311602878,13.611711,0.89711094,1.943378329170479,-0.8212116512621779,-0.5209497269598551,5613.7466
5701677013676303616,129.436210381502,-23.661581757224205,13.623877,0.6238365,0.9341136964302106,-3.960401373396048,3.144875341484451,6548.0796
5701675222674101504,129.61256025808743,-23.62044903122614,13.627593,0.47856712,0.5647345531545281,-4.332744519858879,2.0227850670088103,7541.734
5701787544657238016,129.53896238761052,-23.378094416772225,13.629444,1.0924377,0.7511041985372444,1.1623668034285117,-12.71332016759047,
5701774075639800704,129.55551466433243,-23.47905862533017,13.682535,1.1213474,0.24991055373926843,-3.124000578452038,2.661922938882725,4890.3545
5701690340958981248,129.3601712884744,-23.56328891448903,13.7343025,1.2231503,0.36060031719907,-4.84121958419503,4.921124240171172,4988.5073
5701627226415318912,129.69510369234285,-23.694232358318057,13.737567,0.8110008,0.3514529261971622,-3.129090738632277,3.939476731921613,5712.1357
5701673990019264896,129.6214950096662,-23.68084741430859,13.750606,1.1875877,0.5027608222195509,-3.1133210993893914,-5.138279463640906,5594.948
5701672783132682880,129.52019080598774,-23.732628389634588,13.759031,0.79496765,0.7085452045835442,-4.395352698537975,3.827894227774167,5728.352
5701773324023322624,129.71201271245576,-23.49208499048312,13.779579,1.229723,0.27946905679458073,-4.150158419750782,3.3291401627469326,4954.2915
5701678044468424576,129.4560714390056,-23.572928911474325,13.80678,1.1519756,0.5488222254276857,-0.44390300660114446,-1.9175387593181172,
5701673543342693632,129.54560103555733,-23.672410139366153,13.813589,0.93539333,0.9861565719060021,-7.945961999222781,18.47712962972497,5608.898
5701691406111940608,129.49118579532106,-23.527959942876752,13.8271475,1.4372272,0.25337561390933183,-1.0434732901272272,1.471811741143513,4656.032
5701696358209478528,129.44482863609068,-23.403538999581244,13.838897,1.883646,0.029720095627541437,-0.8742157702197073,0.47645399005902545,
5701773014785703424,129.6231067126659,-23.51411854394486,13.841473,0.37581062,0.3249496928116012,-3.973670293126993,3.477976822849033,7978.943
5701672993588565888,129.50357186519815,-23.707501286399097,13.89021,0.80553913,1.9243533214561448,-10.597416245956126,4.287299209030202,
5701672134593418752,129.5938367319706,-23.72857625237667,13.895521,0.7495127,1.1181564856278974,-2.827980806162297,1.9934602177775922,5989.2686
5701679453217685120,129.48587512518264,-23.567552234785424,13.899123,0.79435635,0.5118138258699636,-3.259248425688659,1.8784903272325704,
5701776072802363648,129.70855687538696,-23.403501581176876,13.905161,1.1784515,0.18693299110489156,-1.988055377813859,2.1051415109736924,5565.371
5701692131960968960,129.4925565539845,-23.482573267331723,13.905833,1.2102966,0.19539378446009528,-1.497103040846048,0.5519642432994294,5423.768
5701627466933464064,129.72973362785567,-23.65150302973406,13.910892,0.5161972,0.5810971838397648,-8.184337187140109,1.925921661758712,6896.3223
5701774595333655168,129.62958723267926,-23.43574028706233,13.916667,1.1859274,2.7336457166122345,-24.395703026296125,7.030932498483623,4956.8843
5701672821788201472,129.53312475869782,-23.708960024302268,13.918805,1.2114563,0.26956498184235533,-2.062789151706239,1.6250625353290182,
5701676493984423040,129.49901356542892,-23.66624482557158,13.935963,0.69188595,2.410675221649422,-10.337754451266797,8.492519822857544,
5701677322913961344,129.38428997000702,-23.637051844108676,13.93709,0.82621765,1.0425481782077906,-2.293892980492894,4.588384935793748,5660.3887
5701691685284377728,129.4589598203984,-23.507635009544046,13.956699,0.65350246,0.7355849143532378,-3.59996580164574,2.7992954690626846,6559.4346
5701769303933921152,129.76529780114845,-23.527752264437026,13.986136,0.9818783,1.554452459318091,-10.003695465048786,4.259881892089883,5541.649
5701772877346744576,129.65405169114374,-23.508164263399497,13.99015,0.7569866,0.6861757596178739,-3.482211769986862,-1.788966217972491,6264.638
5701787682096190720,129.55805172957454,-23.36456562777229,13.994671,0.69104385,0.7463578421825683,-1.9055254163275681,-2.929355268808015,6313.949
5701693059673903232,129.4808095578375,-23.456262335220575,13.996942,0.8361807,1.4191598729248311,-9.943909290285529,12.331571597249019,5553.2397
5701677112459713152,129.44095357776857,-23.65389712860919,13.99861,1.0997849,0.44931057861220264,-2.5210835039360475,7.8785522289131755,5366.6313
5701677593496049024,129.46224977129825,-23.62241969937156,14.009518,0.9039917,1.6048146010351134,-8.193580302563566,5.535936129404338,5755.1636
5701673165385573120,129.56677424229596,-23.70550109614826,14.010495,0.8679247,1.227645989540937,5.104536915395266,-1.0357009089672102,
5701721264721235200,129.75741188625082,-23.650673641774354,14.012311,0.77430725,1.1971258802993685,-16.2535011854078,9.169346152894983,6071.0815
5701679659376105344,129.49695816751608,-23.54968370594897,14.012376,0.24146652,0.3974200989025089,-3.1177792754248586,0.9292971184005614,9345.027
5701674127458202240,129.650897514465,-23.668456107714878,14.0204115,1.235302,0.20551715509910767,-1.9634886822050626,-0.3775179384339285,4921.891
5701677254194487936,129.39212148110974,-23.655657276330302,14.0309725,0.6060648,0.5479999825025026,-3.147975699652114,1.6766046087516322,6658.65
5701679659376100992,129.50272494451255,-23.54098015257889,14.036809,1.0139637,1.8639233422343116,-3.3619129449382106,3.032994082568672,5431.622
5701769132135252608,129.7356862330425,-23.568967015731655,14.040563,0.8767681,0.7506460413211808,-0.8180647783394498,-5.739376415501399,6099.9126
5701678869102073088,129.61432076646003,-23.55301297183016,14.047863,1.0188131,1.6512576720062004,-1.7799140489066345,0.7509692899769069,
5701786724320846848,129.5647696513534,-23.392528688907685,14.057312,0.8299818,0.6809265354903249,-4.824829179278709,-1.8371596167090525,5607.023
5701675192610102528,129.59162556263604,-23.626699033721636,14.06925,0.71083164,0.6156432598193633,-4.447037265066825,2.4541032714400615,6271.9365
5701785899687594112,129.5419787582029,-23.46008428712519,14.072017,1.5232897,0.07250980693716338,-1.8995392294227358,0.9172567992328311,4410.3286
5701695701079233280,129.39162924848424,-23.464761968672406,14.082894,0.8647785,1.2512707408056551,-6.617541115191819,9.629212041785431,5586.1216
5701691822723475968,129.50510340643672,-23.519030182579947,14.091394,0.9885702,0.6396291100254075,-9.085785201141842,9.710807236458063,5635.2617
5701785865327854464,129.56452522464542,-23.456449039565705,14.143076,0.7195902,0.566024684332941,-1.758367958909769,-1.8476645105967286,6418.994
5701787445875357952,129.50611460530146,-23.37203443829853,14.145723,0.7062292,0.7662586763999267,-6.644497376278304,-1.4197215648770014,6261.3027
5701788167429841920,129.6604485746121,-23.368829812403472,14.1589,0.8742418,0.5533576464951147,-5.226441644018194,3.719613524680396,6107.6865
5701673955659533696,129.61426682049785,-23.696360641126358,14.172675,0.7041998,0.5743356446748651,-2.273975139084695,6.9538889923351235,6241.049
5701676906301281280,129.49166056066002,-23.61713036554007,14.19204,0.8241873,0.9294838635426954,-7.501578312631363,4.267286470196272,5619.883
5701690757571453952,129.38018939764396,-23.539347513521832,14.204928,1.0916653,0.5430907650108597,-9.57250660934534,7.169328008136155,
5701672233376868352,129.60726848592552,-23.71895727881216,14.205078,0.85593414,0.8359557938132263,-8.701304818759404,4.887114676218209,5832.437
5701680037333203584,129.53677860185635,-23.524481341704615,14.211721,0.73449135,0.4607171295956075,-4.55780540760626,2.80039830992309,6403.5747
5701675501847705984,129.6710033014169,-23.593875434394377,14.219265,1.1818066,0.2599701316858248,-3.3123054500136115,4.3491024991315035,4862.2866
5701690070376857728,129.42447435544645,-23.542854950142043,14.223979,0.8641968,0.7096388826052114,0.407563520778365,-5.886632977744917,
5701679865534502656,129.56500919854162,-23.53103996329354,14.234296,0.8472414,0.8886104882561874,-8.321582661752235,0.32536844973248674,5805.798
5701690104736600448,129.40982680342054,-23.544780009993357,14.24458,1.21663,0.15756220140920985,-1.498095075723896,2.2760136145256418,5553.6055
5701678796087694848,129.6299984616048,-23.55397348445494,14.24792,0.9284153,0.6222184784146807,-1.951119259331928,-1.7559756360224277,5450.159
5701768303203060864,129.72304622146035,-23.622459480856207,14.252006,0.8429127,0.5048346347811307,-2.537053331718589,-0.07213612569020729,5788.8057
5701691857083760384,129.51787173695254,-23.49886922484345,14.254163,1.0302773,0.5083973367039694,-2.355205560042702,7.744096042613828,
5701680037333200000,129.54023960040016,-23.514924369276486,14.276418,0.71141815,0.6590026928754101,-8.186876408326356,11.635809887680168,6221.7856
5701772911706489472,129.62154851797666,-23.527406217007936,14.302357,1.1909513,0.17133613490093488,-3.063555503282794,2.7767351788583676,4885.908
5701676498280211840,129.48997155324636,-23.667330413166166,14.302414,0.8654413,1.1261685378950574,-12.400383704699607,9.588762609730281,5737.1514
5701691028154817536,129.36112715925148,-23.516135983417744,14.311229,0.6396799,0.27134541673943624,-2.8758382627128016,1.4309858820650505,6675.692
5701692819155743104,129.43379332150064,-23.46430278153874,14.31908,0.9304466,1.0023572705363808,2.3481586961410192,-5.2660959838872365,5273.186
5701676120323094016,129.48588279796792,-23.679144656553653,14.320367,0.91946125,1.4905240625503569,-27.82772068040382,13.920331412311496,5470.444
5701679487577421568,129.4881745355746,-23.56344028405669,14.327975,0.8356571,0.7370623532050251,-3.4294734536030873,-0.27527310575782155,5710.853
5701676979317057408,129.41838058173832,-23.681535462084327,14.3295765,0.6877947,0.6772683719481202,-6.159507436671236,7.926753572409005,6253.2305
5701771537316904064,129.77157252009542,-23.50750135488486,14.355085,0.762763,0.802129639372026,-1.7178352667332968,-2.1933328420908174,6238.877
5701773255303859584,129.67533752305798,-23.498339787863106,14.369088,0.83187294,0.8866588985778928,-7.176731383363568,-7.0948718789760825,5581.4067
5701676807517850240,129.487193997616,-23.637211917994605,14.371538,1.2530346,0.3928414963987789,2.813861775808733,0.4057915964483311,
5701773564541503744,129.65572031025823,-23.469555862099863,14.379228,0.9042654,1.1588473636336627,-13.21318365826378,-15.296812948313159,5378.5146
5701676154682850048,129.44298833113447,-23.689118409168703,14.380062,0.7903433,0.48369030755383446,-5.052667501717304,1.291463645402957,5797.9653
5701773079207604096,129.6435340713155,-23.502177791003675,14.382815,0.569108,0.5157314472871397,-4.827875962520318,4.584564351162817,7128.118
5701785964109628032,129.57601705353167,-23.447448245351396,14.38283,0.98352814,1.013796416947743,8.767758534560848,-4.192220960823072,5692.792
5701769956768969984,129.72327651019978,-23.539215218649712,14.383808,0.7747202,0.7395753097143524,-7.895413074813701,3.145067525088818,5923.3745
5701693437631024000,129.45411037181546,-23.408329683817733,14.388031,1.0973482,1.7696657010069798,-6.257279496609577,3.554033879833237,5063.442
5701771846554549504,129.75590128158058,-23.486831567568384,14.4011965,0.7988596,0.9222781934983004,-2.799101539265637,0.2717353010723964,5890.881
5701675600631966464,129.624481955808,-23.611137012422837,14.412992,0.5370102,0.5268333157593006,-5.94375972766943,3.7338606456104935,7181.655
5701676532639940224,129.5121533915548,-23.656954605068126,14.413228,0.6537733,0.03929599455177303,-7.505624584065219,3.8432937987769193,6681.1543
5701677838310006784,129.44427361101248,-23.604573416081767,14.413543,0.88091373,1.2921386661564078,-11.465553378873286,5.172951797476987,5463.6367
5701691788363591424,129.45553887053242,-23.489699929840672,14.420839,0.61034966,0.6117213091410674,-5.756890451299384,6.143485170640754,6887.405
5701692819155742848,129.43422051151748,-23.462920124736478,14.443316,1.1840506,0.11822115963835657,-3.708839157996688,1.2769744326138532,4927.9688
5701692544277836288,129.44619611343919,-23.48400229803078,14.455382,0.9935913,0.29928161319814395,-2.622745345661111,3.185478990144148,5148.0215
5701680033038560384,129.5407694532726,-23.520568084352128,14.469608,0.61533165,0.5172664137914625,-6.271737138062183,0.3455244703456633,6748.7617
5701787166700625024,129.53294531584874,-23.386713787409878,14.47625,0.94315434,1.5865990663532055,-10.872781228039797,16.956208334582854,5513.7246
5701674230537404416,129.68076793755063,-23.668856142483758,14.4928,0.6198578,0.3384814201866546,-5.1332059028898325,4.249769755853419,6971.758
5701689275807838720,129.38635845767575,-23.61201189732206,14.496519,1.2886906,0.1284310506925055,-2.7744549360127717,2.3440270881471923,4996.5435
5701673367248231936,129.57871145097704,-23.67161212163434,14.499735,0.71798515,0.49361168133166405,-6.528270039137543,5.503070359219244,6247.6064
5701676975021429376,129.4174636711015,-23.675174413879287,14.500761,0.7535505,0.43968928840629073,-5.104664559281012,4.785358262922634,5868.8823
5701674814652990336,129.59902307691124,-23.66748758802904,14.517845,0.8506756,1.228477620717893,-8.964128489524803,10.702694461291935,6062.023
5701676837582530816,129.50661232842964,-23.629415871561076,14.52353,0.85641956,1.0190911628316148,2.202265046539277,-4.520356495220235,5537.2056
5701769849391983232,129.68185442334732,-23.539309369497012,14.534435,0.9509411,0.2601666471811173,-2.2213247213008023,2.639670711741068,6059.268
5701691650924642688,129.43456154388446,-23.51134463523644,14.563686,0.99173164,0.4316617959058197,-3.5053176518571716,9.658835889284447,5222.473
5701776004082911616,129.67218993577353,-23.42576972452317,14.565979,1.2426758,0.22638063218978038,-3.4058973303362454,1.3594149570046001,
5701680140412410240,129.55245456981925,-23.51630873360777,14.572546,0.71092415,0.4393187086635841,-4.918074979188998,3.282787144791779,6322.513
5701673955659535872,129.60693237774038,-23.69478224197594,14.580552,1.001648,1.3393958510182957,1.4457739995218821,-9.822162183025725,5268.8047
5701787445875357312,129.5079494862172,-23.36919443164168,14.589945,0.80113506,0.8632236723681568,-6.485376574381607,2.210874225221176,
5701677048036055808,129.40187424126987,-23.6642618070261,14.6031475,0.9174671,1.0611444033558557,-11.71366771571346,-5.977316794490765,5645.8394
5701675669350699520,129.60869152165495,-23.59927668748646,14.603604,1.1106892,0.6430403532296861,-8.700513324948147,4.976840322029731,5229.482
5701770197287135232,129.72198987279754,-23.522294490329784,14.6128235,0.7533665,-0.11651142413313077,-6.930303348146294,3.645629016100397,6121.3755
5701676773158116736,129.47126247682107,-23.638620132516273,14.644198,1.1685057,0.2579295068389804,-3.273554249346234,3.079909111626325,4985.726
5701674466760578432,129.7046163162784,-23.629167207436065,14.645916,0.8130312,0.7054960237916508,-8.052688399247995,8.40282389263937,5779.1846
5701627432573732096,129.71726989221725,-23.669561437147422,14.648165,0.7960472,0.8771344839471921,-6.158974866349736,0.8618648866737333,5696.312
5701693368911546624,129.4658894608896,-23.42009879195314,14.654534,1.2234755,0.19013789586861365,-5.177398987651093,-1.436219258903261,5283.641
5701768754178133632,129.73030082814185,-23.575936456638114,14.664859,1.1559258,0.37799379000391686,2.2621451725618207,-9.380203852481252,5262.708
5701678628583930880,129.591501543662,-23.59722353594774,14.667233,0.6877308,0.2591590414740844,-3.471369101737828,3.493274888943989,6405.987
5701774457894689536,129.66827258830202,-23.436942211354832,14.667768,0.78854275,0.004156483412805029,-0.9083453913054118,3.766319622993181,6077.584
5701672237672629632,129.6008191395325,-23.725751229354625,14.670814,0.9564066,1.3656034360451557,-3.72141600730421,-0.2035875202976692,5382.499
5701693231472598528,129.4456550199822,-23.44150194255667,14.677321,0.64477634,0.4530460169050786,-1.1808267407272321,-1.5647075022047003,6622.214
5701677597791842432,129.44735463696927,-23.622153760141117,14.694215,0.978282,1.4073112570485913,7.489911621440544,-13.896576593502516,5348.135
5701690787636403328,129.3624359518639,-23.53639811543486,14.702251,0.93281174,0.5806692759083485,-4.350058688627469,2.12849078469922,5499.326
5701692097601232256,129.48249878506428,-23.490156698765286,14.710612,1.0925751,1.8580828567978642,-8.091846108029001,-10.626580221815363,5122.9243
5701690306600035200,129.35677537560508,-23.570697788488417,14.715311,0.63840866,0.2172874572540705,-2.946983302827009,1.1419531229299014,7068.924
5701786208924780160,129.52758182738123,-23.438192464497085,14.7200985,0.63724613,0.43595162330220594,-5.923573403572644,5.842289730165156,6667.506
5701770197287137536,129.7140145325057,-23.522548075403005,14.749238,0.95945644,1.0017357562810774,-3.839110856527192,1.3303820228698995,5401.5444
5701721436520292736,129.75478527121285,-23.61937470588376,14.764493,0.83264923,-0.5620506669532092,-9.431691762295273,2.04445156744094,6015.3135
5701676704438643072,129.47638857207866,-23.652642807581834,14.805154,0.8929796,0.30454315421815187,-4.624740200293984,5.603869606889624,5728.349
5701673921299770880,129.65841363709856,-23.672201624064737,14.805157,0.87250805,0.3312083874450375,-4.6257639264888475,2.5533984612943477,6011.55
5701691616564905600,129.42851422418255,-23.520945843915303,14.806485,0.96605206,0.8404342002487002,9.228971683078782,4.0596130758947,5554.453
5701776412102518912,129.67251887300102,-23.38331983162959,14.816647,1.0986662,0.37376727477990557,-2.625075722301209,3.8483071363386934,
5701691513485834496,129.48945733269048,-23.512479154074505,14.81765,1.1013298,1.2188027132956505,4.7234793019214285,-1.047601493140288,
5701721440818403200,129.75722905688278,-23.624483722588906,14.819567,0.7395401,0.3512951660251525,-6.907516395452914,6.115095537146975,6273.6963
5701674264897137280,129.69030475858125,-23.667184964672305,14.825739,0.507844,0.37923857017640417,-5.984988181888424,5.574824997754021,7303.2207
5701691646630138240,129.435750544755,-23.508230420393378,14.844561,0.6644001,0.41439155352494744,-0.5009142970174031,2.1462309375959068,6622.1704
5701693403271286272,129.4559309121423,-23.419185881899395,14.852387,0.862833,0.8315493480120449,-9.612735580387607,7.563288589411601,5836.268
5701787067918235520,129.5335799250433,-23.408523591712296,14.853491,0.8404455,0.8723117722782864,-9.203540673161685,6.520814102011979,6115.1045
5701786999198764800,129.49063489555311,-23.4166791798545,14.870173,0.93482304,0.9294596288852142,-0.7135517838812028,-6.147471688674869,5619.383
5701679796815036928,129.54619919306555,-23.541876686123956,14.874564,0.7355108,0.5096280184633998,-4.977448716566532,4.8931849130832985,6171.0933
5701678044465656704,129.45645345392114,-23.573208111755154,14.892478,,0.41348406199489335,-4.1644682737471435,6.656616863234944,
5701691685284535040,129.4662151225392,-23.511033836738182,14.898672,0.61693573,0.4813059815869818,-8.289120629351386,2.0096359206912027,6739.0103
5701786586881887872,129.6104300935759,-23.402646166509914,14.906073,1.2269173,1.750597586109561,-22.939408606896666,16.115659513696567,4760.367
5701786140205302400,129.53934052718273,-23.440719526748783,14.910815,1.3649702,0.009548728383583087,-0.6384523390249632,-1.2279411596005572,5189.617
5701787097980640256,129.5419655290182,-23.4064829776148,14.928296,0.7133417,0.36267543918493456,-2.851892939957551,1.8428661764519438,6227.844
5701672340751852032,129.58297172311154,-23.72576104868286,14.942707,0.8533449,0.7335546729091252,-4.050401673507552,3.3775339438388956,5486.2183
5701676837582515456,129.50804812229651,-23.64023101241928,14.948191,0.87025166,0.8625340697127097,-1.328378925477977,10.397282133706177,5716.844
5701690998089625216,129.35790157504843,-23.53478755869646,14.977022,0.8286371,0.3810179958052616,-3.864856888062385,1.055585887958449,5577.5537
5701769677593073024,129.6455228962594,-23.559716130091072,14.979397,0.6916952,0.25529286059698286,-3.013417216147576,2.930827756254184,6597.5933
5701768238782068480,129.72470586531475,-23.630833268678106,14.980832,0.80240154,0.44437661830784986,-4.6990465181959955,0.8220823289797833,5918.5244
5701674196177683840,129.62892672444806,-23.652973790754107,14.995083,1.0356321,0.4228728629545579,-2.2421763967405237,3.7069887787767173,5175.426
5701774350518017536,129.6291995621097,-23.462326997800485,14.997506,1.1929855,0.37960979075697476,-2.3197825463840442,-1.0742172389977713,4871.103
5701672272032354176,129.62509817386822,-23.71470098760989,14.998743,0.59584045,0.49477185261373163,-4.182669476480005,2.899726768674637,7166.618
5701774560973923072,129.61370455566447,-23.444583538867956,15.002024,0.75294685,-0.5835417651665247,-3.9457617444763855,3.3961588149610527,6507.399
5701775248168643200,129.7284093884029,-23.43307866894541,15.002974,0.8303547,0.33349158229993303,-5.314499094503369,4.881689561100117,5826.2446
5701785865327854976,129.56079548361623,-23.45617548661562,15.00392,0.8098602,0.7736025593989216,-4.312636199395008,1.674469201654179,5806.9165
5701774178719330560,129.5995570626371,-23.461495917655714,15.012006,0.7914429,0.5985128763306973,-5.950342562228293,1.7531979592809128,6376.2935
5701677593496777600,129.45071931267208,-23.6269834758473,15.021311,0.91181946,0.9504208923979685,-1.1164841490845714,-6.854498233923932,5645.08
5701787445875357440,129.50519962845496,-23.369557452605687,15.028758,1.3112268,0.0542824369597533,2.045208772013175,-2.0268200209680125,5312.3594
5701776141521847680,129.6922975881064,-23.406966229439234,15.036703,1.2356386,1.8765774070803876,-10.626558881548805,0.5899382365535888,4822.234
5701673440263486336,129.54010615530925,-23.692460102294476,15.054016,0.9441061,1.1269374181919958,-6.917116789224567,-6.249257622765256,5307.1533
5701673882644963200,129.63936639246575,-23.683571214693576,15.055074,0.820693,0.8874585783158242,-7.55595265436174,-8.453907565472436,5836.6396
5701786655601370368,129.57520448967415,-23.407023347433917,15.058203,1.2506437,0.2112195378786726,-2.9338782578915845,-0.17546340074730765,
5701786067188900224,129.57686509688034,-23.42489171067351,15.067562,0.6989994,0.46840310204807173,-4.492289636369321,2.750453563669919,6500.622
5701679105325605376,129.58051250103568,-23.536735420853383,15.074294,1.0688019,0.3273936214204283,-4.5612629411709955,2.075888673411698,5438.76
5701787583314305792,129.5487773853231,-23.368800045040164,15.082762,0.96019936,0.5660096384635117,-4.844114891100148,3.6985476747878114,5400.311
5701676979316574208,129.41854201189577,-23.669778592409312,15.098048,0.90672207,0.8921601340236249,-6.02665834771102,4.336668166355539,5757.025
5701786896119532160,129.58774338872757,-23.366946344725328,15.102369,1.0344801,0.2713860385273944,-1.6434045457026412,2.3133289919613818,5042.3325
5701776309023309952,129.65872628926124,-23.381752746759624,15.107111,0.86239433,0.7996208144511087,-4.1146928663883955,-3.9049586522225153,
5701692063241618688,129.53083019263374,-23.474437428675426,15.124393,1.331315,0.12016869856580926,-1.907963301282466,1.415785099152569,4703.702
5701769235214440448,129.77931901101013,-23.53510354558871,15.135244,0.8027744,0.6944739833208052,0.07896192601937568,8.298730016703141,5949.7466
5701775042010210048,129.7359854773918,-23.434058016470765,15.138393,0.9543915,1.1805410018960991,-1.5622148355408474,14.76100445025649,5333.431
5701773014785704704,129.6090999088585,-23.512516273177994,15.1421585,0.94744873,0.5792635538133726,-3.0184764999547262,2.024947600731992,5316.8584
5701691680989870336,129.46421519458602,-23.513550240861075,15.142989,0.719347,0.278753822368312,-4.30432596716402,3.32547611825042,6105.5347
5701692368184629632,129.41836746822378,-23.520141693317633,15.146741,1.0235319,1.0806446441065607,6.215804498752542,5.319087676204697,5440.1123
5701786273347334656,129.55992202662102,-23.424334538350337,15.156852,0.80313015,0.7279053170115677,-2.4013483851062736,2.9548918659079004,5727.182
5701677803950274560,129.4417326430781,-23.621356901955465,15.15798,0.72721004,0.446017596842205,0.006548595168363813,3.2894750653892566,6305.6943
5701679590656622464,129.51446454850173,-23.55259391056008,15.168537,0.7365446,0.6771834819451285,-8.044613883015337,3.331797459801939,6246.1763
5701679212699509760,129.51835519629768,-23.588836706249158,15.194358,0.8222408,0.683921306764652,-11.837533572977524,13.364561921894975,5579.3755
5701693403271287936,129.45372715963504,-23.426447949815273,15.19517,0.9295969,0.9430954040947515,-7.850474765374171,5.919610489829563,5376.7847
5701672100233689088,129.58455785485216,-23.749729280862038,15.204706,0.8377476,0.820859320512366,-1.5976676007439383,0.3281801920445773,5595.5347
5701674329321600896,129.68279583202116,-23.648642033133555,15.211978,1.2887688,0.1756912982696266,-0.6099596642868812,-0.22610904874555882,
5701691204248052096,129.36203694702684,-23.50391278561285,15.212476,0.77098846,0.41113006076615144,-6.4402408526946,5.793140344366716,
5701790366453120640,129.4902418839234,-23.365826117676463,15.212732,0.6697397,0.3180025506217575,-3.841366485577235,0.45794429436574885,6524.963
5701786689961106304,129.5795245078122,-23.394759721754436,15.222348,0.90176964,0.6369417637356483,0.3706972023084104,4.365992825221319,5845.381
5701673577704112640,129.5554626323804,-23.661022128962433,15.225541,0.7647495,-3.2056313830993304,-1.473460765471327,7.019020272100459,
5701776278960815488,129.6577947696565,-23.39828709550962,15.227563,0.77706146,0.3088559749697501,-2.3619883182725867,4.0919861785705836,6428.851
5701675948524423680,129.44611506437948,-23.707801991899768,15.233719,0.9493332,0.9786414359310922,2.7427283552459243,-1.8538470999437522,
5701692853515482880,129.40847713865375,-23.450725047423898,15.238807,0.8136349,0.40268430649152265,-3.121663931663041,0.8100869929695105,5754.374
5701693059673901440,129.4836355854693,-23.44531922166725,15.242027,0.8249092,0.7033999737320047,-8.91423886899044,8.232624654236012,5607.0044
5701787686393517056,129.56135313345615,-23.353051570546263,15.253527,0.62367344,0.33298365217603376,-2.5413280183884455,0.556176929022855,6776.4907
5701692509918099712,129.44050332624718,-23.49738993277084,15.255134,0.963315,1.0825123062024287,-4.010656894484377,0.20915018167791466,5330.638
5701674952091924992,129.62428258314128,-23.64001876540535,15.2717905,0.72089386,-0.8574064999748753,-2.981259229775098,2.425968449473417,6622.919
5701675398768514560,129.62774724935127,-23.614233888850023,15.2776575,1.1090927,0.16142456210572956,-4.059015055549363,1.5951837611873227,5656.3594
5701771640396114688,129.7742817735004,-23.49403815116142,15.278549,0.69537544,0.37804333077205843,-3.934982854284453,4.839408766143568,6555.669
5701692643062566528,129.3944443392312,-23.490533205646667,15.27897,0.66234875,0.19575829748787632,-2.8048491658664347,3.9658878069396857,6677.7114
5701690070374092288,129.42434565176723,-23.54307437313013,15.287741,,,,,
5701678937821568256,129.58058470043824,-23.556012182286807,15.288552,1.1324091,0.326477540843953,-2.6788135224052327,3.6497587886639966,5064.8906
5701770231648209280,129.69400765422606,-23.523351283566758,15.303515,0.75688934,0.6212727536311832,-2.304767902714943,2.1362190432524715,6231.5107
5701776278962153600,129.65128515976895,-23.40262358891367,15.320617,0.7927923,0.4992571160682574,-6.016394103607089,4.325714620839975,6179.08
5701786037126083840,129.56441422745695,-23.441660813614142,15.321495,0.73723125,0.3097678102539211,-4.680522125026563,5.257136455374384,6447.955
5701691857083204224,129.51795456514654,-23.50468422631339,15.325,0.55994034,0.3302226745585862,-4.757823210272511,4.675310886305191,7032.945
5701672443831058944,129.59544850796286,-23.71557053792687,15.328294,0.8757,,,,
5701787785176006016,129.5336688640909,-23.35468702084338,15.33196,0.7883196,0.7068171756820741,-4.550384530080658,10.014409526238047,6029.3877
5701786415083197184,129.60658096720573,-23.413156088122186,15.33489,0.6975031,0.33870976219095067,-6.317428887125582,4.092278634562872,6436.857
5701768719818400000,129.71721285016926,-23.580446501225502,15.335666,1.1931047,0.09626590003759117,-2.2486851549132068,0.7563266721409184,5033.46
5701678284986559488,129.56761017781318,-23.602366141592984,15.3439,1.1129761,0.2824760031388877,-3.8930701747208696,4.635860115720956,5260.7207
5701672684349262336,129.5076965621238,-23.728240851583582,15.359244,0.9483967,0.6690647974112555,4.372967047363505,-4.267925300572314,5292.039
5701672272032356352,129.6171183775633,-23.709404287334596,15.361754,0.71701527,0.1974252182911009,-3.8417880945642553,3.020819225385872,6512.4917
5701692235040180992,129.50369027348674,-23.474294179339843,15.367755,0.8777027,0.7378295246350303,-0.7468584462547632,7.079877408594174,5489.077
5701673023651468032,129.51900493416525,-23.711405096468432,15.369976,0.75196934,0.5160992389109234,-7.6915263340281985,5.95234770221703,6309.05
5701769677593070592,129.659105193241,-23.561670228637368,15.393959,0.8907051,0.6242831041698421,-4.097434896003231,5.000321115828362,5400.919
5701693261537896704,129.42651951846753,-23.440492657201535,15.394087,0.80766773,0.435045104052941,-8.422515630518724,7.799402034219475,5831.861
5701773835121884288,129.58797469859203,-23.487607059709926,15.405588,0.7985735,0.27112497711450645,-5.378128005052176,4.1275307534910795,6156.2827
5701692956594690304,129.4748400116003,-23.467737251346072,15.413271,1.1477766,0.04440281765233745,-1.3505821299088565,3.940584685421397,5159.061
5701768410580745344,129.76077989903357,-23.597354614904322,15.426177,0.99446297,1.016850711705475,-3.468225245598152,1.776911933068646,5337.7017
5701696426928264192,129.43576653442804,-23.402135174667144,15.430461,0.8205118,0.6866143384809648,-5.368189019475782,0.12053315081236482,5615.482
5701773495822026240,129.66496799877737,-23.479672613067134,15.43057,0.9880018,1.050506657687575,3.6364412936503547,-12.674139158134844,5124.4126
5701690139096333056,129.42204843466928,-23.535491414799864,15.4372835,0.73316765,0.45830682709388243,-4.356991644343015,1.8684149671057124,6233.3613
5701692819155743488,129.43227776722972,-23.467563726881025,15.447849,1.0372705,0.17795112090941528,-2.6468578219956775,3.951227631768695,5120.079
5701673783860830720,129.63540208079812,-23.687153936264863,15.451783,0.72649,0.2832336350883913,-3.293846613493516,3.8242553241709407,6156.8306
5701692716076535808,129.38378747705548,-23.488393396553942,15.452635,0.86768913,0.4556422788049185,-6.534144954759463,3.798465522990686,5801.8374
5701675257034570880,129.58223327778586,-23.62248484534497,15.465745,0.75071526,0.35544890018225317,-2.6771053173611192,4.1869858642184745,6117.9893
5701691582205333504,129.44512623779676,-23.52432929032432,15.47507,0.9245529,0.5061124530016297,-5.052810413081854,5.947962448191421,5365.2617
5701690139096331904,129.42445739522532,-23.535953396898787,15.47701,0.6955576,0.40455980643443257,-5.605906681343611,3.6293052849408154,6367.01
5701774698413079552,129.63266690364168,-23.425471074120566,15.478629,0.70351505,0.4651922730365515,-2.18153625740569,3.1182881412865955,6479.1416
5701627015961804160,129.71263292337684,-23.701776457820767,15.479495,0.98064613,1.3792325049926522,-4.47943895719472,2.096104735619991,5226.8125
5701693231472597632,129.4486487225658,-23.44237863850856,15.479905,0.92222023,0.7963047904262629,-4.42341160873935,-1.383657933128665,5518.1333
5701690134801374080,129.42161022206923,-23.537234649386985,15.4846115,0.84664726,0.5045931888394702,-5.548061032059016,5.17439768495353,5706.923
5701672787428473216,129.5224588128547,-23.729805209859702,15.48553,0.69272614,0.230778725063985,-4.975278013513016,4.028432288617384,6481.646
5701677799655223168,129.43177097726476,-23.612263734614398,15.48638,0.93624115,0.9017882146904305,1.3610718934053119,-5.7710252566946245,5481.2056
5701689241448109952,129.39905906700898,-23.601600938435862,15.4869175,1.1928825,0.9828991557531443,-9.791222302900682,0.3069918507324392,4790.894
5701786552522146816,129.62175699114715,-23.40194965863292,15.489561,0.59026814,0.1781779009093185,-3.7626871272961657,3.9811928148875833,7156.027
5701786930479287680,129.5067772259758,-23.43606091916605,15.504006,1.0839787,0.31189349695505336,-1.4583354190131108,0.09043403253123994,5235.4854
5701787548954570112,129.5365101384254,-23.377819590512235,15.509788,0.8684845,0.956624434025265,0.7202653842773894,-4.224060685851632,5711.367
5701692235040179584,129.50559175961678,-23.464458898703988,15.516384,0.9249134,0.9279429270834699,-9.965901234104626,5.614539120349159,5381.636
5701673749501101312,129.62348028255656,-23.70093373972327,15.5182295,0.9293175,0.5652783777087318,-5.844997476043913,4.217530345731432,5463.0103
5701674711573726848,129.67920206685957,-23.62102122407984,15.534075,0.9744749,0.9140758376574089,-15.4108449628948,10.620505470058893,5192.41
5701676738798369024,129.49885604858738,-23.636174951951954,15.53482,0.8013134,0.6617321476556463,-7.915358533957228,4.117861726778131,5897.524
5701691165593803776,129.3847786244374,-23.506573597528085,15.543587,1.2676754,0.06533624981223256,-1.3502084738552118,0.4410486355898695,4919.903
5701679590656624384,129.50917638865872,-23.549881722410923,15.560365,0.35821438,0.26571782263523747,-4.261686933634687,3.9774101504509183,8265.965
5701671894075270144,129.55062427278799,-23.74744892090479,15.574486,0.98055744,0.9150093518600249,-0.6112162148802261,2.2804942452116803,5368.3784
5701774423534958336,129.65445829996838,-23.449788962920906,15.5765085,0.81019115,0.6167064629037552,-3.2460205988276765,4.7187783519389495,5720.1313
5701771880914293120,129.74380125961738,-23.48184574046419,15.582855,0.80884266,0.5926436933122644,-2.9244353439667004,-0.10620056725330183,5880.0117
5701676051603617920,129.48931936900067,-23.684966640564404,15.589032,0.8438444,0.6808776614796797,-2.3250403382244897,-5.920627945561814,5661.2246
5701787372859083008,129.51368884514412,-23.377052587698227,15.596745,0.73363495,0.2629911036836166,-3.182711847060343,3.374915542692964,6604.3623
5701673955659531392,129.6207511530527,-23.696519617810385,15.602935,1.0347204,1.0701005737559797,-5.82740319355822,-0.7690149903281339,5035.87
5701674505415313920,129.66485871338995,-23.65607606814379,15.606121,0.8570156,0.6615884188556472,8.894714914937039,-11.614647085580355,5747.321
5701689177023693056,129.38131773071734,-23.613764281121192,15.606812,1.2380848,0.055553046985830204,-2.9100832264066043,0.8653323446492576,
5701774217376545536,129.58240327973462,-23.45483535996468,15.609289,1.1742172,0.17632357437334764,-2.537911990303486,2.938150478279767,5629.832
5701677696576014720,129.49096570307134,-23.603492165145077,15.609583,0.85590076,0.40163089478944486,-4.533314289645569,7.384838563736824,5514.784
5701678491145542272,129.55319327642152,-23.598039082275008,15.61901,0.7581501,0.3091439013111676,-4.365394197498235,5.748338867551642,6199.6475
5701689073944486912,129.3759628988759,-23.63485782268581,15.6226845,0.977479,0.7010524580168149,-10.210286122453027,4.688792028492713,5430.4775
5701786140205301248,129.54756837914218,-23.437368335878606,15.627533,0.8488054,0.4421693919595307,-4.995898559633167,2.7327428355166923,5964.27
5701675879804943616,129.46059525139742,-23.713425447498064,15.628647,0.841033,0.2366320990262518,-5.344077753438199,2.9618359481876224,6059.7104
5701694189250745728,129.37190101618455,-23.482645910827312,15.629594,0.8975115,0.34312830581099046,-4.753077082147969,-0.6661510871349099,5382.443
5701691474831435136,129.4684580395347,-23.517398040019014,15.63089,0.8831959,0.4544671290516687,2.3877618899163613,-5.112742602882498,5460.4463
5701771636098632064,129.77036577191433,-23.48391115017701,15.633547,0.6209898,0.34600464400169945,-4.6020435450436095,5.137345775265768,6888.838
5701691921508059392,129.49975550567905,-23.491424274203748,15.634371,0.69140244,0.41019006472428776,-5.716405078709163,3.752263474022379,6467.1626
5701674398041074432,129.71568009893255,-23.65137178646237,15.636456,0.573164,0.3112188995373413,-4.632608061075367,4.571175290200378,7084.6387
5701675295689310080,129.6024092082395,-23.614156027774783,15.646918,1.0907125,0.33517111570604213,-4.063232175478118,2.214528980581515,5195.541
5701690757568575232,129.3802817886266,-23.53886239214157,15.649379,,0.20665302950492853,-2.1812620557724713,2.221067879161132,
5701678315051585792,129.57915321580415,-23.593481871937684,15.656456,0.72074604,0.4222288220642916,0.3054660271898336,3.2584421782959994,6132.354
5701775213808917248,129.70160573667965,-23.434191871378715,15.656576,0.7013025,0.24163309789572207,-1.7312480740049687,1.3961456648730879,6280.2124
5701672272032354304,129.61839206958152,-23.706479725564193,15.657323,1.1565952,,,,
5701674088803404416,129.635582792268,-23.674287782772037,15.663122,0.79097366,0.4959346594111049,-9.333274785110705,6.436943640468703,5954.929
5701678555569489408,129.53986003762336,-23.589395546637903,15.667351,0.64736176,0.24941582581336047,-4.578788712898526,3.5247205808563327,6789.3486
5701677632151570432,129.46838332840167,-23.61078786495873,15.671435,1.0063372,0.7258366175471759,-2.3106487801434104,-2.9243518750507955,5092.8726
5701691410406625920,129.48767998190502,-23.53508277882428,15.678777,0.66999435,0.4284494641094677,-3.2169168436938236,3.707897554172729,6807.644
5701675944229856768,129.44762685472523,-23.70691510889485,15.683882,0.96283245,1.044282838715011,6.891872241960121,-7.859657744537666,5148.2534
5701679247059257600,129.49543640625606,-23.586717890451816,15.690175,1.1707611,0.7977587974086239,-2.4368578966825165,0.922764597376368,4984.2397
5701672920572244224,129.47535856229032,-23.718186205388303,15.693855,0.86514187,0.5477582893035098,-2.106420311257526,4.577343715060453,5742.48
5701691169888309632,129.38574732343804,-23.49339458623255,15.69535,0.9175215,0.6449476644754196,-3.6650037403597207,9.792440013120581,5496.7905
5701679796815038464,129.53731424533132,-23.534145530773102,15.701117,0.8275585,0.34666991636199007,-5.381921602145566,4.301857154253351,5796.3296
5701695705373770624,129.38952091302335,-23.46103416222008,15.703741,0.5828438,0.31514046913473753,-4.41734868423165,3.226871639468887,7037.085
5701769063415771520,129.74574347288487,-23.565187724840865,15.708349,1.1358023,0.30623230986886457,0.3293754400250495,5.815983975072796,5093.899
5701774457894690816,129.67218773373443,-23.448103727422733,15.714763,1.2403688,1.4192852630500465,2.4528074910957183,7.897604919465396,4553.9336
5701692166320710016,129.46789333290246,-23.477660841696917,15.717113,0.9123554,0.7722419589342389,-0.7371174073982818,-1.0881241505825492,5465.842
5701674230537405568,129.67873634501206,-23.669126594585535,15.7224865,0.7551508,0.2049776402295681,-4.446513270472128,4.002504010665141,5939.3853
5701677872669749248,129.43593937128256,-23.60681129174934,15.728695,0.8404465,0.2280852518332613,-2.422378384873537,1.0436122610494911,5631.365
5701673783860832896,129.6385389999382,-23.696306826850602,15.729505,0.6094618,0.10457115347241046,-2.6518147050393672,2.056525593017472,7071.9824
5701773495822025088,129.66750883214854,-23.47778268743101,15.73035,1.7999821,1.7396539810994516,5.030867427377249,-19.04241776798153,4352.761
5701787372859087616,129.51087989667786,-23.375203298830037,15.741972,1.1908569,0.8130696316793059,-9.207810908433967,4.3795183082363796,4862.1475
5701768444940490880,129.73640241869296,-23.59787890579281,15.751237,1.1013908,0.5404789398881203,-2.9010778258096046,1.1422219505312947,5105.6406
5701675708006162176,129.6096137666542,-23.595832739576917,15.760165,0.87940884,0.4686540455215293,-4.045569313089695,1.4731940429868136,5699.6904
5701769166494982656,129.74561399920887,-23.547201595574595,15.768839,0.7391224,0.3203828228946848,-3.1763226950754615,2.32902750948786,6393.3247
5701691341687686272,129.44842464283244,-23.545883650178805,15.768846,0.89632034,0.6164135136347899,-10.350226908485098,8.033224841754812,5757.9067
5701769853689767424,129.6815237132732,-23.538748040627414,15.778695,0.8107748,0.6032919630392665,-3.0578797284762373,1.8388714279729539,
5701675188315083136,129.59769402384575,-23.631800031381356,15.784081,0.8500042,0.5464822332731456,-7.298981570597533,4.697419187606343,5561.92
5701775316888120960,129.71288952690392,-23.41567725761728,15.785532,0.70099545,0.2954636647527599,-3.8512364185014563,2.6654700824357365,6564.694
5701772014055825408,129.75673769604822,-23.45368656589815,15.794702,1.0668659,0.2805070077531935,-2.7269628561535617,0.6771242241506297,5109.875
5701678869102661120,129.6219341768966,-23.548658495180863,15.796015,1.2652454,0.1986009883204945,-1.6091564575515074,1.7309017877076118,5014.7437
5701675669350699136,129.60661779241585,-23.5954515077955,15.800323,0.68260574,0.19808194155439315,-3.1178444857626673,2.694525163098686,6754.848
5701696220769839360,129.41823082295764,-23.423595031521618,15.800615,0.7561979,0.5452248701267731,-7.079881791237387,6.78098953699841,6083.112
5701689177023694464,129.37397174719072,-23.608703002509895,15.806125,1.1561747,0.21836089385281213,-3.9719447014799045,3.2490871500125182,5161.432
5701678727368201088,129.59912672251747,-23.571096935687414,15.80617,0.91367054,0.5008464310567833,-0.9408470374002214,-1.7544744564771428,5338.402
5701676189042586368,129.44859466213825,-23.68972590920457,15.81275,0.93379307,0.2706658296036265,-6.403558152704246,-2.567402633453389,5763.457
5701773976858374912,129.6125365274273,-23.474494195975485,15.8174,0.7132616,0.2883502534433741,-3.811966123748377,4.975972038604328,6602.88
5701676257762060544,129.44553972414994,-23.67770833916801,15.825415,0.85973644,0.3672362373578512,-4.159296081985406,4.441909434878964,5816.4307
5701677494712636928,129.41826669176328,-23.619143941902088,15.829002,0.6988659,0.23081510674657188,-2.0232247569176867,0.9754232931897336,6339.4355
5701773770699947904,129.6066468321627,-23.495366313695175,15.829791,0.8414602,0.5038082010280075,-0.9971690292621527,-8.420832175152862,5730.815
5701678559864472576,129.5371865990404,-23.58558599178003,15.832586,1.2431889,1.2628531220326393,-4.776461963255417,-5.241147885362487,4718.83
5701672512551075584,129.58629804727076,-23.698790697040767,15.832916,1.0431242,0.4061867151541724,-1.4061110319875376,2.5444996480051785,5228.6265
5701627466933464192,129.72922259374684,-23.651568929877506,15.834229,,0.7070180441069207,-8.210135288869715,2.235269854461868,
5701787338499293184,129.50616547108606,-23.396422298905115,15.836547,0.89956284,0.38104839236020244,-2.324493014675353,2.9634591795335057,5722.075
5701689932938506368,129.4120441616616,-23.56489148415161,15.844765,0.9974451,0.7935404870795999,-6.162166690687375,3.509381093462535,5267.706
5701689554980810624,129.36416651952337,-23.57419693585004,15.845824,1.8842821,2.174552858670174,1.9471546637762471,-17.919057334815186,3673.8984
5701679448922699008,129.48645900621358,-23.579357548205408,15.847102,1.6239748,1.4514318140905302,8.683931141403807,-1.9085405659155372,4438.628
5701680174773869696,129.55910704667954,-23.493970517482502,15.869233,0.8384628,0.2790294275224302,-7.961577746873649,7.386136776548901,5777.7666
5701680067398295040,129.5238805624587,-23.517815477305184,15.872919,0.7982645,0.5094895257862317,-4.679166665563075,5.158372663958159,5738.6006
5701787372859082880,129.52130358926405,-23.376878267680627,15.878588,0.9583826,0.7734847414196191,-9.475639402286475,7.576754611001254,5351.365
5701773976858372480,129.62325166257259,-23.467876000667065,15.879983,1.2210512,0.15518064873466234,-2.63790041568628,1.12735311370232,4932.765
5701769647531341056,129.67366890861334,-23.559999730627517,15.880247,0.82170105,0.3675968748720013,-3.824790303878064,0.18309976922209506,5669.3325
5701674677213984000,129.69590797093815,-23.620850816994803,15.882889,0.83053684,0.39528552313352333,-2.7167452224524924,-2.3620468138251534,5763.15
5701675639286679296,129.6241638575803,-23.600032482388393,15.8835945,0.70288086,0.35004773540646955,-5.141740285150577,4.728674564727899,6581.7876
5701790229014172544,129.455353481361,-23.39033985118487,15.886752,0.79535675,0.3828264160338894,-0.8227514615812151,1.334168360900298,6116.384
5701679899891427328,129.581156492922,-23.51479053271457,15.887057,1.2931318,1.4940220049767958,0.30201863544088825,-18.382355577424335,4331.0205
5701768341861280640,129.73307589140725,-23.61521832707689,15.888281,0.93051434,0.1263016201805663,-3.990829307659898,2.292448956085443,5393.2153
5701773770699948544,129.60441631688585,-23.495995802052768,15.906668,0.95175934,0.2070322622100476,-2.7279777247000148,1.0968824231077665,5632.1567
5701775316888118656,129.71627169760964,-23.41187467717223,15.910492,0.69105434,0.3093969233883827,-3.818853818999568,4.798489774706511,6472.938
5701769918111571840,129.74635876853762,-23.541704253197246,15.91623,0.86164474,0.24210260166053518,-1.1754405308018123,1.9939203255004223,5528.4185
5701674849012734976,129.5773558799905,-23.65995526469992,15.9257145,1.1695528,0.7088490575142057,3.9242517832203205,-2.7711116130381117,4817.085
5701776278960818816,129.6466321313781,-23.392488249808668,15.926474,0.8987808,0.4230076832339519,-3.9385480500577668,-0.04615410013797137,5490.0747
5701773800762139136,129.58248745920352,-23.49219624723701,15.928996,0.91363335,0.5304821624663802,-0.3176461669710422,-1.4371602485224613,5538.8687
5701695842812721024,129.40208374225406,-23.44352717484292,15.929408,1.3461847,1.2510814955216054,-4.031736796274592,6.280776370923475,4766.201
5701673058011204736,129.4958210309768,-23.71365308846533,15.937869,1.173358,0.5659997755043897,1.7826006601619322,-2.6118294588602557,4991.7183
5701675463193007488,129.656267772952,-23.61601687387351,15.940718,0.6655083,0.34059475477459855,-2.1892386083466975,2.1083012441256077,6447.835
5701770192989527040,129.7188399001019,-23.521066800038934,15.953148,0.9954901,0.6630154710137867,-3.131950600103178,1.8951496125933267,5392.108
5701774006920569472,129.57803433953822,-23.493156000355306,15.963874,0.7188101,0.2554725414641075,-3.021402632386258,0.3571220494410997,6367.16
5701678800382593408,129.6280796769391,-23.561439081841765,15.984659,0.848835,0.2223049452499983,-2.4907530546572993,0.7114822385257259,5585.321
5701679143979982080,129.594916343687,-23.5334844775636,15.98735,1.7654285,2.4232545742776996,-42.941808609564795,31.51579392917393,4247.299
5701627290839744384,129.6942770283742,-23.674759587744305,15.99124,0.8508024,0.3855958768155898,-4.701638288191307,5.399207020775869,5770.625
5701626882817945856,129.67480018391277,-23.699394509178315,16.00036,0.77407837,0.2521432523612622,-3.0967355521584,1.399548466486244,6122.518
5701674058738742528,129.614714269234,-23.674560491110313,16.004562,0.92839146,0.5718546725270048,-1.7018708407483256,-1.1554325575795357,5261.5586
5701679728095564544,129.5422581526762,-23.54944901013097,16.008194,0.97447395,0.5515513096110383,-4.755835610068478,4.872067002151544,5251.3115
5701691032446482688,129.36804834271484,-23.52384618505801,16.010094,1.0847559,0.8482042871926512,-8.304945208459985,5.864807374542999,5927.499
5701769029053576832,129.78554109773629,-23.549140400702715,16.013353,0.88068485,-0.059274875529097465,-3.436395876366049,1.0539937310127339,5659.45
5701692299465202560,129.49924612683427,-23.465735567639655,16.014961,0.76613235,0.34561361977915067,-3.305326819626405,-1.3660108177505212,6105.5176
5701680106052676608,129.53813099556237,-23.51096394135051,16.015226,0.8450327,0.5683082369826558,-2.3181107052406174,6.963351646036868,5638.988
5701769544452124416,129.6903852860463,-23.564497013524146,16.021498,1.0544853,0.15374073894109594,-1.2168533808709148,1.3505511466858633,
5701774079937595264,129.56324739405653,-23.475401651790243,16.024038,0.853179,0.6102343696643543,-3.9922873156499277,1.2489597071487277,5736.386
5701675604926952960,129.6094383638861,-23.61615116715808,16.027662,0.7071657,0.21445214558717385,-3.5373475286604927,2.2965853872583546,6514.9946
5701690757571453568,129.38608918243273,-23.538979057424505,16.027817,0.7407503,0.2975410989206686,-4.9087859821482285,-0.7345220856076281,6130.3276
5701675982884151680,129.4648512616271,-23.69544469033477,16.040749,0.8107977,0.37664440017666884,-5.145133008206287,0.8636032848645279,5846.01
5701692436904122496,129.4102109455296,-23.50618367409197,16.043133,0.7579546,0.22251290632110843,-3.5244674216847165,5.494693336112432,6249.431
5701672989291723136,129.51252226021583,-23.716693246249303,16.044516,0.63768864,0.29130073613952584,-2.3550016203287565,3.48522354698673,6918.574
5701673062306386048,129.48841784577453,-23.707235228124794,16.048023,0.760087,0.4109786001783949,1.134756614079625,1.3971100640437273,6195.9453
5701689722484473728,129.41852112878456,-23.57850675826261,16.048386,0.94034386,0.6924829791352143,-1.0709313450730793,0.6199090200155495,5369.938
5701695808452984576,129.3898361632121,-23.448043607198148,16.049234,1.0293512,0.5975447193332223,-6.659272889654904,8.909129919310297,5162.4214
5701786964839023104,129.52500413640058,-23.42145773035401,16.04944,0.69317245,0.26824358707772217,-2.1675838260025087,2.3433839026495633,6572.353
5701768268843710208,129.73403942633234,-23.622453531832736,16.054539,0.85926056,0.45157452537570797,-3.105474021461226,0.7217145797841337,5873.0176
5701786999198763648,129.49472685084248,-23.41387196080467,16.06118,0.90695095,0.5509373852930288,-7.207504323574577,4.742286307002282,5467.6997
5701673264169660160,129.5700040454517,-23.694059070967636,16.06446,0.8430939,0.2595375319546991,-2.4428805980363997,2.319434345150164,5921.8984
5701787686393517696,129.558783354398,-23.35592785312701,16.065844,0.77301884,0.34331654049151966,-3.380901174070053,2.004444099109689,6191.3145
5701675948524420736,129.45471820666953,-23.706844488448287,16.074055,0.5014858,0.0937271204930263,-1.2041916298609028,2.0693316246934703,7824.6865
5701692578637576192,129.42933567721332,-23.481134090690098,16.074324,1.0325422,0.8924522180956083,-1.6286015274187178,-0.7842222497276712,5187.0366
5701691754003854592,129.45053198560547,-23.49775737387902,16.076477,0.89472866,0.6235466063728029,-3.7148049401097953,-1.4960241030819263,5492.4077
5701689177023696000,129.37368343610308,-23.612846825882315,16.077747,0.96515846,0.38909318743243265,-3.346922992607234,5.366965024807045,5440.324
5701690100441633408,129.41492562093643,-23.53981296131187,16.084734,0.87721634,0.40183088148831236,-2.4719793128375906,1.544661239184,5845.2266
5701680037333205376,129.5370980465183,-23.528721019376846,16.085363,0.918952,0.3379812200408633,-6.101718241926052,3.761359421401963,5682.0327
5701679517642202624,129.4750311066093,-23.553786357084284,16.096987,0.96616936,0.2930718169068814,-7.23013088699418,-0.7131340884721901,5251.346
5701775213808912000,129.70374098595383,-23.422601837669895,16.097006,0.83621407,0.2510940969994133,-4.4812055642935595,4.179644550765445,5635.1104
5701769196556743168,129.77606911327345,-23.54716985408357,16.097017,0.9438772,0.6797978989106931,1.28368348455824,-1.6702755106492004,5406.938
5701692200680444800,129.48516514983766,-23.466812753051094,16.098494,0.706645,0.26333404483141276,-2.7869356877317286,3.5077266315580826,6368.751
5701774698412866560,129.6395051395764,-23.4355890420179,16.100227,0.7964268,0.4389601463175751,-0.9636754016131215,3.499736560645449,5861.219
5701676184747427328,129.4510944420975,-23.691383175611392,16.100294,0.9337616,0.5870890878742836,-0.7982807242050257,1.4306523869085321,5303.786
5701788133070106752,129.63626828397562,-23.369592539856644,16.103703,0.74348736,0.3753390446085876,-3.9475398432978404,4.979954043175193,6117.166
5701787652033777152,129.57998376825168,-23.361805868733413,16.113003,1.0321922,0.25171589573811354,-3.1916438539649032,2.966463798775691,5177.4634
5701776175881576576,129.702671301239,-23.39107103173248,16.114262,0.6434927,0.27940542410899055,-2.721764315648768,2.1425245726009305,6790.631
5701774904571275264,129.7103162976796,-23.45490422393387,16.117603,0.9150505,0.3006167640771952,-0.9763476935144945,0.9252951813349923,5304.0513
5701788373588276864,129.61170401745775,-23.358942350346393,16.118944,0.7799616,0.3734408937574939,-2.089029117658514,2.959827186770739,5931.7764
5701678315050553344,129.58081507147034,-23.594248145133975,16.11997,0.7701521,0.4159647596598562,0.3174549921499126,3.2782860488547265,5832.5747
5701768337566137088,129.73383128499592,-23.615879502648923,16.121826,0.7366104,0.4333241759005927,-3.754211222526547,0.1656385349772113,6071.888
5701674054443669120,129.6188394948568,-23.672025201156565,16.12741,0.85955715,0.19736521213818922,-2.8719496130130775,1.3878525859057647,5895.1963
5701771812194812800,129.75263607514458,-23.48523871381013,16.131384,0.79912376,0.37400469845874224,-2.1379823234889384,7.102923886012696,6102.2236
5701696461287999104,129.4486013681637,-23.390322008028026,16.134855,0.8132849,0.2661701569318385,-3.6058566625362913,3.7828823352097194,6001.987
5701673990019263232,129.6253280448494,-23.67884132416438,16.1368,0.7639837,0.35706193614990994,-4.900698747048094,2.043581351051648,5866.054
5701675806790432256,129.6293412254536,-23.577493738344042,16.1431,0.78264713,0.39073322677518585,-3.443138258031512,-1.2767177312560651,6055.284
5701677151115248128,129.44871430498998,-23.64254305639566,16.148434,1.2346945,1.0289858591280276,-2.094998477079891,7.048726355216774,4715.6265
5701674539775039360,129.67963633306863,-23.642313150518866,16.148956,0.76646614,0.30013251341072955,-2.9298243969973328,2.0865328706736785,6340.3403
5701673096666115456,129.50456869556544,-23.69552018187152,16.156128,1.0983114,0.2582091628783329,-1.114679169310116,2.9131864845041524,5511.6577
5701693437631023616,129.4600320131237,-23.413905454980057,16.159142,0.81233215,0.44312848137899835,-3.1966647241924813,5.233375117319191,5707.7534
5701769505794374272,129.7095647391901,-23.564188255230658,16.163355,0.9990387,0.6231977937547505,-8.152058873859806,3.3599142195020137,5358.606
5701772018353230592,129.76278833736126,-23.45881492950577,16.167164,0.836854,,,,
5701771880914294400,129.73432795706734,-23.474606709961037,16.171717,1.2088423,0.2658809428807484,-4.853121989181819,-0.11275294380774854,
5701691788363590912,129.45967798715756,-23.49267912965998,16.173552,1.0460587,0.3342441971632562,-1.1112735055137626,1.3223622003914914,5053.301
5701692677422313088,129.41406998881993,-23.4807860061709,16.178022,0.697814,0.294462327557141,-2.1592595779370707,2.0850353485874975,6577.435
5701672272032359680,129.61444344653393,-23.717205020221563,16.181578,0.85663986,0.492593759262585,-4.798925397723297,6.2614415960792105,6021.994
5701773220944339072,129.7028369509976,-23.502091014614724,16.182425,0.91275024,0.23595421721715004,-2.2927108607608098,2.8172746273040956,5644.377
5701677700871036928,129.49173669281774,-23.602631137386965,16.18276,0.73855877,0.400012727539298,-3.2628505835928436,4.729977387540064,6309.005
5701691479126103040,129.4721030257415,-23.51472799130788,16.191383,0.7421808,0.43431784978165244,-3.4819616725042906,3.462166865266206,5987.8223
5701691479126108288,129.46372324905266,-23.521795608943908,16.19376,0.7995348,1.0619566298064929,-2.5864700384131325,1.0729825899294383,5666.1836
5701689795496179840,129.45215444850402,-23.57119734673676,16.195635,0.908432,0.9086284531630703,-3.5131792024858326,2.8964474659074373,
5701771812194811904,129.75569286606486,-23.488310247547744,16.20499,0.8001156,0.35833609016332474,-2.706761815989917,2.459441356069606,5665.916
5701790293436827264,129.45473714106913,-23.383811888911243,16.205563,0.80004406,0.3611506522239577,-3.945029368624184,2.8292569999621455,5745.7407
5701679826880114816,129.55385427248405,-23.530188918381906,16.216644,0.88168335,0.6129548898588613,-7.415655785640265,2.9097953093517637,5509.398
5701721303379457920,129.7366925770457,-23.647800715188865,16.219923,0.90361214,0.500103587082525,-1.9237315605007588,4.233031655751759,5567.452
5701678010108689920,129.4511505964185,-23.575800256706987,16.220839,0.66442776,0.2907928626868779,-4.139127407180298,3.7480566943306393,6735.4893
5701768578081373696,129.69409183344806,-23.599526687094304,16.224468,0.9544687,0.7397499359927833,-8.770342741043546,8.722194053884037,5325.0254
5701678456785260928,129.52746169210457,-23.587194039134435,16.230665,1.5010557,1.5466060857052142,9.300579955635405,1.1830342511248362,4456.0947
5701671172520798848,129.39490574359934,-23.66580768405083,16.234573,1.0144787,,,,
5701787819535721856,129.51270873210896,-23.362390355782775,16.2359,0.617856,0.22722381701090208,-2.225331451173438,2.251900800650723,6523.5234
5701679143979981184,129.5962537268259,-23.53365408322007,16.236954,0.6966095,0.322094350649559,-2.237716001286029,1.5232740031006422,6377.2524
5701769265276540160,129.76070384970805,-23.54248046529232,16.23716,1.1623325,0.8115002551491693,-5.873356734127988,0.4472502639992005,5033.571
5701679212699505792,129.5166024995267,-23.574043350343167,16.238932,0.82000065,0.33693981464777667,-5.6808944377385195,6.185165701019218,5672.4707
5701676841877582720,129.50056527436593,-23.63594771070774,16.23944,0.80675316,0.39088705838916266,-3.4411583593489454,6.132591081449621,5711.17
5701675501847705472,129.67846086412018,-23.601672014185617,16.240686,0.83561325,0.24106420659722716,-3.2007011328701678,-0.4342331121345742,6334.2764
5701769956768970624,129.72084406747317,-23.53881232281395,16.241169,0.81345654,0.3982243992357484,0.5046927992493638,1.4120517793031369,5661.644
5701678177612342272,129.54409835226295,-23.613693554622625,16.249002,0.8781452,0.22958625058766394,-4.017635207292197,0.9117993346772372,5745.646
5701693368911545088,129.4744966182273,-23.41592558094374,16.251411,0.8118887,0.3231421827443616,-3.0485314148090668,2.288063444354698,5949.273
5701680243491613824,129.55731445241108,-23.491380182739807,16.25234,2.1417656,3.109750616659919,-14.796465596774059,14.280303160883502,
5701691440471685888,129.49434974025112,-23.527447512007047,16.252972,0.8723402,2.781918442998454,-5.894388707762199,2.3110886531138135,
5701690345254597504,129.36701412027043,-23.566005553822514,16.25885,1.0585575,0.7519195448357546,-3.983677420146335,8.401845581773992,5107.317
5701776313317427840,129.6577999431233,-23.382069139127847,16.260881,1.0105667,-0.31976197074606555,-7.8691339844341694,7.180328495924261,5028.958
5701689761139213056,129.44136795325244,-23.5684958744297,16.263485,1.3740807,0.9865455258894897,-6.449823137872251,1.0943010175047094,4500.576
5701693059673902464,129.4801071006142,-23.451141849961324,16.264204,1.1447372,0.054328443202878884,-2.376646844473722,1.3108025413598092,5544.2656
5701676429560727296,129.51425328385398,-23.670786507421884,16.265865,0.9560404,0.3767967210473983,-1.357201878247261,3.049110855451689,5358.78
5701675501847707520,129.67267792617147,-23.60420448305553,16.266354,1.2113247,0.3910836211666193,-4.815834035174877,2.894899400845165,
5701769505797792256,129.71726003292412,-23.567678967060694,16.267235,1.0121984,0.6499300523603326,-6.369396569585271,-2.4885165176521387,5235.2383
5701787686393517440,129.5666836447541,-23.36280847634823,16.268818,0.810236,0.2993612339501599,-3.8812486509726405,3.0622116945344238,5670.03
5701774251736281216,129.597321069127,-23.445975361405285,16.277994,0.7251291,0.3691381520605526,-2.3162051935468764,2.998606418455798,6317.9814
5701770266006616960,129.70339855804073,-23.519085002025673,16.281315,0.8018646,0.18229372458984638,-2.0141769595725845,3.0089900802591396,5969.652
5701770231648209152,129.69776601235264,-23.52744783832768,16.291533,0.8907347,0.4355742405447033,-4.749903792128999,3.604036119734257,5762.0522
5701773525884253056,129.64407324929664,-23.480369452720375,16.295704,0.8724966,0.5102931008634969,-1.9002432778526512,0.18751933200621976,5472.6094
5701679556296892032,129.492445773525,-23.549305157000198,16.295834,1.1236258,0.8926966006523401,-8.838507032236842,2.607804669060979,5064.1396
5701675738070936832,129.6398228356118,-23.59287579002667,16.303936,0.8318529,0.32135478420653274,-3.5310506694227906,2.8774167448053145,5589.0845
5701774762834994304,129.62584013806074,-23.41953614473091,16.30446,0.8257494,0.2630168226989406,-3.195799458753542,3.513665685276939,5607.931
5701691612270380288,129.4334802721928,-23.52570674708262,16.311592,0.9227514,0.4777133503959924,-6.394147096787076,-5.322976398838797,5547.4565
5701691955867797376,129.53268167875325,-23.49108334880885,16.312351,0.71931934,0.31201291053388946,-3.5049855109143992,4.334000790929423,6229.3765
5701787338499306624,129.49860497627225,-23.39077242492809,16.313972,0.8215065,0.24986216546583817,-1.1779721315304807,-0.8798186583024559,5679.179
5701768990398298624,129.7830960413473,-23.563265820281092,16.317291,0.6947088,0.22134928800873746,-2.334693648467699,2.594035754421576,6371.482
5701768509361864960,129.70904801420707,-23.61530210534319,16.323053,1.1427279,0.180441866831845,-1.233821732290414,2.154053219119936,5206.065
5701771880914540800,129.74420618281368,-23.47818222343505,16.323483,0.8495741,0.31514912982477805,-3.446748565062715,4.09950075362972,5577.777
5701773903841393152,129.63022197030438,-23.4728678451047,16.323524,0.8440094,0.32516603674545,1.9690583612534103,-3.084119350579385,6034.2983
5701677185474991872,129.43595481720092,-23.64348574266621,16.327278,1.0391598,0.15610584699250807,-4.269835752442379,2.969703166879512,
5701690134801628160,129.41070077867388,-23.530444837926453,16.329447,0.9498434,0.3018073735480644,-2.3286126861928107,-1.0472810150545864,5338.8184
5701689108304219392,129.38257949900503,-23.624980537719676,16.330938,0.93993855,0.6126317463596784,0.07820945972724269,7.518798650538248,5252.681
5701675536207449984,129.65743189038238,-23.604927192892234,16.33793,0.95030975,0.7766682326503616,1.2676910692138774,-0.8901460049618184,5336.023
5701679521937163904,129.47304028386412,-23.55618778474904,16.33832,0.6873417,,,,
5701677494712636672,129.41299526788865,-23.610848591055372,16.34142,0.7565565,0.10256927925555853,-5.368376716428612,3.3933836818369194,6114.712
5701689898578185216,129.38861385292944,-23.5710640174044,16.348612,0.7062607,0.2608652781993864,-4.521573695284627,3.212270045890949,6371.234
5701679968613704960,129.57614456707384,-23.51240021171033,16.349628,0.8327389,0.36502627006983174,-3.6424099425718377,0.2851436331915273,5944.7153
5701691887148311424,129.48635069919055,-23.501836413358774,16.35059,0.753623,0.4532294814819511,-3.7588786010462822,1.1240280866165189,6073.0083
5701676837582530944,129.50381593655504,-23.627987897674117,16.354107,0.9504175,0.13592002235200715,-5.434965588722557,2.817320148539023,5311.7
5701690963729880064,129.39052675296352,-23.5136345624656,16.359612,0.77760696,0.20660870561946065,-2.808739818983505,0.0027384869160533825,5805.1157
5701676807517850368,129.47947824836777,-23.627966853138314,16.359623,0.93061066,0.2939994134535385,-2.1739782225899282,-0.5828760672508806,5416.0347
5701691990227544448,129.5356186235006,-23.480636975881957,16.36401,0.7816515,0.22426991344035735,-4.289920260901774,3.8765981668360734,5764.2734
5701692028883609088,129.52199590563106,-23.482692872272413,16.364332,1.1203518,,,,
5701775316888120320,129.71918970316017,-23.421419936345107,16.366673,1.1142378,0.1106423941962627,-2.467501232702471,2.2938984141634213,5209.3296
5701768238782068096,129.73037170005625,-23.635373108577056,16.367128,0.9851618,0.4927658583153557,-4.8033555089870354,-0.8450484847780464,5345.076
5701678010108686976,129.45983067646733,-23.58133476360158,16.367867,1.0993595,0.1621239961680276,-2.722807238154723,2.294668618176221,
5701771915274279040,129.75581979190153,-23.470524570203462,16.369139,0.9293823,0.44413903362250945,-3.766165703604952,3.732341062576807,5334.7134
5701675364408771328,129.64476030437436,-23.622060395367168,16.37814,0.71123314,0.3319460339860078,-4.221778953889448,2.920084203018361,6163.2017
5701774900273825536,129.7153969574884,-23.465341020654833,16.378454,0.96972084,0.42830891537622595,-2.6978712824505493,4.8081592388649135,5241.2773
5701675909869492480,129.47497367442978,-23.71077924282163,16.38375,0.6867962,0.3520271667660482,-4.7548363094958805,4.506449463905764,6520.9272
5701672821788201984,129.5348408257465,-23.711845382258055,16.384546,0.73435783,0.3287347784368126,-4.131235905748938,3.2139873552820992,6365.388
5701689761139213824,129.44333272658417,-23.57515821131218,16.386232,0.7712736,0.3443682198460905,-4.516752459984112,0.3384503378366047,5941.864
5701773530181770368,129.65072203082602,-23.488816522127575,16.386736,1.1251564,1.1458014715428482,-5.23730250973595,2.2640946622376816,4851.493
5701677700871032448,129.50415259095695,-23.601394678839405,16.39128,0.7569313,0.3555175886980558,-4.206918473672012,4.363773017742742,5911.475
5701770334726081280,129.72815047856187,-23.500996019748662,16.394114,1.1353807,0.04464662596001673,-1.4837586021544726,0.5037143026987324,
5701773770699948032,129.60894608483147,-23.49853247524132,16.399952,1.1289215,0.06261551347546919,-0.8159842343214452,-0.19324275171129623,
5701676292121790592,129.46589575398477,-23.67099540291265,16.409472,0.88140965,0.32482324994299266,-12.32928459675212,0.9442857792325952,5594.226
5701773014785704192,129.61439525096785,-23.507818879164304,16.41072,1.3579578,1.0139189230202528,0.650453156438475,-2.089472284600839,4602.976
5701691925802683264,129.50528867198656,-23.49445374743073,16.412113,1.8813581,1.4430373128933665,-10.604519621115536,4.948805528681049,4277.0005
5701773770699948160,129.60945600628082,-23.499839589184997,16.414799,0.7478304,0.2535108999136836,-3.224315970706285,0.876597786480537,5898.654
5701769402715124736,129.6736521456274,-23.586147908541356,16.419306,1.1111279,0.7164984579897306,-1.3597191132385587,1.842150883705274,4997.4297
5701768513659977472,129.70022512074308,-23.61714364092615,16.421452,0.9173918,0.46785523495098014,-4.97985996672483,1.8894345197954843,5373.1846
5701678078828142848,129.55227032005493,-23.630715582986312,16.428995,1.408575,1.0856216126785756,-10.914365426981785,7.73649629877606,4547.865
5701675944229250176,129.4529437035413,-23.698550161899348,16.429502,0.7247448,0.2373668466933801,-3.0063019994108098,2.8701225752171635,6075.1626
5701677799655219968,129.4434320799012,-23.61484955852252,16.431454,0.77704144,0.39735252799819576,-4.63670632573591,5.086611968630693,5845.4575
5701690895010401280,129.41323904130624,-23.519189277733904,16.43611,0.85668564,0.1910843897908472,-3.7155151515509277,3.078610386401998,5517.564
5701674161817948544,129.6263708775769,-23.65989394363374,16.43677,0.6369648,0.24464603303850976,-3.47369868465431,3.7596646789334027,7062.407
5701769230916480768,129.78063851572466,-23.548041463564186,16.438433,1.0724773,0.693158292525813,-1.6562991739851876,6.4251150963787,5052.496
5701786793040317440,129.60381801649706,-23.389161169679458,16.442364,0.9311495,0.4546790196721211,3.0286919662287124,-4.881806461462844,5443.838
5701675978588988288,129.45683810758425,-23.698456583345628,16.447302,0.96210575,0.47967456910393264,-4.576497287745951,3.1255160399319153,5153.2075
5701774251736482944,129.59966362529966,-23.44756967443706,16.451395,0.7143841,0.9318689207129096,-3.7223871145596323,4.527808082468985,6372.4966
5701691543550897792,129.4476870602323,-23.531590355586864,16.459621,1.7415953,0.5366737587207847,-5.343555825170528,0.207222558004493,
5701773358383053824,129.71899636907355,-23.47931966828594,16.467382,0.8252773,0.37485823728171497,-1.7899743177899663,2.1355825143712037,5734.226
5701770364788293376,129.71608268624144,-23.492520248111248,16.470676,0.93567085,0.5035173546461253,-1.0335213301861592,-4.1453275607359155,5358.638
5701691479127801472,129.46979889166954,-23.518259839598397,16.471804,0.8455448,1.0477392840101907,-4.052678766240883,0.6776525109226021,
5701676287826667904,129.4678272134982,-23.670662463815482,16.47257,1.1111565,0.7986329043111543,-1.3750979947257465,1.529139417087718,4873.861
5701774492254431616,129.65579616983447,-23.436340656087236,16.475357,0.86637974,0.2911502290624949,-2.77110756489511,3.017607514204249,5460.5063
5701672272032360192,129.61125276069748,-23.71590451492652,16.477484,0.93602085,0.335629489415281,-2.422278039948976,-0.6476438148547469,5421.767
5701786857463004032,129.59126634591038,-23.377355877169173,16.484251,0.73737144,0.33881888622092676,-3.9799779351854854,3.9383786640707625,5918.3525
5701680071692951808,129.51768111265096,-23.530261894464395,16.48925,0.7970886,0.3110870454379233,-1.09294112278417,1.5686747922953832,5777.8364
5701674058738743680,129.6096863998547,-23.67261570766584,16.48939,0.810318,0.28273145762914353,-3.3137340091573133,-0.1319520938214468,5733.5024
5701672439535907456,129.591636777011,-23.716325445860015,16.48992,0.9003849,0.45883271568041284,-7.534375537196537,0.7794327818679635,5409.967
5701768754178134144,129.72836102149208,-23.578546811625355,16.494347,0.83737755,0.3153630204372404,-2.3763644184461814,1.713060329697758,6025.5195
5701691955867795712,129.5220964001335,-23.493258301194125,16.49544,0.84710026,0.23949486150676932,-2.3679009784895877,1.4378831762186353,5645.074
5701679861239853824,129.578539243825,-23.529084650145478,16.496197,0.8813877,0.4642813116339639,-3.8218198740198264,7.571851407667766,6009.603
5701625267910264960,129.64801170320882,-23.734555037292104,16.498531,0.9012861,0.5498283624652842,-6.041137120812243,4.986681102773531,5547.8765
5701773869481608576,129.60970592297758,-23.493282106047978,16.498888,0.91341305,0.46204352293770984,-4.012409469274384,4.817253880451604,5398.3696
5701692063243346304,129.5344499082168,-23.47475060969609,16.50035,1.5624514,1.3015965232872901,-4.825493311566721,11.012397992655405,4492.1636
5701769299636301952,129.7738758347702,-23.532710392042883,16.501486,0.7682171,0.24790664279775393,-1.9506475832960364,1.0274389998244116,5878.159
5701773083505175808,129.64714083712406,-23.503108666571563,16.502462,0.7569332,0.46160785967177004,-3.8398660752540037,1.9286999500933457,6199.2456
5701773014785704320,129.62013743592166,-23.51670640359031,16.504738,0.8159485,0.264286817717336,-5.2964879075632005,4.115799508501082,5663.357
5701690787636403456,129.3651418439955,-23.537750609052747,16.507713,0.773489,0.35446447589168334,-4.21913971882039,6.500205724655029,5804.6187
5701679487577421696,129.4885349967158,-23.564135769865914,16.507969,0.7370777,0.3694691377430357,-4.639932034376157,2.7473231450425413,5855.9736
5701773869481631744,129.6184155482993,-23.48343835424381,16.508533,0.685009,0.28356608853924414,-1.8792806499683616,3.694653624500883,6372.843
5701776313320553216,129.65457360840063,-23.393540029024123,16.509806,0.8790579,0.38253736445371006,-2.42541537101927,0.8194724463818366,5436.574
5701785826670610432,129.55999491529417,-23.471888813931912,16.51307,0.7584543,-0.45879320030129084,-4.075447327556903,3.8057372235731117,5847.2134
5701772941768588544,129.62346466923148,-23.5259175187277,16.528294,0.7351246,0.18498024419182518,-3.564849021699473,4.838906302422262,6179.1177
5701769265276218880,129.76116565109302,-23.548805083502575,16.533447,0.7577572,0.28820159936707995,-6.627177029292675,1.56798334334478,5872.8433
5701768990398306688,129.78184012061814,-23.55673019563329,16.534513,0.89606476,0.23527380019979083,-1.736540440453528,2.1531085054543975,5618.4575
5701773972560864384,129.61552068885857,-23.47565881476033,16.538313,0.93995476,0.5886585576155893,-4.371447045399098,-0.4183943514496908,5313.322
5701677009381170688,129.42955267240407,-23.672065284330554,16.538752,0.80929565,0.3802443491619382,-3.0342560950617257,2.1192936849598314,5628.5093
5701770266006839680,129.70067788548565,-23.506200452196747,16.540524,0.8256321,0.31994988272199376,-4.975230377343989,4.939975036826805,6005.662
5701770712683187072,129.78579778870107,-23.535002288249423,16.54098,1.2147026,0.9460529880712049,-2.890749746254576,-0.8280642436191463,4650.7744
5701774453597281536,129.66792984466952,-23.441448954831003,16.546152,0.5653095,0.1664872915074488,-3.5551228852779593,2.6408226066046985,7367.778
5701769368355393152,129.69863541568995,-23.581787205603188,16.551384,0.7508755,0.2830512251038364,-4.414293729945513,2.878460226797867,6077.2505
5701676979317057280,129.4256916617652,-23.677621546429762,16.5541,0.8056183,0.3259425993562665,-3.2073364569828398,0.4969177485666736,5640.9756
5701672134593417344,129.60272447919647,-23.735096216221404,16.554512,0.6808491,0.37544589513550836,-2.8735790215762735,2.46194323724655,6342.5337
5701679998678803456,129.53118708167597,-23.537128011833254,16.561325,0.9216862,0.24563471179056837,-2.041636735431802,1.2989419598928738,5407.808
5701689108304214016,129.3955030679159,-23.622512128061096,16.573612,0.7915821,0.3293793917161649,-1.929831435127016,1.658007332927166,5732.2056
5701775282528375424,129.73952693996156,-23.42736273909945,16.574654,0.9595413,0.2907376327437971,-1.7538531690370722,0.48267070882495244,5251.372
5701774728475269248,129.65013263365506,-23.411496545331016,16.580523,1.4038544,1.1115958319717207,0.2719308452512331,-1.785437261221154,4507.472
5701775175151811968,129.69316534238408,-23.4332995171827,16.58207,0.7353878,0.29306404076043363,-2.6529363360601605,2.469260386040237,5914.3994
5701673990019261568,129.6263390430637,-23.676403103801558,16.582178,1.1681023,0.8368730136240173,-4.1811293741976385,3.5583602693036243,4701.9287
5701690856355879680,129.3985246651476,-23.535749963575526,16.587849,0.8914852,0.2803262539870542,-2.610393489905788,-2.405431053900462,5498.683
5701769647531340672,129.67978681789154,-23.564087306995326,16.588717,0.9796524,0.6293030126490333,1.9981672039147624,1.4966009019048494,5117.466
5701692303759657984,129.4971063980184,-23.466423239494336,16.58962,0.83870316,0.344940549048131,-4.254461324766135,3.2275747075265997,6172.093
5701693330257377152,129.4588664956865,-23.431996939275034,16.590208,0.72314644,0.27476239267613484,-3.7337460978485284,3.546703925866645,5985.4263
5701673023651480576,129.52530750441463,-23.703232687199897,16.59601,0.7508812,0.21337437386787467,-0.6120139143738879,-0.2212121280644204,6142.8936
5701674264897129600,129.70169075979555,-23.66114748714525,16.599224,0.7310467,0.306649778106144,-4.451050693921115,4.983657723943179,6176.988
5701675772430688384,129.64477899627963,-23.582078543463894,16.601969,0.8280678,0.378625106843861,-5.69018082238049,5.178158423969231,5628.6914
5701676154682849024,129.44768022962143,-23.69033782796404,16.606712,1.1027403,0.07380256177049851,-3.8851428663609253,3.2380404692113736,
5701673710846250368,129.64809998983233,-23.699586022527992,16.608656,0.75958633,0.2877671906790947,-3.0167541973922414,2.086253094636186,6176.7437
5701675016516385152,129.61474860694585,-23.635351406913646,16.609,1.0267868,0.28199773899133107,-1.4703261802807739,1.6185097229860357,5334.043
5701675566272247040,129.66921683304668,-23.590833775816165,16.611532,1.2240868,0.9418265815551169,-9.368773286430459,3.7784123047719294,4761.6846
5701769544449701504,129.6902120248794,-23.56440078827515,16.615135,,1.0470586221482552,-8.27959305472557,-3.2329634863819994,
5701695705373771264,129.38234450971882,-23.459391868891814,16.616482,0.89463997,0.4481453147196669,-4.085186623781221,2.640662900068817,5408.09
5701771846555899008,129.75255780356972,-23.48219852241841,16.617844,1.3176374,0.8032074623012133,-4.2497236889530985,0.1459842051928507,4498.4346
5701773800762119552,129.58647914817973,-23.499598232673957,16.623352,0.8472576,0.3786236460370654,-5.237476365051408,7.035602690773032,5531.5635
5701680071692949376,129.51634286960942,-23.52278753956293,16.62618,0.83792305,0.3754403532678886,-2.2869589305696705,2.3514732725860013,5645.412
5701689963002657152,129.3812950999414,-23.564070867972838,16.62675,0.997797,0.550567120054656,-5.718518627605956,8.625440873624378,5105.764
5701676910597060992,129.48919893635437,-23.624314236286466,16.627005,1.0400658,0.6764431221677654,-2.6469572786241558,-1.0258583952660492,4997.811
5701675364408765440,129.657658505217,-23.62451999095422,16.62828,0.7916508,0.40090571708598477,-2.750056252384397,0.9814231654871781,5734.3335
5701689623700271488,129.42551206578878,-23.59373250431888,16.629187,0.76641273,0.6650087789617596,-4.451350298806453,0.7829946564163817,
5701775935364768768,129.68299763601843,-23.422563634453244,16.63125,0.8772392,0.4598138591789835,-4.15090808744297,0.10375605237837439,5505.7783
5701768341861497472,129.72910750771692,-23.607797446806117,16.632174,1.0345993,0.7319116429920217,-4.589860672476397,1.3399014431790799,5016.387
5701678010105919360,129.4600731807242,-23.581806850743448,16.633345,,1.322584642067819,-13.200564058079934,0.8787715225486524,
5701678315051312640,129.573149980097,-23.595728867777055,16.63849,0.8244972,0.2396361730463636,-0.5296113790207052,-0.9539027537749958,5659.1704
5701675398768517888,129.6248926979617,-23.618319453412838,16.638952,1.1310387,0.6939785315698425,-8.87109228073861,-0.3600512756718521,5003.2544
5701690409679266816,129.3599413611222,-23.552220053161232,16.639269,0.93795586,0.325859457111538,-2.4265095900546925,1.7396686596422462,5322.6553
5701672095938483328,129.58109737862273,-23.747896777468796,16.641836,2.1105309,2.3808769830952223,6.063728248022087,-11.909412815283735,
5701674260602110720,129.68712511663134,-23.661189859291245,16.642519,0.7474899,0.16372326758664615,-1.8066798600196439,0.4986263981720014,6346.881
5701768479300450560,129.74707876196086,-23.593802594465007,16.642859,0.95251465,0.4295340411669589,-1.0899824301912582,5.219494560288652,5293.899
5701690963729879808,129.39725183974434,-23.514424483923193,16.643312,0.8636627,0.2252658152782983,-2.59491711238649,1.4409266185182927,5545.955
5701678044468422272,129.46029160685646,-23.56970368084195,16.643353,0.8027706,0.2923423217824722,-0.11822069963076076,4.671532179444839,5652.743
5701769681891083520,129.64634850954317,-23.56526200453597,16.644619,1.0162144,0.45891397480074325,0.21391103658588834,-0.46049898217845153,5144.733
5701672748773548416,129.54395424616845,-23.720420025160383,16.65012,0.96273994,0.39173154112171443,-3.683818946541323,-1.2510152315234122,5235.592
5701769952470988416,129.71947793289186,-23.544673218099472,16.650293,0.84171295,0.5266133320700332,-2.636217130183459,-19.206544073845826,5543.234
5701775037712841344,129.7380011942045,-23.43757061720427,16.650547,0.7251034,0.7868953079088132,-2.1087826412602735,2.537516595862427,6576.482
5701676463920460800,129.5233691964168,-23.666546990922452,16.651148,0.7323952,0.14763251151792264,-3.7133343218034276,3.416000295663074,5965.2227
5701787067915570560,129.5339794661626,-23.408604724369713,16.65446,,0.7744150868548275,-9.130965016861534,6.357972374783017,
5701625229255358720,129.62449238616065,-23.739524634997277,16.657526,1.2030363,0.19911229839943642,-2.9635898555861067,0.45348767704221504,5042.3267
5701691028154829440,129.35857635325,-23.52534665028257,16.65785,1.6737947,1.381745475815431,-10.748979783815013,0.4553612456604882,4422.701
5701770192989541248,129.71249065905127,-23.514969770847816,16.657927,0.8628006,0.3541580583785362,-2.906005280043201,6.340282548115106,5481.88
5701676493985102464,129.49407013328928,-23.665692999988863,16.661192,0.97906494,0.6151997467275319,-6.550697861585252,2.4426269197971022,5214.509
5701692750436270848,129.39480350304132,-23.466095627765124,16.664862,0.73091125,0.26557881779604126,-2.9053804749122065,0.6337216569954478,6298.336
5701625263615111040,129.63848343779014,-23.7282173283381,16.665173,1.8257275,-1.813190038352828,-16.920231738029912,-2.2986071183683983,
5701677112460407936,129.43835933978224,-23.655625590056566,16.667562,0.83350563,0.3779530331227657,-1.3586777547697924,3.3621359655896446,5594.745
5701773972560872704,129.62654176533945,-23.471371405635253,16.6738,0.7711792,0.3033285256495696,-1.289650342060574,-0.03129335160786766,5799.35
5701769471434624384,129.7130993070874,-23.57268760997012,16.674921,0.9768505,0.5147139334365901,-7.376343873164638,8.352892787113387,5230.131
5701678319343501312,129.57996551407845,-23.59331194281766,16.681843,0.8788643,0.45050670005246235,-3.0166261828172165,4.329169584885358,5406.051
5701772774267531776,129.6616434511714,-23.535594296372718,16.681986,0.7414417,0.34272553327073596,-3.529627411703362,2.9800499303528167,5939.3687
5701785968407067264,129.5805082482751,-23.4519735450257,16.683302,2.0392895,2.023748600550986,2.4870767656211004,4.027478004666508,3632.2056
5701692922234955008,129.46249296634795,-23.477337213754144,16.68408,0.77488136,0.334219508502592,-2.16304120078959,2.499034783247213,5767.9897
5701775179449186560,129.6889588014643,-23.437659114476617,16.684748,0.77028275,0.2441667531319443,-5.973445794617732,3.132946990157205,5785.9463
5701676493985108608,129.4903885410578,-23.660361207709013,16.685005,1.147253,0.29798302147732625,-2.3377965402916345,2.468752575334322,5088.6274
5701675119595590912,129.56108060295222,-23.643282756459257,16.686735,1.0162125,0.5043249269428808,-5.933364816921194,3.657706348053506,5129.1577
5701773319725787008,129.70352761677293,-23.495316529014488,16.687649,0.8250179,0.4118931262447464,-7.083439375483467,5.60298117764032,5699.975
5701626848458205952,129.68901242803315,-23.710209937436016,16.689125,0.86146736,0.413197902843533,-0.056828892851613355,1.4583472678919776,5535.3975
5701675673646426112,129.6067528444972,-23.59688329663199,16.691013,0.97794724,0.5056864461787948,-5.953364409830975,3.1227672678585234,5199.1074
5701673955659534848,129.61206412479228,-23.700077380289365,16.693193,1.0093937,0.7298992190535583,-5.120201370856369,6.876785972861957,5168.6514
5701680136117778560,129.56013572633267,-23.511812301246586,16.693253,1.0685978,-0.12432708651395333,-6.155418715988109,7.483992409570482,
5701676944956792192,129.50532446407652,-23.619266949966157,16.693338,0.9333935,0.2922580548877178,-6.858355710325429,3.0604442111553976,5399.398
5701772701250056576,129.62528790831263,-23.548521362590293,16.69375,1.4217672,1.0633496665481752,-5.544815070297444,-8.849864700975985,4608.372
5701775965425825280,129.69965753574536,-23.421352265184716,16.693764,0.95661354,0.6690629470514208,3.353267809278835,-0.7880501383609946,5195.276
5701675394473526784,129.621350278948,-23.61983133416494,16.694025,0.7669678,0.36178972696851686,-3.0781983332834253,2.948080764797581,5866.579
5701691788363589632,129.4660088521212,-23.486068686748542,16.694149,0.8900471,0.3522232448425949,-2.1206882064428436,2.141189744150113,5623.16
5701769299636314496,129.76812602706164,-23.527056938334876,16.694613,0.896513,0.41738941466559604,-0.44719889012892544,1.9536098404065751,5427.7354
5701627226415314816,129.70337642407821,-23.693819045745972,16.696222,0.9029598,0.25022726165234194,-1.5868723361095805,3.311181814779857,5353.998
5701676360841272064,129.44960371490586,-23.66834007471042,16.696583,0.7628498,0.22033185803938837,-1.2403037434024022,0.738676737970778,5825.6465
5701678319346289792,129.57565206052186,-23.588275726319747,16.705175,0.9306965,0.4110062805068246,-5.898400426963759,3.1055253141931543,5279.8135
5701774801492075776,129.64052907710658,-23.409909612717875,16.70624,0.8685913,0.41182905931102753,-1.4774344450553663,4.122531502979139,5538.1875
5701676635719148416,129.51928745270214,-23.643146745076795,16.711697,1.0558376,0.539128504519565,-6.121343492198784,3.474585649530691,5134.398
5701673573407345408,129.5695789684738,-23.661144010661825,16.714584,0.80301476,0.061900750178815814,-3.886424556989696,2.158001629821692,5708.8535
5701674849012736384,129.58130579083644,-23.67092163080728,16.720062,1.0528736,0.6252473206709311,-10.994673361987573,8.580216480634178,4971.7866
5701678284988411008,129.56033043566802,-23.59383810138385,16.722572,0.8264046,0.2280647439325518,-3.7281145635285347,3.3968342571254344,5616.231
5701787033558500096,129.51401683525336,-23.40711225126095,16.724192,0.80604744,0.2989055796020676,-4.72413257476914,2.949054796111449,5685.54
5701690066081897472,129.42553087452575,-23.539367048608945,16.7261,0.8457451,0.14680037883512753,-5.002363500312477,2.435236543887976,5614.4614
5701674466760574464,129.703404716401,-23.63207593124459,16.727098,1.159626,0.7612060389600863,-1.3736999069087976,-3.0530613578708907,4975.2593
5701769093477515520,129.76641332118825,-23.561912946883236,16.729172,0.73493576,0.16798948441320094,-4.257233467951635,3.9187942984106243,5931.132
5701672340751853824,129.58084164709655,-23.731164716741663,16.735891,0.8911972,0.4267345805554847,-3.9786325706075827,1.943670418686493,5463.046
5701676734503294720,129.48655444723,-23.64395833608307,16.73596,1.3375111,1.0149957339616351,-7.607213886125346,3.7285395548455416,4724.9893
5701774728475245056,129.64833292256617,-23.421685184830253,16.739595,0.81254387,0.315452696072925,-4.710891856827086,3.055254710303197,5636.487
5701675811085364736,129.62873728035854,-23.586523794368404,16.744432,0.79530144,0.3275583339484354,-2.1208805119949217,4.126988867132613,5695.524
5701676768863035392,129.4808534027218,-23.643204627782314,16.750214,0.85505104,0.31342207092135504,-6.01413014105991,3.1361143097465662,5521.8667
5701689795500624000,129.4518367786806,-23.571323099427875,16.75437,,0.3117680125907772,-3.579488827401324,2.562778258444664,
5701773732042594176,129.59984352889103,-23.516507432622113,16.760145,0.74025726,0.14580209503043484,-1.6720460224806417,0.5702906632729303,6346.2812
5701785964109631104,129.56957441798104,-23.444782382137625,16.760149,0.77051735,0.23594294118941672,-2.9953304653283226,1.889733272571032,5872.776
5701770059848167424,129.75652258239714,-23.521804181938386,16.766405,0.71287346,0.269532978148027,-3.63675080068734,2.7312542369839297,6361.0215
5701768715520371328,129.72062886468072,-23.577649007585592,16.768944,0.8008003,0.1952233860384219,-1.4247079474157756,1.46940347461957,5937.9995
5701674123163154304,129.6557496996526,-23.66427846540955,16.7693,0.9487686,0.27486734099133375,-3.3787560759400974,3.286784751894526,5276.4956
5701671997154482688,129.55288271455828,-23.741686464398782,16.77083,0.83029366,0.2835799872989939,-0.9576803274702866,-2.180548184534167,5655.065
5701674608494520832,129.6617985943472,-23.629233005027853,16.77257,0.85598755,0.3933378382509053,-8.456982247664449,4.356891858174638,5543.9277
5701675192610101888,129.59686003547,-23.631504618716068,16.77391,0.54857063,0.08855540864463432,-1.6787220105403258,-1.443236258846613,7404.73
5701673917004706944,129.66657610709342,-23.677959249229758,16.774166,1.155674,0.7075078215582585,-9.20324158605014,-1.0529660420685518,4980.4106
5701691479126107776,129.46768877317376,-23.524973904338015,16.779852,1.2893696,0.7728042027719101,-7.524227474487751,-0.39408271736084166,4644.365
5701770128567643904,129.75151525334115,-23.51491517413467,16.788034,0.8061485,0.44620721480817965,-4.06628700878493,6.543333286728111,5606.2256
5701785934046872448,129.54700460681423,-23.453221593013136,16.790665,0.8755379,0.2940105201049751,-2.6107946327969023,2.9780501085709865,5494.187
5701776274663517952,129.65480328108802,-23.402579521962082,16.791504,1.0925064,0.5627720072316409,-3.3231718181031322,4.780826454830548,4933.567
5701671992859284352,129.5463877012422,-23.738440821196146,16.791758,0.7197304,0.19052665988991555,-2.658511000782407,2.433291234595912,5971.3335
5701675463193009408,129.66497556184854,-23.61368205613502,16.791927,0.7058544,0.1597276261923883,-1.7873147247450367,0.8491252502002454,6042.234
5701675497552758016,129.66880966653616,-23.601555180601633,16.79413,1.0790272,0.5273113498827753,-2.4325333917912033,1.264368581627102,5106.1816
5701787338499313152,129.50886559640813,-23.38815084620486,16.794533,0.8813915,-0.7666863791521457,-3.9233244135451497,6.6871075626018115,5527.499
5701788060053853056,129.64667894899463,-23.37421428080821,16.798775,1.1558666,0.7496741462793164,-0.18759928555956457,2.431213790154051,4947.1465
5701693021019724032,129.4626853872504,-23.446906004312655,16.799036,1.0205631,0.549080495311711,-2.3241592450949313,5.939189369153558,5053.1787
5701788025694073728,129.62903803794606,-23.389918127053456,16.801565,0.8219948,0.2709065147334811,-1.0697664927710564,4.330488081769902,5590.723
5701773938201129728,129.60833709989254,-23.473597175649207,16.802137,1.0458221,0.5147912169561505,0.7131183097901879,2.3986158305524845,5108.2983
5701773908138894976,129.63473071813843,-23.477890012956777,16.802645,0.9040165,0.09749501327318727,-3.6564042831298007,-5.585795174730901,5600.2334
5701689932937916928,129.4017340639991,-23.562850187658565,16.804998,0.9976387,0.5857939961106248,-3.6617590161238485,1.7788617766398014,5184.5713
5701689314462633472,129.40058361393594,-23.589145797705584,16.808788,0.8746586,0.17036340218669094,-2.0255476458660366,1.2532858198556949,5438.3237
5701691303032471680,129.47739670908973,-23.543774221181376,16.81023,0.8045826,0.237366938778297,-2.9962563885412674,3.5757168446004997,5664.0596
5701786483802675328,129.59328675013455,-23.406556368138723,16.816784,0.8728466,0.33390604663106865,-3.288434480780116,1.979099492640533,5524.3228
5701672473895664896,129.5967721790669,-23.70328191301453,16.819462,0.9158459,0.41833516508405655,-6.20739672107771,3.7131020356948943,5350.4634
5701677490417572608,129.4139351578817,-23.617790401937523,16.82892,0.68672943,0.18177557530632546,-3.912586185520519,4.254200177401654,6072.8047
5701786788743498752,129.59627136889492,-23.387285496640338,16.830137,0.9248123,0.5575384452903319,-3.0893073849031394,-0.12329948048852163,5319.8247
5701691135528573440,129.3761334975785,-23.510111433934572,16.835026,1.1294212,-0.42285462035515053,2.6485255974405835,-2.838388865288964,4989.0664
5701675673646424704,129.60911105321807,-23.59711159305229,16.836054,0.82474136,0.3959819299194818,-0.8284226928454079,0.3844600769874701,5571.4756
5701770089910291968,129.73840439696085,-23.529630521909418,16.83736,1.1579132,0.37144565493668835,-2.652996654684871,-1.7539143737447804,4991.392
5701692746141799424,129.40443153187178,-23.468528300910545,16.839907,0.8703823,0.39842953737679165,-4.114452982326091,2.6113869950585995,5480.487
5701674230537402496,129.6875067554455,-23.672949109988984,16.840229,0.9588356,0.06353013848753339,-4.439766689177487,-7.619046664268643,5917.641
5701785895390115200,129.54884095341973,-23.460625528148668,16.840408,1.0599422,0.4992847604747574,-3.928052498863873,5.449964639201313,5024.8794
5701691887148309248,129.498109957694,-23.504353183737937,16.841072,0.9823456,0.37166307771276663,-5.015737207828675,3.8616326797811746,5136.3994
5701672340751850624,129.5886012474547,-23.72843282688703,16.854626,0.77469826,0.3310856290331374,-2.5263844225119176,2.2557196311317025,5758.994
5701776244601068800,129.67612723872725,-23.401606274136615,16.860443,1.1536942,0.5861370816188477,-4.585822505423913,8.951471943811088,4982.2783
5701769230916793472,129.78501127533562,-23.546126246804235,16.863007,1.2349586,0.7793574372257485,-1.8181989095064295,-1.5573909096387641,4627.3394
5701786616944829312,129.61491777047615,-23.38116704548011,16.863049,0.91069794,0.41673833181827824,-2.313402562080826,0.34216502299831414,5320.07
5701626672364387456,129.66000605536593,-23.725887851634873,16.864756,0.88848495,0.10447384130056252,-2.9400395699726056,0.7095506647646072,5415.0713
5701692333824957440,129.50830821062888,-23.443542406631664,16.865705,0.91817665,0.3318029824207159,-2.7426854959154126,-0.8857777630642454,5529.223
5701674505415896832,129.65938959651336,-23.650527895303746,16.866135,1.7854843,1.465610683522097,-1.2464622029937837,-8.094066499283255,4160.476
5701673058011226880,129.4956336215603,-23.697410686596253,16.867416,0.95033264,0.3746333918315273,-0.7198390179082714,-3.6673297882333373,5218.584
5701676704438643456,129.4766540511776,-23.65475802787553,16.878014,0.9448643,0.4440131893311532,-5.624060590244346,5.013778954494583,5214.102
5701773628963515392,129.69377290215868,-23.46003083010094,16.883757,0.8760586,0.3112196611873222,-2.0936016956522443,1.3537252647591766,5565.7837
5701768646800877184,129.72926920610067,-23.586929723387286,16.8874,1.0400181,0.44816407686031945,-7.789433848394242,4.376178783911882,5030.9736
5701768719818401920,129.7151132931299,-23.58841133894626,16.889217,0.7617912,0.24832333421310437,-1.6969365036655932,2.8554163305273668,5835.861
5701775243871307776,129.72829437565753,-23.42441787242935,16.889826,0.9689369,0.31988888098444324,-3.8714539920094273,2.255849088416413,5294.3667
5701774900273813760,129.7149250557898,-23.468102483157296,16.894114,0.71330833,0.18803667106652053,-2.3112443262660527,1.0432775775936791,6011.398
5701680101758047488,129.53254353040367,-23.50571322037276,16.894768,1.0172195,0.6453868019130796,-2.4682582677123532,-2.6557770288446534,5149.89
5701626775443618432,129.6602662986377,-23.714415359766726,16.896263,1.0957699,0.6351048834538588,-9.441940663641674,0.3547911388328113,4830.0605
5701785998469396224,129.5874579341267,-23.43378733022915,16.899437,1.034359,0.5862301777214305,-0.7774535060214646,-1.715705538886029,5058.2686
5701774629693604224,129.61089084261224,-23.43927047914123,16.900364,0.71907806,0.27816816023208374,-3.5518397684912824,3.3465830161221333,6013.431
5701787652033777408,129.58408953478582,-23.368405048169517,16.905588,0.9604664,0.46700872444185165,-2.615713510136997,-3.4987549599880006,5197.74
5701772671188319360,129.6494809711534,-23.547164800340543,16.90563,1.4596577,1.036420740239911,-9.456799416823799,-1.9781542347312373,4559.0967
5701696461287998336,129.4511674678799,-23.388966723675747,16.905958,1.5702553,1.016341950261637,-5.739257190483341,4.329652824105141,4539.5366
5701788133070105984,129.6437672566925,-23.36720146422488,16.908695,1.153183,1.028482612632408,-3.6953787256045203,-2.5332038186247834,4876.101
5701674505415317120,129.66256246492745,-23.660417290319874,16.910955,0.84218216,0.2724782750568604,-1.0576460012759819,1.3356803846360132,5545.891
5701774865914092160,129.74590678193888,-23.46199400474656,16.922344,0.7085533,0.1196571509522043,-2.2036624290092295,0.7452643645338495,6356.5884
5701627222120238976,129.6990350655235,-23.698283798225702,16.923481,1.1266174,0.605523069367418,-4.6935231187141255,1.7094299340529413,4956.218
5701786616944797056,129.61374658462938,-23.390831779349718,16.923832,0.80379295,0.4288746830997246,-3.8769918755329655,3.5106039725952707,5641.4214
5701674054443662464,129.61361570750054,-23.676868705164136,16.92465,0.7163887,0.26699360863834776,-3.2598353638452062,0.8130025518000656,5927.8115
5701676768863031040,129.47937256830272,-23.646635222465708,16.924738,0.74147034,0.3157676256649326,-4.40828745616561,0.9086837404441552,5898.194
5701672439535916800,129.59609050962146,-23.7099217320149,16.924856,0.8903427,0.4553055968725317,-9.38684018310914,-1.1455205575195735,5382.8687
5701692058947031168,129.53036890384226,-23.46899859603357,16.92615,0.98669624,0.32730068789855493,-2.8335617084817586,-2.4489818708447504,5127.6714
5701774900273825664,129.71435458678653,-23.46326826455727,16.927908,1.0641346,0.6192887898296464,-7.730255282867028,-5.818695723655518,5002.123
5701774041280343296,129.58833026576093,-23.474587858423853,16.939453,0.9365368,0.42696551714147873,-2.977721848142699,2.290471022313362,5312.6274
5701679693735834112,129.5077151165519,-23.530017172880804,16.939692,0.77895546,0.3663854511584997,-4.859431262463838,3.763611558954626,5745.728
5701673985724181376,129.62824666613125,-23.68074566121886,16.9401,1.0673943,0.4772717174122547,-3.415173580262058,3.2943487035745083,4949.2407
5701679659376105600,129.49571785081056,-23.548353171115316,16.942163,0.9111824,0.23018881959772974,-2.256689934783086,1.6834811786373955,5377.797
5701692647354175744,129.3959094585064,-23.49927686521328,16.942598,0.82915306,0.4788428881092123,-2.9092665959483592,2.5800237441461755,5637.8022
5701770021190805376,129.74365790639115,-23.53361102410422,16.943005,0.85622215,0.16792366240653822,-2.386306274083111,2.4565662465812985,5499.8545
5701691204248050816,129.36736686056864,-23.503184831914385,16.94324,1.2580967,0.6386365241242336,-12.593729228384607,9.963896774978146,4554.209
5701773117864915968,129.63392768349217,-23.50357911421163,16.944775,0.740448,0.2920555680175887,-2.820834041945946,3.789834811646565,5892.43
5701679040900775296,129.59716199725247,-23.556109141377295,16.947338,2.242897,2.278478716957394,-12.142652724920982,9.620698233983727,3681.5767
5701693021019715840,129.4606116159171,-23.456748061810618,16.956057,0.85349274,0.3969593922219676,-3.5875810927947756,2.081890069616992,5500.8447
5701773972560872192,129.61738367418684,-23.47180770214378,16.959276,0.69807625,0.18612072775651192,-2.9840322350357025,3.7238812827988013,6058.1235
5701692578637577088,129.4222926180536,-23.480033571651283,16.960217,0.79777145,0.2960203852646203,-4.582851767791612,3.107299022042943,5681.5586
5701774728475249280,129.65124313958404,-23.419474402363665,16.963451,0.8442955,0.42270066860660865,-3.120527075422992,1.4172058924330564,5503.2793
5701679689440908672,129.5090949772247,-23.537515183208836,16.965784,0.8996372,0.23915018556031556,-3.3580603908763473,-0.1544062612209374,5370.386
5701691719644113792,129.4719622296132,-23.49910696153439,16.967,0.966959,0.4436992813951012,-3.1478661995558603,3.4675084449523563,5260.0684
5701672473895664512,129.60999096213038,-23.703092817001217,16.9688,1.5168018,1.0901210321417825,-9.302088819344252,7.130596578207603,4440.0415
5701771567379096448,129.7798484769626,-23.506966135854025,16.968983,1.1243725,1.8195584582860806,-9.813915075384703,5.2824591563943075,
5701786930479286528,129.50813930598744,-23.427412373270947,16.972307,0.7887955,0.16205700697014866,-3.199459537364115,3.0189032414207095,5744.7534
5701692539983354752,129.45042891728414,-23.485343281564948,16.974396,0.86984825,0.3351524557403925,-2.720776228610544,1.7491843303271162,5490.599
5701678422425530880,129.5227066661475,-23.60676831788053,16.982592,1.1165409,0.4219849190459846,-1.5882149287530778,-0.9789586430069586,4965.671
5701691543550900352,129.4425009782568,-23.530038806962214,16.983599,0.7555561,0.27307054025732846,-3.4392165382810016,3.6564105230456043,5809.5312
5701786788743490816,129.59382741702436,-23.390138862576492,16.984066,0.90407944,0.40680481732497065,-4.213747294483589,6.987066772638116,5368.5317
5701676047308489216,129.49715406687636,-23.67725207082691,16.984709,0.8052921,0.17184386983250471,-1.2277735621414312,0.839505687212483,5662.67
5701674913437141376,129.61463483343235,-23.66089861342533,16.985788,0.77124023,0.3298092863462546,-3.1891924861991168,1.3637244833618256,5789.861
5701770364788265856,129.7093473065464,-23.502973332338644,16.988613,0.8479614,0.3645478244782662,-2.830382756665732,1.3567412658735232,5506.0293
5701672890507692672,129.50234121760852,-23.721555761116363,16.990244,0.62973595,0.1109911235760038,-2.490994475172652,1.5379882050393932,7040.13
5701676738798370560,129.49700103043224,-23.638151585963314,16.993156,0.9150162,0.34225558504663767,-1.5605979375998813,3.129385003943807,5283.693
5701673779565740288,129.6374968107429,-23.690399152621794,16.99564,0.7137432,0.061101080833366184,-2.3293629559522966,0.9182607320362788,5958.4478
5701674505412515456,129.66119909499466,-23.64447047197457,16.995644,0.751091,0.15585652351455162,-3.6543176980369703,1.811849870686399,5905.0107
