source_id,ra,dec,g,bp_rp,parallax,pmra,pmdec,teff_gspphot
6065894844592917760,206.82333578861397,-53.357229442674125,6.7501564,3.2029414,1.1035731185328292,-8.805591996150827,-6.246685789943749,
6065899173920018048,206.76428777137312,-53.28254727690164,6.9121566,1.2850099,5.642682759149054,-19.34099442754941,4.431978184163233,
6065889518833005312,206.30309598814176,-53.308513232080266,8.7056265,0.66859436,10.141939761985649,-20.196613336109984,18.56487522349436,6165.029
6065886323377473920,206.33488119737459,-53.35063705299504,8.733806,1.3189306,2.833561938314418,-25.215076180311506,-9.23364608465375,4644.9824
6065886804413831552,206.4227364340926,-53.31008853050927,9.206765,1.606987,1.618911936648904,-12.283187604187566,-4.392765785607165,4373.999
6065872167165245696,206.50637767072794,-53.49318187624942,9.524849,0.7954464,5.145392951053385,-51.503654030681844,-38.08878355557606,5740.784
6065886151578619776,206.29013414438558,-53.37613466326056,9.754396,0.6391773,3.7307591910389553,-21.44850862469341,-14.701372890375534,7436.5054
6065909103884885376,206.54442430281404,-53.32783204185024,10.7787285,4.064396,0.44724676133530966,-0.9093522419584557,-2.813971643693314,3542.7732
6065872815691667968,206.40235050307976,-53.47884608469095,11.117158,1.5018005,0.8822862083698026,-7.54694651605039,-1.762488264303764,4674.526
6065872197216377472,206.52596331211336,-53.485386595489274,11.2216425,1.9528217,0.5413006379169792,-4.5250671058706615,-1.9570682303334141,4333.2417
6065896425140874240,206.70936950556242,-53.374187800352715,11.297794,1.7186985,0.9465040794782936,-20.946264719778412,6.582914281621804,4846.8184
6065896115903209856,206.5967353524812,-53.417002739336084,11.597045,1.4506254,1.0645603868402471,0.04078762980472228,4.654994847531471,
6065890206029223296,206.2370153170927,-53.322512077438844,11.872488,0.8275013,2.638879934388283,-8.668941631685657,-10.993132424707902,6450.2705
6065910955004445952,206.5665228311815,-53.22434012017276,11.953605,0.7877846,,,,
6065886387788950656,206.42325348700948,-53.35543586299218,12.023043,3.0891886,0.23175481931341915,-7.442909520576583,-0.8224079219492793,
6065898310620736256,206.75064679907166,-53.32546774934933,12.06928,1.7328539,0.6268710553783271,-8.626409157048819,-11.091990914955836,5329.0557
6065898727245192320,206.79366280223914,-53.29178363046837,12.121452,1.7132025,0.7752989213258104,-12.289235653005626,-6.015000439848344,4507.4326
6065896352112453632,206.66771744935207,-53.38210090464332,12.125454,1.0878382,6.337830899491325,-30.006352554885712,-35.90804468882222,5023.6353
6065873331087742976,206.5078004223317,-53.42545483354162,12.131934,0.9752455,1.766401215603174,-15.96193054074851,-10.093409953756538,5276.232
6065896734378533760,206.6737562634731,-53.35156165916129,12.132461,3.5086966,0.3012853135821159,-11.899372641334084,-1.1696535263326195,
6065869143508259072,206.5135513770625,-53.52325099693682,12.188363,1.4184551,0.6850022123042285,-7.2444758841062615,-1.063306871011083,
6065872407683416192,206.46459158715234,-53.46962875498729,12.26529,1.9771338,0.5609931113942399,-8.068685415721509,-0.5831066512011903,4680.8867
6065889342725818624,206.3200339793958,-53.316458771019136,12.311977,1.5130806,0.3950299296645728,-2.874688295490427,-1.0305265289819032,4836.1045
6065912398113457152,206.65265231806268,-53.18796727011029,12.343878,1.8410053,0.5497733340396121,-9.161292387016395,-8.765638642819127,
6065889445805034496,206.2607543779805,-53.33128204614937,12.34879,0.96480083,2.719260504754415,-25.645217086031792,-2.2159141571392413,5526.859
6065884326204020608,206.288549271421,-53.426041602314605,12.370671,0.95348644,2.2731417925581394,-37.977359586944054,-15.282227654592404,5529.111
6065913394545870336,206.46054339950572,-53.245849219568136,12.46758,2.0710926,0.5192849553630138,-2.7884940415732844,0.7446545504127124,
6065868868630353408,206.54663466263509,-53.537192271134664,12.480938,1.6184826,0.550878681553469,-5.442752872914243,-3.5660268586137227,
6065872304604214400,206.53820608516173,-53.46685710180292,12.496221,0.83270264,1.290905728418305,-2.948100602856934,-6.496359630709085,6543.218
6065889961201107584,206.3601526144698,-53.29141914285199,12.513165,0.9105406,2.4768666574133453,-21.54794051180552,-8.135383654081107,
6065872643893446528,206.3942504811181,-53.495043109602456,12.524175,0.867465,1.561679384150977,-2.767009486956915,6.675121999040556,
6065897692142896000,206.59578958452946,-53.323187739293154,12.531098,1.8074427,0.6344039560122747,0.5488959423380175,-1.8961141094710952,
6065890824503081344,206.31068805085135,-53.2530698584359,12.556576,2.0854568,0.27551586543537265,-9.511809115102496,-1.506130579178698,4525.314
6065885326945052672,206.40887577948,-53.41509347092053,12.604495,0.7621317,1.6051011688332206,-4.023227937568239,-2.456906069450234,6774.635
6065886868824655104,206.42572655639688,-53.295702318876316,12.644702,1.6218958,0.7696606291555096,-13.668932379911054,-5.139225453703295,
6065910096007791360,206.485995838186,-53.290373486056964,12.737572,1.6978903,0.5608702305023071,-2.8771165672273704,-0.8603323110982972,4684.3906
6065908932086186368,206.53200380168627,-53.3509042625619,12.800718,1.0546656,0.8105371445740209,-5.437004877129689,-3.134570733519773,6047.8726
6065883226692893184,206.32825913689592,-53.470195646185346,12.811098,1.5878353,0.6530455677935408,-8.117487692616006,-0.28915046469096745,
6065873094878178176,206.38893254661411,-53.44611752574576,12.815566,0.7240038,0.8498906346994753,-8.848549081058033,-6.208043408726946,7498.16
6065898864682378880,206.83229705097418,-53.274042901924794,12.816884,3.5432072,0.18972559600634584,-6.711062938833649,-0.9053917660162898,
6065873472835319680,206.45892801292172,-53.42590950787017,12.85192,2.281887,0.2935224133051692,-6.960723002977998,-2.9010915999478812,4535.75
6065910714486395008,206.6086449772792,-53.24038560587056,12.86556,2.2419472,0.22922645901937888,-7.2711650779525705,-1.3486126476881022,4602.2104
6065884772881142400,206.33276770125582,-53.45315848528847,12.883039,2.274973,0.3197877048758727,-9.398976459497668,-2.251244114238771,4570.233
6065883467211070080,206.2928874618471,-53.463998175136155,12.891616,2.4810925,0.11620859899971007,-5.128138025107066,-2.0653380010933597,
6065897485983812992,206.66223307464713,-53.33478311090816,12.895754,0.9619703,1.209507265515898,-3.1939446367626076,-5.811414279633791,6455.68
6065910375195211904,206.47248455039508,-53.26957467139398,12.932019,1.7915459,0.5381257416797538,-5.512193006586329,-3.5047771160450067,
6065896455192280448,206.6898103008089,-53.37093772223717,12.989456,1.8080816,0.44446474573676503,-12.36205935803215,-2.1246602135343706,4562.795
6065887594687625216,206.23597621960005,-53.38906942619315,13.00329,1.9748592,0.29828322782198735,-7.029320033288152,-1.4090704433559254,
6065883540238469632,206.27337205422776,-53.45552506502371,13.017152,1.014615,2.4590745237989573,-12.794792777689445,-4.241735103244597,5471.985
6065911921383061376,206.72574325287556,-53.20622227125284,13.04698,1.1026735,0.8055184807283307,-5.021891475146712,-3.3525132917952813,
6065891924015105536,206.71970857889525,-53.50196676009193,13.064695,0.90738964,1.894090238997275,-18.886739618863455,-10.44199694567257,6155.032
6065871411250810496,206.34377915763153,-53.49940080425509,13.068342,3.6628141,0.07170026020347342,-7.877518233307429,-2.6493305752055756,
6065909374453286400,206.52889935710476,-53.30243942113342,13.124301,1.0064049,1.5844331964356304,-13.610004853027425,-3.5604105395522616,
6065886151578615936,206.27383965325808,-53.38391530567114,13.133515,2.0481157,0.3298064163431328,-4.910726483280648,-0.9830195882690127,
6065897696451234176,206.58980935205355,-53.32758325172752,13.156739,0.98893356,0.9813272892830226,-2.6562199163808446,-1.9465272175900614,
6065893092246223872,206.72231730483855,-53.4424601489591,13.175473,2.7220669,0.08641413818570924,-6.239807373624949,-2.4854868445881433,3814.6882
6065897765170713472,206.64340488572748,-53.32193603910778,13.222577,1.704978,0.39020581571983454,-3.6257195482421194,-2.501141098398208,5136.0527
6065899517517929472,206.73723713651557,-53.24129880498214,13.230864,1.5656061,0.8159377438963729,8.281510123952739,-6.506458809044774,5360.754
6065897833890199296,206.62487920863538,-53.31298902435638,13.274171,2.487381,0.12240258632536304,-4.873309700170042,1.194587997831646,
6065909443172764160,206.5801705574647,-53.3172567254603,13.298066,1.083869,1.2179333639715058,-16.307302519757933,9.640767329729627,5676.3335
6065910615713395840,206.54937767214955,-53.25418885748351,13.364231,1.8235188,0.5482454454719609,-1.565226469018607,-5.062939851296759,
6065893607642297856,206.8193357411963,-53.44306798018315,13.376285,1.0936708,1.8823300770207412,-30.890455061930062,-9.201549219706054,5305.015
6065910237756266624,206.52395947897693,-53.263821919738525,13.381031,2.0582743,0.20897014978436823,-3.689676567141761,0.2728107987398399,4864.27
6065892744340424576,206.586417110941,-53.4688712707327,13.385832,1.0182962,0.7653188516398665,-13.116271201113848,-0.12929745304746376,6302.0986
6065896596939568896,206.63184449920735,-53.37211461365396,13.408659,0.96302605,1.3290487705549476,-22.707541161463432,-7.116903441676309,
6065894913312383872,206.76181984403652,-53.37619595448508,13.429596,2.5696926,0.21944210155237096,-6.882870103571256,-0.5436121518618283,
6065885666233815552,206.44432860022303,-53.367331096033624,13.460665,1.0543509,1.0810911411908322,-23.570113732191263,-10.323886581769393,5735.7817
6065909035165402752,206.5360948660665,-53.34563586202512,13.463583,1.0756254,0.8696053868993747,-18.22773659228272,-0.1782164818870707,5942.4575
6065914253539328896,206.54271983406747,-53.17452534761534,13.467098,1.0574017,0.8844511738366209,-7.76642213331972,-0.8605819376295832,
6065909340094214656,206.5516113666643,-53.30126257131541,13.490584,1.985384,0.27808299344457776,-2.1569586374628,1.3873452188573638,5189.045
6065889931150018048,206.3335684044711,-53.29281661452428,13.491337,1.6514387,0.5789751557507753,-2.2309008804423875,-6.605282726343576,
6065911715224620544,206.73927158404965,-53.213317271011874,13.499653,1.9146519,0.4026176021196419,-3.508347827664075,-3.187559774587193,
6065892783009239808,206.594962428806,-53.468219524299684,13.515358,1.6495075,0.3274637910710207,-4.923168069281032,-1.6600252415598824,4898.345
6065885356996769664,206.4444903746341,-53.390082601131745,13.531746,2.2291422,0.12664681578126993,-6.184175471370849,0.05038210246676125,4535.2847
6065891133740730240,206.32046441481526,-53.22938982089835,13.531837,0.5930929,0.5748122593216158,-7.6241732272205525,-0.221018603483974,9538.059
6065911990102565248,206.7244539425433,-53.18740069738467,13.5510435,1.7630634,0.3831718768760395,-5.353902611153439,-2.6372985850355932,
6065869074788784512,206.5190969520497,-53.522320961173236,13.557391,1.4764938,0.8653115094828747,-25.1479000216323,-11.661760930501993,4791.2676
6065899100894718208,206.7030344339224,-53.301060099259495,13.565432,0.9324055,1.3752825593377485,-17.24562257060622,-7.379934174633866,5917.417
6065844919891932544,206.73358487593075,-53.5154706180874,13.566741,1.8223743,0.4832324819136387,0.7730139321401405,-2.977763462284014,
6065897318494626816,206.57039616628617,-53.336484090343134,13.607618,0.91673756,0.8969670258820638,-5.885822100429743,-0.20398509451449579,7476.9785
6065914945040443008,206.4829819688772,-53.18361343677069,13.616978,1.7562523,0.368535519392486,-0.3955587326498211,-4.180089520076484,5089.86
6065889999869498496,206.33772089861722,-53.276815127246095,13.63559,0.9466944,0.8870336015014599,-13.863950429921063,-4.454748700211503,6029.315
6065869177868010752,206.55148343193375,-53.50939230622359,13.636629,3.4761667,0.10748376634121694,-6.347527963995,-3.2482916870119842,
6065892267612495232,206.7467192872208,-53.4690788402044,13.643187,1.0340738,1.5978621946191292,-3.293833080301799,5.111027747644887,5419.378
6065892783009139456,206.59323005805254,-53.47548028326527,13.660438,1.9749041,0.1871552686580886,-5.053316379057994,0.17751120445700275,4671.5347
6065885842340960384,206.31895722296696,-53.40712916852024,13.673037,1.654686,0.38750900087246826,-6.248635010993015,-2.2951558479508094,4862.9243
6065914670162515200,206.38871216238817,-53.201126471876684,13.695515,1.1361542,0.9413102320851415,-3.8524144245504988,-0.3378911576857946,6097.5557
6065893779440992256,206.78869676959619,-53.43574009148383,13.703203,3.254531,0.081772082970544,-7.054584163367241,0.3218769771396975,
6065887903925288320,206.248590945465,-53.350410896344655,13.730888,1.3985538,4.0306954263063925,-8.597118383095804,-21.438188992903722,4735.0225
6065871995366535040,206.42801135815807,-53.50297914963055,13.751429,1.0963478,2.264275825014452,-9.048950988707599,2.5488138307234203,5274.367
6065885601822968832,206.40510763896373,-53.383438686761174,13.754601,1.3283348,0.9479024004771537,-6.215782237429525,7.738762343665115,5294.596
6065889965509761152,206.3620023869356,-53.2814746667468,13.773833,2.1074266,0.21225402196253004,-6.183894555318316,-2.7714796099825003,4535.5234
6065910753152357248,206.5733487154404,-53.24217883863627,13.806579,1.8543434,0.36831479981824616,-5.1212367002786126,-2.450902887236773,
6065909305734464896,206.5248364384058,-53.32205055272192,13.807209,1.9731054,0.16715494695576347,-9.775383580737428,-1.956996766995756,5359.5737
6065890343466729088,206.27971815883734,-53.29742719231261,13.808268,1.8809452,0.2240250133343193,-9.176253181901323,-0.7830835488784252,4612.5938
6065892645569620096,206.65956069045978,-53.46125645460167,13.812348,1.1674471,2.518366538340098,-14.168638037881458,-16.826357913817382,5143.3887
6065873060518446848,206.4224140835368,-53.444640169195935,13.813278,0.9509716,0.8922271942020292,-2.448514933275968,-3.047953606297706,6470.5503
6065885047759094272,206.32326456899864,-53.41879826792283,13.830164,1.074769,0.8833859425838211,-12.081417290766234,-1.8551249250638207,
6065913811169069952,206.46650250047168,-53.195855600539005,13.842026,1.001483,1.212824109416161,-6.6187069202651,0.32407523814515404,6390.991
6065890618344646144,206.27027767109573,-53.26972770715172,13.845036,2.1402931,0.1679056585131521,-4.476363098612245,0.5404202020524317,
6065911612145441664,206.70286112501782,-53.18932440529419,13.847461,1.3561459,3.1697590813791097,7.203270383555585,-23.133652619728643,4863.9844
6065897902609630976,206.73076272923439,-53.36343838599453,13.848702,1.518426,0.7704984027752592,-15.267906681242561,6.7293097170828835,4925.6377
6065885739261936640,206.44825488211606,-53.3514973414545,13.849074,1.1007185,2.053410904927461,-12.691501300265926,-8.249809689494015,5172.2876
6065873094878179456,206.3954349734243,-53.44523771884338,13.85096,0.8598614,0.6804116267871163,-7.7613212734659704,-3.056853060279839,7116.0913
6065891683496934784,206.62391095326694,-53.51860466560419,13.878983,1.9683418,0.30540818085508176,-8.544823896798007,-0.4766150197871161,4800.0215
6065886014139823360,206.35201060477456,-53.377356012030326,13.903997,1.5046158,0.8338236852810685,-13.617738179590399,-1.9812626077081594,4688.314
6065872682561291648,206.36406126297842,-53.50122584512595,13.9087,1.0424023,1.9529975018713372,-13.920258018847674,-3.671218554475119,5554.831
6065888728559017088,206.21813765279532,-53.33099282619869,13.91908,1.4094019,0.6752884129500571,-15.528792376167285,0.6891328589850328,4959.337
6065890407878379008,206.28690124551335,-53.283935672099396,13.919894,0.97574043,1.0970405409230104,-12.653512771552977,1.7824299310341742,5782.7583
6065884983347487616,206.33327270867568,-53.43881857096984,13.940606,2.117054,0.21880365937139035,-5.914069940616852,-1.1694325134266346,4506.329
6065886357737215232,206.38610205099238,-53.36770691536904,13.941972,0.9993086,0.6747955623596396,-6.691965218829422,-0.6980456259535994,6358.117
6065887697766848896,206.25263813704134,-53.37038894757317,13.942481,1.9278374,0.22282748069824213,-8.850200211693688,1.1034476260552832,
6065886735694347392,206.38025370360387,-53.325093066382365,13.979409,0.7954788,0.7197331107724465,-3.9550917228663005,-0.49258242340016434,7312.769
6065911371627184512,206.64839318247155,-53.251804511514884,13.991956,2.382743,0.14790804027269513,-4.815832665441249,-2.0580584531073853,4739.004
6065884914628185088,206.3791998627297,-53.4204054777449,14.037088,2.1588306,0.17415212625850202,-3.0241512146468037,-1.9380303009944941,
6065909752413677568,206.59797896108753,-53.284690208663605,14.037793,1.0942192,0.6026692685989944,-9.071029412318563,-0.10021810627771899,6882.121
6065884880268445312,206.39746477148535,-53.43274162636728,14.039071,1.088316,1.0487021050955607,11.697563094883606,-8.176613290405239,5698.101
6065892989167004672,206.6963537620304,-53.45720814003626,14.0449095,0.98988533,1.2849456241478574,-7.803237389369217,0.9991523780810373,5470.336
6065898349286275968,206.78305422392538,-53.30558816076656,14.061716,0.9763193,0.8861365649016842,-3.4940143418062775,-3.2904532382027867,7063.6016
6065872167165247104,206.50697785185602,-53.4900557134347,14.062776,1.3042269,0.6600322415749791,-4.477059358107843,0.7460992807510342,5350.4634
6065885430024288384,206.49165341403113,-53.38222954002722,14.0785475,0.9316673,1.1625894111172845,-15.754063589411555,1.1783105443722701,5901.9253
6065910061648054656,206.45666236411856,-53.31460360995559,14.080193,1.0458584,1.0118400768399616,-12.793245734782015,3.3435593222445608,5906.761
6065892989167005184,206.70371097584712,-53.45477328260132,14.094377,1.1130133,1.9971119645401603,-17.242058869352398,-6.16479787390865,5533.149
6065909340093548416,206.53295075985315,-53.30803123453189,14.10226,1.1375351,1.1152973480649937,-26.850635333817888,-14.821817764020764,5754.649
6065872613841809536,206.37121505281166,-53.52178699563502,14.107062,1.7914867,0.2953933967748776,-10.417471937210667,5.393812211676179,4917.2104
6065911474696140672,206.6712490343283,-53.221243623167354,14.123045,1.0735378,1.456311832703791,2.318992508715941,-8.116911347538942,
6065911474706443648,206.6712679214445,-53.22148926365496,14.137419,1.0704451,1.4455861804532273,2.346967343818175,-7.845080903593544,
6065886873133315584,206.42431611765568,-53.29130162777003,14.146867,0.9984646,1.5687024624378891,-5.025100366109331,-1.1532750711268913,5337.8276
6065892164533277824,206.71421967889134,-53.48150099548857,14.161554,1.1349392,0.6558071777977555,-8.417511060003743,-0.0318307692218508,6400.7065
6065891614777456768,206.6337517345628,-53.523733503246724,14.176978,2.032671,0.19344273325081998,-5.212324355935216,-2.996384355086592,5353.6133
6065895428710289024,206.82431484946517,-53.342559683247764,14.177586,1.1008368,1.4434408083845078,-14.98607913005,-7.494612344576359,5721.0703
6065914841961226240,206.44638118722565,-53.170751026730116,14.185901,1.7876368,0.2792808235302929,-12.546278081762361,-5.1113245155718,5033.311
6065898418005764992,206.77259052860927,-53.29210708353089,14.202616,1.8671036,0.3091833462292042,-0.22615925332066045,-2.9948419101384847,4777.6567
6065872304604215552,206.54844293584438,-53.46717857267327,14.203097,2.8577776,0.09080634206872565,-4.54983113732393,-1.7862667246549537,
6065897520344195456,206.66849614549383,-53.33709594657122,14.214296,1.1509485,0.88065253550663,-0.9482920511984301,-1.0895222674424225,6048.895
6065891133740729984,206.31521108616334,-53.231304014585724,14.2149,1.8310089,0.24133864655570225,-9.04824151335504,-0.3808599838738319,4734.2583
6065893126605967872,206.7473908135275,-53.4192043389081,14.216973,2.2530556,0.2270811032555191,-4.523402219936326,-1.4982545233310862,4564.596
6065890309106994048,206.2577304209615,-53.28819038908985,14.221044,1.0565395,1.721973860463593,10.769213131261914,-3.422377795913045,5269.58
6065889999869496832,206.33191933349855,-53.281642550952625,14.233982,2.1314707,0.08367324017665748,-5.822631111786367,-1.6019025802620612,4950.0996
6065885670542455808,206.44162685261955,-53.36393752937767,14.234207,0.9981508,1.12226953249482,-9.293793916162588,0.03325488523272552,5882.123
6065910375195211392,206.46444959822,-53.266945075940086,14.254346,2.7527819,8.624663079634324,-30.289974527663833,-21.51434721634861,3418.174
6065889312674569088,206.30054483501416,-53.328412594772956,14.26459,0.9864702,1.2800910916126558,-13.771793444316566,-6.402025301051501,5363.156
6065889862430549632,206.37970821352403,-53.28164399041734,14.267367,1.0327177,0.6070985703958242,-9.075130717113007,-4.198882928448659,6467.929
6065910272115985024,206.45402819641396,-53.30194124629512,14.276032,1.5848093,0.5419975176903952,-8.40123171282382,-0.2260140168147775,
6065869040429121664,206.50633369692764,-53.53734015684838,14.28234,1.041708,1.0818254112616832,-10.453555691660158,-9.051847219026953,
6065909653640222080,206.6055840725574,-53.2861768241234,14.299187,1.9548378,0.2664333152026302,-7.002438984507437,-3.4845884387560173,4747.652
6065898383646011392,206.73971960524233,-53.311230929319976,14.314807,1.8505573,0.18516989263290154,-3.6349356742959564,-1.4504915442234292,4835.757
6065909103884881280,206.53075029538792,-53.3356746450037,14.324066,1.8479204,0.32496064975088107,-6.400886414779089,-1.2610740798406166,
6065895463068233472,206.84778789828061,-53.32667223104005,14.334721,1.8585463,0.3326268467764342,-5.398100685425273,-3.467059262051595,5375.055
6065894982031860864,206.75666626139906,-53.376108705574474,14.348411,2.3338232,0.14541678652768253,-6.18154490304825,-1.8655079364695144,
6065911440346693120,206.64020847483462,-53.23150664982133,14.35113,1.2113676,0.5521803348329806,-5.7858482568867124,-2.0503098661302563,6116.673
6065893332764401280,206.68477343343707,-53.41491532701563,14.36982,1.8817873,0.27873404747892333,-9.146897728165087,-3.108481629366058,5215.462
6065885326945056128,206.4102544473833,-53.404566989010746,14.374052,2.0080519,0.13774500997098793,-7.641646642236874,-4.377685023788391,4682.879
6065846569159404928,206.8060138262003,-53.47401444189269,14.374722,1.912077,0.30071684638735185,-11.155506602702225,-1.645620041277473,4824.8267
6065884394924060032,206.27886980708138,-53.42258861962977,14.380043,1.8208828,0.2962206465117156,-6.319718104724705,-1.3069508910387557,4580.715
6065871926647053696,206.42713367007312,-53.5150731954877,14.391824,1.2267666,1.5574681156216277,-1.3238206806704385,-0.9626987883734162,4930.4043
6065899620596640384,206.77633091670435,-53.263039960148,14.393138,1.0903292,1.0756449855198527,-7.705467309624702,-5.075328235036135,5878.5527
6065894123040210944,206.8711109439452,-53.40765016574572,14.394691,1.1388617,0.9919965680158903,-9.129665311728195,-1.922961007780096,5826.5327
6065897593372016768,206.663255910835,-53.32708913448605,14.396258,2.8288574,0.010179351575451625,-4.13132802203451,-1.3515350249025433,
6065892297663863424,206.76687818332448,-53.44197740352379,14.4046955,1.8194914,0.2652908708892914,-0.7414707427505489,0.2649534661289664,5316.079
6065899208279748992,206.72824632345635,-53.2921151259844,14.408299,1.9119854,0.17405610693669255,-5.4781045671829265,-2.842016429335258,4892.1323
6065892679929924096,206.59361941417308,-53.48091019812161,14.428934,1.068223,0.49348178272422183,-7.328139960847091,-1.4240260723609914,6162.3354
6065896218982440576,206.60969302413858,-53.38471070020327,14.431586,1.0919876,0.5198812439110704,-3.7235148043810593,-0.8095864514117672,6617.115
6065895909744773504,206.60356496786153,-53.432154181214656,14.437692,1.6326189,0.3904234443043483,-10.416239690396024,-0.3989946439332196,5108.5596
6065896081544029696,206.57490568713345,-53.4157228396532,14.442243,1.0002356,0.9960657525241459,-15.525861568370816,-2.587359064810278,6009.6064
6065914464004081920,206.3884922495615,-53.211748194733275,14.443315,1.029769,1.1983136476500957,-6.478536640783209,1.6329692800211313,6042.516
6065885533103491328,206.4138046669623,-53.38901352623802,14.445714,1.0046663,1.130034262025599,-15.34025008206696,-7.902234680441216,5879.799
6065872854360008832,206.42220029511802,-53.465517633435816,14.447403,1.9325094,0.13496769656986124,0.4421618450053376,-2.221944689890697,5169.741
6065897009256971776,206.5761771505911,-53.379001727068825,14.455019,1.8925476,0.2590805810597653,-9.595711396520368,-2.329821429047973,4811.7197
6065896081544030976,206.5715204350097,-53.405587366706555,14.476963,1.1034107,1.2763210461371775,-9.658241931220434,-3.776644989842886,5758.302
6065889724991588736,206.35598340383515,-53.30078965622471,14.4830065,0.9942198,0.6704783347354931,-5.724359510687877,-3.274126930076476,5832.3477
6065884330512461440,206.28118529516902,-53.435508101836184,14.5028,0.985302,0.9092182221663089,1.8965785573731182,-4.157238665875859,6145.7744
6065898211847306240,206.73558583834023,-53.326176855019504,14.504889,1.8992605,0.2552744520770224,-2.34309609240544,-0.7072668789658476,4891.418
6065896455192267520,206.67653333476864,-53.38469730535359,14.507706,1.9454336,0.27144265008630136,-5.5605972920263165,-0.5004483636804695,5377.8647
6065873301036633216,206.5013466910045,-53.429362938755204,14.512795,1.7436028,0.2111079801980787,-13.710549429163938,-2.842797179076652,4854.45
6065895188190300544,206.87011608695656,-53.357226715743735,14.51788,1.021697,1.1252623812347886,-7.246090151500145,-2.6212848133683506,5924.5938
6065896665659045504,206.6755332296841,-53.37082899391386,14.518773,1.1838751,0.9833219547328841,-12.335255087592124,5.56432669113876,5778.8228
6065914665856347648,206.39427517395802,-53.19552968567514,14.523135,1.0966463,0.6473263951167149,-4.8865996475290565,-3.5554652553908257,6827.994
6065892164535117184,206.72430203351917,-53.4781474339115,14.537295,1.197895,2.0520964181917436,10.743681141040868,-0.07676468371009966,
6065899444492190848,206.73377900924686,-53.26093744894827,14.538553,1.8436403,0.2992724804072905,-6.8022330749759625,-5.361870050003612,5122.916
6065896837458274944,206.55485094791354,-53.39772972198331,14.540074,1.0366659,0.674639564153742,-6.701586418440601,-1.1230136365110817,6297.997
6065892061454063232,206.7544802241987,-53.476922338817644,14.543073,1.8277264,0.28577909761857834,-9.498677529374849,-1.0698092273400546,5158.2905
6065868181435591168,206.58673127871168,-53.54102595593895,14.549608,0.9237728,0.5613124126434383,-0.6511226395301377,-6.699407685985167,7467.839
6065897176746790784,206.5368482829367,-53.36473226235478,14.549801,1.1681557,1.2677773884780004,-24.572771304668954,3.6309905841024146,4940.0117
6065911062389622400,206.59198765547285,-53.19627007004472,14.555229,2.409359,0.11916464412463862,-5.087233628815083,0.15489016523907395,4862.692
6065890171668205952,206.39037807391023,-53.24486228244983,14.561729,1.8122377,0.20702116273506688,-5.46196901369066,-2.759018278430589,4540.2344
6065886598255403264,206.44821796484035,-53.31835209684723,14.56507,0.992136,0.5550370104437504,-9.579973834481397,-4.5856293613607955,6932.501
6065893023526745984,206.68116014008163,-53.44663311035342,14.56516,0.96941185,1.2900170521710115,-9.02822007007805,2.1150355125422715,5558.6597
6065887903925281920,206.2341235211618,-53.362709975520346,14.571451,1.186553,1.6686981553723852,-15.80642733040719,-9.587867706925278,5150.091
6065909378762794752,206.5203194724164,-53.30955141141762,14.574734,1.8604994,0.3055747324915582,-6.805089425135499,-2.830310991266892,4638.5
6065889518833002624,206.29741889054594,-53.318287717139924,14.57523,0.8636389,0.6575901735351057,-7.278719751721148,-1.2012422501899092,6908.812
6065898521084962816,206.80748343702518,-53.31019506702338,14.592026,1.1309671,0.6092756427700955,-4.7413905486975345,-1.7386443949558374,7106.882
6065845057331048832,206.7608116907361,-53.5094220937284,14.595012,1.769887,0.41912870517697176,-8.756185607787936,-4.436561465494368,5024.2363
6065909275683574144,206.50717232587715,-53.32018811074505,14.595884,1.4733973,3.855828651091251,-5.018905399072527,7.904208217441603,
6065896180314347264,206.58304778684547,-53.39882398206398,14.596148,1.2388029,1.6893458027359887,-9.76488984431885,-5.8782915685317345,
6065896425140869888,206.70103358090736,-53.38246953159237,14.596423,1.1309834,0.8840359817677707,-2.2315844995300376,-2.3874643015447283,5875.146
6065893023526745728,206.67891368509262,-53.448093088907044,14.601478,1.248827,0.6982486206948582,-12.03017687119764,-6.4534278792528905,5879.9727
6065873399812208512,206.50721809749928,-53.424434312599594,14.606357,1.9265137,0.32294936637010035,-9.678067253319984,2.392284773870175,
6065892061454061824,206.74178511641728,-53.48317567615593,14.608077,1.2001629,0.6130262178866119,-3.5046274996539477,-1.604546333179521,6361.556
6065893916879950592,206.82204188935557,-53.41542658775959,14.640785,1.2080107,0.7689984360794874,-2.314919567036603,-1.7709413260818692,6025.4067
6065914253539505920,206.5540257398009,-53.175172541450344,14.6418495,1.8823967,0.22577169689059817,-9.674990522694253,-4.388068348409407,5222.9487
6065887903925284352,206.22671126732354,-53.35634285375325,14.64756,1.138586,0.8920536629780521,-13.592008259520071,1.3107372769030723,5966.6997
6065893160965707776,206.7209628647969,-53.417275604935796,14.648812,1.1071234,1.1476616396651411,-16.07714675591943,-3.5720276692868387,5386.4395
6065893916879953024,206.82757436302438,-53.410448808408624,14.662586,2.238923,0.2628942999018049,-3.9460419129025435,-2.7384661406228608,4499.0444
6065886701334607232,206.37020845943366,-53.327427806890654,14.677437,1.9353962,0.10566803430854066,-5.8343693507673695,0.1356303256000465,4827.7676
6065887594687624064,206.2261266284425,-53.39201729449302,14.68039,1.2807999,0.8794160047124564,-29.817627805931092,0.2806466235756543,5289.2944
6065897627731748864,206.59874391112734,-53.33663359122053,14.68053,1.9139633,0.27182259799844244,-7.44263867909256,-3.0173106817646063,4916.355
6065910611415650432,206.53412387580946,-53.26662457469864,14.683828,1.265132,0.8625096205802761,-11.297112195527555,-2.8727900426595165,5251.1987
6065899208279753216,206.72790375192872,-53.28888771293819,14.700874,1.140336,0.799545835935212,-1.5178994764514053,-1.0776439460053573,6352.73
6065891889655367040,206.7278874832543,-53.50281333667206,14.702337,1.3017969,1.0150180025668798,-10.404133380118806,-7.541894177340665,5420.8296
6065898211847297664,206.72312343482938,-53.3351063986806,14.710609,1.2208166,1.4898261449655361,3.7282301783613105,-2.57225439818449,5100.318
6065889617603724672,206.3003641578532,-53.29951515654085,14.730011,1.0601234,0.6476529622003935,-5.271580238269953,-3.9430341641692435,5810.6377
6065884914628180608,206.36670186906287,-53.42551167310854,14.737054,1.3231411,0.542436571095061,-1.5368705533618907,-0.9278621804940235,5434.014
6065871720488625536,206.44971909293668,-53.52115448900373,14.745412,2.129218,0.10116845171481849,-0.4125770516893183,1.5245526027568808,4918.231
6065868726883217408,206.4789013828528,-53.5374309860387,14.750916,1.1707163,0.6346501706547497,-13.651093692463466,-2.6669115669744063,5346.749
6065898482419479680,206.83467492680447,-53.30159346434789,14.762808,1.21844,0.947695873225247,6.837005551956834,4.332373832526617,5919.8896
6065885425716249600,206.47772012262863,-53.38657794027627,14.773357,1.6849146,0.303113865037533,-18.577259449360135,-0.29109638009966604,5156.7617
6065893332764401408,206.67431776106463,-53.415240628613745,14.7776375,1.0959044,0.4736526008622974,-8.061130469559362,0.5790045569005681,7112.7207
6065871892287313024,206.4028241849917,-53.51061547353242,14.784821,1.3373356,2.25154138213517,-1.7277474128114494,1.7084393152368664,4757.8486
6065911405986958592,206.67345462258862,-53.22790228718036,14.795422,1.7707777,0.2746546863550715,-5.599465172467946,-5.729863391662965,4829.3364
6065845057330898176,206.7812972938027,-53.49880396868873,14.795944,1.1710434,1.4423545862456761,-39.19956016684547,-15.049688639143397,5052.3687
6065886392096961152,206.41805093470495,-53.35332488856292,14.824116,1.0619154,0.9669827798248255,-0.4506380841872244,-6.077401475522716,
6065889209595350656,206.28577586507953,-53.33887914478786,14.826017,1.0850668,0.954478418766819,1.9139330349648391,1.2557247136614373,5423.235
6065911165468741120,206.66369625542765,-53.26062123659613,14.830175,1.156558,0.8112502530353456,-14.693022204669298,0.3377818114637604,5857.893
6065894982031865856,206.76157888263734,-53.366684201031084,14.836556,2.072732,0.10033447881917315,-7.499947347558626,-0.4493399017856851,5408.4434
6065890446545953024,206.30486933249287,-53.27293387484286,14.842122,1.0500422,1.1613693398263814,3.4798405610379515,-3.008116656522292,5323.561
6065895497427968384,206.82142378106738,-53.32973624568365,14.851151,1.1094284,1.2328562688057776,-8.247205905640268,2.0657591347224313,5790.08
6065890893222705152,206.3571966280075,-53.25791168378732,14.870417,1.6825323,0.1707537700753024,-9.486375652062188,-1.391368337624222,4742.455
6065872820000260352,206.40073186632034,-53.481357286800666,14.897535,1.8467665,0.21475775537008987,-2.6698557031489107,0.6119560396677216,5125.5015
6065895428708475008,206.82607835121723,-53.34723039128946,14.910957,1.9266834,0.23412667095800363,-8.36380325399799,-3.1075562943107844,4590.782
6065912569912330624,206.6324271723785,-53.171078401189106,14.925924,1.6884861,0.2483995010325241,-12.451920498481664,-0.12154376173781378,5304.686
6065893057886487040,206.69096857544864,-53.43822169591814,14.945143,1.230298,0.8062803060780833,-15.942571158219442,-6.8202125894053385,5621.4253
6065873197957410048,206.4783358151332,-53.44240297466419,14.94873,1.0305576,0.7863332095242133,-4.569341206929817,-2.9025572094382683,5896.064
6065868834270602880,206.51102435352743,-53.54961026414058,14.956608,1.0392075,0.8250368605353532,-3.419055268068049,-1.954988239585628,6128.7026
6065891133740879616,206.32301463189884,-53.21654309656766,14.96156,1.5772324,0.19312401728109577,-8.220067893080355,-6.111171472942667,5196.2085
6065899551877152640,206.77078245452603,-53.27127313739995,14.9633665,1.314292,1.8107239846065895,-14.549260345755899,-10.425573075920788,5113.5396
6065896493860358016,206.6974028083855,-53.36463421222036,14.967103,2.0268536,0.2380049282507997,-7.484478101932565,-2.4489400443546527,4671.455
6065898589804452352,206.8543040057625,-53.29348657094969,14.969329,1.6637106,0.5135507370448835,-10.134184723172181,-5.668747006649313,4379.2993
6065895428710289408,206.82116944558314,-53.34233064908381,14.972525,1.2527256,0.7708891417990575,-4.213608795120522,-2.557505434021736,5725.155
6065889347034307072,206.31939842270367,-53.32884476739575,14.972801,1.6797419,0.19888079036841158,-5.320598934658844,0.0491148280829061,5059.191
6065891133740730624,206.32025520341918,-53.228197310323665,14.974024,1.1140461,1.0408560165206144,-13.82465188247364,-20.184395674771427,5029.836
6065873026158700160,206.4080521559183,-53.45928310454552,14.976608,2.0015717,0.16668581200405563,-4.878341130323548,-3.653629295217849,4721.68
6065896528220078848,206.63803880706828,-53.396220828368946,14.978337,1.4766188,0.4711742009397719,-4.090878905922606,-4.673056451185078,5967.83
6065899066535032576,206.69509502646176,-53.30047106251821,14.98665,1.687089,0.3611160968525988,-3.4676199675487567,1.6209804135817718,5210.4136
6065889828070815360,206.42069099317587,-53.28909186832224,14.989201,1.8178577,0.21512154796897534,-5.00584242417395,0.5926245089578366,4955.3306
6065914292206850944,206.56004930717236,-53.16647173939496,14.993036,1.182498,0.6853527777563453,-9.053251306160066,-1.2462111195704544,5915.7407
6065893057886483840,206.69208674655349,-53.44855074778617,14.999318,1.3703918,2.014447807109714,-25.032046738731573,-11.91378928243008,4604.6997
6065886666974871168,206.39370982878728,-53.330280383760844,15.008722,1.7615366,0.25569347850698254,-9.310748374041335,-4.289764619101354,5038.619
6065873026158692992,206.39209033891052,-53.46961325468489,15.018868,1.7727604,0.2635526833951284,-9.90446204074803,0.5207699977205926,5238.0957
6065869006069324800,206.57758442622307,-53.504624785516185,15.028548,1.7692108,0.22715268572531336,-6.726423414175307,-1.737762954987006,5480.7666
6065914498363824640,206.41045873339687,-53.20788487343373,15.028658,1.1907187,0.7918676813620013,-12.0090674855714,-2.363547538036434,5905.1016
6065897662091495680,206.626822918575,-53.3263860116182,15.038611,1.1305523,0.36923732540089255,-7.6364026482458724,-3.763288007392307,7189.671
6065898383647805824,206.7517841180883,-53.30124793242859,15.041566,1.2223206,,,,
6065910508327953408,206.49650496857143,-53.252138807472726,15.046101,1.5947685,0.6686458553164346,-2.447530917101759,-5.435794529162928,4861.264
6065913428905717504,206.4668846012201,-53.24886541576257,15.062549,1.4501038,1.7644259728297718,-18.86267606011715,-3.7719228090214347,
6065909550562778624,206.60206176603342,-53.29770437696508,15.077575,1.3804779,1.8448310985439167,-23.889367902599997,-2.736448027686739,4754.2715
6065873644634020864,206.46823434027982,-53.40067279386396,15.088998,1.864871,0.11337497174530342,-4.963413984918226,-1.9131449489127994,5000.4375
6065885533103486464,206.3994623315177,-53.399276183812916,15.095643,1.2488136,1.7127904579704478,0.7829132412810127,-12.499447914276121,4992.847
6065899551877140352,206.77440292397858,-53.281764583036214,15.098546,1.8324614,0.2586888269980677,-6.440124475863147,-1.8395052092378854,4784.7544
6065897318494621952,206.56791574123724,-53.349886820385926,15.099881,1.2313976,0.6187361398640226,-0.45328467052627974,3.038310130637085,5593.173
6065869040429034624,206.49495492127505,-53.53773812161958,15.103504,1.1323128,1.1967178822202693,-12.70343563884872,-1.087368416390776,
6065909756719448576,206.59368900515761,-53.27725215438757,15.120876,1.8403406,0.2608577373921955,-9.552306552046364,-2.150146625212814,4844.919
6065911715214324352,206.73782598714465,-53.212183923041735,15.121253,1.809474,0.2546599804184514,-7.1473980634744425,-2.42245196990141,5206.8394
6065911268547993088,206.72850384193492,-53.23449085455369,15.124444,0.98702145,0.38446200409902564,-1.0135868056434894,-2.3601872059983515,7890.036
6065869074788787456,206.53555324450002,-53.52057885221767,15.126135,1.8173637,0.21066314635369024,-6.868643106467622,-0.2963177514582366,
6065892645569618816,206.64703311811735,-53.463937099550236,15.130072,1.1368847,0.7050168659204392,-9.828476941417673,-2.267447574477284,5525.321
6065911096749245952,206.66174163147875,-53.274037877044826,15.131502,1.2747736,0.9396834513379234,0.10486362652533898,-2.4196100014031554,5319.781
6065885017707230848,206.33496060587788,-53.428193420086295,15.136681,1.2348566,0.6675134485107657,-9.880839501287504,-6.660843090991449,5291.127
6065872029726283648,206.44265635202493,-53.48645254569972,15.138586,1.185338,0.7378297565424908,-12.877831541070428,-1.2152732311421912,5174.6904
6065914326566588672,206.53789163090246,-53.165963934542944,15.1446,1.2362995,1.0782288513431182,-5.194955279657275,-4.905216103217718,
6065887594687625600,206.2271060866309,-53.38905444765708,15.148865,0.9861021,0.65542545197423,-5.302073584579941,-2.3440546668638986,6439.798
6065910134677040512,206.51337731362332,-53.30100753951837,15.152503,1.8886518,0.20860347753721634,-5.762219910125824,-1.178115304356996,4675.3164
6065886323377478272,206.35264058585975,-53.34654911620157,15.164055,0.7513447,0.19419314907802152,3.6335195249152177,-6.608295983677572,7994.9556
6065910478274427520,206.47665582644996,-53.2669730669945,15.170239,1.9305601,0.17072548266267729,-6.532102858428378,-1.286332223990141,4805.5293
6065909550560991232,206.59476365233695,-53.3040587842722,15.170778,1.1595402,0.7661157608537625,-8.66159537556474,-8.1729786745503,5963.134
6065912264980450560,206.61656563622267,-53.20678961825458,15.179071,1.9491234,0.10648061835877466,-5.019605677526161,-1.1655961689976342,4914.18
6065887697766848128,206.23910078008157,-53.37145864101024,15.187409,1.5826283,0.3579167407912494,-11.030191504319586,-4.466585824930613,4921.7964
6065846569159401472,206.8044543558392,-53.47840862538423,15.188413,1.3306608,0.5768595727131764,1.2087884381389833,1.0144325434115795,5949.1943
6065895080802753280,206.7717976270262,-53.36160435024563,15.193745,1.1138287,1.1035368266257488,-9.933835306128412,-1.8609887191954857,5668.172
6065897352853819264,206.6119230735639,-53.36340905638299,15.194902,1.5056381,1.8707972169341716,-18.645700230435082,-8.18049029582794,
6065890034229241216,206.3501232261438,-53.267446734453955,15.200066,1.71943,0.18230026991470513,-4.813611217137038,-3.0453951377790873,
6065873502887001984,206.43807123588712,-53.41962254335509,15.203997,1.91183,0.1922913572458544,-9.671187996406486,-0.7653182275337459,5132.625
6065872953131115008,206.34809108245588,-53.47479889934406,15.213553,0.9847107,0.621891769250614,-3.3121205702489243,-1.1695575457029572,6308.6655
6065896803098532864,206.53753261705612,-53.41371733936936,15.220688,1.0202656,0.735602626821418,-7.918974888886438,-6.662703218741137,6392.598
6065884571030635008,206.24346836341783,-53.422938334679735,15.2303505,2.1206846,0.08525302036505031,-5.675534379625204,-1.2195344262979155,4725.6274
6065892267612496000,206.74749348135595,-53.463858939849146,15.230573,2.386796,0.050629374600994814,-5.194151611019305,-1.102795381204036,4778.486
6065890034229236352,206.34248158913192,-53.27964833309636,15.236967,1.1094561,0.5031976416380326,-3.6852318331256426,-1.9076214020660767,5695.5493
6065884777189056640,206.33876299460337,-53.44052188406736,15.238244,1.8727303,0.22608572570215255,-8.319411599282892,0.37904791783281255,5007.9673
6065868147075846784,206.56835749657844,-53.548476724652296,15.246238,2.0239258,2.904873154882883,-17.937216369573544,-7.113242627367503,3946.2427
6065884880268445184,206.39337590948264,-53.431005613411095,15.253719,1.7912312,0.20918867765196755,-10.032976811111011,0.21464120039057194,5202.268
6065893848160472192,206.7796292144969,-53.42294327990574,15.270319,1.8219109,0.15640756665516597,-10.50426281351062,-1.7990032975062427,5652.3677
6065890102948727296,206.3906770209168,-53.25942156590466,15.270671,2.1000204,0.07474176984468923,-4.890669719165087,-1.5650297710781484,4785.537
6065872545122384896,206.51586086606048,-53.44898033730207,15.282141,1.2060032,0.4388365648917937,-6.042857771012835,-0.9082711804639885,5600.707
6065895978464808576,206.549699963359,-53.440079836654924,15.28239,1.0117435,0.6809913185425515,-4.007713351474218,-1.332419787426688,6242.08
6065884330512461696,206.28606491833514,-53.434750495911054,15.2838745,1.117733,0.9443056233283936,-8.073802250500167,-1.9847505424140826,5154.6533
6065872064086019200,206.48450002713182,-53.51294275406552,15.286835,1.9939909,0.1518473411285436,-7.6018646719935274,-0.856923671090623,4446.1294
6065893264044918656,206.68052088404747,-53.43202924871899,15.289357,1.1743965,0.6697821481441111,-7.595266204129583,-4.671651111144082,5724.1143
6065871995366538240,206.42269883074758,-53.49270404752342,15.289668,1.1588278,1.1723968144282344,-10.273440255299674,0.6636924809966844,4790.384
6065886632615128064,206.37440965423622,-53.342701661041,15.298038,1.6989346,0.149086601298288,-5.4482348702493,-0.9089734077810149,4713.579
6065884399231949952,206.28350951508577,-53.40600828898321,15.299989,1.194952,0.5994475026278263,-8.659887187831908,-7.277856301431446,5642.156
6065899242639510400,206.75879992537253,-53.268872907027436,15.3041115,1.7790232,0.3909701700082173,-8.108033992499092,-1.1817716346091398,4777.3843
6065914807601481088,206.41631914715788,-53.176133433064436,15.305733,1.3101549,1.5697378938240758,-39.25344949616909,2.957067980627679,5355.3506
6065894432276049152,206.86275498357918,-53.36813627872411,15.307867,1.2716522,0.7549676890518279,-2.6507207905253236,-0.9057663745891612,7428.104
6065872201524989056,206.52094396794553,-53.48750342726262,15.307956,1.1008749,0.6393618693648053,-5.809947223817112,-4.249919620175795,5691.5767
6065914051687296512,206.5559518704722,-53.18254269988783,15.318087,1.7897921,0.13726307651763406,-7.564652213874026,-4.764123517187095,4870.67
6065891511698241024,206.6806975550284,-53.52585908771553,15.32612,1.4378872,0.4870691504492631,-7.1009795775870685,-0.33485625726792123,5333.1
6065871961006801664,206.4528373901297,-53.504661966515734,15.360717,1.2494965,0.5757234810187052,-3.407098713537626,-3.7673303969811363,5480.1255
6065885601822969216,206.3975105742136,-53.37859258652279,15.362028,1.8839655,0.15043641106778577,-7.3878907348664,-0.7746358870078414,
6065896081544028800,206.56864298965115,-53.4162866154252,15.367444,1.2330093,1.1127196893834528,-6.466194954220231,-0.7242797240107374,5595.501
6065886460816439296,206.40699098461766,-53.3421669598329,15.373523,1.5679312,0.42220574626441587,-6.775718930085509,1.4125340450381878,5156.6484
6065887938285026304,206.21452130139085,-53.35232743621457,15.382536,1.6338673,0.16251213354972543,8.404566771196087,-5.123621997683466,5623.8916
6065897971329112960,206.711902653781,-53.35410904932967,15.387344,1.2046881,1.0120182423257469,-10.353038554606888,-13.764190140381363,5956.0015
6065896322061640704,206.6398072056583,-53.413944205360565,15.389186,1.9572067,0.2475892543852319,-9.555652956123152,-2.3815642936350185,4647.6787
6065909172604352896,206.48687167558157,-53.34412717982452,15.390545,1.2110271,0.5633782849712897,-3.157054740841981,-0.33375035852051405,5847.833
6065873335396373888,206.51004876489125,-53.42656865563762,15.399761,1.165452,0.8808127358737036,-25.144505533338457,-11.158568680873024,4780.711
6065911234188234752,206.6917992642385,-53.24859668356628,15.402363,1.8525944,0.18015542587106112,-2.6995459504257786,-1.8474861014566957,4931.146
6065893401483878272,206.72309912191724,-53.41323343096058,15.403878,1.2546272,0.7771097353320062,-11.463593867615149,-1.5077603282225418,5278.938
6065872923079557376,206.3836424598799,-53.470488615065,15.410808,2.1082678,0.09243391518602412,-5.158226178920456,-2.428873959793275,4739.631
6065896871818009856,206.52599474738844,-53.40693049853955,15.411997,0.78768253,0.16280281732184926,-7.98969342217388,-2.0789817198329326,8837.658
6065912368059673600,206.68589371702078,-53.19754281490855,15.41678,2.500247,5.692447473806936,-79.53169057543104,-7.598195679209122,
6065912604278599040,206.66422003476774,-53.174615313878476,15.423472,1.7645597,0.1672865339070312,-7.163481187212392,-0.10801151229435482,5012.5635
6065911337267474688,206.70922725001807,-53.231935379877754,15.424135,1.1370516,0.8005285835758865,-1.8296660986066464,-3.407549118835596,6123.3853
6065885941112318592,206.33958321002723,-53.39318027535155,15.425218,1.8516922,0.23029230295148337,-7.546725518889727,-1.029103966485108,4601.0283
6065914429644348800,206.4147511896762,-53.20790076090937,15.425482,1.2416058,0.5579306526206819,-4.515303576611718,3.6639859634016982,6625.81
6065890068588984064,206.38691420042315,-53.27262892855067,15.437255,1.9862003,0.03043609332392711,-5.723572378360404,-1.9326569432016563,4766.24
6065912505498643200,206.6214901468759,-53.189861210454964,15.449893,1.2210846,0.6563975976715433,-1.984513907331588,-4.7019370186731315,5836.46
6065873369756107392,206.48543714131424,-53.4277467712466,15.450419,1.5278568,,,,
6065894947672122368,206.73755223876026,-53.376942910215654,15.45244,1.1187372,0.4861653346755403,-4.269856430616103,-3.089777414739037,6957.9014
6065872716921044608,206.39151573432875,-53.47723845046981,15.452529,1.862256,0.2869997298530522,-6.956691860514444,-4.441341089308445,4698.4346
6065891889655368064,206.74988815230617,-53.49766472437729,15.458775,1.318924,0.32504362028749756,-0.5026603239155457,-0.3334349779468279,5512.5957
6065890171668207232,206.39635068265085,-53.23688343049576,15.459078,1.2917223,0.598431231205893,-13.702624826746861,-3.1188961021172554,6349.334
6065890240387651584,206.25708078714433,-53.30277241314976,15.470702,1.463027,0.5356292371540331,12.016545915884919,-7.701744940215765,5530.513
6065899895474576512,206.75052641997598,-53.244735200111506,15.474935,1.2883558,0.7123884361635272,-15.340320044066443,-4.4821076236602515,5527.499
6065898383646013440,206.75405314630078,-53.30794589954884,15.481272,1.1888103,1.075449620109393,3.1855018138808853,1.9443579488581821,5250.8877
6065894844592906368,206.81305247842195,-53.375981022467386,15.490637,1.9511013,0.14434513079893502,-6.588146129916758,-1.2800482339229675,4924.929
6065912402419417728,206.66210020651582,-53.19422862819283,15.492865,1.2499285,0.5804888213200031,-11.223859539954816,-4.238327283768298,5450.0273
6065890377826474240,206.3110648597947,-53.278266277406765,15.497832,1.0856981,1.1222792415822462,-9.870120124254242,-11.27470029660563,5616.148
6065892267612496128,206.73205837263043,-53.46400707749525,15.5028925,1.1670694,0.5773421042652258,-10.431091634730826,-3.9669496446179107,6873.7837
6065909408816287232,206.54190861790656,-53.29154229447594,15.503913,1.2724323,0.9647644870631227,-17.798769501853474,-1.4811289422782388,5578.4785
6065899139560267648,206.7471356916162,-53.296282748049514,15.50661,1.1174784,0.6184972192392407,-15.267994240970303,-1.2357102566992504,6359.1606
6065873232317139712,206.4512944697775,-53.45606501458116,15.506965,1.0790129,0.6733979767818087,-3.720116598115013,-4.179205533625033,6019.9844
6065846603519150208,206.8282235257535,-53.465990706008085,15.51058,1.284133,0.6363153162092571,-16.2566815626488,-3.1125959271014443,6726.2734
6065873507195053824,206.42531487939735,-53.4231373581691,15.514116,1.1470585,0.7305730237354052,-11.107163008498114,-2.5322005932257494,5923.5107
6065892473770920832,206.60483307385144,-53.50044729607158,15.51842,1.2947197,0.45737464573702247,-8.881768914000297,3.7452410251174957,5785.4033
6065911440346692096,206.6302876647099,-53.232302825165995,15.518877,1.2710581,0.47720961754372626,-2.4143858145172326,-4.276280846670204,5767.9263
6065894019959176192,206.8275887947808,-53.39409572142395,15.519399,1.9398537,0.07622750543730589,-7.145351897361523,-2.906120158798748,4879.234
6065871823567830784,206.41472600297345,-53.53060727526638,15.521477,1.3055019,0.4755520607293505,-3.7612047349398265,-2.980327099020763,5240.256
6065895841025294592,206.61424463528752,-53.44182183145809,15.5253935,1.2077475,0.9831102209318999,-20.836445796811663,-9.463197461971163,5030.9297
6065895218241087104,206.83419814063174,-53.35780536300832,15.531228,1.9677324,0.26144865283844576,-4.119854550754109,-0.1796975416168477,4742.989
6065899517517457152,206.72702599397024,-53.24395187941151,15.548549,1.710021,0.39606190076816944,-6.624067739349162,-2.397119543314827,4800.43
6065890618344647936,206.27063179737954,-53.262545937062676,15.54909,1.6789303,0.16484777665390812,-7.956883972205214,-2.6228513897552994,4949.1704
6065896317753298048,206.6479934586177,-53.40248687916579,15.550798,1.5779238,0.48466022830344296,-10.438830579664394,0.5653773962219054,4988.039
6065896833149378304,206.55769354668314,-53.39712384381585,15.552548,1.0549364,0.7611777051535442,-6.749354701980382,-1.1593372338032353,5819.078
6065871686128889216,206.4715989539838,-53.526142840843804,15.561546,1.2935991,1.1138773978714267,2.7379679553402214,-2.7751528853487843,4943.0527
6065889858128471680,206.39492427741848,-53.28524498859055,15.563951,1.3796663,0.6351603950273209,-13.399990303820822,-8.296098298711833,4927.9556
6065872373323684224,206.49775802557264,-53.46841648967372,15.575976,1.5943279,0.4230852225521412,-5.444779550579474,-1.4038661439816156,4958.7544
6065893465895024384,206.72352067867212,-53.39046901200975,15.576267,2.0253534,0.20811427849516406,-6.1401814171887565,-3.61875547206344,4783.0996
6065914532723573888,206.44797763522138,-53.19265582641473,15.577239,1.2315884,0.6982384146900344,-14.809559574655822,3.3547211722513746,6021.135
6065897284134881536,206.5626594455615,-53.35524267267223,15.5782175,1.8919353,0.16034011135758508,-5.437422159951753,-2.0377454021858727,4686.024
6065914322258990464,206.53060103949312,-53.16638801464887,15.57964,1.3955908,0.9510037929409721,-1.7345137853332109,-4.324797926280591,5527.748
6065890167371306752,206.40237580620635,-53.24631835604039,15.587603,2.147172,0.049950989993019224,-6.736863731790377,-1.0872214409583836,4826.0156
6065893538922815488,206.81461901523457,-53.46141244005207,15.591804,1.7333298,0.2482703974891574,-8.126325924577102,-1.4858010242061674,5110.3965
6065884394924075520,206.2841479293983,-53.40926624580206,15.594798,1.214572,0.5491640421433911,-5.328202008408641,-8.429966581541438,5970.91
6065892095813804672,206.7769418490357,-53.461161337964846,15.599216,2.1161003,0.0017081210947871052,-3.8064862725769815,-1.0897045520485125,4805.192
6065914979400186752,206.50335062457728,-53.16335455980363,15.604243,2.2385597,0.07368021073177818,-4.26836694178422,-0.16327829819723866,
6065873678993805568,206.48427311158466,-53.39665358066076,15.604617,1.1282568,0.46916208078866983,-2.615292231894842,-0.39590701632708036,6570.3403
6065912539858386304,206.61504358365968,-53.18736689976852,15.60915,1.8023348,0.14465823534111866,-5.557374855426107,-3.460162204726914,4856.7935
6065895772306378752,206.56953799199468,-53.44824427003534,15.61125,1.1756144,0.29973477277305516,-4.417739416831806,-2.020615649063487,6159.488
6065885807981217792,206.31493789270004,-53.41810629861329,15.611991,1.5964661,0.3512640675611586,-3.9795982363718387,-5.538520815263835,4685.9775
6065910031597819392,206.49724412423058,-53.31162963831263,15.61448,0.9751587,0.23141426094598255,-3.1928869279817755,-2.175442988730548,
6065915494795904000,206.59407361704632,-53.175823249304415,15.618737,1.2284527,0.749300001242358,-7.232823604969043,-1.4232127376904673,5819.8384
6065872029726285952,206.44750506660625,-53.48165369077884,15.620182,1.3588972,0.5540937829965373,-10.312813720893676,3.7352998123330936,5186.3735
6065912505488363264,206.62896837771603,-53.18851305731983,15.625132,1.1794538,0.6590710026473219,-9.389165804275672,-6.3054617549142495,5444.812
6065898314926530432,206.75884010340772,-53.31397870575513,15.625239,1.2440195,0.6444538888342148,1.102091277776561,-0.190091930244483,5854.2603
6065890240387511552,206.2681450567958,-53.308779829909035,15.628195,1.1326418,0.3567608818512811,-2.111107468853967,-0.1686978678239693,6022.434
6065896184623247488,206.5774973139476,-53.40104963092227,15.633989,1.1926823,1.0000732989845569,-8.327827910915417,-4.255794371894092,5435.097
6065910375195210240,206.46318810527865,-53.27349458519199,15.635297,1.6809092,0.1732831626606465,-6.408553559458526,-1.1483897582738507,5096.0527
6065914498356167424,206.42729286898594,-53.19756540510484,15.636097,1.7182837,0.4192562796845872,-5.573428808776877,1.1670652836438,5086.343
6065913673730104576,206.43967854569868,-53.22035051639535,15.641253,1.3355064,0.9873677772225061,-0.21216287312554782,-2.315111645494166,5295.1196
6065890343466728832,206.2880338844732,-53.298318806437486,15.64596,1.1014786,0.74359940890492,-2.814454304321906,-0.40900096493963195,5749.104
6065909030856546688,206.53458105551857,-53.34119232892543,15.647471,1.6110983,0.33630825016152893,-6.196898619704216,-5.069236784765931,4846.132
6065913295773047168,206.43178595938397,-53.2748520909465,15.648925,1.8131418,0.22108977625348825,-9.281593544227055,-0.7465663161146318,4736.0522
6065913742449593984,206.48263746068247,-53.20187252414145,15.653526,1.5150509,1.0712461683678187,-25.022476095453506,-2.901277785012659,4829.517
6065883501570812160,206.29880284417186,-53.46067334170652,15.656831,1.6022816,2.392213778403145,0.1996817884917127,-3.5527661751828803,
6065915494795910784,206.60736909407862,-53.17132662942837,15.660127,1.6413746,0.25548384631108173,-4.300129008296418,0.1803149687652823,5464.9746
6065895909744774656,206.59531486903262,-53.429373433645836,15.660439,1.0737801,0.6529173604373644,-4.934471512899696,-2.844200000325186,5830.516
6065915494795904384,206.58562678591164,-53.17586315378404,15.662135,1.6813345,0.22332351053482774,-1.6792571112958103,3.907490350838528,5247.2856
6065869280947231232,206.54909301867423,-53.492779249882915,15.665506,1.2620411,0.5703940216430803,-4.754594863906641,-0.1416335508098588,5665.052
6065891546057982080,206.6901997945747,-53.51349926272266,15.666723,1.1822863,0.6727138580357456,-14.166540291685298,-5.827667004340972,5739.256
6065910714486404864,206.6138098099083,-53.23065771719175,15.668906,1.2076473,0.8686004712446594,-23.863079326218624,-10.891115238938394,5907.105
6065893607642299136,206.81367393481827,-53.43994008940392,15.6745615,1.8252172,0.11855797576496499,-8.707061182497705,2.954004497860416,5510.202
6065891889657208704,206.72768928218355,-53.50123428883732,15.674707,1.4907894,-0.210900022301984,2.0332953958741,3.4775059345178327,
6065889862430547584,206.38369143716872,-53.28790691504997,15.675227,1.2852077,0.7783863136236298,-8.579314456061804,-8.924094597354525,5577.5415
6065896150262953984,206.60826898149276,-53.40480295511252,15.676424,2.0732193,0.09497728583755528,-4.4531116832379,-2.0860149482706536,5069.4106
6065899861114842880,206.78186587685582,-53.24090676731045,15.679428,1.6244497,0.28481672583491047,-2.294073362818882,0.5440478057516825,5222.493
6065890652704388480,206.2797930641934,-53.25665738014177,15.680989,1.8622131,1.8516534152970487,-3.259254072260194,-7.759334345880026,4193.284
6065897627731735808,206.60459588474995,-53.34922082656369,15.690752,1.2521124,0.6476556934378943,-7.918940451937301,-3.3950052966611466,5187.0283
6065889896790297856,206.41624146956045,-53.268961575897315,15.6909685,1.6288147,0.2744452695513999,-3.9601792239445435,-3.1081673241357897,5262.3613
6065886117218880000,206.30123234689052,-53.37861594866559,15.693719,2.3721828,5.732499953556164,-50.810458210222116,-32.498945907580335,3625.9438
6065885979780089728,206.37281668199566,-53.36994261032362,15.693964,1.7309074,-0.12752357109986423,-4.478340688708272,-4.2381527654272375,4990.225
6065890309108446080,206.25403825148055,-53.28692467858432,15.694828,1.6586447,0.27667065705611205,-5.48438717783601,-4.064813695706697,4936.425
6065885150848846464,206.38320917112648,-53.403263639434314,15.702902,1.2241535,0.303263111243706,-8.270168952236117,-3.7702884701627304,6438.299
6065884777189051520,206.3383300535717,-53.45234621384247,15.7031555,1.1907873,0.45500093571643874,-5.207815855096772,6.254786320417043,5383.2734
6065873301036628736,206.49061439329355,-53.4386165976096,15.704408,1.7802763,0.18028387429505227,-3.688918415875881,0.29157530359866246,
6065893229685178112,206.66206553148538,-53.441330327575194,15.70603,2.3391647,0.08917991030496067,-5.3004618037345566,-2.092202253417358,4891.5547
6065894810233168128,206.7943878506351,-53.3762863277257,15.710454,1.2802916,0.7573297811453603,-2.686419714725455,-0.634737214979819,5702.8486
6065912505498643584,206.62865524489723,-53.18923665635317,15.721266,1.2782812,0.601109077989437,-9.31876751486108,-6.189456796860359,5909.259
6065891546057981184,206.6851028427475,-53.516416838005604,15.72335,1.8726358,0.20035090952413256,-8.965874894157672,-5.613514474827804,4880.402
6065910237756264832,206.5286437910546,-53.27241263529478,15.724069,1.3895617,1.3047218257040316,-14.13703470063202,-9.130272956091527,4693.392
6065892783008572416,206.61064321295436,-53.46522254260688,15.727158,1.8597336,0.045856322005200206,-4.095736951119558,-4.712296145315692,5064.056
6065914395284604160,206.40422893598333,-53.22467914268812,15.730865,1.3054371,0.5639536481917414,1.2118937278641686,-0.4068656497868931,6627.2183
6065910065957552768,206.44840570984053,-53.30910989325097,15.73602,1.2622375,0.48993037042525034,-8.06375842059104,-4.018566509440617,5494.199
6065889621912223232,206.31310782461063,-53.297428097645394,15.747639,1.1109695,0.46001186283010703,-6.349400962505562,-0.7706225379854672,6031.904
6065909550560998144,206.58563520759998,-53.29694589761003,15.752984,1.3492479,0.312886586954523,-6.8934641103628405,-1.2288821452615195,5612.129
6065883471518988672,206.2872763415711,-53.46791782085037,15.753971,1.2228947,0.5670544904754788,-10.824934244136045,-4.370054708402366,5701.919
6065892267612494208,206.73948259241715,-53.4737536008948,15.761732,1.2916155,1.0382627085989904,-1.3450534042463476,-3.157214693333814,5190.603
6065897181055663232,206.54342870179235,-53.3662897087263,15.765506,1.2232895,0.5574754166628221,-15.422976573825972,-9.127830415420537,5881.8647
6065899173909662208,206.75356433243988,-53.28322218064207,15.76811,1.9894047,1.3732528404161994,1.2204182363373244,-1.8788694060901956,3748.023
6065883540238469888,206.26445268301345,-53.45531015554788,15.770332,1.1133404,0.8169089693434068,-7.959023500404037,-0.08983497224648693,4934.035
6065895802357185152,206.58702673175713,-53.43476873058902,15.771899,1.755619,0.3681747894144115,-3.409645671610517,-5.302725061285084,5330.5215
6065889896790294400,206.40859685803719,-53.27685941893958,15.77455,1.7887526,0.15271929593189587,-7.499991979261811,-1.7918638312811108,4739.558
6065886181630507648,206.30328939901298,-53.37004541105196,15.782421,1.2810011,0.9748667789327542,-6.1452641997496205,-5.5568010654869475,
6065895115162502656,206.803422309441,-53.347997696659604,15.78273,1.2741461,0.8349588132823729,5.040160011866869,-2.9225943131819374,5315.7173
6065897765170715904,206.65119191749508,-53.31865416809535,15.785063,1.8189869,0.18401528778943052,-8.136403812418441,2.1381206755861117,5256.0674
6065898418005761024,206.77528880086606,-53.29584193724041,15.786544,1.3559608,0.9850949447834569,-15.974810725008174,-7.519115559219141,
6065896906177751296,206.5436610290683,-53.39394593211033,15.786975,1.5715027,0.3686926422400368,-9.28704158289426,-5.249931975498086,5289.193
6065899483157688960,206.71112616757097,-53.264097930690745,15.7934,1.1769485,0.7660033189065352,-9.200825485345716,-0.4395431800509641,5520.333
6065897799530463744,206.66001585879258,-53.30900856264837,15.793877,1.8991041,0.14475252597611402,-6.1553953571209625,-0.893006258358067,5002.178
6065873060518442752,206.41747947186425,-53.45055226030223,15.797664,1.2144308,0.5700714767565371,-1.6455699319876484,-4.877419261551754,5152.3843
6065889724992939776,206.34954831211894,-53.29983433615988,15.800612,1.1816568,0.34245666464651536,-7.255257938744709,-1.0680504056177633,
6065889278314981504,206.3407280929873,-53.32779012883703,15.809315,1.8822489,2.300094620535264,-16.30025316893031,-18.91664404814796,4281.0854
6065872132805505024,206.48874808696354,-53.49031844828955,15.821167,1.1520443,0.366346501795708,-2.9268081598710074,-2.3774408520830983,5910.1445
6065873472835322368,206.46848667968914,-53.420714118050974,15.82166,1.8045502,0.1836341206694621,-6.543655338428224,-2.4673482332192678,4888.784
6065871961006800256,206.4450013444331,-53.502907590761374,15.82747,1.1984339,0.6932592605244271,-9.807065618557045,-0.9417323347810338,5708.5933
6065911302907724544,206.69570487021488,-53.240541488341115,15.835456,1.178422,0.7746386561954273,-6.957757575490913,-7.434386494933461,5867.6934
6065894329196822400,206.8639792995794,-53.39072384513738,15.835782,1.3803692,0.7775744619718534,-8.321059201250423,-6.369550768836476,6342.161
6065911921383076096,206.73779031543452,-53.19467139970697,15.840856,1.8764591,0.23056120091086058,-6.607688164534828,-2.308893064375268,5121.8867
6065899551877152128,206.7777743192843,-53.2714227948023,15.8412,1.8091412,0.13604611591714008,-8.711806621460152,-1.795264821298665,4913.959
6065885361304800512,206.42983484729126,-53.39438682798245,15.842544,1.254509,0.6123424669508392,-9.093623700204951,-1.8534595009943202,5042.6895
6065892851728053504,206.6471870988527,-53.45040982060749,15.849656,1.727088,0.325815747206856,-7.579950231916374,-0.8639664352476766,5373.4204
6065889999869345664,206.32528081255182,-53.29420675092335,15.850661,1.2707653,0.5836818897768427,-5.562086619014357,2.4792775605355346,5789.696
6065894982031867904,206.75314768350083,-53.36453972047535,15.851669,1.4628115,0.4931237907373584,-9.88489928083427,-5.16021573605148,4922.707
6065898795962886784,206.77848420130684,-53.2920449174683,15.851849,1.2780123,0.9126587536143101,-2.3945317591324367,-6.498485044543713,5507.526
6065909791079668736,206.56303383144174,-53.28026776461262,15.852177,1.1879187,0.7017915721909604,1.0060879285749256,-0.8811006727650627,5854.2188
6065873438475573248,206.43232280994823,-53.438345371624,15.861184,1.181921,0.6897930568277948,-6.745631151216192,-3.4424995345348277,5804.5005
6065898761603152768,206.8088376238645,-53.28706788520051,15.862475,1.2843189,1.0029857539266112,-3.816199479272064,0.9659033719245242,5383.746
6065896871818009984,206.53129241153468,-53.4084705919196,15.865694,1.410121,1.5983091052427718,2.00200998730545,15.821866511981643,4617.4
6065891958374846464,206.72046293591671,-53.48982515288976,15.868527,1.7197227,0.3265148551350333,-5.7508502924114655,-3.351593733501147,4734.0273
6065844954251674752,206.7478938612845,-53.51008023099716,15.870906,1.4867706,0.9842514987289143,-10.031951152017296,8.047623543970417,4908.534
6065909894158423424,206.6276372931234,-53.26086870306141,15.872468,1.7820883,0.39423651828676753,-7.64594183896276,-3.1040266377986603,
6065913605010623360,206.44891909783595,-53.23794465453998,15.873101,1.2324209,0.2982163887842755,-2.322685005512105,-1.9995226905325048,7198.3833
6065897352853819904,206.61356152958155,-53.362280429462814,15.874967,2.0558176,0.16238627790881657,-9.056910282291124,-2.4321422146867713,4677.858
6065913570650880896,206.42034120130026,-53.23952826508563,15.878823,1.7705259,0.18651101825651759,-7.286301030905603,-2.8746668199108694,5469.0146
6065909481841507328,206.60851575752662,-53.31180414178686,15.879027,1.3176203,0.6599978344432839,-3.8489372565449678,-7.162085589773657,6564.896
6065895772306377728,206.55125805368922,-53.45152462719763,15.882197,1.2990627,0.4911727615276862,-8.555317362002478,-4.994250234261569,5491.9526
6065898349286279296,206.77880575214664,-53.30218469376636,15.884158,1.3560276,1.2599087252746053,-13.693928364589475,-9.551255352380874,4988.143
6065897387213561472,206.6277987756371,-53.35521216378932,15.885685,1.5947104,0.6322823845372606,-14.373292034488953,-0.8515154080498855,5645.6875
6065898452367274240,206.80961970775954,-53.324370181299756,15.890363,1.3201056,0.615682520975837,-0.3521647343665808,-0.011451016318589243,5547.883
6065895531787718400,206.8443801174162,-53.31587208923943,15.890982,1.4335194,0.3742854058522016,-2.5431959290379247,-3.474548686143199,5288.7686
6065890824503079680,206.3207361192566,-53.25658210618685,15.892421,1.2971096,0.8224066346587878,-6.325180891702716,-0.29291408223197835,5350.0435
6065884399231944320,206.27187439407624,-53.42024717454141,15.897509,1.2988482,0.26065370745036975,-5.4350555047592,-1.166053631329531,5229.5767
6065899002121291264,206.69143237904177,-53.324723937244364,15.899402,1.3396759,0.4597002873132295,-9.282344316778866,-1.1411959953805297,6355.566
6065910890591306496,206.52580847903715,-53.23079614784697,15.904807,1.5859566,1.7787523382738715,-6.441765743219452,4.806199668315415,4425.1343
6065890034229240320,206.34636105601797,-53.26916717815028,15.911803,1.2920189,0.35581233886042324,-8.554306168972571,-2.2922340593628716,5104.6597
6065911337267494272,206.71327013709467,-53.21709919582847,15.914432,1.302599,0.7733349295619949,-7.681635482399698,-7.5750861281027095,5506.658
6065868868630352640,206.5326310946824,-53.53130134982521,15.915801,1.3137865,1.0799998038687986,2.5097495553507767,-8.15027832015744,4758.8203
6065897833890203904,206.62664843319845,-53.30747762820561,15.917559,1.3637829,0.556282656578255,1.4739333109351374,-5.520133439188365,5549.421
6065868864322174976,206.54266713460197,-53.533881728812624,15.922506,0.9998913,0.3114243589541347,-4.1712481131322345,0.13445726088500642,9050.219
6065911096749236864,206.66057332530767,-53.280981857159894,15.924372,1.3864374,0.47783956938900773,-8.241725078227176,-1.8044975219864514,5813.538
6065897868249956224,206.65713888561808,-53.292096218092766,15.937195,1.6910248,0.38228889416678413,-7.61681211771306,-2.102238570395624,5048.185
6065885945420345216,206.35619220403615,-53.383036593925034,15.938314,1.3159409,0.5933493222063647,-5.8346460510122595,-2.6387864004500616,5062.4053
6065895016391600000,206.7804234670886,-53.37379486921695,15.941856,1.4419394,0.46985703947247925,-6.655650268081926,-4.747754696128845,4984.968
6065886735694348672,206.3837349871457,-53.322453850053236,15.947572,1.2644377,0.5961069060329471,-5.274243905668118,-1.2925693172682933,5793.7783
6065912230620699520,206.64170359065017,-53.21399887797007,15.948855,1.5499945,1.3595982893324878,-15.397955810893153,-2.066663655592196,4557.065
6065889862430548608,206.3795322395052,-53.284656158985136,15.952154,1.2918644,0.5381167323442988,-3.682923204347461,-0.711963468246977,5937.0703
6065885975472077184,206.37425472529029,-53.37181792184866,15.954811,1.3905478,1.1854590029416237,-18.46465994238897,-9.008313496563801,4808.836
6065891266874522752,206.36067845368353,-53.191962053410116,15.955659,1.3068018,0.405970954254739,-9.521036504737145,-0.09499158682820254,6762.5137
6065868799903448704,206.53412122815368,-53.547364885590554,15.957971,1.3067951,0.8332387217709015,-10.289391626660157,1.8001013273727504,5077.014
6065910061653067648,206.45682854421534,-53.315821640301245,15.962316,1.4154263,0.37816562805370624,-4.114671928312415,-3.653972733496456,5684.966
6065869143508267264,206.5229994778376,-53.5058277651895,15.966306,1.3008623,0.37196194008112754,0.2917090572323444,0.33963844870982995,5461.7954
6065910272115986176,206.44922199020328,-53.295788298846716,15.967016,1.2026796,0.34647851665164264,-2.862236180623497,-1.0799716434977673,5980.148
6065897077976441856,206.51921185232396,-53.39199417122066,15.984047,1.278038,0.5132815588641718,-7.9962019574583225,-2.4559630298022075,5654.236
6065886147270766336,206.29065316300438,-53.3810008722788,15.985553,1.168726,0.5526184112380272,1.2058213397157687,1.5937189675136092,5857.851
6065913742449591552,206.4772124716263,-53.20580798748536,15.986479,1.7452793,0.22615115352418966,-4.748274660431796,-3.1115708168378413,5279.5264
6065909584920729216,206.6216468141271,-53.304122740724225,15.988144,1.6497631,0.41862549802199117,-2.325831987717832,-5.388120913852554,4944.6675
6065910065957555072,206.46626552554113,-53.30602364526162,15.988419,1.4200487,1.3119434504613106,-11.668261004683561,-8.075210895826324,4548.919
6065889656272108928,206.35574735177786,-53.31305372278317,15.992036,1.1694384,0.6247409522198886,-0.16944966389050165,-0.9743308557111355,5614.893
6065914498363827328,206.41914686797972,-53.20486635362977,15.993562,1.8557062,0.16242308984539142,-4.854220086340997,-1.3618105218539724,4856.9214
6065899620596645760,206.76247419917925,-53.2595467312007,15.99473,1.1558084,0.5810961293377468,-1.2794370767672003,-3.283812042336031,6426.067
6065889278314981760,206.34775455432367,-53.33108141502288,15.995561,1.1579847,0.4609183483030503,-5.871172557426061,-3.112960564995074,5917.147
6065885739261932032,206.43201324234536,-53.36170146273187,16.000967,1.1509867,0.7809624275970098,2.7399673991791635,-2.6959661069554492,5000.465
6065890652704526080,206.28917886204394,-53.25919317136579,16.003723,1.336875,0.9364927373821753,-15.658693636599995,-6.516137970098827,4986.9824
6065893951239694336,206.8408601960261,-53.4039569682389,16.007442,1.911355,0.04468071087494222,-6.848143384237376,-2.826034679780464,5086.966
6065872064086013952,206.48413358978794,-53.52385270188627,16.013693,1.9693995,-2.0384687695530757E-4,-7.913607113126776,-2.4046176932594086,4753.1494
6065895875385034496,206.62412510585523,-53.43442007881122,16.022358,1.2970772,0.3752265257109472,-8.87226268479758,-0.7946142011363113,5362.5522
6065898486725234176,206.8340020945086,-53.2981782371423,16.0275,1.3050661,0.48731084146439496,-10.375361319393193,-1.7536088851213776,6025.1787
6065895153830553728,206.853263068528,-53.3704432270773,16.030403,1.7469158,0.0833215682462604,-6.717405095466668,-5.322707705994382,7198.802
6065898211847849856,206.74428212730507,-53.33096872069038,16.031137,1.4496326,0.44472763470409166,-2.3937834543498733,-10.107154300302932,5262.708
6065889724984514560,206.34937969184824,-53.302214485296254,16.037779,1.2424393,0.8887070969365047,-10.851205035111256,-4.1172677734158905,4901.2773
6065910581353654656,206.56191053896129,-53.267135670423166,16.038908,1.8341713,0.03949750051385391,-5.781231618740828,-1.2773605529102992,
6065891924015106560,206.69745956084157,-53.499600644887465,16.043192,1.2999439,0.6138496762024664,-11.710088676836328,-8.5878163664089,5481.636
6065912574218142976,206.62590993350688,-53.17450176007349,16.044064,1.7896767,1.5439545716126557,0.5649197738547939,3.0837575757438813,4391.8716
6065885189507464960,206.3682304254544,-53.40376985540974,16.046728,1.7412281,0.28970678692631635,-6.192915066054309,-4.45799894698936,4950.608
6065891850987181440,206.7185044030983,-53.50864859554848,16.048183,1.920352,0.25379342017142714,-5.721736126814717,-1.3707958708029406,4912.726
6065871136373059456,206.35676764981108,-53.515046705397836,16.049215,1.172823,0.5313527386019022,-6.199632366057018,-3.680310229765932,5361.587
6065892576850138496,206.66331861560573,-53.48174887979977,16.052446,1.7863321,0.2088142877159486,-9.655742967490504,-1.7944613035484784,5020.8755
6065913570650882048,206.42452172636462,-53.23918581296817,16.052458,1.9087734,0.1355014546362131,-7.945430247761052,-2.945378142058252,5002.593
6065871686128886144,206.46503521793733,-53.530559060017204,16.053095,1.8967972,0.0854100029721509,-4.9584943402110975,-3.3059871161665115,5149.6865
6065895703588374656,206.57413664894887,-53.453479418434895,16.061054,1.7644014,0.09696469376390365,-8.009536323525957,-2.367255509371996,4840.8193
6065890034229241088,206.3583027835682,-53.27182967669823,16.063942,1.7009735,0.2512782592029517,-10.439473968890105,-0.9347695156023146,4849.5786
6065892645569617792,206.6624168047418,-53.46774023906341,16.06648,1.2561102,0.7198725248562399,-6.014200619005512,0.7925386864738853,5593.124
6065884948987924736,206.3924650201234,-53.42279000234497,16.070526,1.7326012,0.26116640818115994,-7.796072199038781,-0.6305953488065559,5216.003
6065894397916305280,206.84380116860342,-53.378733224153976,16.076242,1.989708,0.08150272569380224,-5.632698144648607,-0.28240051445008785,5081.9834
6065889243955087488,206.31560138287088,-53.34234699168537,16.079197,1.7659626,0.07614455487316552,-7.283843568199737,-1.6722042067986154,4766.7505
6065889965509763200,206.36759126204626,-53.27972033513567,16.081123,1.3630619,1.0189836476431564,-21.869985887223212,-4.050150882165675,4770.9233
6065896253342161152,206.6482103794443,-53.418558982996565,16.082455,1.2066145,0.7157761399428586,-11.082782631129549,-1.0778087249577615,5623.614
6065914081740810752,206.56641113981303,-53.17832874518556,16.09258,1.2510462,0.3346262093649349,-6.53376570945487,1.993574752619382,6532.6763
6065883505878732672,206.30150258578485,-53.45265512764659,16.092997,1.4425831,1.27227368111276,-1.548939407123143,-5.93698292988619,4585.319
6065893607642296704,206.80569146633803,-53.44750491060313,16.095158,1.4064894,0.9300865472256143,-14.544987642377986,-4.990287580223511,4714.327
6065898933401872512,206.8308756066406,-53.26121460751976,16.098295,1.3114395,0.6456687945945664,-14.15683869215326,2.4952303687741275,4995.987
6065896803098531328,206.5351250658214,-53.42127317766097,16.104803,1.385253,0.2237318162350687,-8.947991384245427,-1.2338010554408507,5343.4717
6065885842341120512,206.34055076783596,-53.40339254862841,16.105408,1.2142467,0.38939669318947917,-9.631980837607033,-2.522074508717004,6674.7207
6065899105200530176,206.697217283501,-53.29718109362429,16.107496,1.8050938,0.10538133200779658,-8.161931353547635,-2.3637514417405394,4933.5776
6065896974896690304,206.60140080565142,-53.37413148069549,16.108116,1.1548395,0.6601406077738808,-11.347240811803314,-6.001773787043826,5719.152
6065886289017734656,206.3363438946957,-53.35423378671092,16.110674,1.2336578,0.6353490180384498,-6.616580909063092,0.3961831096769136,5600.0215
6065897249775147136,206.58258687026202,-53.351153554451955,16.110914,1.2711592,0.7013744762412256,-16.432315782782247,-1.6485284524632133,5076.206
6065913948608030976,206.5287325100888,-53.20000733924192,16.111929,1.7310686,0.45240475211022324,-6.533946152058045,-6.8236144702415125,4725.622
6065895772306379136,206.56980815676204,-53.444986700921554,16.112572,1.2125101,0.5522731680560145,-8.42209706705851,-0.0057647617893931274,5682.1514
6065897279826011264,206.5490416282745,-53.35718908465262,16.115673,2.7311506,3.4948343091600638,8.112286536184422,-11.437690840956423,3503.43
6065884674109859456,206.25690948813485,-53.400611314049804,16.11642,1.6194124,0.2502517442540048,-9.990897094686506,-0.5407870838633488,4850.537
6065892611209877248,206.64131499711615,-53.4805361593821,16.119822,1.2126541,0.638977990866659,-4.774934927174464,-0.6773453638691995,5174.2188
6065894741513682304,206.8140815298635,-53.39417210748372,16.1202,1.3329725,0.6441911122884484,-4.654938642984993,-2.3986511137717463,5237.9346
6065909443173423744,206.5825680759443,-53.31209718603048,16.121275,1.9024076,0.3025601398345235,-8.07094025175877,1.731158837805168,6213.054
6065885395664544896,206.46450374686574,-53.39036783151964,16.123789,1.8540401,0.14481999739038598,-8.335030159303946,-1.319358431331106,4902.7573
6065871892287310720,206.39469123721022,-53.51261241474613,16.131779,1.7353268,0.02901156321601882,-7.527714386424702,-0.8052567328504676,5119.25
6065899861114846336,206.78266602065483,-53.238379856140085,16.132053,1.4099464,0.5995929381202414,-12.079668660411611,-6.23626893621555,5725.89
6065885636182716672,206.42312679374496,-53.359810300967396,16.13895,1.7636318,0.10769354284548324,-8.207377309397836,-0.630087069894232,4788.1255
6065897142387032192,206.51076008573452,-53.38758614215053,16.140814,1.356453,1.1913959021033058,-3.9967577987193867,-2.9867104314121455,4612.3506
6065891095077500544,206.29018051486113,-53.238090659332116,16.145763,1.1884794,0.6231835283802729,3.5651878460529547,-0.49603987081547574,5639.7925
6065897181055661696,206.52379552778186,-53.368171599278185,16.14755,1.2990656,0.5525587964755846,-5.2878623936471625,-1.4180676067427507,5010.217
6065914120406718464,206.49824122780925,-53.20266956306366,16.148651,1.7539845,0.07743595175585045,-7.290006568133916,-0.49764480132156186,5378.355
6065885086426710784,206.3358212463748,-53.41963507380437,16.14881,1.8052998,0.12871091858712022,-5.458743384678259,-2.0035934208586035,4883.886
6065914017327124480,206.57350456111018,-53.195472303084316,16.15063,1.2217159,0.5538918255430012,-12.45677295697529,-0.6361857769010246,5747.766
6065910375195209984,206.46112166633878,-53.27368828861071,16.154161,1.2921638,0.7237980365691525,-7.852283676164695,-4.157740936802355,5308.3335
6065889484473263616,206.26166868514744,-53.32171482832204,16.15834,1.1534424,0.3712917118014344,-4.0102523540184665,-2.8326245875201237,5910.8877
6065912505498651008,206.6287778528962,-53.18423882633234,16.164879,1.7261343,1.9229297174821076,-14.184811464419823,-2.046028561310893,4465.699
6065887972644764544,206.2218757004549,-53.3521994935937,16.169714,1.2631283,0.49703336972761125,-9.609943321659822,-1.6405228364881241,4852.114
6065910645766912640,206.56183044616486,-53.245572521273196,16.172073,1.1937723,0.4149790010175911,-6.258229105153581,1.5611625308537729,7364.822
6065899070840778880,206.68303951956963,-53.313207844990515,16.174961,1.5066538,0.3475076944405652,-10.903745683339894,-2.050208646585432,5158.37
6065846706598378496,206.83914841551683,-53.449214545591765,16.176987,1.9229183,0.18534609058200552,-7.186954326169088,-0.05034472784639394,5122.407
6065898516780979712,206.80718739934426,-53.311264405158354,16.177324,1.6653681,1.7656730553517104,-12.524260338798303,-9.049412261668335,4421.1934
6065886185938361216,206.30685092331564,-53.36678289862211,16.178036,1.3150425,0.4462102506952267,-1.3012766644605156,-0.39475514301841913,5440.232
6065897455933044096,206.6326389242481,-53.34818119072435,16.183018,1.3036442,0.5846158264307421,-5.338324332820463,-0.8020853702198707,6158.656
6065913295772970496,206.4468295222104,-53.268915708177374,16.191256,1.2946348,0.6992810628465368,-10.449574259032834,-1.6441629171869439,5394.465
6065883299720293760,206.3081464162916,-53.47300988463663,16.20207,1.2326097,0.5165565569215247,-4.6372622548740745,-3.2804939560555155,5538.808
6065912471138888576,206.61560315234615,-53.20017180122037,16.202457,1.4703808,1.483374428378017,2.4611813669895533,-4.789268320636158,4497.943
6065893229685177728,206.6736072246306,-53.443157764128934,16.202774,1.3675156,1.1835505554349885,-3.314474475366017,-8.921080854977609,4777.4995
6065910237756263808,206.51477534392805,-53.267199948080766,16.203552,1.8127699,0.06663602987337708,-7.645174285256113,-2.44055986006415,4750.1284
6065896936228589184,206.57236410096797,-53.40129524118543,16.203962,1.452507,0.3582313187794115,-7.280115059140709,-1.3503101140852718,4979.705
6065909722360185728,206.5669065121354,-53.30354194352835,16.204008,1.2794027,0.6898347794612842,-8.344046179282842,-4.690122498980626,5525.318
6065914738881994496,206.3803633040307,-53.19024905625137,16.208992,1.5295906,1.397460565006261,-38.451434240909805,-2.5814555839587863,4474.0176
6065911474706444672,206.6661663976259,-53.220692630921754,16.214203,1.7557278,0.056737928851955624,-6.711726500794875,-0.7087545989037545,5206.2705
6065889587552484224,206.29549779379374,-53.301039617459445,16.21896,1.5653439,0.26670755772274296,-8.95470147884932,3.5954103478776287,5279.402
6065892783008576000,206.60620599816983,-53.45470032134721,16.22551,1.1220131,0.5323002728191798,-4.408923543050919,-0.44056350393826227,5860.6304
6065896562579828096,206.66193957952257,-53.37542240531703,16.227596,1.767046,0.2860071580587377,-14.716992255615729,-4.140696989361238,5170.6353
6065891992734583936,206.74859517060753,-53.492874075946,16.23072,1.2763195,0.5366949670134132,-0.17252428885388038,-2.1963638480446486,6030.093
6065893259737751424,206.6781734932599,-53.43130218508213,16.231022,1.8618898,0.005337552117681315,-5.24673724797096,-1.3060981198280983,4887.118
6065909275683573760,206.5012441056491,-53.319758523112924,16.231802,1.6155701,0.31424649399618815,-2.4607537499607193,-2.7636228915960266,5195.464
6065872407683414400,206.46152131658994,-53.471297946831655,16.232582,1.2687712,0.7508831045853206,-12.03797557236447,-2.3058397073737837,5118.635
6065899929834337152,206.77014451976922,-53.22908082995543,16.233028,1.8327503,0.013470261684840317,-7.067660410291485,-2.038941155985131,5127.9976
6065914219179768576,206.50589349813268,-53.174268394705344,16.237066,1.4284601,0.3678623703156258,-1.565184554537522,0.16556066564402708,6727.5474
6065889553192741888,206.31530344247693,-53.31324765116869,16.237673,1.2116671,0.3825409594936956,-4.397182000413679,-6.763155091709133,5796.2437
6065872716921035392,206.37908097991834,-53.494278697836364,16.239454,1.2021465,0.41762265086731704,-6.223336528108569,-0.4544132743939038,5707.368
6065896249033801344,206.65581536627226,-53.42029344439063,16.240093,1.2459307,0.44249330645644686,-16.188661369871518,-2.076245074266339,5842.243
6065891752216413824,206.68704125261792,-53.50315570419471,16.242245,1.7360239,0.1375211011491844,-6.983604255225271,-1.4653856927737543,5110.851
6065873678993805696,206.48518494168457,-53.3959810793281,16.245094,1.1707401,0.49548142111627363,-2.934418511479991,1.783960756810584,5858.8867
6065896012824551808,206.57772608669384,-53.42099459652931,16.246151,1.2275944,0.5816770545588276,-14.562302387153297,9.867241746403064,5971.5854
6065891683496935936,206.63596943903255,-53.512488641122786,16.246317,1.361311,0.6187058311273893,-5.075826810015805,-0.17378884325272856,5488.432
6065872716921041792,206.39775410358945,-53.484935881652504,16.246372,1.7239475,0.16663205911024917,-7.699570237002984,-0.8409538963079131,5226.4795
6065911955742815232,206.73918163758395,-53.19398775267177,16.247643,1.3957338,0.5753750219643063,5.4029043365834335,0.23147293307725142,4855.6553
6065913570650877568,206.41031995337738,-53.25081357897792,16.249306,1.2907085,0.5833292716680839,-7.6427575009373,-2.250167897300272,5090.6616
6065871686128886912,206.4575779396134,-53.525124362606235,16.250391,1.1728096,0.6772021127798608,-3.87179494432616,-1.1607507674911002,5455.943
6065895806666119808,206.59076038713158,-53.44160644857671,16.25275,1.4586067,1.3354633496872024,-4.387173999588246,-3.0320270994532335,4584.134
6065896253342163456,206.64294392583565,-53.41509688382778,16.25583,1.7798882,0.3554228868307997,-2.0829515635455538,-3.7443063786426363,5051.842
6065894844594725376,206.82423494361663,-53.362801799075754,16.258884,1.7496862,0.121217020370721,-6.735319340498025,-1.807175941311288,5126.5903
6065897455933047552,206.63512296892668,-53.34437776885688,16.25968,1.7635298,0.29676992140351205,-6.855129028608782,0.9372249686596896,5172.6055
6065886873133316608,206.43269166660872,-53.29334349966893,16.262482,1.189477,,,,
6065912230620696320,206.64580064605883,-53.216406026071404,16.262512,1.241353,0.6191856629809314,-4.020057317304381,-5.929770459597801,5619.1113
6065871926647056512,206.43149134670415,-53.51127974331715,16.262815,1.3139496,0.4604988174077998,-15.008981861427488,-2.4323039135021256,5702.78
6065898349286271872,206.7709192690162,-53.31053411448361,16.264847,2.0832586,0.18449310710396008,-6.496764955152522,-3.3577523019440196,4751.177
6065872442043157760,206.47380343681166,-53.4648359238207,16.268034,1.6969395,0.21473297649953654,-9.306935851849614,-0.2816040769672688,5037.0312
6065910478274430336,206.47756840490183,-53.2591663373547,16.272867,1.3125229,0.7938273842143607,-13.056029419668178,-6.562442785264375,5291.8325
6065886735694386176,206.38836731709276,-53.30919002082852,16.27356,1.6687078,0.08287222421347218,-5.397686176133064,-1.3154129656482725,5016.0815
6065909310043315968,206.52250194833604,-53.316876540161914,16.273783,1.712717,0.06185304246536547,-4.339734608320296,-2.5462231948551377,5116.1064
6065894982031864576,206.7625933143942,-53.36913817857779,16.274931,1.3696232,0.7025837331383252,-14.191766494202419,-1.3253313739940793,4740.5835
6065910650073138048,206.56787757576203,-53.25092032966289,16.280296,1.3744001,0.651340161438782,-16.64229949930405,-2.8916072596542586,4916.7437
6065915013759922944,206.4782086507364,-53.16405988864349,16.28273,1.8864183,0.13486323841140666,-4.912235706170819,-0.3947109320353749,4947.5293
6065896489552014976,206.69835620609203,-53.37474594927724,16.283138,1.2716312,0.4619931736804699,-9.369051913140767,-1.7549573186728615,5186.778
6065913879888549120,206.52858356577227,-53.219132383904736,16.290504,1.4713383,0.9681308242999019,-16.345326486055832,-1.9634702257824834,4892.5107
6065894982031866624,206.76510929635973,-53.36586758503642,16.291151,1.8383932,0.15617662163625265,-5.9914754316833605,-1.4141505718359086,5067.157
6065887903925282432,206.22938352515723,-53.361400840799206,16.296637,1.8505125,0.10899082718562698,-5.644550647954295,-1.0238332834487363,4722.121
6065898864682380928,206.82354512664958,-53.27256345707951,16.297634,1.3177509,0.6283869864940137,-10.618961848429965,1.2941173193712565,5092.375
6065884880268449280,206.40161162543427,-53.425157889601195,16.298666,1.2810364,0.47754067105803477,-9.725920582004013,-3.1444097856061473,5100.797
6065914322258992640,206.52793546727432,-53.164450998950244,16.298767,1.317522,,,,
6065915494795897216,206.59956262869528,-53.17946323955672,16.310036,1.6100187,0.43776885184994085,-12.770533244644849,-1.5018080152142987,5170.153
6065873541554800768,206.4565650628603,-53.409490496442004,16.311218,1.1737452,0.4524416796790801,1.093177626300626,2.496823717039555,5520.5483
6065885872392834560,206.30990426632002,-53.40075239990251,16.312658,1.2887821,0.7627701091776545,-3.8471660318784506,-4.838946252409058,5037.9385
6065886289017579648,206.31497517193569,-53.35759473055734,16.313465,1.6556787,0.05807203356589464,-4.618499928052186,-2.2589897636648018,4910.127
6065885253917514624,206.41884909394577,-53.426997925353966,16.314104,1.3254251,0.8775044347239264,5.772755148312879,-9.668959539418484,4790.71
6065884944679883904,206.3902123677837,-53.41412951812211,16.317272,1.6538639,0.3120653621278928,-3.5185877177075815,0.22243286874260013,5134.595
6065884296152720128,206.2683305588905,-53.44148794868842,16.31919,1.4119682,0.7211150227765234,-4.457645015091489,0.22091480152927778,5213.796
6065885906752576000,206.3244193600679,-53.39603420000663,16.321714,1.5868969,0.1837663278673203,-7.3564837999999675,-2.1365274643117655,
6065872235884733056,206.5444529243564,-53.48301743680331,16.32453,1.6742563,0.25063247502840585,-12.863944546848,-5.913855506090329,5005.1724
6065868177127411072,206.5930155058129,-53.53189975989601,16.32934,1.2763557,,,,
6065884571030635392,206.24218675907977,-53.422191509101154,16.3316,1.2514038,0.4089951942589025,-7.24674195788824,-2.037090904674291,5475.0166
6065911715224618496,206.73981767585656,-53.21506030488773,16.33374,1.2806759,0.7233673450512177,-9.6706863467335,-4.250155513987565,6200.869
6065896974897233792,206.5864328993821,-53.380609411393465,16.337097,1.429492,0.4569974661111338,-8.314949274705544,-3.3337255855203134,5337.104
6065871754848369024,206.463888988604,-53.51373840784256,16.34454,1.9404783,0.11622137691854367,-5.608794076470033,-0.9802458632056172,4864.6865
6065888797278497024,206.22527750478363,-53.32032724903328,16.346985,1.768178,0.1133075011512482,-8.149955833748084,-2.184377453334692,4787.295
6065892744340405248,206.57210951676,-53.48362366437085,16.347332,1.4029589,0.4288104593539636,-9.842300300292688,-1.9078529216812532,4998.0386
6065890927575555584,206.38905663605746,-53.2355736043153,16.350933,1.7406359,0.5389079915385199,-8.200450652340587,-0.1749400808554542,
6065896596939565696,206.63683828623476,-53.37768082089847,16.35151,1.8190546,0.23105108459506044,-8.924952191477965,-3.783938077614648,4974.383
6065873369756105984,206.4783169663287,-53.43074184911437,16.354849,1.2546587,0.787209044277099,-10.722712409290773,-3.110873985796591,5062.7583
6065909683694211200,206.64345637905421,-53.27222410866954,16.355478,1.7054443,0.4086862047240854,-5.531772491454342,-1.3709260996206152,4785.653
6065913776809324032,206.45615747511764,-53.21326201379769,16.360039,1.8474827,0.2525166898926071,-4.913064517496363,-1.435277481195757,4853.347
6065873301036627584,206.48603141682074,-53.439696148363126,16.36042,1.3113832,0.35715334594196696,0.893447957040798,-1.4126657137413146,4857.7905
6065914597136885632,206.43588681179386,-53.17847028287339,16.361425,1.5367041,1.0311488663090316,-14.281202760698054,-0.44866541828956286,4727.101
6065895737946639744,206.5832511191215,-53.460258790530126,16.363113,1.3098803,0.7814961411796126,-12.745363187813187,-5.777803941805489,5049.277
6065898413700008448,206.75723226262488,-53.29268298572443,16.363123,1.2999697,0.5562325766560242,-6.084861642349651,-7.36581094554635,5727.616
6065897765170714880,206.62954828308168,-53.31995717599382,16.365046,1.4960194,0.4489811023182909,-13.079821333009997,-4.093688255578812,5072.701
6065891374259286016,206.62491992454724,-53.54678264673875,16.369305,1.8643188,0.0994306941549567,-5.848666632643327,-2.818264500681743,5131.253
6065898241898706816,206.70034972014113,-53.32800023385123,16.371893,1.3930426,0.3635288465138558,-3.0817662828662775,-0.7458899831906584,5953.674
6065892538181970176,206.65061462150226,-53.48796666858103,16.374144,1.2512255,0.4069229995714557,-1.1400254642851377,-5.143449988379599,5762.8877
6065872407683416064,206.47792393417774,-53.476065904749994,16.376003,1.2743607,0.3549536325876899,-9.359793945033802,-4.46228615988856,5384.8843
6065887697766852480,206.25096742762727,-53.35994192228595,16.377367,1.378644,0.9205452360426709,-9.999160138855412,-3.425821138575545,4799.2993
6065909172604353920,206.4960902694518,-53.3408643603115,16.379915,1.441328,0.5727787637495233,-7.3847992759680885,-3.8278058625889138,4927.6387
6065898177487557504,206.7132005682712,-53.336594252622454,16.380041,1.6985712,1.4612257464888352,-22.917213653495033,4.13487637138084,4452.1772
6065913669425408256,206.4380661176573,-53.21936707744421,16.381504,1.3514662,0.6272274413662489,-6.879901099129817,-6.18828383235146,5552.959
6066078909707585536,206.32991722298527,-53.207068581473045,16.38164,1.6887197,0.20414395706168503,-4.544757255831064,-3.88708790618408,4927.666
6065899586236915840,206.79918021204642,-53.25242878466139,16.386942,1.7397146,0.2942414798835287,-10.904068173609662,-1.3953512181309298,5303.21
6065897146695919744,206.51789136398617,-53.38255238571066,16.387556,1.2263155,0.6779707697513596,-6.888420822720947,-4.149696878889833,5181.1313
6065913433206019328,206.4664396121588,-53.24931058371524,16.391193,,0.4796762139198093,-8.96911773325994,-0.9895741148521404,
6065890236079674624,206.2523177609669,-53.31300851989028,16.3913,1.1806574,0.48809655244046884,-7.79252669493545,-4.532774716975236,5746.264
6065896425140871680,206.72089287766414,-53.37827942637084,16.391674,1.6181583,1.574193676176265,-4.676860901915289,-3.2353732128884207,4497.2144
6065889724991583744,206.34706733800078,-53.31611717595867,16.392748,1.1692476,0.655717140445121,-8.164631766392938,-0.4814024697710631,5729.89
6065886456508432128,206.39316825822218,-53.34892586831917,16.393194,1.3613348,0.3179716444739599,-11.705856016402539,-0.7141233619457363,5738.9126
6065910134677037952,206.50266421159773,-53.304819324225896,16.394085,1.2811174,0.5354232163906107,-6.771054618742145,-3.021180843847981,5555.453
6065885945420180864,206.3362565826295,-53.39264979082128,16.397728,1.4801722,0.3787081714567201,-8.131228142556893,2.135615586417273,5452.6343
6065896764429951488,206.68800529140358,-53.33673126532632,16.399082,1.6662283,1.7413589505611786,2.7479022496377272,-20.089557041079402,4441.1436
6065892989156300928,206.70514845429597,-53.45454730623104,16.408228,1.2965965,0.33103699524749763,-2.6961853650169747,-0.2253745298588562,5489.671
6065895772306379008,206.5671573605628,-53.444072024512764,16.412764,1.7563648,0.20578946900505646,-8.379419843647263,-0.38296187870498855,4974.107
6065889239647247872,206.31625731424555,-53.33654455244697,16.415611,1.861763,0.08397927385790194,-4.003657273325729,-0.6841570767844596,4903.293
6065884674098047360,206.250571086186,-53.392994066040366,16.417667,1.2642927,0.38742409338296774,-8.752550344755488,0.35633703967096186,
6065872338963933440,206.46820624460597,-53.48695971089528,16.425772,1.2177963,0.5281320278884026,1.6930784945422368,-0.06670821271116864,5091.942
6065890068588983424,206.38722764243508,-53.27489863542477,16.425991,1.289423,1.2845750596189516,-6.393274648358459,1.419759451502353,5266.977
6065898521084963072,206.79292007241696,-53.31015630838092,16.426447,1.258954,0.7868599350086368,-5.040835594310616,4.104013383136687,5447.3174
6065892405051440768,206.60328292594048,-53.51890750705785,16.427223,1.4168844,0.4233666032973627,-15.495292688212778,-3.0534748615994056,5760.743
6065889415753783936,206.27528492536814,-53.330107764096425,16.432467,1.2030268,0.5649395748676915,-9.216422885396597,-0.017472111994354972,5586.2656
6065891889655366656,206.737246897341,-53.50652268143063,16.437197,1.752018,0.05985143030159056,-4.28694066153163,-2.050102768245832,5300.6772
6065911577785680512,206.68681785265818,-53.20603182094713,16.43972,1.423954,0.7891979207870679,-16.8139215359877,-3.9585888786176766,4611.1885
6065911573486461824,206.67385690077293,-53.21853456462853,16.439941,1.3837738,0.3971959591123433,-8.146734323679583,5.209643300896282,5854.7197
6065913364492445184,206.42517666989522,-53.265256850425814,16.443144,1.5865641,1.5356389529564367,-7.570346323686662,-13.077494069775696,4511.7104
6065884708469731328,206.34573343973807,-53.46341406997412,16.443624,1.5797176,0.34587270895504496,-1.150059572742017,-0.133988488805883,4835.8047
6065894604074719744,206.76558615204382,-53.41433448720626,16.447317,1.4024334,0.3937779564712051,2.106851356428258,0.9262080394942724,6022.7114
6065890206027771008,206.2407660286331,-53.31522361034025,16.448418,2.002592,2.189237993416121,-19.40703133624379,-1.8108846976952142,
6065873266676883968,206.46558132232184,-53.44633079338378,16.449263,1.1943951,0.38585996711750603,-6.225557216646013,-7.688872155777554,5752.5894
6065886048499566208,206.36415464288936,-53.36682939986984,16.449673,1.2091904,0.5097608408901159,-4.81315929620663,-0.23094387720467746,5629.8506
6065890790143488512,206.3459582519629,-53.25609215273263,16.45108,1.1583252,0.6063330062805579,-8.485505993491145,-4.470120228945872,5588.695
6065868971709570944,206.54650298500488,-53.529207593658036,16.456244,1.977912,0.2445177793165159,-6.571271409871006,-1.2608890790657703,4971.669
6065891988426165504,206.76300259463216,-53.48042611861279,16.465311,1.3697853,0.4360602812573536,3.740005260883804,1.5004551607088117,6010.2827
6065891095082136192,206.29022890616378,-53.23717416864403,16.465603,1.2139482,0.1769178744834196,-10.410153405531961,-3.4289602258029177,5994.617
6065911921383070464,206.7180850770996,-53.19926801490859,16.46645,2.0034971,0.017324946390017387,-7.915667747078594,-2.1981045480167576,4795.86
6065896115903213056,206.59486709078482,-53.41072762675144,16.468098,1.7996044,0.19149512869289703,-2.843932182580237,1.6035460918095803,5032.059
6065896115903769728,206.587921570838,-53.41140363577862,16.469355,1.2561607,0.7305065781690203,-7.907276530026429,-0.9090480174044933,5250.614
6065885807981219840,206.3146464588013,-53.41437120497132,16.47046,1.2304716,0.398457844798525,-6.3386565900111105,-3.427050076288903,5690.255
6065911612145420544,206.69868227848437,-53.204546607676654,16.473246,1.3698168,0.48741871128503794,-6.8423286575328985,1.6298875949073082,5454.727
6065910817565608960,206.53989383163838,-53.240339900904694,16.473272,1.765954,0.24234210764117442,-7.159598912726522,-2.1588428555545156,4806.8486
6065913536291156992,206.4832621302059,-53.222484433208166,16.478724,1.7529984,1.1744232635036786,-32.13632178235645,-9.749026504747956,4311.118
6065895286963786752,206.87891300911056,-53.34441170418267,16.48166,1.4165401,0.8129712731464946,-14.131252084762696,0.7218512692507975,5340.114
6065899758035630592,206.80675149078036,-53.238380246304004,16.483,1.3336601,0.48270533331737864,-1.5808139596630224,2.2945862359075075,6092.9683
6065913708089849216,206.4668382490249,-53.21346425525151,16.483833,1.6775532,0.2716116199914818,-5.981388989168937,-3.2140742785134635,5317.0215
6065871205093934720,206.35262114576162,-53.51303015919645,16.484203,1.8593493,0.05526377185926821,-6.55546070779367,0.4751697206261293,5113.228
6065896184623245312,206.5796168788568,-53.41232051998327,16.484276,2.1249704,-0.0015309916893617905,-2.9541003362092,-2.8145065154994153,5089.382
6065909378762791168,206.5137231456277,-53.31748045158854,16.48498,1.3618593,0.3322844118526928,-11.187096916484549,-4.903098942127873,5074.066
6065899105200528256,206.71643875498756,-53.29807622282581,16.490566,1.4150248,1.8551500687596796,-6.129549170477805,-12.511701308617479,4937.0513
6065911646505137792,206.74487220989522,-53.21689398413156,16.490606,1.3832903,0.45952927557697215,-14.773051290752754,-4.689841728105077,5882.769
6065871823567837056,206.4163815562563,-53.515577332007126,16.491213,1.8790483,0.30030049768250655,-8.055110250416883,-0.7208030872319534,4919.1816
6065867906557595392,206.61098561511034,-53.55102087224571,16.495659,1.9861507,0.014160510385596183,-4.5195728443366265,-1.286434629210169,4812.404
6065886666974870016,206.39639443083092,-53.334753759132475,16.496016,1.3107729,0.5934052100376835,-3.903018464460768,-5.350009663175845,5374.353
6065886834465583744,206.4108156850037,-53.300031661435256,16.497654,1.3508263,1.0869951933330089,-17.430347062196397,-6.03765140824657,4862.169
6065893332764398720,206.66956854242133,-53.421140661072435,16.504938,1.8775282,0.05453773119881797,-6.135485161580712,-3.1334457797052977,
6065913360186225536,206.4315320513566,-53.26251743987474,16.505074,1.5800152,1.0552164126625545,-10.679724788928047,-5.048808578268176,
6065894672796025728,206.76494681561388,-53.4058694815981,16.508629,1.4137249,,,,
6065899173921797760,206.76962552862472,-53.28056080110144,16.508812,1.3689976,0.765910107724945,-14.750901378378861,-12.68386841611871,4711.0103
6065891649137195008,206.62256227515394,-53.52423428248917,16.509972,1.2669907,0.5587812275932199,-6.869132891922462,2.126164184239837,5330.887
6065912402419437440,206.66354098063726,-53.18194142561272,16.510223,1.2697325,0.38954640934861606,-7.367758197886456,0.36458782425357045,5998.6367
6065909584920737024,206.6233557929512,-53.29512295277938,16.51314,1.5619211,0.34013601960637935,-4.601598555503645,-1.8934195818657624,4817.257
6065909413122540544,206.5494181266002,-53.29501002118123,16.514696,1.1966228,0.3982812732371367,-10.617452944730084,-4.491356173687487,7026.863
6065909378762794624,206.5249251121298,-53.31214910031063,16.516275,1.3487015,0.32962507467150054,0.21452018037917941,-9.499813428579019,5146.185
6065912299340191616,206.65073440390486,-53.20249923124402,16.51647,1.4215078,0.8731071345613928,-8.377189290992671,-6.814868509862606,4756.3467
6065885361304805504,206.44264259820048,-53.38378936356915,16.516678,1.1475801,0.46595763113824645,-8.939877891322318,1.2753234494444858,5774.339
6065915529155659136,206.61097804946985,-53.16476296429056,16.516823,1.4117193,-0.05222058764089723,-5.6024465848150795,-1.0515544726439148,
6065897902611449472,206.7340065081106,-53.35863818420757,16.517797,1.2306452,0.194073774253884,-4.883883277365952,-5.6278907474272355,
6065872407683417472,206.46679436661088,-53.46783976570429,16.51896,1.2155666,0.3924032782912363,-6.006658404910856,-3.0589533329952117,5553.4224
6065889239647245824,206.31955310241088,-53.340959265924255,16.521204,1.6027927,0.3594338044157903,-11.782189409580988,-5.45545005526177,5244.9673
6065890068588981248,206.37041056323903,-53.27172699163572,16.522358,1.5605402,1.4737616949809924,7.236063576102702,4.994266012766573,4453.8247
6065909584920744960,206.62754255632845,-53.28618413243191,16.52397,1.3928242,0.42165044369515137,-6.8592668619020465,2.300594001526525,5022.201
6065873678993765120,206.50238367428923,-53.393619988638534,16.52827,1.25945,0.5086760511449323,-7.740931091419591,-8.915366416124979,5573.7305
6065896592631217536,206.621471447466,-53.38853120826067,16.530027,1.2889967,0.6868870007258192,-8.84322100492782,-0.4748322873466051,5021.799
6065889999857601536,206.3250595557855,-53.29390393102834,16.53163,,0.6183365652270884,-1.495259834292324,0.8076815212569382,
6065896558272727168,206.6604123588854,-53.376129903529865,16.531754,1.4203234,0.9375966699812589,-16.38319501200463,-0.9256639198172156,4833.0605
6065911710918835712,206.74756996660378,-53.20851927261837,16.53314,1.8543797,0.11735120208290734,-5.975314395980611,-1.4049635548758719,4958.09
6065885361304802944,206.43578259307884,-53.388957002093306,16.534216,1.4585991,0.41200449923049076,-4.908880093353141,-0.9036024535122723,4887.9175
6065890343459735936,206.2814027549598,-53.297697803297325,16.541447,1.256856,0.5580566070018897,-4.0689072532264925,-2.8798844952708036,5304.0044
6065893195325449088,206.745006341075,-53.41045560724622,16.541725,1.3614368,0.4849756033582143,-6.883769032728156,-2.82544040138828,5463.0522
6065910169036787584,206.53878315989837,-53.27773656547345,16.543884,1.6250029,0.1396924082511346,-4.693651380127359,-3.139983735981715,5324.251
6065897898301290368,206.72491952528634,-53.37192359226892,16.54547,1.9690809,0.13889861122131258,-7.535883953783103,-2.0188856136874707,
6065896287701910016,206.67819139489075,-53.39555876113646,16.54564,1.298193,0.6073558428695789,-12.463685730495364,6.070914689233979,5390.6875
6065910340835462144,206.4404936402799,-53.29330985835165,16.545763,1.3610067,0.3346566882920155,-10.438361666795638,-5.22439785535253,5252.479
6065872716921041536,206.39300339798234,-53.48271045308648,16.546913,1.7467308,0.09885042514546549,-7.925728729321445,-3.7329427948105653,5137.1074
6065895841025295488,206.61120978087374,-53.43718095613988,16.54693,1.3769016,0.45348180129510707,-3.5930252148784763,-2.128816433167872,5788.99
6065911096749240192,206.66220985657094,-53.27844480983309,16.54748,1.2630777,0.44203217890633256,-6.5907359325986,-0.18647505961121819,5836.111
6065886598255402496,206.44138852529755,-53.316037548858446,16.54796,1.8647966,0.06244631278750067,-6.913094474036081,-0.9328319553869601,5047.869
6065894329196820224,206.86700026989902,-53.39600858281494,16.554222,1.9562721,0.07349511583082868,-5.080553215221568,-1.4035572294046053,4905.364
6065892920447532928,206.64262343871755,-53.44138732613989,16.554344,1.2450666,0.48008160370698166,-8.870144967296122,-2.5577710264752285,5546.1074
6065915490490084736,206.59731698834665,-53.177836755619325,16.557596,1.404707,0.35011419129261234,3.0581365178253064,2.8131776509651054,4924.096
6065871720488626432,206.44613481233077,-53.5179737422663,16.55928,1.3246822,0.4073552878732178,-6.2523079103115276,-3.23419058908569,4885.5405
6065885670542457088,206.45489093706013,-53.363993500061724,16.559303,1.232296,0.377258701540043,-7.2056886744454625,-2.2434418986445,5577.5503
6065893607642299008,206.80782115834683,-53.440423556700864,16.56797,1.9777498,0.06831949502079562,-6.913793783020415,-2.167895356236052,4921.953
6065872957439202688,206.34710562032106,-53.48343920682625,16.569164,1.1734953,0.555476162017138,-5.277882253125611,-2.0548734505520043,5594.647
6065868902990091648,206.56155977384435,-53.544308564775136,16.572058,1.265193,0.464032129824993,-6.338250689214826,0.7658944647701607,5694.3174
6065914498356141824,206.40663588868588,-53.2044682283683,16.576889,1.6392317,0.2338507744000005,-6.405499719768496,-1.1331372396372452,5713.283
6065896665659050112,206.67385225629783,-53.36513715946323,16.578691,1.3738832,0.3573630983193619,-5.309277600758185,-1.1141855401242209,
6065873228009052544,206.44058965358795,-53.45196543289027,16.57989,1.2036209,0.36577467476724185,-5.304366514928985,-0.6474995044657628,5441.8657
6065893607642299648,206.82249281486597,-53.437729187206536,16.58026,1.4756784,0.4693045373102057,-2.191100998443604,-2.3582960130827155,5005.9194
6065869173559853312,206.536665991745,-53.51147388769315,16.5825,1.3846798,0.5586002685043973,-9.409229250627542,-5.784063724806396,5783.444
6065897249774610560,206.58797717281556,-53.352868268514534,16.58395,1.8152704,0.07612782782812884,-3.576751191469387,-1.080543508726508,5046.73
6065886529535921792,206.44840981788937,-53.33658707295445,16.587347,1.2197571,0.5105094955805667,-6.389836093338577,-6.126063546065611,5661.4326
6065910680126651904,206.59806056196743,-53.24494519203637,16.587906,1.2234144,0.39222106943414575,-3.9056742722314555,0.9147711471064918,6116.854
6065871857927564160,206.37454027774675,-53.52580479213771,16.589645,1.2531815,0.5119184016370774,-12.069167115213405,-4.29344985762907,5326.8325
6065893264044918016,206.69142207899,-53.43356447618687,16.59405,1.4365778,0.4052467091682767,-6.281080172668736,0.7563278970952414,4828.1836
6065873541554851456,206.4600990913767,-53.41057794339033,16.594772,1.252101,0.28004865981333066,-9.717586590309747,-1.6942516776713465,4969.546
6065868147075847808,206.57764006286268,-53.55146842793562,16.598055,1.3720818,0.4385727748451663,-11.588876019607078,-1.076213980181983,5135.297
6065894015650833536,206.82346123887015,-53.39495252334482,16.598495,1.7968035,0.17754469881235707,-4.947168863669004,-2.3131083560760266,5131.656
6065913914248341248,206.50682778609692,-53.217901254018415,16.599346,1.4165087,0.40032521570668234,-7.823379185043836,-2.3492274960510984,5677.2686
6065890068588983296,206.37874359502018,-53.27095586927974,16.599445,1.6603289,0.1391991456957184,-6.776636915568471,-2.0490279031856984,5134.8486
6065891129437239296,206.31874115622338,-53.22974771754133,16.600851,1.2638597,0.7510165357527253,-7.333261166428759,0.4205798027365618,5399.1875
6065899929836062336,206.77900028660574,-53.221928118525796,16.601225,1.801117,0.2141902244407195,-6.83622528282528,-4.0987328202433035,4841.085
6065914635802792320,206.44948164653565,-53.18442561042968,16.601786,1.6383095,1.320577595677326,-24.502195946448275,-5.045343488782049,4439.8076
6065889175235604096,206.2534984523552,-53.35505052273824,16.602524,1.303422,1.0238691784587373,-5.5069589421383425,0.8160863549592742,4923.6343
6065891266874517376,206.3660979415715,-53.19674883758023,16.603336,1.5166655,0.4636383686440907,-4.1697147356198565,1.2037968550169533,4829.5063
6065898933403635072,206.83563688370828,-53.25966850940282,16.604227,1.5246868,0.889640705588944,-10.147795327336809,0.4056152321263353,4640.861
6065895806666119680,206.58431391681265,-53.43921810613411,16.60757,1.9146137,-0.08183756972006989,-3.2326478497408266,-2.826847055999263,4908.4536
6065885086426871680,206.34261452270917,-53.41517728228701,16.608345,1.2189913,0.4944756261883944,0.6251311556794181,5.9347128659307975,5863.4497
6065889106516268416,206.27377650226987,-53.364095717769175,16.613228,1.2019453,0.679216742236027,-6.894599803760713,2.9947942636928246,5442.3076
6065884261794467200,206.24862676265985,-53.43834092522973,16.614458,1.3712368,0.5423130250101849,-12.541782960431146,-6.289955039074618,5309.263
6065898177487546240,206.71243879741826,-53.348508389587174,16.61496,1.4147282,0.8899442411328707,-3.146731842857346,-5.717011125817909,4901.479
6065910959310375296,206.582221299657,-53.219949909603805,16.615438,1.6845331,,,,
6065911405986952704,206.67689598667968,-53.23165913678485,16.61566,1.3085709,0.2842816522752176,-2.668347588624876,-2.3715959629118673,5377.2656
6065911165468739968,206.66021355021203,-53.261331554630466,16.615738,1.668253,0.30855291386066763,-6.195725507773473,-0.6215536740821761,5100.497
6065897211106525440,206.55766605052148,-53.36846021756517,16.616129,1.4643507,0.4217256116338534,-4.954419577795787,-7.0536986517102,5600.5596
6065898211847292160,206.73096447752013,-53.339968707232394,16.61693,1.4167547,0.32181369311157726,-0.8341111223950453,0.8135020152898214,4964.417
6065896322061647616,206.6497467153102,-53.39900969018146,16.61813,2.3982868,3.678575712692439,-25.116835652606582,5.712873242600589,
6065898383646015232,206.74613547036867,-53.30642959074636,16.618586,1.4623384,1.1415087050510628,-29.852795908201607,-9.81936017818691,4686.518
6065890652704388608,206.29391881867252,-53.25609563253396,16.62136,1.2812624,0.34790805568124894,-7.693740749959623,1.1756159737775347,5550.445
6065891614777458176,206.63822436145853,-53.517901755125855,16.622097,1.4015131,0.3105666089871235,-8.454336057597295,1.9220869640413614,5012.8223
6065896425140870016,206.7089073297295,-53.3821750627961,16.626116,1.5232935,1.1892257495508405,5.123318042254741,-3.0221915587786334,4509.0117
6065899307053219200,206.7075148094472,-53.277287699444905,16.626482,1.7635717,0.19690058265889138,-6.736856859136811,2.1673302916626556,
6065873472835319552,206.4536585256024,-53.423704225535786,16.626524,1.237853,0.3183991286996761,-5.00367374359303,-2.0525002328621547,5170.022
6065896218982437760,206.60294856097167,-53.389482383670725,16.627312,1.3118858,0.5181349990140706,-6.875469769829194,0.265927466114373,5527.6084
6065873197957408000,206.48066545825068,-53.450492993226945,16.628431,1.4141636,0.3066152212869472,-7.906400860888537,1.666290105087813,5017.789
6065886873133312640,206.42111745390176,-53.297506733391714,16.629248,1.4077368,0.3622944850118269,-3.7933780633761534,-2.7576150176008425,5350.878
6065868971709574656,206.55370616020576,-53.52222242613588,16.630371,1.2983875,0.35337362315352616,-4.720192090988696,-3.519964000052136,4939.735
6065897730810982784,206.61641435213153,-53.315407395092976,16.63079,1.470623,0.5683591981545002,1.24820793981036,0.8107875181847817,5364.172
6065897077976441984,206.52759933611733,-53.39454314956313,16.635126,1.7993126,0.1264895019358772,-6.272458798152595,-0.942237736812453,
6065871411250810752,206.33366465592454,-53.498779057369966,16.6361,1.6043892,0.2704912182254841,-10.385778819109628,1.328611503128849,5007.8384
6065887659099250432,206.2230631502211,-53.377139714888656,16.636236,1.6472893,0.01707588951771559,-4.281281013882057,-1.0930578556294466,
6065892778700161024,206.5993808410186,-53.469855536223555,16.637648,1.1857443,0.5147912552955436,-3.3006128704980053,1.1307672769688393,5677.4053
6065868795602680576,206.53358054039452,-53.54768126757208,16.641838,,0.9312915640901571,-11.27760628231299,-3.1721499588276876,
6065891133733958400,206.32339142970883,-53.215569486525034,16.643923,1.471096,1.0311824707154578,-4.535804835576197,-0.281367459362031,4651.1167
6065909138244627712,206.55434701981864,-53.32113395871021,16.645824,1.4292679,0.4352721822165719,-5.158643917291069,0.7505186770593528,5234.9478
6065914017327139968,206.5778461609362,-53.18566070796495,16.647081,1.2791252,0.6446950754820333,-20.51336541579871,-3.456044080990737,5785.235
6065909889859219328,206.63218832070595,-53.263880460560124,16.647606,1.5760946,-1.725205915098082,-15.341358603168587,-2.8679428858269764,
6065914975094022400,206.4911252315054,-53.16343084699743,16.649136,1.7722044,0.11060744150376507,-3.7019598328727588,-3.4900214142619523,5140.092
6065891442978763648,206.6713400704544,-53.536526150313165,16.651814,1.3936815,0.4113109503295076,-15.436016713839562,-2.5594498860845807,4762.348
6065911990092281088,206.72329324897797,-53.18820814591623,16.652102,1.4668665,0.7712974194010398,3.3361534990262838,-2.6112326215264074,4696.743
6065884330512462720,206.28941714203833,-53.43270300488603,16.653545,1.236803,0.5718959799606143,-1.0379332772154886,-1.7639472754531025,5367.9927
6065871892287315584,206.41147980633903,-53.50671722366742,16.66093,1.3147593,0.5180467204485996,-9.645470805947179,-3.36136659066998,5000.157
6065871961006808320,206.46056890114042,-53.49131805098903,16.661596,1.376359,0.3698771993245579,-8.71383911998753,-9.581913717267847,5672.1064
6065884330512464512,206.294017914545,-53.42584884362787,16.663263,1.2881813,0.4986935875099875,-14.45799285353819,-7.09358336391641,5041.7344
6065912501192830848,206.63252088866568,-53.19549853175674,16.66432,1.248393,0.4218811887776341,-5.325587032500439,-0.15148940330242544,5712.0386
6065886426456695424,206.39164784914178,-53.35690484260041,16.664835,1.6657705,0.2984888105525378,-5.998347424811496,-2.6536631326299407,4833.7715
6065913570650882176,206.42310257362607,-53.238083473496296,16.670053,2.4221554,2.9340938119140874,-35.49150510437827,-11.491547712592734,3737.5295
6065910993670119680,206.60044309146363,-53.21460706084577,16.670126,1.3557415,0.4910079994359552,-6.4867561048028755,-5.3862761871306155,5597.0894
6065909958572146048,206.62809406235763,-53.24458566991852,16.671211,1.2797909,0.7830598726156593,-12.04868500667553,-0.5641752251778455,5305.6616
6065910134677041152,206.5118532738604,-53.29828884257088,16.67151,1.3237047,0.41939730828991256,-11.874025895357216,-1.6153061289336776,5551.7886
6065889514525164800,206.28820289935425,-53.321092465448665,16.671694,1.5207148,0.4346584280030009,-1.7748776657954328,-1.4510434787427102,4712.1846
6065890515265430528,206.24877378110986,-53.27323333279126,16.676117,1.6685095,0.16616336686700284,-4.486027610027218,-2.821142044776451,5078.8203
6065915769673836032,206.57856210780855,-53.15917671094446,16.67852,1.4442434,0.468023917439549,-11.578007338538537,0.2161333400333969,5623.058
6065892439411180800,206.6203737909254,-53.50817013524083,16.678835,1.280899,0.6759781467226565,-5.8336405065679555,-3.238552719642213,5197.735
6065897485984452864,206.6568200856331,-53.344118025097444,16.679287,1.638442,0.8959536032683993,-19.299070075979536,-0.11553388028708352,4518.378
6065892989167006592,206.71247660878697,-53.44999973252875,16.680067,1.9223709,0.405083586723865,-6.943816201401131,-1.1952871907766276,4704.8047
6065910783212384896,206.60552404557205,-53.22842465551937,16.681307,1.3473501,0.5609114019357458,-12.189670583320058,1.492734406651685,5335.226
6065869070480626560,206.52519790200756,-53.519052553608624,16.681929,1.8109808,0.2853980205691919,-5.381296357413831,-2.1052571116278838,4815.4062
6065889377090567424,206.24966149260234,-53.34870369358127,16.684206,1.3654604,0.7783005654301934,-15.639790281199796,-2.0108049293270085,4976.3413
6065915563515394816,206.59018240619744,-53.167633600217705,16.68443,1.7005119,1.3841678096182004,-16.0132700632877,-3.33849701818482,4379.4243
6065873163597663616,206.45773466677687,-53.456801290236136,16.685392,1.2948618,0.44782996227081046,-8.60773087658921,-5.6190149170772985,5397.152
6065890377826474624,206.30976222734037,-53.27765521255666,16.686329,1.2013454,0.4836014754408014,-6.064381504412224,-0.5386910196050938,5243.2627
6065914219179764352,206.49969062946812,-53.178233659400426,16.686777,1.4462652,0.42204546500302303,-7.655170018290686,-1.6255306946032555,6673.3647
6065869280947233792,206.5575277636005,-53.48739916699111,16.688053,1.3370571,0.35899409983526226,-7.0187831088071695,1.2256993900802973,4836.3037
6065899654956400640,206.79034636288364,-53.24673371346629,16.689064,1.4569159,0.6717415766800342,-21.692567004356285,-2.4614751534149195,4718.7393
6065911199828495360,206.6822763616602,-53.249687262879775,16.689672,1.9873295,-0.07834429829169205,-4.176378686693161,-1.4222159043926474,4833.4956
6065897765170708480,206.6394277446162,-53.3280113858857,16.689709,1.9247875,0.12711487163762905,-4.764948351154991,-0.4808042988863108,4951.983
6065896115903216000,206.59904643642045,-53.4048075909012,16.69021,1.3432417,0.6885230289045953,-9.83304416244507,-0.373651957121925,5013.8706
6065895188190299264,206.85438169776202,-53.35935912074218,16.691805,1.7487841,0.40454864134514723,-6.1190862326936,-4.2663607080900805,4801.4395
6065889209595344640,206.28064890818246,-53.35199941968698,16.695328,1.254427,0.3918860996346354,-6.080040638792552,0.30208291784224406,5660.7427
6065913978661575552,206.55368532453662,-53.199788330846644,16.698318,1.7553244,0.31732581791902764,-8.600980325301984,-0.40382738380051586,4742.718
6065884910324560128,206.3797759825735,-53.422164228630734,16.69889,1.3736067,0.267695610509658,-7.887111044611199,-6.724456476226418,5534.908
6065891030661510784,206.30315639087036,-53.25572719648381,16.701101,1.6353626,0.16061136612579321,-4.0504110373618065,-1.1345946221717726,4853.832
6065913806862881664,206.47088231938295,-53.20211887139708,16.704931,1.5133085,0.36166650956817253,-5.941972525602448,-0.8940493787111932,4727.0645
6065911234188246656,206.7067628811029,-53.24083501247304,16.705791,1.2640448,0.29784382994088965,-2.8705265114207816,-1.0217144386115895,6065.871
6065873331088306304,206.52271110919614,-53.42250873257922,16.711338,0.09129524,0.23114238726526248,-11.026961193783992,-1.227488887479314,19041.504
6065913811170509184,206.480415536945,-53.19803006771403,16.715412,1.4675016,0.48512157788090726,-3.1376486155968775,-0.8955795506836388,5342.5093
6065898551138965888,206.83020909992143,-53.28901908972006,16.718798,1.4306374,0.08117677788818259,-4.732456801054083,-1.3924191813972424,5052.904
6065871651769138816,206.4424569818812,-53.54384995856648,16.719448,1.3027191,0.5472220374777927,-11.85742797590906,1.2123924721052335,5615.4785
6065891816627467648,206.67775390449543,-53.48533374917266,16.720306,1.470417,0.9832863482070627,-2.149872800452421,1.9110219826274597,4657.9956
6065899100895130240,206.69812370060657,-53.295141103411865,16.722086,1.459835,0.6285616001842208,-10.020466013249619,-7.1280232286309815,4823.0757
6065899139560265600,206.7330817763792,-53.29949885955928,16.722862,1.8833818,1.2370868395610068,-7.087770216827342,-12.88586590137492,4400.3525
6065885597514940160,206.38967514639415,-53.38699636404922,16.72476,1.3345423,0.3435234139947461,-6.389636277505017,1.7245684928116178,5002.34
6065910512634177408,206.50245817378237,-53.242762356513495,16.72574,1.3629065,0.4496234055378773,-5.364653789647588,-2.3795285919011953,4917.4077
6065890412186211200,206.27659568197822,-53.28298456336353,16.726694,1.2878942,0.7273259187331693,-6.96631904147209,-3.998785855046859,4818.558
6065892164533278720,206.71986798932082,-53.47544045702834,16.733278,1.4010563,0.4202310373277058,-8.151637407872682,-1.5929243655491776,5382.8833
6065896253331571584,206.64111045355563,-53.41375652674983,16.73393,1.299367,0.9381459992021418,-14.69948030564549,-0.9519410245770776,5063.834
6065893882520212992,206.79126816021116,-53.41629074381488,16.737724,1.3631086,0.5969571179380653,-0.42836414678542056,-1.5573029822968554,5650.9995
6065887594687628032,206.23746878938397,-53.38309149860763,16.738949,1.6592655,0.11661001728086377,-6.5343971673054275,-2.8591234068366185,4949.355
6065887972644768768,206.2263683982868,-53.342848992692794,16.741486,1.299284,0.5830696911546048,-13.669136122222545,-5.161785250198017,4795.673
6065885979780087808,206.3756233965139,-53.3781338237161,16.742952,1.217474,0.4119674726209552,-4.42855843553201,0.6285671378655094,5668.5483
6065911612145436416,206.70529326936344,-53.19209180969535,16.74417,1.3127975,0.39909984660960246,-4.927660314383344,-7.931834989455896,5258.0327
6065899826755099520,206.75953737539908,-53.24450102822939,16.747494,1.4389782,0.3595452085356063,-11.614225046987762,-2.1778966787645206,5394.198
6065871819259682816,206.4108544555014,-53.527777829421126,16.748,1.2743235,0.3340097876540336,-5.452868153990071,-1.4117090727226516,
6065889999869347968,206.32602554808273,-53.28888892695352,16.749475,1.7185326,0.14036683697106658,-7.322583666096512,-1.14925259968676,4777.3525
6065869040429038848,206.51395426570184,-53.53584851402935,16.751934,1.406024,0.3193602612872507,-4.618846723282634,-2.0587616715004344,5662.384
6065871754848370432,206.45790620314168,-53.508908409736605,16.751968,1.3394012,0.3159350361229804,-5.764451002500731,-2.4739251019001935,
6065897352853819648,206.62420862709865,-53.3620691391621,16.752401,1.4804621,0.22194656437017465,-0.39497009447581494,-1.1337846648752428,6132.199
6065914154766463872,206.5319268475324,-53.18789753443298,16.752407,1.481327,0.8601607604929076,-1.6418342146187364,-10.338412067544716,4925.6484
6065892095813802880,206.76703966188245,-53.47072167281473,16.754055,1.7018919,0.29271132360341934,-3.7061378192918517,-1.5979706831003564,5281.547
6065910787511678208,206.61244639464985,-53.221997022904546,16.759073,1.2967968,0.37558708957040654,-2.3916612785627285,-2.3475705853447506,5145.7554
6065909649334454912,206.6095297839845,-53.29229877654928,16.760437,1.3755054,0.29589118825237387,-7.218797567289483,-1.079362850726604,5850.8223
6065891099380992000,206.29466696485048,-53.23016268002949,16.763449,1.276701,0.7367855625017018,-3.4357911403417174,-5.243188842435883,5072.3813
6065895944104517120,206.61542790803944,-53.417493592007354,16.763765,1.4101591,0.2594016611634966,-6.599135407424906,-0.14624891601817636,6295.245
6065897146696013568,206.5151529365555,-53.37166288565095,16.765018,1.7643871,0.1925626513497655,-6.475496937346806,-0.9053122799996141,5100.598
6065915494795906816,206.60382340961726,-53.17381539604838,16.765234,1.3126125,0.6858981198156358,6.656467733650489,-6.453252979122629,5272.549
6065895944104515968,206.62338947473347,-53.419738292181734,16.767889,1.269865,0.6348746021018887,-6.765345246300471,-9.46978907905839,5256.4194
6065886048499566336,206.36492060171906,-53.366207376057226,16.768364,1.2323456,0.6588551937191679,-1.9490611198113035,-2.6152336036592922,5102.7407
6065884742829479936,206.36239904128803,-53.44798828984939,16.768473,1.1694736,0.419213302658136,-7.732749116783868,-2.175058182616585,5444.824
6065897043616175744,206.59668196745346,-53.361165087773685,16.768751,1.3868866,0.35103219014387466,-5.100022745877083,-5.006848695108669,5444.7583
6065869001761163904,206.57137886608825,-53.509083904955645,16.769112,1.4177618,0.48010102136134236,-8.910262361013517,0.4476723076697863,5038.262
6065885945420340096,206.3418326871851,-53.39243256472605,16.769222,1.7558575,0.08930205861094684,-5.5038310362785285,-2.164768771678117,4780.8604
6065912574218141568,206.635768004147,-53.17496985428888,16.769823,1.344595,0.350148233198601,-8.983238731980526,-1.557306347876154,5413.2495
6065911577785667584,206.67069334943167,-53.215214133412886,16.770855,1.579401,0.3237200193517225,-5.812642202116978,-0.25739804891989304,4782.661
6065890721423865856,206.27290369658294,-53.25544968704618,16.773817,1.2376099,0.5214980963738853,-13.26595143439962,6.3699820793619555,5274.2627
6065872820000266496,206.40987123562726,-53.47018879778634,16.77503,1.2690334,0.5810782134797439,-7.996563469227976,-2.873043750505174,5054.7266
6065884910320124160,206.37328897160026,-53.43270516799271,16.780409,1.8809137,0.08821128239658914,-4.875892374991519,-1.1062837461761987,4901.2803
6065910169036784384,206.52342563298902,-53.28349646863428,16.780905,1.4150982,0.5986351127270447,-7.405428671056236,-0.8761939018605382,
6065891576109234688,206.60969188718713,-53.53511957980463,16.781416,1.478302,0.4479802110857415,-9.013582857298903,-2.7928576556174898,4691.8594
6065912677297361792,206.63982554662124,-53.17181183444722,16.781588,1.2888222,0.48026897629849674,-5.053875016654136,-0.0742388326539424,5448.032
6065896592631224064,206.63400823312276,-53.38224526865115,16.783663,1.7790079,0.2771286483599815,-10.07728916064187,-1.8883223986772038,5160.0356
6065886460816437120,206.39288761375312,-53.34676707598012,16.784937,1.0810299,0.17648137037408404,-5.476073889273852,-3.3508574105478255,7089.2646
6065873404115857024,206.5131017517061,-53.4062460229375,16.784939,1.3843441,0.8379264593506686,-10.686165454937644,-6.022562121457833,4543.2812
6065891065021251328,206.31863206612195,-53.244441669986365,16.788584,1.7819166,0.10340541733686698,-7.2080253502879685,-2.7455313236191228,
6065890652704386176,206.28673357658107,-53.263317355498856,16.789429,1.4080791,0.31186534945116917,-9.753648731072143,2.0488158544699413,4710.465
6065898727243397504,206.7884974797872,-53.306123013103615,16.790236,1.7673798,0.2595702582150031,-5.516093719163502,-3.728641899683959,4595.7803
6065912501193382784,206.629982170163,-53.190681021791804,16.793074,1.3216629,0.4953251114359134,-10.26493328754687,-0.7044080913503055,5103.2085
6065915529155658880,206.62138328829158,-53.164871263570184,16.796087,1.3533154,0.2256474587722235,-5.359544351847555,-3.688155778166329,5060.152
6065889828070815104,206.41203116227035,-53.28599141564224,16.796326,1.657342,0.06824359954775555,-6.734839648960793,-0.8964766249270706,5012.5415
6065898379340259200,206.74682482869025,-53.308784605864524,16.79645,1.3982296,0.28164018016744424,-3.2095742563995615,-2.1739661626523428,4714.529
6065899311358979456,206.6982752169347,-53.27747933273309,16.797493,1.2479782,0.5108530820912575,-2.566588516690315,-1.100734303187735,5934.8384
6065914223485942016,206.52173379405446,-53.1738856157215,16.798962,1.7485418,0.07734794445096033,-6.019362434727515,-0.9246446628524738,5141.6187
6065914704514592640,206.41064408594872,-53.19245078804457,16.800602,1.5422277,1.420325714657894,-3.0184122087969207,-16.089537127721623,4672.2915
6065890442238122368,206.28492294282165,-53.26993860031216,16.800922,1.1525936,0.35435707078195283,-3.387874817671273,-0.2945830956847697,5468.36
6065886014139662336,206.3311744962447,-53.3827132222961,16.80098,1.3551693,0.3836422570463266,-5.1858638835536,-3.4004271814687987,5208.7295
6065895252604052480,206.86053809712013,-53.338140574539906,16.802118,1.3728905,0.5870332908625574,-6.554795318359027,-2.7743886133274653,5226.663
6065872201524995712,206.53634531939417,-53.47675820437639,16.80322,1.3349953,0.3575770136616995,-5.719420936629892,-2.314146116224939,
6065871922338919168,206.42166547267985,-53.513390810206815,16.80323,1.3118973,0.40766198297569495,-9.777507833805805,-9.696498631929309,5313.371
6065910203396519808,206.5078371495483,-53.28692242477886,16.805172,1.3687267,0.8541080404128361,0.08254203886043121,-4.257619051576727,4940.977
6065896562579824384,206.64638066890072,-53.3826359068948,16.806543,1.8267756,0.13060882182228484,-3.827650048562494,-3.0243360160312207,5023.7095
6065912535553121792,206.6165113089071,-53.188827820949705,16.807297,2.522956,3.623610167764944,-16.040011962771473,-15.476671131689706,3618.9636
6065899414438189824,206.71390553017457,-53.28114745213039,16.810066,2.2893648,2.128757772824377,1.617709278289997,-9.16103612270951,3676.2246
6065892336331976832,206.72311562899117,-53.451390571461964,16.811142,1.2629566,0.6551812529673249,-8.174969767302139,-24.380696556805816,5623.6045
6065883574598212608,206.28679199096112,-53.44566215234974,16.813025,1.5681076,-0.04646965578376133,-5.369218889429478,-2.4793893222665604,
6065895153832369536,206.8562095728011,-53.36782512575924,16.814213,1.460226,0.8836147333521062,-11.841019837414613,13.016594835174178,5291.31
6065885631874697088,206.42048633233773,-53.36663242495671,16.818056,1.5636225,1.2352063016920825,-13.0249019790459,-5.677705539201684,4480.4307
6065897181055663744,206.5416997161919,-53.36249186235013,16.818745,1.5769033,0.4410168669025182,-6.208457497033159,-2.4780671214849326,4951.505
6065886804413838208,206.43765634123892,-53.29933951808804,16.820528,1.388094,0.5685298850253218,0.13083687664504118,-5.93137569562532,4914.882
6065889209583591296,206.2929007887888,-53.332958772072764,16.820948,1.2875233,0.4666174478362649,-7.135007999864364,3.298794906049002,4993.2007
6065872442035866624,206.48416103576395,-53.46605935173378,16.822382,1.8158941,0.0277504149010628,-7.241047305770728,-4.870232153098286,
6065912608577883648,206.65430078740948,-53.17230573632229,16.823475,1.3912964,0.6639958227619689,-5.8608665888799445,5.388987328428416,4901.471
6065891644828731648,206.61764778508967,-53.5214782997337,16.823572,1.3658733,0.7259329587213135,-6.228477136833215,-2.1357385274785643,4973.3833
6065895527481969024,206.84321845637527,-53.3193870451014,16.824749,1.4644794,0.8247964342079432,-2.94591511348042,-19.67042461512946,4772.773
6065899173920012672,206.7586904771756,-53.28901363341404,16.825836,1.5704107,0.29976131123546235,-7.497792158825574,-1.174966944844109,5077.778
6065914704522265088,206.41218471826633,-53.17656551217636,16.828661,1.5269079,0.6129033251589643,1.7690024074108468,-0.9554983918587989,5217.315
6065891644828742272,206.61964770292016,-53.51389817158347,16.829891,1.2710094,0.5456321693062572,-0.06981713928726024,0.358201848081662,5677.3306
6065908962137063040,206.4966711703712,-53.349096740447976,16.83058,1.4023724,0.43830723705271535,-10.26643827867816,-3.532152181575663,5368.155
6065890446545949952,206.29153964493935,-53.28076592667573,16.831917,1.4355145,0.46041492447643617,-3.5608234091372486,-5.890529680647966,5019.1475
6065892783008571904,206.60211021299878,-53.468092361879464,16.833128,1.5666819,0.3150967277072983,-8.470436054894293,-4.718378228315724,5013.128
6065896768738276864,206.6825961052757,-53.34607741818652,16.83544,1.391655,0.44237735431088043,-10.810492245892698,-5.027927043840086,5689.499
6065892233252757888,206.71866397996718,-53.46397125420021,16.836277,1.3981152,0.28400175910564457,-10.847980385700497,-1.6917063940477095,6069.7354
6065883231000815232,206.31672902167585,-53.479087328139755,16.837057,1.2841015,0.41874279446680296,3.16057048691638,-7.643079027336925,5130.85
6065892989167004160,206.69871114309717,-53.459170504447165,16.838737,1.339016,0.5509976142401737,-3.0475325796669863,-0.03069355256262685,5443.497
6065911302907734784,206.6956087212342,-53.23328839473586,16.8395,1.3446198,0.2765264256238109,-2.5017502088538297,-1.714348312318224,5688.9116
6065893676361777792,206.85799999306352,-53.43137286642839,16.841316,1.5646591,0.8719489482547901,-7.046732865896512,-2.2293364316019213,4656.768
6065891644829856640,206.6210621492696,-53.522775996845134,16.842548,1.4385128,0.7358925433682835,-9.559449193527811,-0.8967620763207295,4660.74
6065868112716112512,206.59389813150773,-53.55057567063183,16.843477,1.3550186,0.7189493225311707,-4.863105144085784,-1.2436292344382112,4969.666
6065889205287512576,206.29356012107883,-53.33218423645898,16.843958,1.2738171,0.44190659039048824,-6.107039061624874,-7.182587053043354,5187.632
6065896184622693248,206.59571024499485,-53.40295439613329,16.846827,1.4026394,0.8259767032488289,-10.45958481051965,-3.3906376644678144,4661.18
6065911543425921280,206.70119633822182,-53.21943734864334,16.847252,1.7879992,0.338689070720342,-9.037402376176004,-2.758062032556939,4865.9126
6065890029930264832,206.35636808831902,-53.2602474988622,16.847332,1.1826344,0.4264951423752371,-3.4064704839319795,2.295916356104272,5285.7095
6065888728559019264,206.22884854164494,-53.323812481263026,16.84768,1.2333317,0.3466882879029367,-5.960464835438639,-1.0527692787031864,5380.712
6065871961006799744,206.4509879639663,-53.506415362072325,16.85308,1.8694906,0.09874107590676881,-5.591421791183691,-1.5764155514460683,
6065909997238078592,206.47567222645097,-53.310066383035156,16.858656,1.7356081,0.02667480047022286,-6.187326842471894,-2.0994735452749254,4801.674
6065914086046993792,206.56787228478632,-53.178739137472,16.860157,1.8989658,0.06846898476605144,-6.19333572351468,-1.423133942113527,4576.3813
6065908966445922432,206.49915204697857,-53.35032658380599,16.861488,1.3727989,0.3839616553401148,-2.683464355974884,-3.7029690710470673,5456.8174
6065912333699922816,206.668295894151,-53.207806280799666,16.86206,2.340783,2.5605533174799544,7.216037084437291,-11.349855329686143,3603.6545
6065896115903213184,206.5907060378457,-53.41074265872296,16.862799,1.9539585,-0.027171495336513755,-5.590175648583046,-3.1771141159243106,4856.967
6065911440346683648,206.63799888791786,-53.238515664038005,16.862865,1.334692,0.709519461679453,0.5520541487345445,0.3351566745713628,5071.5376
6065895978464809600,206.55932640734693,-53.438157964987894,16.865614,1.5648403,0.21496458278913966,-9.036676599859018,1.74092885086609,4819.7856
6065890446545955712,206.29857586344542,-53.264782725715094,16.868475,1.3107224,0.5070100393814483,-12.430234693751979,0.5221433120338689,5022.044
6065892301972237440,206.76760969243725,-53.454232662080216,16.868933,1.5575218,0.806296162688486,5.950203243060581,1.670487406211051,4847.3506
6065910096008460032,206.47058307096347,-53.29774597354326,16.869158,1.2032814,0.5290412208480875,-8.61890476360027,-3.295942790433659,5693.1733
6065890648402282880,206.2869606006989,-53.256294391069154,16.869263,1.7190704,0.23485436851369723,-4.172097341135491,-1.446292832072082,4814.47
6065913978661581824,206.55939809534462,-53.19431224824182,16.87069,1.4155636,0.3915176470953167,-9.176725821107206,-1.1582635540554103,4848.9287
6065896218982433024,206.60149736018067,-53.39881422813143,16.872082,1.422224,0.3697012812295245,-8.025060875735257,0.9520332995340295,4794.191
6065884635442250240,206.23870855346402,-53.40333049898602,16.875607,1.3032017,0.5959846014638794,-4.624097196765867,2.3731735209659357,4994.695
6065884674109862400,206.251716780899,-53.39312888444257,16.876781,1.5836735,0.2009456517594277,-5.263970439346122,-0.8302526292178785,
6065871922340050176,206.42506463141402,-53.513442248945495,16.877644,1.228342,0.39227938567562526,-16.47690188853283,-5.936743708322824,5520.139
6065884399231945600,206.28736382757666,-53.41759615373834,16.877712,1.149517,0.33371523639836714,-2.9842531148367617,-5.290618327096578,5468.561
6065845087383290624,206.79261517758016,-53.48217819048873,16.881601,1.4331017,0.35171572782038163,-1.427027328726024,3.104470823419556,5508.333
6065910787511671424,206.59618554439353,-53.22794620693867,16.882511,1.6344223,0.6257114248439254,-2.285385325715519,-0.18944885904048023,4539.8804
6065872820000267136,206.41475956930418,-53.469819651599416,16.882662,1.2887344,0.5010333468075374,-8.960684831008717,-2.824443974974382,5283.809
6065889793711101696,206.40627013309935,-53.29478091258331,16.884512,1.3748207,0.4874860443243609,-8.016619773345976,-1.071637118684468,5160.2705
6065898383646013568,206.73865668274254,-53.30823166654486,16.891548,1.3791866,0.7379007761286142,1.8606518538540278,3.4508372080480827,5023.5444
6065885150838315776,206.3804769714689,-53.413050108102716,16.891766,1.5035133,0.9333289734585675,-8.880630084262203,-6.945200912391591,4574.9873
6065895458762483968,206.85033470924222,-53.33318146665016,16.89191,2.0967894,0.07463871166666725,-3.90730078717433,-1.1125997814731736,4820.773
6065891580406760576,206.61041540549482,-53.53977512214918,16.893278,1.7491493,0.21458800618965845,-6.5802858618093945,-3.766449778330367,
6065885704902196736,206.46349654089678,-53.364765214878744,16.893766,1.6245108,0.6685378347609039,-7.466194468309348,-3.014459521142421,4533.35
6065886804413832064,206.43363087548366,-53.313949035820094,16.896156,1.5061693,0.18247787138757898,-6.876176804692983,-1.3642686542194935,
6065885150838330240,206.38930120499407,-53.39837132788916,16.89741,1.4594288,0.27856704291770107,-6.766639583587159,-2.6177497166599633,5614.1562
6065890137308458752,206.36022420956775,-53.26450620135708,16.897789,1.6713047,0.060254422850912606,-6.778093295251559,-2.9336999267314376,4757.569
6065893985601259136,206.81764277950765,-53.401646484219796,16.898567,1.6049824,0.24658743454234627,-10.977280566120331,2.61118901504062,4939.7026
6065898040048601728,206.7809893348393,-53.336689467383216,16.898712,1.3947239,0.4424502181222877,-3.727386214229127,-0.8339680222461319,5257.285
6065887697766850816,206.24300519957566,-53.36375624859,16.89905,1.3916721,0.46810765088527534,-4.473487553245846,0.8564556105637173,5107.46
6065892783001083008,206.59401870342654,-53.47551939813534,16.899754,,0.2935206152418615,-7.513764946328192,2.453212445129113,
6065893775132620928,206.79236958891988,-53.43510110717549,16.901602,1.3898449,0.4239981623131116,-5.1862499611630675,0.7719460164662704,5010.899
6065896837458275840,206.56108431309747,-53.3961603169273,16.901957,1.3850136,0.8126814666602419,-4.542598734989214,-2.730474284384656,4624.1143
6065891065021251200,206.31825136728895,-53.24397398715686,16.903364,1.1790876,0.1410838392346878,-2.8103493203016714,-1.2911814418016592,
6065895085111089280,206.779906080278,-53.35351005143515,16.903372,1.4877224,0.37791901693637087,-3.0930591243167704,-0.5454906726340325,5435.9326
6065897593372020352,206.67928435405156,-53.32207632260831,16.904625,1.3933563,0.5832214146932051,-7.098022049644726,-3.033078371235936,5070.794
6065911917078964224,206.73590320356655,-53.19495951893982,16.906576,1.8061647,0.3781685712913806,-8.35036420817307,-1.7030026297853273,4703.1885
6065898241909127296,206.70815834579537,-53.33281421030851,16.90824,1.3714008,0.36564617073700295,-1.4552047906764245,-3.351898948477955,5518.7363
6065895428708484480,206.83119322476995,-53.335722156138765,16.908686,1.4076672,0.5502722686416004,0.7692127474518642,-0.32827166544899733,5237.176
6065897799530463872,206.65887087778248,-53.308826904623885,16.9087,1.5106182,0.7637140040672329,-10.374896400433535,-0.8878389378822675,
6065884360564321792,206.26937363635858,-53.421611028896415,16.909771,1.2654514,0.35075805529329857,-9.94984310397442,-7.656458652656397,4999.1855
6065899276999218176,206.6833651514409,-53.30213999813301,16.912905,1.3320274,0.4976284566561092,-7.0030965952602084,-2.4499577829249173,4565.925
6065891408619024896,206.6483202576429,-53.539776759524614,16.914484,1.3982506,0.7289760345164459,-4.626779156922165,-1.426260751864277,4917.632
6065887663407109376,206.23174463575728,-53.37273873630709,16.914722,1.2156143,0.5023184505658855,-3.6820412063310934,-4.203849694974557,5222.9346
6065894805924825344,206.79423246309446,-53.38587426683139,16.916649,2.0969467,-0.011385915909852549,-3.9984256545217787,-1.5326645177439828,4910.82
6065873129237988864,206.4048186829947,-53.450188784701076,16.919003,1.2155876,0.47992163599686233,3.529349554131711,2.836399779925256,5304.7236
6065899929834344320,206.77098234788446,-53.22373292169556,16.919947,1.4025726,0.40956909770518507,-12.968181090007164,1.7925847707590217,5666.725
6065910061648720128,206.46524012603257,-53.299949737273565,16.921564,1.5052147,0.2897791392677654,-9.728518984565113,2.06772661695613,4973.7686
6065911440346692608,206.6451273228755,-53.231523082568536,16.92189,1.5380878,0.8860540172324394,-14.347388459002342,-5.203944460793727,4506.9326
6065895978464808448,206.55388700673925,-53.44465094480012,16.92281,1.4141617,0.7973168580056604,2.1748582922224546,-0.5641124786078553,4684.2056
6065899483157692800,206.70680076536254,-53.261449035676854,16.924412,1.3171005,0.6054064102422441,-24.54825701702039,-14.656602465243957,5375.964
6065889170927760640,206.27644279355283,-53.35151611766002,16.926523,1.6468544,-0.024111168073169778,-0.028051716314684404,-0.038420382200612786,5414.2837
6065910096008457728,206.47592388353476,-53.3011349029364,16.926605,1.4032269,0.2586360222910625,-7.612699790755492,-1.714550292550302,5180.3037
6065890790143481856,206.3374689175822,-53.270519963392545,16.927807,1.2610111,0.3101385789238559,-1.8753727590282836,-1.5823463383641108,4848.9663
6065869139200118656,206.52354835092163,-53.5081453224254,16.928741,1.3222713,0.29040180839422186,-4.346821915578942,-1.7799149466576296,5440.7275
6065886632615126912,206.37566706525413,-53.34599932367134,16.93372,1.6228962,0.18563779473988262,-8.658899048934344,-2.3224129049879574,4694.119
6065890618344644992,206.26984177091924,-53.27404964693094,16.93517,1.2303886,0.4261137760772457,-8.056610628252006,-9.971205758331816,5393.766
6065893397175541376,206.73563302409485,-53.39654792191322,16.935377,1.3169098,0.48166588835429386,-1.0502529616561165,-1.9717439845255247,4931.33
6065897936969375104,206.760579942466,-53.35065204218826,16.936628,1.4583149,0.3348515754615012,-10.175148743777683,-2.0867052657097895,5245.025
6065910890591305216,206.51803729094527,-53.23206444892318,16.93664,1.4148903,0.28130573297351796,-15.063292997953667,2.633893635964263,5352.5405
6065891546057982848,206.69777882771902,-53.50829363461658,16.936695,1.3499641,0.5746105231978538,-12.32313550877798,-0.8922926055971687,4731.0005
6065909000805664128,206.52828288862204,-53.343748971148216,16.937382,1.8032799,0.2879876537672116,-7.650037105597912,-1.2401398783876774,5238.674
6065910375195209472,206.46096040603186,-53.27468759499258,16.938044,1.6914539,0.11566521087295713,-5.812122716262612,-1.3608213172727326,4685.89
6065893435843623680,206.7104436423751,-53.39918738624727,16.938826,1.45998,0.6694453775542234,-4.5394677468547435,-0.41441763405165577,5087.801
6065891954066413824,206.73760708266136,-53.49025471510363,16.939144,1.3366127,0.20128123932362357,-9.17329819688423,-1.7675111402840225,6774.5977
6065898005688858624,206.73717800233453,-53.34365285761999,16.941788,1.4320965,0.5631592404461255,-15.033538551585542,-7.417437410453573,4545.0176
6065886593947405824,206.44519859011635,-53.31702616194972,16.942097,1.5178251,1.2358081915627712,-7.8673526963150175,-5.123839056991918,
6065893607642297472,206.81384535302635,-53.44473422457941,16.943605,1.4311771,0.44220547840815727,-7.590287354306752,-0.49640164695193173,5346.045
6065895737946642176,206.5879497325108,-53.44610971352817,16.943651,1.2779655,0.35784797133032703,-9.030196227696251,-2.9520052600102193,5371.412
6065895767997415808,206.56396738239286,-53.45737382045922,16.943817,1.3387184,0.29802652078108327,-5.105509304288602,-3.1156816402162373,5148.214
6065891133740879488,206.3251923660279,-53.219788795193956,16.9456,1.2667408,0.46505886722152184,-6.106202214959756,-2.2377224142804932,5183.43
6065914567083313280,206.4583630379752,-53.193837811601185,16.945892,1.577137,1.1383898891396158,-10.546043388325746,-4.765458400267665,4626.7656
6065886628307127552,206.3710477056117,-53.34426553300641,16.949072,1.2223244,0.4257192049947214,-3.8492562678704414,-4.915924863011769,4911.936
6065889106516119680,206.2685742294877,-53.37535486518061,16.949572,1.2802258,0.41579336061846506,-11.888381021772272,-4.074946601553595,5193.9526
6065897176746779776,206.5272929424644,-53.37717168796946,16.950054,1.4104671,0.18313811455723666,-3.382245484451543,-3.924010747953693,5663.752
6065889553192742400,206.32646665314252,-53.30988623557337,16.950182,1.2604847,0.11722904901879362,-8.482649418853788,-2.275498059927931,5496.2505
6065871750540226688,206.46589670540473,-53.513770940501736,16.95132,1.2599163,0.48003771248602767,-9.671892830889917,-1.9978614197638633,5256.0674
6065892091505392000,206.7620076393087,-53.470601953767456,16.95216,1.9120073,0.12961341489152806,-5.6692777019147504,-0.8450933426377734,4781.9473
6065895944104516352,206.6206276029291,-53.419328759065,16.953035,1.7120876,0.3620713739615533,-7.138193597129651,-7.269520575425123,4698.342
6065899895474592256,206.74679678240915,-53.234403262678576,16.953142,1.3812675,0.3830071208810418,-5.019043346138163,-1.7861501878423542,5460.962
6065911646506850432,206.7466690011398,-53.21671263203901,16.954153,1.4684181,0.5585923042303164,-19.473249238348636,0.20330192075168552,5155.782
6065899242639518976,206.75699749976445,-53.26337234549762,16.954334,1.3892555,0.367323108159255,-7.487287216322695,-5.559096893144984,5233.049
6065909687999979520,206.6406611938393,-53.27068008924252,16.95559,1.7642002,0.17240710338962692,-4.037984893165296,-1.4193124170047315,4914.461
6065898516779210368,206.796698759024,-53.31233603913798,16.956936,1.4750862,0.34901569145104133,-6.588644682900984,-4.542090869152988,4779.4565
6065910130368199552,206.51317203429792,-53.29514706372591,16.95741,1.6380119,0.08948374539072229,-5.083787931755087,-0.8903401858570126,5177.063
6065911985796758016,206.71053310898483,-53.193479687796575,16.962124,1.6787462,0.12627577096115597,-5.16246243208029,-1.2297314275905111,
6065913566344664448,206.4206811891843,-53.25483801690645,16.964338,1.3151894,0.46372652441056766,-5.1830484287862575,-3.346394460504177,5199.4673
6065873571606489984,206.47689687189438,-53.40975664226503,16.966846,1.0473366,0.028776118654681604,-6.0000604834121205,-2.0617446885954687,
6065894810222625152,206.79351447710806,-53.38509608000258,16.966982,1.4676018,0.7485054022594037,-15.083245521868665,0.2715784911357858,4922.6694
6065895497429770496,206.81467588514934,-53.32842807136651,16.967457,1.4673824,0.47340449323284056,-7.273165530424411,-2.095596617334837,5258.9824
6065886731386358656,206.37659128039596,-53.318282286351156,16.969036,1.2507591,0.4696930090536264,-9.173863746333296,-2.598839940026527,5164.57
6065889931150017024,206.3341430905489,-53.297528848543806,16.969059,1.4342957,1.0238072657792983,-5.830381249588175,0.9550560904272425,4667.067
6065891374259286400,206.63316346407706,-53.54328843427771,16.96983,1.2942677,0.47541586626496146,-7.944728327377005,-0.618474211680614,5324.751
6065895188190301184,206.8694248960768,-53.35550195036432,16.97058,1.4349174,0.5434418108281114,-0.9529438528163451,1.8937161511703873,5401.7817
6065884399231946112,206.27880056665478,-53.41646284934407,16.971792,1.2726593,0.6589506152186659,-7.250937312839716,-1.6249641382834095,4968.2314
6065898761603151744,206.80527352187653,-53.287591457557426,16.972454,1.4087543,0.9071655595672699,4.594491396040059,0.47915663429284605,4845.105
6065910817565602304,206.54046111428758,-53.24841682737101,16.973433,1.5819321,0.9603263601019866,-14.181731493739022,-1.8105608805953013,4840.5938
6065886525227918080,206.44096673548094,-53.335408913627646,16.97468,1.349638,0.4238320622086168,-8.219208853552399,-0.515951332720797,4585.6914
6065911405986946176,206.67630286881348,-53.236661576374956,16.976156,2.5617647,3.4697847002237294,11.892228544109258,-9.479607152831612,3554.3525
6065895836716909312,206.60471631586196,-53.44522130678581,16.979269,1.4713669,0.6900614881150035,-9.543286562924472,0.22254232313506145,4677.355
6065892817368313216,206.62622354549688,-53.458731764590006,16.981026,1.4691505,0.3956477532983253,-4.585097092080342,0.6040715943891959,4912.9097
6065893607642298752,206.80443785090557,-53.441149523512074,16.983469,1.4950676,0.5592860258319012,-8.099390166042058,-4.203007700266274,5295.724
6065909099576029312,206.5406606098496,-53.33023832455822,16.986105,1.3267899,0.26761640230851486,-9.010888880127462,-2.5654552452633954,5409.913
6065891266874514176,206.34754239177997,-53.19947344732438,16.98892,1.7668648,0.025458216429874787,-5.111597381009737,-2.091656776257527,4889.8716
6065869109141127680,206.51227122250447,-53.52405703497373,16.990692,1.5884056,0.35095194430680804,-12.137151425392625,-5.434027503770974,
6065914979400188544,206.50573663920363,-53.16030228421703,16.993103,1.3386364,0.2624181454020126,0.2670635541213575,-0.7696930312354755,5288.8037
6065890240387509504,206.25279487972543,-53.3134686133404,16.993244,,0.42172400866523924,-7.304212138390062,-0.48822490722144435,
6065885533096292480,206.4139544155145,-53.388412611076,16.993406,1.3566227,0.5302830415242978,-9.479727934628109,-1.8768663288173715,
6065895115162507904,206.8048365483267,-53.3405184814432,16.99412,1.4926071,0.2586030938191547,-3.0952506941848448,-2.1655842795728004,5122.8403
6065889720683600640,206.34362658588972,-53.31143707541423,16.995544,1.6494694,0.09398749588029545,-8.58607197655562,-2.2093978654629227,5048.2983
6065914597136875392,206.4284029019641,-53.19039666530325,16.995956,1.8402004,0.22494588241226976,-4.688561702521282,-1.0185422456078748,4764.953
6065913776809325184,206.45482390634518,-53.2100285041796,16.996668,1.7949371,0.1834562705941999,-5.953656588649655,-2.605364986280326,5041.192
6065892679929923840,206.5820574432532,-53.48741531966883,16.99948,1.7416687,0.3123578067568701,-5.197699110647868,-2.1606294712525247,4705.549
