source_id,ra,dec,g,bp_rp,parallax,pmra,pmdec,teff_gspphot
3060210210391758976,112.62927405894366,-4.454609379734901,8.926501,1.1435719,1.7935146232842916,-2.7458082145630685,-5.7874183143602425,4799.434
3060208664203492992,112.75239285299587,-4.463358767934206,9.212437,0.6152296,3.6793892373510566,0.41627125241244506,3.627394457343103,6360.3267
3060212203257692416,112.71162433805961,-4.401464839934039,10.722251,1.1598825,0.9312988342983504,-2.1630339128171565,-2.2939824688399497,4755.263
3060207564691871488,112.79549155562462,-4.5059982193825485,10.823451,1.5934772,0.6779966471094229,-4.4280351470600925,-0.4882865553309297,
3060206018500450688,112.66313196130716,-4.561857668667914,10.96374,1.1799059,0.8328652352133387,0.9844983607014858,-3.1855291799378422,4734.37
3060209110880056576,112.76173849998769,-4.408853749012196,11.001936,1.3611736,0.6971003626225732,-0.5186713909112197,-0.8655782394384192,
3060199936830043264,112.61812342089773,-4.602176092417053,11.307549,0.63424873,1.9885647051779753,1.5998442079610091,-16.32954100950177,6430.4004
3060231650868389760,112.86075795943762,-4.415974877361433,11.384179,1.1510525,0.6147490287189459,-0.4053712508199326,2.10288335972177,
3057201362462339584,112.75171583611781,-4.6565623803084195,11.399973,1.2954702,0.5073041803270599,-3.3603675280690446,4.9106225767278895,
3060232716020284032,112.803915956459,-4.384228498597742,11.4435625,0.59211826,1.164522496989445,-8.622931149485552,-1.176294085542438,6437.0195
3057201293742859392,112.75740458202004,-4.655014644642747,11.520697,0.1488514,0.8516109732252484,-3.141120448421384,-2.698761180700693,9811.841
3057204386120849408,112.81584603121291,-4.562483269098145,11.602721,1.3324919,0.41742406048625824,-3.373650440455865,0.6898334097652686,
3057203252247856384,112.88975323269244,-4.589262905535947,11.649147,0.5301628,1.580221757629887,-3.5349286585524,-2.2708155018791976,6944.3545
3060211550421527424,112.68868202181498,-4.4397640821899635,11.668424,1.060133,1.3685795179841576,-16.47365047128381,8.723867825444305,5809.0845
3057204557917935232,112.78679612019252,-4.553928769052344,11.690919,1.2046175,0.6586752206694201,-1.674264257022956,1.0061922789560647,
3060206465180300416,112.6666047012787,-4.535079820440369,11.697099,0.48215675,1.214359925926839,-1.4058438986685486,5.617833878662553,7226.368
3057228678455244288,112.88312630740862,-4.479284218507297,11.704539,1.4128532,0.4126049769560259,-3.4812444498666193,0.30029917268449013,
3057198648042954240,112.85365094106174,-4.635368117261282,11.72944,0.3129263,0.7790255387564159,-2.0953264271086973,-2.2796559395104365,7861.198
3057196380300293248,112.69735545699419,-4.649243897007246,11.745815,-0.0059194565,0.8174824888133975,-2.889603590079098,-0.3917635131056961,10024.471
3057204111241291264,112.88458041213532,-4.539133350280757,11.77508,1.2413263,0.5695971540855607,-2.081803225937226,0.6232136160765971,4614.339
3057203664564702720,112.91081308489342,-4.577265495968988,11.792177,0.26936913,1.0615692901822307,-3.1449260767552545,0.273866630088078,8167.441
3060211894018893696,112.7265255053296,-4.433360669339022,11.823832,1.3102894,0.6127163515495638,-4.01926123719136,-1.1682925455987434,
3060206911856880128,112.67234202153423,-4.494020439133713,11.824613,1.1688223,0.5187249549893224,-3.272651726881919,0.9209502238681943,4859.0576
3060206087223186304,112.6474263429985,-4.542727293081163,11.884275,0.8256378,2.0909837479219626,13.655978986039527,-29.941956587087542,5591.153
3060209694995706880,112.63356310034388,-4.510894811688681,12.1507435,1.4597969,0.4848877019016311,-3.720522409615483,3.583248406386858,4659.1055
3057203389686832128,112.83988027045177,-4.594866751567193,12.1867485,0.5880995,1.1674953674516209,-5.667295265128992,2.382567769378994,
3060208458045077632,112.71954383880046,-4.468159211145631,12.212341,1.1950293,0.501067120352791,0.22995723860846737,-0.4435423193577559,
3060212168896803072,112.69571939499383,-4.41546112072231,12.271765,0.69362926,1.792602879562767,-3.773939198378014,-7.069131278469428,6066.151
3060206636978969344,112.69419065638843,-4.502929079772607,12.290584,0.028794289,0.6512203078296945,-0.7612786706859245,-0.3150838855728503,9925.143
3060207736490531584,112.82946978789128,-4.4728532660922875,12.301403,0.35091305,0.993453698461382,-2.8816488947669594,0.9981570303094859,7726.17
3060231685228122240,112.90234110968774,-4.435882843305994,12.3409195,1.1401901,0.39464422935048793,-3.9844712189913443,1.2702180062145088,5789.4414
3057228163059783424,112.94639567038283,-4.4852845795270655,12.349914,1.2663479,0.5150355104316048,-5.393736616132869,1.3327511358829707,4648.253
3060208385023634176,112.6915972316522,-4.485746252026578,12.420494,0.6131458,1.2377000269486897,-0.35524383612895877,-5.179240975897401,6532.339
3060204850272619520,112.67191508837325,-4.603230224737645,12.4227085,0.69848156,0.8900231414586606,-3.5488773725092804,-1.0734402651938342,6230.3135
3060231582148920192,112.8542543501404,-4.424732672583603,12.429169,0.6816206,1.7073001030401955,-23.587070105848255,10.06262897164157,6164.1387
3060225122518398208,112.64371118580613,-4.343203408021337,12.469065,1.1838522,0.4446029022817267,-7.873046337611844,-3.764099587608263,4967.3013
3060232990898475904,112.86551026971419,-4.375049248039815,12.482807,1.0987902,0.4385443088879261,-2.5902813171470145,0.2343997420391483,4989.28
3060205881064770048,112.63794355237543,-4.576048942267432,12.497245,0.85055256,0.8534424764727241,-4.528821109495406,2.6801008583479886,5868.4604
3060249032594111616,112.66193030566897,-4.293822942144696,12.5378895,0.8123026,3.030557778109816,-18.039715282083897,-0.07079119851307814,5647.2563
3060205984143980288,112.6451474656837,-4.565394476070854,12.6624,1.3043079,0.3700922228896184,0.581783616873507,-1.5741977560766707,4594.635
3057202526394998144,112.76410114822914,-4.62501392374437,12.686711,0.3216915,0.584139857110999,-2.71141382088882,1.7152730963761025,
3060206671338734208,112.65018003933231,-4.5330107200430145,12.721643,0.2129898,0.6220959145208748,-1.3045987240767842,-1.2720879028072505,8899.773
3060236770469412096,112.742564297446,-4.341332657752025,12.743602,0.83056164,1.5571288007569928,-6.26452867662684,-1.293674280383428,
3057203905082879872,112.87649659056564,-4.571255668205408,12.756593,0.659565,0.674597133198529,-2.343326937034689,-1.916706963731618,6509.814
3060237010987589760,112.6979705072927,-4.324365759586907,12.7744465,1.4729195,0.19474237631531296,-0.18792805282195038,-0.014586223783385288,
3060232097544960512,112.8957157583839,-4.40061851875385,12.80607,1.109767,3.2174338887257203,-7.5892948781033915,0.8699982483815353,
3060207495972391296,112.80760297170002,-4.5077051701132405,12.815269,1.1509075,0.3387961673356823,-1.0734494780153403,-0.7762748683633881,4726.691
3060236736109680896,112.72545267172418,-4.340593689831774,12.822739,1.8934641,0.09518656867826833,1.136316122697212,0.21156534367587962,
3060212546853945088,112.6374951628071,-4.411493088781846,12.881045,1.3387814,0.4187204527100812,-2.3716400663343644,1.6793264682728062,4561.4375
3060224985079218560,112.60132230359098,-4.3552748705048545,12.911976,0.36320686,0.6432917682028835,-1.328147189293552,0.7689360655690538,7977.064
3060208870361917952,112.75007231719552,-4.451034291887061,12.944333,0.57100964,1.079925179992278,-3.0911321749950993,-0.34352787452734074,6705.833
3060236633031667840,112.72287808720326,-4.365370441125511,12.967348,1.1315975,0.30886381817348585,-2.2258173129872976,1.6737859912744444,
3060207977008704768,112.79382055325891,-4.457553675510096,12.971741,1.2663717,0.28285551433612743,-1.6187417348929845,0.09402178496827401,4727.9106
3057201293736694912,112.75796584407206,-4.655246570879972,12.978107,0.53410435,0.8983527789773812,-2.547603181142083,-1.7616796039371054,
3060233128337125376,112.82377029508584,-4.367696982147503,12.985724,1.1578712,0.32767134736570586,-1.2933058544122882,-1.3083741634263344,4913.8403
3057201534260999040,112.80143839775658,-4.638727714009858,12.9977255,0.7083454,1.1175882567593745,1.7396875355407793,-6.812414528862569,6129.705
3060204815912883584,112.6610794074843,-4.605860736035753,13.034394,0.7529383,1.0037962082856748,-8.054236715397947,-3.848476759394354,5977.8867
3057202874290800128,112.72312943496375,-4.591502473053696,13.038322,0.29735184,0.6341441586893799,-0.3684171112915967,-1.2787191095448163,9612.756
3057228369217606912,112.89797881660093,-4.505103828650488,13.094213,1.20152,0.3187627122484099,-1.2650893555475187,-0.8997219963303966,4761.5874
3060237217145978752,112.77254711969684,-4.314232978672196,13.106034,1.1770391,0.1885697227093451,-0.6036902364482194,0.08312639441801221,4890.9424
3057202049657118592,112.71193157619652,-4.650221741643292,13.1210165,1.2285328,0.30182737050874714,-2.0517080082134016,-0.4146434690517383,5028.4224
3060248830737588096,112.67445347270892,-4.306997926984378,13.133145,1.0896511,0.3110957904051268,-2.190122253707017,2.328219539262664,5202.4165
3060210897586542080,112.59102103630993,-4.459108791765742,13.170923,0.3827877,0.2206479391143746,-2.281099775726639,2.0764992055451574,9551.688
3057203802003640960,112.92289240946126,-4.557075088653899,13.178297,0.62171745,1.0004642353372577,-1.446758625570487,-3.4722016580434953,6537.5054
3057227574644261504,112.92735642585507,-4.523492142939253,13.18304,0.8143425,2.1771716810335118,-1.4866039728540636,-8.1632562893918,5677.9478
3060212478134475008,112.6401781404699,-4.426161099302604,13.192724,0.4777708,0.8378203339898845,-7.181011095794708,-0.447585733919724,7320.425
3057227613303365248,112.91267254354258,-4.520664864894145,13.226795,1.5269756,0.12160932672037872,-1.4644378510539098,-0.012566223935400772,
3060208114447712000,112.70515738060371,-4.496536932653328,13.269857,0.8857479,2.0645668828574464,-21.690859470458197,0.05241609529947085,5749.265
3057204965936112000,112.87581622761067,-4.5052078177048935,13.283993,0.7697668,1.6717456940752204,-3.1533498716205153,2.6445964525819488,5799.86
3057202388956044160,112.72483642803034,-4.616186503335368,13.287669,0.6413269,1.0316797458990525,-3.038974756400244,-0.6815071712979873,6508.142
3060234811964250112,112.8816830813756,-4.321986003423877,13.314745,0.738904,,,,
3057229434369441664,112.94013714504888,-4.414677386153894,13.340356,1.1655827,0.7098992414392091,-3.9476484779709446,5.4799436528903875,
3060207186734750592,112.78603586531901,-4.500889029116153,13.349354,1.2067509,0.2783577556318476,-0.5540581558448125,0.31175994924774403,5473.039
3057204965936112128,112.87323726617403,-4.506538990702123,13.363089,0.74014854,0.8737304526209034,-1.6766869212423559,-1.3489645718475582,5944.2227
3060208251886645888,112.7323664574346,-4.475308002765924,13.386652,0.9743767,2.237173094511091,-5.419554783416015,-7.2328244089373,5352.6436
3060204815912884736,112.66083931751159,-4.609900493260243,13.419845,0.20117855,0.4824925795717218,-2.3293840599880276,-0.194557718989155,9047.556
3060236701749958912,112.70877041034615,-4.357586171298608,13.437925,0.7068987,1.3712488409827597,-3.1481748131209937,-5.765620805173257,6011.18
3060204815912887040,112.65517125670603,-4.611868551660125,13.446201,0.5463705,0.47561732898436315,-4.297517908020372,1.0926204826563155,10735.63
3060231921444411264,112.91885651414209,-4.3971096318200935,13.467542,0.6757002,0.8961134872392063,-4.039345282695549,0.2020419237095087,
3060211584781262592,112.69134190845874,-4.435523823145585,13.471006,0.52257633,0.6384754303893642,0.5400290612378361,-1.272909039764766,7360.432
3057202874290793984,112.73622492163136,-4.589703733665222,13.496271,1.2305632,0.25581535215889933,-0.11472609723755549,0.409003434213861,4859.324
3060212856091582848,112.63018891297467,-4.392114927961895,13.501564,0.9230652,2.059711179385999,3.3619730946682713,-8.905694206234207,5502.5996
3057228850253926784,112.88659548301372,-4.461700392553259,13.522942,0.14354229,0.3039141509341787,-1.0554768485230022,0.9333365781451957,9018.715
3060209694995705600,112.63563766531536,-4.508379224968546,13.529126,0.6310291,0.9938415126636501,-0.48456308794696357,-5.448731462755136,6431.6396
3060213062249997568,112.66032536257194,-4.384991747726025,13.536454,0.75124073,1.3664818898688118,3.9452753305428643,-3.021409270862351,
3057203802003635968,112.93161977237321,-4.549056840906821,13.542737,1.089181,0.7982144101389322,5.620772790657757,-8.456879092670075,5149.627
3060209042160584832,112.77286158364892,-4.424433133388648,13.65779,1.1578436,0.20745414093109868,-1.0581094889773934,0.3123876091603148,5499.7036
3060223060933903232,112.58247152553069,-4.409905896080284,13.659406,0.123244286,0.3120108881408618,-0.9016654200414224,-0.2825904903881276,9583.507
3057203561485510656,112.84000693230924,-4.570231757056152,13.679058,0.5163584,0.5974559143550366,-4.831534967547726,1.2794606450596635,7255.821
3057228712814989696,112.86351224106318,-4.47772113138522,13.683054,1.1576996,0.834417527122535,-5.86917598922569,-7.572349720364671,5051.509
3057201706059697280,112.78736361926941,-4.641330338985541,13.688074,0.44053173,0.2750579654433069,-1.3450691401551937,1.227634001816424,7671.2183
3060224710201313536,112.6159608726562,-4.369178722265606,13.693758,0.668746,1.1333775378470303,-6.008608234319895,-3.3523721280726044,6235.5967
3057204970234740096,112.87279723149257,-4.506239235138584,13.696889,0.79566765,1.1788626482742763,-1.3594645098823006,-0.9516198348866861,
3057228850253927552,112.88057183750333,-4.460274382066719,13.698132,1.050725,2.9280420480277782,-12.54100969681494,-30.59509597093531,5106.9136
3060237698182288000,112.76665057344248,-4.264757615393172,13.742309,1.3482971,0.20358037508207913,0.37656262803752216,-0.8845288049568193,4843.6797
3057228575376023808,112.90245461876647,-4.482736189865716,13.743279,0.97920036,0.20944775384719147,-1.503016516336829,0.9348474508523488,5233.152
3060207667771057152,112.83653782622288,-4.482735139482745,13.743416,0.64443016,0.8855319361164474,-3.170196162768982,-0.6139075007852481,6422.1875
3060205777985523072,112.70204701445182,-4.53624428377145,13.792263,0.48533154,0.6203018087506811,1.4770548901028386,6.586229029987567,7328.3057
3060232544221609600,112.78984277517951,-4.402953821039967,13.793107,0.8654146,1.1370984697896247,-0.09565341715158437,-16.382420636260097,5549.616
3060211000665746304,112.5996754636524,-4.441923031654104,13.798189,1.2455759,0.2588330993159476,-0.47792207683336024,0.7217886981372089,4955.3145
3060206224662150656,112.61478656940169,-4.548604507477026,13.800744,0.8499079,1.2593471168834365,-1.482946443967799,-2.709127368812163,5889.0957
3060235602238328320,112.7515948857005,-4.38263638693778,13.829428,1.2276077,0.23939475237007105,-2.644664679270858,0.07218718228464537,4826.225
3060209969873610624,112.6146623432606,-4.4876944436455775,13.8383665,0.7200079,0.6451788072481948,-9.85754825704535,0.9886023136522974,6220.3545
3057205210752915072,112.84388656120093,-4.50154905071341,13.843128,0.65380573,0.42718049866291985,-2.056910286019958,4.9974967465845985,6661.458
3060207977008702592,112.79987768319512,-4.456464816520709,13.87878,0.8464947,1.022980917954143,-0.8124840339206484,-2.837527208135612,5764.824
3057228953333761664,112.94814340985982,-4.459085575061009,13.887942,0.90370655,,,,
3057202015297370112,112.73371953269309,-4.645352340825603,13.895643,0.94704056,1.329316070920158,2.585147191883965,-12.366815689090256,5253.9814
3060207358533456640,112.75656694162149,-4.507158632570897,13.910477,1.2989111,0.20198611198839586,-1.2016634752113515,-0.46286768192198424,4889.2515
3060200211708086912,112.59390766267121,-4.580399993342541,13.916704,0.6322117,0.8594109392303984,-6.351845080612815,-0.8306651432237204,6357.9775
3057203973802357248,112.85453577095528,-4.556232347264645,13.933418,1.209465,0.2694732212750844,-0.8626745317090239,1.8866219780651698,5560.134
3060207014936090240,112.75315458264855,-4.542941336462149,13.933654,0.7978201,0.920227665405392,-4.7393539084233405,-7.356008483879903,5689.3555
3060209420117821696,112.56957256271176,-4.525862241735296,13.948788,1.212388,0.18558376516436204,-0.40809671777109136,0.06352392256598052,4890.9746
3060212611271448576,112.66460610025523,-4.398146325086459,13.968263,0.37014103,0.7884884554616126,-1.0656108067876842,2.8881787686820375,10378.868
3057202427614212864,112.7268301224482,-4.613547391123618,13.977013,0.6637869,0.6198291003953131,-0.7836366344472632,-4.345640915591782,6471.531
3060236804829138816,112.74894051434956,-4.325040113014176,13.977205,0.6935177,0.09889640124533008,-2.620770884497919,-1.3223890362586819,6421.916
3060207358533661824,112.76279136921003,-4.5172799956185115,13.99796,1.2775106,0.25043751088287003,-1.8373474395162446,0.8323997150079373,4664.308
3060232028825500672,112.86483211972492,-4.401340925654536,14.013459,0.88033295,1.7052131634899625,-23.43198883778433,10.280110277289932,5595.36
3060206774417942528,112.64847937379737,-4.5127909482282655,14.040364,0.7632513,0.8481493957016124,-1.9052009339807245,-0.24632833401251006,5823.3574
3057201980937643392,112.71954211015732,-4.658034648648572,14.043168,1.1557779,0.1669086122809601,-0.7075549018146609,0.14162452567117217,5370.6836
3060224985079216640,112.59777220223863,-4.349177782750044,14.050184,0.8213692,0.8871565799873697,-1.7454545180276573,-7.943518078710849,5663.9194
3057202698193687296,112.79733096541432,-4.58474939144578,14.050675,1.2282934,0.18181578413630894,-1.3832692052908988,0.8195818462996267,4944.635
3060224847640279040,112.58152734085164,-4.368388641318535,14.054161,0.83972454,1.1006229538401717,-10.237840016732518,7.7502829014934775,5655.7046
3060234468366867840,112.91327513310324,-4.346722054463372,14.057373,0.4029951,0.35842890191849874,-3.1098437511956107,0.44079563975317876,7970.388
3060236426872002304,112.77698713974905,-4.325855179969823,14.063447,0.6596527,0.8398093224064415,0.1791609461275965,-1.2294713541366982,6362.251
3060206259021884288,112.63390080414645,-4.548924702364828,14.064429,1.0937681,0.22136392956469583,-1.0412241642224909,1.1407301221897057,5365.1143
3060236529951192832,112.81486759736055,-4.314252927036756,14.081885,0.8179226,1.005929457096752,0.05439656529258405,-3.052379130715654,5640.2573
3060236048915194880,112.76492321016086,-4.34546400873205,14.087366,0.6387806,0.48626572413493135,-1.6584377868146147,-0.3330737672893693,6728.5522
3060204914693527424,112.70943822978626,-4.594609775190863,14.092995,0.45309258,0.36011799109177456,-3.3509460654276046,2.836160921255942,7582.1807
3057205073313979520,112.81622907610492,-4.517689665951606,14.099235,0.46198463,0.5543954734092219,-0.46151580534495623,-0.31611503805293295,7417.383
3060207805210026880,112.79596814815822,-4.481999578506888,14.117749,1.2559738,2.9245528045253657,-4.677661752695519,-3.3723976173295354,4617.6533
3060208904721654272,112.7530836175698,-4.450570613056669,14.121806,1.1673307,2.5972237505222324,-7.079559233405316,-3.021056660458707,4852.5454
3060211786637975424,112.68785561098177,-4.428384957683616,14.1298,0.7098112,0.6450279840680934,-1.1557979296780871,-6.149780346009416,6230.0737
3057203011729729408,112.75844746512001,-4.571912218137825,14.134,1.3995619,0.29242529668454503,-0.6760796955224463,-1.6400590938949595,4515.3926
3060207221094514944,112.73890191904324,-4.521764115558684,14.139072,0.69016457,0.6098004340510668,-2.066285751424548,2.8002983881985544,6490.769
3060236048915194240,112.77019982390777,-4.339417168809335,14.154504,0.81213,1.2547553227631236,0.39553341739715625,-9.385133128122124,5763.5425
3057202943010254592,112.76445139176693,-4.579942464683778,14.161877,1.1774435,0.2267510512526831,-0.9702455188079926,1.5851175620599576,4952.619
3060205876766451584,112.64176101838042,-4.5782998719222405,14.179381,0.7515898,0.583671053576175,-4.787391136039487,-0.09646366190308944,5830.4653
3057203630204971520,112.89074874690596,-4.5797845020020205,14.1910305,1.2195263,0.17466300629930923,0.5614424665775716,-0.7338121082521418,5449.393
3060205640546581632,112.68769522802002,-4.556672786189362,14.191378,0.2951374,0.3343350866152657,-0.695091168558481,-0.8880241664149872,8942.637
3060212989228932352,112.67442887609232,-4.39864499735368,14.230907,0.737113,0.4305593623451505,-2.1012482262238157,-1.0468233123014585,5964.2075
3060233437574726400,112.93263009646884,-4.376492661493829,14.231336,0.8366718,0.6555484446225126,-4.575531121531353,-3.4782886335331478,5656.6606
3057202290175276544,112.70612045643216,-4.624337666098461,14.232666,1.1300564,0.20297552034413727,-1.2986417320412187,1.242008977327254,5046.8906
3060207530332121344,112.81464516595497,-4.497362202392999,14.239582,0.8300543,0.8329342574258569,5.554904704430067,2.7745861283728663,5607.6787
3057229331290442752,112.94686067974305,-4.431460715249018,14.254821,0.7444477,0.8704128124491338,-3.331275552758196,-8.074368054878663,5971.1826
3060231685228123392,112.89843811038776,-4.436316414366769,14.268485,0.60465336,0.5809079052452333,-1.7310456924087683,3.460430919499138,6783.8125
3060236255073284864,112.83640494551143,-4.328635076440116,14.271772,0.7045555,0.6218723424520589,-0.6775226871393017,-0.3519902025977804,6261.489
3060212375055208704,112.70963382534114,-4.382383255651318,14.27712,0.8559265,1.406168673997381,2.9116149088239642,-14.277369248686066,5635.1875
3060207633411321984,112.83435882493197,-4.487648102537585,14.278379,1.2571945,0.19108117452843532,0.34609769368663207,1.0648051443641056,5074.35
3060205193869991040,112.6822061040008,-4.5743620419347115,14.278942,0.9632282,1.5638490505518454,5.31506407754291,-8.19998332968374,5231.3164
3060232166264428416,112.88773725733857,-4.381176648304117,14.283473,0.6655426,0.7012574262131238,0.10496586378729209,-2.3612328645829197,6293.2583
3060232509861881984,112.78557580331606,-4.419670831249365,14.292414,0.7046652,0.45505594922603837,-4.3832582138991665,2.8198420901889416,6460.5977
3060200246067683712,112.59713698954685,-4.5687336026930225,14.296683,0.74295807,0.6589475275098159,0.7525115280286067,-2.122892010081257,5868.193
3060213096609725440,112.6765288818972,-4.3778071969802355,14.306448,1.2786751,0.17976449564696106,-0.1465482958685958,0.30836977127641074,5259.257
3060213474566837376,112.66007346894256,-4.348390373096205,14.314742,1.5859995,0.06527290859840672,-0.446784835045737,-0.21998168255642114,4496.227
3060208251886651904,112.72909099511014,-4.4835424533712445,14.324663,0.97101593,0.10991995860971861,-2.4698198939372182,-0.21180772867950898,5156.9995
3060236392512252800,112.79942972062742,-4.3255151598537385,14.363986,0.69185734,0.42230135567134336,-1.1370513635833865,3.220401347906531,6383.4385
3057205073313977728,112.82639209414715,-4.5204389350236625,14.385428,1.2145405,0.19597186632782626,-2.472015062770016,1.0320041037084553,5461.5796
3060207186734753536,112.79180284253746,-4.5125270991402555,14.385699,0.6476488,0.7360338671984862,-4.342558556805301,-0.9101564166947472,6647.2256
3057202599412896512,112.75035271045749,-4.617831687076903,14.387049,0.72868824,0.3776005478653444,-2.8756232854995276,1.6227875284310287,6580.1226
3060225534834991744,112.64692251804654,-4.317018910647451,14.390064,0.99248886,0.75772209482674,-3.1575478090605498,-2.0342762168880952,5152.1836
3060207564691864704,112.79533317192397,-4.493301457028251,14.390944,0.8724842,1.0222110489291092,0.5942234076136146,-5.123027265066848,5734.094
3060206946216613120,112.76653918584418,-4.551970262016799,14.403667,0.5243912,0.46603274866894556,-3.1876973922466085,-0.6382410391292033,7438.8
3060233678092905472,112.89900953924408,-4.371036131112832,14.406648,1.3920593,2.7179305188866834,-18.59573932089314,-10.37832111797703,4647.819
3060212924811058304,112.62935610733012,-4.3885970580943425,14.422834,0.74090385,0.8065115893812171,-1.0831497639812078,-1.200085671091075,6303.344
3057200125511694592,112.86559367922295,-4.628462369284967,14.422883,0.41339207,0.23563996694292336,-1.3603459195391852,1.8311846007378716,8094.895
3060209076520334336,112.74811271052201,-4.427426461862361,14.431181,0.9841757,1.098323858339649,0.6764689941627747,-0.6873573619739045,5785.0
3057201843498627328,112.81131625061198,-4.614943960373593,14.437244,1.7133741,3.822656769871359,-1.034571447888416,-35.0025515504944,4211.824
3060231238551554560,112.85358544569411,-4.455115742058524,14.461072,0.67127705,0.40234204665801443,-1.5827422558942708,-3.2923187754226597,6568.53
3060207530332117376,112.8260927239493,-4.500148171164412,14.463648,1.2127876,0.2410306411509968,-0.3699759798682083,-0.892956354617238,4937.9697
3060235533518859008,112.76293094009472,-4.404971424567182,14.473214,0.72467613,0.5881292146624751,-4.60151595412965,-3.347706849284695,6170.812
3060213199688926208,112.69602294335918,-4.367514001391122,14.480843,0.7817631,0.758083167405567,-0.5794824153690847,-2.0712100449571063,6111.5337
3060211305601668224,112.58497573938969,-4.41906696822571,14.482844,0.7536106,0.49793517718881775,-7.996832345665271,3.3942915957227933,6134.9
3057202290175279104,112.71016316596724,-4.63468055916696,14.485177,1.1294813,2.015788071318625,-11.617049896338502,-18.901015349127388,4916.0957
3060211309903380992,112.5858781819984,-4.411702277121438,14.486014,1.2246685,0.16977876282128657,-0.461862909627891,-0.17220328768974205,
3057203286607602944,112.87217696812495,-4.592182066200921,14.490347,0.7547035,0.45144900928492526,-3.5815095063281124,1.7857626585638884,6161.2324
3060232441142386944,112.80918867306336,-4.405372108981271,14.516652,0.904727,0.4761672153568284,-4.171769901409943,4.490774100276675,5609.4272
3060205743625774464,112.73668310361819,-4.538742731723575,14.529929,0.23382854,0.32546296852515555,-2.4264799047917367,0.8062206807372321,9006.988
3060210141672282624,112.64658347771342,-4.4679855937328945,14.533856,0.6232023,0.5391418015888161,-0.37770938942723115,-1.4683090119834197,6839.958
3057202668132349696,112.78506181976682,-4.59754182659238,14.539729,0.8551264,0.2202876559576438,-0.5156368419313051,-0.8762852716985238,5980.0825
3060206121583085312,112.61062816651408,-4.558879759545562,14.541378,0.788826,0.5000015430070767,-1.6745379347832634,-3.1284516445452613,6015.845
3060207014936088064,112.7521954061757,-4.53778858457595,14.543446,1.172987,0.14154320303099663,-1.392099430544713,-0.48851680230058353,
3060231753947602688,112.87953990591484,-4.426317237715906,14.547329,0.57016563,0.3489530681773358,-1.4444500086377277,-0.4232144754891569,7115.654
3057204042521813888,112.89315652034479,-4.543653198115931,14.554147,1.0095501,1.456360802319698,-0.686359868248433,-10.566688674426763,5220.4062
3060205503107791232,112.73354198671366,-4.555552039006305,14.554373,0.8258772,0.9223583218277557,0.6354557469043979,-1.9439778858829013,5694.6426
3060208732922950912,112.78236146896407,-4.452433650962982,14.558786,0.7414684,0.552128587464774,-3.0134943247834776,-0.08353010162629396,
3057203114808923392,112.86002133362932,-4.606386321566263,14.584573,0.7272215,0.665803920844778,2.2165548663577286,-2.1852989588567078,6202.8403
3060224710201312384,112.61541770799856,-4.367550496312099,14.59533,0.8344288,1.1002589258484523,-6.075151865732615,-3.3565164885556555,5691.973
3060209317038593536,112.6152750697297,-4.5216037194003835,14.602976,0.68515015,0.5589363550767344,-5.1461308559538725,-0.5119313697181191,6352.5415
3060207014936084864,112.76066753641898,-4.537716100662909,14.608024,0.84023476,0.931511006887822,2.063161361995233,-10.262106014247042,5652.4917
3060224572762373760,112.60534075255254,-4.388527931164429,14.60861,0.3960886,0.25288670558793835,-1.3550743330128479,1.6412219047376262,9541.73
3060225225597355392,112.65908998639942,-4.341103351759298,14.623843,0.7733717,0.6543455540458121,4.522139902779372,-4.942068370029791,6240.833
3060224572762371456,112.59828468916724,-4.379916356737089,14.631364,1.1907148,0.14211572996164581,-0.6037299561594281,-0.009210030881024274,5374.6035
3060199112196325248,112.63952366711342,-4.62392387830777,14.643276,0.18300533,0.21061888143609003,-1.342960484200087,0.2679254685039188,9556.975
3060225191237624064,112.63654269691303,-4.3368566039847325,14.652059,0.8624096,1.2009828873881179,-4.269437378590343,-0.3946455589669633,5623.071
3060212890451312384,112.6420764689989,-4.383831353104868,14.659827,0.95329475,-0.08330052806383494,-2.2262565696590233,0.3184063398787653,5358.6294
3060212753012376448,112.62612698422684,-4.40606290382007,14.702269,0.672225,0.7103842821057365,-4.4857226310595495,5.6801893204705065,6423.7637
3060224538402643456,112.59119041396434,-4.3958152728884565,14.702302,0.73594666,0.4601087652005709,-1.1564304086967767,-5.4653484119956515,6247.747
3060208011368431872,112.81117035903756,-4.448491454771151,14.707963,0.7837868,0.8306783358407549,0.394742693316896,-1.1193190232249266,5916.913
3060210141672284288,112.63351584938577,-4.462213082521735,14.716148,0.83671284,1.0430519896185875,-3.064316041475591,0.5859600970411799,5736.024
3060208629843741312,112.77851573720982,-4.458835540347653,14.720482,0.7221174,0.838409174792845,-3.6655395344927157,-0.11715372158163659,6034.868
3060208973441124224,112.74702727300568,-4.433826169437513,14.743837,0.76241875,0.4499296770923524,-1.722273235032245,1.0023664075399563,6107.291
3057227677726615168,112.93957885881186,-4.507248819204096,14.760899,0.48141956,0.19079324010145435,-1.5177705745039487,0.9459847809007502,7665.939
3060205193869990656,112.68204893177344,-4.573043795624357,14.765114,0.7742729,0.6416797638138435,-1.0185374038245971,-0.12207867192556152,6296.6865
3060232681660543616,112.81332281011915,-4.386375974887566,14.78326,0.72948647,0.7142941925395015,-5.178236286964769,-0.0025685325842849417,6017.3677
3060210794507334912,112.58591469036679,-4.478797488225723,14.790131,0.8515539,1.1533978329085222,-0.18512177738677169,-0.5147013228823198,5539.337
3060232200624160256,112.8966779990794,-4.376588508470704,14.790555,0.6200886,0.25476173969528854,-2.1430963840144512,1.3560515611986959,7140.671
3057229193851296128,112.92176102718373,-4.453874205690288,14.800448,0.6892433,0.5639931825536393,-2.5111814386845315,-3.7649874134470447,6289.0586
3057204111242934400,112.88941902026973,-4.533292561682208,14.81515,0.6096306,0.1745248547105186,-0.765309213609649,-1.6293752588663013,7063.4697
3060212753012379264,112.62341454830627,-4.409099008319685,14.81828,0.7868576,0.5589435906082673,2.6605723180315115,-2.7983946875682926,6035.991
3057202599412891648,112.75221925350928,-4.609189818624991,14.827438,0.74408054,0.67131104845779,0.525421336363576,3.374451872619351,5996.7007
3060232063185233408,112.86958928830592,-4.397908139246277,14.834077,1.2207327,0.10358518371920108,-0.5477427418555234,-0.5225602653248246,5209.2925
3060205056431049344,112.66543949861483,-4.596093185189845,14.844406,0.55456924,0.20357988842240266,-0.4300825708705232,-0.8490634307637973,7445.2793
3060236976627858048,112.6889299335453,-4.328335660003783,14.844869,0.55764675,0.3302415946285969,-0.12335300072778153,1.922371972568867,7364.595
3060224538402644096,112.59185602152388,-4.3972029586905235,14.845531,1.2387648,0.5362112487976567,0.12778061619660824,-2.1480811048444677,4965.6953
3057202908650530048,112.74168689905191,-4.58823392776868,14.846658,0.8245983,0.6940675655692943,4.384726840518237,-0.8876475933887752,5708.333
3057202908650523648,112.74612943486235,-4.578141846692323,14.850711,0.87656116,0.9306312758317927,-1.2637940998458004,-3.1094309125041337,5587.891
3060224744561054720,112.60082573060403,-4.3646017116797715,14.851676,0.7909641,0.5801009358880252,-2.45110868429959,-2.732922998041178,6034.9043
3060232853459219712,112.84534720144472,-4.385141629690055,14.852067,0.8393583,0.7243106418787796,-7.227432250772755,-9.499557721143104,5532.511
3057202084016844160,112.72954871283603,-4.638904448488066,14.860088,0.49412823,0.3768430536406938,-0.44394972116853637,-1.0405257759636475,7367.8384
3060237079707045248,112.7342692425341,-4.313306061785711,14.865827,1.0777149,0.34304494786106404,-0.7902221664236558,-0.7189061722771244,5484.369
3060234537086347136,112.89877882170006,-4.340531162656682,14.874108,0.6142416,0.4779554923897287,-0.6455974363526273,0.13290252675747055,6611.8135
3060231857026783616,112.92082616121114,-4.405004401066096,14.881839,0.9265728,1.0027558924734372,2.397577809153027,-5.36861262510032,5410.258
3060225122518153728,112.64268327850665,-4.3525173198557,14.892973,0.6867752,0.22578609980182002,-1.0928175563409552,-1.3481456229037778,6484.223
3057204076881542272,112.90577656819208,-4.528462582240175,14.898692,0.39870548,0.2522971635964442,-1.5006764727502295,1.0211585422001048,8212.961
3060211584781261312,112.69518492494673,-4.434295625991353,14.910774,0.70631313,0.6015198425733105,-1.3593853757666923,-2.1587120928604513,6418.5254
3060224675841580416,112.61441894744755,-4.378228615353544,14.913313,1.0695829,1.4212052748480988,-6.86044524859321,3.2901823943526094,5026.165
3060236151994107904,112.79686302631362,-4.356464857629925,14.91605,0.74007607,0.535624667018649,0.9020462967877738,-2.1404895240699107,6144.9443
3060209901154118784,112.6454535812272,-4.475229218937609,14.916864,0.4829836,0.3369629725093834,-0.8020966537541085,0.5631777148776447,7621.677
3060208732919586176,112.78208468784716,-4.452186793082103,14.919029,,,,,
3060236426872009472,112.7763599220527,-4.334442429868525,14.922534,0.7196026,0.6066642005375283,-0.08748350732012034,-2.032374209446847,6223.48
3060249277415381248,112.71428847864215,-4.287431250533566,14.931941,0.7315817,0.4916041530660454,-4.975613186654178,6.776930613582589,6165.0967
3057205210752915456,112.84271151258876,-4.501362351660942,14.938594,0.8094597,0.4394502712586888,-1.9944473935953864,4.95658957517784,6053.2803
3057229400009712256,112.93042128908807,-4.428281128026444,14.943096,0.74749756,0.6830982013448312,-1.771719091535665,0.35199741635666143,6030.0264
3057228541016275584,112.93580522909285,-4.482989453854284,14.943498,1.0108519,0.564093711765915,2.45180396810847,-1.4893195681929705,5269.693
3060207599051596928,112.81116611864482,-4.4937318087741085,14.950004,0.7023659,0.5094947664854212,-3.304853359829219,-0.6767199436905555,6491.0933
3060234915043457536,112.88079515313382,-4.310696600080425,14.952362,1.0774393,1.500286392659772,-15.342182108041325,5.839667582501766,5066.0444
3060207736490530048,112.8358351110607,-4.475431871171515,14.956008,0.7299719,0.44649256401721726,-0.8227783335841599,-0.5852167326859484,6259.66
3060232269343706368,112.81189141163198,-4.426009538916131,14.960683,1.1067429,0.1999503797939756,-1.5257826629917421,0.08992326546795915,5815.993
3057196380300295808,112.69186702691083,-4.6485884174823315,14.9627,0.907815,0.2846150714769757,-1.696406402294514,2.6024711255127646,5612.5386
3057204386119230592,112.81423620861013,-4.5501483570192764,14.9691725,0.8924074,0.7320535368026017,-8.228328068873978,5.641713834572662,5557.656
3057204798436075136,112.83836999924053,-4.540905809806932,14.975907,0.5900059,0.32208595497001424,-1.88664178730029,0.38911855306178894,7030.135
3060223056632270208,112.57788334638562,-4.398751718653423,14.985369,1.3226118,1.411196120263147,-7.380090126797311,-0.8333461451742564,4623.028
3060206740058208384,112.63735189835897,-4.517914189135041,14.99255,1.1318579,0.08660992802200491,-0.3556541414371172,0.3324299551554871,5632.0977
3057202187096050304,112.73773191392813,-4.6302582050310725,15.001531,1.1264162,1.137846724590732,-1.3295405144627819,3.8517929603134524,5025.4365
3060207255454249344,112.75245442364213,-4.523458830434865,15.01264,1.2291565,1.6188118984200617,-9.631330768770416,-8.73113563370811,4691.7075
3060205262589468032,112.67065861456834,-4.5660860056864925,15.014603,0.6009121,0.42860529455828955,-0.5859688785658732,2.839451384441018,7196.376
3060205400028405888,112.72502175569444,-4.561867928264323,15.02221,0.7078438,0.6060527229064181,-4.787583322214992,4.4916582698084175,6499.9224
3060207152375024896,112.77437747942858,-4.517619037011818,15.033002,0.7652292,0.728237191772235,-6.33068902993794,-3.185085071623973,5920.92
3060235567878588160,112.77297463635347,-4.395142152041211,15.039087,0.6557579,0.37235982812208107,-1.9019428318228961,0.6156176692490323,6706.4365
3060205743625777920,112.72387334969918,-4.534856257104452,15.040659,0.7986622,0.459107610910082,-0.3503901384905125,-0.9757425593420371,5807.1333
3060231994465751552,112.88768359923591,-4.4040968516832955,15.044206,1.3336964,1.937948705227111,23.186694622449576,0.7859796510266004,
3060235705317518976,112.79080368600756,-4.3677462438229195,15.048117,0.8192959,0.7196372830055584,5.714345857880142,3.323671060723524,5630.209
3060208251886646016,112.7364328163802,-4.478339520587324,15.050248,0.8218479,0.35797645262458144,-1.3856432779244579,3.3763291583371076,5769.348
3060210107312548864,112.64107962797877,-4.472001951345763,15.050537,0.678895,0.3712625222817327,-2.7492016625274887,3.2266409991065603,6765.785
3057229434369446016,112.93555514600044,-4.421251473769215,15.05199,0.92773724,0.988620184986395,-0.12448229906800816,-0.5716875320328222,5517.473
3060205537467350656,112.73228212038859,-4.547521184781511,15.06165,0.699934,0.23590032770311753,-0.7371004469840099,1.8763860140455582,6640.318
3060213405847358592,112.68174969222274,-4.360352696696907,15.07058,0.62734795,0.4573379595007262,-5.201308126874194,2.536088571118044,6812.987
3057202496333689728,112.71470600628305,-4.604915277481712,15.072826,0.5755348,0.39323747198917697,-1.9368228283879418,-0.0669708231312061,6956.2593
3060223129653379072,112.56530631709687,-4.396162419613259,15.075858,0.98738766,1.229576110013159,-1.848266779264153,4.608192830467794,5298.9404
3060208629843743616,112.77478481726493,-4.4601444829827805,15.081022,0.7568188,0.23702198440255184,0.04101932003455588,1.4047586900391553,6569.0996
3057202015297368448,112.73831541258441,-4.646730327852172,15.084369,0.89513206,1.011740347827568,-1.205198195331789,-0.275490596971495,5447.1323
3060207495972613632,112.80053961448452,-4.509558347155727,15.111398,0.5206318,0.2569455155570213,-1.2748862926976503,0.06682108941229489,7600.96
3060231513429454592,112.8315919494812,-4.4266405302470915,15.11222,0.818491,0.5818976300895645,-2.8411491834618285,3.7070247830488143,5614.56
3060211206824175744,112.58679513156437,-4.43205927716637,15.112439,0.62073517,0.2692983265396983,-1.3218258460771042,4.285395872499394,6923.8784
3060231994465748864,112.89343370696793,-4.405297955007116,15.113195,0.9176245,0.7620349692317205,-4.4183511235377955,4.180793482189644,5587.661
3057204248680294016,112.80589625033817,-4.574725139478801,15.116377,0.60828114,0.4566240286426695,-1.3516473192278553,0.7807141080950895,6856.583
3060199146556060544,112.6397234636881,-4.6177375400903635,15.117845,0.75686455,0.6116455714612372,1.7463776384959087,-3.7112790432549283,5943.087
3060236873548616704,112.73843806216001,-4.320062266861214,15.118258,0.7583132,0.7087949155293529,-5.113225872063134,0.17332586946443962,5914.585
3057201568620725760,112.83014846357872,-4.6370122553640805,15.121932,0.8997183,0.9273010252790124,-3.7616381749862287,7.095435182256221,5524.1226
3060213508926564352,112.67851624768021,-4.342053980224054,15.124655,0.79531765,0.6991373873037555,-3.76485741989262,8.518782395242113,6014.765
3060207289813990784,112.73365397055177,-4.515470434973962,15.125909,0.69211864,0.32702241369691465,-3.3167247339868644,2.072724943062397,6433.098
3060205503107614208,112.73332402920498,-4.552677992213142,15.126804,0.9152012,0.6328839784740947,-0.026690350699610635,3.8336897753064423,5658.1143
3057229262570776192,112.90309810734922,-4.448767781938941,15.130227,0.7553787,0.584630284570114,-3.074321000797702,-1.2502760625574778,6194.466
3057203183528400384,112.84825756351357,-4.598090361307675,15.13441,1.0063734,0.32077919582337466,-1.0817602726830249,-0.4533632330950629,5304.5723
3060208011368432896,112.80562717513735,-4.446749076670721,15.136505,0.7102947,0.5779815502444869,-1.184713551194081,1.2755303531477453,6370.3906
3060225255660822144,112.6692809857866,-4.3325498924430645,15.156306,1.0515823,0.24506945265316263,0.48718823048215926,-0.71018226386477,5329.2046
3060212924811057920,112.6281158110616,-4.386220634103944,15.160876,0.9188967,0.5001311100262013,-1.4046556624887359,-1.5949861124852616,5461.9663
3060213337127906176,112.64002649560105,-4.373212157377323,15.169153,0.5854807,0.3144334479516424,-1.4817516016724062,0.19877952258917872,7222.5176
3057202839931049856,112.75078292911016,-4.587605976255795,15.186114,0.76379395,0.6532921210001712,0.06583674447729126,2.6625563622967294,5862.4966
3060199971189775872,112.62196702948289,-4.58513987083021,15.190055,0.80605984,0.631509223550282,0.7066747073126824,-3.0125893954488325,5640.2075
3060208801642424704,112.77923722122178,-4.443977520943241,15.193007,1.1433716,0.2579974910004386,-0.9117756477030147,-0.9032908094551554,5799.9043
3060207324173723264,112.73979749678601,-4.50742465902622,15.194656,1.2042542,1.3121318529887114,7.620113723766954,-10.218379539366554,4753.6475
3060236598670669824,112.80838102702694,-4.30963447882898,15.198879,0.7666235,0.34519566600454,-3.4324684862523602,4.005399008831013,6144.0776
3060208286246380800,112.7441055589583,-4.475929243759536,15.198973,1.2147474,0.38462453972426636,0.9969380230493756,-1.1559119465517675,4981.742
3060223060933901312,112.57362264325029,-4.3996354782477605,15.205196,0.8400011,0.4977457460383703,-6.959613336579305,-1.4272691676906333,6289.2
3057202771211551616,112.79045483371702,-4.5800152284562134,15.219445,0.7257223,0.30763721697098795,-1.4930683958298854,-0.46705703663509307,6457.442
3060237663822562176,112.75786065050985,-4.278536536867437,15.221693,0.7072582,0.5721735910551131,-1.6542332651275813,4.079062954219368,6259.062
3060207530332121088,112.81769956832355,-4.499299538611253,15.223976,0.853631,0.6203708222885048,-0.12219873195010125,-2.888011192434469,5855.996
3060237148426520960,112.72331856788506,-4.304196202403099,15.2241,0.827178,0.5230047608286997,-8.883033778516822,0.7699411054226079,5561.037
3057227372785189504,112.93950735195386,-4.524096884013374,15.226511,0.83651924,0.4177907857779255,1.1076863079251216,0.3975109142152371,5561.0864
3060209999931397760,112.61880351157194,-4.475900445084266,15.231154,0.9719448,1.1021027685314269,-1.2978460829696274,0.2803741691507148,
3060211997098099968,112.72404222433894,-4.416028161343135,15.233243,0.29096794,0.14346803918280748,-1.061679145087989,0.7741412805143694,9403.133
3057203046089460224,112.76336269895309,-4.563155045128367,15.234013,0.7151413,0.5206660764532925,-1.6759607124103755,-0.956851794463389,6559.013
3057203080449197696,112.84848007255904,-4.623032012445681,15.250148,0.7116089,0.3502086370040064,-0.32301167824242993,0.5488088120344548,6279.73
3060204918992240384,112.71226723122743,-4.586927161386011,15.251396,0.745471,0.599430250285221,-4.481268399403041,-0.0159209384242239,5970.2417
3060211722220231808,112.64589110329827,-4.434048562549918,15.259242,1.04568,1.2686271841577657,-1.753440906404597,-3.3514499948020955,5044.1265
3060231341630762624,112.86403725076164,-4.450031514709841,15.264976,0.64419174,0.3689934685871363,-0.914422819741735,-0.6057494775838783,6957.4775
3060205571827108480,112.69835686572165,-4.572979466569672,15.267289,1.132576,1.029510552887784,-1.7355347605601703,-2.3409630062974425,4874.6045
3060207083655547264,112.7856255793046,-4.524277066382542,15.27083,0.8580456,0.09706102827075269,-3.565761287418761,-2.467281092568859,5740.217
3060213234048660352,112.69701718767045,-4.361541669192297,15.274094,0.5258703,0.3424514388172761,-2.9735510463495616,3.007361568547107,7351.439
3060210377888484608,112.56629313412733,-4.485773084017588,15.274791,0.7298212,0.23599609206063177,-0.5913346390181493,2.0929911142093283,6371.3633
3060210210391756032,112.63151043023852,-4.450489480486001,15.283124,0.53204346,0.2103363112502145,-0.9955736048565085,-1.147618200413718,7659.6626
3060236633030475648,112.72478510849213,-4.356664078662879,15.286215,0.88275623,0.5126151563464578,-0.10738028319295607,-4.620035967751558,5431.712
3060213027890248576,112.68884138461554,-4.386682179657627,15.288022,0.74340725,0.3787771251737163,1.5316104301793285,-0.37245231669320483,6149.034
3060200039909252480,112.61315207511956,-4.578748218362181,15.288755,0.8624239,0.6591351552427273,-6.487263361199741,0.10037197824091908,5729.4746
3060232887818953088,112.85369329187986,-4.384701533638789,15.29071,0.8739605,0.5755130778253769,-2.153258206788807,0.3403243629197726,5730.5444
3057202839931054464,112.75400536037091,-4.599175777034114,15.297915,0.938468,0.7911406355301964,-1.767458936080463,3.060710380676676,5324.5464
3060207118015279488,112.7929545881147,-4.518317328888319,15.298482,0.5520878,0.21737604545980463,-0.9720551429811867,1.2169390568085323,7483.9062
3060232028825507968,112.85406591957103,-4.405679784951025,15.300397,0.8795624,0.8155361825017211,0.1424090771133431,-12.562672729401235,5670.2354
3057201637340202368,112.82350887732528,-4.63214447140565,15.319364,1.1762018,0.11377302822916167,-1.0088025930707547,0.2580978956853981,5667.369
3060207977008703360,112.79676105385947,-4.455880837928227,15.327834,0.61145115,0.2912281793950864,-0.7271616769713147,0.855974394068437,7028.6953
3057202839931050496,112.75522535949324,-4.591724314346007,15.328842,0.48497677,0.28639795602755314,-2.2270034929835436,1.5523041278526597,7791.12
3060225603554466304,112.63330375477246,-4.303056232564283,15.332994,0.8244953,0.5587822039373759,-4.571827076737952,-0.08229633726501319,5730.6826
3060198871678150272,112.66773060575954,-4.62693761032568,15.354526,0.8043213,0.5184950201376671,0.9866029643159585,-3.0564937559990515,5719.607
3060236220713553024,112.83268803856886,-4.33613667681187,15.363873,0.6547394,0.2930293434634951,0.6784945943082289,0.6641667780553522,6804.588
3060205640546582656,112.68729503108392,-4.558562638978752,15.369105,0.94576836,,,,
3057202084016846976,112.72125175634386,-4.636874622898022,15.371687,1.154583,1.4294923271522717,-5.370213390529302,5.600243275705019,4953.5576
3060204850269373440,112.67171907799671,-4.602438468034608,15.372325,0.6660023,0.31701860328671133,-1.850287901611336,1.1884631168238753,
3060249380493352704,112.724312452309,-4.26603672701065,15.375436,1.0226936,0.40251262730245096,-3.581763865932376,-0.21396852402890262,5165.5454
3060210966306003328,112.61908373909503,-4.448074515385166,15.375811,1.3696451,1.3888360243289501,-3.215349738601978,-5.004675699879683,4487.771
3057196449019770112,112.67998107584887,-4.636718921548075,15.37787,0.8153219,0.3004878387817414,-3.417179015845827,0.6520001112420453,5832.5586
3060225156877900928,112.62244412492174,-4.355082712251484,15.382053,0.8000593,0.6170180965999057,-2.8830198858895524,0.6183674345416201,5759.731
3060231341630755968,112.86706562159456,-4.440901880500066,15.391848,0.66624165,0.4001083206702389,-2.7172301869320497,0.3876484234849951,6422.237
3060237182786246016,112.76218209743759,-4.314570628870746,15.394081,0.84346294,0.7757848033468411,-4.90118686406924,2.951467118948568,5616.12
3057204729716600832,112.85254559807512,-4.553949303282958,15.396318,0.9191065,0.5742736404908764,0.8963655231313805,-4.495847133182569,5651.955
3057203595845242368,112.84842358058593,-4.564381419614749,15.399462,0.73010826,0.3389947610074341,-0.6790634111942168,-0.7692712064164141,6554.3555
3060210176033142656,112.61977897329366,-4.468039752910454,15.402456,1.1081543,1.5066861836186978,-12.754326620225589,4.482216548117166,4984.809
3060237148426520448,112.72327436354674,-4.303128751246165,15.404746,0.81559086,0.4957715934839023,-8.7295397183141,0.9819097155435241,5623.7
3060231891386529536,112.9094712920888,-4.4101385484967555,15.410713,0.67832756,0.39647136898348967,-2.908441045710205,3.1262030741397915,6484.248
3060234537086342656,112.89852528833627,-4.333929831701132,15.42697,0.79361916,0.4809995989476951,-2.30502400302482,-5.256904536786688,5833.132
3060223026574168960,112.5679555028814,-4.408223615579649,15.42716,0.7592373,0.1664617427180242,-0.4532524591095938,0.34242920749644185,6578.262
3060212890451317248,112.64269423277376,-4.394118307943121,15.43326,0.9856043,0.7001841743173896,-3.418024837922583,-7.105632371520649,5242.9233
3060206052864543744,112.64546671520671,-4.555367574166257,15.438677,0.46205997,0.2546579519183536,-0.5706102805839317,0.04020734904204634,7750.367
3057203870723115264,112.91059642032447,-4.5441156711084245,15.439316,0.7045622,0.3387961260976817,-1.5371206134296969,3.402505427621032,6583.497
3060207289813990272,112.7346931270777,-4.515358819226125,15.4429035,0.6347761,0.3748455890153804,-3.262132353837176,2.1738916309182956,6972.4546
3060213440207089664,112.68506471310228,-4.351277345878098,15.448726,0.25379276,0.15811863087523942,-0.13898449046367436,0.2416711547734827,9224.492
3060209415819609344,112.5718000439827,-4.531004465277448,15.466261,0.8065691,0.4188570053042895,-1.4142322210185705,-1.3642569753689382,5630.889
3057202565053147008,112.77672456905438,-4.6143539080420615,15.473869,0.9339762,0.3089733941353976,-1.5064528349859743,-0.9225880075208481,5527.903
3060235602238329984,112.75652813474063,-4.390067960460775,15.475527,0.6102066,0.2805885792099316,-1.2533425418074904,-1.4466816743983486,7067.174
3057203664564706304,112.90397266224808,-4.580704228280834,15.476936,0.79496574,0.4455464751073957,1.248396348647687,-0.39448423443582326,6024.6294
3060207152375020416,112.77511248722439,-4.509803100691308,15.478209,0.646368,-0.044864673210625504,-1.9153711945717091,0.9386930928340518,6594.6055
3057229331290237568,112.93635440850069,-4.437260115626553,15.481518,1.0323029,0.8780349311928429,-1.31648485067263,3.4754637249606226,5045.849
3060209042160589184,112.76711582039434,-4.427458722705766,15.489459,1.3504591,1.7708323006324604,-8.606942253520465,-0.2847305457424306,4634.4375
3060237801261499904,112.84575214237886,-4.314724144773827,15.491692,0.98981667,0.7496130084364068,-0.894759144809869,-1.7006499421682224,5471.234
3057228644095512704,112.87455533418488,-4.4853261339173445,15.491915,0.6448698,0.24346375867559722,-0.028817953201847945,-0.3257673274068426,6596.644
3060210210392879104,112.62931259749577,-4.45374724201686,15.492381,,8.701447136793428,30.331298411411975,-28.845005265809988,
3060231268609526784,112.87798212076783,-4.452524749159599,15.497272,0.72712994,0.24866318262029424,-2.461763584940063,0.9197706258096675,6492.526
3060204987711561984,112.68970216797176,-4.5823765681115605,15.499428,1.0793381,0.7896747085536534,4.784735230971758,-6.227499605579128,4995.548
3060237522082633216,112.72082303026616,-4.293636668609237,15.506062,0.8428459,0.46508501415462555,-0.9290375779556828,-3.3280814431918233,5844.5337
3060208251886647552,112.72958617416457,-4.475679840088861,15.506717,0.8520222,0.5119901993529351,-1.5882352445949148,-0.07971834037958886,6268.305
3060210691428121344,112.55342509209956,-4.459091598502949,15.51155,0.8326044,0.5985290977630161,-6.126312377989414,4.580103857697822,5558.272
3057201706059700480,112.78342516020753,-4.644003693648429,15.511602,1.1083603,0.9300995883997395,3.2883325730739017,-1.647462375958328,4920.978
3057201671699932672,112.8289326958787,-4.621633377161892,15.512064,0.6858978,0.4252978526622658,-3.7351681138197956,0.945478145329643,6360.3022
3060211584781259904,112.70127563520374,-4.4373341870353915,15.513016,0.8312788,0.48321710161638526,-4.056368609678116,2.627747919168988,5579.9697
3060206465180301312,112.66313349913298,-4.536018794468272,15.518016,0.65666866,0.4046388665319292,-2.5692762457091765,-0.1573478462424917,6663.393
3060198837315193600,112.66105423530267,-4.640026622353426,15.519453,0.7397833,0.9022458848364798,0.33915857529032367,1.2390526029748625,
3060206121582940160,112.61675071615312,-4.567562055051207,15.5218525,0.5609875,0.2419649649363859,-1.7686560458795482,-0.17055498877518024,7440.385
3060234537086700160,112.89530103033127,-4.335092534663157,15.522046,0.70864487,0.21997125291600778,-1.2460729124996237,0.46628201073857195,6620.9126
3060206946216612352,112.75648153941022,-4.544091170182781,15.523157,0.8815222,0.7234736208888095,3.2259022408613935,-1.2613058510613686,5577.903
3060207495972394496,112.8097950189465,-4.515978371259161,15.532026,0.7691879,0.5499955010470265,-2.1342043307110967,-3.0823997332057265,6339.5366
3060233609373424000,112.9204676852557,-4.378443496015148,15.53728,0.64890003,0.29573297554105504,-2.088367347054312,0.5265715208227978,6677.653
3060208217526903424,112.74963884551302,-4.478435002674552,15.540198,1.0216246,0.16196686542286903,-0.6244992045097717,1.0586603893520647,5611.6665
3060248865097310720,112.70419066202267,-4.300535448663309,15.550087,1.1029367,0.21880808100959515,-0.9235495152693405,1.4330989656419146,5333.2554
3060232750380018560,112.81251185404051,-4.382750967665735,15.553452,0.8289366,0.5952763264890735,0.03650077336203743,-0.44194242156504165,5737.942
3060211412982592896,112.6655120961992,-4.4619088681259695,15.557333,0.52894974,,,,
3060209042160582784,112.77408088186041,-4.421632046637723,15.558349,1.102726,0.27691366472124446,-2.4851966487977797,0.5572306368173472,
3060232441142380416,112.8263460594037,-4.406597865180131,15.558939,0.67917347,0.24752563122461818,-0.5240248781568179,0.32370096291084627,6635.6567
3060236942268116864,112.70489439281738,-4.3351893741677925,15.559107,0.5152788,0.34451330016145704,-1.2805792035443386,0.04590328330448414,7435.795
3057204695356868480,112.80018159498763,-4.526107728356622,15.559605,1.1794815,0.1524303325025227,-0.9198260572792751,0.8989699952218115,5168.4414
3057205210752914176,112.84694898608262,-4.502358208466203,15.560433,1.085413,0.1953377507061707,-1.4250164685826985,-0.5909336511197283,5279.1816
3060200211708086784,112.59558781261568,-4.581530052451052,15.562038,1.1270742,0.17122550547108492,-0.9142308158031727,1.7020280538978627,
3060249380493356032,112.72253052170844,-4.270205133020824,15.564138,0.6606207,0.36782755291788644,-1.4330680850542952,2.045016797879025,6588.0996
3057203458406308992,112.82455351536794,-4.583876800966204,15.566006,0.8550539,0.2666263686459856,-0.85614885601009,-0.8446198130030768,5905.51
3060231513429461632,112.82787007243763,-4.4366049617010725,15.572355,0.6428385,0.18833337099802788,-1.2567034874954666,-0.18699769038234923,6930.229
3060211653500753536,112.66439058416186,-4.442337550523904,15.572821,1.0004845,0.2940858604523703,0.5636789345696763,-0.182734594116997,5735.6743
3060206426522357760,112.67812711456507,-4.535984902743374,15.572938,0.65018654,0.4186011742682997,0.32306424538008116,1.2115135674139026,6865.5435
3057203664564704512,112.89923851543301,-4.572621968956814,15.576288,0.65491486,0.3057634879327848,-2.4126089938179773,2.1037929464492025,6520.2866
3060232333761575040,112.80197242957611,-4.413752723153054,15.580509,1.2081947,0.04986011354851108,0.166896427838476,-0.2890343227822175,
3060210072952822912,112.60694524176898,-4.475643413509533,15.583859,0.8392229,0.3442726737097548,-0.029502185427422244,-0.2869850819613081,5534.9536
3057205107673705216,112.83342359046574,-4.50323562319537,15.588263,0.80245686,0.600288350554634,-6.7601049461916904,2.862232108750863,5726.0283
3057202393254478080,112.72088884739755,-4.615101587119935,15.5899935,1.0623713,1.0569931335404625,-1.8895712918661463,-1.2616351139267319,5062.725
3057202771211554560,112.79119563446724,-4.585507784091134,15.595686,1.589015,2.575516054153928,2.0728716968418444,-20.54862970258684,4404.5166
3057227578943623680,112.92025990352977,-4.519248253818782,15.598697,0.89117813,0.6060911174593424,-1.3460466606119512,-6.83829426125571,5580.3833
3060208080087968768,112.7234186949283,-4.499494787981583,15.602427,0.7582798,0.4051897482315279,-1.8675943614972441,2.9937986132052394,6035.5537
3057203905082881536,112.86709689957164,-4.567539519119738,15.615843,0.7788496,0.502295301886492,-5.019782609311831,-0.6523417529798133,5968.082
3060212993530516864,112.68470420106765,-4.396554352744557,15.617811,0.90858936,0.6998714992006777,-3.9701183876160577,-3.307707383733374,5494.302
3060232819099784320,112.85785834665168,-4.3836127129836475,15.619829,0.6545439,0.2985086220883504,-4.061464562016746,2.7639261039787426,6587.8394
3060206499540037120,112.6762787395283,-4.536193266631758,15.620587,1.1600285,1.2023307392852123,-14.626075527334253,7.222876932132522,4819.9023
3060237285865455872,112.76480977679567,-4.310347728426258,15.626222,0.71331406,0.24703471743428654,-2.738356289340662,0.41164017780254036,6268.1367
3057203973802678912,112.86200408648833,-4.551631754673977,15.629518,1.0088501,0.2581379983816896,-2.276318371174563,2.5370904314256193,5289.721
3060207152375021952,112.78003217168046,-4.51648340430602,15.646249,1.5167303,2.1011651935335944,-2.8557409521375976,-6.567110749293602,4496.5283
3060232956538407936,112.88427042089472,-4.3733006188329195,15.652743,1.4160995,1.7556134554013196,-7.54958001137871,-5.680374150539481,4549.8057
3060211653500751360,112.66416635762725,-4.438314082622529,15.656748,0.7810879,0.31053598990635073,-1.5185131681635233,-1.3084568897035587,6127.0034
3060237801261499776,112.8395790442877,-4.31019986198756,15.658246,0.6400585,0.3479737057970628,0.9847838609139347,-0.11247827501648837,6477.4453
3060211168162653952,112.55977522156039,-4.434631828580239,15.660047,0.6848726,0.19505269478551973,-0.015837457980966637,-0.20711919426692785,6677.242
3060237079707041792,112.73458160720241,-4.308235785638731,15.668966,0.9927597,0.2200191390772938,-1.0421335823365923,-0.6671408637985936,5176.037
3060232578581358848,112.77476680566916,-4.412694503864837,15.675401,0.7008829,0.2842543310723262,-1.7682033613617942,1.7262621772012599,6897.129
3060213440207086080,112.69108783643196,-4.348761582234456,15.676212,1.2333412,1.5964710501415886,-12.118433936876825,-4.8472053258701875,4732.4395
3060207392893185408,112.77802713362058,-4.505264125872386,15.677614,1.1949291,0.9031374976380598,-4.404744505484638,-13.474266434315302,4751.787
3060212581213683072,112.65211979121791,-4.421516247430283,15.6808815,0.69354534,0.3277751174439585,-3.3565975190881177,-0.2968101737775302,6374.022
3060223095293648512,112.56023778024678,-4.408924051318778,15.681063,0.70235634,0.2624040805293084,-2.9255517823692654,2.634216140400706,6589.2896
3060211894018898176,112.71266337393708,-4.431631205386873,15.684584,0.63788795,0.23665174067371408,-0.8489046014416566,1.47697909365296,7068.7144
3060235774036987904,112.7947492833563,-4.35816046920308,15.68639,0.5298557,0.20711041295605082,-2.168428944173088,1.6668941473628935,7438.1016
3060232303703449472,112.80213002955624,-4.428547313631377,15.686682,0.7313843,0.2717779648540548,-2.8659643094933687,1.55852930674897,6375.684
3060212100177307392,112.72637560205648,-4.404702134751877,15.688385,0.7458229,0.34847857361247236,1.6099343205084702,-1.0118454736958653,6120.1826
3060207977008711424,112.79406307588454,-4.467448117455695,15.692049,1.4876404,1.963720305302958,-1.9542229940893494,4.681012384942586,4469.9473
3060235602238329344,112.7531403377216,-4.385981107838303,15.694417,0.8345518,0.46739302019578643,-1.9522838803673561,-1.704146385171147,5584.3276
3060236907908383616,112.6965762137418,-4.337993681558987,15.696425,0.52257156,0.8368437123751062,-1.2350850958083899,-0.10778476535482982,7620.3125
3057203870723113984,112.92222301309043,-4.548582969229634,15.697226,0.8781414,0.7553220711855184,1.10986732235224,-6.038995431617343,5450.4614
3057204248680300672,112.79703826630701,-4.582791641306791,15.69902,0.72369385,0.4198722296209174,-1.9649237758513651,-1.1727552734179543,6067.8696
3057204729716594560,112.84894990881011,-4.539360336608068,15.700828,0.67204094,0.33222102682351684,-1.173283049571257,-0.9266851442329538,6593.5596
3060200211707947648,112.59031582979631,-4.576713795490706,15.701013,0.3954563,0.24167489753643046,-1.276354569062992,0.918433115474607,8246.629
3060198837318417152,112.65963916521319,-4.63597163838057,15.714623,0.841671,0.5669478747160588,3.3626042616253775,-4.4232199900431555,5720.2725
3057203458406306304,112.82541955780816,-4.580188746066599,15.714779,0.8238106,0.4329982303820807,-0.9889678945129392,1.1899503168610939,5741.3643
3060208561124280448,112.72125758336979,-4.445333000484541,15.716405,0.8455515,0.45843214945769434,-0.6777131014430505,0.7886306631076352,5631.5693
3060238900773129088,112.78628466170612,-4.275384245595145,15.716912,0.84073734,0.45441504283290074,-0.35195439605897616,-2.789231287234154,5644.9565
3060212856091583360,112.63243038338948,-4.3946081588132735,15.719321,0.8304863,0.4003511105792201,-4.736168322993528,-3.6964393802904407,5865.4487
3060211309903379072,112.59223875355354,-4.411994765421176,15.7196665,1.0453272,0.30258381522280864,0.34372386927465104,-13.874370678848683,5395.4126
3057202118376582144,112.7311675590227,-4.639659659790205,15.730752,1.5257158,2.1319970832583284,3.172755564398618,1.1522268801421205,4408.738
3060225122518152704,112.64271093235355,-4.351620378017949,15.731219,1.0971966,1.8016016289273864,-2.719314680918917,-1.2658026160752864,
3057202908650525312,112.74387566668545,-4.579255127818815,15.741431,0.6789074,0.20501619138218738,-0.5168842667503177,1.2740180608772813,6581.9795
3060206018503709824,112.66437799752919,-4.55615569111638,15.747148,0.75896645,0.40249574770024854,-1.9855532955213084,1.58091098077167,6141.4604
3060211653500751616,112.67304847250651,-4.445027259342791,15.747783,0.97400856,0.8351181161519156,1.4088337820605141,-7.194711248394818,5256.5723
3060208183167170432,112.74228055410289,-4.484550797767099,15.748379,0.8625431,0.4619103101239681,-0.4613664648542093,-5.190047103819266,5520.1846
3060211241183905664,112.59720556224535,-4.4230694383477065,15.750739,0.78030396,0.19810415553766908,-0.14181391528494902,0.09380361272616089,6291.1133
3060232887818946048,112.85874181880652,-4.379865038246712,15.757961,1.0086651,1.021133553383189,-4.045731292031361,-0.835167035696665,5151.4536
3060232200624166400,112.89405550563755,-4.384976944116695,15.760103,0.7585659,0.42497147247777545,0.49448993017365356,0.017646377321538856,5871.8184
3060208350663937920,112.70753713798224,-4.481021415328485,15.760571,1.0423679,0.4200811780677101,1.244815117976482,0.049905311076136695,5104.856
3060235533518853632,112.7689504081289,-4.399354326808921,15.763849,0.5767689,0.1984073579836699,-0.8731402795177052,0.3650808111537827,7221.2207
3060206293381613184,112.64762831343398,-4.53471529317964,15.763972,0.70234585,0.4439291302352971,-4.41159261505481,1.5991652803939205,6350.9375
3060212821731857280,112.6103289896577,-4.402504141127707,15.7645645,0.7677374,0.3946375246065125,0.9048650345841449,-2.57661549854929,5835.294
3060207324173725184,112.7438513755643,-4.515293010933374,15.765353,0.62203217,0.5924738771556939,-1.1441322666739246,0.08008681357816247,7458.616
3060207113717192192,112.79049528187221,-4.514285882471597,15.765712,0.6596327,0.33862246017833114,-1.9821414227196137,0.7608936767963843,6375.0825
3057203870723115136,112.91243503281113,-4.545402474466575,15.766259,1.0381737,0.27404841925703444,-3.064785513148607,1.5267636253985541,5179.7437
3060208767282673408,112.79752319867137,-4.4352259165127155,15.766541,0.8151922,0.6200776241173513,-5.38015721668813,4.216398649122689,5807.959
3060248968176515968,112.70294430268402,-4.284190591632669,15.771174,0.684432,0.3393127928640719,-0.16334315936858457,1.2149076889846913,6665.332
3060236151994105216,112.79084220387442,-4.348229571954561,15.774747,1.1914139,0.18726140037077135,-0.7944321858933646,-0.018019400793466273,5019.1724
3060208458045078016,112.72172507218501,-4.470773508493563,15.779084,0.8328104,0.6112404679232487,-4.487249546473291,-1.1835537043692974,5628.9575
3060235911475968896,112.73646717932972,-4.362870273744748,15.787368,0.77897453,0.5944817437233322,-3.3199756737311397,0.11240158940724816,5727.682
3060225328676558464,112.6564309246459,-4.318743137374962,15.793129,0.73874855,0.3213114394127184,-3.715018892933075,3.3563639972154364,6239.161
3060207564691869056,112.79698264162846,-4.501409721909074,15.802987,0.6853285,0.24751994712541947,-0.6011794062405572,0.4387290811339183,6611.2764
3060236976627857920,112.69504916720938,-4.332025889002986,15.80557,0.84148693,0.44618492496090884,-1.7827316815757448,-1.5281494109216203,5656.2666
3060199112196322688,112.63362008227791,-4.61345425577864,15.807134,0.82498646,0.3510745499485946,-1.942879330429422,1.142054093098582,5936.898
3060211722220225792,112.66089118452017,-4.431267290075334,15.808386,1.1469784,0.13940544478497463,-0.49198017941040273,0.4646589442275727,5347.0723
3060237522082635904,112.72597007229714,-4.2948003027503665,15.809587,1.0935955,1.0983985132783645,-1.0095540753340275,4.0234476751190185,4928.491
3057203836363385344,112.91130294364213,-4.559305925311844,15.810311,0.73660946,0.4937792839509418,-2.088890365033348,1.6646362358192008,5909.0835
3057204626637393792,112.81167933987695,-4.538158667269119,15.812727,1.0582466,0.9098278829692333,-4.955693913200354,2.555129736883831,5007.643
3060212993530524416,112.66632639856918,-4.396182654751984,15.81375,0.7160988,0.33570865926215177,0.5871768367136426,0.07250067539951241,6369.45
3057203286607603200,112.87297073754439,-4.593014646715858,15.816948,0.4992485,0.11326566943045051,-1.2359140187697986,1.4500533785249834,6869.427
3057202702492083968,112.79188686747126,-4.59536580779766,15.817741,0.4196062,0.20212253929361385,-1.7229058955294319,1.5021390294209902,8163.5454
3057201942280107392,112.81200179768797,-4.604790747258413,15.818474,1.4459572,1.3952280297510142,2.341761716079729,-2.558353305390826,4418.0513
3057202221455783680,112.73340474472722,-4.620041298077869,15.826329,0.787899,0.5599653192968354,-4.697153041409137,-3.207432872521724,5932.0435
3060211550421534592,112.68021545644099,-4.446959215342893,15.830313,1.36026,0.12559735570669733,-0.5373276183456851,-0.14259494972888007,
3060233059617648256,112.8337487764197,-4.374605584631353,15.83705,1.193305,1.269498162109286,-0.2787662292159568,-2.4902756841676617,4770.193
3060236942268107776,112.71866589942702,-4.330793987216362,15.843129,1.172782,0.08761792368808975,-0.5143689974342717,0.1780166120234726,5612.594
3060232127603236608,112.91147850203305,-4.3894297968516565,15.844793,0.7860584,0.43741850434586305,-1.5546822245184504,-1.09414568521934,5770.885
3060234502726963072,112.8843423063638,-4.352356697843747,15.86459,0.49279308,0.24313141379788578,-1.9868270886569357,1.5757894381276656,8157.0273
3060210176032026624,112.62400779518788,-4.461238348261576,15.872586,0.69994354,0.38473591025712184,-3.1089604616619804,1.6503003504159397,6158.4663
3057203561485518208,112.83604720085964,-4.579701365872881,15.874861,0.66269684,0.21485975353107525,-1.1678414203399312,0.7595522098741566,6966.4976
3057205073313979136,112.81594516197782,-4.516826772351198,15.875382,1.106247,1.0466781200772668,-2.4708443714341146,-1.033301900776246,
3057203664564705024,112.90144618283897,-4.577046010491664,15.876363,0.65248585,0.21859329292341229,-2.2256619105358375,1.2047068175449565,6963.817
3060232784739751040,112.84565943113004,-4.397780568786169,15.881221,0.60800743,0.30859817636343667,-2.7416969878247612,2.117861546888413,6808.7095
3060231822667056768,112.9099355619429,-4.416976652497635,15.883995,1.2891035,1.2963329397197032,-3.787826960093132,-5.437852176122034,4711.9775
3060236220713560576,112.83136420680438,-4.347916329464434,15.886291,0.51344013,0.25000804697572043,-0.4241472953433345,0.003569487822687225,7481.7495
3057203664564699520,112.90873298166657,-4.569867138558317,15.886664,0.8967743,0.5080173634413792,-1.0168722600907403,-0.7920734468212863,5449.2646
3060235597940530432,112.75372473226079,-4.38668212846776,15.888108,0.9357796,0.5615817390052262,1.3189848493301028,-1.53442657354956,
3060223095290346624,112.56220324383288,-4.4084076154152365,15.888778,1.5650215,1.4476749959657134,-2.9416693447666806,-6.8281252970034645,4371.015
3060211619141019648,112.65275865603483,-4.4460845258617345,15.89301,0.73783016,0.4663429354296846,-2.873491820971278,3.4799571413715014,6166.122
3057204283040024576,112.81030422518556,-4.5625561989789984,15.896576,0.8558779,0.6181308126117535,-1.7072032901101208,-1.8086339633017607,5529.417
3060232303703448448,112.80313823825084,-4.426537263165466,15.898644,0.7202692,0.30341648594966664,-2.5083799981924213,-0.38121935220782643,6139.0303
3060235739677268096,112.76654266027352,-4.370219483081545,15.902087,0.66010094,0.3858672980420636,-2.6018956212100943,1.8663471364509232,6996.411
3060235602238329216,112.75235746709863,-4.385290955036292,15.910784,0.91477776,0.4905577617916433,-0.027392860201226405,-0.8043141442337762,5471.1978
3060237251505733888,112.75193145846194,-4.321101918579054,15.911485,0.79306316,0.5829362472551869,-2.084034171833613,0.10640006697547785,5699.371
3060205086492420352,112.63812961796312,-4.594530083429284,15.915058,0.7511339,0.24120679443205495,-3.5308271728432667,1.99150504671212,
3057204179960818944,112.80567668217134,-4.579125169267886,15.916659,0.7291384,0.29710680873955997,0.19058255427410367,1.3089634683908307,5960.9507
3060200246067683200,112.60681124860275,-4.574538924951176,15.917698,1.024476,0.6412534428685093,1.1104124112478226,3.87327248458537,5299.243
3060211069385410048,112.5622345374762,-4.454352854059642,15.923547,1.2814016,1.2888418531596455,-2.191098338861611,0.1167526477374429,4670.186
3060232028825508736,112.86358918655091,-4.413414259422126,15.923595,0.6752281,0.6733753265497077,-1.504798350984644,1.2554616745879439,6512.2734
3060237698182290432,112.76269557365565,-4.265621810461184,15.925337,1.0132275,0.7278353650665393,-0.1932048729477563,-10.243933079561085,5129.867
3057202874290799104,112.73418923165569,-4.597021254521681,15.926171,1.0016108,0.7537836915415493,1.163069954789737,-6.085135235802452,5074.9214
3060207942648958976,112.81653312218901,-4.458913770417962,15.928024,0.6925297,0.37640772189784844,-1.197417844893187,-0.3484357875916841,6325.6724
3057228437937086592,112.8840371383208,-4.500345326362355,15.929893,1.0957737,0.6514485871159481,0.5449351759458779,-0.8685143223347846,4865.982
3060237801261503232,112.84176639172223,-4.319165049493647,15.931499,0.7711172,0.0545721593169169,-2.121004508427106,-0.20933735473973458,5800.6016
3060206430820557952,112.68309581256652,-4.53443006047963,15.939135,0.78589535,0.3958437033814992,-2.382301033162826,-4.147875744705926,5889.277
3057203733284175104,112.90353939493727,-4.5647533254415675,15.942755,0.7906151,0.5322674333416026,-4.976048853864773,1.4146063216941986,6009.9526
3060211241183902080,112.60569547231309,-4.421606740642062,15.945382,1.208808,0.03194344262113471,-0.1092801729537949,-0.025173230684480637,
3060212993530518784,112.67307743889928,-4.391834527771165,15.945537,0.78820896,0.5357254241496956,-2.219100330765611,2.610378358715215,5695.7305
3060231646566801280,112.84398916923182,-4.413148651913052,15.959177,0.62075615,0.1942724338513959,-0.9376799972145751,1.2160554845165943,7237.8105
3057228506656541824,112.92405492119575,-4.487469441072088,15.959837,0.8646555,0.4919572464006203,-0.42779328590801186,-5.5162924308314345,5493.023
3060225191237632640,112.62995071760221,-4.346643203504957,15.964714,0.6879978,0.3395023467181804,-2.752614527074637,0.3320783176348326,6396.1333
3057202324535029376,112.68552209082193,-4.636826189958678,15.965903,0.700325,0.3459610048368299,-0.21286648677620862,0.9481472487082145,6587.792
3060211550421531264,112.68747947523825,-4.446255100367412,15.967091,0.7215538,0.42096867414855466,-2.7637942140807796,-0.274559224526025,5956.9565
3060232887818955392,112.84578666780607,-4.381973816764372,15.97183,0.51594543,0.29020244595834926,-0.6185996285165777,-0.4971627669556378,7662.4385
3060235670957787776,112.7820252487773,-4.376100009595369,15.975845,0.96921635,0.7740201984300636,0.33916350096038866,-3.8092984386614215,5208.5947
3060206533899763968,112.69548891123362,-4.522998113506342,15.981114,0.64211464,0.1282294928506752,-1.1284332838444227,1.5341370913292354,7148.582
3060210004233345408,112.6156978409247,-4.479409024723499,15.989389,1.0296726,0.9443725372545895,-5.727659040620535,2.8477305488178435,5065.355
3060212340695723264,112.73016797405975,-4.394003925266476,15.989623,0.72161674,0.2914805639516164,-2.1055612851489967,-1.5560072613241633,6212.294
3060206430820560128,112.68742464568452,-4.543722765863865,15.9909525,0.96454906,0.686507952968571,-4.9562094268534285,0.5469740317140238,5339.9497
3060205571827107584,112.69161269543338,-4.566746360094662,15.994599,0.84287167,-0.7007376984520012,-4.412874728370723,1.5856387431209693,
3060206121582941696,112.60767083899363,-4.568102700360254,15.99667,0.688406,0.3030814804475372,-0.7817925874118802,-0.6590683678418123,6067.6064
3060209557556766976,112.58322744398775,-4.510067895652391,16.005205,0.8357363,0.3194553636692661,-2.316576379934436,1.275534434933523,5559.9688
3060208080087965696,112.73061947454276,-4.49743723274384,16.00737,0.6860199,0.31414923752601476,-2.0135652388601875,-2.140531966727572,6365.9824
3057202496333690496,112.71568929033035,-4.607075242087038,16.008968,0.5981579,0.317940380846308,-1.0770088302468808,1.7585090361666276,7035.8374
3060232303703450624,112.79818201398953,-4.426821142657837,16.010021,0.95229244,0.6468167758610557,-5.85620458410439,-1.8702843753604874,5299.263
3060209626276242688,112.57748073754047,-4.503082188172723,16.011131,0.7766485,0.34510546519620994,-0.49771469728472933,-1.0296175453579794,5753.8716
3060211820997722496,112.66099349742359,-4.423679986256844,16.01556,1.3920298,1.166366134148568,-9.31933142556779,-0.6099972450306386,4527.56
3060237728240885888,112.85378560557174,-4.327635265675559,16.016846,1.1419907,0.11191293225488727,-1.3259868134066517,1.241412131108364,5201.0117
3060208732922949504,112.78822458179248,-4.453970775770953,16.017328,0.8532648,0.33249203678128675,-5.751061650113841,0.06316871806349654,5512.2534
3060211000665745664,112.59730796426204,-4.439688312773788,16.02147,0.8263626,0.5466755005327699,-2.9824663228018577,0.29246591015175855,5584.067
3060249414853078784,112.74775844642713,-4.263449709920997,16.027195,0.7344179,0.2588001872693297,-1.846692320951572,-0.07435397133265192,6504.7056
3060225083857023232,112.6375026647058,-4.3568866275335685,16.037058,0.97683716,0.7555128242341985,-9.18776971134498,8.953230721015965,5270.6045
3057203046089462016,112.76270486956737,-4.5661445326491705,16.04023,1.0019398,0.7537572554050413,3.649837272058396,-9.018833970441134,5149.972
3060235567878579968,112.77872743991652,-4.386697509615166,16.05024,2.2995825,4.098469028769605,-19.57738170579804,-8.922423185477625,3613.159
3060234743244778752,112.88322942494888,-4.331454706899666,16.058287,1.180006,1.0692783878805618,0.7120741387409607,1.4642160344559432,4741.458
3060212993530523776,112.6782206698556,-4.402594680472735,16.05991,1.2081203,0.32852672055750126,-2.42854063008402,-1.5563716633836624,5682.3975
3060236976627860224,112.68274439857251,-4.327943582362673,16.069609,1.2286377,0.6847752478295837,-2.55700837516095,-2.347450360830292,4727.973
3057201671699936256,112.82898511959051,-4.629331945379941,16.071032,0.91324043,0.41256946735786354,2.863658921877007,-0.5891209134462292,5530.6104
3060207942648957568,112.82021253293853,-4.459768950810206,16.071772,0.32103348,0.17516256766623456,-0.8533277635752201,0.5024989869313496,8817.8955
3060232372422903296,112.83073617571965,-4.409205461484947,16.073444,0.9025078,0.5434433921829308,-1.8918123052533655,-1.1157267334434025,5599.4097
3060213130969452672,112.7013307092182,-4.375864479473404,16.07404,0.7039099,0.36696129447504033,-1.527197747923557,2.148053221710346,6228.4873
3060208698563220608,112.75803801764748,-4.448528502064399,16.074112,0.71535015,0.2671467650281079,-1.1091816536524286,0.16809953319312423,6377.452
3057227609004835712,112.90836539952943,-4.517895016287472,16.074453,1.145091,0.08225476659108735,-0.5571755493069983,-0.2600325188844311,5157.243
3060236426872005632,112.7746669888805,-4.328680429130177,16.074842,1.0891562,0.9408383364851265,-0.7541916975537529,-4.505006005261605,4968.6323
3060210897586537856,112.59018476981642,-4.449040943440283,16.076258,0.6830349,0.32895597375125374,-1.0844510866607355,0.11126168339540923,6314.75
3060211894018895872,112.72144634932677,-4.433123074388614,16.085701,0.87577915,0.4012923374459591,0.6587074502500267,2.430860077697329,5537.674
3060233231416309376,112.86161726622784,-4.347988592440788,16.092562,0.7602358,0.48570383032401687,-2.868793877030401,-0.18633105526737892,5825.784
3060211756579962112,112.6727875711009,-4.436216845606408,16.095652,0.8559809,0.21423211958450566,-0.18975248525417282,0.09104450278295687,5969.6094
3057203870724765312,112.92195131813064,-4.547733344391465,16.095682,1.0435991,2.0165165658580593,1.0679009294067168,-2.596023099487732,
3057200262950633344,112.88299486045376,-4.609997402687187,16.099146,1.1482716,-0.04371457811877447,1.5916229413219525,-2.2596542370174624,
3060236117634355328,112.82051071943951,-4.354950790009017,16.101887,0.9304619,0.6278684875609861,-2.3155244621502953,-5.5254541506546015,5312.864
3060206568259499648,112.70939462844935,-4.526728506724975,16.10267,0.8613291,0.41200614273187924,-3.924087163291124,1.4490925677219764,
3060209110880064256,112.75592076963281,-4.416630936082191,16.10961,1.2157612,0.15385903075328722,-0.6151272890011279,-0.3193647882193741,5060.263
3060205571823832448,112.69921788431671,-4.570506599599004,16.110237,1.950964,2.4979471404091758,-4.930369378565095,-2.3966348680539453,
3060210416550217088,112.57545959287205,-4.482255084712288,16.111393,0.63414955,0.21494214112868296,-1.0737186307851696,0.2229923983551703,6585.825
3060231650868393344,112.85472841003828,-4.418536405773833,16.112638,1.8461666,2.4428303697986795,2.2967999782265336,-16.705931421561758,4121.858
3060208458045083776,112.71323415549823,-4.474380247829041,16.1141,0.9282179,0.465343076274705,2.1970938261688095,-2.91127547017468,5414.739
3057200262950636544,112.87624437891583,-4.613245203931467,16.120457,0.7522392,0.363391630805548,-2.614148819717086,-0.35267527290750766,5838.5205
3057229331290235008,112.93699523363111,-4.430288652164115,16.121157,0.5878372,0.20053182667020578,0.002305414784281178,0.09017223587009353,7226.567
3060208110149627264,112.70645598611286,-4.50532621143257,16.121386,0.74474907,0.29476393072743023,-0.7815985204372213,0.38257659497160806,6023.244
3060233158395549056,112.83089243294377,-4.3552225131562725,16.121576,0.85130215,0.30942056123946277,0.772539354645666,-1.1098964203363384,5766.654
3060237766901750656,112.86909676618146,-4.3143162108940745,16.12238,0.81855965,0.5317483608720672,0.7970495941520972,-3.649323698288613,5642.97
3057201633042396544,112.8164936895242,-4.634225333367972,16.128115,0.6634512,0.32620763060462205,-1.1955558027400486,-0.6972680865092336,6910.9326
3060234811964255616,112.8775342289419,-4.327460785070512,16.128883,0.85425186,0.1741185471877244,0.234087565497925,-1.6776160900053563,6013.167
3060211443040493952,112.68317217373867,-4.4507452556433105,16.131487,0.77869606,0.71068835037667,-2.9750900635003275,4.769343160642537,
3060224641481853184,112.58102860814321,-4.376418688364549,16.131935,0.7302427,0.3029834247309263,-0.10755686921402086,-0.4512130125832148,6527.5894
3060237079707049600,112.72247262202787,-4.312820842708337,16.13459,1.0859737,0.28361843572533885,0.9377247634112225,-0.6489958311340297,
3060233059617657216,112.82411893300227,-4.379505566095459,16.136126,1.0521488,0.6688903374286983,1.7736617998607607,-4.516095666703669,4985.8
3060212512494217088,112.61618293590419,-4.419442530151915,16.142202,0.5736046,0.33813096930515163,-1.0789892809746444,-0.7449342746636238,7271.6797
3060211516061779584,112.71263493411749,-4.438319970484313,16.143658,0.74329376,0.12522208852015831,-0.6231122321162417,-0.1251453411882201,6369.999
3060236255073288064,112.83574495306799,-4.332807052323966,16.14372,0.72885895,0.2886379511971969,-1.6618029699096581,-0.790942026816326,5982.4663
3060237010987591808,112.6991325724019,-4.329510589567766,16.150028,0.5211954,0.13164442292335107,-1.7887031800240827,1.1652958147926447,7268.024
3057205245112646016,112.85023600762537,-4.4824192039551365,16.153719,1.3941402,1.306414099288255,-2.072837898414542,-4.105450071115449,4546.687
3060235602238332672,112.7467880643308,-4.388277476169775,16.154253,0.87902355,0.438548660717371,-1.196718424763938,-1.9923265346935795,5483.0835
3060233059617646976,112.83494671352572,-4.37365794502648,16.155954,0.741168,0.33093484794600503,-1.2276399183080886,1.046104813351967,6102.4785
3057204867155533440,112.86849002886773,-4.523938721944358,16.157803,0.7560673,0.2400908786288457,-2.1588615570248266,0.3045662779780662,5910.028
3060233197056584064,112.85145081091885,-4.362362030019723,16.157875,1.0768003,0.16835516928953445,-0.8931069371840874,0.4942884481371306,5427.1426
3060231375990488064,112.87026571824218,-4.4331602046873595,16.158634,0.73699856,0.3990797218884085,0.05151778089510388,2.3487353866793774,5936.109
3060232544221610368,112.79990541469195,-4.412088787339417,16.15866,0.73169994,0.141716098155531,-1.4244026756466455,0.7223773527358361,6376.332
3060206602619242368,112.68913543414314,-4.522871038324674,16.159395,1.3647556,1.3085660549225242,5.146947021042225,-6.07091479712795,4591.2334
3057204450541074432,112.7825164935592,-4.571312538466027,16.1598,0.9276266,0.48098647501892905,2.650643567876914,-0.41195281114700594,5325.2476
3057201396822065536,112.76248887612162,-4.645380323247946,16.161863,1.0037613,0.6918676701539019,-2.737876444777505,-5.601150166535261,5158.883
3060209935513847424,112.65582259478273,-4.46491616291831,16.162136,0.90901375,0.5695595490451827,2.052923339483675,-0.2714670760177189,5374.648
3060248933817084416,112.68347859308574,-4.2919242954670445,16.162823,0.7051525,-0.0346102266839518,-2.686798924819971,2.8665442945968493,6352.1963
3057201912218105216,112.80641080760617,-4.612529134946531,16.16315,0.6796684,0.2493875804372683,-1.7566963268443792,-1.4766186026356234,6331.478
3060212100178475648,112.72922898210453,-4.40050165406906,16.168013,0.82856846,,,,
3060206327741514880,112.62776024972287,-4.537292892173922,16.168463,0.9569893,0.2118927628265134,-1.4889424513298304,0.512380099239877,5221.5757
3060236839188893440,112.72966955511629,-4.339480661034362,16.171057,0.8204498,0.36790614060937177,-2.618103144426005,-0.987616875415273,5644.027
3060205881064770432,112.63810149402339,-4.577307624540094,16.17191,0.7993984,0.3769078772035478,-1.5930197225969047,1.2623158036692503,5742.1836
3060209694995706112,112.63084509827858,-4.50608560177177,16.174011,1.2280703,-0.024167221245824537,-0.7834219968012528,-0.31587441482109235,
3060248762018112512,112.68507050368602,-4.31663244827979,16.177502,0.45980835,0.16425127373719714,-1.1120299293119909,-0.025735237608319826,7644.1616
3060198871678150784,112.66644415957865,-4.629142359837574,16.179047,0.61843395,0.1678321557034635,-1.5004338767188405,1.0807867007299226,6926.5894
3060207049295814400,112.77165332129087,-4.526914328074658,16.181725,0.9001827,0.5685996409418804,2.799741674923399,6.618056793019441,5465.4937
3060208629843750272,112.77425153143139,-4.470742649423548,16.18306,0.77258873,0.22670375505618723,-0.9104102970694686,1.1908018323930407,5921.6055
3057204214320547584,112.82543588913349,-4.573712974418327,16.18404,0.9234009,0.5763371846364383,0.6334547192198907,-1.8797551606495617,5412.584
3060206327741515008,112.62718172664992,-4.539006458630808,16.18464,1.0288925,0.4748517157522773,-2.7986981605798307,0.3859768928903775,5266.4395
3060212168897033216,112.69406430617887,-4.409165799852054,16.185705,1.2832403,1.155627131793383,-2.8403614206734265,-1.7121070472750954,4721.5093
3060207800908120704,112.80001959515475,-4.480783726763662,16.19118,0.9831171,-0.22991150686722528,-2.7237475961044355,-4.064304711439958,
3060232372423187840,112.83643760045314,-4.41334441371408,16.192703,0.96642876,0.6307223511325036,-2.295019490302476,-0.23581792617937597,5206.4565
3060211550421529600,112.68406214742386,-4.44075883462923,16.192965,0.6889229,0.25752002295794174,-1.0634392272287858,0.7535416018113316,6193.021
3057202152736309120,112.74332127485336,-4.6311240256947,16.19456,0.77771854,0.2469646388600087,-0.47570538178703015,-0.1569192700060603,5847.3193
3057201396822058240,112.77157002353155,-4.640490295888406,16.195965,0.8170099,0.46784778484421713,0.42193189389256747,-3.555038709645127,5636.165
3060208458045080704,112.71808006770651,-4.472584116513136,16.198534,0.772336,0.5598690631583435,0.8918737872386591,-2.1476438915881317,5859.4146
3060209454477554688,112.57834792499779,-4.5154591873136045,16.200438,0.8563976,0.48899884157766677,-1.2005151877360862,-0.2621690022829492,5542.753
3060231547789193856,112.84553202017277,-4.437546216246961,16.211126,0.8486576,0.41420250248484414,0.402837402386144,-0.04957541481633554,5607.7495
3057204214320549632,112.81960193679808,-4.573608044936159,16.213467,0.82494354,1.2590558001149388,-5.187562398049898,-3.0758487070078124,5702.933
3057201809138903552,112.77949645489414,-4.617645666075736,16.215096,0.57243824,0.20163759252108046,-0.9379760810291548,0.2836082546748432,7317.162
3060211928378627968,112.73145789302689,-4.430603318508069,16.215212,1.2542791,1.1364069095970994,-1.2201500867833166,-3.4158164557102597,4630.7983
3057202633772619136,112.7679584913288,-4.598809989926993,16.21617,0.8878298,0.5026784777470455,-1.5870246594982054,-4.994357145058516,5451.79
3060209278380673152,112.6140064218478,-4.524555495467951,16.21627,0.6843052,0.2659697471533651,-0.732230210244936,-0.6482921089059216,6133.691
3060211275543649664,112.57538835406275,-4.419035647952563,16.21664,1.1185646,0.2958900245398132,-0.5507141340509648,-0.7419579317550749,5046.0156
3060231685228128640,112.88519489036469,-4.434482416976316,16.21739,0.8017626,0.2948644666770033,-0.7770115029339272,0.5425463188785611,5675.5234
3060236461231737984,112.7820171046476,-4.325891178587948,16.217627,1.271307,0.30101068289155464,-0.5259341559488981,-1.706464176968462,4791.2627
3060205468747874944,112.7522893539189,-4.564537099332732,16.217651,1.7537584,2.133569259712529,-11.002824860528273,-4.812303361995367,4183.6543
3060212065817555968,112.75038723389922,-4.40020486381218,16.217724,0.8974447,0.29113679114622304,-1.6361303570732786,-5.202128051825829,5568.2163
3057203698924451072,112.87630548248254,-4.573541557717095,16.219496,0.74465656,0.23615581006772107,-4.740239765994296,0.520333491636081,6347.689
3060207667771053440,112.84346153794398,-4.481667580132515,16.221607,0.85371876,0.42740330264770915,-0.5727028695362465,1.7760477798757943,5569.5464
3060211236882146816,112.59450340750317,-4.429487550723065,16.221931,1.0560455,0.2062286254207295,-0.3535702245765803,0.4249138808751549,
3060213268408424704,112.65139747425658,-4.373228234533504,16.223507,0.7492809,0.3193180997458035,-0.7669452654591329,-0.11121718326343095,5846.7896
3060224675841578624,112.61149264233062,-4.372859562735055,16.226206,0.9564123,0.6965363130205,-3.8723649728346388,-0.4936625716348938,5218.4575
3057201465541519104,112.82214428842745,-4.647090900388932,16.23125,0.8759756,0.4499351987514222,0.6933170082382694,1.5922277218138758,5471.492
3057205073313981824,112.81708878662474,-4.524321746662772,16.231346,0.9950104,0.762324648575144,0.8916533285258019,-5.331833245835777,5075.6567
3057203836363389056,112.90544003289348,-4.5618601861334325,16.23398,0.76378345,0.47164182377547575,-3.083302945235747,5.255714207481007,6007.37
3060236014555166464,112.75140245349617,-4.3455487941498445,16.235489,1.0453596,0.5811871765544354,-3.267496780223907,-1.5072728558142987,5083.1553
3060237560743355008,112.74013629728293,-4.278395082216576,16.237259,0.74326515,0.37953286154495486,-2.4924636556080717,0.7585717938777771,5884.51
3060237148426525696,112.71962627232124,-4.309849180002867,16.238886,0.74691296,0.3768242018866309,0.6455813211757144,-0.3421668709594857,5906.713
3060236426872315904,112.77211350485662,-4.331845083384257,16.241392,0.7945366,0.42378442059845095,-0.6181769989868278,-0.9966140372837484,5710.6025
3060236117634356096,112.81843549145012,-4.3543135998779094,16.251944,1.2216549,1.0729559214972362,-1.9707306436535326,6.358736864767492,4793.2725
3057201293742857088,112.76852065054912,-4.660342552202841,16.25604,0.75007534,0.3077341035075992,0.1125413072221501,1.4107913500338918,5933.177
3057203939442604800,112.88420309321675,-4.548712435632744,16.256828,1.0433397,0.4629570093855475,-3.652647924908491,-0.45597739262528614,5629.424
3060236560009851136,112.8037575305403,-4.31439484222085,16.257072,0.7447052,0.27902606271701685,-1.9302792615807134,-1.0912668463173372,5877.0977
3060206877497150080,112.65785794233769,-4.502253387961499,16.259947,0.9040184,0.1938762199298295,-0.6911240439820953,1.3029362246863831,
3060212306335985280,112.72564360620161,-4.3989272969144615,16.260366,0.8884907,0.4780134414583415,-2.6596878734041294,-0.10112854345946394,5409.723
3060210072949529344,112.61555493163902,-4.47348543689123,16.261894,0.52476597,0.22212075357357358,-0.9711833082243556,1.0489641137004126,
3060237247204611200,112.75830580707442,-4.314352994922069,16.262968,1.270711,,,,
3060237388945902464,112.77451533294196,-4.2952666989462855,16.263515,0.72651577,0.38327367448538385,0.19735629831984483,-0.3566109013467784,6184.738
3060234537086700288,112.8934945184261,-4.335047206121476,16.263815,0.7251682,0.38093796096312427,0.5597299964910645,-0.658253841555064,5940.846
3060213440207083904,112.68985565773926,-4.3439356069834965,16.265232,1.08704,0.3749998977515868,-0.810572816688507,0.8048572489031887,5106.925
3060231582148915200,112.8626984427037,-4.4201936274420195,16.273226,0.90970707,0.1697658659706036,-1.691084222783485,1.1358490231539944,
3060208080087964416,112.73894917598192,-4.498864062323799,16.275944,0.9906874,0.5361119234045543,-2.081169067466795,1.0789898866844299,5208.3945
3057203320967338112,112.87636578774638,-4.5890115901709985,16.27761,0.6014986,0.27861176888906614,-2.4635825738190404,1.1935903371645973,6513.9824
3060206877497147264,112.6608723534712,-4.496421169166643,16.277763,0.9901457,0.5430649555152267,-4.249370217302289,4.491847389778353,5205.6934
3060204884632350720,112.69716130951386,-4.5972807360800525,16.27886,0.73672867,0.09810557242458041,-0.020450141173050308,1.2488861339242288,5945.8086
3057201534261313280,112.79808941623646,-4.640886800977621,16.283884,0.83568287,0.45537073458260774,-3.7222498521831135,-0.7571041880064421,5567.5195
3060232406782631040,112.84175837355104,-4.39849831773493,16.287504,0.82473755,0.5438001960860012,-5.312287877089831,-0.07108741250138292,5595.1567
3060212512494214400,112.62290381844932,-4.417503426518415,16.289639,1.5332699,1.3986375334973973,-15.451427848897932,2.441219451070538,4497.686
3060232750380014336,112.80795941804577,-4.373133306612496,16.291384,0.81401634,0.49773608762983107,-4.126103657080705,4.4510483128580995,5667.7393
3060206980576340608,112.77667404582526,-4.536683711380072,16.292383,0.6665821,0.3086296207429728,-1.5770037877018432,1.653489333296949,6358.494
3060204747193407232,112.67371246382248,-4.616149871131526,16.292725,0.9879885,0.666948937601805,-0.19437681959296008,5.747241257010305,5182.77
3060199112196324608,112.6349708446077,-4.6195236742031245,16.295383,0.83417606,0.3549560552382274,-2.370199984513954,-3.1677970842827694,5522.097
3057196449019775616,112.67239841651106,-4.639001589182134,16.299728,1.3115788,1.1323828768578017,-2.7598349429768576,-1.6845766884066053,4646.8853
3060210004233345792,112.62405913673379,-4.4867309818002665,16.306087,0.56272507,0.251979210140862,-0.7438313798477432,1.011529069217043,7222.315
3060208286246379008,112.74798320618628,-4.474816959577993,16.306604,0.9023428,0.5676569963956081,-3.3796007598790636,0.09823093694753561,5533.131
3060231788307328256,112.89930351521774,-4.421190044084746,16.307875,0.82999134,0.32694868960039736,-2.8123002001973068,0.6135380245091138,5590.4746
3060236869247444352,112.74760980119005,-4.323569907046617,16.30901,1.0015669,0.5977732621595925,1.678300304643042,-2.3875074457679517,5183.7886
3060238866413377664,112.82047350480802,-4.278307794887919,16.311472,0.7409849,0.29583871139353407,-0.4652136626896674,1.161503245678924,5893.3647
3057196380300301696,112.6791884117986,-4.64826647244329,16.316088,0.8420286,0.5448396937533236,-1.9395277886710725,5.99260495522829,5532.496
3060211412983718272,112.66936797029182,-4.458597852507295,16.316189,1.0413923,,,,
3057229022052811648,112.93253677527024,-4.455794142538385,16.32262,0.91142654,0.34196425986835216,0.0983162408797047,-0.39227471500580163,5347.483
3060234811964251648,112.88160081976535,-4.324211384240711,16.323551,0.6891451,0.34455848315852533,-1.5881865801032071,-0.07361667720405576,6080.254
3060213062249995008,112.66417581552035,-4.38456842119122,16.326141,1.9604826,2.4771363571559597,-7.468520201431879,-0.5310223192052247,
3060212478134470656,112.64381489671125,-4.42106605291231,16.33398,0.82160187,0.34155365452222264,0.9087250651116717,0.9628011524874295,5618.834
3057204248680298496,112.79353430724083,-4.575475737713455,16.347015,0.9620409,0.25286885881839677,0.8157990348355041,-0.8871911502948381,5204.9077
3060206808777667200,112.67591211618293,-4.500132119197836,16.347721,0.7586374,0.2964761098755401,-1.2144348216295124,0.4083014799421908,5833.0137
3057203905082880384,112.87568279494394,-4.5713770741693445,16.350796,1.1703444,0.5519678686081569,-2.4365605810283215,-1.884189868672873,4731.499
3057229258271253248,112.90230429558156,-4.444504327930068,16.355724,1.835187,2.147042168954812,-7.814835286065872,-6.421389220136166,4070.2854
3057228953333123840,112.94300293400788,-4.462294100087516,16.357683,1.2335243,1.0759360341034843,-0.5991095815106446,-10.41498234801955,4703.684
3057202874284600064,112.72278896766821,-4.5916306429941,16.357897,-0.38377953,0.8259771814938807,-0.5527300290340088,-6.129529929379719,
3060208595484016512,112.76217573994417,-4.470628412966783,16.358864,0.8379297,0.38844904118086804,-1.8751094483281525,0.34289043402086583,5544.1133
3060206499540032000,112.67450674366442,-4.521942970825932,16.360695,0.6522398,0.21462139905621125,-2.563563259820922,1.6779431943946888,6368.3804
3057227647663091840,112.92248281501374,-4.504371854096283,16.363892,1.1266813,0.8149713222818359,1.0225954423894823,-0.41305746893469525,4937.959
3060210485269695232,112.56033678664762,-4.47395197059743,16.366709,0.8847475,0.4732008162217391,1.589557125499886,1.0590164980580394,5411.116
3060237835621233280,112.84105031986273,-4.303363776307319,16.367388,0.97021866,0.6640649518576943,0.10010003887457891,3.130155843520796,5253.4106
3060205292650879104,112.72171809988383,-4.580883758947133,16.368872,1.1492023,0.9445880900227438,6.2163306961936335,-6.2999492842949225,4822.7505
3057204008162087296,112.86908638580695,-4.548613410494975,16.370148,0.8494816,0.2904907082399344,0.0977468039627441,0.43030294820114184,5592.295
3060212787372124672,112.59592065129046,-4.406074991299056,16.372114,1.1598072,0.23384027904722202,-0.028206925872125824,-1.2024568877405646,5109.404
3057228541016275328,112.93218939401694,-4.479394662337711,16.379374,1.1454878,0.15790420596967747,0.6144101515064497,0.5255301751118052,4952.508
3060236598670661376,112.80973344726779,-4.297561652978414,16.380735,0.87448406,0.45968572557312865,-1.8749177601145492,-1.6661801995646706,5476.763
3060233197056582912,112.85505306694894,-4.3631903127333835,16.383352,0.78143215,0.18491627336286542,-1.628747019674708,-1.280719357732232,5838.931
3060234915039999360,112.88267551410239,-4.318515682595521,16.387138,0.7955065,0.9423148997685279,-3.229705755711453,0.08025419406915238,
3057202015297369216,112.74100207007147,-4.649186131142541,16.393951,0.7111206,0.015053329581095405,-0.856528019614868,0.38339776074779386,6316.452
3060205571827106816,112.69928821242009,-4.570378096312231,16.395273,1.9645805,2.588431189788078,-3.062834298442789,-4.970161457939394,
3060208934779646720,112.73000787772854,-4.436265078097412,16.401367,1.1280146,0.24210581078837068,0.3292543924443082,0.22605706549721863,4806.9277
3060209007800851968,112.76840651318179,-4.43038502337401,16.403378,1.2644224,0.9727838671837238,-3.076690255674845,-0.018095554859701223,4704.6553
3060208492404810752,112.72897366655117,-4.464776351727833,16.404045,0.75351334,0.27904186726046076,-1.7881206903499978,-0.41509670337015336,5883.0728
3057201637340205568,112.8119174601829,-4.628344470744899,16.405157,0.86286736,0.40635687012681304,-3.087717287381502,-0.3309104682586215,5501.5215
3060200005549519360,112.60572733630869,-4.592697629156754,16.406134,0.8954954,0.20606210600123673,-0.2401619182682223,1.1279166459753471,5363.3267
3060212718652644992,112.61921329091332,-4.416603408174251,16.406153,0.9187107,0.6263848280121224,-1.9353478280074958,-0.10684736505623493,5337.564
3060236048914892160,112.76384476537328,-4.331304773961918,16.407568,1.1210155,0.9419786705250925,2.5889987225206306,9.792955560546023,4914.7197
3060206911856878720,112.67423742600909,-4.493529982121533,16.41313,0.64183235,0.31323599530695806,-2.6249667056770436,1.480708176247147,6271.317
3057203458406305792,112.83294700549908,-4.5846043413129065,16.413412,1.1060858,0.8048215800368872,-5.704516787833449,-4.302260407519807,4918.701
3057227647663098368,112.91417796048759,-4.509516849417089,16.42333,1.2013063,0.09698269879189142,-0.43817007118547835,-0.2354440138557945,
3060209798074912640,112.6304307488505,-4.485526667842308,16.42747,0.5300846,0.265865827014918,-1.3222768015623718,0.620136112041455,7114.7085
3060232887818943872,112.85579394631444,-4.373159427845305,16.433062,0.79970837,0.4164823622719107,0.8402176706230539,0.08511372395735135,5692.6763
3057229262570769664,112.90830690733334,-4.4390060942772624,16.433098,0.4953003,0.21934952348212994,-0.9591405044541885,0.6839369504487941,7100.907
3060210004233342208,112.61862864663937,-4.475693364416446,16.435318,,,,,
3060205022071314688,112.64757363068401,-4.599765782060556,16.440075,0.7679682,0.3043984148040635,-1.28481155982581,-0.3777099891587662,5787.9097
3057202771211554816,112.78662335042598,-4.582871405165348,16.444813,0.7166538,0.27906942743808477,-1.6576255193284186,1.509309885814683,5963.923
3060232780438199936,112.85163863441477,-4.404919018259522,16.4508,0.7962322,0.276461820732517,-1.882740503064896,0.2757288005751222,5744.233
3057201980937638656,112.72093500093902,-4.652124726328015,16.45325,0.9184046,0.33856310101221343,-1.9688941854327133,-0.9038892576374893,5297.8438
3060231204191822208,112.84450476491031,-4.459485761922243,16.454039,0.85740185,0.10982642541298474,-0.8077686947581005,0.3878418095160952,
3060237698183545344,112.7701083285973,-4.266826050925759,16.456608,0.93490505,0.5830947511962606,-3.888447730406048,1.1676169993237162,5260.129
3060209248319128704,112.57980564154356,-4.527957569962005,16.458633,0.79588985,0.35550167741970573,-1.4880957451408265,2.229460285805819,5664.1655
3057202977369982336,112.77510621576876,-4.569349364197148,16.458803,0.91376114,0.5342122362341645,-1.5798574533197633,5.4920656423628955,5276.1045
3060206018500447360,112.66395812419245,-4.5605528060590945,16.46043,0.6865492,0.23260072269870902,-0.14455242021527911,1.3260458767154901,6119.6147
3060209488837298304,112.56260805377313,-4.520498808732893,16.460823,1.1834059,0.7705265430895963,-1.5125496799042093,-0.6899888285021202,4786.9404
3060209213959393024,112.57531903370554,-4.537527444892246,16.461876,0.91925526,0.24859988859467091,-0.8082715065480921,-0.7863270433749069,
3060212065817564032,112.75057926749636,-4.412937162659539,16.462841,0.858428,0.5288181755770436,1.4540196803793157,4.223139800333543,5503.9863
3057204111241289216,112.88879349292651,-4.538557049209863,16.465174,1.0170174,0.6963531180996971,-1.860027771853124,-1.8829798837112588,5162.1377
3057200297310362880,112.89307001573356,-4.602759052733087,16.4662,0.74500465,0.3487488855378145,-2.1478236740367516,-0.12957768538089665,6073.275
3057205004594500480,112.82935498559145,-4.521033801993653,16.473465,0.59428596,0.31567421422534914,-1.7590444160461378,0.9835578680103126,7019.256
3060209076520331264,112.75529099242496,-4.426388339283052,16.475517,1.0681248,0.6892278603380981,-3.70665077355621,0.2676894355154032,5012.927
3060231822667054208,112.91633125222961,-4.416754673757416,16.476904,0.8970413,0.33372406695507933,0.29953276239238225,2.5219766410212223,5442.935
3060231616508667136,112.84264105112995,-4.4310923599769705,16.477646,1.3014288,1.1457989012460104,-12.264493775153742,-7.257552571209331,4522.423
3060225500475262592,112.63543086297952,-4.324512058108993,16.477852,0.78113365,0.5660142379282705,-4.7468877306787345,0.6433352725725365,5740.2515
3057203664558430720,112.9110875087588,-4.576768392162378,16.478735,,0.5433476830926085,0.6760358283516408,-8.233705718056422,
3060210210391756416,112.63847652849937,-4.455646255545852,16.486965,0.8492174,0.43247415461520755,-5.052006320461636,2.788427936168748,5515.6377
3057202388956671104,112.71296188510057,-4.621140907915507,16.487524,0.81103134,0.45685221603288173,0.5972172530397002,1.3508420266199386,5649.1567
3057202702492081920,112.7969531149593,-4.595025457367444,16.488894,0.7587347,0.11015642791634972,-0.24758148537036345,0.38648705122639815,
3060211546123664768,112.69066337159192,-4.440747571712946,16.4891,0.8930273,0.39405810940854413,-0.7095989161702869,0.34849694118029784,5386.7144
3060212753012381056,112.61395384913119,-4.405604449441294,16.491814,0.7275944,0.16795417197532533,-2.2074250356971854,0.6175186329085431,5949.0117
3060224671543728512,112.61768538141713,-4.380430442595699,16.497667,1.1271152,0.796588031614398,-6.404753768152594,-4.535631141043274,4897.114
3060213062249999360,112.6644380690715,-4.39123867434213,16.501957,0.7552986,0.2681254620378568,-1.0796112881125863,2.4746401258213333,5864.763
3060208973441129984,112.73854318544254,-4.43938745213409,16.503487,1.2810612,0.9923667247360946,-6.018137022996785,-2.2315638689306945,4555.939
3057204695356868352,112.80754111803938,-4.5311787543764535,16.505692,0.96838856,0.5317077670798571,-1.131123997596899,-0.8645469281877777,5203.616
3060236422574251648,112.77829222045914,-4.326603963430143,16.506624,0.5967331,0.2047033662848976,-1.1401727999322142,0.9646749088864046,7061.113
3057196444721885696,112.67618646242279,-4.643722291243899,16.507017,0.8991022,0.24522453548642925,-2.5154803439333184,-1.9200640167659664,5596.5825
3060212718649333888,112.61231166355105,-4.420624388748019,16.509998,0.9472952,0.6717050411321055,-0.13595945514272328,2.247051058189138,
3060212856091580672,112.63989252810428,-4.39416001887936,16.512508,2.0077934,2.765084917860244,-18.121907547604525,-1.1539553435581786,3863.499
3060207942648960768,112.81280819565634,-4.459701107061439,16.51598,1.1154604,-0.03389139870623231,-0.21102893963085717,-0.46394003996973343,5465.275
3057202736851828864,112.77856731394368,-4.596555968173973,16.51909,0.93987465,0.23635180722589927,-1.9912268035655856,0.2741298734496713,5275.728
3060208419383442816,112.69909701908162,-4.47186360583476,16.52239,0.8654814,0.4006166282720869,-1.4746113392852414,-0.5332951292847843,5456.2183
3060232853459220992,112.84080287345797,-4.382959964559039,16.523346,0.8504658,0.418636022593055,-0.06310086689031291,2.6476643278298595,5556.0024
3060231169832079488,112.86585906474605,-4.466289370680418,16.524754,0.6521454,0.2628303664591388,-1.2766855021996169,0.43560699888584453,6373.109
3060236151994097024,112.8047584788733,-4.348661122250624,16.528305,0.8069916,0.3314147742086998,-1.2089837408099517,-0.4274742419543438,5680.9224
3060205743625774976,112.73026940083993,-4.535707088706766,16.529427,0.7619877,0.36352801258930545,-2.456310778483686,0.5286831016034578,5800.1113
3060205743625773312,112.73200210306113,-4.533717373493436,16.530647,0.73822975,0.28940918098252605,0.7401129781951672,-0.6958661748112359,5904.91
3060236220713558272,112.82675122897474,-4.340627194895518,16.5326,0.78050804,0.36757262215180814,-2.567600788316791,1.5703607350118878,5747.7944
3060224675841584128,112.60527279359836,-4.37956257922921,16.533318,0.69654465,0.2700526965051563,-0.6526513585503888,1.3106558832766533,6125.6147
3060232230688298112,112.81660845476785,-4.4326801008317664,16.534721,0.7525997,0.36893952000538605,-1.2492399510752505,-1.9059301026800284,5846.196
3060209832434642176,112.6543437356489,-4.48212347741053,16.53749,1.243082,0.26414560765069445,0.04785307928544533,-1.3764826530311929,4595.1846
3060208698563217536,112.77337507374925,-4.453056646045154,16.539612,0.75696564,0.4034264376767222,-0.5064498572869314,1.6618764174656082,5853.595
3057203320967339904,112.86716040868065,-4.585595196233418,16.540403,0.68403816,0.32392840819505253,-2.22138469269916,1.681177655397251,6048.4736
3060238866413376768,112.82130975434576,-4.278038265523315,16.543104,0.9366121,0.19606230300455874,0.720857309615698,-1.0329592791189857,5340.7793
3060212611271815936,112.6671669140157,-4.3991549217114,16.543356,0.88757515,-0.5999256888222386,-2.818425234105692,-2.1734560089344,5396.7607
3060236736109677952,112.72017047089614,-4.332359541555457,16.545156,1.0835228,0.8441710796167481,-7.352893114525324,7.745119865131012,4907.893
3060213337124552704,112.63637382804109,-4.369538899887646,16.54976,1.4550486,1.318065445719548,-8.64446862590648,0.9585280598672836,4495.2056
3057229262570774912,112.90036425304208,-4.4433267343769955,16.55329,0.6677666,0.25338824678363814,-0.9303055087102929,1.0128952507968554,6140.6143
3060200246067825024,112.59474690757118,-4.580159583253049,16.553417,0.8638563,0.22629560177411986,-0.11804410884557136,-2.9215486590402713,5320.353
3060207805210258560,112.78992392171828,-4.480832623796859,16.554787,0.7886772,0.43304782852215,-1.4432983301376905,3.8341733660230632,5679.2886
3060237148426524416,112.71488808734702,-4.304461998388395,16.556488,0.6931534,0.1206057780077161,-0.8020015286378477,0.21458861981084665,6065.1387
3060237629462811136,112.77716080753623,-4.272166216114111,16.559578,0.78001595,0.10555972765769116,-0.6673201833148207,-0.0340890681836082,5760.7715
3060208045728235136,112.72491816169396,-4.510074538367178,16.560719,0.7822399,0.36260529607413156,-4.407095465106067,4.0733137965977635,5728.607
3060211133802892160,112.55335680017383,-4.441665803939301,16.561922,0.7170677,0.23224062303562182,-1.1657790895535054,0.37022219881812907,5954.8374
3060211271241897856,112.5799467997227,-4.426328406473994,16.564299,1.0727549,0.7071446238122465,0.1381782152048071,-0.978462361112809,4998.9385
3060233025258213888,112.8737715258135,-4.367651879866021,16.56481,0.68492126,0.3735314068516291,-0.7652235100045051,1.3012838894162482,6130.9136
3060248968176523520,112.69706236242526,-4.29232419216631,16.565733,0.67510605,0.28899794657714034,-1.6927218723499358,-0.5642577445180197,6109.632
3060224602820519424,112.5742785528081,-4.393445209896009,16.566332,0.93585205,0.17328423055017247,0.3841593280581792,-3.153177142891505,5294.166
3060200246067685760,112.58976692385563,-4.574833748179766,16.566889,0.7932396,0.31585715062778946,-1.5494287535695759,1.1359302614393787,5715.081
3060224950716142592,112.59392743936532,-4.3588747959204115,16.574175,0.94488525,0.5024354360082135,-1.7959537922136681,-2.3466757927658763,5440.838
3060236220713561472,112.82350969485793,-4.343881587019479,16.575214,0.8092613,0.38439978166491856,-1.0690274923618994,-1.2180956660556064,5645.9946
3060206568256204928,112.70936338603097,-4.526894283992642,16.582457,,0.3470411748629909,-3.8543190133161422,1.480699605425625,
3060210863226807552,112.58113650559403,-4.460817120526056,16.588552,0.9511051,0.18333776264775242,-0.03988443700372152,-0.8509205015387693,5206.719
3057201671699927168,112.83503908958109,-4.617866796962394,16.590818,1.8867569,2.1574549765016884,-1.1605143884069211,-9.01620188856347,
3060206740058208896,112.63464511258016,-4.517622073130586,16.59145,0.74005127,0.20136274065578527,-0.9560880981141893,-0.9029437325777351,5910.6636
3060205571827103488,112.69640004852089,-4.559710681129466,16.592741,0.8583832,0.3125347366970228,-2.3305037160558513,-0.037286536620207256,5502.781
3057202427614206720,112.72914406016837,-4.605765439854081,16.593262,0.8342953,0.40745412826367916,-0.13436449013027574,1.591143290546163,5561.355
3057203389686830080,112.83842540259266,-4.590314518718253,16.596024,1.1183252,0.7676952432875132,-1.93125175817315,-0.43875868670146273,4891.9575
3060231238551550720,112.85241131613313,-4.446557874529596,16.596664,1.0669603,0.734332528705302,0.6907867498528062,4.4627591540745755,5008.9546
3060233162696852608,112.8306643507576,-4.359204488840861,16.597837,0.84823036,0.4560522012823979,-4.4576262813619705,2.452192156760614,5574.9272
3060233093977691520,112.83611739186439,-4.365155905474589,16.598652,1.6942148,1.7023261736223976,10.569715223954802,-14.660306000567605,4431.341
3060207255454244736,112.75580781521943,-4.515845036534162,16.600122,1.8553171,1.6582629304409733,8.18617208360747,-13.109456189423309,4221.3984
3057200159871427712,112.87005211688974,-4.620151347454049,16.602095,0.85421944,0.25462353955363065,0.42465169029306116,-0.17294163330320422,5518.603
3060222919193204864,112.55862379490746,-4.426323183997255,16.602713,1.0430889,0.5846977591095203,-2.1010447281810922,-1.1843906260584955,5091.5083
3060232990899391744,112.86642975422771,-4.363091629945958,16.608013,0.86867714,1.1515915774748195,0.12391183028527418,0.09232959968405063,5593.3696
3060236083274626688,112.80986780401317,-4.359739165956989,16.608984,0.9268856,0.41615189951718606,2.2948307818409788,3.000812039353872,5335.2026
3060224675841800832,112.61681501805148,-4.38106505531713,16.610998,0.96659756,0.2602984018442643,-3.663416006091507,-3.2056930368927414,5161.829
3057204214320551040,112.81246647207676,-4.571813170811353,16.615051,1.299407,0.5951949651819732,6.730243967879002,-9.058915437250938,4622.0537
3060206327741359232,112.62038900140628,-4.53369613819614,16.615276,0.8949032,0.4450017408319437,-0.39830767806669554,-1.0402999991873967,5413.4517
3057202118376573952,112.74583298705525,-4.636865502115041,16.616373,0.78596115,0.3237090352637636,1.2803050168714514,1.52414983253425,5922.9126
3060206155942823552,112.61302959581627,-4.555510477386554,16.618362,0.6416054,0.17935271271167255,-0.5129158801095078,-0.6669292804451614,6262.2104
3057204660997138304,112.80000239026296,-4.540997515880393,16.618423,0.90859795,0.5558371615353943,-2.518375300158316,-1.5742620397505156,5334.649
3060224950719484544,112.59185050153012,-4.35755468464833,16.626833,0.72220993,0.21357667287210946,-1.4727219370071762,-0.4469373628717223,6013.3984
3060237178485118464,112.75884855274566,-4.317555704515749,16.631144,0.7977562,0.4212539120101386,-1.370099977477082,-1.071337895062403,5662.707
3057203561485510784,112.847798678556,-4.575926136682026,16.631931,0.97771263,4.543853475675736,0.7491270861169709,8.307393382591624,
3060237315924179584,112.78188605083416,-4.298281102244989,16.634144,0.4906292,0.19518517070607777,-1.0225003758516356,-0.13811747796832533,7544.5083
3057201706059699968,112.78745203282078,-4.6463956874793855,16.63497,0.87656593,0.11650971919033945,0.41646056348399807,0.15060664684648195,5987.6543
3060210107312553472,112.63124413334504,-4.474490741989781,16.639263,0.841671,0.45251226145125345,-2.41092898106536,3.0447110143460883,5506.4404
3060207186734754176,112.78267908146468,-4.506897691217596,16.640886,0.64741707,0.32609887925156433,-1.1810338679707095,1.0303322886688036,6251.5796
3060208698563222144,112.76620093992274,-4.457994815541687,16.64103,0.6740589,0.3280545607792704,-2.4748461209031927,1.9219201819448957,6159.244
3060212924811279232,112.61460373226844,-4.386549056918237,16.643492,1.1963587,0.1629736057733979,-0.9105187245792556,-1.17465982068305,5136.9043
3060236186353827456,112.80351184995669,-4.33627491868251,16.643955,0.74632645,0.28374645145054805,0.7093937248625686,3.4003421689041753,5860.5337
3060210072953928448,112.61557492237459,-4.473312992852281,16.645523,,0.3857563661520395,-1.2693914314557224,0.8856051637444251,
3060231822667055744,112.9080227775436,-4.414275144692802,16.646912,1.0570736,0.6206700874558368,-0.6748756816977508,-8.006959915422751,4990.858
3060237629464143488,112.77089833525478,-4.272870417086213,16.651117,0.80163,0.5233357116259618,-0.6018802833946627,-0.06349332215788073,5659.5156
3060236426872002688,112.78206008083967,-4.330359039174122,16.652796,0.7205086,0.3126428377651112,-1.26511928382876,0.6307236271867439,5992.1133
3060225191237624448,112.64149503362799,-4.341169876839251,16.653015,0.7605362,0.288022986742052,-1.823988679655911,1.2446313397389575,5830.993
3057203492766041344,112.84542550429269,-4.5862190393121605,16.65325,1.07654,0.352197526685012,-5.695648947342962,2.4908037266762566,4956.517
3057228571079800448,112.9136268613177,-4.4782259601860135,16.657671,0.9653225,0.47984935468208073,-3.0741500669464337,1.823369484077831,5220.7817
3060236766168152576,112.74355636228573,-4.34332310632416,16.658709,0.6878586,0.4253911532154071,-1.897308222871497,0.24498202766464044,6089.731
3060211962738374144,112.70215311724938,-4.4234092398128295,16.662355,0.9108219,0.5630888511836013,0.04640002745108569,-4.364112344173691,5322.287
3057205176393169664,112.87157709055526,-4.500087493616954,16.66259,0.9345455,0.36679290844286166,-4.09911114012633,-0.027000152220661017,5237.8657
3060236358152526976,112.79180774559318,-4.339135652723309,16.663568,1.2733631,0.8303244858068423,-1.9976421835266545,0.7498600978929557,4838.5
3060207049295817600,112.76114066796582,-4.526094534467849,16.667843,0.9850025,0.6078399514003697,0.608872708260875,-0.48578363086518245,5168.7593
3060210931946270848,112.60895683207154,-4.450756046731567,16.668179,0.7948723,0.26717196955646116,-1.6884867826035512,1.328093396129334,5684.1665
3057229228211030144,112.92370187335345,-4.445499101587351,16.668242,0.68463326,0.20201244625316878,-1.4347518448637933,0.922972814631035,6112.94
3060211928378625920,112.72939104201522,-4.425890314529623,16.672369,1.071537,0.06212704042773199,-0.9676907528757203,-0.7104380001520418,
3060248865097607424,112.69104757839642,-4.299537034592476,16.672937,1.9050264,,,,
3060211172464445056,112.57102822542842,-4.435421281959265,16.674234,1.2998686,0.8392023033519167,-4.143285061553775,3.2687521705480456,4560.6865
3057202565053146112,112.78072514036668,-4.615700166386812,16.675688,0.92459106,0.34660710323955585,-0.4379891880245336,-0.21280200148737208,5288.647
3060231994465754752,112.88098255056613,-4.403835790302609,16.676487,1.1401806,0.648431914571677,-0.22750962302621733,-2.0737733707235817,4970.951
3060224744561061120,112.59741392578881,-4.374462462194152,16.679983,0.70028687,0.2963521144787591,-2.679480007231585,1.9961604629437901,6018.785
3057205206454312320,112.84028257275472,-4.496031804928159,16.680376,0.84882736,0.33953897257932303,-4.558691501571222,0.38365427816547704,5579.9424
3060199936830044672,112.61498829487148,-4.603175201477771,16.688791,0.8111706,0.3085834692269215,-5.71095156307805,-1.8900427286752974,5679.1045
3060213096609724672,112.67463921782347,-4.375295763625388,16.690226,0.77334785,0.2986501216309584,0.9456759663314035,-0.0354282847754334,5736.2285
3057203149168669440,112.8485294128057,-4.613375600357326,16.691849,0.68104935,0.27050248861471454,-0.6396234493392122,0.1693105600159372,6105.672
3057204832795805568,112.84999301990963,-4.530597615103236,16.694149,0.8896141,0.4561641489840901,-1.8925162826526716,-2.849623783004842,5393.864
3060209832435804800,112.66078919958046,-4.488209551892017,16.697847,0.64419746,0.2723895374197412,-0.23786990878430117,-0.03141581518728884,6286.1836
3060212237616282368,112.68547649410617,-4.41314454060353,16.700544,0.9231491,0.4097689868207922,-1.6569358892426134,-2.3798696326105375,5322.892
3060206911856881536,112.66958757929183,-4.494112430639281,16.700958,1.1120224,0.676955580822715,-1.7185652130839386,4.060629957959711,4847.5317
3060235602238329472,112.74916714069154,-4.383818898120166,16.701252,0.7964096,0.3320265546885052,-1.3553234105772982,-0.17471913376988835,5728.311
3060209420114574720,112.57194969485785,-4.530274501051468,16.702785,0.622736,0.29453033941966145,-1.3673944500198933,1.5949582304594743,
3060237144125486592,112.71847715028989,-4.297660696609398,16.710716,0.71484375,0.28628498797114194,-0.4827720883046109,1.5970601637800275,5949.446
3060212031457831424,112.74418290476605,-4.418740862871167,16.712013,0.740242,0.3666512369487763,-1.7132425564677218,0.3703881587293995,5941.8213
3060232303703452160,112.7935024972661,-4.4263879456329684,16.713005,0.97772026,0.23252986655895433,-1.1580054625943317,0.775983687546334,5129.532
3057202010999480576,112.73389311522658,-4.65263333331644,16.714512,0.8720684,0.32557548203398534,-3.806873046923319,-6.465983317794624,5456.4253
3060236907908381696,112.70161345897566,-4.337893338680171,16.7148,0.8112869,0.3683644016417012,0.2805874374808846,0.5158227640955598,5622.8203
3057203870723113344,112.92480089035028,-4.547923081997027,16.717045,0.80555344,0.20683631161323152,-1.3007179638234523,1.8350458134103227,5649.8457
3057228712814990720,112.85954820428113,-4.4774938281198775,16.718027,0.80353546,0.3621959359890697,-1.0681152280685196,2.8780889520915047,5677.3027
3060209901154122240,112.63817834502889,-4.477755583762199,16.723372,1.0683212,0.615510470323999,-0.5697730271102933,-7.654597950577236,4996.2666
3060236564310940800,112.78806421481703,-4.310575554812556,16.724812,1.3411226,0.9268468406943194,-3.1537352963755705,-3.3684184843715603,4480.2954
3057201121944459648,112.78825663667952,-4.651896872888011,16.72663,0.75123405,0.28367252988159364,-1.112387920498157,-0.9870034987358124,5856.1855
3060209076520333312,112.74957313504996,-4.426404552006631,16.728645,1.0223331,0.674003974550105,6.615183376689103,-2.8985355957924246,5003.727
3060236358152527616,112.79221035628066,-4.3398708850637675,16.72893,0.95383835,0.5989981667300911,-1.6765175866769932,4.57135854296883,5201.7397
3060232372422902912,112.83071877943962,-4.408595106667532,16.729095,,0.6746034254473099,-0.7722646191452139,-0.495045296942244,
3057203905082874240,112.88044419576745,-4.562512716858874,16.73021,0.5833645,0.2768914298506199,-1.2199532527457893,1.205395637976598,6932.6074
3060233609373425536,112.91238359398676,-4.374947465762234,16.733149,0.8805561,0.2281597232843364,-1.0235324717503564,1.3778957158479748,5403.3506
3060209591916498816,112.59099244038077,-4.498402220923809,16.733953,0.6204529,0.20979880815719287,-0.3769631840953155,0.6873685014743767,6328.9824
3060224950719484672,112.59094244289474,-4.356945310502576,16.73423,0.65659523,0.32930630650048404,-0.6332890121311332,1.4477392218142475,6207.8174
3060231307271016576,112.8816330043042,-4.449534543745972,16.741251,0.7254181,0.16242368947582614,-2.111469126334468,0.7915371722560479,5932.1606
3060211894018895360,112.71763452739702,-4.429974089529662,16.74222,0.65497017,0.3030259986703834,-0.632345539973217,1.2010236097462645,6147.181
3060205743625778176,112.72858816145879,-4.539036628328614,16.743834,0.6528702,0.2777015493713873,0.4035160577073595,1.010714671959202,6224.3477
3060206396460826880,112.67898401977565,-4.552582281686549,16.745728,0.9897423,0.5671368758424138,-2.94398661080082,-5.476257773983631,5110.018
3057201980937638272,112.71954822077265,-4.650196914419996,16.747253,1.3502369,1.0078266113047585,2.567618764120817,-4.95499573968401,4384.173
3060223026570866304,112.5680074150938,-4.409053431870898,16.748438,0.807415,0.3806024960309301,-1.7294545836995938,0.9541079561849993,
3060208458045075712,112.72354827586426,-4.467565726015329,16.748848,0.82608795,0.10051080584825571,-0.24419081372524673,1.2555448216559382,5533.28
3060248968176521728,112.69700313275528,-4.287760108106039,16.751175,1.0358028,0.1545412671297094,-1.8777200289770213,1.5034099403736334,4916.0474
3060237526383626624,112.73128205104797,-4.288381929939344,16.753077,0.7147293,0.29461092750978385,-0.8259061739891687,0.08738889519532972,5949.704
3057229125131806848,112.94430472645081,-4.442849896182261,16.753132,0.850935,0.4367901026186385,-6.555281119077973,1.8507398142931106,5537.929
3060210691428120832,112.56122834560203,-4.463281553104752,16.758774,0.83426285,0.19659645212744,0.3133007086623713,2.399007235682379,5557.1465
3060204850272620032,112.66773038390527,-4.602580774962935,16.76044,0.62249947,0.2423799561017266,-1.0521872624222937,0.904068075503178,6375.033
3060206843137401344,112.68293405489594,-4.498537134751495,16.762644,1.071743,0.5889055807633168,3.2680601785455625,-5.89059972933401,4935.0596
3060211889717174912,112.72306766635802,-4.4346430185807995,16.764484,0.8409195,0.31880080288449947,-4.593465989764214,0.4153765401599401,5563.01
3057204008162085376,112.87347945105121,-4.548578503164686,16.767374,0.7833538,0.18369224791279898,-0.9280129636579012,-0.8364157630389375,5742.8203
3060234807663133312,112.87838094992021,-4.324404183337321,16.769012,0.91890335,0.34210019118308627,1.3165505364168577,-0.08584816229765369,5293.268
3060235808396763264,112.73373350670573,-4.379230417296686,16.769993,1.1389084,0.056736182024831744,-0.8718108243953374,0.1569780692515077,5189.666
3057201259383127680,112.73985731164728,-4.655216037095026,16.772757,0.6890316,0.25349079037795635,-1.7905933166335792,0.1708760973992441,6069.8916
3060248929518347136,112.69691201489385,-4.293511993526623,16.772762,0.76229286,0.1782783450524905,-0.5651637736720712,0.27187957709715554,5833.0425
3060208286246381184,112.74419890099641,-4.476886268411955,16.773829,1.3302212,1.0405543758533682,-2.281315930984963,-0.2282641919577444,4486.4014
3060208836002149760,112.787999704076,-4.427898172826597,16.774649,1.027914,0.18254223324114316,-1.8733089831770864,-1.6349676314279438,4982.724
3060248830737581824,112.68374852436088,-4.3031114403407456,16.774914,1.1786842,0.7066116857710835,-4.861366394213367,-2.1489406135695637,4782.396
3060213096609726080,112.671027573474,-4.374919943679356,16.776228,0.79579353,0.39473468360420455,-3.699395798818285,3.070784219565199,5674.95
3060206636978972416,112.70011171089688,-4.5137281022260165,16.776941,0.7196083,0.29014470717804364,0.7738811003705403,0.3396007676993636,5944.9077
3060236048914899072,112.75956622853107,-4.340213419846678,16.77856,0.2686844,0.043599583662973354,-0.03495715644413437,0.1591329526128726,8576.169
3060223095293647872,112.5626926195474,-4.408444412745453,16.779135,,0.5115421786200972,0.9637833772636215,-0.13335286392881923,
3057205210752918144,112.84144641810765,-4.505972949184558,16.780308,0.6958256,0.2928120626847326,-2.8086514063566543,0.8652466016415616,6051.941
3060232166264436608,112.87616628742892,-4.386111138901095,16.782745,0.89966583,0.5248442894938584,-1.6103768047568228,-0.770924970693678,5375.6157
3057202973072300928,112.7750636446202,-4.58325878256457,16.78321,0.83914185,0.21612484333030021,-0.18643519602725747,-0.600047441189566,5527.8843
3060225328676827264,112.65752384222151,-4.323691923512282,16.78437,0.7755413,0.3683938649554594,1.5437252387261575,-3.857300383775537,5754.7847
3060205743625771904,112.73237613539564,-4.530870336177271,16.78506,0.7592068,0.35888371153227794,-1.8130248127232955,-0.24713154805060059,5837.2036
3060205812345254272,112.72296665211067,-4.533893172207126,16.785103,0.8206711,0.37684606069544513,0.5473193382121186,-0.0864280107349138,5626.909
3060209351398332800,112.6052223377147,-4.517005659302975,16.787352,0.98597527,0.47077722158376173,-1.595242746402639,2.629944242660812,5122.4185
3057201259383129600,112.73761374188406,-4.657729504013594,16.788643,1.1056366,0.7320381271841199,-2.9432112615406454,-2.303873564462272,4898.0415
3060237388944654848,112.77280560261357,-4.288199254507584,16.7893,1.3427324,0.3911432339399285,-5.322323799917924,-0.46899179538222757,
3060233609373427072,112.91711243137082,-4.380406010720074,16.790958,0.9402256,0.5848157777758483,-2.435696540108736,-0.47914962931698907,5237.101
3060206052863451904,112.64591408380167,-4.551534431399051,16.791285,1.0749092,0.6217347563755913,-0.9838517331348313,6.874943853318486,4913.797
3060232681660542720,112.81547119584344,-4.385960886557761,16.794003,0.805109,0.16638073436455042,0.6058167688230904,0.5529846804719876,5659.8076
3057202565053144832,112.78108902246365,-4.612893418128064,16.79536,1.2888432,0.7508409010495724,-3.758392043248252,-3.0791732090221213,4732.3745
3060225156877901184,112.61602049854358,-4.350726001907516,16.79546,0.7502308,0.22596811260269312,-1.2511489786013785,1.8295667489511802,5868.4956
3060205640546582272,112.68782324338925,-4.557762874079587,16.795488,1.0790291,0.7164421497764812,-1.0640117676603742,-2.1667613563355568,
3057229434369439104,112.94005114107894,-4.40960142733175,16.799662,1.0705681,0.3880799128550302,-0.18774344060091477,0.8128102513497545,4904.876
3057201534262574080,112.80841937667148,-4.648221994375295,16.801975,0.903635,0.36347951099091813,0.6189780448441992,-2.545475161318547,5332.3975
3057203389680595456,112.83490824735571,-4.59320218321654,16.804583,0.75808716,-0.05029209973526484,-0.14310944923559435,0.13291950819441548,
3057202148438481664,112.75450366450914,-4.63070003355323,16.804615,1.0076752,0.3884201553070456,-1.5555834541582025,1.4219490522373386,5047.6914
3060235529217292544,112.7608392831518,-4.400780708041582,16.806492,1.2262058,0.5869686015096497,-3.857646596694725,-1.564676237467847,4878.3394
3060212890451316864,112.63650130097048,-4.3887517091111805,16.809755,1.1540604,0.12579383576887512,-0.39206150649635013,-0.1491116034324745,4670.6113
3060206293382710400,112.64090212747989,-4.529809045735091,16.814299,1.3532314,0.8030090479451037,5.287735792428784,-5.640431872620282,4561.2197
3060206259021885056,112.63207099921804,-4.549403962663679,16.814798,0.8924141,0.38901302489804196,-0.2722433740964608,2.353410022362638,5382.038
3060231921444783104,112.9236829952066,-4.397896093029996,16.814856,1.1415424,0.805136760843433,-1.0405255910865645,-2.5483354308002517,4746.1274
3060209351395074432,112.59670413376183,-4.515978058489699,16.819263,0.8704586,0.32443784658101976,-0.8458101577918729,-0.8152026910907603,
3057228815894180992,112.90742186221611,-4.459360961243651,16.819853,0.78881645,0.45021319793138687,2.252159558055664,-0.3838055350415412,5715.1123
3060211202522367360,112.58726976354646,-4.439920273326358,16.820236,0.53176117,0.25951012377054417,-0.9590382850019042,0.3924730954709196,7456.962
3060237835621233536,112.84734282521161,-4.308116441775348,16.820793,0.8733177,0.47306545540092604,-4.02329981000566,3.894106463823101,5414.9316
3060206499540033792,112.6744009194283,-4.525498972262512,16.828348,0.80088997,0.3583800919150236,-3.0677918304777316,-0.10389486402853827,5688.6807
3060237526383638528,112.72948856995482,-4.301945114564321,16.834064,0.7899189,0.3188042073476605,0.13026892725524114,-1.5966854682308032,5724.7837
3060207319875604992,112.74205946743905,-4.51713438509978,16.834549,0.68811226,0.22043403793414265,-0.49118935466843905,0.22838255329232549,6086.8267
3060236358152526208,112.7904129210621,-4.337112322538929,16.835926,0.74121666,0.16360710460504999,-1.727303413469052,-0.30108931882865964,5947.882
3060200246067685376,112.59530538754962,-4.5766978020897655,16.837748,0.8013115,0.1804523515408011,0.5501290229132604,1.568191614010552,5646.351
3060210897586540160,112.5836082102658,-4.4512782043491885,16.83901,0.9111519,0.4196614487577581,0.09149716989704447,1.6332899823043923,5325.134
3057201946577833600,112.80924560805768,-4.598101561494081,16.839338,0.9291687,0.3636130398857013,-2.4283889461502524,-0.8656543170193736,5341.571
3060233128337134208,112.81172975865984,-4.37142989928391,16.840427,1.0505066,0.16871326831709946,-0.7645293823579558,1.33941014070073,5049.729
3060232200624166656,112.89521685829851,-4.386162906464739,16.840618,0.7583389,0.39034069488180584,-1.4343701950315468,0.8664870845078259,5809.2407
3060210279111273728,112.55806150472517,-4.495384765384418,16.8409,0.94817543,0.45602972952653875,-5.520929371202742,4.464627861175424,5206.159
3060208732922951552,112.78612755125685,-4.455384888307626,16.841124,1.19067,0.19680948580890842,-1.9895492549728362,0.3744738808808434,4694.7144
3057203419748883456,112.81353194128528,-4.590757251219777,16.842205,0.72663116,0.07864962777303437,-1.8404865381128113,-0.9494387477436049,5949.9033
3060237526383632640,112.72713216946707,-4.293239640811213,16.843456,0.69869614,0.20232617352638552,-1.9383678760316805,0.9713949718680971,6056.095
3057203080449198080,112.85136079713183,-4.625640278316222,16.843498,1.109951,0.5348890602835719,2.4724399209828665,-2.44143712211391,4861.827
3060205979845689728,112.64562833646349,-4.563274243500634,16.845589,0.87435913,0.39650151228425273,-2.9285146048356068,-0.3183508573866967,5465.686
3057203424046576128,112.81687036099395,-4.58919938926388,16.845781,0.88760567,0.11683586007239741,-0.6714393042247608,0.3223443276684619,5469.684
3060231753947596288,112.88676733647515,-4.420235589691858,16.850344,0.89170647,0.4602495580312803,-4.101800089069695,-1.9864398442710338,5421.8447
3057229258271244160,112.90794983682098,-4.450229988976855,16.851349,0.9516678,0.46008396562160664,-2.314725580759913,-0.009822176818536255,5229.9814
3060198906037894656,112.64412155958355,-4.626344815678225,16.852398,1.0668468,0.6317879087545372,-3.455372331680129,5.621883511064409,4935.7285
3060236323792756864,112.8379548323086,-4.321605960278672,16.852663,0.7700558,0.2359809976133323,-2.5488920087510927,1.7598327414191024,5800.1523
3060213337127898240,112.64756440404945,-4.36525203043313,16.854029,1.1228294,0.5578443139471597,0.19486803716620024,-4.240102406925598,4854.5117
3060212718653776640,112.61228663396336,-4.420388878908923,16.855436,0.95950794,0.5481093307585562,-0.5114914896579563,1.9361735937600073,
3060213234048663424,112.6947255960278,-4.364020519434407,16.856022,1.9685411,1.7787510187320394,-5.88617751699069,-2.125995243161418,3945.764
3060224710201308544,112.62299908943224,-4.365976133041982,16.861746,0.8433132,0.2058774935058592,-0.703015176069731,2.974676633079289,5534.881
3060224675841585152,112.60268838108999,-4.380052067747918,16.86393,0.96422005,0.5037226357597029,-0.6171753729643307,1.3469640683536417,5216.6133
3060212409414937984,112.72237405334512,-4.3766559190116405,16.86421,0.6802082,0.15185882560047625,-0.5113429895399759,1.086244590209131,6077.2705
3060207255454247168,112.74946123682618,-4.516506682047196,16.865023,0.9956913,0.4863856762324752,-1.6130213224764383,1.717091748538273,5104.8364
3060208148807441280,112.72007971623636,-4.486064819236604,16.866928,1.4419212,0.7263564817131632,-1.2896013023282218,3.1807865239198776,4336.112
3057203561487339520,112.8410042029306,-4.582557747551135,16.868517,0.80635643,0.33773469091836594,-0.8707829234895288,-1.1133368162330297,5661.1655
3060234498425352576,112.8894171299371,-4.352716255355644,16.86952,0.71183586,0.6640632144476175,-0.6504426168187257,1.1081476878592862,
3060235842756492672,112.75053293865874,-4.374507074986303,16.869673,0.60949135,0.22971286757636136,-0.989832167183205,1.0687836727341642,6372.1504
3060248865097314688,112.69764886002721,-4.302134575351938,16.878452,1.2926826,0.9989968204634426,-1.0805171301362517,-0.6140850442897365,4534.1543
3060204987711560320,112.69465815263472,-4.581870957018462,16.878923,0.8646736,0.3665357349131044,-1.974034933142943,-1.0068892232300062,5482.2803
3060238076139401216,112.81823347904987,-4.286117442344712,16.87899,1.1208591,0.5836703291370772,-4.951076537430061,-6.631310383007164,4883.8057
3060237045347317888,112.71831374757974,-4.322086636706132,16.879436,0.891346,0.4302269910368017,0.8686989344476048,-1.9950277892234718,5383.8525
3060224675841581184,112.60894967148593,-4.376509612125558,16.88381,0.7604351,0.15316559658225135,-1.5050190402161099,1.4816241876547318,5836.678
3060208251886646400,112.73683082834336,-4.479172903343349,16.884066,0.8368645,0.3885873599834222,-1.6538408644953724,-1.304121452484039,5535.176
3060210966305999104,112.61666998862832,-4.437882951716264,16.884773,0.6792526,0.18755115581611453,-0.8792118305518244,0.11562692997825182,6153.691
3060204987711557248,112.69918203028324,-4.576269131044811,16.88621,1.1701965,0.5394816315368232,-1.5328153379074263,-0.4412629962253563,4831.2246
3060238106198255616,112.8322266812668,-4.281223550047496,16.887182,0.8546562,0.3729507604553044,-0.598495600766414,2.6115068227734355,5517.7944
3057202736851823104,112.77784275063517,-4.5875066993670925,16.888311,0.65947914,0.22816593598728235,-1.7837824815831422,0.9079646035144794,6193.891
3060212203256532480,112.71147336137246,-4.412434079899289,16.889019,0.7841301,0.430716915826506,-1.3487664382389761,1.588814670367436,5715.865
3060206568259492992,112.70587714699069,-4.512225128600329,16.889698,0.63731766,0.30213499113722975,-0.5404458471775285,1.0781103154416831,6303.5312
3060232097544953856,112.90146112844,-4.394285622002094,16.891314,1.9993982,1.522379348389717,1.5752556200249674,-11.946329783434612,
3060206911856873600,112.67999133213796,-4.4878982939026635,16.892641,1.7999067,1.9157282482662767,12.335707956202665,-4.74416161781576,4350.248
3060224744557710848,112.6013814536722,-4.362086305476661,16.893034,0.97257805,0.36740894337885316,-1.421160831978975,-2.26463395997141,5178.7314
3060236907908388608,112.69065524105352,-4.34369558187235,16.896221,0.74669266,0.2524572754146881,-1.5972452165826159,1.759878406229033,5806.362
3060249277414155136,112.72000661560547,-4.289170741385264,16.896502,0.56196785,0.19140837923264034,-0.8531940157266658,0.8531679597819628,7014.9414
3057203900785269888,112.86590970969874,-4.56609639936604,16.89785,0.7889366,0.29961362332597963,-1.3786419925729385,0.5066689414283546,5709.643
3060208385023666944,112.69312703170283,-4.482701926563569,16.899845,0.8352337,0.3155499390512513,-0.6254108053327501,0.25459433889737765,5552.5566
3057203389680595328,112.83458093066079,-4.593462314035139,16.904165,0.9867983,0.2170754925028307,-1.259027264030068,1.64345057413147,
3060207014936083968,112.75641824045556,-4.532778044303277,16.908527,0.8486252,0.2034793964647925,-0.3001885185644002,0.1378258313990936,5531.9526
3060231479069733120,112.81108039685961,-4.442478703133943,16.909988,0.7473564,0.13773348465055751,-0.8813999529093366,-0.31054316615175437,5874.4297
3060209042160582272,112.77525578766164,-4.421821863103579,16.912327,0.96409035,0.44844693880713576,-1.5804064615041127,4.433700472265061,5202.225
3060249174335252352,112.69458200454237,-4.273131101566706,16.912708,0.73208046,0.13234704056554122,-1.3861779307038105,0.35013542917434376,5870.945
3060211550418194304,112.6895132360741,-4.440736397656558,16.913849,0.7478752,0.31406925656335616,-1.4894390894047305,-0.2700000495075578,
3057227609004825216,112.90498201389096,-4.523974583630428,16.915009,1.7323513,1.352031425834798,-8.910990354990192,-3.5323072899548857,4338.9
3060233197057822208,112.8508928899954,-4.353068354802892,16.919544,0.58493423,0.18188825871370282,-0.7226136544590576,0.025602970695919304,6910.136
3060207186734751360,112.78489076517467,-4.502563806791833,16.920048,1.1086159,0.7798072461570208,7.836245078324484,-3.0744882158614915,4778.3833
3060207354231484544,112.75980581701555,-4.503059785868355,16.920202,1.053791,0.2623027005942408,-1.2928357899723357,0.18389218136266203,5018.9023
3060213371487635712,112.65212886602862,-4.365877628381327,16.920534,1.0337315,0.538960672634282,-9.264688333212932,-2.006102597232155,5001.7495
3057201671699936384,112.82915973802034,-4.628795830322626,16.923172,0.9388609,0.314766621949328,0.17974770656201014,0.7063151691406698,
3060232922178680960,112.86932837494668,-4.381493756120592,16.923527,0.9715748,0.5526187656120484,-1.0207359797673436,-4.586975295513023,5117.6064
3060210107312552704,112.62629387162842,-4.469569883224118,16.92497,0.74691963,0.3679277306547657,-0.7076332624898659,2.1230849839028227,5818.931
3060206087223187328,112.65584859356503,-4.552337697643638,16.9271,0.94953346,0.5521726703626105,-2.7539761390893167,0.34053372964975515,5220.4663
3057228575368663936,112.90834869053465,-4.48226348370144,16.93041,0.9897442,0.4371330579594345,-2.0549717642419565,-1.3193900086917074,5031.308
3057201843492407424,112.81090271230575,-4.615757605441586,16.93188,0.8146801,0.34969161106057445,-1.9800373493536498,2.0498091160203424,
3060224946418028416,112.5880074795688,-4.3659681917864255,16.932377,0.5511894,0.1906496675712522,-1.1334925356489276,0.0856148582218036,7082.434
3060237212850212352,112.77649983962738,-4.312907661087234,16.93656,1.1195412,0.6899632501054477,-5.982462746982851,3.0038636813220148,4834.846
3057228433637441664,112.89236904087755,-4.501253069127116,16.94021,0.89116096,0.289733893941914,-1.1704715923342977,3.343590321452269,5342.562
3060225053798035328,112.59375324280231,-4.3433690748845,16.943796,0.96826744,0.27165932701839546,-2.629836368883558,2.236820624561395,5268.568
3060211894018891776,112.72725491243551,-4.431673393824042,16.945684,0.9601536,0.45643441651010286,-1.5721622421046988,-1.1867526955013945,5160.939
3060234537086350080,112.88891533187443,-4.337968014138553,16.946716,0.65481186,0.18162427463628966,-0.7505994863953639,-0.4021708070927468,6272.67
3060235705317515136,112.80140417421629,-4.369893381706337,16.946884,1.3173485,0.9013100295149753,-5.7844236142301,-6.045776112410456,4588.7036
3057204935875007872,112.8672289344006,-4.517954143930529,16.948502,1.0329952,0.6552490196135242,0.25653911914926447,-1.132144690802274,5036.379
3057204386119236864,112.81639098667351,-4.561400450600305,16.949347,0.9249191,0.31396933224583606,-2.0846556594872383,1.8088566863966933,
3060205503104325504,112.73228321994397,-4.5565422019187265,16.949615,1.0967846,0.5178915860699307,0.19189439990394674,-3.664074251967484,4914.428
3060208595484015232,112.76833035105871,-4.472646470546214,16.949747,0.98347664,0.5656518835665111,-3.787442913307726,4.9955940587238805,5142.025
3060231650868396288,112.85320335151789,-4.42280429565465,16.951004,0.68421364,0.167360584436773,-2.025810194706976,0.7217279979759685,6082.2603
3060237835621226880,112.8485147185726,-4.299111710041353,16.951376,1.9123154,1.5739413714739918,0.07619624121306834,-3.21515769223117,4197.3057
3057203870723116032,112.91610183458111,-4.548489462889365,16.953957,1.2331467,0.7733400294861849,-0.3486302689913934,-4.164997067028852,4636.9263
3057205142033438464,112.85114436882165,-4.507196775457325,16.957409,0.75097656,0.05839071179925855,-0.5194894951171521,0.5978029454818653,5866.9014
3057229296930507264,112.91731850914297,-4.442223360751527,16.959816,0.7617073,0.2864625870987551,-0.019236335356429476,2.355253713207593,5779.8096
3060205503107617920,112.7269798537921,-4.557051029333077,16.962269,0.77503777,0.33416227544066757,0.8702593404537688,-1.6493862881433943,5768.275
3060205984143975040,112.65881047159259,-4.5602284478967325,16.962896,0.70205307,0.13100713829660157,-1.518863277042522,0.7646854505977551,6055.9556
3060205464453151360,112.74934911549505,-4.556241020024064,16.964502,0.8280029,0.33719934223295417,-0.4010662909974377,0.24552929034262022,5600.6084
3060210691428120192,112.5555877691861,-4.457504417853917,16.966156,1.1054058,0.6021996129323227,-6.076953614696497,4.625092265469952,4873.2026
3060232853459220352,112.84461818589345,-4.384960709474802,16.966541,0.78759,0.2617285901009345,-1.8314384044249918,0.8881920882634404,5631.5693
3060209248319124096,112.59325930802781,-4.524157898276619,16.966913,0.9452839,0.4077564014080943,-3.865784554083528,0.5239472673887223,5215.94
3057227613303364736,112.90978480094248,-4.516894110906018,16.96971,1.2505627,0.891048699047901,-2.5386737588412993,2.7614966743732783,4647.0586
3057203389686833664,112.83478495727078,-4.59336573615711,16.971954,,0.1834643372173739,-1.5356228857611052,2.07948179800513,
3060225191237627392,112.63495296797976,-4.3428338985091175,16.972174,0.8490524,0.3581294020364839,-1.5865286558429457,-0.9053142343014168,5576.237
3057203939442607744,112.88332754409113,-4.553890893964478,16.97275,0.70843315,0.11545972092594278,-1.6227160974187171,1.9259478642236545,5981.731
3057203698924451456,112.88548359502724,-4.580800087265194,16.973015,0.8224392,0.36983328299199675,-1.3032188694375926,0.8427023076598479,5596.3857
3060213130969451776,112.69626834235035,-4.371398107344026,16.973827,0.8189831,0.27193963394932497,-1.127546784133021,0.3019761188577083,5596.736
3060232097544954624,112.89727833107901,-4.391906376467256,16.974794,0.83737946,0.30852440202274983,-1.9778633188348933,-1.0540084517819464,5516.2554
3057201328102590464,112.76759392280475,-4.6511755784995295,16.97525,1.1398983,0.21274350898837888,-3.028136212075301,-1.7676953204108206,5015.9385
3060212203256529920,112.71304187673664,-4.407860617039885,16.977657,1.0444355,0.42135061183596273,3.372315949080504,-8.648564257422747,5004.403
3060211168162654080,112.55737489326638,-4.433578364752126,16.978453,0.9519558,0.2985383915493671,-3.452547423760241,0.2868761340970412,5282.4053
3057205142033442176,112.84165229297528,-4.508097053038332,16.979574,1.1669693,0.628556880650607,0.7228001539487136,-0.45108276092017563,4782.1333
3060207221094515840,112.73999590637222,-4.525272818458988,16.980537,0.90695,0.3260924422005759,1.6645453232855687,-0.2882100062940674,5328.678
3060231375990485504,112.87069576339258,-4.427470867978758,16.981789,0.89840126,0.43659312792484617,-2.605021401366287,5.050391140279441,5351.571
3060233227115062016,112.86326978434393,-4.346209498514003,16.986006,0.632576,0.16350677732940705,-0.7926484140154851,0.9772383476658429,6340.6396
3060249139975220608,112.67290998911997,-4.282330790474585,16.986214,1.4614353,0.8736217539069486,-3.265501990005862,0.33028441761054084,4221.25
3060235945835980160,112.76023045706401,-4.353241477239416,16.987251,0.95508385,0.35463876559069074,-2.1151105263050844,-1.3113763408892851,5203.942
3060224950719490816,112.58443051980969,-4.364200046883688,16.990583,0.7139473,0.062080175418723876,-0.627180566927306,-0.3624146975621936,5953.249
3060236083274625152,112.80880664154478,-4.3569269063290115,16.992048,1.0255375,0.4867618352984995,-1.9468891516745315,-3.789469812180007,5049.3906
3060213440207092224,112.68037826448602,-4.351419467975509,16.993998,0.83823586,1.1145698618788493,-0.002808943105063055,0.46237699022269185,
3057205000300120576,112.82326690976855,-4.5287492451974725,16.994173,0.86834335,0.3561353179731773,0.38437171483659066,0.56833988827146,5465.002
3060206877497146496,112.665998306991,-4.4989241460822065,16.994532,0.66714287,0.1747864800600497,-0.9997814630770572,0.018786931230028215,6138.703
3060211339966833792,112.68147245626402,-4.470496488353844,16.998928,0.8418617,0.359484727903296,1.2691347404867341,0.9421000978044635,5541.4478
3060212409414943360,112.71808849728686,-4.382592627075804,16.998943,1.0296745,0.019091536409172473,-0.8080220268354329,0.8084433919364002,
