source_id,ra,dec,g,bp_rp,parallax,pmra,pmdec,teff_gspphot
5930217961627782528,249.08978486692013,-54.87489855568902,9.262823,0.103422165,1.5883212046644155,-4.171411189185379,-5.991944116324154,
5930406523525892736,248.88283781727623,-54.82372855525433,9.564486,0.13913631,1.4227286173172875,1.0883520102528268,-6.870648806500485,
5930414499356695936,248.5738145703833,-54.85382225919317,10.421406,1.5191317,1.3874782376428993,5.5886790076066495,5.337239806495258,4790.886
5930409925139989888,248.83763366335478,-54.75506558077276,10.449739,0.42580986,1.9746660855897409,-11.755851906367099,-11.957868331943235,9864.402
5930401545720067840,248.72759930887997,-54.9147601168195,10.752271,0.28374863,1.111478818086558,-1.1354895139332717,-2.6393431063728947,9954.451
5930403126268305920,248.7954893377542,-54.84667238764658,10.9645405,0.5423584,2.4045021454631845,-0.7641367149036413,-11.342458486905937,
5930404019621518848,248.71017782787928,-54.845661233559134,11.067572,3.0262356,0.4755169545662024,-0.06634287041530285,-4.381172177415849,
5930407593034733440,249.04810355183858,-54.76147813283162,11.094101,1.6307755,0.9316825694376579,-0.507627828679551,-20.221166003685788,
5930209195541809152,248.9843922006625,-55.046393324183825,11.104209,0.7516079,2.4802708500711446,-5.802331481264868,-14.391994663994298,
5930220332449794560,249.16254224354915,-54.72866756804449,11.110825,1.4275064,0.8622794745337586,-0.14287478155650002,-2.622509136225596,4926.484
5930407833552874240,249.11671474813136,-54.75177921940551,11.159856,1.8470802,0.5722084113239719,-2.9975294403199406,-4.6270286435455805,4511.99
5930402782670950144,248.66050408107887,-54.84252765925329,11.164594,2.7140627,0.47547996780266777,-4.856601640970988,-5.2166455318507285,
5930399862093036416,248.84931278015767,-54.93551316300466,11.192344,0.51361084,1.8949777796636869,-5.7619157304085915,-5.353937011028514,9255.78
5930406871480228992,248.98300332984414,-54.787957005893865,11.268352,4.429179,0.3383570982255705,-8.31260258952816,-2.8353642938475967,
5930399381056708608,248.92996078828727,-54.916926156796855,11.288881,1.550849,0.9593554656585502,-3.794205134848895,1.8686065932145235,
5930398586426094336,248.96345278075066,-54.97422727697555,11.33656,1.5870657,0.9361443941734907,-2.1586969327005683,-15.953965763210318,
5930218064707022080,249.12431713712314,-54.83502417578651,11.341702,1.4650059,0.8767344369065664,-2.145755007998774,-10.107462883102443,
5930406386086939008,248.9428245020052,-54.81511243193401,11.365647,2.827899,0.37672218979211386,-5.040619864539998,-0.558464024997614,
5930217480591398912,249.1036320541081,-54.90938805185776,11.403814,2.1884766,0.4325109458403348,-3.8480622192249934,-4.690619921421349,
5930397319472332544,248.91138633423697,-54.991233868566255,11.425591,0.9039154,1.7520815277067707,-11.611428937067288,-15.82787296078803,6215.6914
5930411132087934848,248.80418901530507,-54.714311598078396,11.472416,1.9523582,0.6096295410877477,1.9950051907100663,-4.702761120254024,
5930219709624013824,249.1566393140986,-54.79144713447343,11.487598,0.3748312,0.84904930671343,-4.035939060551575,-5.579367731631507,
5930219331666894336,249.1535927788359,-54.84344278540369,11.497481,2.7003164,0.32936810644360776,-5.4994051015446175,-7.384919780072966,3821.496
5930219336017396352,249.16373974113907,-54.84145948257861,11.592353,1.5265265,0.9607033352082528,-23.609113564243096,-20.80552473895937,4818.7856
5930217480591406848,249.0948533275163,-54.90608172364936,11.661623,1.5611649,0.8529995286022056,-2.1427734556763567,-7.112916824424826,
5930396838435963264,248.9671672758118,-55.048519091150176,11.669868,0.50187397,0.6077343442556393,-2.1741145821616676,-4.268018601544477,8407.786
5930411883643982592,248.89329749318105,-54.67218032811536,11.694579,1.4925728,0.7628081202633764,-2.419895727808052,-10.12654368268645,5332.895
5930219812703229440,249.20480572140366,-54.79963999901135,11.73073,2.4613342,0.3481804099542428,-5.739687463409515,-5.562330847784239,
5930398002310542592,248.8457579799328,-54.993851082200344,11.75848,0.575016,0.9583489578739169,-3.0721150187477595,-8.671620989763367,9218.619
5930401644457214336,248.74358539053858,-54.898200547395646,11.777199,1.5905323,0.8219065606521911,-3.0146627059884716,-4.3804418927104924,4551.7915
5930408795625655680,248.97739132665328,-54.71089052914624,11.807745,0.95577717,0.6333244954421469,-2.375470002952504,-6.106735266013798,
5930211291488120448,249.05682659395214,-54.97315835920362,11.842692,0.3617735,0.9117759389412958,0.16424736907583626,-1.5969317672725198,
5930403504225435520,248.80472497159917,-54.840443491317394,11.881794,0.38045788,0.9583108595982306,1.4927882126637333,-3.612001254836893,
5930407726116734080,249.0772306466923,-54.74483365826212,11.8932,1.9306221,0.4451782108396012,-5.2893536364606515,-3.2366649080869965,
5930217407522942848,249.05291522132404,-54.91059124326826,11.928906,2.4550362,0.33128657139744966,-2.2440313561368392,-7.0497563096212446,
5930401403924640128,248.8056559409358,-54.91851906353276,11.931835,0.64317894,1.2249020226632765,-5.221078807889805,-8.126534333199944,8016.918
5930405973770192000,248.991671087553,-54.8188467031482,11.9463415,1.9065962,0.6269402474421273,4.316747445421723,-2.350429958333676,
5930411235167186432,248.77637697970084,-54.68519702581622,11.967268,2.963193,0.19113126805489447,-4.408960778900768,-9.889389425719802,3843.6028
5930407593034699392,249.05907991768495,-54.78146654246998,11.9844475,1.9562378,0.3373461225370461,4.640754379597293,1.4793887225887081,4837.6367
5930406901483013888,249.00246123709815,-54.779415007831254,12.0146675,1.8375683,0.4934486383594931,-0.704362913634976,-1.598646884572259,
5930399273621117568,249.01623666555494,-54.914170921898865,12.026846,0.33826923,0.8574262360617091,1.1670899258882614,-3.844362169094552,
5930400068251523840,248.8411276466473,-54.89136164055399,12.029443,0.9396744,1.840505194757157,10.244805318588186,0.5732580081477728,
5930416114250762112,248.6218891724493,-54.786004993370355,12.045735,2.6816053,0.20539378934792604,-4.379344914871706,-2.885792094451025,
5930403023189039488,248.81303073725243,-54.88284339998229,12.066453,1.9702044,0.39958254912825886,-6.019231228450394,-2.8232579294873457,4715.893
5930407936632129536,249.10002248070396,-54.72634590826941,12.074969,0.44879818,0.6553795676322018,-6.1805699490046635,2.1088115754350567,
5930404878615046528,248.66697357248677,-54.77273957323075,12.127298,1.6039686,0.6894151318355299,-10.87764340589493,-14.326342993636498,4693.0884
5930411986723176192,248.87925739657112,-54.684261465611954,12.131259,0.88745594,1.551995314273798,11.684862579353295,5.160900195505656,6605.45
5930216892126886656,249.19158360887292,-54.90147394619684,12.152013,2.004671,0.5004270781782035,-2.3328798718851496,-4.286760617144614,
5930410474894710016,248.85539104667555,-54.69041404007962,12.166679,1.124753,2.47470834494489,-19.44051865501847,-12.877503153431203,5337.3237
5930211222768642560,249.1010938371637,-54.96389928146995,12.173417,1.4738922,0.6356242996046898,-3.2943422305594856,-9.521212429809218,4771.665
5930400927244764160,248.73590783119948,-54.940467372284175,12.187429,1.8996773,0.5313258162482389,3.160902883635964,-5.9486007844213145,
5930401339561806976,248.76794233209583,-54.930057855051295,12.195664,2.5451975,0.2697213443537672,-1.9260179114168177,-3.4833321887016933,
5930219469107511296,249.16365288898663,-54.82046793194496,12.221684,1.8813677,0.4929736216624995,-4.419350821343078,-4.649932449172419,
5930406837135850752,248.9632032979825,-54.786358605797844,12.251549,3.9098034,0.17785527639644733,-2.402248688699613,-2.861614648594367,
5930400373132725888,248.91475656846976,-54.85526116185437,12.285421,1.1029387,3.3371796466993584,-8.241247165182868,-27.165319367549607,5302.674
5930218511383544320,249.21346108017553,-54.86546993848425,12.357189,1.9143896,0.4473842582156811,-1.7537422316650049,-3.3928198573065482,4686.497
5930217201364474112,249.13912892959928,-54.9190367153061,12.359126,1.6284428,0.630827161938865,-0.6040560305215805,-5.503376845526596,
5930217648041136512,249.17223430299964,-54.8992727673357,12.359238,1.6176558,0.45666763582927233,-4.813881594839251,-13.8062217951911,
5930403332426739968,248.7838492345214,-54.84577873082249,12.388923,0.5501833,0.6224697582183584,-1.1466283418525478,-2.8218200607804267,13252.179
5930217922919167104,249.11474225807007,-54.85997619598117,12.3999605,1.8760777,0.42004640194223064,-3.643701425469588,-1.6139343039109229,4707.82
5930243800153091072,249.16617583706366,-54.72850414258197,12.479683,0.84379387,1.062888293226,-1.1144103862220138,-6.426795225777652,5947.284
5930218133426502144,249.12241292266376,-54.83215060014958,12.485208,2.384242,0.25745717648355904,-1.963643914376474,0.5931783166910458,4665.6426
5930220190660350336,249.155941808727,-54.769703003503366,12.495788,0.44915676,0.5409900159950289,-1.423650105623508,-1.4477564433204815,
5930404672456608128,248.75635170303434,-54.778629006041875,12.5015135,1.8185406,0.5380222771965958,-5.417414836343928,-2.697651729530702,
5930216926486632960,249.21216758735903,-54.89793450177716,12.508896,0.8424835,1.2633087409577242,-1.078608611828043,3.512981392835287,
5930409345381509248,248.99264080265527,-54.66172086847995,12.540283,0.7028389,1.4344480451975588,-3.016693225390749,-7.803146330904098,
5930401610083159552,248.70269004604268,-54.902209814556834,12.5534525,2.1775694,0.37113196994384534,1.0912398619309038,-5.13160240984687,
5930398831301107200,248.9225164500122,-54.96214138126324,12.554014,1.0474949,3.2237692636738307,-7.747572361929532,-26.280948721893417,5626.393
5930397937947628416,248.85945622933124,-54.992233344273856,12.579704,2.5166817,0.13712344383842745,-1.37238867753769,-8.02160287835897,
5930409242302275968,248.99814106316026,-54.677486195376375,12.58092,1.5840998,0.6533355891220725,-1.5453696146344027,-0.9384391598818094,5039.7173
5930406592245498880,248.92334442679052,-54.806075433069815,12.604845,1.6082745,0.5438369212476521,-1.8261215628092975,-3.652792235471125,4621.376
5930408619470156544,249.00889027725756,-54.7185573061397,12.605629,2.731678,0.11318226894681178,-4.391377209214108,-4.95259079829586,5061.791
5930405737608792192,249.05489486988458,-54.82746289562774,12.609949,1.9015112,0.46033918548138475,-8.220713197581413,-7.327518493722049,4667.948
5930396700996884096,248.9014962114491,-55.0548060576887,12.633609,1.740098,0.638659195225668,-4.517868422491965,-9.430105471910338,
5930404083984468736,248.70682300089476,-54.83665949791027,12.635201,0.8398342,1.3408083352934508,-8.083977809500006,-7.571395902365706,6449.8774
5930219885773156224,249.19141002270882,-54.80451208381565,12.637133,1.8666325,0.5022352825687164,0.19925004785869788,-0.7006540284344515,4551.914
5930409341023446528,248.9956144538804,-54.668269744047635,12.639739,2.1067047,0.25649694556251557,-2.192733618812713,-6.73911076554581,4840.0327
5930411991081398656,248.87762140960933,-54.677303798112426,12.6549835,0.9225912,1.3139165827241088,-1.1243068241641896,-11.062256649759085,5979.0913
5930397491270879872,248.8304982213139,-55.03251806914536,12.683472,1.8150711,0.4070368192384729,1.795064773462632,0.5076671134540027,
5930220259381675648,249.18080747461408,-54.75117352350455,12.685347,1.5811834,0.5221941632979219,-1.6493389418398348,-4.849674617545823,
5930397182049533952,248.8957197614271,-55.01353223791867,12.685826,0.6103859,1.0152631910969303,1.5674032413927748,-1.2059901565257125,7950.858
5930416625287878528,248.6546449833934,-54.77172785691773,12.698047,1.6499596,0.4597100255843274,-2.833489584533969,-8.172154921845575,5039.51
5930398556422913536,248.94969835390154,-54.98656279134317,12.723071,0.7184973,1.288200855191193,-1.0471369807380597,-2.788090073803426,7173.199
5930217755469309696,249.1676747623437,-54.87722165120544,12.754418,1.6638451,0.6397955224625171,-4.057505884097969,-7.3402930253237475,4936.3003
5930406729684445440,248.97778758981414,-54.81086461860875,12.764036,1.7315397,0.5519983613079751,-4.979521919620066,-5.107667552686381,
5930416148610496512,248.60710873166354,-54.7960957903844,12.771989,1.703166,0.5313639239681771,-3.1700093576310606,-11.602433622556191,4703.901
5930211428928318848,249.06932760725664,-54.950816727684234,12.774204,1.5614624,0.4693284528334395,-1.5804330266636804,-3.5218685375615895,
5930403259350748672,248.73625299866896,-54.85545848557104,12.789242,0.7173004,0.759287812653876,-2.4567100087491,-7.35545749932839,8308.626
5930408039711333632,249.1236808120362,-54.72521481681622,12.837241,0.9328451,0.8530278624145157,-2.4521473295459613,-2.8998742312944707,6641.269
5930399174898252288,249.02361292024605,-54.92607877027389,12.845218,1.7915993,0.4266613358228144,0.6436482708465043,2.577583659319844,
5930396696640494592,248.89509577057333,-55.05034036153797,12.850939,0.8281927,0.4401507187234556,-2.6199132876213085,-3.5967055619954764,8394.789
5930409860777795712,248.7934179289643,-54.75579273949367,12.851968,1.5618773,0.45893411019797925,-2.2157830002213275,-4.387857266763063,4968.155
5930402640875519232,248.6488094862219,-54.864856623222515,12.852494,1.5747385,0.7984127720473391,-7.845739658984147,1.4292736567673379,4789.0796
5930407318156758912,249.10305944781422,-54.80238073451516,12.856248,1.6923313,0.4250096480665008,-0.33415004529573855,-1.049236284645901,
5930414602422020096,248.60753881830536,-54.8228648309804,12.856761,0.8705797,1.7304714320834556,1.5023838393925661,0.7786669727772562,
5930399312337209728,248.97712049486123,-54.929134596541815,12.856901,1.9651108,0.3996298094109299,-3.643297105554775,-4.569315559450809,4566.7617
5930401266485755648,248.78590326558196,-54.94119092271026,12.863059,1.7960587,0.5353020884761601,-16.000812833710974,-0.0055064269470515605,4865.576
5930401678803366912,248.7458351573349,-54.89703974943204,12.880546,0.5476408,0.5242736233967897,-0.4125825079399494,-0.29305233510584877,
5930414598064972416,248.60628906649634,-54.8232475271511,12.904646,0.9769716,1.701879328391303,1.4534835031109465,0.3880383373540885,5869.169
5930405394011759488,248.98845787158578,-54.869306514493914,12.9183035,1.5779076,0.6731593554145157,-7.409295150108664,-10.239027847470393,4799.8975
5930404294499452672,248.6720112680456,-54.82587600364463,12.919991,1.5698109,0.45840998462716825,-2.313431494454496,-3.0496270409316635,4913.87
5930219400388006144,249.1886134462581,-54.82998416641784,12.937225,0.7879658,0.951492000197512,-1.573564598429051,-5.049213170191672,
5930217343152425216,249.08678031511803,-54.93415186205428,12.974658,0.97501373,0.493715532415738,-3.3590089618395114,-3.202811615689126,7128.048
5930401751878753280,248.7198747111425,-54.869722366804766,12.974835,0.8454561,1.0428510427244293,-0.10755287043945483,-11.563630506129183,6728.5376
5930402950113135744,248.78698515779044,-54.89699064155643,12.990887,5.144436,0.015407956596550976,-2.687491552430891,-3.5210072311698903,
5930210643002836352,249.09597198260124,-55.01024534348276,13.016752,1.6550627,0.44556180078454993,-1.7946138982694109,-14.463357040244503,5225.9604
5930211360208774272,249.04616955170135,-54.968923645676234,13.017165,1.5185795,0.329250725791162,-2.2244243800502357,-1.7386678761009102,5452.29
5930218511383672448,249.20412672067445,-54.871398576436555,13.084769,1.6603422,0.4454080757508099,-1.1088794082940017,0.02104151269455252,
5930407936632115200,249.10935955290876,-54.73512626441188,13.086469,0.521204,0.6998915798863856,-1.839301683404446,-4.830918684103059,8911.312
5930410582332299392,248.77931614602457,-54.76089284634765,13.0899725,1.6691628,0.4848343943901406,3.377219778089681,-4.239772824938147,4720.089
5930409787701218816,248.8115244974517,-54.770115455952784,13.097255,4.112174,0.0751649708984494,-3.079382606758064,-2.6666505168867367,
5930218648822508928,249.2222859854319,-54.851508867656875,13.098677,0.73762417,0.5072509624045335,-0.6027280436798542,-5.520895055947417,
5930397937947626880,248.8615982810612,-54.99376577276582,13.0990505,0.94444466,1.2787229428291023,-0.5319307203783913,-0.3368142873875012,6350.8677
5930416286049461376,248.6091534874255,-54.77552170386639,13.10232,1.5476551,0.3252689377949842,-2.6829004081872654,-3.108700261509458,
5930220229370571008,249.1805777757745,-54.75697876753583,13.10814,0.94968987,2.0717265153828657,1.300101598838066,-6.115845920994297,5915.0034
5930406970202682752,248.97640805758172,-54.761674755490795,13.110922,0.71570396,0.5886096140764825,0.43610455713469054,-2.627681921475328,
5930411127729788416,248.80477579853059,-54.712152146187115,13.114458,1.1046591,1.4398488231813673,-6.275972391094263,-17.206101288508624,5594.6284
5930216999555039232,249.19038422476967,-54.889316412026325,13.1213,1.0811234,3.0676086359968373,6.865029337913997,10.336787062712958,5216.7935
5930399449776189696,248.97514742911665,-54.90738826569562,13.130278,1.3537407,1.3543793805257949,-8.02088855040762,13.111383818116904,4996.031
5930398900036468480,248.94459243710142,-54.9470139800884,13.135784,1.5785675,0.44288764850208784,-1.6521152986066496,-4.085416101526329,4823.33
5930416247330767360,248.6347262868898,-54.76258424139506,13.138768,1.0114079,0.716915836044156,-3.1965177682640835,-6.6958776631813315,6046.5015
5930402988829321216,248.77895468412152,-54.87243602748183,13.147744,1.7250309,0.39179774683781404,-4.019190960315688,-6.602552595648842,
5930411333888256384,248.7925923729342,-54.68123997393953,13.14779,2.3720608,0.16756798360204297,-2.4133631247224168,-3.9014929390364346,4908.949
5930404839898877312,248.70778146753,-54.783710407611785,13.162729,2.3876915,0.1488596439666608,-4.116177296300238,-5.131384340305427,
5930405222212693632,249.0470230203126,-54.877640862947636,13.169028,1.8039322,0.4391445464206791,-3.8890675212207224,-8.372614456522596,
5930219679614726784,249.1619878838843,-54.816480386529726,13.16997,3.8808537,0.12863109825335978,-2.6634803363734605,-2.7468966934819368,
5930398281545051136,248.79335833617404,-54.95936975968499,13.17407,1.110879,1.5043924839758802,-14.057455660541557,-18.63381096009857,5444.761
5930408589467204736,249.0011047026819,-54.720246160300746,13.181838,0.5292053,0.5984172696512781,-2.804009030180107,-5.272188906061747,
5930408967424340864,249.03140397252812,-54.692788978710105,13.1913185,1.612608,0.4295152660056747,1.8738669830280017,-2.95735230039645,4833.814
5930411918003832320,248.90018550238867,-54.662624009984334,13.196541,4.762951,0.06510011492167926,-2.706064669417094,-2.4930770473143746,
5930404431871634176,248.67755432959203,-54.79731114715742,13.204077,1.0236225,1.8386314746426344,-5.800796816506024,-7.663521486716666,5907.024
5930216926486629120,249.2190348635912,-54.899292512066204,13.207004,1.1831455,0.6043777579877587,0.016199226318628912,-2.873235472869758,
5930398556422916864,248.94991368551686,-54.983019223394564,13.217545,2.9365492,0.1066666931432773,0.6774397047582239,-6.746762753381587,
5930405668889299840,249.07689396947998,-54.843439298972434,13.244763,0.9752407,0.9701056502029158,-0.3716051957430828,-16.564277048551546,
5930404461941749376,248.65114688684525,-54.78800667718771,13.247033,0.8377361,0.8192684806289691,-3.2320128476875545,-6.258312186968619,7168.6167
5930403504225428864,248.81237437726207,-54.84405290936728,13.248458,2.5795336,0.18486390275794662,-4.564253339962557,-3.253401107579463,
5930220160651093760,249.14167215223495,-54.77518984965887,13.255215,2.3138933,0.2311492260551314,-5.041878528020796,-4.529739718569578,
5930399101822412160,248.98961449211728,-54.94566065473892,13.256579,1.0046911,0.9053511447315137,-4.931774097242739,-2.2263759537119685,6294.948
5930411471327122432,248.7326634932658,-54.6853551572527,13.261073,1.5356379,0.7159961207158952,-0.03926891961728485,-7.897260143406635,5505.0503
5930219576535520128,249.14282184759304,-54.81448472032765,13.264276,0.6932945,0.6678985619462988,-1.989990223014665,-4.622886411601773,
5930216587238085760,249.2242004323677,-54.94494652278214,13.265306,4.0864887,0.15988655292433618,-3.5462709863518347,-3.351998501746821,
5930211330197633152,249.06739779699208,-54.96436840399257,13.265599,1.6262131,0.37411166383937133,-4.695998213677641,-3.1964495011227942,
5930402301634350336,248.60281953235756,-54.884420816479775,13.266502,2.688466,0.12190410210223779,-4.583206293915087,-6.34976937721639,3905.608
5930396460478841728,248.9428775039361,-55.050386545745766,13.268698,1.5786352,0.5616576085844659,-2.2881223399238255,-6.022615330260063,4928.4395
5930431473055015040,249.15815486253663,-54.7213091120397,13.273372,1.9422932,0.26156866488140207,-4.136137913861986,-2.8342863605442643,4591.71
5930416281690500480,248.61273989076543,-54.77421243761803,13.283958,1.67449,0.44199593305397533,-5.304625435948388,-0.4847110145872522,4756.365
5930217648041178368,249.1588357225457,-54.88568657335193,13.297178,1.9341898,0.2707368134193704,-2.6101125710224298,-5.958696958168412,
5928899475390273920,248.7347256704886,-55.01039434990922,13.298702,1.1975441,2.8666231187875675,-27.543785623570052,-25.786888038767287,5114.354
5930218683182251008,249.23587644838952,-54.84243219616865,13.307463,1.8762445,0.3534067716001822,-7.488267042852606,-6.347246539764212,
5930431812292317568,249.09196640444878,-54.683717657839345,13.309928,2.0056372,0.2965145897847193,-1.287114576965314,-3.488951333041288,4629.6035
5930400922888368512,248.73767777744996,-54.94661331414491,13.317657,0.6236,0.7647984174730676,-3.025767076258523,-5.203286206143318,
5930401477000781312,248.7733252218685,-54.91149801900257,13.317828,1.7546387,0.44837350353668937,-3.2317413713408363,-3.458286529336936,
5930399381056707840,248.94863170724327,-54.91506595056152,13.32611,2.084876,0.22282776010701202,-0.7612905588651757,-2.63679038571325,4530.8525
5930217995987536640,249.09496530107586,-54.855434326187606,13.328145,1.6079769,0.45252850899654173,0.2936202783828584,-3.3699447819300286,4694.3794
5930403160628000640,248.75230834469204,-54.88485060388634,13.34007,1.3729248,1.1742672959825295,-4.637657756796801,-13.931861101060875,4848.91
5930401575723418624,248.70014282338295,-54.90818933372753,13.34493,0.86124325,1.079916136992058,-3.982766369104393,-10.361866428293702,
5930211050971047168,249.10286474998222,-54.98967282034,13.356019,2.5311995,0.13502681826691842,-4.062766098184533,-5.871991233914802,
5930405801971499264,249.08186803068614,-54.81850983957823,13.361503,0.9755039,1.2655464361741309,6.448089517167723,-6.034553358674923,
5930399449776198144,248.96699045916773,-54.90376463086515,13.362942,0.8468094,0.859318594337915,-3.531771013770388,-2.6409892601282934,6388.031
5930404809895565440,248.6879998132411,-54.779821541358714,13.364344,1.830555,0.3495447930961948,-0.9565192285300061,-3.0192824748958262,4599.5156
5930397697429318784,248.7986552469204,-55.017309087187826,13.365905,1.2028437,0.5917201546902375,0.6553083941364921,-1.239640023433921,6714.604
5930400343129449856,248.92089748837407,-54.86633364220077,13.373428,1.4735899,0.7910160475286134,-3.296654242450929,-7.477391232598536,4984.535
5930396868439189248,248.96033678539052,-55.0417410717288,13.374187,2.892521,0.1240016904586874,-3.0166973060741933,-5.04896335136053,
5930409031785778944,249.01162589373527,-54.6846878409254,13.381214,2.3779097,0.21577020561974,-5.077770795186868,-6.477020546192582,
5930217858548547840,249.1607328911217,-54.860351588132836,13.387349,1.647336,0.3540855012560472,0.3497648966489657,-4.160012540230506,
5930211055319707264,249.1168895419775,-54.99486115971076,13.395119,1.7100325,0.3999144649186889,-0.2614882782672182,-2.961831825570294,
5930405046056074368,248.70285186933643,-54.73702096049006,13.395831,1.8072348,0.3193157826855531,-1.3344336784409172,-3.368969341884106,
5930409654619085568,248.88362620214158,-54.78096831505183,13.40808,1.8546295,0.30872736199809536,-4.9546623272900945,-6.1696740527233676,4778.1343
5930403916542349568,248.77150625349077,-54.79409178248362,13.421235,1.6735058,0.38032385373727023,-1.7506424112559518,-4.12511178777463,
5930409311021769344,248.9819169141759,-54.667955998369635,13.421845,1.1359472,0.5310209229905022,-2.4777113464877076,-6.0541094753101286,6632.485
5930402954469538432,248.7862668919376,-54.90395587328285,13.421993,1.7447786,0.4216896604291584,-2.7742075247321027,-2.84533736183665,4776.608
5930217854199722240,249.15595784481735,-54.85041597704633,13.430366,0.7597656,0.8015845091349577,1.6871105270392814,-2.515600063318118,
5930403224991066496,248.7275675339885,-54.87102452730623,13.43378,1.8978748,0.23137158084303874,-4.904517653877523,-8.942899793466298,4927.98
5930216449799160064,249.17680322760205,-54.945721333943936,13.437881,1.910615,0.29555880485639896,-2.533007337996299,-7.376867142246912,4535.521
5930398556422904832,248.96405609878965,-54.99478906700673,13.445168,1.7641487,0.39625285767904583,0.8785422765443118,0.40506582122256657,
5930400446208663680,248.89441850484243,-54.870953696903804,13.448633,1.7479362,0.39226331829799926,-3.7907855995088027,-7.248308792562627,4594.2515
5930405840688010624,249.0550690093156,-54.821156054127286,13.449345,1.7422466,0.40183238075150307,-3.0186420427507112,-10.174666903805461,
5930401197766286336,248.691823683342,-54.92829857053912,13.459069,1.6890707,0.62570616156679,-4.277364471394952,-5.398194964353251,4956.5933
5930405943767239552,249.0196243255621,-54.820654567672456,13.468465,2.2508888,0.1877635848112688,-0.5985498373710163,-2.5154399969410384,4580.1465
5930400995964233600,248.71640194167935,-54.96645767885084,13.469947,1.9321365,0.3503210346627684,-3.0367106486033126,-4.897993139153671,
5930411235167183360,248.77663422395668,-54.68702671946448,13.4707155,4.1928835,0.005724793151630249,-5.105090314572548,-6.1938556651126095,
5930219267297804032,249.18843169132438,-54.862913341856284,13.47493,0.7493105,0.6344431906777641,-1.9200106581657552,-1.3650287847862506,9307.805
5930407760476675584,249.04081017731207,-54.74996249708169,13.476506,0.9949951,1.4032574404970253,-3.8531053376592337,-5.842613618338493,5395.395
5930210986600250368,249.01874970726925,-54.9671713388567,13.4775715,0.7189312,0.5876306491475953,-0.36249411681050053,-1.575308332430521,
5930398693861892096,248.9699004984833,-54.95609688429074,13.481313,1.0344267,1.057493665979126,0.43698813321225183,-7.1125310522857585,
5930410994649188736,248.72428715670554,-54.712798079552954,13.486562,3.222455,0.07079807271492923,-4.3715234183401535,-5.208860355081833,
5930211364557372288,249.03458944658118,-54.96649923734183,13.491717,1.6917324,0.3668292065738751,-6.043478426264295,-4.576415449208316,4677.47
5930211257129604224,249.1072593240662,-54.956337328214815,13.493072,1.7733984,0.4831159790741384,-2.8336263643496684,-5.443382788262715,4621.942
5930400549287908096,248.88624154447712,-54.85062793835124,13.49403,0.62319946,0.5051387042474567,-0.8656718184931447,-4.183916727307684,
5930404569377372416,248.75144360719648,-54.80354069098053,13.496785,2.0852585,0.08353338770059035,4.896897267229682,-1.4512605501429048,5122.1763
5930399552855437184,248.96257356459037,-54.88228998989888,13.504401,2.8329,0.13466468058186815,-4.87562741167779,-8.029562373412357,
5930219095499152000,249.23907058595358,-54.80501987117206,13.51359,3.2128315,0.10225382675941296,-2.7278624137913705,-4.842459778885468,
5930409792058304128,248.8296143409931,-54.77963655220801,13.514694,0.86983585,0.9729799316764252,-2.6078344941158065,-6.723328569220973,6820.898
5930402920109816320,248.80703233169197,-54.89025915743501,13.51621,1.4686995,0.5844954389234311,-2.887553490788342,-6.6534448985468675,
5930416182970236800,248.61278671903898,-54.79199653389859,13.5219345,1.05721,1.0933062196629817,-12.50788605685771,-11.724779639589094,
5930402954469558912,248.78714237561263,-54.88888767056993,13.522829,1.7817516,0.3922059886507738,0.26980689990466594,-1.6001684359855362,4911.9683
5930404878615047168,248.6595446513008,-54.77240780125658,13.529076,0.9079523,1.0973476648168905,-4.1482143349514,-9.744990228257286,
5930219778345265792,249.1255697228858,-54.781339491301246,13.531397,0.86929035,0.8581182661395248,-1.6164613217266572,-3.6785680119496416,6830.937
5930412025441144320,248.84403012475056,-54.68324646411498,13.544621,1.0436544,0.8369018187938578,-4.269018746876082,-6.971204204989576,6398.251
5930398758224831616,248.93166357645572,-54.97866409972899,13.557142,1.0082741,0.9621038672983236,-5.809503018579864,2.0253078948931913,6334.7354
5930396735356754048,248.91006671079546,-55.03461883738215,13.575237,1.99123,0.3026157250256895,-5.400736177509236,-6.641105782269115,4519.0776
5930408452028230912,248.98284483675158,-54.748591542679094,13.576264,1.6042852,0.4867766195164337,-1.5918175061469133,-1.5126028011217825,4832.153
5930220229370567552,249.18031337723664,-54.76455423547127,13.578691,0.6710367,0.6116152870134491,-0.06981635899164462,-3.079191215788377,
5930405668889300224,249.0655946764123,-54.84719224837387,13.580165,1.0632362,1.6556286298710405,11.02045905781634,-4.669459937468834,5738.9976
5930243800153077376,249.1820830232245,-54.72919710699309,13.582477,2.094327,0.26777751212953954,-0.7209232060932236,-6.239982767641239,
5930220332449794304,249.16059339638636,-54.729709567025054,13.585121,4.122465,0.21172689795789837,-3.6450252162014674,-3.9782814489953218,
5930210780441792256,249.04717363877708,-55.01437971643701,13.596277,2.780592,0.08887695561208732,-3.35482664696862,-7.405726915859969,
5930400343129460352,248.91058813814374,-54.86036720864803,13.599179,1.6573286,0.3437984729549194,-5.8738490806496175,-6.227198102102745,5285.3237
5930399071819021696,249.0192279056494,-54.94187008677587,13.599712,1.8785439,0.13246104631281216,-3.5748924283373142,-4.365461010213245,
5930399243617740544,249.00117692115808,-54.92025311669521,13.609166,1.9423742,0.23219620446991562,-1.8714246204086036,-4.337463930587986,4751.855
5930399930812542720,248.8313145904299,-54.91468681523955,13.609377,1.9504395,0.2261154970304975,-7.370489823949752,-5.8175979131620155,4932.6025
5930216346719953280,249.15632197630515,-54.94905963799528,13.619546,1.0632954,1.823205360435233,0.9813690214430872,-19.18567785980452,
5928899544109767040,248.7170312704642,-54.99630933537033,13.620233,2.9205189,0.13870851588847682,-2.5740659299818094,-3.299028498896181,
5930210402484674432,249.14639711958858,-54.9954711916206,13.621019,0.85398865,0.6934078730595603,-0.17112788258565703,-3.245875034677978,6795.285
5930397937947613824,248.8737418307796,-55.00639528976339,13.62977,0.7835188,0.6148788447236844,-1.7684137968360112,-4.1612261202005225,9005.787
5930405497090617344,249.0079063833376,-54.857504789454474,13.643437,3.8336496,0.10956771367983434,-2.909334593295921,-4.6070345190001465,3427.4622
5930404947334525056,248.7120336128034,-54.76374816682273,13.651179,1.6693926,0.35649309140396956,-7.129191383030993,-2.313518423982781,4836.6807
5930409792058307968,248.82241571661984,-54.77333434546654,13.652256,0.9531326,0.8590127859243094,-5.723182127525123,-11.146485109742265,6540.1616
5930405084774110720,249.02921960516716,-54.903705847744234,13.6556425,1.9084377,0.2015535840766645,-1.1601134219083487,-1.8245808431592543,4703.9785
5930401030323985280,248.66806186218457,-54.958146833495434,13.660971,1.5801239,0.4070082919171907,-6.919283296503826,-8.40764002401729,6173.8076
5930217514951145344,249.11142125630417,-54.898686890130925,13.668891,1.7344284,0.35092621433866,0.06811769330612139,-3.9418675986779883,
5930398556422915968,248.95070344273685,-54.984324708780626,13.679103,0.9108305,,,,
5930406149925689984,249.02881012431368,-54.79396030129322,13.679907,0.7308798,0.4565731243979702,0.33035142714665106,-1.262904583825398,8147.204
5930407043278961152,248.9330218152351,-54.766539306260235,13.682265,1.9385958,0.27836228497266574,-4.444711209778497,-3.2900031233610747,
5930243731433592192,249.18832230986308,-54.73282104356567,13.704117,1.0135603,0.39869610775983244,-1.3293828431175174,-3.223322477921712,6644.2886
5930410479252896896,248.851867688483,-54.7024970038099,13.706109,0.7736435,0.3919613126756121,-6.864952509295149,-9.277465995948038,8985.411
5930411819282684928,248.92417079276296,-54.6797578023793,13.70788,1.7165804,0.4517662182763794,-2.3841586934284695,0.31829187894985533,4699.5156
5930397761792408064,248.76871158335004,-54.993994219058884,13.715874,1.1490488,0.7378682653211304,-3.226415880541177,-6.764885693265441,6093.9883
5930219404736781184,249.21149581898098,-54.83259534145974,13.716791,1.8813496,0.2235051296304935,-0.7849857709332876,-2.456643475944857,4755.7593
5930407146358183424,248.9447963964783,-54.75494207848646,13.720564,1.7480831,0.3382774883501146,-1.2183047080218428,-4.787633254957235,4659.2744
5930398556355241472,248.9507777119051,-54.984256802280086,13.723015,0.91271114,,,,
5930402954469549440,248.78072634269208,-54.89716225032415,13.7246,1.1509132,1.5324713368540255,-10.318691876194386,-4.228052193499794,5326.4785
5930404603737124480,248.71611597191918,-54.7935136575422,13.726746,1.9715252,0.25735006539462163,-4.831122041908775,-2.1039854123334187,4645.3496
5930410754131004672,248.79399647125553,-54.73523003409443,13.728684,0.8507652,0.6968168476066061,-2.523928810947371,-5.4014914496737685,
5930406046846467712,249.02424383198766,-54.80290040689507,13.746338,2.000369,0.2784768261894031,-3.159952680611589,-4.16551712621429,4687.032
5930399552855455360,248.96084103185524,-54.87129967891456,13.750852,1.6894817,0.31697629851283005,-7.18579551173273,-7.053842490825561,4939.483
5930397010234663296,248.9795271626123,-55.0195525846433,13.754022,2.0737658,0.17029705416228383,-3.0622919638643533,-4.765660909837072,4719.255
5928896520452746496,248.7694511908698,-55.03021755597927,13.755844,1.1271534,1.239255533296184,-7.280697214840176,-10.190517844157903,6276.294
5930400583647654144,248.9048194974509,-54.84205135496819,13.765752,1.749938,0.3673210266638326,-4.3286458638325325,-4.711304964626121,4644.9263
5930402748310950272,248.65005487596838,-54.860778789312036,13.772016,2.1203365,0.252976376691383,0.5604331097520316,-0.20416761771328795,4603.4106
5930396971518412288,248.9758571619636,-55.01945232866051,13.784611,1.7633896,0.26234541211380424,-1.5547030346490895,-12.095077390788783,4946.8154
5930414499342802432,248.57156789052723,-54.842721520794676,13.793886,0.80110073,0.7163087095291681,-3.4982537841286083,-5.794861426231275,
5930399587215109888,248.88155832330116,-54.94732329385808,13.794584,0.98937035,1.5199722449404605,-4.144817359541,-5.947542790293685,5750.5024
5930405084773735424,249.0473774289342,-54.90781657641575,13.795414,0.9518738,1.3248367204768272,-2.68457654947272,-20.64327890401544,5674.343
5930404912974790656,248.67660060361777,-54.75300699231379,13.795915,2.0898275,0.12559173507548071,-3.2161571483258866,-8.010162353900444,4664.2905
5930402817030688768,248.62479197772512,-54.84673879280092,13.802416,2.0844078,0.24597729387283504,-2.751924272590898,-6.197037506508639,5629.254
5930404191420235008,248.70526723409122,-54.82421537565371,13.811051,2.4123964,0.07314804576056522,-4.713960945212181,-6.213597365324555,
5930211536356073600,249.052253009071,-54.927879939195364,13.812901,1.672904,0.31643401473544147,-3.761114077711883,-5.690950202426197,
5930407623037700608,249.03251205477488,-54.76986429642437,13.827483,2.2782373,0.13600134027435312,-4.211795976024558,-3.460990906818787,
5930397731789066880,248.7598502779409,-55.00333712454487,13.833791,1.7024889,0.3470729956168458,-2.5201327643887397,-2.704395996151737,4914.38
5930409620259602304,248.8795049107433,-54.79454459430989,13.841781,1.8358393,0.3390180519717294,-5.696350590330734,-5.628720290633157,4399.304
5930410822850498048,248.76082245281162,-54.705883072984115,13.847587,0.8725252,0.7545026707369255,-0.09747661025327148,0.4963652812894922,7773.113
5930410101295730688,248.85587087545036,-54.745379433373635,13.853834,1.6428003,0.31685678451681176,-3.1480882125505367,-7.478921814850519,5241.925
5930401854957720960,248.63646423411603,-54.93642370438326,13.854301,1.6152487,0.8839929677770113,-4.035786276613404,-9.138085566230487,
5930406012486723328,249.01832665196358,-54.81249940994049,13.854622,1.1624317,0.633569562008502,-5.406508572149462,-9.26338798309511,6420.82
5930401614439552896,248.70364518637018,-54.9053775402721,13.860471,1.1931887,0.5256563374593739,-2.5394534959393695,-5.949896317220104,6492.137
5930400377489195648,248.9183339641691,-54.861744832598,13.863266,1.743825,0.2522885468451232,-3.7735608207151516,-5.928031282049303,4459.6724
5930408486322798464,248.97707165802504,-54.73458043161796,13.863882,1.0348368,1.6731904545237835,-24.692598270524257,-27.844101996568615,
5930218678837116032,249.23501359145257,-54.84133679521305,13.86891,1.0826635,1.1361268608859796,-3.7661505301703353,-10.150803293791128,
5930410101295717376,248.86758802279587,-54.755589217031314,13.874683,1.6741571,0.4316030587179603,-0.057870180518959854,-0.2918831023232261,5013.6865
5930407043278960896,248.92525263997277,-54.77018487348964,13.876792,0.8643913,0.7279249580333598,0.6670890938274613,-3.263843666619799,6332.3955
5930396799719721984,248.87898115585097,-55.018736462814594,13.878677,1.2192936,2.4105848467531645,-7.496347794495183,-25.80200973651169,4943.1587
5930405943767233280,249.03772202264167,-54.819271081142084,13.885343,0.891551,0.7349682442863495,-0.8947030470769975,-6.040470569991848,6684.0674
5930410616692039936,248.78314790819604,-54.75690137273768,13.8881035,1.331358,0.3775155001184279,-1.6349096047519958,-3.3832277616812503,6026.8
5930402164195393536,248.58992126315357,-54.8965547712344,13.89277,0.88953114,0.5345470878123253,-2.1249869661682768,-5.56170770447315,8264.187
5930405771968523648,249.07675914767066,-54.82776772947598,13.894203,2.966239,0.12680428453132048,-3.974314260242389,-6.05479778585383,
5930414563704761472,248.6096726696185,-54.83935481368094,13.895487,1.0379276,0.7458514059520515,-6.3000770454901645,-7.354422750668089,6004.281
5930404363218946560,248.66334563918153,-54.810371045833975,13.9052,1.7263393,0.44930451982850267,-4.808871314035574,-5.454948381307659,4700.034
5930400308769705216,248.9310576671229,-54.869803464721706,13.906696,1.0732689,1.6460099192708932,-28.52105472482995,-25.05073054199721,5245.4536
5930402988829299328,248.78879980353798,-54.887075553387156,13.906776,1.6793032,0.26097114368165075,1.032781239656639,-3.306767561352153,5464.9956
5930400446208675968,248.8778338207377,-54.863765658631536,13.912041,2.6837091,0.06475354987120835,-3.3793378460666785,-5.384273689454924,
5930411986723176320,248.87676486557018,-54.68341868424828,13.912546,1.8533974,0.2957673815650595,-4.775460778860155,-6.869152702480919,4629.606
5930404191420246784,248.69386882277115,-54.81390332236953,13.917905,0.8293114,0.7212091013110237,-2.829876513481345,-7.594369159665035,7478.805
5930407867912597760,249.1340539117643,-54.75824247905935,13.919172,2.1767836,0.07059215839925172,-7.4181932451445185,-5.6114395405252715,
5930398453343770240,248.8198648742663,-54.93330060997111,13.9214325,1.7433825,0.37612877741431044,1.9364636986270838,2.5544610368094354,4871.357
5930401477000801024,248.76267827547352,-54.898543022873895,13.921476,1.2102318,0.6116670037771034,-1.5416514157169572,-5.83188584611825,
5930399449776183168,248.9826471964954,-54.91211167137776,13.921697,1.4623737,0.9110201540158722,-6.489142216594206,-13.602540846752962,4768.0513
5930397383835262464,248.8390732513022,-55.04750326710145,13.92296,1.8321428,0.31647350044633366,-0.3601705491306362,-8.175163071903548,4677.4907
5930406356084126336,248.96729952640993,-54.8169284880607,13.928965,0.91153336,0.603142636265914,-0.7029378179376022,-5.685603991060203,7544.3467
5930397559990361856,248.84586747038526,-55.00847118679834,13.933271,0.9400921,0.714641550207206,-1.7808268940668988,-8.383311203128219,7265.8135
5930408177150320000,249.04455801076747,-54.72633335877268,13.938244,1.7617712,0.30460966357518016,-0.11902328280611485,-3.513320446729363,
5930400721086309632,248.76595272831273,-54.98929041110861,13.938657,2.996523,0.08109735823599698,-4.526093681960771,-4.8543745423742335,
5930401373921532160,248.794584408303,-54.93577595453531,13.939589,1.9338284,0.32446789198370357,-3.382431322845731,-6.006706898822337,4601.19
5928899509750025216,248.70445686072335,-55.00814628809784,13.944687,2.1617546,0.1496844050333113,-1.8768404954330744,-6.5547300326454225,
5930397010234664448,248.9813508002284,-55.017104642664734,13.9592905,3.646718,0.07426772763823464,-5.562045533914636,-6.130442551903068,
5928896486103660160,248.7485582066737,-55.030759930056384,13.963355,0.9989214,0.8935328399032902,-1.0854855326666968,-3.9155802804096216,6719.807
5930398384624281984,248.84185556493676,-54.939955212318196,13.9696455,3.20743,0.09296360797529091,-4.911534761925646,-6.322061280812667,
5930404569377376128,248.7558379222157,-54.799310924281535,13.979363,0.9252329,0.9200009561630296,1.8952134920341654,-1.5685688089786827,6654.024
5930404809895558400,248.69141335016985,-54.790997623466964,13.982029,1.8881216,0.23834098996199699,-3.1996712904596496,-5.908063852177247,4601.354
5930217446231672192,249.08126886786067,-54.909516426852285,13.993609,1.6691799,0.2471908715732095,-0.7397000698538146,-2.254331454900665,4795.4546
5930412265959287168,248.95453213512798,-54.66113397030937,13.994226,1.8462934,0.3154645586179232,-4.776373943591082,-6.492697410616923,4686.837
5930408692546430720,248.9616277845112,-54.72657596561042,14.007702,2.2129488,0.14637796831012895,-3.0720871801564607,-6.36074768373007,
5930411303886667008,248.81061672781988,-54.666948983168304,14.012348,1.4979391,4.100314397067227,-15.43655571333789,-34.62716889574051,4651.0327
5930405806262678528,249.08203614564542,-54.81832440408263,14.012561,,1.351137764235432,6.505982772996395,-5.600079515494095,
5930217549310896256,249.08787178001788,-54.897295975011126,14.021576,2.4553356,0.10692841431306685,-4.723893076148071,-4.117698317996567,4738.6763
5930217171353717248,249.12014663427436,-54.93174679796706,14.022826,1.0125208,0.40833990677030096,-2.845476804280529,-6.0087565440078485,6807.2554
5930402129835647872,248.59008301593138,-54.91218106139678,14.0240555,1.8570623,0.3696611124057225,-2.030047915458976,-7.126604729955117,4577.8315
5930403160627995264,248.76145031977538,-54.88758639255744,14.031195,1.5375223,0.5620857906791584,-0.01744134353424065,-4.839537281573795,6336.172
5930405600169864192,248.98956340800183,-54.82377933093554,14.032578,1.0383615,1.036845391400651,-10.7928036382552,-11.33679026981312,5792.617
5930406974559472896,248.9818917136578,-54.758684123931815,14.034667,1.0025835,0.9751374639334085,-8.436291413047844,-5.334839066454368,6142.057
5930408348949036928,249.06652678454725,-54.68987544825075,14.036619,1.6742735,0.32327803770455604,1.6759558076019339,-2.0050276495570536,4907.311
5930411235167181696,248.77122755372037,-54.691528968743675,14.04504,1.0740414,1.637695664314832,-5.131775170042161,3.1576021853471756,5909.7227
5930397903587766400,248.78816508716352,-54.9737235838278,14.04616,2.333022,0.1863657340811394,-1.9377400140803962,-2.9790031728245427,4735.1836
5930408486387985152,248.9767943711755,-54.73485506550502,14.046245,,1.570672231624282,-24.588327349199837,-27.988627877268854,
5930403538585180800,248.8153283620566,-54.83319304289295,14.047852,2.1904716,0.12748973645008121,-0.5231036863077768,-4.5082686588376175,5037.449
5930400274409960320,248.9267697121434,-54.876156820707656,14.0488205,1.6331081,0.29212626762438565,-6.6706163526418685,-4.859483711990964,5241.49
5930399449776205056,248.97099809599598,-54.89782022053375,14.050084,1.5645514,0.533921301387059,-5.535487133739712,-1.2696473744513601,4973.913
5930405428371498368,248.97517203101725,-54.868439044003935,14.056188,1.6987486,0.3386235995790634,-5.287133109092943,-5.225250788914375,5075.239
5930407146358179968,248.9384092218122,-54.76082247287655,14.06545,1.8825941,0.2617413087374647,-6.384638450017314,-4.9247125994835805,4544.386
5930403224991063552,248.74610248435172,-54.87213239172439,14.075958,2.0586166,0.13903602304182047,-3.90169927069979,-5.930628605194712,
5930411441325633536,248.74876210939073,-54.68000804972144,14.07655,2.3911705,0.182396558596276,-4.685652050333683,-6.765739379872272,4787.9365
5930218099066766208,249.10087896544863,-54.83869392946586,14.083609,0.917758,0.29903141959307133,-2.892690718355447,-5.192341763559262,7036.37
5930411814924587136,248.92547795634619,-54.68522492877854,14.085381,1.4892597,0.510161118252993,-1.8038886747362965,-7.206193195677531,
5930404461941735424,248.6448040978834,-54.797480875647,14.087843,1.6469841,0.30272311110454836,-3.0063867243195723,-5.238998890774733,4688.986
5930409993858404096,248.80486949470307,-54.73079210488617,14.0970745,0.9023714,0.7878395081155457,1.6715532921375602,-1.8298555729821118,7010.3984
5930217755469301888,249.1725097854404,-54.882759955984234,14.098994,2.2677193,0.10939277335043207,-3.242401803778378,-6.174638941519294,
5930411166447682944,248.80789640815044,-54.70242589790901,14.099491,2.3805246,0.14025176941279863,-4.2164446801457265,-5.628631658095021,4619.0376
5930216415444664064,249.21007153901581,-54.94272093201629,14.110162,1.0332804,-0.04857131425603762,-3.4095804575305486,-10.644290864928973,5837.425
5930218580103001472,249.25242825702307,-54.863418398199215,14.112667,1.7263117,0.3137648800038179,-4.082161436966666,-6.454743250026903,4759.763
5930405565810118528,248.98182772417883,-54.83544763326729,14.114097,0.9580307,1.2094700311738282,-4.596599871666086,-6.657901984518476,6158.818
5930406630962081664,248.92400419926312,-54.793001156779525,14.115054,0.9737034,1.0204445899972574,-5.582383874952239,-11.92638644132209,5919.665
5930216243640694528,249.17732431772242,-54.97145280488775,14.118783,2.1083546,0.13751003140500537,-3.4798042595132346,-3.4905792501504433,4636.812
5930400618007399040,248.86371045658476,-54.84168655683552,14.121844,1.6140871,0.4155620347943193,-3.5279499644565213,-5.717801361378871,5035.9697
5930403744743628032,248.78222324447162,-54.82355070785106,14.124837,2.0992298,0.15757956289678854,-0.2215459297216794,-0.17563683896755042,4455.2896
5930398006667105792,248.85434375126854,-54.99167880434151,14.127065,2.2015247,0.19148470451017757,-3.3735653341082292,-5.239139451968102,
5930217789829042560,249.18561404311637,-54.874511111896,14.130089,1.0056238,1.5086453281667032,-8.052179135305103,-8.682324375885809,5836.0854
5930409757698563712,248.80884000228974,-54.78605297486373,14.130989,0.99054813,1.054322868316718,-7.724941616416489,-12.404890409775668,5515.09
5930414052666182400,248.58867320758546,-54.874534583581095,14.131449,1.7659035,0.27417652303451245,-3.422495036318984,-1.0711086706303297,4783.9556
5930402713951219456,248.61307894000655,-54.84813386143187,14.133895,0.915082,0.8209255281510878,-0.6771335626894398,-5.040280481852855,6812.3247
5930405256572435840,249.05580316253256,-54.86156684054089,14.1391735,0.95420647,0.5494163701615669,-0.942330816553821,-3.8024537805577294,6596.865
5930407146358183936,248.9379938180198,-54.757764363829395,14.13969,1.7559948,0.34208654920695936,-3.017614469975394,-3.5961393815837774,4684.604
5930411956721646208,248.8685988270428,-54.69538111670655,14.140512,0.92655563,0.9103259079408854,0.24591957669398684,0.34956996026338005,
5930411372606147072,248.796250433307,-54.66932918244006,14.142075,1.2900152,2.0814887463778384,-8.931021495501922,-8.194989813525154,5106.905
5930407386876262272,249.0696602909553,-54.784423796446006,14.143517,2.7377644,0.06946848036612613,-5.763850225405427,-5.465571860450766,
5930397594350103296,248.820611909973,-55.00949645349594,14.145004,1.7499075,0.2679234301591212,-0.202532873295313,-0.9902173376229964,
5930407661754221952,249.028264633127,-54.7585295181064,14.145357,0.9514055,0.43112649746741244,-1.3535845877777493,-2.1576465925358725,6841.126
5930410651051782400,248.7410999198444,-54.75359692700248,14.146448,0.7667389,0.3387062042109955,-3.2142636043195023,-3.1846416369154236,8803.563
5930219439096540672,249.20319342130406,-54.81597759506179,14.148595,1.0596218,0.9796198457775298,-5.724582055642276,-28.406807526947773,5802.0664
5930401305201884416,248.75242045417556,-54.93814033003994,14.152515,1.8200045,0.2590125679077787,-4.619883980978718,-5.728106868337087,4602.9155
5930211261478159616,249.10079551260418,-54.95214797944581,14.1527,2.3080654,0.14571264259676894,-7.390118834780268,-6.682246595914041,4600.389
5930216415439396480,249.205246387226,-54.951114721151875,14.158674,1.0555124,0.8226738753413572,-9.053351852074677,-10.571554360123578,5747.8984
5930412021083036928,248.8374285155886,-54.67126021890518,14.164104,2.571044,0.09785592701516124,-3.8277116463986953,-5.388216009020903,4849.6504
5928899784627961344,248.66582921842485,-54.98239051426297,14.166787,1.8760805,0.2569452108432389,-4.287909575801128,0.37999992953212824,5088.505
5930219542175773184,249.13761854808288,-54.82681040287363,14.169799,1.766716,0.2719372204612655,1.634551229926632,0.6253821758237075,4519.1274
5930412089802514816,248.87706646004636,-54.6698155795094,14.171145,1.80443,0.2872043456828922,-4.695022619053798,-6.490067139685049,4578.8696
5930400171330710400,248.9357556288036,-54.90270847069732,14.177256,1.717,0.24343101510083023,-1.040484801438473,-6.002761006938854,4929.43
5930407936632123392,249.10395858732286,-54.73044272126612,14.178681,2.426612,0.10228852780922232,-6.3026609426128175,-6.028782727258664,4835.9004
5930406665322097152,248.90138710941704,-54.80617394010527,14.184698,1.1320839,0.6372197808087762,-3.9263970527094685,-1.1808003232405018,6450.2705
5930218511383533824,249.2155234343319,-54.87417675773171,14.189803,1.128067,0.5289223191655293,-1.655219732424121,-1.1857574853611914,6733.8105
5930217514951153792,249.1042234934803,-54.89327546385178,14.193711,1.1606436,0.4187157538625045,-0.5246941489731722,-0.7030622174395211,
5930211467636594048,249.08037364786696,-54.9413334044224,14.197335,2.1441689,0.1662664699990876,-2.1298468191465405,-2.766691141600514,4566.428
5930211364557375872,249.03110935866093,-54.95723356431513,14.205518,1.6145172,0.42188899336826446,0.9145837171991829,-2.3019689786318747,
5930406321724364032,248.96943512303793,-54.840266515029626,14.210512,0.8621321,0.8285533400827295,7.988263316568004,0.1443648618358936,
5930210711722326528,249.07237950780564,-54.99451526271128,14.211584,0.9194708,0.4811861094782216,-1.686749460224628,-1.9507698171494092,7436.9707
5930402503436555008,248.7146782542303,-54.87513977660673,14.213569,1.171402,0.7894259711942948,-2.2106981322614256,-4.762070096758825,7177.725
5930217029565934592,249.19845505480396,-54.87202684234475,14.214212,1.1649752,0.8319541968046187,1.314969570111924,-8.134806058859002,5543.027
5930397731789060736,248.7738963080048,-55.01567041604374,14.215663,0.84865475,0.508270281528546,-1.508549820785206,-4.0414714703074734,
5930402473433246976,248.70900611854012,-54.87991026471906,14.217002,1.4805317,0.6395559706931556,-0.8757744768780038,-3.245178349659093,6299.363
5930218442664034944,249.2325885271054,-54.88319788281505,14.228956,1.5544662,0.4630805713760539,-1.3321812537688555,-5.647910950279416,4989.647
5930406940199726848,248.97671197068965,-54.769658494454944,14.229455,1.5543537,0.30231981691206083,-6.337114550658001,-2.3087666535639597,5390.498
5930396907155755520,248.9454808656721,-55.03497001365343,14.231381,1.2218113,0.5067039682033863,-2.7216695962358646,-6.146106314284321,6300.587
5930410822850497536,248.76162793022942,-54.70675122662814,14.234736,1.0094719,0.9000922616039171,-0.46305559448574674,-0.810552818706018,6520.0645
5930409237944219392,249.0007386876819,-54.680746018292865,14.239042,1.6226673,0.51503401847897,-3.974183621824375,-4.329938543455919,4695.2656
5930210814801535744,249.00335501183247,-55.012250721994235,14.240276,1.5703917,0.5182815380695894,-5.5772343949022805,-7.826414300078853,4852.676
5930398556422907264,248.9660042494361,-54.991534090103315,14.240611,1.654192,0.4159753306397065,-5.302417071085088,-9.320579532980087,5191.914
5930399415416459392,248.95153969426133,-54.90615257579986,14.243038,1.1893139,2.1110573975227545,21.38708741174009,-2.4139652139135013,5566.9937
5930399003099564288,248.93793893424396,-54.93419746759583,14.243074,2.0741825,0.1969450049033714,-3.7732413462871444,-3.494670560054094,4557.045
5930409998216545920,248.81499459637644,-54.732965903065036,14.248026,1.74545,0.25037379101223206,-4.566922398227382,-2.3196176427249093,4803.5063
5930409585899866240,248.84810646833574,-54.79554032486437,14.249955,1.7127304,0.42737342078288376,-1.7075039499560731,-6.669856268866624,4724.6
5930397388191660800,248.8340565767864,-55.044612546186315,14.2516365,1.8084373,0.2705807767791543,-4.7486223800340275,-6.178045613607273,
5930403847822861824,248.7933036820621,-54.80359254650694,14.255626,1.03265,1.3769070313420857,-0.024181958886660304,-18.886400378340262,5290.151
5930416114250757632,248.61639745430978,-54.79565472879695,14.25954,2.248435,0.1701631973753577,-1.740890738304214,-3.360367053068714,
5930402782670953600,248.65947072188666,-54.83913930025176,14.260389,1.0065403,0.944121732299976,-6.297500893033565,-8.590903853121336,5669.8677
5930243731433576704,249.19786895511453,-54.740028466890756,14.260829,1.0197439,0.9379234915542103,-2.0741534162707183,-11.094743591536675,5428.4683
5930405943767226112,249.0321769628516,-54.83008531182663,14.264687,2.2694101,0.16424657793188172,-3.0790712867815557,-4.384443093979545,
5930400721086307584,248.75715533813158,-54.99825811561977,14.264693,1.8057108,0.27851897635732836,-2.14658724490866,-2.613329024995039,4639.7324
5930407283797022720,249.0811017211234,-54.807987814800875,14.268696,1.7487783,0.24040546866467827,-2.288951582282334,0.37005615835566036,4556.5547
5930399381056701056,248.94903642619786,-54.9216290844704,14.275194,0.94781494,0.0898923007480387,-5.003022394427796,-4.841698255180277,8337.86
5930403779103366912,248.7643514749692,-54.82514508249496,14.27609,1.7060404,0.26091208055695936,-2.710930538641638,-5.395639860213753,5029.941
5930405359652020736,248.99192529539113,-54.873087726139026,14.278517,1.3365078,2.5239022378525657,-8.57161016359384,-35.81586472526022,4822.0225
5930399896452801024,248.84696659806178,-54.91592162347514,14.28407,1.9189987,0.32075735237271175,-1.7207861051722624,-2.7649615778069183,4574.0884
5930217171353737728,249.1105729245613,-54.92080570812874,14.28624,0.911644,0.6432810192206104,-2.182841798043743,-4.332195334688144,7340.2803
5930407833552859136,249.12720821677237,-54.76216287347947,14.287904,2.51128,0.07392412335228292,-5.014176397654849,-2.641568809439349,4865.469
5928896245574817920,248.8037734149554,-55.04020920655039,14.2909775,2.1021643,0.19436279589144137,-6.845455951530278,-7.303291057107924,4874.3613
5930409757698565120,248.80100738373267,-54.78424832277927,14.293507,1.7891474,0.23906931341757073,-3.3526855831901914,-2.801577394098422,
5930408550750678144,249.0257940102798,-54.72189166922088,14.296167,1.2359886,0.622639506905194,-1.3433512983439142,-5.305090794747012,
5930398041026856704,248.84516595027776,-54.97850288802464,14.29935,1.7602386,0.39116359703174197,-2.7805877141134587,-0.5550743972921403,4745.6167
5930411303886653952,248.82016924004958,-54.67477101172551,14.305531,0.9771986,0.8781874578492391,1.5763851229129635,-7.403690822794145,6814.569
5930407558674957824,249.0498966876685,-54.789035071800114,14.309932,1.6236553,3.9795356701460682,12.451592396176181,-54.73431726565818,4443.9043
5930217411871922432,249.06788713177653,-54.925021618765456,14.316965,1.7118912,0.2376043091078151,-6.964478839961287,-2.108429684753117,4610.6797
5930400686726572160,248.7425924020693,-54.99643252948939,14.318785,2.080368,0.24519582587757838,0.7224335933622461,-6.369265349014077,4584.365
5930410273094445312,248.88592602601867,-54.70914578240923,14.32084,2.0407677,0.16636486063087735,-0.579512557227211,-2.871560933121049,5045.611
5930219954492639104,249.23166986274975,-54.779670937443825,14.3233795,2.388423,0.14881467858250239,-1.955812305969867,-8.701664248137087,4382.8203
5930409547183011072,248.84412161534084,-54.79855699738959,14.324419,1.439107,0.426594719246588,-2.7795015350557053,-2.497117203346553,5327.3823
5930408761265927040,248.94163668192812,-54.71544897665708,14.326605,1.5429735,0.5798498760117663,4.795985186121926,-2.5336314650955085,
5930399312337203712,248.96718026412475,-54.93570641377198,14.332365,2.7838125,0.14032020653128713,-4.283847913374254,-5.38055497702744,
5930400343129448832,248.9095652585564,-54.86887005529163,14.336088,1.0485277,0.7434017919068812,0.16789229787594465,-0.6152758180330848,6323.2837
5930220091931608576,249.16021276852314,-54.78315491231124,14.350913,2.46595,0.1453255841628933,-1.8530691602980953,-1.5895262881906698,4516.161
5930409860777787648,248.8015911984828,-54.76824241450429,14.3519335,1.6873646,0.2968300197200889,-0.3841196045410066,-3.2588301218657616,
5930217751120391168,249.18130359118436,-54.88566950460141,14.354207,2.0726252,0.22517634469713638,-2.8210507497010746,-4.964323228197107,4507.722
5930408933064575360,249.03937964984013,-54.715416774823375,14.355017,1.163908,0.8478043978887234,-4.796123144611993,-7.230973454247461,5635.4473
5930409207942524800,248.98960057671727,-54.69474135505737,14.361317,1.7831202,0.2787927814070541,-2.0622788566460564,-2.0001260505120286,4607.9116
5930211261478198528,249.09656944015012,-54.95693844917686,14.364188,2.1496868,0.16647346526011225,-1.5095779603993011,-2.0492081625339313,
5930407348159759744,249.07844093797019,-54.79383948492722,14.364236,1.6943951,0.25720063995796766,-3.674397496135877,-3.2274960173626788,5140.2866
5930406356084118784,248.97261225404617,-54.81981625327486,14.371006,1.1681623,0.43851983471135997,-4.18010138002902,-6.878905295736118,6417.3345
5930218648822527872,249.21959143437184,-54.835595837806935,14.371076,1.695198,0.2548856915266275,-2.767969989937103,-2.734348295652367,
5930407352516508288,249.0772011428487,-54.79948751404448,14.371591,1.7502031,0.2571040565414132,-2.2104830870303447,-2.9506491581285075,4554.779
5930402542152511872,248.66630918205763,-54.87109019357658,14.372019,1.8100433,0.2463504471954184,-7.697390650277335,-6.001895013923602,4728.757
5930398212825561472,248.81853852191148,-54.96857602253821,14.37357,1.842124,0.29933659530240764,-4.978703967048974,-6.738133918618217,4650.45
5930406802760765056,248.94787808619057,-54.791931360518724,14.374611,1.7050724,0.25218857317287896,-3.8500553143046643,-6.21435979859371,4730.946
5930210917880759936,249.0427572838401,-54.991598717219965,14.375246,1.9557743,0.15579087026182484,-2.7919616044603255,-7.0815583468927485,4955.176
5930403813463113344,248.77049608813664,-54.81578705015687,14.375679,1.601923,0.6492466417509013,-5.002003797762136,-7.107966188223331,4849.126
5930404431938433664,248.67723565526455,-54.79754750699166,14.379865,,1.765945312276397,-5.691718588578315,-7.647542699947341,
5930211261477822592,249.10859764342356,-54.957531424457265,14.390145,1.2479086,1.709726606905759,11.781390201268069,-6.0261471948653105,5016.2993
5930406081206201216,249.04942125223232,-54.79735747734264,14.390884,1.75628,0.29327323230650926,-1.6012949071970257,-6.02029206845215,4593.1997
5930400824165533440,248.7637839247164,-54.9719246131162,14.3921,1.0686607,1.165497998718842,0.3750472010590957,-3.846834103277358,5422.7617
5930411265168761472,248.80916209038895,-54.6953674656307,14.397267,1.0828514,0.7555600982331637,-7.193575471945645,-8.711973477391762,6714.6333
5930410307454180992,248.83235494149307,-54.73560842001597,14.403704,2.1080208,0.08234400305608525,-3.259341275271132,-7.038900433802533,
5930402851390448128,248.63338377533753,-54.8244566467228,14.407384,2.1967554,0.14621711870579368,-3.210807955316105,-4.859893899346049,4561.375
5930404638096866048,248.7299046223332,-54.786558756976966,14.410421,1.0451527,0.43835784324971794,-2.100078912596995,-4.583970452041287,7064.0205
5930416767085822208,248.64922134609992,-54.735190513749245,14.411248,1.0335579,0.894085122317079,-9.148325036286614,-8.403696780893275,6371.314
5930406764044190336,248.98593580793212,-54.8056103928554,14.412591,1.0706806,0.2984649492674232,-4.22095633771972,-5.492896550095502,6099.645
5930401923677201280,248.66127068867794,-54.91682026021276,14.417561,1.7309742,0.327214558535638,-2.1864584817977883,-3.987709790925234,4959.3857
5930409272303952512,248.9678176718902,-54.68187581546907,14.420246,2.3532095,0.12928037529837053,-4.834996653487842,-4.740376026060932,
5930400033891777536,248.85766670934916,-54.894185097722286,14.420687,1.0156736,1.0055204029115832,-0.35520445678895796,-0.694818001372301,6111.0474
5930400343129459968,248.9021479564788,-54.861799499208324,14.4210415,1.9870481,0.1992437040432207,-4.664841211949954,-5.940935415229167,4938.5635
5930217240073190400,249.15245045778283,-54.920550929541754,14.421506,1.7871523,0.25864537160834494,-1.4565658043204541,-3.1079398155728133,4546.205
5930404496301502464,248.65784759807667,-54.777731962389986,14.422752,1.2275429,1.1281337352121792,1.3114668526288564,-6.5538629284530465,5031.725
5930409581542765696,248.85013271996752,-54.78700861834594,14.42669,1.5393238,0.3843120519600676,-5.490020163780132,-5.19742401798199,5351.286
5930217579321693184,249.09106416758766,-54.88885000969811,14.42886,0.9698782,0.8474747224761009,-2.0400131872158696,1.4818375533710622,6588.125
5930402782670956416,248.65716887840904,-54.83606256403124,14.429082,1.1222458,0.4722128674838413,-3.582630119745664,-3.2886905518216256,6572.122
5930411750563197440,248.89752749055143,-54.70197366465622,14.437039,2.3415956,0.04181686593154952,-4.376987846121834,-3.96115687439302,4739.509
5930216278000427392,249.19654771355087,-54.96592271325481,14.440069,1.0842838,0.46337464313618903,0.010150214649513406,0.5118002314990079,6431.6436
5930410650987555584,248.73459081877746,-54.749687014538964,14.44204,1.2865486,0.5333619338215132,-4.718586578043778,-7.442622848041513,6344.724
5930216484158917376,249.1744549372378,-54.93365866579424,14.44427,2.1329517,0.08497987892700554,-6.847277113891749,-4.692665741497195,
5930409963857015424,248.79110361231275,-54.74638018227757,14.446467,1.1079388,0.4894640784023613,0.8934911610372323,-4.340769423252093,6639.902
5930404157060505216,248.72384455066575,-54.813685156166926,14.44768,2.706748,0.07054279036445707,-4.5048859016599625,-5.061901987675583,4705.7295
5930400995964233344,248.7103400507964,-54.97137923620749,14.450261,1.239502,0.8169940882517869,-7.0026259212121875,-5.056379760547043,
5930408520747994240,249.02034006043314,-54.73462272504248,14.450598,1.8213301,0.24040283312852176,-2.1371030872763153,-8.20639757950173,4542.6577
5930405016054006912,248.67587223129306,-54.74741618101904,14.455752,1.6909952,0.34598161175299,-1.5047198094645227,-2.028258926216651,
5930398487703426304,248.97316883667966,-54.99653141055507,14.45884,1.7241421,0.31777982010594924,-3.1080956367842987,-4.923057874430487,5058.8657
5930401992396679168,248.6511487836076,-54.91948231692993,14.461618,2.9129944,0.09436662427995604,-3.4339424530632066,-5.699761356928624,
5930399312337216000,248.95959346557396,-54.92656153233981,14.463752,1.1321411,1.0332501326766221,-12.787450313809712,-12.830483768430184,5236.319
5930219061139411200,249.22665004112355,-54.81352449010036,14.470486,1.807908,0.20431375713481775,-7.49175529133829,-1.1332676096723617,5263.6904
5930400136970968320,248.91539745712734,-54.90791282365048,14.472247,1.700366,0.3595558546406358,-4.804498927790467,-2.2770838702209435,4810.4756
5930404328859198848,248.64304602338134,-54.82254503601223,14.47248,1.3953819,2.5045299485905823,-9.603686272433395,-28.156204313499373,4846.8823
5930404947334525952,248.6956879076762,-54.761344364331116,14.473958,1.8177528,0.3095727915609981,-1.6764005360216445,-0.3395211995646292,4512.419
5930409757698564992,248.8191519589683,-54.78196769472861,14.475149,1.817028,0.25630524892239037,-9.175817893487595,-5.673394801914618,4626.562
5930407489890057856,249.08160071150394,-54.763150435128765,14.477149,1.696414,0.3052029419825366,-0.8197078813457183,-1.7037202069501483,5026.267
5930219645255043840,249.12151380343678,-54.81018874776559,14.477827,1.6161633,0.18603577031649945,-5.93804786687425,-1.816767576035721,5323.091
5930217721109571968,249.15645329430072,-54.88163797696147,14.482668,3.372837,0.07388873578068066,-4.7769699871036355,-4.763660273917738,
5930410891569968512,248.7389062614497,-54.72292637373134,14.483252,1.410389,1.8011652924623291,8.158476034999586,1.8697021201408581,4735.2437
5930408245869786368,249.09041496519487,-54.717547380633114,14.485727,1.7917757,0.307027788200415,-1.839763176633826,1.892616704963063,
5930219439096522496,249.21312194856756,-54.82738484040839,14.487543,1.7875433,0.2636181837818686,-1.5208367659211486,0.36487308215109254,4567.236
5930397147673618432,248.92599786743136,-55.02224221619114,14.490057,0.987339,0.46697171429328066,-2.872532042261983,-6.763366199125134,7340.3047
5930217446231686016,249.06480643421418,-54.90416472832111,14.502165,0.98734856,0.7161317552537144,-0.5605776582313131,-6.803005373375727,6621.1777
5930410513612651392,248.82654561024927,-54.69800722728282,14.502269,2.6600552,0.07177158606633421,-5.512173783742701,-6.955797860914066,4004.9248
5930402885750056576,248.80836410772554,-54.90511603244675,14.5032015,1.7027607,0.4960168602890296,-3.7095400612908795,-6.964684290688126,4827.351
5930399449776199424,248.9844019826009,-54.90028316036991,14.503468,1.1497316,0.4228225550458837,-3.7020332909166456,-4.57522261232555,6508.935
5930407313800018176,249.09624918802066,-54.795987891425476,14.505431,1.7015486,0.2195149131848479,-7.623461924583563,-4.007862110700122,5138.718
5930210643002842624,249.0897123882148,-55.003410641739684,14.505969,1.9497213,0.1520982022344016,-6.237530326233244,-5.736970229380537,4924.01
5930403469865691520,248.8244849326645,-54.841990618275354,14.506561,2.2186441,0.15997629640103148,-3.1546327186876972,-3.8322266829126357,4589.1294
5930410135655482880,248.86206730212183,-54.72760248139394,14.509219,1.783639,0.33093787909901334,2.1118494789287574,-2.0986800234342273,4578.0903
5930409792058305664,248.824116874305,-54.7779230276656,14.51235,2.130148,0.1477042308904304,-4.052091115563165,-3.8547207650606365,4543.226
5930400544931485696,248.89434509843386,-54.85585167819358,14.517275,1.7065592,0.27966477044373805,-2.586119134147192,-4.664944227657476,5597.1445
5930416762726860672,248.66433326271198,-54.735249008264574,14.520523,0.99595547,0.9973813042793812,3.6888429368599427,-7.922435033649629,5990.2485
5930405875047765376,249.05838333214754,-54.800023333442766,14.522918,1.2766438,0.8198918675448885,-0.4781644446225024,-2.182158149732144,5416.133
5930211467636596096,249.07105735811427,-54.93496165378378,14.526137,1.569129,0.6001188221390923,-9.051311969225234,-6.758492889433709,
5930218580103013504,249.2405467980306,-54.86074003717798,14.528281,1.7303572,0.22423023831313754,-4.362527468608424,-6.422834119396434,5156.5493
5930410273094448512,248.88096443147654,-54.70863978378201,14.528695,2.0737858,0.12177089586554693,-7.042906721080201,-8.656029128337254,4908.963
5930404225779992064,248.7092969949896,-54.80546261897011,14.53377,1.7932081,0.2634979411779624,1.8250434152670265,-8.351590749746082,
5930219473456288128,249.16973626057262,-54.820821219878496,14.535721,1.1258459,0.6521963915859239,-2.2128354350081376,-2.541037367224556,6178.67
5930218133426505472,249.1159187670505,-54.83143725596693,14.5364065,1.0050554,0.5057583197893966,-0.46449314628439786,-4.557057155431315,6959.9873
5930412300319256576,248.92550999215234,-54.661279559324136,14.537004,1.63873,0.46530017049261063,-4.83741124297562,-7.374483956059825,5316.496
5930410925929704704,248.6984177154383,-54.731303532267944,14.538531,1.1904659,0.5703103687014365,-1.7095830780742716,-6.076937862315471,6529.847
5930210436844099584,249.1516497580212,-54.98233545466733,14.544203,1.1151142,0.40190392271586584,-5.894514021005364,-6.684157585991311,6314.157
5930403710383878656,248.78552403265542,-54.83191571052353,14.549594,1.8204594,0.24650366310568958,-2.118630563716433,-4.725805727341941,4735.4126
5930403229347510144,248.72907280587003,-54.863095671654186,14.551469,1.8037081,0.2645758994391006,-3.2238513305991465,-3.972847979438899,4577.9897
5930406149925703040,249.02783995553557,-54.78452996570088,14.5555725,2.328188,0.03187103113052476,-4.649909123933185,-3.0638539317307174,
5930398556422910336,248.9682418235073,-54.98837566451297,14.556885,1.149209,1.5064088234284712,2.408882977569593,-0.4533263375953922,5201.797
5930406111209178880,249.01233666319143,-54.79402287670562,14.557133,1.6661663,0.2344493552222943,-2.29943385568361,-3.1667122796119602,4830.7925
5930219439096535808,249.20538950579572,-54.81997013251512,14.558322,1.006052,0.7300600004549954,-4.427182947492335,-4.946563576030336,5821.7046
5930405943701690752,249.02570474209128,-54.82294337429406,14.564645,1.1159029,0.34410956477082283,-0.5142046495183036,-3.933570186121359,5962.875
5930216071841993856,249.19627249336952,-54.96854289458544,14.565364,1.6830244,0.3766513681869987,-2.99697751588723,-6.201999289701114,4624.9014
5930401717518985088,248.72864548419017,-54.89046634672939,14.569416,2.576229,0.0809492138504697,-4.088344682242777,-6.465901663547512,5175.8037
5930216999555029376,249.19632352401396,-54.893898655461285,14.569855,1.8371668,0.16161027461920313,-1.9739297516261232,-5.097789780989925,4627.5884
5930407318156760064,249.10294814468907,-54.800128889323034,14.570268,2.3696594,0.09970904600984315,-6.586736284649904,-6.6939313136423735,
5930216484158928640,249.16888411352548,-54.928153744242415,14.572388,2.0331812,0.17885302448335982,-1.9674917054848768,-4.905235799338918,4597.92
5930416664006596480,248.6566942146962,-54.75021716894735,14.573482,0.95800495,0.5828290155439759,-2.729417866246054,-6.4082251950742695,7368.0083
5930403401146227200,248.7570878776559,-54.84081408921785,14.598212,1.0546532,0.7872054101352732,-6.028122269667162,-3.559904852702293,6435.38
5930403435505927040,248.83983795332435,-54.85975076257579,14.602532,1.7703142,0.145107081237485,-1.4167732946359,-10.460254428788945,5104.4663
5930405462730882816,248.98362334868884,-54.86250382905269,14.612544,2.2535763,0.11706474009890941,-4.141370681231257,-6.215909611157889,4494.776
5930219713945109248,249.15662394843267,-54.7922291702505,14.618219,0.92291737,0.4980160504480916,-0.13431792318853486,-2.7124502329238167,5768.1035
5930412059800889728,248.85625132811722,-54.66924156495605,14.620605,1.5358667,0.7228281191180408,-2.8535815298080767,-11.738233821737754,
5930412089802513152,248.8883156244343,-54.67167143592348,14.620712,1.732729,0.3699526250001715,-1.8606012758787205,-4.627325497426306,4642.8867
5930404225779997824,248.7063532032083,-54.79973292568625,14.622521,1.7549706,0.24529581047907079,-1.0058428768586023,-4.512832707448812,4794.3276
5930399651578230528,248.8738624453462,-54.93558836603172,14.624879,1.2199783,0.4222983236340995,0.5255805759707193,-2.171467767913279,6359.688
5930216346719934208,249.16836845152176,-54.95600061495329,14.627626,1.1423569,0.5951347289339974,-1.8025111373049403,-2.5960543835134735,6082.6846
5930399759013849088,248.90426560934077,-54.90799264612296,14.627652,3.3217707,0.021714773515176488,-3.974061809095776,-5.547241777468155,3627.7537
5930398861304242816,248.9256728954483,-54.95080952342357,14.629271,1.0833998,,,,
5930401167762938496,248.69195558777753,-54.94788310134829,14.631599,1.7984457,0.3316697273595765,-11.016168355081877,-4.150581872321344,5251.637
5930407008919207808,248.93849052010341,-54.7815818422754,14.632416,1.1008005,1.238878708059238,-5.540127673494579,-3.3072417954101088,5258.841
5930414426265589504,248.58169181393902,-54.85658506426276,14.634163,1.2617712,1.5454563911029655,-0.7118695433187534,-7.740930107112042,5389.137
5930414568062278144,248.59793967854017,-54.83272216711842,14.634875,2.1524715,0.18839265643413677,0.3336939670386465,-4.78190304565741,4534.2314
5930400033891791872,248.86421520093543,-54.88408132344787,14.636028,1.3874617,0.9553124186559842,-3.220008417734481,-12.084688583272378,4987.075
5930405153493588096,249.0241677812213,-54.897611096632446,14.636475,0.93403816,0.5161183177054957,-1.407537467093449,-4.101377968033237,7246.3584
5930217510602193024,249.10624420161824,-54.89653474331309,14.637326,1.5815048,0.5598654273864694,-6.884837800478566,-6.587955672698948,4793.507
5930399655934585216,248.8751385548074,-54.94963689495441,14.638036,1.4448738,0.7243043779787581,5.984491004833653,-2.6315862815083877,5270.9023
5930407867912620672,249.12467835649616,-54.7419237493969,14.640062,1.180687,1.4589697272009616,-10.109924275740301,-17.287961339737777,5166.3
5930400995964236160,248.70906483469957,-54.96454726818439,14.640574,2.6143713,0.10111705789933767,-3.8193401716061914,-5.611696425695406,
5930399892096406144,248.84595221708543,-54.91967956186823,14.643227,1.3544903,0.8180033899639562,-1.9200108181118378,-0.7217242040117801,5307.608
5930404431938427648,248.69302079860918,-54.802217972225506,14.651534,1.8721333,0.23017056501174069,-1.2798228878737814,-3.128177032786913,4591.725
5930406940199724672,248.97066561622574,-54.774177264149436,14.653823,1.4531908,0.5517166542413854,0.8776294761370264,-3.650797475961032,
5930414563704769792,248.61105925208338,-54.83064938736671,14.655606,1.0979958,0.6422077910425021,2.4935939673499035,-1.264863667057513,6799.8716
5930405737608791680,249.04424978884947,-54.832890763379964,14.658385,1.9085407,0.1953140207115058,-2.2068773650608593,-5.197707977142452,4565.809
5930408142790560512,249.0911336715529,-54.72890303859071,14.660545,1.0993385,0.7755257564686346,0.5811590229089354,-5.489264506243394,5498.719
5930396769716369152,248.867647283343,-55.03135725758804,14.66345,1.7476759,0.3849326794848333,-2.3431479571807508,-7.035726729147813,4677.437
5930403744743626880,248.8002314261858,-54.82249617748186,14.669827,1.6243353,0.40171281893480176,-0.6873161014219009,-3.331471102787212,5378.0156
5930216484158906368,249.18413984019162,-54.936898027616685,14.670996,1.0242138,0.4172515228482353,-2.350786621346198,-4.901302542038871,6552.661
5930403916542351616,248.77433504345942,-54.79221245633977,14.671091,2.168994,0.07340127909975173,-1.7269474607974882,-4.00664421944812,4661.1724
5930404122700751872,248.7245434358815,-54.828745316797445,14.673958,2.35464,0.07097295513819363,-4.204561731752297,-5.644865790081645,
5930402370353804672,248.68781588440518,-54.8939068776528,14.676902,1.183281,0.45457891710770165,-2.352070464649249,-1.043697283248768,6528.5176
5930216930835527040,249.2195758160462,-54.90578422335051,14.678124,2.0877857,0.15189294782804824,-3.8575710506959835,-4.953430967319737,4619.0073
5930402301634348800,248.61372630035365,-54.882499061064486,14.678842,1.7539921,0.26993061421062486,-0.711077881440753,-7.5600877160450075,4845.3604
5930409311021778688,248.97736037313803,-54.66072359842898,14.679669,2.0163326,0.16812886176787603,-2.104706377425913,-2.839632058587161,
5930403160628016768,248.74832755558612,-54.87416542680377,14.679887,1.8387766,0.2921270280886597,-3.653713115393091,-5.0210479411470565,
5930398796941101312,248.9354616286846,-54.96661129520664,14.68077,1.8492098,0.25329481261211156,1.8899607059309003,-1.2251893580425819,
5930403912185919616,248.78260165535508,-54.798464505917785,14.680782,1.2480459,1.9763994006274213,3.5494184112652665,-16.05350168710082,4940.904
5930406562242881280,248.87725688423882,-54.81104978951139,14.6853695,1.8400078,0.2204054664505443,-3.798125910987731,-4.06001354942692,4712.5986
5930398728221639424,248.9791556074125,-54.94544769279047,14.687293,1.9839916,0.035735926524947656,-3.3301415547737414,-7.445101069323417,5830.641
5930411063368667648,248.7203559257708,-54.70930066814192,14.691279,1.756568,0.4993178691223301,0.10788793239727723,-6.635477275500275,4773.85
5930401030323982464,248.67689222187371,-54.95969565648028,14.693125,1.0582552,0.7754460645140665,-1.438278972624058,-4.206650596730228,
5930405187852962432,249.0165537912664,-54.87212407880117,14.694249,1.0810041,0.8980107155901601,2.0621446393455702,-2.606771069369357,5621.7524
5930210402489054592,249.14602584586956,-54.98837287389469,14.69748,1.5744066,0.3048957495697978,-1.4000070156229407,-2.0213407471616525,4955.4316
5930217343152416384,249.09499605882638,-54.93632470587492,14.699121,1.1616173,0.44544833135893697,-3.3543660146062297,-5.625714903181046,5711.574
5930411956721648512,248.87962899049765,-54.68885936923906,14.700955,1.1446323,0.6630778984744407,-3.6173709990421994,-3.4046273256823163,6451.822
5930404328859194240,248.6419867897122,-54.826888296191626,14.706941,1.1602659,1.4523184504069462,6.697302729893318,-0.48186750947958773,4997.265
5930211497647836288,249.04006624966277,-54.93998073945908,14.707737,1.004777,0.8441350388797363,1.466135297312088,-1.926150833085404,6117.586
5930409993858401920,248.81104070667615,-54.733684940062446,14.707954,1.7108622,0.18417931727105044,-5.442452036279727,-6.1993711451746005,
5930402404713550976,248.65084437387142,-54.89383412071894,14.719452,2.0918322,0.21386115960615368,-4.995612133871634,-4.974301176526328,4667.041
5930407215012528256,248.9274289283957,-54.74511791064178,14.720514,1.741478,0.31182475825532996,-4.296047523864234,-8.724029224238022,5321.1914
5930401442641040000,248.7636528544322,-54.9156329246255,14.720844,1.6041622,0.4207143718802805,1.0226739588894282,-4.411151947918526,4955.0425
5930403847822855040,248.8007076381279,-54.80877091461601,14.729459,1.8387337,0.21260802655561478,-1.97164432182073,-2.2265440580701745,4654.854
5930408039711322624,249.12075534909187,-54.735502335657884,14.729723,1.0603962,0.9367576505140921,-4.278956973279462,-6.854454672669173,5393.5293
5930211295837889664,249.05861173535783,-54.975647415364165,14.733759,1.1545143,1.2286182070457747,-5.259881808095819,-5.9655699539465505,5406.8047
5930220229370568576,249.18208359995134,-54.76109058560489,14.735017,2.0455055,0.10381171150441078,-4.705207844543983,-5.468649524964052,4701.18
5930412089802505984,248.8874250376876,-54.675552263516316,14.73511,1.9821901,0.2385018142697532,-2.6368565731181635,-3.53361403031873,4743.2935
5930431541774494976,249.13422403734012,-54.70653606927889,14.73686,1.60038,0.3484614821507933,-4.7168998094732135,-3.4790096584279455,5022.3335
5930407554318792832,249.05715653287697,-54.78087475046381,14.748609,1.8175726,0.2012069286405581,0.28095577082557965,-6.119962216381731,4672.6323
5930407970991842560,249.12438794017052,-54.73653691267819,14.753469,1.0923195,0.5948877289873017,2.1922398255343385,-4.519153117217142,5795.3877
5930217274432942464,249.13022180141365,-54.9185139483841,14.757757,1.3107548,0.6618211833227144,-7.370901284972623,-8.029034113415701,5094.109
5930404981694268032,248.70428085958417,-54.74545274569077,14.75796,1.8326693,0.2563624667346825,-0.8237847842335728,-2.331227542606422,4718.633
5930404397578736896,248.68754065439384,-54.808057481735545,14.758372,2.1155596,0.025567695159642776,-0.6204385153455207,-1.9358857566489038,
5930399518495688320,248.96525279022023,-54.89228363468622,14.760931,1.2541599,0.8402990143653893,0.7568355746236977,-3.589450409892722,5243.1074
5930414430623308032,248.59208548671486,-54.862887378640686,14.763736,1.6421509,0.4738458735570511,4.118543180450045,0.0526343153113979,4831.8535
5930400274409946496,248.9266829659891,-54.88401761129203,14.764092,1.7986097,0.33071694858569717,-4.70794867115163,-2.4300093236512046,4737.654
5930220229370565760,249.1841055492914,-54.765892042387335,14.764843,1.0752916,0.46947015605315445,-5.170650498930697,-9.296318972505153,6358.0996
5930404672456600832,248.75715237952946,-54.78861986409844,14.76657,1.5479183,0.579581814902712,1.9828523201108244,-0.2751974168187636,5052.8594
5930402748310954624,248.64092980410618,-54.85060307668685,14.768745,1.0867643,,,,
5930398728221625472,248.98986185419773,-54.958653456296986,14.771439,1.1233835,0.4852249277146886,0.2297949822750044,-1.630326879176577,6551.6323
5930398590782655488,248.9640273978725,-54.98091632530588,14.777402,1.6264296,0.5965461822665673,1.088443444809577,-3.434924958427761,4760.9893
5930399140538524416,248.99007383641134,-54.92239308500405,14.779432,1.1274261,1.554952439312026,-3.9558223756687196,-5.954000224834863,5503.6724
5930404363218953856,248.65166240496472,-54.803862023078196,14.789317,2.2103128,0.1190018382812972,-4.113073746512111,-5.620627281310524,
5930409684622010880,248.84719638280305,-54.764923135382496,14.791547,1.9953823,0.14094259189572642,-4.562952791443035,-6.413488333132402,4886.9272
5930399415416469248,248.9447970982035,-54.89880309278795,14.792131,2.01295,0.2219370848883063,-3.2220020607949182,-6.096561402373968,4678.7646
5930407833552855680,249.1285197951939,-54.76540987329941,14.796141,1.8785772,0.2828527984532475,-1.413385229996163,-1.6937685078623264,4511.4775
5930409826418044672,248.79372628409826,-54.78000110436935,14.800145,0.9928551,0.7782307050837524,-5.08805753908325,-5.014682748027994,6358.2812
5930217579321717888,249.08722576837167,-54.88127934796344,14.801241,1.879839,0.21596356002251924,-1.8842249938932523,-1.3471672340453926,4682.5625
5930396700996886272,248.89662779178724,-55.045315706360824,14.804694,1.6891308,0.34387480877407717,-3.634873861040649,-5.963602946482197,4836.394
5928900574901969280,248.6462279373841,-54.9560221533979,14.808154,1.5690384,0.5127173157020721,-2.3271018603884306,-6.24423922666473,5443.479
5930405737608794368,249.0457331454199,-54.82709897184468,14.813189,1.8727474,0.22664025046051123,-2.3753841940522813,-5.191899442136451,4568.261
5930398796941101056,248.95795302363962,-54.96381610390725,14.813814,1.0851583,0.7297961786405972,-5.179166449978323,-6.337113040505801,5682.794
5930216278000436224,249.17960774348933,-54.96847375930879,14.814161,1.6618061,0.2612281677028433,-1.6482737512097236,-3.221654120956983,5368.9033
5930406115565954816,249.0199582827472,-54.795674022556966,14.814886,2.2797356,0.11020883058783605,-4.131417869994603,-3.6926426777695225,
5930403710383883648,248.78750974185257,-54.82835980579338,14.816633,1.2669907,0.5148931262162807,-2.7570928756555793,-12.277974730154671,
5930410616692045952,248.77393853787504,-54.74634032012294,14.821006,1.6202269,0.34022110062922784,-4.497367171865648,-6.522697879366064,4850.0444
5930400686726575488,248.73427003341263,-54.99430401350105,14.8253145,1.0874367,0.7858787520752009,-3.945229348753447,-5.520212204449755,5711.0005
5930217922919160192,249.12194188014638,-54.86217956433854,14.830339,1.2221899,0.5377318991205604,-1.762568007505661,-1.9561516509093293,5733.9243
5930399965172290560,248.8267055915651,-54.90707053742943,14.845319,1.8958511,0.19826272637493664,-3.914549657276268,-6.712512663497648,4930.645
5930411784922954752,248.895205846769,-54.68306386217572,14.853072,1.192563,1.1651390604502943,-7.679932374153796,-13.265824724661725,5003.5103
5930220156302426368,249.14208233768528,-54.76480522698358,14.8546,1.3727026,0.2407774599024738,-4.724359191385534,-3.9141268226222783,5233.0024
5930408623826947712,249.0121569010786,-54.71043551148929,14.85519,1.1666126,0.8903077428711289,-5.459466347863197,-4.829465125248393,5493.735
5930211398917116416,249.0282254455096,-54.95015707942042,14.855419,1.6357088,0.3821300158933398,-0.9277087220906641,-13.572555868656174,4868.392
5930400721086312064,248.75596950101655,-54.98973888584979,14.856969,1.8427782,0.25714296642905243,-3.624897385595686,-3.2994604700878885,4964.6567
5930403057548798976,248.81368619327867,-54.86741734761336,14.857115,1.2717295,0.3956154478841669,-2.984350495780629,-2.435700789011355,5884.2065
5930408280229536128,249.09536919110576,-54.701072142679905,14.857991,1.8479786,0.23693953017274186,-8.259557683831279,-5.806519607079513,5526.8525
5930411956721641984,248.87553675738258,-54.696149680558435,14.861603,1.0213423,0.7528897872410397,-5.671826090148547,-5.933145712389232,6378.489
5930410131298633088,248.87621629312926,-54.737813878703484,14.866648,2.1927204,0.19734165198125048,-3.5980007319024137,-6.845090438680902,4843.9697
5930410376173681024,248.80920016340738,-54.721967196915244,14.869144,1.0851746,0.7471886004359932,-4.635278647801094,-7.436589834646043,5950.7754
5930399415416458240,248.94299671376703,-54.90792606877454,14.869625,1.1727581,0.650698670483573,-3.469634042621768,-3.6117999577158466,5715.031
5930414636781769728,248.57573702114718,-54.81588784484838,14.8747635,1.1958237,0.84848664952341,0.34465914888142324,-6.875441234727318,5765.514
5930407455595724928,249.11711538026245,-54.779872824460824,14.875214,1.837842,0.2258905454410104,-0.5581545682752779,-1.9612640785771132,4577.4644
5930399449776196224,248.99053866850383,-54.9023167164448,14.877955,0.76430607,0.43860080880597285,0.943976635415656,-3.505709435392502,7950.3164
5930405840688005120,249.07082189823953,-54.82330169218708,14.878853,1.8322716,0.16948233353788106,-3.2510544562504706,-6.427752138312652,4690.917
5930210814801537408,248.99928729359883,-55.01135337412264,14.882625,1.0354385,0.4013779423476798,-0.7759341790832088,-1.9768115100491868,6917.769
5930217888559394304,249.10530487361257,-54.87105278340704,14.888774,1.6922636,0.3230350183465685,-7.6838503377530305,-5.233988510126409,4748.9707
5930401339561820288,248.7515465661475,-54.921040457882185,14.893216,2.0131655,0.06362681491853049,-5.410165434239036,-6.048208215578661,5253.4453
5930217068244614784,249.1372567452096,-54.94786054099675,14.893423,1.0378246,0.33936372948226784,-5.066823281965837,-5.612327864294347,5873.256
5930401099043450496,248.7198699014164,-54.960032499003766,14.893659,1.0484762,0.4492666336331186,-2.8641252202904766,-5.328105381385558,
5930407111998446080,248.9143985157592,-54.767585820967575,14.89418,1.7431717,0.2312780160799272,-2.7101263105030755,-4.2842016978142174,4869.793
5930402026756426880,248.63985111706106,-54.90388235562771,14.894653,1.7204971,0.4175995520238506,-1.411116120208894,-4.158574084417726,4656.9624
5930408555107453696,249.0185836899168,-54.724689817599085,14.895626,2.5515423,0.022606151315433788,-3.71118961082457,-4.249198351195357,5170.1753
5930404294499454208,248.67474447806993,-54.82400543290244,14.897976,1.9595728,0.08549259594394587,-0.5882534055622854,-1.922347311357381,6090.7573
5930218133426498432,249.11963530974725,-54.837341765249555,14.907054,1.1343718,0.6676796140319403,-1.5625039571309807,-6.098538714945282,6223.1484
5930219267297918592,249.18076141329612,-54.85395771058154,14.909475,1.1040926,0.7549337599444736,-2.864374139928517,-4.137343298191122,5760.9453
5930409620195284224,248.87369361996952,-54.78281120897196,14.910308,1.213522,1.130745452433159,-5.444492872886494,-0.10326658368768069,5621.6846
5930219851413406080,249.2184463516449,-54.80249493710457,14.915033,1.023593,0.6546758142218446,-2.3029068415263123,-4.936605111428828,6626.8945
5930410444893145216,248.8519869544379,-54.716366376211695,14.917913,2.168273,8.05749221210997,48.75334041424961,-42.33384630671784,3724.3247
5930217308792694272,249.14279724705756,-54.90404874900093,14.918473,1.7193565,0.3129228735227447,-2.1318663108900555,-4.078966702489293,4892.3633
5930220229370571136,249.17582847599974,-54.75877140129065,14.918774,1.8480349,0.10688231947053842,-0.6044346381958756,-3.267091299952202,5205.4136
5930217068274462592,249.13212811766428,-54.95655805357449,14.919117,1.1458979,0.4252454679491034,-2.1927939362340094,-3.869563404701295,6192.127
5930216960846400768,249.22927270809967,-54.88774867479872,14.919957,0.99954987,0.7119055191309006,-2.873282930828087,-5.1783854422196764,6360.7563
5930405703249043200,249.04435288446788,-54.84751928448682,14.920166,0.8141451,0.377762512992546,-6.144517512760048,-6.81998426539468,8294.566
5930217583670649344,249.08652214228852,-54.885051360470555,14.922196,1.8811598,0.207297337549658,-4.202588107785832,-5.936127373772522,4819.86
5930399930812524416,248.8314494098791,-54.92707748293943,14.923178,1.7498999,0.2737307016942195,-5.354400433901667,-5.2129689302755535,5092.7607
5930408142790557440,249.0913441090604,-54.732476407305015,14.923931,1.3088531,0.51254777769016,-3.709381487043477,-5.351246219321437,5920.585
5930409207942522880,248.99042634856363,-54.69691977925964,14.927186,1.0766134,1.1325630002562694,-9.578428503681128,-17.93768818891954,5131.028
5930410612334961408,248.77549869500632,-54.749804791953814,14.929716,2.0606146,0.1346378040453946,-0.7829128523910862,-0.8378830362449321,
5930219336017317888,249.1530108273222,-54.84648334347571,14.930025,1.1042652,0.5684904161931672,-5.373179489018618,-8.11086982508237,6424.427
5930406768400997120,248.98988393824064,-54.79789953949077,14.930296,1.9604368,0.22800347907003668,-3.697150435226022,-3.423339007462008,4623.5356
5930407696113927552,249.07503690724266,-54.765461666955574,14.931484,1.189004,1.231598928194274,-11.685476756807615,-20.158878173111674,5153.787
5930416212972279680,248.64219632469076,-54.78130653496889,14.934375,2.1924553,0.09050994476757056,-5.183195581105974,-4.1906347795555146,4583.4414
5930410273094432000,248.88580910855205,-54.72146677325342,14.935605,1.1791544,0.8224788177036002,-13.10293453726822,-23.263549374441737,5376.389
5930210780441799168,249.0337626762974,-55.006908144084015,14.936273,1.7858849,0.1796194821998159,-2.5296196346252904,-2.189635310328498,
5930401030323981568,248.68009953339572,-54.95952887357064,14.942404,1.7167873,-0.4199147908289248,-1.1796805016941256,0.22323775192490333,4740.9033
5930219954492640512,249.2219018964162,-54.78205780613151,14.943991,1.9373837,0.21444355094371798,-1.408684054615194,-4.077929437488298,4820.982
5930402817030432896,248.6305048628496,-54.84749708323253,14.9473715,1.8381891,0.31949651425035686,-1.6470023009200718,-4.70525994497742,4613.348
5930411819282673536,248.9215878343474,-54.69190164026099,14.956772,1.0241842,0.7757557086198392,4.087755748462013,0.08592769479900367,5903.925
5930410170015205760,248.89475906997544,-54.730618078982815,14.95784,0.9916792,0.7951933029697815,-0.7052200282255459,-6.356396601624224,5658.81
5930407215077671808,248.92762563941244,-54.75052656523425,14.958844,1.0553141,0.9790936427197588,-3.8904547413007196,-11.068415665125253,5292.809
5930218438315197696,249.23005247845495,-54.87277081361601,14.959068,2.0696707,0.10958672288144539,-4.2384460778837045,-4.967075030227199,4576.0474
5930400308769706880,248.93288208430775,-54.86845979413405,14.959277,2.6150503,0.04806220414638393,-3.791786875062974,-4.876472096966639,
5930410788490748032,248.76798989640588,-54.727915799580735,14.961883,1.0626402,1.0659634317122828,-0.9747059244698405,-2.9317866651799407,5726.0664
5930412094160624128,248.87984762374128,-54.66356885578937,14.965105,1.2657194,0.6077187553454119,-3.1293686065402526,-3.1782995130873943,5338.484
5930219336017318016,249.16015536157818,-54.84323624066899,14.965252,2.177043,0.0499216279420326,-6.93903197364984,-5.091469997092115,
5930409345381503872,248.99829183082142,-54.66454685786022,14.966529,1.0840349,0.6424115316412239,-0.609168665700026,-4.889125909431104,5862.1973
5930408997427286016,249.01777775158726,-54.70042787280034,14.966935,2.1121054,0.048343815688721196,-3.6123229156619763,-6.155295252508431,6076.0728
5930402640875325568,248.64250592167866,-54.865403984822834,14.968198,1.1117163,0.37109037835200387,-0.344970039673852,-1.5259040787455436,6587.4087
5930403087552109312,248.78795708904917,-54.87296798105116,14.968614,1.7337341,-0.08427262213098174,-3.6845928557604757,-6.761176911312896,5435.8076
5930399415416451456,248.95710048535716,-54.90965300522764,14.969604,1.953373,0.1472105963510072,-1.0082109847800411,-5.565023756204143,4501.4336
5930219507816036352,249.1752983015804,-54.80942365957282,14.973466,1.6447372,0.32487172311608553,2.838795965524233,-4.981860608459635,5145.8516
5930409551540128128,248.83215575422466,-54.79751948787619,14.9794235,1.8300877,0.2327186274952074,-1.233922550265469,-4.512580849656097,5127.5474
5930406630962075648,248.92311059576772,-54.80064018173597,14.981073,2.0525732,0.1258139360316181,-4.6329895210161105,-5.251927148036516,4574.598
5930218648822506880,249.2310417312821,-54.84911396361285,14.983366,1.8526821,0.22624156537871162,-1.8564262858997016,-2.4283648859672313,4826.034
5930400171330725888,248.93142264626474,-54.889252838127476,14.987199,1.8462219,0.21923021256446504,-4.031474023059975,-1.1141111592382589,5149.429
5930219095499150592,249.24523596279383,-54.803532320204845,14.991943,1.1517887,0.5620134563107816,-1.5008217231190872,-3.183828572481079,6288.586
5928899715908459264,248.6904214846369,-55.00749185672933,14.995448,2.2226887,0.026056269222322376,-4.848184473908426,-2.7916095526433913,5249.069
5930400446208670848,248.8767499738122,-54.86843193940214,14.997166,1.8277464,0.23103558197176033,-3.142172803449097,-1.1916410638691333,5052.679
5930409242302274560,249.00050378450823,-54.678826582972434,14.997542,2.1652603,0.09088685711018903,-5.605764429410735,-3.5292178146375495,4911.3
5930402954469551488,248.77638258290327,-54.89619267729163,14.99807,2.3260946,0.14060607301757122,-4.644988663914494,-5.883519134260935,
5930406115565953024,249.01558263568293,-54.799361231529986,14.99867,1.2309484,0.8825208377036551,-7.10014582630642,-8.486711648688049,5401.079
5930402335994064000,248.68705976073682,-54.901057963259184,15.002443,2.1872082,0.08655451522194486,-4.028826781618377,-4.432815205815417,4408.83
5930399381056702080,248.95030585856756,-54.9204238914227,15.007686,1.9291191,0.12560763186267354,-3.7538683568769864,-3.794308135976158,5246.8335
5930218648822506240,249.228451805511,-54.8510286042662,15.011677,1.8054743,0.13516865588333016,-4.511991019045279,-4.819671119900005,4684.249
5930397182033362944,248.89903628236476,-55.01535458301374,15.014658,1.1946192,0.5076248688518923,-0.03243477530844818,-0.1972882045824197,5829.134
5930406321724367872,248.96957262823625,-54.83588850527422,15.015259,1.7978067,0.15930954588910684,0.6384336351485569,-5.742172988071048,5153.637
5930220195010837248,249.15623097575468,-54.75562723691044,15.023468,1.1043415,0.5070389981047669,0.403245098407149,1.3595218151011177,7094.618
5930402748310950144,248.65154175282618,-54.860765670704104,15.02417,1.0139551,0.21600182167787,-2.3849495984418776,-7.423425080500686,9775.549
5930217411872042880,249.0506403490087,-54.917278340537194,15.028215,1.190052,0.5067912047481576,-6.995835609083226,-4.273547785468732,5640.3315
5930218133426500352,249.11390898656728,-54.83778307167031,15.028657,2.0216255,0.09980484887493818,-3.853853862749248,-8.308435527369724,4648.309
5930416281690499072,248.61665303076026,-54.77918181906938,15.028801,1.603137,0.649866790836857,-1.1582794621587242,-4.318926650319656,4809.042
5930411888002180864,248.8974122282712,-54.67138166041073,15.030301,1.6847591,0.38954877838709473,-2.7701531916952176,-2.2500402292060553,4772.105
5930210780441787392,249.04384564719194,-55.02073284453872,15.033075,1.8484392,0.22779204621044333,-4.338838757469138,-5.098610448821555,4581.6504
5930409482820724608,248.8595063334805,-54.803382395826,15.033271,1.8636122,0.15668103668927266,-1.3097920489210402,-6.290949401512556,5155.1455
5930407455595730432,249.1204274559023,-54.77230868020401,15.033308,1.1582003,1.1313660135687884,-9.324904896158186,-8.328562522256657,5060.763
5930399724654090624,248.90774168187812,-54.92145922068955,15.034491,2.8544722,0.002685846183399815,-3.0047938440509365,-4.055607761837434,
5930410066935969920,248.89706851980668,-54.75156148088451,15.034609,1.0753393,0.6134215555200755,-2.1196408783817935,-5.554551593616999,6909.279
5930412776999145344,248.8121550933876,-54.665816987330125,15.035045,2.5083046,0.053623265862811784,-4.638478181616607,-6.658610787413737,
5930219817053674880,249.20490289640318,-54.80284597591803,15.035092,1.1351624,0.9015596671337662,-2.1644580483030986,-6.217097695691904,5186.4985
5930399003099565440,248.93829861846123,-54.93304258998002,15.0358095,1.293211,0.8091769740095514,-1.6649351953937308,-1.5282314774145382,5954.965
5930404672456601088,248.75435731266444,-54.78874162427988,15.038922,1.8396196,0.18381811737192044,-3.4499981098993517,-6.017040663524599,4584.398
5930408726906177024,248.94847139300626,-54.725886626208975,15.039833,1.0659313,0.9208467577520689,-3.4558783236157637,-1.5741798576650496,5538.4097
5930411166447675904,248.81169110570508,-54.70703762408629,15.0418215,1.8024273,0.23571543211405,-3.5365035830524416,-5.913259446257159,5013.216
5930402232914861824,248.627199131069,-54.89782258051737,15.042326,1.2720528,1.4995604726542016,6.896699727406142,8.842138489348379,5217.759
5930211398917112832,249.05046197318126,-54.95932041889272,15.0425005,1.8872089,0.19394468142065044,-2.004076738172101,-1.611929116211535,4633.2544
5930411991081391616,248.88038731002564,-54.68236948051527,15.044624,1.9503717,0.11438877977369137,-3.162344880373934,-9.097076804341672,6093.58
5930407696113944576,249.0634394167236,-54.75649415897696,15.044696,2.2235346,0.062318243412295825,-5.290888302113192,-5.422263734614435,4829.9146
5930406940199724416,248.9650604470135,-54.77750789696901,15.04481,2.163845,0.11373358377453491,-3.9378396209173046,-4.960176515880006,4607.689
5930396937158673152,248.93617220655705,-55.021231251990386,15.044832,1.6848955,0.318007905804102,-4.622148478334646,-4.292202284421411,4811.4214
5930414464983059968,248.595710291197,-54.83911997050026,15.04745,1.8730459,0.16587218070601176,-1.5204907374895809,-2.883056139163769,5257.1035
5930401477000793472,248.77326828769225,-54.90204476859432,15.048369,2.1223545,0.08435719215791815,-5.935611880033804,-5.119239262516077,5115.2188
5930402439073297024,248.65885288042125,-54.8742548948856,15.049598,1.8038025,-1.3899291162910983,-5.6012199468098665,-3.9098439692954283,
5930396735356627072,248.89115111615425,-55.03646048163936,15.050177,2.3514786,0.09348561115316191,-6.989065314217509,-6.263895285458955,4668.4917
5930220057571873408,249.20356681304034,-54.757527669689594,15.052026,1.7038422,0.13228478816184625,-1.3378734887070103,-2.3559314329636902,5068.434
5930409551540130176,248.8277091610694,-54.79253559478996,15.05257,1.9262962,0.25667510529878707,-1.0747654961033268,-3.2975739546714404,4601.723
5930410582332298240,248.77348331807022,-54.76357303128473,15.053749,1.9574509,0.1763485395367435,-2.565600011365567,-3.397569001883519,
5930218614462767104,249.25302578392726,-54.8405542692935,15.054136,1.7606735,0.21722179203765238,-4.538490218303241,-5.858055756335934,4867.2964
5930402267274612608,248.59082647976345,-54.888269929938474,15.061338,2.1138506,0.1456236098302056,-4.6258390463167025,-6.5858487698811565,5071.919
5930396838435964800,248.9593302636154,-55.043851763148496,15.063384,1.2013836,0.5651871666063837,0.3846149195849895,-4.050594713560854,5541.8555
5930411780564850688,248.89909018933812,-54.68372552151202,15.065406,1.048852,1.0046934357171697,-1.377793972085458,-2.443416438841979,5742.997
5930218030347260928,249.1217079094943,-54.859025575515794,15.068096,1.202568,0.9505862514098102,-3.8629824038466243,-5.169602419509801,5702.548
5930402851390443520,248.63862544965534,-54.827719431292124,15.068221,1.1439428,0.7697495246930497,-0.47266339744512453,-0.6346989016765,5772.621
5930209887088660096,249.1165471447548,-55.01644304638241,15.068916,1.6600866,0.15293203000338404,-1.5232151186040084,-6.418901398663797,5163.1724
5930400721086312320,248.76033880085686,-54.98766171114747,15.0691595,1.9674559,0.248372245743832,-6.124511732579752,-9.177328875556439,4672.376
5930399621574847360,248.8994950895494,-54.94615405062708,15.069188,1.6652727,0.3672738910374854,-6.6670065734906,-4.201102730733462,4925.0264
5930403160627997696,248.762742009809,-54.885275340838156,15.072969,1.5024519,0.5863858144192319,1.1606425000590597,-0.8410695630925429,5020.594
5930410307454170752,248.83811791278998,-54.742218869970095,15.076462,1.0718107,0.35321214720618116,-3.6186384660892568,-4.960727681008758,6673.6836
5930404088341012992,248.68541229921354,-54.83445924610254,15.07693,1.1256094,0.7666233242016863,1.4971028906524122,-2.6543129780601955,5861.152
5930217240043460608,249.15069563394974,-54.91222920867946,15.07939,1.9479389,0.21185801921268507,-5.122272940243983,-7.488839108961097,4647.2754
5930403224991059968,248.7380882820463,-54.875955732421275,15.079921,1.6364775,0.5817081579823751,-4.513204606118228,-11.751507671585044,4799.5654
5930401099043455488,248.71072075761845,-54.952888377250055,15.080005,2.3881397,0.08078201558868346,-5.346492639871806,-6.491540873649967,4697.7437
5930408177150326272,249.04746536628267,-54.71580339648829,15.080037,1.2033768,0.8273891535639095,-0.7851941265692811,-5.846551097444069,5643.1997
5930398522063167872,248.98206069389929,-54.99092807883503,15.080639,1.9381838,0.19558479366291112,-0.19599522578165723,0.5055760160495457,4600.47
5930404225779991552,248.7048308260744,-54.80544723607976,15.080904,1.0677967,0.5612479624060133,-2.9646746333201395,-1.7081241794230086,5886.4873
5930402301634355200,248.6002976311915,-54.8707204979902,15.081106,1.1899328,0.5100953311549611,-1.914767753109106,-5.403508435177622,6521.085
5930407382519503360,249.0887783718583,-54.78989228797402,15.082923,1.0887451,0.4979560565155327,-0.9782537899011715,-4.271685510507066,5955.2495
5930398900020327552,248.94479010856122,-54.95388284093887,15.083771,1.1623564,0.39676208956081865,-1.9090556983920917,-1.982229683020547,6365.748
5930406253005225472,248.929387018781,-54.84195490034678,15.085459,0.92282104,0.23602777123832705,-0.7149978478936568,-2.4095482900634138,7786.0444
5930404672456601600,248.74794878936083,-54.78887672589517,15.085643,1.8967228,0.21479642023731388,-5.01246519361475,-4.328784370471533,4754.817
5930220263730314496,249.17876830810897,-54.743325689750996,15.086112,1.0509157,0.5088699503890167,-4.7458087434352585,-6.754222209165114,7279.436
5930217618030319232,249.17300143668095,-54.90531960472518,15.087212,1.8223143,0.21659297446354614,-6.604934329826742,-7.098226029632448,4796.1284
5930408555107460608,249.0226866913822,-54.71590532102369,15.087486,1.992835,0.137686891244307,-4.287745722374721,-1.8167377178924748,5033.4766
5930210299405463296,249.12285721046015,-54.99405873952858,15.091289,1.271411,1.5374494171944766,2.068087185323978,-0.036097443770291254,5439.1357
5930408108430819968,249.07459304670732,-54.73899420743013,15.091457,1.9195948,0.22015542477923494,-3.278937455429171,-0.5160214682391842,4594.312
5930406111209160576,249.01995312331732,-54.80681421522785,15.092024,1.9285984,0.2519684239039807,-5.312866712027023,-6.560666830535014,4585.825
5930217102634223488,249.13578556389308,-54.9392098278618,15.092083,2.5788212,0.016235796928195493,-3.784851978235209,-4.967874127767381,
5930219851413408000,249.22673843874983,-54.796836980619005,15.093467,1.3149586,0.6501543000959598,-7.596413532090152,-4.514109746939987,5135.8325
5930210608643091456,249.08241448014033,-55.01960171018547,15.094491,1.5904942,0.6369760016114635,-11.245873201726802,-9.778842116773664,
5930211261478198912,249.09081626315526,-54.95024173248773,15.094701,1.1491394,0.43674437279608586,-1.5055436265737245,-4.8539765929680465,6467.4854
5930403882182597376,248.80527968922692,-54.80409888411496,15.095951,1.8783369,0.17052515357304554,-1.1817449015120736,-4.824953785403531,5032.2856
5930399720297710464,248.9005175636665,-54.928216719088866,15.097535,2.1549063,0.06749194959093477,-3.232306942602022,-6.455203211855794,4686.567
5930402301634349568,248.6069776831471,-54.88463945595229,15.100926,2.1549425,0.10265012090124931,-6.125928358232937,-1.5017957048474144,5003.5264
5930405840688018816,249.0491283644532,-54.81262190111205,15.10134,1.7534733,0.26866395939230675,-1.6557352716364506,-2.180961264080642,4716.074
5930408005351593472,249.1390443743307,-54.72138812806134,15.102431,1.3694448,0.5873772063969228,-0.962676584140508,-5.208279551376745,5063.6978
5930405252215622912,249.06907026076254,-54.874565120062435,15.10426,1.124093,1.0097904213409867,6.650238344807454,-1.2525092200057206,5303.3203
5930399926456150528,248.8137233153777,-54.90974603692132,15.10585,1.3071795,1.1173916345979031,-10.926412742959055,-8.500782516601108,4870.56
5930410479252905344,248.8569470907913,-54.69144198272053,15.105872,4.1594677,-0.01571093849744434,-3.629433339187668,-5.625987215399062,
5930401889317458304,248.6480411271334,-54.93356473064816,15.111475,1.3616858,0.42012250929636463,0.9617131244196557,-2.1455119130834266,6697.9634
5930407524249814784,249.08930860223288,-54.75528206773426,15.112015,1.1885653,1.325830015291815,1.1594630206854344,-12.25896719963748,5449.432
5930406665322099200,248.89670823714962,-54.7990341701708,15.113837,0.92184067,0.43992368631001083,-2.3680434893423663,-9.702091554854025,6737.135
5930406253005224576,248.91754356228412,-54.846024698850094,15.114503,1.2605944,0.46135510784168365,0.30228988527402134,-2.8970067017854597,6343.488
5930402129835646208,248.59050460918087,-54.91566744239497,15.114797,1.8908834,0.2966852194842859,-3.1649549446630125,-0.9192472587520979,4650.2715
5930401511360321664,248.72671223191676,-54.93399574127093,15.116168,2.0265522,0.1735277446184346,-2.543357549048631,-4.185907038376373,4634.814
5930404839898897152,248.7067415912268,-54.76964459316615,15.116191,1.1701679,0.8614642264152637,3.644391626641148,-11.783608161841682,5816.191
5930216415409481984,249.1970384889166,-54.93868208068174,15.1169,1.1103039,0.824370029443761,-3.839800860426136,-4.191336401003606,5549.491
5930210539928001920,249.05363103904455,-55.03218866052749,15.117811,1.1724148,,,,
5930398728221636864,248.98369840491918,-54.94767628101539,15.12024,1.8356676,0.1802559483807189,-5.131417625493105,-7.207761988629763,4540.3716
5930403809106684032,248.78110405984978,-54.81229151663818,15.120609,1.7346401,0.3180009441113923,-2.88746474808097,-8.97804298817751,5050.857
5930219954492640000,249.2258960200483,-54.78073172539988,15.121623,1.3691292,0.5312745243162265,0.20881212802195215,-2.9641950453511265,5139.457
5930409272303952640,248.9652705453967,-54.68097031664923,15.122623,1.1258249,0.9891986576150704,0.5626498365538858,-2.2819590102892837,
5930405909407496704,249.0134486485522,-54.82816229864276,15.123057,1.7725096,0.12287089498770383,-6.755530825180969,-4.470993345354121,4979.041
5930219061139406208,249.2261020815813,-54.81752918905273,15.126719,1.686099,0.25627057845703755,-0.902067341136118,-5.546312712218948,5318.07
5930217927268038656,249.12386378495572,-54.86440959454299,15.130858,2.2099686,0.15050569630086164,-2.349380574134589,-5.396094071115683,4572.5566
5930408177150316288,249.05036567517053,-54.72781314182524,15.131187,1.1049032,0.41753941296885727,-3.1428806870954014,-4.777376740308535,6665.262
5930211261478198784,249.0928038228533,-54.95253097570625,15.133396,1.3295622,0.5658456346131592,-4.254848915297503,-5.867352320725447,5243.0527
5930409547183004288,248.83859267071614,-54.80201899532826,15.136076,1.8590565,0.2270280256663587,-3.665203272974778,-5.781547980299175,
5930401270842321536,248.77457506442116,-54.93403727975394,15.136956,2.1166773,0.20106635105699916,-5.550848948604568,-6.95815344264536,4549.261
5930219061139393792,249.24262498986175,-54.82078909961604,15.139664,1.9639053,0.1413399302572547,-3.874132580633292,-2.285861130931302,4751.3047
5930217648041146368,249.17597447013645,-54.89521934186501,15.141084,1.6125088,0.2986924232733477,-9.23181930669292,0.4198616668871219,5233.824
5930403706048408960,248.78951233520584,-54.832295639263556,15.145793,1.2651167,0.5890742799996093,-4.101146032263507,-6.663704584515038,6093.4165
5930209302973020928,248.99753998281372,-55.04624192339604,15.147504,1.108984,1.1136221930899917,-7.612098987641355,-12.670433833516604,5284.331
5930405703249048832,249.03345601440762,-54.84499879761527,15.147543,1.1042995,0.5259281194016467,-0.704026934295751,-0.157441225619972,6550.4165
5930404019621521152,248.70573915014938,-54.84441431906756,15.148049,1.2013168,1.038830098338639,-8.309628054713123,-8.655123572367291,5473.589
5930406356084116864,248.9722862249192,-54.82143974519724,15.151574,1.7922106,0.15637133275816742,-3.8314076943858772,-7.0059397304383655,
5930404981694266112,248.7107409357516,-54.75289892431657,15.151989,1.8480425,0.20726144502833577,-4.439220820647567,-6.429551243125038,4685.7744
5930414464983052544,248.6080589718484,-54.84590063183752,15.152094,2.0808182,0.12467796408131533,-2.468349121697872,-5.980727514986042,4656.538
5930405119133474048,249.05087129259212,-54.90230721826716,15.152753,1.9047117,0.16786421260235718,-5.8315201781858335,-5.727423499683438,4516.4287
5930408933064582272,249.02520654015063,-54.71519253137863,15.152772,1.2856169,0.577356991208323,-1.2617866320000892,-8.31048668653971,5597.7993
5930399827733334144,248.87917267258956,-54.90235588750576,15.153213,2.7685184,0.09202459268409144,-4.504051479759236,-5.376681440763724,
5930409585899869696,248.84323581310397,-54.78681624233224,15.154593,2.4704266,7.499835912768012,-57.535139338113616,-80.79098434945541,3560.442
5930409723338586624,248.8649188430625,-54.765566352071254,15.155421,2.0610342,0.08586785164346028,-3.1296949607723734,-6.7384401627904955,
5930400308769698944,248.94720965042563,-54.87269776845679,15.155674,1.1561193,0.5012274943617405,-3.0746916963625734,-5.98143642523907,5599.874
5930216930835523456,249.23045438107687,-54.903311067518025,15.156313,1.0585222,1.0825360823810273,3.618472564923969,-3.375007413904338,5644.476
5930410307454168576,248.8429011301168,-54.7428102032861,15.156413,1.8220768,0.210860876285201,-1.255552793866322,-4.867584307351088,5217.16
5930398693861882752,248.98433069982565,-54.964068177135154,15.158903,1.0509825,0.7841902745279979,5.280787731437689,-2.582034724036265,5720.568
5930403504225424384,248.80176415838466,-54.84791907959623,15.159496,2.287589,0.09102076068226556,-3.856586624906027,-3.4942583571931243,4595.182
5930218683182257280,249.23011684511985,-54.83884901968308,15.164058,1.1887875,1.0903343510276353,-3.9249156445822586,-13.845703865929899,5079.3394
5930401025967576832,248.67243427013204,-54.9605480616685,15.165302,1.1783524,0.7203860254920372,-3.81757537902572,-9.86553959789536,5928.0586
5930412231599778304,248.9324843862496,-54.66491854958791,15.168551,1.2857647,0.7690481233192276,-0.5786153753488915,-5.017288551916968,5592.448
5930405634529559168,249.05730497030532,-54.8585831280896,15.171105,1.963378,0.24553235928761352,-2.6336612556582137,-4.274825040979416,4547.4883
5928900643621450112,248.630279522739,-54.95525532218525,15.172903,3.127081,0.03940383190157084,-3.2549126996731497,-3.772918037534916,
5930400480568409856,248.8551279926869,-54.87087337928007,15.17673,1.7383394,0.1646675926544484,-8.23847368521859,-3.2901880312173697,5095.001
5930399277977495936,249.00974610065197,-54.90447000295421,15.182271,1.0675316,0.4281175298779144,-0.4738534939963792,-1.2753062076253854,6657.5757
5930408658186674816,248.96087512702687,-54.74438835668658,15.182315,1.8962793,0.18917425908231128,-4.311113576197138,-4.414064230240145,4650.9688
5930218133426504064,249.1205424368013,-54.830558672706736,15.188397,1.0774765,0.9472709903705928,-0.8245529676414503,-5.432139670428304,5474.569
5930411132087931776,248.79859330494537,-54.71949478262798,15.190076,2.191782,0.061245662165863184,-3.228840536349036,-3.619345015093498,4645.697
5930405153493220224,249.01159612921796,-54.88330518147213,15.190807,1.9161148,0.2029523028914038,-4.290930253346596,-2.6702386708839674,4677.7397
5930401339561814784,248.7491910604443,-54.926383390278325,15.190919,2.4440813,0.08430955562096576,-2.9998215255366274,-5.3797425896631665,4976.117
5930408142790565632,249.0829087910239,-54.72723116790699,15.191983,2.4159975,0.0761518479363834,-3.09211236780465,-4.761671404160875,4405.2056
5930399312337218688,248.95559091840784,-54.92463302593577,15.192375,1.9651175,0.15664800888838248,-3.000545494632083,-6.82577962255002,4566.2705
5930410509254520448,248.8225746745999,-54.69276011929155,15.196908,1.6761761,0.1792559362598456,-8.694734245804737,-7.621007443369978,5326.037
5930397628709842560,248.83393628975327,-55.00042821857036,15.201781,2.1645212,0.0908514500440546,-3.0765371995949935,-4.580838678914095,4965.9023
5930409517180390016,248.86888568698956,-54.79204635333744,15.209731,1.8014164,0.13814202323544023,-3.99547336090019,-3.538114197259448,5085.19
5930402473433260288,248.69053159967444,-54.87131772659342,15.215791,1.6156597,0.3853015317795643,3.4431415556912426,-5.274020627481084,5121.4453
5930409895073252096,248.83158119584783,-54.75911555553982,15.220642,1.0721693,0.6437326463369943,-1.5920653037068297,-3.0910718478511092,5998.008
5930409620259608960,248.86886143822346,-54.780756390974695,15.2217865,1.8873901,0.15353198133595483,-1.6789248385630744,-1.3253971704201772,5765.337
5930404942976850048,248.6985948956572,-54.75230974180793,15.22435,1.6173038,0.30853566268150723,-2.3113559282989375,-2.9877462162347386,5023.423
5930396700996888064,248.89153469260447,-55.03947854889492,15.224359,1.4786472,0.46036588519142624,-5.118979425805922,-2.6490387110106237,
5930399754657452288,248.91311952682696,-54.92086145389758,15.224652,1.2297201,0.817526473725204,-0.14703191101222568,-3.3218700632787503,5788.965
5930402404713553792,248.6559490940275,-54.885012808454384,15.225315,1.1663008,0.70317613397671,0.6685490543729552,-3.462637584701066,7214.968
5930220229370564864,249.19211319469684,-54.76344737124397,15.226215,1.7355814,0.11116326320120798,-6.134763336179554,-6.229975635324793,4862.657
5930404535017621760,248.7493272254727,-54.81542682338071,15.227378,2.1027317,0.0920813936988947,-2.7959520206759416,-1.6777958672764748,4767.3574
5930411132087941248,248.80174174399198,-54.709460876384874,15.227928,1.2285872,0.42931245149378283,0.33766216144413086,1.2486829337073386,6771.184
5930399071819029120,249.01383085176536,-54.936056684870394,15.229051,1.8738642,0.24384299323815087,-2.953739865420409,-4.646106037680254,4666.547
5930211192758671616,249.12700345853867,-54.97299038131451,15.238336,1.0439749,0.6802050198806695,-0.752555963463107,-3.539278689427655,6624.781
5930405325291920768,249.03135355347976,-54.85349406406158,15.2397585,1.7664499,0.16093218491285888,-3.9440280614667445,-4.520116057785361,4869.3706
5930402370353803136,248.6885093956583,-54.89950462967176,15.240058,2.145465,0.1296108568518139,-3.248357875908803,-3.577646755753057,4543.835
5930408756907845120,248.94080382196626,-54.70749225245614,15.240562,1.107523,0.927758052449345,-0.1612193263708604,-2.1588667056361333,5684.8906
5930401236415114624,248.7782398476354,-54.94742310563888,15.240701,1.8805304,0.13071055211634086,-1.5626237077104879,-4.510816277994266,7423.4443
5930397456911139584,248.82387830141207,-55.042211812631585,15.24117,1.6338701,0.6815325994258139,-2.8825253380687146,-4.432841039548939,
5930402267274607488,248.60487393722104,-54.89173303942105,15.248007,1.6548595,0.44273332413442157,0.6186948187887071,-2.0301226667742034,4857.012
5930407661754210944,249.03754217870278,-54.76501267851836,15.251874,1.8559532,0.13919851637758546,-1.7880723239619807,-3.5739707528687874,
5930396494838451968,248.9142284326434,-55.05507481998659,15.253877,1.1146917,0.6034524213367279,-1.174734298868569,-1.433094359362375,6911.7334
5930211398917112576,249.04696825475492,-54.96014312420087,15.254423,1.7904997,0.42436353959626927,-5.440899151915488,-5.585514228458391,
5930409311021769216,248.9793200126852,-54.66925735335026,15.254505,0.9180145,0.06830477995943593,-4.765081781319223,-5.720584085314573,
5930407421235985152,249.10505922615386,-54.786881551978354,15.254714,1.1660213,0.652898094713451,-12.77114727209889,-15.14024647983047,5649.7837
5930405325291920896,249.0295625158155,-54.85420984213694,15.255234,1.0394201,0.7108635800834375,-1.398979762922888,-0.5679654031850958,6153.772
5930416251689727360,248.6338233866794,-54.76607508437393,15.25682,1.2215214,0.47552447801084863,-3.684055102695504,-6.59899557732033,5307.721
5930403023189043456,248.8022916369104,-54.88104005380503,15.257333,1.9602375,0.24728024182590755,-0.8393902236148869,-3.629466508074909,4852.8994
5930210643002831616,249.1095077407384,-55.014904526259464,15.259269,1.2542238,0.899103998909808,-9.2973190097991,-7.72933544585355,5676.2866
5930408280229542272,249.09638657624484,-54.693906203700564,15.25985,2.413351,0.09256317459691037,-2.8924772591194388,-4.355095925762594,4645.3164
5930407111933314688,248.90787920305777,-54.75402907276926,15.260108,2.0958357,0.038015706148204834,-3.723715886760826,-2.1809704258386766,
5930218545743282048,249.22554174078286,-54.86061856916707,15.260806,1.7959566,0.1165012982689153,-3.060090477562194,-4.25737775028024,5142.169
5930398693861889024,248.97474537359423,-54.95812394068507,15.261277,1.4934521,0.6495302321327148,-1.5101601265368076,-10.128147112684271,4901.9473
5930411132087937664,248.80119629665603,-54.71260974215577,15.261502,1.2654085,0.6857657166913983,3.1488157336317486,-1.8791306315023943,5215.645
5930401339561812864,248.7543736235855,-54.92741759292525,15.262949,1.9807148,0.13786930868874753,-5.036689494864726,-4.263510335724773,4584.662
5930403160628008064,248.76253582097215,-54.8774990319693,15.262986,1.1499319,0.3847423774979061,-2.56002540659854,-4.337437196337329,6824.625
5930406218645141632,248.96612888361275,-54.849282472348506,15.263639,0.94283867,0.39931287594969517,3.1648761126407914,-6.375537584205022,7609.711
5930401545720268288,248.73374932071602,-54.90815752236554,15.265338,1.8704557,0.11768570951122732,-5.342997049760719,-6.7703075338032646,4670.2886
5930401339577849600,248.76641907613558,-54.93461135520552,15.2659,1.1717587,0.6622941932256889,-8.107081649609059,-11.031773843505203,5882.5366
5930210814801538048,249.01401218697936,-55.00826440861487,15.266232,1.9166508,0.07839044663075395,-2.87321742398966,-6.486614681221943,
5930416320409212544,248.61495307600873,-54.75550277357028,15.266904,2.284912,0.12396984086314197,-3.7740607396565693,-4.646293840791898,4612.7686
5930407524315229824,249.0956955795754,-54.76045635154364,15.268221,1.0703602,0.7909880428930082,-0.009061376302082591,-5.595745319322235,5764.267
5930408348949028736,249.0764124786285,-54.6938680514802,15.269143,1.2233839,0.275938152050187,-2.6730917259320526,-4.828010699031616,
5930398448987216512,248.82568711053034,-54.92743230856444,15.271096,1.0452433,0.49683032345987,-1.2848391059224196,-1.1315402533650105,7376.876
5930220023212130688,249.194689991847,-54.769828754550645,15.271389,1.1915636,1.0056602579492697,0.2602968492600106,-7.406886394896539,4923.3936
5930404947334522752,248.70981326160555,-54.76871528530842,15.271977,1.2168274,0.5827946904232556,-5.843150009893087,-5.211228654352707,5215.4907
5930398796941107840,248.94402690394108,-54.95875985495612,15.272248,1.3397684,1.6327632305405086,-5.602364633460038,-11.824679827899814,4992.4937
5930220298090055040,249.1520047854996,-54.742586618096105,15.272363,1.0558262,0.5374285806051634,-4.932740065663477,-8.365488088985614,6391.075
5928900643621452800,248.6307726491587,-54.950661427219416,15.273975,1.5818996,0.5167789827327145,-3.1235606322072043,-7.063500770553539,
5930400102611273728,248.83875843662125,-54.882646212516136,15.274523,1.1671228,0.7138989476699206,-3.468534953335992,-5.879086614209747,6279.9404
5930402645231733888,248.6362761177989,-54.8696536799011,15.277457,1.078866,0.704146353511767,-38.20549189776789,-25.37883017410134,6503.513
5930410096938881920,248.87167793537918,-54.75405962390642,15.278229,1.870203,0.25795295158389026,-2.123287286477641,-6.008628012355261,5228.451
5930216346719949312,249.16113373377382,-54.94957607976933,15.281913,1.350584,0.5218272519650928,1.9901575630161847,-4.902659874229444,
5930405771968524672,249.0698729180493,-54.82957042695669,15.28222,1.1636353,0.46236366732010564,-5.139197693281817,-7.03483237465573,5841.496
5930217274432947200,249.1310413998342,-54.91506866955466,15.28235,1.6080179,0.590463655092073,0.17025941187237192,-11.60724784800537,4909.941
5930400270053552512,248.9284385410409,-54.88491430796174,15.283467,1.9000521,0.1892114519698112,-5.561441484388407,-3.748299367026567,4996.483
5930410135655473408,248.8674215981809,-54.73579806027015,15.286631,1.9086485,0.13297294238234608,-4.171519405427825,-7.864409886541502,5227.1714
5930401202122685952,248.6879654248998,-54.928045918243036,15.287725,1.1827621,0.641899902531504,-1.3510840925373162,-1.2110858581814492,7094.3726
5930399415416454656,248.95570987751876,-54.90828215521421,15.288014,1.7455149,0.25221150979001733,0.31865577666128675,-3.97587247206737,4757.6
5930403916542343168,248.76992180370715,-54.801375009559074,15.2883625,1.6710253,0.2639302193766315,5.097143694970665,0.6683717585152346,5356.1235
5930220328101201792,249.15643585575307,-54.73178165875861,15.288815,1.1738482,0.43488291296630993,-3.4806537690226578,-5.934928788669227,6304.2163
5930405909407491328,249.0209261993509,-54.83085498598394,15.292537,1.064949,0.513325555853332,-0.19540871289701162,1.1410672528116774,6533.788
5930407215077685632,248.90970673642542,-54.74570838363622,15.292921,1.1763563,1.3649008405014096,1.1316380997995452,11.017746914601878,5419.952
5930219610895264640,249.10417922102232,-54.82080670688268,15.294255,1.651186,0.17562145631120807,-0.8503224880973342,-3.198852766086338,5557.387
5928900574901968256,248.64247316306867,-54.95975681476427,15.297096,1.9160557,0.17894070254990682,-0.6524030726301108,-1.4060672831692347,4749.938
5930406699681576320,248.90585241030183,-54.77958557786828,15.298965,1.494093,0.5337739565478921,-2.1866179249429707,-4.50041279525958,5152.8735
5930404809895559552,248.70647649904757,-54.78700431858849,15.3005705,1.3208075,0.6504424398225795,-7.062212798894873,-0.8229007721053472,5223.1064
5930411200807620224,248.76864861222575,-54.70452630744675,15.301677,1.4193134,1.8117206406309092,-2.3635838094209274,-7.035917334289325,
5930219336017396608,249.16123610914133,-54.83924285270722,15.304668,1.9713249,4.99023422847307E-4,-0.8302951140367818,-4.418070248364252,5241.6567
5930402782670942464,248.66937096421407,-54.84670574345856,15.305026,1.5618191,0.3672557940239849,-4.826900739646143,-5.286548649406137,5121.5693
5930409585899872000,248.84313354527328,-54.78154060408971,15.308122,1.1738768,0.5042302087467065,-2.1248072749571785,-2.0415608193472403,6019.6772
5930411750563207424,248.8827621936452,-54.69888398314296,15.308194,1.2118406,0.5289627906106182,-3.670102054566513,-7.663074297895259,6005.052
5930398350264522112,248.8436236035257,-54.95847431188243,15.308406,1.1525135,1.105549224344943,2.940318439058227,-2.199488835181841,5094.1533
5930407455595727488,249.12418947310798,-54.77438923617579,15.309063,1.0452642,0.4530393968121646,-1.1261805030485865,-2.7033187397712615,6402.1157
5930410547972388480,248.84042426269303,-54.69244021752387,15.311676,1.9093094,0.2485948837128968,-5.421240664631621,-4.81621177983311,4806.258
5930410852851867776,248.71363020884192,-54.72734455199522,15.311837,1.6366606,1.2848287092017228,1.8255421940857977,-4.850821672497574,4826.893
5930408383308744448,248.99246337263605,-54.75536100965901,15.3119955,1.557147,0.2844361652092091,-3.728969867382391,-4.928340098267798,4886.646
5930217377512183040,249.08780959819086,-54.91680214356952,15.312661,2.4986115,0.0460204893609123,-4.791790422732587,-5.7185646400297365,5052.832
5930405462731237248,248.98014786305026,-54.863074194623046,15.313005,1.1059046,0.5793982809917431,-7.094551668930256,-6.201816745335531,6860.4043
5930402469076626688,248.69265072069425,-54.883564830202026,15.314244,1.915616,0.16440494996043575,-1.5399629078576407,-1.6306470944213614,4692.3696
5930410341813926016,248.8518750753108,-54.72084355112632,15.314349,1.9317274,0.18307074677328838,-3.033268311133044,-7.005924000449321,4522.776
5930399140538512640,249.00556470245073,-54.929735659537265,15.314525,1.0777712,0.5831887699858082,-0.5014278039443469,-1.1348362484759011,5876.5845
5930431816652421248,249.08659311766849,-54.6825002799792,15.315727,1.8712931,0.23965756042082098,-3.477677774800202,-3.1703256598201475,4957.7744
5928900849779894400,248.5949951375416,-54.931163733073355,15.315991,1.3996544,0.47540459767512366,-0.6879332206612665,-3.6458465751472637,6296.483
5930243800153096576,249.1675598902492,-54.72425507864881,15.316234,1.1342659,0.5759019291166356,-1.0138295492258165,-1.3982909544969206,6049.905
5930407627394457856,249.03168299776772,-54.77834533549851,15.317075,1.9008636,0.14566212152963018,-4.927912131363016,-5.507129365816388,4539.108
5930217789829064192,249.17376645481139,-54.859710404064984,15.317887,1.893198,0.1789677833571041,-1.9757801123542933,-5.276488800875489,
5930410582332300416,248.76972272906815,-54.7606412981918,15.319447,1.3071337,0.6319058879851394,-0.3202435337282441,-6.0698275696371,5432.6304
5930407283797019776,249.09276766165567,-54.80849356929268,15.324629,1.2417965,0.4739453531487267,-0.9747571862372924,-3.518764942830945,5443.434
5930405943767239936,249.0176141639547,-54.82062908907695,15.325241,1.830617,0.18627595060897745,-4.380736251798131,-4.1293906569240795,
5930398418984021376,248.82180999991493,-54.94152601600281,15.328702,0.9498472,0.34522172133833495,-5.17790724827382,-7.127434995474261,8874.336
5930398071030072576,248.87204875581435,-54.96661677026478,15.328824,1.7845793,0.09790193268574073,-1.5517080416240394,-3.257976975019781,5824.8345
5930218064707014656,249.1307060173686,-54.838620028276715,15.330312,1.1020861,0.5004534908096153,-1.9737296476946131,-3.484114739384447,6648.7915
5930412059800899840,248.84398883008177,-54.66225954971819,15.331085,1.224885,0.38997574519675793,-2.756966651663597,-4.005997270479839,6715.1865
5930410376173671808,248.8244386925097,-54.72545441364503,15.3313,2.057333,0.13506937610407238,-3.1317894086114553,-5.006549952674542,4677.786
5930411956721663488,248.8584130179639,-54.68213222575694,15.3321495,1.3756676,0.4497133413402095,-5.7849772216434,-6.915683727883302,
5930209199893811456,248.97997516688855,-55.041873412145385,15.33277,1.1934252,0.2780255039019185,1.0545255955512642,-0.3815730169248595,6504.8555
5930408177085095424,249.04785336978463,-54.71641814930857,15.3332205,1.9111004,1.0107062735837218,-2.209983504123236,-5.107687636480996,
5930219645255002624,249.13554459971974,-54.807183795398274,15.334442,1.2894449,0.5394723315947066,-6.8065230512290835,-8.481584279289624,5229.206
5930211124039195392,249.09597108909963,-54.97446044827185,15.3366375,1.9188919,0.16320785281905995,-4.214303377694753,-4.53904467622172,4625.186
5930211089679450112,249.08070654275272,-54.99060905393319,15.336735,1.9072971,0.149194103688124,-3.8462053634686844,-5.705132975386276,4538.019
5930414464983053952,248.60169453286895,-54.84743135356232,15.338611,1.1570206,0.7184067056210065,-12.180773883893718,-9.421026589932682,5923.0493
5930409963857015168,248.79871139492607,-54.74618877958469,15.338702,1.1362209,-0.05621199507752845,-4.558092791500581,-3.359957559732741,
5930401958036940160,248.67055886929424,-54.91238422337999,15.3413515,1.8625345,0.16018633846723804,-5.12776246972949,-5.02660759225124,4769.4595
5928899814637495424,248.66260150832065,-54.98010382628323,15.342053,1.2639465,0.5406825594694376,-7.238273730764035,-4.480056125316854,6456.173
5930410547972393088,248.83824176220867,-54.68776096171296,15.342434,2.3560781,0.13787124837820877,-5.1169033946453375,-5.707042754710082,4562.001
5930217824188799616,249.15665627332635,-54.86897322456743,15.34277,1.2802067,1.662961417413669,6.579187862926381,-9.727459579567906,4930.201
5930411681843708288,248.91052470433013,-54.70669969064134,15.343743,1.2621422,1.3460511072003953,-3.9602677121272594,-10.039328083144127,4966.8457
5930409276662030336,248.96462665512996,-54.67634655545572,15.344547,1.49998,0.6442896225821224,-2.1256106435827085,-5.618819670740559,5187.6206
5930409860777794304,248.8045535298538,-54.757197477199846,15.34772,1.1009731,0.7272990489691431,-2.134904506745678,-5.5340466470084655,6698.93
5930397766148805504,248.76927015812453,-54.9980272726061,15.348473,1.7651434,0.4242972557653358,-0.8154055748142525,-4.841679050466126,4845.1797
5930398384624281728,248.82993880489505,-54.94163138220004,15.350245,1.9856071,0.18324525748605192,-3.679969152592524,-3.60382512544932,4688.9985
5930217033914921984,249.21547330829202,-54.881451112798295,15.35091,1.8944654,0.1458115926407729,-5.4051509294240745,-2.525044243677408,4699.998
5930210608643088512,249.08385842817643,-55.02461049424922,15.351154,1.1727924,0.4258439678790161,3.722155010689075,-1.3141950400669398,7177.2803
5930404221423542400,248.71742113846474,-54.81398145545186,15.351661,1.1174803,0.4372160234321041,-3.1909038297307157,-6.457843849918744,6326.94
5930406562242880512,248.8826476390061,-54.81140382702355,15.35286,1.1968536,1.2948753100833819,-4.754049243379877,-12.124009978017284,5248.726
5930399445419814144,248.98670013818895,-54.90729359397727,15.353156,1.2257252,0.4786744248323265,-3.1354828733346647,0.19933051995874868,5652.551
5930405119133474432,249.05442141142984,-54.89751140547925,15.353249,1.3154182,0.5632944392672803,2.207953261835883,-10.264003798252912,5314.8594
5930211394568564352,249.0532944212632,-54.954764310069315,15.356793,1.2614107,0.4816758025177331,0.21545797070289396,-2.8337181441451467,5303.856
5930210986600250496,249.01965615883393,-54.968147275505075,15.358524,2.2569857,0.3893125491203056,-3.9197700646165545,-4.932577608312832,4874.559
5930405943701690880,249.02503132612685,-54.82287994261684,15.35859,,0.6214091719142043,0.10679407842608568,-3.728172438673033,
5930407623037688704,249.0292535707081,-54.778086882736226,15.358991,1.1228962,0.6847711450994117,0.7613937524358585,-7.846008896005113,5912.296
5930404397578736000,248.6866200939934,-54.817911093283264,15.359352,1.1350441,0.3402977747578127,-0.2563718341826181,-0.6628864596782799,6560.025
5930217033914797952,249.19650823832524,-54.87017525490183,15.360314,1.8905125,0.19854573483976318,-5.093710775396958,-2.412854861813943,5062.0244
5930217102634217984,249.14358274578694,-54.940226894592286,15.360358,1.6384182,0.12465533704733738,-2.792380568398705,-3.7341367978140587,5137.7783
5930406699681562752,248.90994928343264,-54.79372606818627,15.361358,1.12743,0.6237517835345131,-5.188404420765919,-7.754852536605022,6422.9385
5930217583670652416,249.09031693280738,-54.880796764443126,15.362544,1.2471437,0.475694751685078,-4.653758589104349,-8.172349755351608,5638.412
5930401133403202048,248.71339615439706,-54.93476402181564,15.364591,1.9651356,0.14481303456869177,-3.2706480796308632,-7.237045454158023,4943.8506
5930404668100180224,248.7446298897969,-54.78697578437249,15.366042,1.2644205,0.6145369768020882,-3.5468923866609523,1.0318454715084848,6008.1616
5930416316050243328,248.61755160801457,-54.76310163114554,15.366257,1.8591747,0.18890218398202901,-3.7700773451362917,-3.8227437378748186,4782.6953
5930400922888363648,248.7519142653341,-54.9555723439715,15.366643,1.9094334,0.16408701783051888,-0.762223792532308,-2.5225196525678917,4712.904
5930407386810762112,249.07107006818234,-54.786250750319056,15.368303,2.2708216,0.05591486911706019,-5.666974565478941,-5.349140353663325,
5930397147673620864,248.92072938815372,-55.01932709203056,15.369158,1.4056263,1.8452232798812997,10.155418162088509,-20.347348491933758,4716.0796
5930216484158933888,249.17135231775126,-54.92260005976989,15.369398,1.5208998,0.177261114931839,-4.674528771888053,-5.471728054722924,
5930416320409208832,248.62661463110607,-54.76033925787493,15.370221,1.0948935,0.566270718888377,0.26485504769444534,-0.3972357302613797,6325.4985
5930400171330720256,248.93359478918723,-54.894139201360716,15.37627,1.2971478,1.608715067895695,-1.7878772617925538,-2.40557646713515,4950.6973
5930409272303960704,248.96549531098998,-54.674692985020485,15.37647,1.2435255,1.468717092859349,-1.3104700236614462,-12.273732711682218,5172.199
5930397972307367040,248.86999488926605,-54.990527147092074,15.376982,1.7943945,2.067686027317036,-8.525665577603725,-12.152333941175016,4312.2563
5930402469076819584,248.69582686645884,-54.87212717598881,15.377754,0.9532137,0.2715825221434932,-6.135919008276196,-5.563415283282362,8567.953
5930211261478157952,249.10613539652167,-54.956401322511404,15.378563,1.3425283,0.5904580369801762,-4.900078867589392,-7.494236483140076,
5930399277977501568,249.00335005571878,-54.90167526794772,15.38095,1.8776131,0.15566152156098298,-3.5251689265861232,-3.931034145583105,4597.145
5928899475390276224,248.73207631195191,-55.008500108402394,15.381185,1.8894901,0.2299172989019382,-0.9877545044611163,-3.408581128522988,5025.0557
5930400102611267456,248.84530541545524,-54.88727369304601,15.381268,1.997612,0.1824633006227653,-2.846349917864348,-5.214951482271248,4637.255
5930401477000798336,248.7739172766544,-54.89896443016685,15.382604,2.0069304,0.2702196077004097,-4.060106848640775,-7.439449568082377,4748.168
5930402022400016000,248.65677632814283,-54.91100377231377,15.382677,1.1732883,0.6824341422102175,-2.8650269880313903,-4.98989843937814,6839.331
5930405119133476224,249.046418958657,-54.89080315394152,15.384491,1.2035542,0.5519838056836625,-1.969312024657897,-2.4376983142259614,5667.9385
5930410307454175104,248.83694722238323,-54.738773732684535,15.384754,2.134739,0.045607904473606915,-4.74694771467704,-5.895723012807695,5801.8916
5930406283007820416,248.93943591864127,-54.83119313094317,15.385423,1.1562843,0.6321190833471535,5.84076351816837,2.148134836838479,5912.319
5930399655934599040,248.87033128888095,-54.93842835992598,15.385677,1.2705946,0.6805985770715822,-5.172912968460794,-4.362201025454095,5196.596
5930211330197632512,249.06214785427514,-54.96559374433818,15.385812,1.1247139,0.4151590965946768,-0.8479062944725428,-1.7061769078000553,6544.658
5930397766148806656,248.77410827760093,-54.99193083642059,15.386461,1.2546091,0.8707542585715285,-6.0766644404577175,-11.424575936857021,5773.5464
5930416079891012352,248.61328761724505,-54.8117505279365,15.386733,1.103159,0.5113432027066678,-2.696960808103685,-3.0480590488477572,7185.362
5930414048308463872,248.58198361189545,-54.865368690511026,15.39087,2.0093164,0.16748313928705955,-0.9778167272034454,-5.727253347755637,4603.3
5930401816241571840,248.6515544741408,-54.937391012567616,15.391072,1.148282,0.952058900920809,-1.7988656466475794,-4.221400800073074,5725.205
5930216930835531136,249.2165943332059,-54.903837767568035,15.391558,1.0620089,0.6305202693514422,-0.07883628286573129,-0.6238688957822345,6054.174
5928899818987711104,248.6600948324779,-54.97205230521278,15.395509,1.5879107,2.1620217000637307,-11.091123646480229,-19.060512783369905,4677.1265
5930397182033367680,248.89151433569052,-55.008321132779706,15.396285,1.1619053,0.48509497405683843,-0.9666489012837012,-5.2974232702514295,6424.014
5930407455595732992,249.1175363339206,-54.77083394714085,15.3970585,1.4923,0.5122616542982442,-2.8711831392645744,-2.5019352883164188,4949.4746
5930217343122761984,249.07545674620283,-54.92765221670203,15.397184,1.0868931,1.0890476229199773,6.123197665311121,1.6778006840580293,5547.1274
5930403297999946240,248.76010719759532,-54.85492852626497,15.39905,1.6631107,0.36591873876529063,0.1797729490566944,-2.528582042846555,4802.8286
5930218507034715520,249.2046156672847,-54.86032530361662,15.401007,1.755702,0.16403140937409805,-1.6703787542828885,-3.4980609733675587,
5930405565810105600,248.99256765156338,-54.84592377507617,15.401894,1.1556864,0.7634122734759667,-1.0793752834573191,-7.396124237266085,5205.1763
5930409272303945984,248.96928510486643,-54.68680717745801,15.40217,2.1153936,0.11459287326149677,-4.272827105177127,-5.296172954824423,4751.4795
5930416178612537344,248.60509371582975,-54.78514378847009,15.402248,1.1430664,0.9334843444055535,-1.658735895704507,-6.792808572443111,5467.4414
5930400136987063936,248.93408407186064,-54.9055424746438,15.403645,1.3664141,,,,
5930398522063169152,249.00017198772457,-54.9867705516478,15.403717,1.8876534,0.14488883799858612,-0.48257394732852055,-3.7843703652551315,4588.983
5930416251689719040,248.65337206156659,-54.7764020781776,15.404507,1.1420536,0.5946188756091244,-0.9771314085526533,-6.091987457460749,6563.923
5930409581542768256,248.85558432465416,-54.78502234733796,15.4048,2.048811,0.2310543603757825,-2.6349510091896082,-3.3323515813650455,4699.4976
5930405531450358016,249.02834900797555,-54.845032443296866,15.407642,1.9798021,0.08063124344267607,-6.530335588100867,-5.834824627691074,4634.6714
5930408692546443136,248.95726016164264,-54.718322529862,15.40971,1.1342716,0.3861419181736871,-3.7627100104283855,-5.266178497831448,5591.868
5930403499869007744,248.8088849011955,-54.837928902080456,15.410646,1.6876898,0.3142538115742858,-1.8001989880487945,-4.441162173917254,4800.414
5930414464983051648,248.60677869469254,-54.84790531579783,15.411538,1.1513329,0.4287108062756881,-3.0130303272973396,-5.091867581000666,7132.702
5930219061139394816,249.24496233485408,-54.82003556649702,15.417752,1.1135845,0.8257838112378512,1.3562921469445164,1.388290194904234,5688.64
5930405462730886784,248.98614251879053,-54.85452054602245,15.417914,1.6972113,0.28280587767602317,-5.26490222780653,-3.8895625037584383,4750.817
5930411544404842496,248.77122425161124,-54.6755700416285,15.4194565,1.1977139,0.7883356234260401,-4.4006020274958715,-4.458030823522769,5824.31
5930403980905323904,248.70256535413264,-54.85445988428709,15.419475,1.8363504,0.1611064679311251,-5.928268195413727,-6.770477239577152,4662.7236
5930407043278947072,248.944238335712,-54.77760060219605,15.422883,1.2360582,0.45253957860073823,-0.20021513614691533,-7.2857977868550545,5663.2793
5930218442634264832,249.23274899130942,-54.88272511703985,15.423348,,0.5552053197861148,-2.469409296736119,-0.4821704387620175,
5930402748310944512,248.65905507513992,-54.86811623886844,15.424503,1.7725391,0.03504761498947745,-3.5587005651571983,-4.089396226680163,5068.4927
5930411200807436800,248.77100015676342,-54.69975751503033,15.426592,1.9224644,0.24356562075125424,-6.6915344202621885,-4.799162314012224,4612.338
5930404500657923712,248.6621757425471,-54.77582608359356,15.426876,1.2065916,0.898857514207183,-1.7630156344705679,-3.8425361920984,5534.468
5930407867912605184,249.12965547078264,-54.75133614169069,15.427221,1.1084251,0.7868734980299398,-10.879444202493971,-6.942686830393333,5926.2104
5930217274432944768,249.1343729028227,-54.91530168083937,15.427806,1.2165947,0.8249245580979471,-8.471112520789251,-4.193920350325612,5559.914
5930414121385670400,248.57409056964158,-54.859395330736255,15.428691,1.9107599,0.1677427383361901,-4.185808902727686,-5.840683604660671,4891.5063
5930406768401009920,248.9748528587532,-54.79518356438745,15.429337,1.6238155,0.2322685996729104,-1.8849663196191164,-2.8606005364431955,4763.2715
5930399243617733632,249.00588194827242,-54.92471872277406,15.429474,1.8142147,0.1449000984120831,-3.1464619723080673,-2.942112063878756,4998.9824
5930396529198320896,248.92663513243681,-55.04446454843344,15.431662,1.7592192,0.20860676391109276,-3.8712495912948013,-3.3703681486244728,4996.908
5930407215077672064,248.92097017288225,-54.75338395409941,15.432237,2.0774794,0.08207484640775073,-3.987121490803275,-4.694009273523168,
5930403435505930496,248.82873149648768,-54.85826324003978,15.438106,1.1438532,0.6519382222632218,-3.067282505610092,-5.037298777318124,7157.9204
5930402026756627456,248.65042147348842,-54.90287788288724,15.438817,3.077362,-0.007379478422770022,-3.0596303031916694,-2.6480311192715984,
5930403229347494912,248.74249365959102,-54.87310823474816,15.438833,1.5795679,0.6927055707381427,-6.5652993801144355,-8.024376472483311,4836.3994
5930408314589288704,249.07126080131422,-54.69779996073734,15.439851,1.1777983,0.4014813821250012,-4.174488193155946,-4.995492280072973,6658.2993
5930405187852961536,249.01589933360358,-54.87349625082452,15.440164,1.842371,0.17543832207494764,-0.5780261206803873,-4.031865246648938,4780.5454
5930220332449791488,249.17023372942597,-54.74507558182933,15.440686,1.2328949,0.5384508656399237,-4.317432548400936,-13.793264912771042,5358.6914
5930408074071090944,249.11196388142517,-54.71132492779937,15.442115,1.1838875,0.47905953257387085,0.3199292545512462,-3.6345797387345486,5272.4795
5930211330201995904,249.0585056845862,-54.96106147244988,15.44233,1.4505415,-0.1044571488951666,-1.1714288488529385,1.3509364951853482,
5930399965172286336,248.83349642424204,-54.909692361412844,15.44352,1.8240919,0.21845815335153035,-1.6366095426559542,-7.455357456116605,5235.9536
5930210539923604224,249.0627973954533,-55.03496803408291,15.444289,1.1393518,0.5422166736145834,-2.1935410430905495,-5.239752683725211,6447.0845
5930217824159282688,249.13834990590837,-54.862267289093154,15.444991,1.7900562,0.20216337167228146,-3.8216125870504714,-3.633561670960586,5810.635
5930410307454176896,248.84229973315192,-54.73541092807496,15.446124,1.234191,1.2392500973155565,-7.857742749894694,-20.81440878587101,5025.624
5930409070503553152,249.04882323609982,-54.68762082402991,15.446846,1.4775352,0.4968898250326723,0.7798180091617035,-4.719698481327017,4981.7476
5930219572186743808,249.1495280949631,-54.81429515900549,15.447218,1.2077179,0.49283618000937396,-2.6192397133306637,-3.0489678820089106,5653.2676
5930406974559479680,248.96936982699484,-54.75576126256422,15.4475355,1.2473688,0.5352231760452393,-4.089069744006437,-4.923384888321271,5188.626
5930398006667109248,248.84850791866455,-54.989019021741214,15.451022,1.2280321,0.22910654759072613,-5.299605068517144,-6.651591385738403,
5930398242828760192,248.8355526260259,-54.971935019969884,15.451367,1.2198467,1.0318642331800116,-2.7974307681188013,-11.805229885684463,5433.4385
5930397972307369088,248.86660048408885,-54.98865195535917,15.452471,1.270401,0.6199139631971562,-5.438149126202616,-3.5257366208473524,5333.6094
5930403809107150720,248.7790820381862,-54.81270829346029,15.453451,1.1763458,,,,
5930410616692045056,248.77952418074167,-54.7470156235569,15.457371,1.3038635,0.2975197395390507,-2.7936706715166615,-1.0436806882257719,6679.3613
5930218614462772480,249.2470462521616,-54.83848981918414,15.45741,1.8675575,0.07958695692531886,-0.8457631389561739,-3.8526949984343126,4796.702
5930405016054007424,248.68553227704302,-54.74392776130476,15.45772,1.1567888,0.3627183926597,1.043296564756769,-0.5624436390272997,6849.2207
5930403469865680256,248.83085238031566,-54.849142344166,15.464657,1.9522648,0.19854796130366467,-2.1381524065067317,-6.6508394583040795,4700.1553
5928896486103661184,248.75317216908488,-55.02775896945746,15.465246,1.3374596,0.7264632310341952,1.5899096437472973,-6.195631912972282,5365.4263
5930398831300842240,248.91605136362085,-54.966422447408476,15.466959,2.1306162,0.0723106633912827,-5.913485718770415,-5.806698715593096,
5930406012486740096,248.99651260822955,-54.80585707906534,15.469664,1.2801123,0.5715000406772341,8.747987784777948,-4.570196748733969,5628.3643
5930217927268030080,249.12496491060105,-54.87194385229736,15.471406,1.78337,0.16650292383144957,-3.7038667237420064,-6.952020929565016,5052.951
5930400235693823488,248.8965426199631,-54.873275737691046,15.473008,1.1487522,0.5788486571039291,-0.5623849813349211,-1.2146983350320255,6843.5527
5930405978126978688,249.00617172566214,-54.824708879405144,15.473836,2.04171,0.2316412574482501,-2.9525310619314826,-2.4257017933977982,4644.768
5930220229370568960,249.17703136065003,-54.76331743395764,15.475526,1.256093,0.5228180368386289,-2.24562823077626,-6.290435035126665,5574.8843
5930398281544890368,248.7899755866836,-54.96790104587402,15.476692,1.2425098,0.5198899218458365,-0.8438601412482938,-3.5261713883911554,6810.9077
5930407421235986304,249.10552070054393,-54.785516935833286,15.477052,1.4674597,0.2603246763206983,0.04925264804529372,-2.099334584817399,
5930220332449793280,249.16260250291694,-54.73797206128212,15.478151,1.9887123,0.12358470862980898,-4.71441876949281,-7.9774702309993035,4676.782
5930398590782656128,248.96678649383338,-54.980148964463595,15.479582,1.8769112,0.23162671994474382,-5.1400703902773,-4.547022169475075,4739.3916
5930400102611280384,248.84646633448668,-54.876866268593396,15.48022,1.2405252,0.5449074125670412,-2.334206809304206,-2.9248885654744465,6617.108
5930410822850490752,248.77044286593323,-54.72050962787534,15.480319,1.60709,0.5284467088278525,-3.8111349814387454,-1.9023605697364387,4903.387
5930403435505938304,248.82709950720218,-54.85206557600628,15.483005,1.7401075,0.13496732374698098,-2.3637496633258954,-8.98880115959565,5208.798
5930411406901932544,248.74384471675805,-54.69004279323655,15.487131,1.2788153,0.4071768943834505,-0.10360275312266809,-3.7867973472266847,6515.9463
5930401477000798720,248.7664791380426,-54.89954095810224,15.490163,1.207964,1.040416841840515,-4.375576713511497,-8.929243405314644,5168.2397
5930218030347252992,249.13952132550656,-54.857646516186016,15.491267,1.9397535,0.15888625063394576,-0.33077941387811727,-5.369429772726317,5267.842
5930398796941107328,248.93325437099674,-54.96075502961523,15.492374,5.0725517,0.03566089438357157,-3.7782235921431537,-5.045335547771629,
5930219267297816192,249.17350432195815,-54.85733738042646,15.493178,1.2630701,0.6358573310417539,0.36738824194755626,-2.908108333552483,5582.6665
5930406768401012992,248.97141477710633,-54.794499373678654,15.495425,1.7967186,0.14784447171074278,-6.677710453949051,-5.890337259037121,4820.6987
5930219851413412608,249.22246805238865,-54.795562781760694,15.49569,1.470932,0.3137198829695148,-1.1193299614616419,-4.969770605919539,5028.5327
5930218678833494272,249.2176217961327,-54.831137555866604,15.496367,1.223813,0.5667360832365529,-2.7499943802380002,-5.086148260291368,6003.295
5930407764833439616,249.0484266267224,-54.74704345063828,15.497593,1.9131556,0.21952141867586278,-9.66795667612254,-11.774916587097557,5005.3535
5930220332449792000,249.16675796169628,-54.74306902929797,15.499705,1.9397945,0.1710686736407633,-2.811424808112477,-4.941095176460479,4730.967
5930400755446057088,248.71735929543797,-54.99039911876318,15.499965,2.3431187,0.03264555083546748,-4.861789018823895,-5.600361079178056,
5930406665322103680,248.88539891904912,-54.79283946933206,15.502959,1.2126245,0.44556612534723544,-2.8518721325776792,-3.221538971688298,5835.8193
5930397216393116672,248.88544356781497,-54.995251099439066,15.505007,1.8930874,0.6360476717905063,-6.039343555739045,-9.836036839557904,4693.274
5930397280756073856,248.93472650682548,-54.98924648041827,15.505347,1.8196945,0.18127973156085403,-0.8859821946101013,-5.933155872336373,5089.8066
5930211158398930816,249.12277775004333,-54.97747378457026,15.506018,1.897727,0.12726609843025397,-3.653977955851331,-3.9503388278677516,4555.5264
5930405114776654720,249.05187476581992,-54.89276766827088,15.506282,1.2482176,0.36271359591506547,-0.37147289520061133,-0.9906246689050738,
5930403362430050816,248.74361098879427,-54.84151759011558,15.50696,1.3023148,1.2915243225994895,-17.259620077084477,-11.811394346015062,5009.224
5930219061139400192,249.23859038552672,-54.81617239324148,15.5070915,1.2733135,0.6211258645528959,-3.865206104000352,0.402558710787679,5207.6943
5930410547972387328,248.84458485526815,-54.691888445908475,15.508411,1.1239185,1.0571039974591951,3.4538396315689996,-0.36385505362096354,5510.3022
5930396666637149568,248.86527178980398,-55.051170795717745,15.508637,2.08428,0.13482020078285406,-4.780727774496067,-7.6743857253737335,4696.315
5930408859987078272,248.94558491320706,-54.691863802703665,15.509973,1.1658554,0.7946533827436695,-1.347778398140869,-6.872216793884126,6002.6494
5930410822850489472,248.76982515518276,-54.7228964019715,15.510844,1.0444899,0.40017007141285915,0.10780380424088554,-3.5228248585063824,7496.5957
5930404912974787200,248.68297098739444,-54.76415596058488,15.511475,1.9319439,0.21119129141199036,-2.1192456266075466,-3.270429719708933,4633.5728
5930407696114255360,249.07166738062375,-54.76782664499518,15.512942,1.9527111,0.0721637190856898,-3.684062722526637,-8.556420751511778,4956.041
5930407696113931776,249.07669429328672,-54.76073446635685,15.515885,1.4721651,0.4858194335629543,-3.161774011366452,-10.135708011185226,5222.0054
5930217136993990912,249.10113810380835,-54.93000984275107,15.516686,1.1319075,0.22463705427388708,-3.296994993699233,-4.540576197310919,5873.2817
5930408074071086720,249.123713471715,-54.71119366867599,15.516725,1.3702812,0.2755626680611665,-2.0290581276617137,-3.26113443911962,6547.9644
5930402645231735424,248.6446837661208,-54.862722442667746,15.517494,1.2234268,0.9413900910468043,-1.6633584329826387,-6.561327066609567,5467.946
5930404363218940416,248.65431487369707,-54.81771037963743,15.518787,1.2500134,0.6727978657710362,-6.139799406780272,-8.274837412192333,6698.3125
5930398659502144000,248.99474166236072,-54.962893059802006,15.521889,1.1129866,0.6358435292333566,1.9332616035145773,-4.367229067182244,6007.017
5930402301634349952,248.611328141275,-54.88157026857448,15.523822,1.2419376,0.8141507425014375,-2.3242650966020424,-10.978714218868454,5604.2163
5930397113313880960,248.91792790874825,-55.021474704526426,15.528809,1.7868366,3.335410864436711,-19.38579666956324,31.855346770755023,4414.175
5930409242302288256,248.9884433617861,-54.66926378239975,15.530549,1.2512808,0.43036980177465906,-2.062685529866295,-0.6734124744119583,5696.0557
5930220160651094656,249.140498899754,-54.77399944539582,15.533164,1.511383,0.38827489624007155,4.619234634360882,-4.551552430899016,5125.527
5930402473433245824,248.6956810053173,-54.88232423076915,15.534495,1.4701967,0.36587847019836744,-4.813833402829109,-4.773748323600319,5157.5205
5930408761265920000,248.9493459914507,-54.72155332463549,15.534738,2.2870836,0.16855780490789443,-3.6878337120145646,-4.0772141472392684,
5930408314589273728,249.07590312089653,-54.711308371903506,15.536211,2.0259867,0.19382351560096991,-2.038857615226084,-1.1142237543823184,4682.4907
5930399621574865408,248.89038793272425,-54.93178020797718,15.537111,2.0028763,0.19018336483817205,-3.027623326817162,-6.6968921781917565,4673.9077
5930407794836420224,249.04268229770392,-54.741587380268825,15.537169,1.2831621,0.33686209463957106,-3.1290829164004244,-1.182839723102683,5687.488
5930410685411532800,248.74381868703057,-54.73099669153708,15.537757,1.3275652,0.5609733950323699,-2.2831990714113335,-9.368843261589566,5134.071
5930210608643086976,249.09337796762864,-55.025042953785174,15.540079,1.3579206,0.48037339428448306,1.0678549550255352,-3.143552105499892,5286.8994
5930414460625543552,248.5999862010625,-54.841994275830956,15.540651,2.0075827,0.09746271627840107,-4.980000930979114,-5.646529697782489,4752.1084
5930211532007599104,249.06416602319342,-54.932404096567815,15.541026,1.1345186,0.40451645356673027,-2.865355590781692,-3.886076261609917,5818.9663
5930416079891012096,248.6166998310018,-54.81173437409505,15.541404,1.8507662,0.23231914868583156,-6.497485184909851,0.1566326399408042,4857.345
5930402988762149504,248.78643478017605,-54.880782355315596,15.541856,1.6477957,0.46291882480538377,-0.30052970205461943,-1.7174650429795806,5494.546
5930414602422022784,248.59979336701264,-54.8197240066602,15.542758,1.9115744,0.1079849043808372,-2.3954986568469536,-4.611506878228742,5111.101
5930403057548789248,248.8294507684372,-54.87243026155989,15.543029,1.8750391,0.20617388113693766,-4.464661586901364,-4.836073988425014,4874.5327
5930405222212692608,249.05160626584345,-54.87978186727617,15.5436735,1.1810799,1.2409487518266948,3.0689697808911207,-1.9106602294628159,4954.686
5930407730473672832,249.07860309599474,-54.757623163549944,15.544044,1.7055664,0.24156696119797405,-7.090172492709355,-5.190616205055745,5068.2866
5930403332426744704,248.77161974955877,-54.84364775199402,15.54448,1.8669796,0.18321976604711807,-0.8189123548566266,-4.225113806223218,4941.3135
5930422676961476480,248.6836185616922,-54.71461749603422,15.545747,1.1829882,0.7394617600573937,-3.499268582582218,-5.6464978206696115,5943.72
5930397456911145344,248.80456755584115,-55.03005692749589,15.546464,1.2653589,0.5569606960013872,-2.3425421477126167,-1.152124040295651,7437.4688
5930404431938434944,248.69063999304865,-54.793284635785945,15.547688,2.3907948,6.263241181934807,-8.768073640505706,-9.537138779496171,3613.278
5930409822060947200,248.78537485569208,-54.778072727623915,15.549996,1.9211388,0.2069454920866986,-0.4808974156769435,-1.7064858217102485,4801.0044
5930399793373581568,248.87894464593435,-54.915279283765585,15.550306,1.2179432,0.5015170109222251,-4.521883958484023,-4.684820412349805,6050.18
5930217961627789952,249.0913468733069,-54.866546766908826,15.551894,1.1607656,0.674516282395315,0.28491937616896157,1.9927975712539048,5964.011
5930409860777793408,248.7925909427673,-54.760198924607735,15.551951,1.9777546,0.09932111922584178,-3.5936336048247495,-3.713606371476084,4677.319
5930411063368669056,248.71672694554917,-54.7042101986295,15.553182,1.8532848,0.13771885838427386,-6.985488687247495,-4.929022540233742,4917.9937
5930406802760765568,248.94912743533135,-54.79092352267068,15.553277,1.2563543,0.8503636305320912,-9.699799187047343,-10.913746323456701,4945.5117
5930410101230636160,248.86956535959084,-54.750726991709826,15.553648,1.426508,0.4645837857127506,0.276195125181101,-7.776123032390551,5529.25
5930398448987213440,248.82847862362044,-54.933507560003946,15.5553055,1.321208,0.48079144643483673,-4.114863889019878,-6.856932086704733,6573.2266
5930210539923603968,249.04282195504314,-55.03814506759279,15.555351,1.6853619,0.09483968550541479,-7.012258067185003,-5.879616673123768,5227.9546
5930401477000793984,248.76170487398852,-54.903121005917725,15.555723,1.742898,0.3198857616168033,-6.4800401594917005,-8.159261867251095,5255.969
5930410612334960384,248.7686354773909,-54.75082765208387,15.558883,2.4108315,3.6761697192363587,-8.067316163079367,-17.79967035764717,
5930220091931604224,249.1761787195066,-54.78357058962272,15.559727,1.6366615,0.2915868919152534,-3.065969783732392,-3.5787216409364735,4902.6416
5930219507816030080,249.1930291600956,-54.80738398834339,15.560025,1.1168528,0.6486188478253213,1.7004775056045909,-4.603282238436322,5426.63
5930406424803624448,248.95080012361566,-54.807103439651996,15.560035,2.0080757,0.14609543994534313,-5.825998328284424,-4.033952314968231,4710.793
5930405153493588480,249.00833537060993,-54.89548502357493,15.561457,1.5519066,0.2984742469987032,-0.014602604048025259,0.013467334903538825,4935.111
5930219713974474112,249.17018416499025,-54.80158222769519,15.561564,1.3232718,0.32349608920329626,-3.830513049037804,-4.2920563564067065,
5930408005286184064,249.15085274411567,-54.72141875926864,15.564178,1.2718372,0.5390586569363958,-3.1336246358832844,-0.06352943490066604,6169.4507
5930219920132904704,249.193706354359,-54.790156563984354,15.56506,1.2658167,0.5893222866818979,-6.237489067519334,-9.050167831064323,5850.6265
5930405256572431744,249.05727486347124,-54.87443531625875,15.566872,1.2063522,0.4526615985570801,-4.540408084748183,-6.081697870440608,5737.3154
5930400132614582400,248.91946978045928,-54.90605681446317,15.567183,1.7721033,0.1603481441536292,-3.954234874166648,-3.7122452310214866,5090.195
5930209234253541504,249.00537738889497,-55.047717497143196,15.5672245,1.0941858,0.40476871500114275,-3.779395170431356,-5.929616777396797,6733.304
5930401648799499904,248.73363700728683,-54.89659687609075,15.5706415,1.9895906,0.11901536930074214,-4.782633334117548,-2.27168370964535,5850.463
5930416217267923072,248.6233844756003,-54.78577790594869,15.573296,1.4242859,0.5544061474646704,2.498372964525226,-4.922089493016914,5608.4854
5930211536356072960,249.05686664654962,-54.936425614905446,15.574146,1.1740875,0.7708450044495418,-4.327035850950707,-10.51647962953772,5779.9717
5930403847822857472,248.80240071295896,-54.80630067515919,15.574897,1.8000994,0.1803375142338289,-1.588563099201939,-4.695599867057073,4993.952
5930397250753140608,248.93379732450813,-55.00483985072728,15.575171,1.1586628,0.4503983165124934,-1.9685700335948872,-2.930655453022056,6077.744
5930401614439764096,248.71049580168548,-54.897047815604495,15.577475,2.2022123,0.19236634009541173,-4.737499671210214,-6.21678386824333,4763.334
5930399999532029184,248.86589348064427,-54.901726314174866,15.577924,1.9224815,0.13887013885503188,-3.9455484997873507,-4.930901519686462,5104.4946
5930217755469313024,249.16604998483248,-54.87501715411001,15.579682,1.200943,0.5096518751558735,-4.97292709122533,-8.045009342472554,5947.4673
5930405217855874432,249.0630339289462,-54.886229112743614,15.580178,1.2066765,0.9126864126084331,-4.0892058334239705,-7.487455350356383,5579.728
5930408280229539840,249.09369468676275,-54.69738802084581,15.58041,1.2359676,0.45874758711861735,1.369391154920701,0.33271171552119055,5788.3354
5930404565020954368,248.73742800682186,-54.794154296559086,15.582883,1.7723055,0.3145049694388832,-3.292235306398587,-6.414201801715153,5107.4575
5930219610895266432,249.11166942930973,-54.812743533100935,15.583068,1.884265,0.20845725539316717,-6.8478454742389445,-5.696371531229271,4749.401
5930411299528523648,248.80742182348226,-54.675775100241786,15.584433,1.9171686,0.224394342863747,-3.3213062560506454,-3.1607300680388297,4773.156
5930403332426743808,248.766691381848,-54.845028656895316,15.585683,1.8960781,0.2716860243713592,-6.221113821517701,-4.7302555298742925,4912.5967
5930397869228021248,248.78249815964566,-54.99120767340389,15.587191,2.223813,-0.012260004535638101,-2.9553761500837448,-3.5840871613160283,
5930219920132905600,249.20014273079443,-54.78478595168103,15.587601,1.7307587,0.12748522720836145,-7.899593679632051,-4.066965889128358,5361.722
5930404809895564928,248.68438931737663,-54.781141523324145,15.58859,1.5375862,0.294401485727943,-3.195236409152482,-6.189313700583514,5035.6655
5930398311548245504,248.80784787344888,-54.95926717425134,15.589228,2.1213713,0.19004520929561042,-2.6503879392761363,-5.211883224592094,4787.2715
5930405320935114880,249.03662368500588,-54.858249375876746,15.589736,1.2633257,0.631066731871608,1.9593994408874673,-2.017373161700259,5160.415
5930397250752843392,248.92381672034472,-55.0058078901961,15.590069,1.8948708,0.11644219945297128,-5.1237783778598605,-6.750825792482869,4683.226
5930209332981798400,248.9991092481536,-55.02504767372857,15.591718,1.6744213,0.30471467366662064,-4.277444633109567,-5.009220467926564,5106.162
5930416079891012736,248.6274209300128,-54.80893723152607,15.591819,1.3477669,0.6407331879798546,0.7364125729712141,-2.7482442551215676,5423.473
5930407558674966912,249.04803340395097,-54.78273082230951,15.592655,1.6286545,0.2674806142711519,-2.1201056357741446,-3.9050764110397265,4953.949
5930401030323976960,248.68875825622968,-54.967287273095735,15.594763,1.3527813,0.5025027726653015,-0.787903542834639,-3.1683266358284774,6306.3486
5930416148548421888,248.60983818444112,-54.79718494061633,15.595718,1.2461014,0.7075371167792741,1.4872926750391546,-1.3487485801954753,6011.9395
5930396632277413504,248.85168249574212,-55.048683574284865,15.597208,1.9523506,0.14222713737678294,-6.185655822354344,-8.490097405090246,4851.2163
5930404157060500608,248.7268347512893,-54.81745187794455,15.599257,1.1226864,0.4155640663336939,-2.5951898605236225,-5.7656273107279885,5777.5825
5930405290932176512,249.02937411327014,-54.86789951080136,15.599963,1.9277468,0.17038401732157424,-3.062649011046765,-7.411531454815983,4749.6357
5930399136182155136,249.00265380291427,-54.93569037611985,15.600889,1.0386791,0.42213243100330206,-0.42179583767403456,-0.6252361191493165,6120.717
5930409207942526208,248.99973776178751,-54.68928935103088,15.602844,0.8840084,0.36824726506470584,-3.8876071611180834,-7.542389122906096,7985.126
5930396494838452608,248.9140695265438,-55.052450661501666,15.603244,1.6616879,0.3230303622328812,-8.161256415315746,-8.93071725892901,
5930407661754206464,249.03462804212296,-54.768780520995065,15.604717,1.6430025,0.1626279986586595,-3.277529747429312,-3.975504274672085,5022.9814
5930405497090619264,249.00152035709098,-54.857798822465355,15.605629,1.1530647,0.43164858674759343,-0.9726592156638718,-3.1636350507002344,5450.868
5930405978126984320,248.9951340277935,-54.82437223162008,15.605883,1.0790529,0.4298965616435366,-1.6867087495375068,-3.204859944995041,6768.152
5930399346696969088,248.97693148476117,-54.9117436248684,15.606573,1.5382185,0.2864534021981534,-3.7014344629157083,-6.410466542297311,5029.944
5930217892908287360,249.1208562675826,-54.876900608213624,15.607534,1.4232779,1.3523613820502427,-7.98773848699976,-17.39273385458238,4538.2183
5930405875047767168,249.05591550686603,-54.79960983599013,15.608102,1.0665197,0.4190176677874331,-0.4453377045285203,-2.534145180475493,6543.9614
5930410960289456384,248.6983399090509,-54.7008837144461,15.608289,1.2328854,0.9302118529654373,-2.912401258032653,6.104114605607645,
5930412231599558400,248.94008037562062,-54.658652259055565,15.608701,1.6185904,0.36334716454659133,-1.8275983398924731,-1.896018702193424,5046.1953
5930398762581350016,248.94446061492712,-54.98020829096729,15.609836,1.2518244,0.6431885563798586,-0.10849812675021075,-3.9856871488137084,5800.8438
5930404741176085760,248.73641321130384,-54.77937685094325,15.611166,1.1001186,0.4276427825413041,-2.4544484708783854,-3.540832638951602,5953.5825
5930220263730313472,249.17867631095112,-54.74669070806368,15.612247,2.3207397,-0.24788156418356402,-4.091612154116735,-5.60270484760718,6066.494
5930402194198710656,248.63268544314926,-54.90498829054876,15.613424,2.018611,0.17588323584535914,-4.922831587455995,-6.709512904271795,4611.6797
5930210986600245504,249.02365673825844,-54.97844386674435,15.614622,1.854495,0.23144826402034155,-3.4971582842704914,-3.952125262168674,4835.722
5930409512823269760,248.86615005426137,-54.7996549299429,15.615595,1.6541138,0.9282449563010841,-1.041295163611387,-2.866189007073634,
5930408348949035264,249.06919572736146,-54.689780918360846,15.616866,2.1281881,0.17107572846600844,-2.1291588481279025,-3.9128643130149428,4759.0186
5930416217329976704,248.62904803258783,-54.78712959023996,15.617226,1.7023125,0.10053239136941886,-3.0888812934285297,-4.119263685886378,5238.3086
5930402537796307712,248.66479670020124,-54.860166929058714,15.617358,1.1663914,0.5178362075418207,-1.6210683563524957,2.8581746920690443,5681.2715
5930406046846461440,249.0357530897932,-54.80533718818169,15.617946,2.0201302,0.09529902425584677,-5.716988134542676,-5.637947634231981,4793.962
5930403740387199488,248.78924948830084,-54.81773416534777,15.621041,1.7561016,0.16341128575290328,-0.7144705993162223,-4.9060068150683644,5125.625
5930409787701215872,248.8337096186426,-54.772745232120826,15.621131,1.6612396,0.3442880556747184,1.8286420537181238,-2.709706183622319,4804.87
5930405325291924224,249.02853004386495,-54.85008742387555,15.62132,1.1506042,0.39518364904009734,0.8916273812604606,-0.39366740908009434,5509.8936
5930407111998440960,248.92403947384128,-54.76738473678606,15.6229925,1.3560915,0.5661835329548154,-1.6989897675443713,-1.9451973630645951,5210.042
5930398109746338688,248.89144497934117,-54.96695711163367,15.623508,1.1424913,0.3471717430855814,-2.106449307110781,-5.7359996592995275,7180.973
5930399823376940032,248.8936591926231,-54.90159924260168,15.623729,1.2633629,0.5161688008683829,-0.6358630666663733,-0.19522607371383496,5523.225
5930398659434510720,248.99675685468816,-54.96442368015252,15.624619,1.1078405,0.5181750778568818,-5.796477793171496,-8.718529383218115,6066.5537
5930401854957722752,248.6250918731891,-54.93687623285269,15.624888,2.1924543,0.1832899306415104,-3.8883857331139042,-5.38197546319196,4611.9453
5930398723865291136,248.97785316808003,-54.94369203668727,15.625787,1.246192,,,,
5930411235167182848,248.76862243161747,-54.69090153288711,15.626174,1.8619909,0.1514617442723188,-4.095320579884791,-6.586335974525156,4998.582
5930211364557370496,249.03503074887774,-54.970931596745025,15.62736,1.7879877,2.740664830869602,-7.362841118966134,-13.501411831747696,4366.969
5930397212036590464,248.90053332855956,-54.99871953949119,15.628369,1.9292889,0.08830114603234422,-6.411372062877455,-6.00809435977643,4784.6543
5930216484158931328,249.16697203429905,-54.926852640580094,15.629398,1.2170143,0.33205589091794874,-5.997837954716985,-6.319518912442806,5686.061
5930414430623315456,248.58425272190937,-54.85542254472391,15.630962,1.3101559,0.473729646640317,0.19952010501150907,-1.75392306403864,5703.885
5930399067462679808,249.01004229305818,-54.930138356809884,15.631495,1.0767937,0.5610550924890234,-1.9622760632187144,-4.920806068859604,5976.3413
5930411888002174976,248.90198548708284,-54.67516807821523,15.633779,0.967288,0.3403032129388906,-4.192284717359099,-6.954563634354665,8366.081
5930400201334073472,248.8929242590534,-54.887669115770706,15.638051,1.6749191,0.40939644694870336,-1.7105593180119818,0.5711077927890944,
5930404702459937536,248.74650459591012,-54.77308956737598,15.638516,1.1338806,0.48569192556769986,-2.402955674510233,-3.3868694578543965,6007.2183
5930414430623309824,248.58978000738387,-54.861283649756764,15.638892,1.9396505,0.13509067706436437,-4.932973808511157,-5.954607925240174,5091.3047
5930217033914794624,249.198356804512,-54.87168859713837,15.63896,,0.506974504999407,-2.2495449747798193,-2.902262849348018,
5930416251689718016,248.65018045979772,-54.77846552559072,15.640273,1.1651506,0.5488944273855796,-5.654216843490543,-5.4073446220866614,5676.1807
5930210398136052992,249.13746024430944,-54.9801266134596,15.64077,1.12988,0.9780883668342548,-0.34178488031656995,-9.812525373699124,5091.975
5930403057548793088,248.8188926815793,-54.87022327936522,15.641822,1.137001,0.4633709149457977,-1.3051906952837136,-3.615673140331566,7157.0405
5930410273094441216,248.8864967518714,-54.712304747488375,15.644169,1.7875748,0.09822859109875942,-4.37874257108265,-7.098434725250767,5082.3936
5930218442664030080,249.24090725903508,-54.88394662148919,15.644766,2.1733503,0.04956748724523091,-3.7284455586840988,-5.00723284378826,
5930407352516516480,249.06032509965104,-54.79763358762583,15.646144,1.2256479,0.40490256107112776,-1.0449693296665281,-3.74714291269859,5759.8574
5930403706027446272,248.78424321530025,-54.82932087142915,15.647361,1.205121,0.5625176637895672,-2.387731008515054,-7.210945653286361,5999.8257
5930411402628607360,248.75650684020727,-54.691734321179695,15.648335,1.2443495,0.42365511902827185,-1.8756114643956459,-5.254260746755902,6515.3203
5928900540542216192,248.64748100549554,-54.97850755712589,15.648819,1.8523893,0.1226741849977494,-4.368590885257078,-5.7833739726552205,4918.9224
5930219885773164544,249.18116306088908,-54.79822444137333,15.649712,1.2691326,1.1048586810245737,-9.17841411296952,-10.756708896501921,4731.1147
5930402198555122432,248.61406235501218,-54.90642392782948,15.651651,1.6781921,0.368560229453749,0.23441939602388584,-5.799939709462508,5067.007
5930401472644205312,248.76167338911605,-54.90449943389319,15.651791,1.6459436,0.38445975573244384,-2.5497589578852686,-5.230556194378538,4856.6147
5930398487703426560,248.98305112236847,-54.99496376293768,15.652402,1.9491501,0.09829198760078305,-1.8273104422637887,-5.988131251981835,4774.395
5930398590715040128,248.95846878146878,-54.968222313679576,15.654252,1.107605,0.47770116322856127,-1.3466809518856628,-4.157586894084908,7107.315
5930397078954147968,248.95794911033627,-55.00751857276372,15.654504,1.886013,0.15611984239039153,-2.2057683360747946,-5.028282534316769,4628.991
5930405668889298944,249.07050615483683,-54.84888472752383,15.656848,1.1644907,0.44679591319103185,-4.056349084685334,-5.4929054534999,6550.661
5930404947334525440,248.70233993728525,-54.763306942461284,15.657593,2.3093014,0.04779651241513102,-5.549112865653335,-5.685047929109906,4797.163
5930404019621518592,248.7089405072913,-54.845968061716455,15.659267,1.7274818,0.4272873210607724,-0.9224023176637377,-3.096991387595658,
5930397044594403712,248.94600719548504,-55.01885711831633,15.659267,1.2054625,0.5777336174730012,-6.3738395724455525,-10.175260812899126,5818.3086
5930399140538506112,249.00479146493865,-54.93709639292157,15.66293,1.4621687,0.354216274132603,-1.8385537889713675,5.411041592862217,5352.5405
5930399552855456768,248.95781476295682,-54.87011090648647,15.6630335,1.1932058,0.7663828737828778,0.25048159590012853,-9.24397875259512,5679.706
5930414671141743872,248.58543793275675,-54.80302243052296,15.663987,1.2112551,0.34747094021950015,-0.5503709318104896,-1.8046046809470488,6688.5234
5930210780441801216,249.02833253885635,-55.00498652600194,15.665903,1.890604,0.13622690541532048,-3.8027374556506417,-6.309324263441585,4668.794
5930219988852383744,249.22764540155913,-54.77041125819714,15.669338,1.2265263,-0.1182471276204319,-3.882356696920893,-6.341675576718829,5432.147
5930220225020088320,249.18126408685197,-54.76227958846987,15.671627,1.3095188,0.9760028496278228,-1.951762263505033,1.1857507773128053,
5930403293710548736,248.7750693040836,-54.862903593812575,15.67205,2.1109247,0.10439045587628913,-3.106465169205557,-5.950378156352688,4862.724
5930211398917115904,249.04810311825779,-54.95006626794665,15.672948,1.1147556,0.8641783885476434,7.923190050792135,6.46997244544665,5701.856
5930416079891013632,248.6252329274229,-54.806632670000724,15.674014,1.1057739,0.3994568946777204,-1.8220279190925681,-3.8494529050920105,7668.671
5930217377512184704,249.0966652261407,-54.91166217813393,15.676845,1.3179674,0.2897863219030668,-2.464372956885545,-4.393660058051857,5235.4136
5930402709594804352,248.61613350540577,-54.86078547286712,15.678886,1.9045601,0.14914889268801315,-5.606964878972626,-6.060632517254439,4885.2485
5930396524841805184,248.92861636146228,-55.042653166373526,15.67928,1.618288,2.161672792310346,11.25358034057918,-18.1301475171544,4523.3296
5928896520452748544,248.7718767322794,-55.02642067743814,15.681059,1.6912193,0.38358106926039603,0.839273453975739,0.3999096514718529,4937.268
5930410788490749312,248.7597358159006,-54.72666398302128,15.681931,1.8308535,0.12113741788496457,-4.478161918116614,-4.3614281498098855,4957.3115
5930399037459267456,249.0122236529103,-54.95919033870791,15.682164,1.1438923,0.621800490690702,-2.8934320467731887,-4.809301080488877,5648.493
5930401129046806784,248.72106081642684,-54.932949962184054,15.683091,1.7428608,0.04963687912544356,-4.4838453855237175,-5.736110441531823,
5930408486387969920,248.9921106693105,-54.7427895307491,15.685774,1.302741,0.45061177546605424,0.8006493866768642,-7.808494638934732,5795.763
5930210947889508352,249.02753170268977,-54.99637378642045,15.686728,1.7573166,0.13040806539810412,-2.8877715415980645,-7.391604847006309,4890.2363
5930401167762941696,248.6932955940805,-54.93862625698454,15.687111,1.5006866,0.5694236152477686,-4.702956803343188,-8.093239927343546,4952.693
5930408829985395328,248.9896921811963,-54.70456130810226,15.688266,1.905469,0.25581472551713685,-3.480956602532147,-5.809385576271201,4824.0264
5930405394011395840,249.00970925977677,-54.865573800928765,15.68847,1.9146166,0.22277909263938128,-2.1434971266618126,-4.166436249087376,4626.359
5930219473456293248,249.16511003806505,-54.81787857161747,15.689013,1.5710487,0.36755561287409466,-4.808712064678958,-7.2012202182609535,4975.459
5930401648799503872,248.7358071502135,-54.89324693545127,15.689173,1.3281164,0.5472047196234647,-0.8952505796781732,0.06922971708704373,6311.506
5930401820597971456,248.67032352841647,-54.94627002414978,15.689264,1.3274889,1.104768834016869,-12.763420219912327,-12.526721445352095,5042.2993
5930409482820724352,248.85780156715145,-54.80586036456372,15.6903515,1.9168282,0.16939347138197708,-2.5395823515771196,-4.491719493403862,4784.7725
5930407146358171776,248.9460013270452,-54.76600602732311,15.690434,1.2632799,0.44812146123723723,-1.8072847218725554,-1.814101914537198,6002.1616
5930405119132771328,249.0546113378963,-54.904215612663684,15.692089,1.736743,0.10790035069295517,-0.4418460400725511,-4.048614356353516,4860.9653
5930402984472893056,248.78302793740522,-54.87376705641845,15.692483,1.871006,0.13066299579176643,-5.651614035701908,-4.92329353950801,4839.3926
5930408452028237056,248.98098996479874,-54.74248227231146,15.693107,1.5344715,0.4286180597198762,-4.489191787707626,-10.381462487468186,4976.6826
5930409341023442688,249.00339326992543,-54.6707774317119,15.693126,1.9445658,0.1409662531353028,-4.912258962468879,-4.065632302778339,4692.3823
5930211261477823360,249.09708674708142,-54.94552433480044,15.693268,1.6676693,0.07969408332207523,-4.745036136612748,-4.798882871594024,5080.4214
5930401060327320192,248.67032638221394,-54.950965143950874,15.693302,1.8138046,0.30840859679575927,-2.1231644028825505,-2.2721296720247497,
5930416144252780032,248.5852321208411,-54.79748902545606,15.693965,2.0057125,0.12012501041601184,-3.0644076393124817,-2.702876631536246,4821.638
5930416698366334976,248.63497561857358,-54.75175826588491,15.696092,1.1893435,0.6150450991239541,-3.2277278452538165,-5.875702304208568,6678.9907
5930408692546443520,248.95802700245434,-54.717161651521174,15.696145,1.1381378,0.4526234225511606,-0.16625903134405973,-2.535588581157931,5944.921
5930396769648206208,248.87502481113208,-55.032775551815924,15.698993,1.6444511,0.5101652289685169,-1.804372300475293,-6.066554258146116,5338.349
5930411029008930560,248.73524532348455,-54.70273563621651,15.69923,1.3311996,0.3503675154155296,-2.5264138839879893,-2.0018172743781677,6568.27
5930407730473702016,249.05930512484818,-54.74169574814623,15.699448,1.1980867,0.7403382855862384,2.3635270041092795,-9.2753005547908,5609.9756
5930405565810115968,248.98554554653575,-54.83733612794314,15.700119,1.8163223,0.12406694276279531,-5.225006494279702,-5.985407183932452,5083.398
5930401958036940288,248.66466839877273,-54.914627107666945,15.701315,1.2620411,0.5635330918577147,-0.8757774122615384,-4.694387892985548,6940.9395
5930407073281879424,248.90268054715892,-54.776627804160356,15.701459,1.7577019,0.08462449115393175,-4.163062087733666,-4.7419401970229424,4999.9297
5930408623842266880,248.9973670509373,-54.70655527325817,15.70298,1.8127127,0.20707071784430992,-5.939332481412037,-6.235662359971537,4975.2783
5930400308769691520,248.9460498736781,-54.87820186067732,15.704231,1.8321667,0.10205118828291389,-3.2778928514334353,-5.262787994332681,4802.702
5930407073281880832,248.91633514840777,-54.77560439743631,15.7053995,1.6297112,0.2885832602496963,0.5820060952136685,-7.253849724001162,5355.621
5930400755446056832,248.715931110574,-54.992424728029846,15.706952,1.2403831,0.40878993035342215,-1.704884892342589,-3.388879552236432,6508.685
5930406115565944064,249.01820937941238,-54.805819879798115,15.708418,1.2515001,0.6128295122443248,-4.3057317444562395,-1.918698997890445,5163.5664
5930411677485606016,248.90658148778445,-54.70778678679964,15.709151,1.8630476,0.09206663864518105,-5.2646739743688915,-3.732927554369278,4883.232
5930403607320671872,248.83941357011827,-54.81583041348581,15.709593,1.32131,0.931060651436084,-5.94130378825743,-4.9467852671140715,
5930396941515191808,248.93414372031555,-55.01567726488888,15.712632,1.1389332,0.6520282316215993,0.45351511817110796,2.3885898870231497,6008.1914
5930209268613286272,249.03268378966445,-55.03689200889925,15.713175,1.6525211,0.30273948702701414,-1.1231547495607348,-3.3620537302949143,
5930401373921552640,248.78431907463056,-54.92267496404777,15.71409,2.0021448,0.24088635498057873,-3.8099546602103915,-5.891579765417479,4727.7056
5930411888002168960,248.90828927882293,-54.67850189109848,15.715739,1.8989334,0.14089007233943363,-4.498243090064187,-5.400817543043819,5440.172
5930410784132388480,248.75175831867293,-54.72893593338749,15.715773,1.4140482,0.4697394621926143,-4.27967210585014,-9.62572541977762,4941.205
5930397697429324032,248.78843142237184,-55.00380789194242,15.716369,1.3236504,0.6370314613663062,-2.4365760221261215,-6.947861457945738,6690.576
5930397658713176704,248.80007251477807,-55.02925132530336,15.718499,2.0315228,0.11286422840169644,-3.702341254020856,-6.123754725314003,4739.0586
5930211089679448192,249.08108095582787,-54.994444219772056,15.719948,2.1178217,0.014127153791044202,-3.9930026928196796,-4.634274759140334,4896.9097
5930216243640689792,249.17591462298543,-54.97481977704412,15.72012,1.1946554,0.6409297351652246,-5.467884322234526,-10.277630998968217,5711.2734
5930409753341461504,248.8182119905656,-54.78452279983736,15.721898,1.2427187,0.6626382713819169,1.6336831827600231,-4.479608023797219,5732.728
5930416629646857984,248.64543586962634,-54.751677546925606,15.7243,1.8696146,0.18274434664401584,-4.263975345106887,-6.023660238477197,4688.968
5930398796941107072,248.94666093055622,-54.959063504901515,15.726205,1.8651171,0.15244624028690565,-5.779196422933696,-4.284067505667914,4789.2847
5930216759037013760,249.23993406923523,-54.89513982827602,15.726997,1.190918,0.39511561458026156,-4.548301769363164,-6.523092764254631,5383.4062
5930399827666029312,248.87957392125801,-54.90260747168422,15.728202,,-0.009608881988879818,-3.9427176541010476,-4.433842751417984,
5930416629584816768,248.6551334903963,-54.769713837073326,15.728233,1.258482,0.35407353121140595,-1.344984695482168,-2.1622378736574372,
5930219366028249856,249.18070071427894,-54.83529430214096,15.728442,1.8208876,0.2153950486966263,-8.138454256005302,-6.9147871824873,5162.1772
5930210917880756480,249.05754935937065,-54.99728280774162,15.729724,1.6762514,0.24724111954692427,-4.618665275314887,-4.270482846404063,4709.1978
5930399071819026816,249.00665495161806,-54.938347774861604,15.730576,1.2332048,0.6173887214020268,-5.686433306048238,-3.2340017077948806,5875.5845
5930400824165530624,248.76754687167482,-54.975360671116576,15.731377,1.9251528,0.06361877206577646,-2.5663536709221084,-3.8505332817265145,
5930403126268282752,248.80548934525265,-54.8631990832464,15.732335,1.3461962,0.7889754331687908,-13.676634098430107,-7.2532137014861755,
5930411956721653888,248.87078410645844,-54.68630335957642,15.734774,1.1763401,0.9748339993443964,-2.483877812643197,-9.839063053866218,5450.8506
5930402026756427392,248.6500641801946,-54.898676189905196,15.735253,1.4731817,0.6147138384387618,2.2089586897469844,3.5185568006439336,5604.3423
5930403401146224512,248.76369633369836,-54.84201603043053,15.735903,1.2005148,0.398623352379774,-1.993197764944237,-3.322973882683824,6751.0
5930398345907985536,248.8427761085555,-54.9562603536521,15.736593,1.2085371,0.4177640439833435,-2.08522888512279,-5.91758848260557,6883.878
5930217892908282624,249.11079639386904,-54.88461666046525,15.7366905,1.268095,0.4466158631571969,-5.441602705928598,-5.711697600485274,5356.215
5930398315904796672,248.8080185905794,-54.95070983200741,15.736945,1.7887669,0.451749377524781,-1.519935925002589,-2.6701614681795514,
5930409792058301952,248.82600844269686,-54.78390034260531,15.737072,1.3025866,0.6965051899723465,-3.0559985367925906,0.7806140386472626,4961.551
5930408314589275648,249.07668549207884,-54.708224058153924,15.737122,1.5480175,0.6328552705459324,-4.513907527873754,-2.317668150210325,5044.772
5930408688189633920,248.95984191686262,-54.718450078805986,15.737939,1.2428513,1.1277156631749539,-4.053154530706254,-6.82311271148823,5309.502
5930416182970239360,248.60664290952508,-54.787011256015646,15.739615,1.4584112,0.31873721367550556,-1.385663897444296,-4.41590680860773,5111.283
5930406489166267392,248.92000313851233,-54.81861995689424,15.739672,1.2002974,0.48013552278685967,-0.3374622815525501,-1.6535538569461434,6806.923
5930406424803627776,248.94746883329293,-54.80687882334445,15.743671,1.3329239,0.9058841153770864,-1.9296083592809707,-4.383015828125438,5583.362
5930411303821853824,248.82149741069733,-54.686335966023385,15.744003,1.3809757,0.6514565474986224,-6.682439473992417,-9.001276525411082,4931.292
5930422676961476608,248.68426012055454,-54.7130801778493,15.744948,1.8987217,0.1298618021428225,-4.343301380903993,-5.091512458760937,4650.749
5930219748304848640,249.13611732112076,-54.80074814913368,15.74554,1.6953506,1.5701159491999372,-4.047416103288366,-6.295092977979353,4273.4893
5930399621574857600,248.88747821158657,-54.93883550271956,15.745612,2.1419983,0.07117249526847325,-6.134257602959222,-7.860659221019513,4983.6597
5930403465509258752,248.846269076953,-54.844976978725,15.748146,1.9055204,0.2284365707289029,-5.5655233530302155,-6.745559933600095,4808.1997
5930409517180389248,248.8521785528472,-54.7954488706872,15.751772,1.2585497,0.4820738031266619,-3.5649451433761747,-2.483925073242915,5210.6597
5930405394011404800,248.9969988421049,-54.858563404103926,15.75433,2.33926,0.07883000454681247,-5.893796640585528,-7.151644065651774,
5930406253005225088,248.92707203144246,-54.84240151458225,15.754762,1.811943,0.09344066146790589,-4.941114467367903,-4.6169356285065515,4934.3955
5930403194987760640,248.76891696354843,-54.86648606887521,15.755381,1.2323112,0.42028356485198526,-8.821194998218946,-9.439697943661226,6591.504
5930398208469025152,248.81460031061945,-54.96758813179491,15.755426,2.753501,0.001915855084383855,-4.291434050288314,-5.911928818095557,
5930397078954153984,248.9498507992361,-54.998293389980674,15.756036,1.3067026,0.5841968402143222,1.7948189957059844,-2.3730900332118523,5636.7407
5930216239291619456,249.17459402931115,-54.96804521674171,15.757582,1.340518,0.574768205636956,1.4317124021883707,-5.990097900170029,5273.3887
5930401099043450880,248.72174546486386,-54.959023511219264,15.758007,1.9467049,0.19290139724188804,-5.984041410396425,-7.47870982077642,4720.4106
5930211192758345600,249.12186830728757,-54.961820314851785,15.761188,1.2622147,0.4200892413063311,-1.1864262019886063,-0.4149978707022727,5995.177
5930209195542832128,248.98879962460447,-55.049736793157535,15.76174,1.7841702,0.13229282646101947,-2.217413248931752,-6.0561994558166585,4817.262
5930410204374936704,248.90856211910804,-54.731099458738825,15.763939,0.93642235,0.2083536043794521,-2.1594803247317897,4.196095789778256,
5930220023212123264,249.2153348029481,-54.77496244573307,15.76414,1.5096531,1.401501450042251,-0.22526587536931386,-1.8047478093918383,
5930209062454852480,249.0398726409807,-55.040811028219395,15.764258,1.8339472,0.11634322557730115,-3.5202109823295338,-2.1170954804390107,4901.197
5930218683182270208,249.2209192347245,-54.83216027368776,15.764996,1.2059956,0.3462690625554885,2.9669787645013876,-3.672728212383135,5928.0654
5930402817030432384,248.63689491145055,-54.84777837013432,15.768615,1.2528238,0.23727745992997634,-1.603448707441973,-5.66690505066666,6779.918
5930403298066983808,248.76839614548052,-54.86068652842942,15.769464,1.2849979,0.48296146842369536,-2.9192321783142328,-1.4414077741109024,5738.109
5930217343152440704,249.0798103692056,-54.92442739287406,15.770813,1.1904783,0.6164594835953346,-4.596240625394714,-7.1179105449545546,5954.2817
5930211050975013248,249.10010471238706,-54.98989775087252,15.771046,1.6382208,0.48338430662898724,1.4747876210553243,-4.969481707810569,4830.4795
5930409723338583552,248.86166409744217,-54.76947677066197,15.771484,1.3666134,0.5074802720485099,-3.270766603744667,-5.620806421988359,5391.954
5930401202122682880,248.70803461084145,-54.926395463030396,15.771619,1.264637,1.1360569510455822,7.588195085123449,8.07814714181092,4894.644
5930409654619105280,248.87352939597292,-54.76570667943269,15.771673,1.8701859,0.07993813526565904,-3.8987203048476595,-5.749307936284461,4725.023
5930401438284462080,248.7535714818267,-54.911969577654524,15.771764,1.6963911,0.3825911212816017,-1.5829611281472142,-1.2895832275082661,4813.701
5930217446231695488,249.06389092058163,-54.89621739459029,15.773677,2.0188866,0.19325861431900235,-4.232287318207755,-5.332398181569098,4703.2036
5930402370353811328,248.6853628637165,-54.8829011881321,15.777923,1.2518272,0.5765367479426677,-1.8213121237288197,-1.7912613239041524,5770.872
5930400789805798400,248.7283104104559,-54.97679804549986,15.778294,1.8215132,0.13197501479632942,-2.9149737117376766,-7.701592229188362,5964.8296
5930401751878737536,248.7310452205565,-54.87942238660829,15.778964,1.3580723,0.3791830408822953,-4.948833165360639,-4.437960798671359,5131.0474
5930402297277938048,248.60047687221947,-54.87627526305232,15.780101,1.1737413,0.37821900933798913,-3.2410087782001664,-6.041783282016748,6896.815
5930405664532503040,249.0769181057041,-54.85328739115521,15.780331,1.2343607,0.42512745558011783,-1.0108828756436399,-3.030600539364301,5572.583
5930402404713547648,248.663227840353,-54.89607447454102,15.7817135,1.436902,0.637658695058097,2.3304876366958975,3.411051939438075,5299.723
5930414121385670784,248.5678351381308,-54.86079085899761,15.781963,1.5253983,0.5523503192868388,-5.934671133104257,-8.819222610703559,5346.259
5930409276662025088,248.96542205952593,-54.68118584129095,15.782305,,0.9073999719155884,-3.1655249068512115,-4.909304486638296,
5930217274432950144,249.12618108050046,-54.915657321269826,15.782689,1.2319975,0.384033444060268,-2.7261076581346884,0.3309922553901553,5745.8037
5930410479252903296,248.85603858493647,-54.69351112735892,15.782813,2.5417776,7.5665981936177635,-62.35651029256671,-71.07651926079298,3469.2532
5930398522063170176,248.99292698831607,-54.986515112728384,15.783388,1.2616138,0.25219924411920486,-2.0217796905854577,-3.6626746507371326,5251.133
5930407489955493504,249.07829809717123,-54.766745591592155,15.784211,1.8333817,0.14578042786697995,-4.761400434582674,-7.0978849359430765,5121.9937
5930409482820644480,248.85674855916778,-54.807463595789045,15.785032,1.33883,0.4784733363354225,-0.6826432024663853,-3.47163936859981,5760.8633
5930414568062277504,248.61014317000763,-54.827867106353544,15.785293,1.272028,0.6787561990393103,1.947939032842563,-4.51009077800785,5258.431
5930403396789800064,248.74806676458718,-54.83013460201825,15.785373,1.2958937,0.5722164089213694,-4.439880834179247,-5.606882466687902,5219.793
5930406630962069504,248.93203775193987,-54.80306985571359,15.785981,1.9915829,0.11871779490125675,-4.467934996103024,-5.269259646287048,4887.8745
5930416728367114752,248.6349898292548,-54.74546840432679,15.7868805,1.8329239,0.20442157820810708,-5.706884592637979,-1.3773599888489545,4853.0806
5930217927268040448,249.11965069453169,-54.86485410932476,15.786934,1.8854446,0.1695810137713854,-5.4094343996407535,-5.855187562261105,4744.5957
5930407593034713472,249.05504090440263,-54.77338960080399,15.787663,1.2179155,0.4795641734803925,-2.3296162905513578,-4.356574052452322,5782.4375
5930410925929706496,248.71135337381673,-54.72734643710338,15.78824,1.2695503,0.3732444441425318,-1.9493575365769118,-3.915708966894152,5196.8843
5930406321724365568,248.96935320954543,-54.83838939584319,15.788432,1.185895,0.5168158506659084,3.058759430210304,-4.950203325925015,5800.487
5930402198555126272,248.61574744226536,-54.89687417703802,15.789865,1.2517385,0.4970740852443002,-0.47162287356829624,-4.008891560162937,
5930398826944317952,248.91682690701737,-54.963788374451305,15.790886,1.1654415,0.6961831757589287,0.7801343895447743,-1.1505029526555985,5853.293
5930402576512503808,248.6815203167509,-54.852315724458684,15.792356,1.1390438,0.6030486807801915,-3.8718169158291262,-7.04970136763022,6668.315
5930402748310952960,248.64748610099764,-54.85173812163408,15.792649,1.2167368,0.3109990717918929,-5.48299060192663,-4.801100097302764,6543.875
5930396460478840576,248.94157224232004,-55.053777740397294,15.7930565,1.7707291,0.24028530832565573,-3.132070560925084,-2.6293635275893514,4963.79
5930397663069580160,248.79412037153244,-55.02050908841396,15.795639,1.8987503,0.17271757941279395,-2.1015132435169113,-2.6647294877931467,5000.569
5930401133403202944,248.7134290155244,-54.930280886416874,15.796308,1.3134737,0.8637340186498645,-9.913208782359561,-14.357548860324773,5491.398
5930405668889306880,249.0664151413877,-54.834826411042904,15.797508,1.9588003,0.18393708326409258,-3.4541194669151367,-5.338650185704253,5021.928
5930408280164285568,249.0955854088464,-54.70142151307567,15.798657,,0.013447476077476608,-2.24450266002502,-5.134376759299668,
5930211089679448960,249.08008617693764,-54.99299280985439,15.7997055,2.0816584,0.10052610273984278,-3.5369794811401416,-2.6844823593626685,
5930216415439421056,249.19997046507166,-54.9356833529232,15.799874,1.4508953,0.4763084705912533,-1.1436356030008858,-5.290222371898052,4815.771
5930411991081385984,248.88224237044898,-54.68839627947158,15.800726,1.8747902,0.2018343572615194,-5.037564808673697,-6.588665585060886,4839.7007
5930402301634348544,248.61681899206005,-54.88143612782272,15.801484,1.8999023,0.13021128999912557,0.14011494164651483,-6.055995425752336,5126.959
5930216449799169536,249.17605152197774,-54.9393601225727,15.802566,1.8720331,0.09166447365095452,-3.064669035312302,-3.8573161631990693,4648.212
5930219679614730112,249.1615890205786,-54.813451755954794,15.802878,1.6237202,0.1531921463035492,-2.6331232208076956,-8.896169586879097,
5930219778348869120,249.12551164203262,-54.782593273645965,15.803049,1.7870808,0.13441697767455463,0.21529269423860353,-0.8108172432902474,4981.9966
5930400618007409792,248.8618836455728,-54.83537590885245,15.803647,1.9108963,0.19617827810775312,-6.814899997652046,-3.1985193073184894,4980.353
5930209058103884160,249.04077368401772,-55.03983633543321,15.80431,1.2165012,0.7590989416016731,-7.9182113472049585,-2.0896191755126434,5075.4536
5930403194987753856,248.7742570876438,-54.87210763726227,15.80495,1.3313284,0.3515292125623758,-1.1973257047912464,-1.9141634687051465,5826.267
5928899780277756032,248.65628808743364,-54.981570581737806,15.805304,1.2834339,0.5525188001917256,-1.9603351099747197,-5.354196302897173,6479.2803
5930210952240504448,249.01856519550526,-54.98290673631321,15.805892,1.1598082,0.4407412765217471,0.46665983557967916,1.3243864662407594,5909.622
5930398418984025088,248.80020531000574,-54.94171666177466,15.8065405,3.5427713,-0.007294396471465049,-4.4825240706088865,-4.020421594921821,
5930209234253545344,249.00413164400652,-55.04428213177642,15.807456,1.2535372,0.4368276419755024,1.214237473506325,-3.9102794910299474,5697.876
5930402576512491392,248.68749803338622,-54.86077072275408,15.80788,1.8573217,0.12805175553314238,-2.3909490116791288,-6.395140879512754,4982.008
5930403332426746496,248.7760598611961,-54.84153270937583,15.8083,1.1578436,0.6036588732741124,0.12239072447465993,-2.3783925846149847,5942.3267
5930403057548792448,248.82622558999591,-54.869879684832156,15.808487,2.1128988,0.1501407443244639,-5.771270506668176,-6.0227587157674005,4837.791
5930414464996957952,248.59149043958578,-54.84610240463955,15.811126,2.011961,0.10356990343639923,-3.4356307708397207,-3.8040313114142457,4767.682
5930410651051788032,248.73875861684118,-54.745225658533954,15.8123865,1.1998987,0.5986603803200581,-0.7003703011584839,-3.397709409778346,5763.128
5930216415439411072,249.19390227436304,-54.944580883645926,15.812765,1.8209658,0.12041575449288744,-1.6550316252422954,-2.6528960634344743,4705.647
5930408482031195008,248.98215277250887,-54.731605736441765,15.813133,1.0921059,0.39072619601871733,-1.7356713358152454,-2.967945494348028,7194.567
5930211463288101632,249.07249956686738,-54.93846737118923,15.813336,1.1632948,0.6287008836227906,0.09507113991301597,-1.239369940431878,5693.9014
5928899750268207104,248.69973246365095,-54.99081333744274,15.816336,1.4109097,0.4997538917870529,-3.434282998772267,-8.586277885492802,5837.104
5930217854199687936,249.16045284089034,-54.862297836699234,15.816628,1.6901398,0.11784155619871906,-4.369866066638096,-5.335823609855285,5516.398
5930398109746338944,248.87965086183132,-54.96806522610679,15.817351,1.2292881,0.5070024827174386,2.6285312116213304,0.9219386914818057,5946.1875
5930218442664039168,249.23538708104016,-54.87800981447618,15.817602,1.8950758,0.14474699066907004,-4.742699487799873,-5.490000382698578,4835.165
5930409036143825920,249.01726012264868,-54.692138419130934,15.818174,1.1979055,0.4530843355722686,-3.534852995821686,-4.576727060797338,7092.1025
5930402954469547520,248.7879596647394,-54.89757082361028,15.820498,1.5218582,0.6535141107749147,-9.63174504489643,-10.994628034196076,6075.4424
5930396872795704832,248.95715518283114,-55.03727439288924,15.821724,1.2726507,0.6576747986743259,-5.422350035096844,-7.5408999723546195,5882.262
5930404225779998080,248.70286074205288,-54.79997157284045,15.822343,1.1812077,0.2992425868290438,-2.6614261927394516,-2.0393543408690036,6698.4414
5930431747932934016,249.10941837246034,-54.69003977905397,15.822923,1.6644163,0.3142823988307565,-6.535952860472074,-4.491207819915042,4845.2114
5930398384624281856,248.83444673135443,-54.94101180304838,15.823809,2.3068066,0.01155953704885683,-3.461485058823821,-3.647144875829575,5023.6626
5930406562242882560,248.8773285747025,-54.80792758194957,15.824575,1.3596897,0.5215158182096905,-1.898987994861407,-5.702621293708807,5219.1597
5930397594350098304,248.8329897548404,-55.018807493784756,15.824861,1.8262825,0.1606681734615453,-6.667338750712949,-6.429618376723652,5195.002
5930397113313879936,248.90289618079981,-55.026450284882074,15.825191,1.1592712,0.39270774825709526,-8.129032852764956,-8.297778748218047,6370.0483
5930410371817306112,248.82265746721927,-54.72530359489341,15.825353,1.9722261,0.041864420107346936,-5.539656893453839,-4.899342457865116,5278.402
5930219713974483200,249.1578139923614,-54.78984297943314,15.826326,1.6301718,0.2555768576979561,-3.3908007665688773,-4.476837282291829,4924.2046
5930401850601305344,248.6354754858658,-54.94521301671653,15.827015,1.2630663,0.6788353977678786,-2.7702602168424715,-6.39116362833706,5911.329
5930404191420236416,248.70975882085793,-54.82204241068739,15.827314,1.5936975,0.47565871499089385,-1.0325229724695046,-5.3589712905746705,4903.2046
5930220298090050048,249.16662996865108,-54.75810264669448,15.830868,2.6462116,-0.09805126959665755,-2.773387895666806,-3.367185213305367,
5930210436844099712,249.15981249569822,-54.97537957389854,15.83285,1.1606598,0.6602224425399608,-4.008462415177102,-14.983215500225882,5662.042
5930403774746932608,248.75321403698302,-54.8225468751836,15.8332815,1.8522072,0.14604629054508592,-3.278459260303238,-5.262668691197499,
5930217618030337536,249.152225459212,-54.90123887560111,15.833503,1.7005281,0.1502179155156081,-1.8866882841957018,-7.054380851217346,5142.982
5930408005351581952,249.13844297244572,-54.729229741687945,15.8336525,1.1878338,0.5728063035532098,2.8551092500950217,-4.456850981098157,6690.8374
5930219267297825920,249.17921738008846,-54.848286660020825,15.834159,1.1408186,0.6715991514509124,1.894756779678211,-5.315958998234603,6065.2153
5930210643002832384,249.09211221917698,-55.01594637911052,15.834596,1.1804276,0.6254870848879717,0.6903086983804958,0.15616812103934297,7149.512
5930397182033369472,248.88013376727832,-55.00606792373379,15.834723,1.2285957,0.44201810829174615,0.5443212278996254,-4.302678047438512,6910.356
5930220160651092352,249.14864334315598,-54.77571200443264,15.835535,1.2635527,0.3736567932670913,-3.501504283011503,-3.5774984541442993,5700.1377
5930409585899871104,248.83541832839424,-54.784308251720475,15.835709,1.2130203,0.6345957914229794,-2.9331062534969394,-5.40031337044974,6481.255
5928899784627958784,248.66641158527133,-54.98658875663256,15.837871,1.6895361,0.5073804953124474,-1.45242287257966,-0.2987051203867969,4960.355
5930407386876600832,249.09250353746702,-54.78691616551882,15.838498,1.2321177,0.7979846390275696,0.9676325441883331,0.515547309965844,5524.863
5930408859987072640,248.95254408484135,-54.696060825732744,15.840871,2.0837479,0.1403492724623158,-1.742303088731993,-2.363196818726435,4724.3794
5930403469865685504,248.84631399616143,-54.84264683098179,15.840975,1.6607466,0.4605182057680882,-0.055511731706286316,-4.624273853647253,4911.742
5930403435438845952,248.82385253806166,-54.858028431622266,15.841965,1.2631884,0.5902249447614241,-2.04644337193744,-7.016829800856556,6736.336
5930397628709979264,248.8326643655827,-55.00021092942213,15.842044,1.395688,0.39266962811919165,2.0946725124194017,-1.3221600002816738,7134.5034
5930400755446055168,248.7207836931007,-54.99309248137214,15.842122,1.7426977,0.2610897664807859,-0.24477739844812257,-1.8111249871173551,5056.506
5930408795625655040,248.97145908934462,-54.71380445318056,15.844463,1.1755915,0.5336818680588593,-2.4587925214820547,-6.595910738376466,5274.063
5930217136993985024,249.10574488802288,-54.93158495928727,15.844766,1.920063,0.13184415248702214,-4.75589394347338,-5.519580902355164,
5930210947889509120,249.02680187656506,-54.991485094659545,15.846166,1.1237478,0.7334770050787347,4.791910245738647,-4.607529631370864,5752.7505
5930402026756424320,248.65540072292384,-54.901570728768064,15.846638,1.9295073,0.10811125809608127,-3.377644638778121,-4.349621001249497,4801.89
5930217789829040896,249.18978582093376,-54.87446729758433,15.847125,1.1360435,0.3946138634434624,-3.262745943010663,-5.091166498760286,5613.8174
5930404397578678656,248.690885934806,-54.813207286679834,15.848399,1.2022915,0.5272273245497662,0.017873625454379427,-2.7582750229578634,5853.727
5930397594350102912,248.82504523635015,-55.00915596849819,15.853279,2.3891954,0.05901759347540465,-3.9855574841328387,-4.476168197238187,4612.728
5930404191420237696,248.71596220737578,-54.82027685693629,15.855678,1.8136816,0.18435310746325909,-3.793144441501128,-6.2927859509654915,4767.2554
5930401202122683648,248.6959096204885,-54.929750702950855,15.856339,1.841156,0.11669662708518805,-1.642810272640481,-5.138189331275601,5263.3643
5930397456911143808,248.80503190084877,-55.03593194205313,15.856985,1.492837,0.6533332243853518,-2.1922858382556414,1.8359124484525897,5540.3315
5930398556422910976,248.95877970602038,-54.988128593536864,15.857177,1.3868275,0.44930531643663263,-5.095912832543897,-6.2504674537392315,5042.67
5930400686726573824,248.7452596459417,-54.99403840614069,15.858584,1.3732595,0.5876890412308984,-1.4694355825979943,-5.007626764487527,5046.0845
5930398693861886720,248.9682176118942,-54.961862444615896,15.858649,1.1883326,0.457577643399647,0.6683719559567096,0.8477078466141934,6322.3325
5930219920132906368,249.19161977464893,-54.78738325793617,15.85868,1.8275042,0.11776198309010884,-7.4625758423177615,-3.047528081163752,4866.001
5930409860777791360,248.8025103898214,-54.762083185868754,15.859013,1.3010111,0.5362080282000111,-2.7318505354527414,-6.655649813540956,
5930398281544892160,248.7896987715285,-54.963530105355105,15.859263,1.3683634,0.30448475985445583,-1.1816036393357356,-3.93683514308582,6378.8247
5930402091119488128,248.62174791338836,-54.919756494816276,15.859742,1.229743,0.5033216680971332,-2.4834216344368523,-3.628298284374089,6546.7534
5930406802760759424,248.95011499765224,-54.797292664256325,15.860725,1.7675991,0.07838111306246787,-9.4043840928636,-4.313985860079686,5415.892
5930217304443733504,249.12271038558,-54.90514486347597,15.8619175,1.2884407,0.6256831128733458,-0.5073384603994673,-5.00981211271449,5635.2896
5930211394568584576,249.04163919986718,-54.9488361708671,15.86219,1.1752901,0.4016212889918761,0.29990997797645214,-3.4762548974903753,5231.684
5930404431938438784,248.68459356716832,-54.78864554199146,15.862261,1.2287569,0.44270982561969613,-3.1008979866200574,-4.821617918891427,6599.274
5930400995964239872,248.69392546485304,-54.96222307133548,15.868602,1.3207693,0.6643845902633664,-2.195794043873073,-1.4318782674368478,5128.248
5930416217329977344,248.63176661102915,-54.78464472342532,15.868746,1.197978,0.36185836641967684,-2.5308296208991097,-1.5202423759309607,5401.998
5930406935842933760,248.95671485136532,-54.769217973536556,15.869143,1.3783016,0.4787137085359588,-2.0068187756076874,1.966652101331995,4927.647
5930401717519137280,248.71271859428413,-54.889719900929386,15.869255,1.6419859,0.4110965447222669,-4.869241557902342,-7.906058922477573,4830.904
5930405737608787584,249.05849308545297,-54.83285640298545,15.870858,1.2661247,0.4101418252984864,-2.826738232370188,1.8426963482652634,5612.101
5930408726906186624,248.93119908119547,-54.72193957134926,15.871301,1.2430162,0.44263724704411483,-2.9228335604600346,-4.642231008043911,6726.4434
5930408447671436160,248.98495468822006,-54.757349100339304,15.871859,1.2362499,,,,
5930211261478155648,249.10814347541117,-54.96044017984712,15.872702,1.451664,1.480659964807232,13.082468966876183,-5.421412101550161,4723.2983
5930414018306448000,248.56869518646434,-54.87227673709682,15.873252,2.1675596,0.07138164141755395,-5.86279162982545,-7.05817749588472,4725.264
5930210677362576640,249.07612205818418,-55.01124112748277,15.876533,1.2640371,0.53907316292108,-0.9245129085039332,-2.2420214657227757,5631.6187
5930398247185292672,248.83184880282002,-54.97363025568209,15.877956,1.7908478,0.36841837512758,-4.854597423066833,-3.102421114254461,5054.194
5930398247185309568,248.8228748373699,-54.95942410999523,15.878018,1.2426405,0.42004734644250585,-2.330652854177618,-6.351984918575417,6112.1714
5930403946545682688,248.78920067969594,-54.78027853311958,15.878112,1.2506933,0.32176550755052247,-2.1720087747478467,-4.582269184640063,5363.459
5930211467636592896,249.0813679867592,-54.94460152304578,15.881529,1.9011717,0.10219831706899878,-2.855965441538637,-6.318751175914494,4909.5664
5930400888528615680,248.74475605754049,-54.97091254365134,15.882165,1.2962904,0.6480153864697129,0.32567314973738437,5.2175167758763275,7178.8564
5930403813463128192,248.76221724539795,-54.80229444695913,15.882442,1.3311958,1.0173518780820052,-0.5336610901030836,2.3301082485155526,4792.909
5930402267274820096,248.60971905742906,-54.89022102611215,15.882622,1.3083277,1.0340598626724073,-18.119863595749926,-15.158522960312855,5109.712
5930217824188796672,249.15207980281238,-54.87540054030204,15.88267,1.5242319,0.368050942231955,-0.6248964713980458,-5.537494328894272,4974.7925
5930409001784083328,249.0139024642902,-54.697015937236095,15.884098,1.242734,0.6278929844016464,-6.937389639673281,-8.651763807069164,5749.495
5930416114250758016,248.61474175268057,-54.79516166975713,15.885486,1.948267,0.21762302446421997,-4.23499088995149,-7.450719161556851,4627.629
5930409139223063552,249.0150142164885,-54.66726318734264,15.885954,1.3940306,1.4837656018882788,1.1179022914264127,1.1401055443042034,
5930404053981263488,248.67549056299546,-54.84487423534516,15.886043,1.2310953,0.9999978469881118,10.024511990431627,-4.512749710265921,5313.1323
5930211398917112704,249.048714308326,-54.96034685523042,15.886464,1.8021193,0.1909137914516197,-3.812439802227445,-3.1016807026964237,
5930399003032086656,248.9383039625055,-54.933362909110265,15.886734,,0.11479259187221938,-4.21660433175369,-7.240464546086907,
5930217961627784832,249.09000018837787,-54.87247976598563,15.887263,1.0788155,0.513730979685466,0.23067128179827878,-0.8900625516261693,5655.3877
5928899475345545216,248.7474298466993,-55.01214939135128,15.887294,1.3337479,0.9868395784116705,1.1657046819438481,-0.6814547211326674,
5930410616692045184,248.76350272137395,-54.74884795780867,15.887472,1.2214603,0.4224441812508357,-2.868619258036138,-8.1907094549957,7161.301
5930410376173676160,248.8182052120775,-54.722344953608264,15.889356,1.8824949,0.1301622104214941,-0.18945814733710398,-2.7011512424185398,4881.7793
5930407004562381824,248.93814277597644,-54.79045508737365,15.889683,1.1937008,0.7820459851437255,-4.413436448922388,-5.940381186715953,5271.9644
5930412021083037056,248.84025196245634,-54.670751657638,15.889991,1.094944,0.26559082073549367,-1.1447689495173923,-3.092887011491597,7717.0435
5930405840688014720,249.04471525487696,-54.819378581641516,15.890936,1.538374,0.27580895342171546,-1.6469608506384934,-7.27641910524662,5061.741
5930397834868278272,248.8083050463646,-54.992677426196856,15.893136,1.9262657,2.4234651620575782,0.6129582936181874,-4.386990860396596,4333.2324
5930409718981748608,248.86320486976163,-54.76682078892983,15.893454,1.3735304,0.44287603004491194,-6.166355688955051,-4.959633337820265,4955.9404
5930411853642432768,248.92797857238335,-54.667697416310084,15.893794,2.1872072,0.022495613604763817,-4.963859058021523,-6.716495388383834,4658.507
5930216415439405440,249.20016233155533,-54.94669278294153,15.89389,1.3980913,1.3825123060534994,-5.597355601976557,-20.859507562663072,4769.795
5930216243640697344,249.1630460472179,-54.97604696601183,15.895654,1.7872324,0.08801370205833911,-5.554379445658121,-7.074947770977846,4925.2563
5930211050971041664,249.11636766346638,-54.99059748659887,15.896167,1.2048569,0.34930037414521486,-1.1111494364120125,-1.7578232918924244,5228.095
5930407352516514432,249.0761064772562,-54.79314570150379,15.89662,1.1976604,0.617736134551531,-3.480335817918397,-2.975625822858247,5453.9844
5930216827756300672,249.21373498822493,-54.91645700437227,15.898915,1.1185846,0.4959513784532508,-2.0828681029135416,-2.1384283894107914,5709.8594
5930405737608791936,249.0472123196564,-54.8312723050242,15.899128,1.1110401,0.3740784441741485,-1.2408521181268017,-4.299789681926979,5959.514
5930406832763701376,248.9703367604446,-54.78357033672569,15.89939,1.5261936,0.4785026539625528,-7.493612270551452,-7.232482827680759,4782.438
5930401511360327040,248.7191832651808,-54.92301109118957,15.900405,1.5921917,0.5131531781637485,-1.8226129216989504,0.8248488328561725,4924.845
5930400618007384192,248.87191406478289,-54.852729026421045,15.901622,1.2679815,0.30101477936062243,-2.5573982237254795,-4.941994778401751,
5930217068274467328,249.12874328181948,-54.95501659613199,15.9018545,1.1221113,0.23410404716006117,-2.4316105366421894,-4.80061422560832,6039.15
5930406287364963968,248.94203573150165,-54.840315185266334,15.902373,1.3307924,1.2577595278153115,-2.3745036370552315,-8.597460097313675,4939.054
5930403882182608128,248.80106580452346,-54.79417554683388,15.90248,1.1684284,0.22383083155732258,-4.331295339601054,-4.688437696709289,6061.49
5930407867912603264,249.14109501004492,-54.748263103613226,15.904432,1.9912424,0.15633079709485073,-5.156564174646475,-6.8166300417248,4749.8
5930402370353802880,248.693445930217,-54.897452340433695,15.904634,1.6190739,0.31408386307703945,-0.937755691506856,-2.084692346321985,4939.7974
5930411853642417408,248.93252681792862,-54.68097463854303,15.907358,1.7556849,0.2475972575430328,-3.798817589372866,-0.17715258246737597,5470.9517
5930398831300851456,248.9111382130898,-54.957559548181315,15.908545,1.1593971,0.23261717277753832,-0.9135434270973768,-2.632387473820664,7320.9556
5930403160628009344,248.7425139723292,-54.87923327553869,15.909923,1.3111343,0.5243310798653859,-4.889743446032756,-3.388686717971386,6372.6016
5930401786238236160,248.6550022952162,-54.9473091223394,15.910642,1.2923498,0.7255474839935248,-0.6119909827854766,-11.57007356232015,5833.878
5930404706816350848,248.76187912894613,-54.769299438292094,15.910724,1.2614069,0.7346583620127034,-8.236835240924922,4.778506095633495,5367.1763
5930218060379758208,249.14200993509988,-54.84877897031036,15.91079,1.2171726,0.5602220284412229,-1.862026816610984,-1.6691625416681923,5727.8145
5930400892885015424,248.74162763557064,-54.96670921092368,15.911197,1.6112003,1.776144329590303,-15.358024034673676,-11.22215064817835,4641.0366
5930402129835646976,248.58802186329683,-54.9146049857798,15.914183,1.3436298,0.6027860697901951,-2.6392794916760907,0.9044911101326119,7085.825
5930409551540127744,248.82425593270173,-54.79866847874092,15.915361,1.2450466,0.4388791954042027,-2.0754725386781545,-1.9138563366063335,5840.4634
5930216278000433152,249.19223383900479,-54.96338949308017,15.9165125,1.6439447,1.6518223179932112,-0.11520202391265355,-3.4531604224097707,
5930401373921539456,248.7974543008622,-54.92935076270555,15.918667,1.3347588,0.48220120421753276,-2.92052936630734,-4.08006994482945,6569.446
5930398796941099392,248.95301831120796,-54.96603176767446,15.919658,1.9113522,0.19055496582209705,-1.4057672518311977,-7.531923366829245,4735.1914
5930406287364963584,248.9357074945407,-54.841664986081355,15.919852,1.906312,0.24330713000813597,-4.829065227151107,-10.039770501172187,4689.977
5930408417668481920,249.00923117051963,-54.74865674140688,15.920405,1.827136,0.045077632751608344,-1.3531544174451,-5.66201468016348,4868.502
5930404431938475776,248.68186256720637,-54.79137892197649,15.920547,1.3995094,0.3905006169823172,-0.560628715794895,-8.211815326272792,5444.34
5930399827733523712,248.90109968673846,-54.90875106737844,15.923044,1.2043133,0.47450734529939875,4.2081609734430945,0.8845554435629917,7118.2715
5930401683159246848,248.7492948015982,-54.887747969044405,15.923528,2.1447992,0.17325189907149968,-6.650725443154089,-5.32643888455544,4743.718
5930397594350100864,248.83055972704898,-55.0122718774719,15.926162,2.2019377,0.06108443217424025,-3.563766387041068,-4.666602594229061,4751.1274
5930219645255044480,249.11638751177807,-54.80543500816615,15.928341,1.8638659,0.18140049790812085,-4.163395182111059,-5.57688187051226,4738.1455
5930403641664405888,248.82185457783166,-54.824430935680084,15.928672,1.313776,0.4914199766165916,-3.566758697700223,-8.874182638262194,5191.1104
5930409895137528832,248.82897070100364,-54.75932765465902,15.929632,1.262043,0.7180920779174482,-4.253289393316855,-5.238430427725838,4941.034
5930400514928178048,248.850395384925,-54.84843396250722,15.930326,1.3874111,0.6549550642370588,-0.49597980581155277,-8.002691042484168,5913.1855
5930216862116056960,249.17910662920136,-54.918213521172994,15.930539,1.2377262,0.8190299062692048,-7.241245185090861,-17.60194296389834,5256.226
5930397559990356096,248.86286165392926,-55.018815736617235,15.930981,1.8609266,0.0920489966667394,-5.838107170579257,-6.512564082828117,4882.645
5930217618030321792,249.16769584635742,-54.905050013305704,15.931289,1.851552,0.08262473354059849,-3.9401316923076037,-4.48932651951292,4752.7266
5930216278000428544,249.19135549820345,-54.967816417226935,15.933327,1.9417152,0.19581826324252583,-3.230591658081635,-5.58325529097143,4986.243
5930398689505361152,248.97025067816926,-54.96799560150273,15.934126,1.6964035,0.11895278831890845,-3.0680243402932748,-5.611368747729778,5369.154
5930210299405459968,249.13708125328023,-54.99537408178292,15.934756,1.5436697,0.37270000693583594,-4.904544659023284,-7.400384420428255,4954.2593
5930399758946458880,248.92296439142032,-54.91362145901506,15.935446,1.8321409,0.10727758595650176,-3.87057701149907,-5.141815634848355,5118.893
5930399003115687296,248.9471796059765,-54.93487514600032,15.93631,1.17838,0.5756549770726509,1.5419478245712932,-2.2663025496043003,5926.8354
5930398380267734528,248.82898973256076,-54.937848399469914,15.937994,1.3435564,0.8490468823221576,-3.866237709758109,-5.193954764119477,5055.44
5930404157060500864,248.73200230772062,-54.81685242303139,15.938684,1.3999453,0.5140372690239366,-2.97595229059984,-8.561819241381391,4902.0146
5930408241513040384,249.080310027839,-54.70604552602866,15.939198,1.2586708,0.4805404451456372,-4.228937647578558,-9.233285276550589,5443.539
5930401266485749760,248.78791008916335,-54.95129114823064,15.939951,1.3760147,0.6584345169520228,-3.539215440497272,0.5743589346803961,6187.305
5930407146358169728,248.95265031209559,-54.765918957781984,15.941467,1.1983786,0.5114322301716462,-1.897134415007567,-3.668485288858466,5897.08
5930210844810292480,249.02577001259775,-55.00332662089462,15.941517,1.5493374,0.265100525296576,0.5917207676734453,-8.60953872226714,
5930408829985408000,248.96731224106608,-54.6991331100891,15.942063,1.6735563,0.27377221111499317,-2.7628312997744904,-2.531224745232224,5051.972
5930403366786475264,248.75496023528436,-54.85139471984066,15.94312,1.295927,0.5373783729705234,5.837227272983856,1.9316822265335425,6611.6904
5930211124039199104,249.08789956209446,-54.96967378908677,15.943891,1.0970402,0.36224194466385967,-2.6605190870889937,-4.930296558808961,5443.031
5930400480568414976,248.84022283412176,-54.867994240012194,15.9450865,1.8927937,0.1587422449992065,-1.896737793092246,-2.56425555414083,
5930220053223191680,249.21913015033147,-54.7723534135156,15.945108,1.803607,0.08683713200114257,-4.495965951467625,-6.268159341642551,5042.4736
5930399655867139328,248.87122402718143,-54.937620313346436,15.94549,1.1976099,0.29777641290182283,-4.727925380948635,-2.6885457938277986,
5930220293741421568,249.16159763484055,-54.747629872147236,15.946193,1.3497467,0.7861846437872636,-2.062033756308989,-4.086036883899835,4998.56
5930210539923608576,249.05689341239471,-55.031048241327944,15.94635,1.9937668,0.14262759325368168,-5.768806977071163,-5.540341365830609,4735.4644
5930403401079242496,248.76252237669323,-54.83788893916951,15.946526,1.9843941,0.3139699711395951,-2.1653779277460945,-2.855713428444205,
5930416212972280448,248.63148040529921,-54.78080647521003,15.946982,1.8820772,0.19686083451620603,-5.8136070554495385,-4.88827950553268,4927.536
5930399376700332544,248.9420161905051,-54.914192584177236,15.947056,1.9702644,0.0806895223496516,-3.9259109252879396,-3.995849986855761,4640.349
5930407146358176384,248.94512079839382,-54.76088089649812,15.947667,1.2602415,0.5652050397162637,-1.0288933340262283,-9.829334255316883,5624.7812
5930219434760748672,249.20798827540236,-54.8232313214859,15.950555,2.3574867,0.11273763977068646,-3.425562741146747,-3.988676077076268,5035.544
5930398556422915328,248.95483671176487,-54.98464270182978,15.950697,1.2326269,0.3402406493686438,-3.9692926278424183,-5.473809710269081,6515.7134
5930400858525272576,248.77397024938057,-54.9645114165686,15.95524,1.9036398,0.1740574960026964,-3.9359849719452136,-7.4940709406121915,
5930218438315138304,249.23794335270034,-54.89140965711746,15.955248,1.6696539,1.886517246344654,1.0338320241038739,-12.312061941985899,4514.3364
5930401953680537728,248.67339921815807,-54.91291764083647,15.959808,1.3670378,0.557960874316345,1.1051882635779946,-7.7773821554124725,6369.1426
5930409551540127360,248.84673945164386,-54.796422302539376,15.959919,1.239728,0.6780516198844831,-4.430307839799028,-9.788545221297714,5495.1553
5930219404736795008,249.19853955753715,-54.82543873082588,15.961539,1.2243557,0.3795671256365242,0.06644905288053593,-2.4227629499269643,5115.584
5930402095475907456,248.6096238472405,-54.90796601376473,15.961636,1.8401031,0.09746035100224079,-5.815244385617241,-5.216449183555238,5026.998
5930209234253541376,249.011242825217,-55.047151082142584,15.962207,1.2025051,0.7566177704851695,-2.5703335384151407,-3.927099145764916,5349.468
5930402335994065280,248.6835461533559,-54.89827020954271,15.9627075,1.9129744,1.6971333595176037,-5.220007692303112,-3.182168008804047,
5930217033914922240,249.2119484291242,-54.878830423938645,15.963826,2.0104208,0.20420800839513517,-1.2740038366474917,-2.8776503873190653,4698.631
5930405806328259584,249.0903710523795,-54.824830915608345,15.964873,1.2373142,0.7299966728952124,4.217474355593228,-4.9219637016566935,4934.423
5930403298066994560,248.77404829747618,-54.85138820939486,15.966077,1.3136663,0.5996567031415985,-3.0480311696108626,-8.701070534251917,5180.8755
5930209234226585344,249.01692298310428,-55.04588501669339,15.9662695,1.5910988,0.9419662693523265,-2.9088360324334994,-0.7256394197192206,
5930400205690646272,248.8972519137754,-54.89470731706917,15.966835,1.7379961,0.0441694855298607,-1.8747377319706262,-2.6132459461469932,
5930403607304661120,248.84821599362562,-54.82573448806714,15.968046,1.2768183,0.5787634601410491,-3.743142224039171,-3.3523108774529238,6594.812
5930403779103374336,248.76375201570667,-54.817079223703566,15.968833,1.2295313,0.5010539996234548,-2.660482931285078,-1.1064753015051665,6020.031
5930407180717932928,248.94195396322527,-54.745053656802675,15.969297,1.3644085,-0.07548590131821872,-6.045842819176295,-4.960903521492217,
5930411681843703552,248.91026415156443,-54.71264528479351,15.970094,1.9466705,0.30159823039319333,-3.0756146465981105,-4.293890643588708,4742.137
5930407489955480960,249.08975094880486,-54.7714562872935,15.971042,1.2802353,0.4973122033361381,-4.2705763331233015,-8.411558293810344,5597.529
5930243800153089920,249.17643757330617,-54.72452449857348,15.971255,1.1202269,0.4595455979422095,-3.379788675745943,-4.463687552105825,5807.538
5930401236482562304,248.7831552201774,-54.950497833519556,15.97166,1.3768578,0.5887512611217409,-5.435819172089799,-5.486195315836028,6685.847
5930407867912610048,249.1337169910729,-54.746521980100155,15.972161,1.3194847,0.5900307926966808,-5.139574340797913,2.687783900520329,4954.014
5930400274409947008,248.9421738563323,-54.88307692909651,15.97238,1.2533674,0.8349159374088971,-8.014135869450744,-6.234518057520815,5431.694
5930210917880762368,249.0385199447562,-54.988223320361165,15.973843,1.2382584,0.3468803077895507,1.1050225751760134,-1.0501814992787426,6482.532
5930410788490744960,248.7653926559319,-54.734635003057164,15.97482,1.4714804,0.5492569357411461,-11.442299853063219,-7.730569152769265,5140.8706
5930409070503554304,249.05089578390456,-54.68561972059595,15.975382,1.8848076,0.13782625528232326,-4.3727104811769495,-4.701877534434833,4989.1265
5930220229370574080,249.17465133666565,-54.75158630319879,15.975485,2.0481443,0.01569134291736464,-5.014924653710551,-5.053496324376433,4949.9746
5930405703183472512,249.03676478979676,-54.835515795619095,15.976281,1.2458086,0.3684147653060138,-5.121642945525826,-4.974699913385836,5217.2803
5930404019621514624,248.7195313425053,-54.848041778168025,15.9768,2.1016455,0.03755174051041012,-3.6430289732706385,-5.193486083141282,
5930397903587765760,248.78150572518598,-54.97851255088601,15.976809,1.2221689,0.3286017888352377,-7.0818775847892805,-10.871796884173717,6033.9604
5930410921571344640,248.70959947099092,-54.726059634309436,15.977268,1.1961164,0.5556816961947749,-2.9339226460323045,-1.8838478659342637,6760.743
5930218580103023744,249.23522013821372,-54.85355547870938,15.98024,0.77994823,0.3672343409118862,-6.751946192907537,-4.210212199894546,9229.486
5930396975874921984,248.97559278519515,-55.02779147151428,15.980322,1.3804836,0.49940565007150167,-1.6898263666421696,-14.589372604789233,5127.128
5930431747932930176,249.11017336779057,-54.69844076998965,15.980569,1.3601799,0.5347270732814382,-5.643687272084685,-2.358822043145621,5622.611
5930219954463194368,249.23400063655103,-54.78796355686877,15.981161,1.2919235,0.48325214632752456,-3.435022384568522,-5.187858321540957,6058.789
5930403916542344192,248.77640701577874,-54.799108909038566,15.9828205,1.8237696,0.2251307153417613,-3.052993270861398,-2.920230939181122,
5928899544109764224,248.71701679542136,-55.00155552471315,15.98343,1.4093895,1.6393630955697234,-0.5515072565957393,-3.891015380229743,5417.4204
5930211433276853888,249.06954871389974,-54.94784447661235,15.984235,2.0233154,0.09563232599744509,-5.2903649879781085,-6.662352663593952,4698.1304
5930219331668479104,249.17166024599217,-54.84761821317808,15.98461,1.1847153,0.5802510880709552,-0.43586914097990664,-1.1744958189269115,5696.0684
5930404809895568640,248.68746443010417,-54.773568223403075,15.984807,1.6699162,0.12260219580381401,-3.44584809289725,-5.130218943315901,5260.5474
5930399140538517120,248.98366374958124,-54.92831581426305,15.985098,1.8525286,0.12301059565190371,-4.91601787234787,-5.911554070471246,4575.068
5930409036159135488,249.00977992782805,-54.67951332229747,15.985701,1.2032204,0.4610501398036391,-4.972512259725255,-6.507360381454243,6527.4565
5930211089679454464,249.08144441107706,-54.98225338602815,15.987278,1.6138172,0.49971339335934295,-2.7447033426948524,-6.169770230998052,4843.762
5930407833552855552,249.1315132188688,-54.76405493762586,15.987358,1.772749,0.1574072892164051,-5.376774952267511,-0.2096054666675727,5320.695
5930216827756293760,249.21202580565492,-54.92148944829294,15.988254,1.2033768,0.4543691292882013,-0.0714706352030563,-3.0708174642445014,5876.0103
5930400171330725376,248.91754430043287,-54.89133860871437,15.988959,1.3203268,0.6664311725644309,-0.3289148177533253,-2.1513346763518983,5041.336
5930398968739828992,248.9276722872467,-54.93330560827174,15.989448,1.1094046,0.4749492600639675,-1.5704877129335655,-5.432345550881502,5888.407
5930416114250761472,248.61649238865112,-54.78995471956211,15.990401,1.2630005,0.5214412803307824,-3.992356742327074,-3.71617859729108,5731.035
5930396666637152000,248.8545792441114,-55.0471991304308,15.99081,1.875907,0.1258294149340807,-2.67226356836372,-5.2802850548407045,5018.398
5930410376173670272,248.82658720610672,-54.72518869633483,15.991712,1.3876562,1.1235746841411294,-4.820803711091041,-11.537547988127592,4838.9355
5930211158398930432,249.11899606316229,-54.9783338083325,15.991776,1.1841393,0.629013850970983,-4.194052882811508,-3.792917166569429,5565.6123
5930416659647641600,248.65048943089764,-54.738389403243175,15.991824,1.374857,0.18458601715170198,-1.6879293174265608,0.39208620542158557,6305.469
5930401369564974848,248.79859102649692,-54.933251902303695,15.991865,2.0962114,0.08141096047314385,-4.547190573950099,-3.495556707081348,4697.7383
5930219782664641664,249.13632108724354,-54.7772933759905,15.992879,1.8400135,0.10854588919806463,-7.442220395736953,-8.465996945636945,
5930403641664416896,248.82226235609681,-54.81353554176354,15.992918,1.3041744,0.5210908917067223,-3.767677869033781,-3.399901553664014,5327.5693
5930407867912605312,249.12819342371643,-54.75195162690964,15.993093,1.1308689,0.48406153121511747,-4.245314295329262,-4.019369568532403,6501.664
5930404500657918208,248.6737378344285,-54.7856496407122,15.993489,1.25459,0.5311582395662212,-0.8463264096155543,-4.827191420674003,6656.073
5930416286049467648,248.61403312551565,-54.76599487723442,15.994449,1.1549835,0.406475755711103,-2.4215978338456963,-6.538290106245945,5732.0166
5930403366786488192,248.7392392202281,-54.843474048819196,15.995848,1.5348244,0.36845026125514574,-6.292023773964161,-2.769569171429253,4938.591
5930397285112594048,248.92250442341347,-54.98988813736074,15.996453,1.2966585,0.40639422715304374,3.3170265429017833,-3.3033378873098207,6696.1177
5930398036670328064,248.84694702940678,-54.97503969819518,15.997799,1.4280701,0.5156896275455723,0.12300409853399119,1.8481200632752506,5054.144
5930406012486723712,249.0161824447363,-54.813076223361584,16.0013,1.097229,0.5658315413279915,2.4840219844464735,-0.3450436420709063,5971.776
5930409822060960128,248.79359902399258,-54.76798944909404,16.001389,1.6337805,0.21791390930391963,-3.3560882071963523,-4.292057437771144,4960.7417
5930219950143948672,249.23085314115562,-54.782865529335446,16.002203,1.7632847,0.5746109641947953,-2.4342837508419617,-7.089966540085551,
5930217514921564800,249.10716198555713,-54.89171724761688,16.004335,1.2769823,0.4831384110019063,-5.236884005430305,-9.087877522533159,
5930405222212695808,249.0477110943749,-54.87028647682348,16.004837,1.1612806,0.31156169045584725,-1.3163992519245544,-1.6347761525406381,6843.3384
5930218678833468800,249.23838339828606,-54.840138171829565,16.006973,1.3942642,0.2909797842297178,-3.640434939641769,-4.23144128461319,5480.0596
5930397250752847872,248.92703130120609,-54.998586539071624,16.00723,1.4355412,0.41325655141412554,-3.928517560555063,-5.583340983578488,5129.628
5930402537796106112,248.6784620480929,-54.87646022437223,16.008087,1.8807201,0.19051347280343806,-2.0658138788846054,-5.63112969602494,4927.044
5928900609261711872,248.61928562495353,-54.95970294249496,16.008615,1.3086691,0.2865614208648753,-2.984201091636005,-4.614390220612351,7648.477
5930402404713555840,248.651920007493,-54.882501502602395,16.008688,1.3569202,0.367797149096105,-5.300601346981631,-7.701207087679142,5838.0303
5930399965172284288,248.83193368018235,-54.91161061390106,16.009375,1.4487276,0.43712276352939194,-1.840740098193497,-10.947348271818413,5600.2334
5930220332449794048,249.15958690583864,-54.73545195991847,16.009588,1.2456741,0.6534911671068345,-5.788497745181493,-5.222315252404498,5420.9697
5930408589467199616,248.9899789439437,-54.72962525523931,16.009695,1.335968,0.522640837219606,-2.3385423439559987,-9.74484855512074,5795.318
5930402439073295488,248.6590817762053,-54.87734404900816,16.009762,1.1979837,0.44369650860500165,0.07584955116046355,-1.2486619135199009,6015.7954
5930416767085821824,248.66398636655197,-54.73412621687568,16.009912,1.2727032,0.9751114691691066,4.02556182178697,-9.170022914500116,5223.531
5930218507034680192,249.2174691963927,-54.8708144168365,16.011572,2.065792,0.1564828973833995,-3.776211400251152,-6.093080338972772,4884.9077
5930410444893154944,248.84406236020325,-54.70896450459777,16.01229,1.7796955,0.21108066224170588,-3.458302385743787,-6.097311947837939,4954.2915
5930399415416451968,248.95225464060712,-54.91002533452522,16.015926,1.180582,0.29988360956662186,-3.6959745048884347,-6.260028510160401,6709.195
5930211257129610752,249.09139557693285,-54.954378545973945,16.016314,1.6470671,0.3198549363874506,-2.449860457671873,-5.697814532062161,
5928899784627952640,248.67499380735742,-54.99124785332456,16.016354,1.3084011,0.3743522140606617,0.18561794795547037,-2.414993847944085,5521.564
5930401305201880960,248.76300808168017,-54.9412474549018,16.016806,1.2592154,0.5745900977644766,-4.360167623283349,-3.8097357474139013,5560.2617
5930409311021778816,248.9632139279667,-54.666985505616495,16.016863,1.3326683,0.5314541957783412,-5.069018746602011,-4.517089328188972,5146.5576
5930401442641042048,248.756950617379,-54.914389837553266,16.017088,1.8784962,0.14891368140918687,-4.590073032491896,-5.141458951578713,4763.938
5930408245869787264,249.09061386391136,-54.715791260544144,16.018286,1.3967743,1.2929455918365154,-5.002757314844357,-8.939135571781506,4691.303
5930410547972401664,248.83132879177398,-54.68027380217168,16.018663,1.8293314,0.19734657739120373,-3.4571368485843053,-5.731865303592705,4978.4204
5930408898704903424,248.95031360215572,-54.687472727610306,16.020334,1.169673,0.28035637839726796,-0.7010046987970624,-8.059955589348997,6728.881
5930414464983054720,248.6087115730989,-54.84287686827053,16.022179,1.9803247,0.12754682449273516,-3.330314144825412,-5.496215561162073,4707.363
5930402920109805056,248.8179966009794,-54.89636147546944,16.023819,1.9015722,0.28320145968122473,-4.437560927973452,-5.987755517538677,
5930414430623311744,248.59466158039677,-54.856685729549284,16.024656,1.3672037,0.5156528727155946,-12.431226853874243,-10.185524285326476,5132.8477
5930216759036834176,249.24446355423922,-54.89544256279137,16.025007,1.5367489,0.35471598222876005,-6.633046624819592,1.232200756117411,5154.0986
5930404363218947968,248.65041339941632,-54.809605525403725,16.025593,2.0481234,0.04818128736543032,-5.348986792587362,-5.718137314016138,4872.2773
5930403023121884032,248.81012739233628,-54.87844337907483,16.02595,1.3479977,0.293024270980708,-2.851096970630743,-5.0618568112514355,
5930409104863286528,249.0609574984554,-54.687206060515855,16.026192,2.1312828,0.19525223784994133,-3.6948735221866515,-1.687462933986831,4754.287
5930411716138466048,248.91455202404842,-54.703209257635265,16.026663,1.9912252,0.03798647048909646,-5.199843562565751,-4.391491702801935,5229.152
5930210574283360384,249.04991434625708,-55.015614720885544,16.027756,1.788661,0.14186966169597517,-4.745351508178407,-6.183190954968968,4816.485
5930409311021777920,248.9678261291146,-54.66552194216256,16.02811,1.2794847,0.3597551324418655,0.5663001280664733,0.7533260889598226,6518.1606
5930407794836428672,249.04556755714646,-54.730087823631365,16.029549,1.1864805,0.41000820218716055,1.6802070845354278,-3.5474774282663697,6739.4766
5930216278000433024,249.18593755542443,-54.967221709558345,16.030039,1.143877,0.6018145997959481,-2.4181157647995253,-2.521090414156876,5636.7344
5930411368248004608,248.80096730239856,-54.673191489626596,16.030058,1.9596262,0.0824043164712204,-4.959099341985182,-4.508240352275868,4993.1514
5930219370377052544,249.17443843511796,-54.83959941966554,16.030561,1.3653526,1.3588942982312695,-5.840666487575081,-8.480997533513824,4848.695
5930403018832631936,248.8166384894367,-54.87336939069043,16.030685,1.3805923,0.5256140327384675,-2.875728279096681,-5.633150016422222,5598.2847
5930210574283346304,249.0655562625094,-55.03056379414262,16.030699,1.4346962,1.3498652243519678,-6.011327995882216,-9.021678130228558,4499.0
5930407352516503040,249.0806591884443,-54.80396229773548,16.031404,1.9918127,0.25708150627884613,-3.667360709299076,-5.667641502522533,4984.21
5930211360208793600,249.02773837700707,-54.96300940292379,16.031845,1.2775297,0.5417296387933594,-5.4258954258162655,-5.977979876201082,5541.5117
5930411784858082816,248.8874438206534,-54.68500131961698,16.032785,1.6801004,0.30951537528779477,0.12497382613808078,-0.01913707474741062,
5930397903587759360,248.7953983152479,-54.985979569825666,16.03287,1.3897619,0.3842475134941002,-0.20144577033089917,-3.5090573915770955,6008.557
5930220160651096320,249.14528646814495,-54.767849857441114,16.033075,1.1383476,0.4263403496083655,-2.772520211273819,-3.2346219133531964,4940.0796
5930401408281297280,248.79286565309664,-54.91540535137804,16.035564,1.6673717,0.15792088342826127,-2.235615008762492,1.8483072846993545,5171.044
5930397525630615680,248.8564502631558,-55.02987982080989,16.036303,1.2636652,0.40346067231470617,-3.119577279839895,-3.485335262096734,5902.1846
5930217308792688000,249.13162999232358,-54.913361953477384,16.038816,1.2619848,0.49992089063575457,-3.508049780223062,-6.075100956774465,4921.213
5930404741176089088,248.73803067841865,-54.77238447363681,16.03905,1.3873644,1.268484108876666,-1.8154120026446885,1.3759713551203143,4567.973
5930416217329975424,248.6410350207161,-54.78810715911381,16.039162,1.9569035,0.151370474352136,-4.590577182541968,-6.085504269401495,4693.135
5930400102611258624,248.85324488579815,-54.892075772878826,16.039236,1.5402594,0.24155768836752806,-5.309963393141282,-4.658994426193229,5579.921
5930399381056700416,248.95230335777558,-54.92180967528657,16.039385,0.70772743,0.09879908494930141,-5.175697923035735,-6.724765321433344,10485.31
5930401889317456896,248.64303090738775,-54.9373510184754,16.040516,1.2090158,0.4347110366051511,-3.2953832929357336,-6.774994737362398,7140.91
5930408761265931904,248.93286388201358,-54.71413947317539,16.040724,1.2807827,0.7318414401094926,-9.602190598561121,-8.284750866005723,4950.143
5930405011696332544,248.67445051062967,-54.74318293534316,16.041487,1.3851328,0.6875626135133343,-2.5762399417492716,1.8193854664172822,
5930401408281305600,248.79265060090592,-54.90812069185264,16.042202,1.2574215,0.5570555073413412,-1.5479485166286147,0.41905936177657205,7196.0166
5930405905051227392,249.02140359793924,-54.82973523737711,16.042698,1.8183432,0.1507522640104072,-4.332596476396483,-6.947002815593079,4814.2036
5928899509750016000,248.71301837773964,-55.015192140147626,16.043571,1.3269567,0.5357668834149829,-4.132726186212027,-3.79046116038639,7122.454
5930410822850494464,248.77605611794542,-54.71136943919518,16.044296,1.4061136,0.2755324498745025,-3.197910322508911,-4.910320448581645,6309.105
5928899471040085504,248.74010076759447,-55.01332409690919,16.045435,1.245182,0.48392772864368994,-7.760113678607148,-8.526220393074674,7128.2354
5930397383835264640,248.84107618054668,-55.042695671164374,16.046392,1.3157368,0.34617139911200395,-1.876547599632302,-2.816666926030125,6007.8384
5930399720297706752,248.91607537664652,-54.935558420153136,16.047676,1.4509335,0.26177234272994854,-2.9801128870727918,-7.292249101060199,5061.3633
5930397972307365376,248.86806607957394,-54.99290001336845,16.048113,1.848731,0.22135990562323216,-3.623021670639176,-2.6233423174670483,4819.4126
5930217652390068736,249.17549118876335,-54.895919228902734,16.049572,1.4352303,0.3622392958938968,-0.43820269527091615,-5.5137132380334455,
5930410788490751872,248.7519882795018,-54.724073421961776,16.051104,1.4412737,0.5161263389919941,-2.480056630953475,-6.832064134807641,6002.399
5930401369564974208,248.789511497281,-54.93384979520027,16.051718,1.3675575,0.4163217570700917,1.063201692769962,-5.269005675841355,6519.764
5930409585899874304,248.83729888201682,-54.77777011124475,16.052195,1.2411728,0.7278728977823261,-3.7351506717888636,-0.6818689165402254,5301.1665
5930409654619087104,248.88259748745472,-54.779524499276775,16.052423,1.3146849,1.2869811502256292,-10.594396793233072,-26.418465066086828,4952.2603
5930398380267731328,248.8388211574853,-54.9417524097152,16.05263,1.2319803,0.4195558266884564,0.13179565387491882,-1.8721580536564275,6014.3755
5930407691757745024,249.05083579239647,-54.761300762092034,16.053457,1.301897,0.4713765075982813,-3.0943381984510463,-7.94680119660469,
5930210814801529088,249.01076569975382,-55.02046276959397,16.054752,1.3268661,0.5945338396343646,-1.1804912162125418,-5.60424660401246,4706.975
5930211192758673664,249.12081445314675,-54.968872797828915,16.055115,1.1038179,0.5486673693924092,-2.586346808327466,-5.953201626956407,5622.9316
5930409001784081920,249.00539657017995,-54.70199383236404,16.055965,1.8447065,0.21088866522581332,-5.641861306793933,-2.9695116445649963,
5930398041026862080,248.8396191496283,-54.9733498300133,16.056993,1.9955215,0.13328557703615537,-4.015984229651928,-7.93174288705144,5021.603
5930400240050227968,248.89914670308264,-54.87470492142569,16.05738,1.9703255,0.1550009934951853,-5.3487392022353335,-5.343219038562192,4854.3306
5930404878615042432,248.67924211132618,-54.78030682916089,16.058277,1.8952494,0.2515485401430579,-0.12139909870495591,-2.7347732920450047,4739.204
5930402645231734272,248.6372614885311,-54.868604343657566,16.058748,1.4700994,0.3759922617861405,-0.7647865912630263,-6.216254125678045,4833.9707
5930396804076239616,248.87663628803537,-55.02043201193532,16.059196,1.2767639,0.4783129791076172,-4.376884707380004,-5.711691136674652,5074.417
5930398453343772544,248.81247358284895,-54.93186609463083,16.06116,2.0378428,0.20476675421027418,-2.23929192167217,-3.1177240186451716,4751.9204
5928896520452756224,248.75944179045578,-55.02322062669164,16.063929,1.5984287,-0.974460596683328,4.366007716085999,-2.3600185646570027,
5930219469107525632,249.17993003298247,-54.81478069232072,16.064249,1.1512928,0.39252218071822026,-2.0724427499518887,-4.744282597763317,6055.4204
5930209298622056832,248.98283414144024,-55.033076164161216,16.064255,1.701108,0.2673801344683059,-1.6669755908573567,-2.377019185721011,4834.785
5930220298090050688,249.16317819017522,-54.75706266105139,16.064444,1.1760368,0.3764960399981792,-1.1928740401650975,-1.5711126767031174,6304.632
5930217205713438976,249.1509073059906,-54.93222132820065,16.064499,1.1498823,0.4164238518192304,-1.4647713053360016,-2.2021480019811817,5428.8945
5930399930812539136,248.82201709086056,-54.91920237216131,16.064575,1.3400068,0.7561043433664477,-3.2156935468275454,-10.316027374808526,4858.276
5930409066145520384,249.04006643163652,-54.681593913729884,16.065336,1.6227121,0.2598216276808244,-1.413091238514851,-0.8690935894214967,4878.9766
5930217858548564608,249.1449908024225,-54.851339426695496,16.065948,1.2574987,0.33943404082909157,-0.3980467751591873,-2.57984947404667,5815.69
5930220229370572800,249.16842747289238,-54.75840683510422,16.068684,1.1034479,0.46518807656985955,-1.7471333508469618,-1.0088905462106563,6915.3047
5930406115565960064,249.00644109575498,-54.79768878832335,16.06936,1.1699123,0.6166436708938214,-0.7953756825215441,-1.5683228968418768,5135.2773
5930217755469309824,249.1641878793431,-54.87866520718187,16.070108,1.3184204,0.5497881721346448,-1.7894850382495409,-3.1485733664042717,5075.303
5930404191420230272,248.70954250229002,-54.82863036771972,16.070818,1.2451057,0.40387240133154384,-2.6177921608389627,-6.142711310485165,5893.103
5930398350264528512,248.83559611361426,-54.953170769527276,16.071033,1.9999323,0.18820704088740892,-1.5409975703223981,-4.235607695632186,4717.5376
5930416801445562368,248.67355909065583,-54.728410983717424,16.071363,1.8487196,2.434625940098624,-20.146342163454264,-6.218205468415449,4347.6675
5930416079891013888,248.62188325110682,-54.80520922367854,16.07151,1.5666924,0.011239973115676484,2.9619969311847836,3.210128399746953,5997.31
5930404535017633408,248.72851000136586,-54.80659371881413,16.071718,1.394927,1.265257433699719,-3.413653332478505,-5.6580868490358185,4783.3203
5930218545743292672,249.2198100411007,-54.853504306959245,16.072935,1.8539324,0.19586960526038327,-4.8240097950426755,-5.300454913818718,4762.1025
5930217892908294528,249.10060691518458,-54.879502081292635,16.073536,1.2171087,0.7064098851404335,-2.332160092832421,-5.401803668354002,5427.229
5930399587215106432,248.89587683438577,-54.94969348082386,16.073635,1.8175783,0.043021061953403654,-4.126518092713516,-4.376101613287551,4877.1074
5930217377512176000,249.09410557269652,-54.92063498145843,16.074144,1.1485052,0.5278427697555879,-3.2241849028211447,-4.1789356035699345,6652.0225
5930398762513737728,248.9353502094993,-54.96976243716021,16.074944,1.3558531,0.37643793274977605,-1.6987183639714893,0.16526256442681844,5676.2554
5930210986600245760,249.0300319913123,-54.976695088015774,16.0754,1.1277361,0.4185201548097405,-2.631840594736366,-5.501547042750484,6744.3506
5930397766148801792,248.77616635813436,-55.00563320650088,16.075516,1.3351421,0.6508783323454947,-2.6644858461938856,-5.532046710010794,6474.16
5930399136182160256,248.99364346144884,-54.922440952094405,16.075693,2.0623035,0.09093613200390126,-3.261459255524522,-4.877053583424703,4763.1826
5930397525630620288,248.8437934444715,-55.01914166248702,16.076418,1.6485052,0.39746226105335486,2.8750836939281084,-3.7332885198324917,
5930397074597633792,248.95495406632688,-55.00485467811487,16.077194,1.8009748,0.13398186181283187,-4.3180640217796915,-6.232195446978331,4721.2915
5930401305201883648,248.74810971375786,-54.94137950389255,16.0779,1.1969671,0.4236440585879334,-0.8668204352781388,-2.7510839658979247,7072.379
5930409070503560960,249.04290443153758,-54.68355404468172,16.078154,1.2415037,0.46173701166717923,-1.6711749603389117,-2.3390739745263556,5120.9336
5930401511360510464,248.73398304635424,-54.92463728958393,16.079134,1.3514414,1.1951966339712115,-7.794122464091087,1.8082160920190076,4801.1416
5930407657397443456,249.0300952341553,-54.766215463580345,16.079348,1.2503319,0.3916308380821507,-2.9212130409185306,-2.0545948873176982,5091.665
5930210436844100864,249.13961499653632,-54.97119761873892,16.080397,1.1115389,0.43762051804605767,-3.7547239928843354,-3.676517192502425,5802.6655
5930210677362580480,249.06611873646793,-55.00687445936751,16.080711,1.1722765,0.7575021190947807,-4.794590282123925,-7.144773009360517,5479.617
5930410788490744704,248.76665347641722,-54.73542268418652,16.081137,1.8903999,0.18985619585548513,2.2035492844542723,-3.1248286200331292,4965.8506
5930217338803392640,249.09720251736994,-54.92944548855484,16.081654,1.2040453,0.310890509177177,-2.903236758039934,-5.068093200522631,5782.7295
5930410135655475712,248.86288866879147,-54.735810791740114,16.081755,1.79562,0.16419168443821022,-1.863582696351258,-5.943514739833214,5087.421
5930397624353451136,248.84051146371175,-54.998988288502815,16.082132,1.3307838,0.4440629437121721,-3.9190135958786048,-7.22182553636395,6760.8843
5930217686749830656,249.13288753068252,-54.89473960942751,16.083057,1.225625,0.6668187908704615,-2.4705477946306775,-2.302555265338462,6005.599
5930399209258000384,249.02448804195086,-54.91867553305132,16.084229,1.1839914,0.5946423218596332,-4.234104389465857,4.016541209566441,6009.616
5930406248648056960,248.9344577994107,-54.85203327611869,16.086506,1.2158356,0.4882399518147507,-0.9821201904709214,-2.2858032855300134,6834.1177
5930210299378629120,249.12228980988652,-54.99376018180898,16.087347,,0.0793206198403566,-3.427361378405047,-5.77972207160392,
5930408726906184448,248.9369081126958,-54.72229419440425,16.087538,1.8462296,0.1563117889520516,2.3578557229091746,-0.21877165769361476,5051.5586
5930402713951214464,248.6239466463725,-54.86252961335095,16.08975,1.909708,0.10798991349430993,-5.012068129330243,-5.363752365775697,4862.156
5930410509254513536,248.82709696052285,-54.69995452132051,16.0914,1.2413406,0.41258431475215596,-1.8217104027720954,-3.233230238083006,6679.68
5930407799127883136,249.04524833392665,-54.73985376740707,16.092785,1.899785,0.155195759039851,-4.7422668200750335,-1.9782671090144226,
5930405840688005376,249.06364927204004,-54.82615628309715,16.092884,1.2987633,0.5488422169174019,-5.670563645678482,-7.354510859708306,5533.38
5930409963857011712,248.81387459193013,-54.75093492682031,16.093302,1.7457991,0.28874940334488114,-3.4451059991063286,-8.129899177870255,4813.207
5930408486387981312,248.98983911904102,-54.733421068059855,16.09547,1.2998629,0.36751235952110356,-3.3497990084521456,-5.130224800794054,6563.6636
5930407592969235712,249.06705921094817,-54.777779792178315,16.09583,1.2004967,0.4510594714634739,-3.8282333500731998,-0.559138666558409,5138.4556
5930407421170424320,249.1221486806808,-54.78549366105211,16.09671,1.1122046,0.2925810476706888,-1.6120533904541734,-3.348908497816671,5546.1987
5930397422551401984,248.84455161073953,-55.02968706624296,16.096848,1.8067722,0.06579980801179106,-5.43744837693795,-5.431525032816454,5076.0166
5930211124039197056,249.09292763763267,-54.97237372605579,16.09713,1.1317854,0.47447944310147844,-4.123303088770417,-8.000856867612793,5939.6167
5930408550750680320,249.01881292654596,-54.71662217249492,16.097502,1.2942657,,,,
5930210780441800576,249.0257291437437,-55.006307567883766,16.098003,1.2416773,0.6388294551317724,-0.20578855860893486,-3.330698303653026,6006.661
5930397869159931136,248.78617908939214,-54.98467348582129,16.098736,1.9983654,0.49975290967316915,-4.938153380846504,-8.721697596808038,4859.783
5930407038922140928,248.94804395256833,-54.779954133480594,16.100069,1.2852821,0.28775183940216803,-2.4714619236033397,-4.939265266127156,5075.1973
5930400102611280128,248.83665398311115,-54.87818954061737,16.101393,1.168787,0.47304204546912515,-2.275462031210912,-2.9091573997076825,6927.167
5930220298060749568,249.15903579747118,-54.743620719426914,16.101683,1.1194153,0.5259228016102593,1.6012742694233988,-0.7347219488745811,6239.7124
5930404672456600704,248.7584763964808,-54.788561462452705,16.104113,1.1809483,0.40248178041178134,-0.7820151967363955,-2.325873699674593,
5930405359652019456,248.99607217542084,-54.885615632453536,16.104183,1.7527046,0.10124654022227399,-6.25974639537106,-7.040510518512937,5059.3184
5930220160621770752,249.1406158732197,-54.77136342496068,16.106867,1.2414551,0.6509343488197677,-2.9664384713714664,-12.584758674922519,5523.089
5930406283007810048,248.93941943456076,-54.84154739481377,16.107841,1.6915312,0.27934106430713035,1.1029688691325588,-5.503839510621561,4990.0415
5930404397578688384,248.67436409587242,-54.80510730110858,16.108622,1.4428434,0.16943577427053066,-3.9027993865506314,-6.165617343499603,
5930402812674233600,248.636768768367,-54.84366296743664,16.10984,1.196681,0.45697277433976435,-1.3248977066674847,-3.639465984410422,6869.936
5930397216393112576,248.88588384267595,-54.99981820139988,16.111204,1.3679581,0.6236092446746724,-5.022537668823572,-9.301497281529242,5483.7007
5930401580079806848,248.71853074331977,-54.917404598486264,16.111313,1.9617682,0.10976732747904352,-1.4012559575682517,-3.5576838859728253,4839.4165
5930397869228019456,248.78853405602027,-54.99293297066012,16.111488,1.9634552,0.1861275960150599,-6.091629594421745,-4.818772078161696,4967.462
5930404294499460352,248.66211059224983,-54.82025882119281,16.112047,1.1958418,0.4913879516353378,-3.1443001530585297,-4.23503480803731,5634.5874
5930402061116333824,248.6201069631843,-54.930426853216446,16.11236,1.84058,0.24438565420012862,-5.570000353139503,-7.363766438266421,4876.029
5930414430623315328,248.58183807261253,-54.85595014129471,16.112843,,0.017626349378302073,-3.495365912064835,-5.776929720509461,
5930219778345238272,249.14364809229477,-54.7896931125885,16.113367,1.0557766,0.1784467732853316,-2.031266693555814,-3.4607825218573636,9110.131
5930397182033363328,248.89804311776217,-55.01479577795648,16.114037,1.8882561,0.12002209374759129,-3.0736412139733664,-3.8935294052555642,4825.6265
5930403916542352640,248.77398144321106,-54.79082187278722,16.114166,1.295269,0.7746272098784662,-1.4799714803278454,-2.307130611185473,5208.0347
5930403950902098432,248.78445782809422,-54.77983099323346,16.115469,1.8357258,0.18462952084781803,-4.0841082259449,-6.836968557125151,4797.0234
5930216621597856768,249.2296706790122,-54.91838907197062,16.1164,1.2689886,0.4892725998402311,-0.30883067331499314,-3.4592414685253092,5109.589
5930401717519136512,248.71643193011298,-54.89558008992623,16.11702,1.9599934,0.17955786613773148,0.1312381519650987,-3.84043408712866,4687.0967
5930217308797895168,249.1218602036431,-54.89661154716003,16.117554,1.961503,0.041468820103425764,-3.469098575481686,-6.094813313575335,5049.934
5930409688979092352,248.84008430345662,-54.77242412945308,16.11804,1.3369493,0.36450929414004296,-3.302235215146444,-4.142766622133085,5028.955
5930410066935973504,248.89840493617814,-54.748082737669506,16.11904,1.5312614,0.26530657325043705,-2.6765163744343274,-1.3881921553518124,4984.2754
5930401786238238080,248.65222177101964,-54.94406365366415,16.119156,1.5611305,0.4113009130492968,-8.177531364196264,-9.051976960000669,5460.7134
5930407318157120256,249.10891388935156,-54.7977224289263,16.119436,1.4544592,0.4927920926285811,-1.5695117950818023,-2.820633757499105,4888.685
5930416114250755840,248.6378839709736,-54.794395283029495,16.121342,1.567811,0.45550615500825553,-1.2253797512671043,-4.401447588278018,4956.46
5930217549310902016,249.08475940629242,-54.89455224729515,16.121592,1.178833,0.4937057328182992,-3.125382106341341,-7.108366096963228,5749.3657
5930406837120516352,248.95323423738552,-54.77443850549885,16.12197,1.2211113,0.6498061025747655,-4.876458036189782,-4.3817030302352435,5666.0283
5930401751878742656,248.7212648598962,-54.8781739822379,16.1225,1.7331715,0.05983209183119938,-4.023814064276119,1.5474404565970172,
5930398762581360256,248.9362592496953,-54.969674689110214,16.123133,2.0091476,-0.3054075774686642,-4.486483932402274,-6.369577124808647,4875.097
5930410066935981568,248.88230618699757,-54.74529764915809,16.1245,1.9129286,0.2341151807862185,-3.6181297803955754,-4.405151706953219,4798.1797
5930403091908544128,248.78709254936535,-54.866042763028915,16.12509,2.0403728,0.08791653345479887,-4.1846990980731675,-4.94541834539786,5381.3823
5930409207957829376,248.97322065245362,-54.68627569904165,16.126091,1.2804117,0.580485993594248,-0.28090296075989796,-3.8812089001723393,5495.478
5930408623827226112,248.98894507165016,-54.70998394928286,16.126175,1.9258766,0.17297046759498264,-3.263611986667722,-2.926074577214127,5003.0786
5930404500657922688,248.65539618120243,-54.77862910387128,16.127472,1.2875729,0.4650066382230508,-4.6645370851177415,-7.042552625678297,5428.9663
5930399930812542848,248.8318474632153,-54.91513813865243,16.127687,,0.40905185980808306,-3.8001227153568373,-7.0855282519700005,
5930220053223200768,249.21473653195548,-54.76849794653183,16.128128,2.0587225,0.10963836383360699,-4.672950573346048,-6.295478529134165,5010.577
5930217377512181376,249.09827148503751,-54.914279716010604,16.128683,1.2366018,0.716260761495328,-2.91193830278132,-4.495564311225635,5447.925
5930400755446054528,248.72933427950582,-54.991182722857154,16.128967,1.3432913,0.5531959290787246,1.290783086446045,-6.263810150775404,5780.165
5930414430623306496,248.59634713947443,-54.86395359574673,16.129786,1.2986984,0.47829851119765876,-2.0981212808556524,-3.105287134872861,5032.2803
5930402164195385600,248.60189747566614,-54.90833383632111,16.130848,1.3327389,0.9548023353776792,-15.886999433753497,-4.058198924017756,5160.0693
5930400033891781504,248.87484585906563,-54.88949422625406,16.131023,1.647088,0.2922621739635794,-2.0945601013898023,-1.2340507419241766,5032.438
5930409001784087808,248.9959513157977,-54.70151601931524,16.13145,1.8070354,0.062408385617436855,-4.916304963197353,-4.768087383765701,5153.2075
5930397250685121536,248.92293554646068,-55.00509347921275,16.131487,1.3137102,0.5473981780784457,-13.710238547435829,-3.6347311842544445,
5930408829921461120,248.98119206779162,-54.70274264235264,16.131536,1.2156172,0.5420874554250543,-3.718635658267225,-4.703604612063108,5679.887
5930400927244759552,248.734273166894,-54.95331627730033,16.132864,1.317831,0.30772509547475696,-3.791159772500454,-4.862250867992064,5327.084
5930399106178761600,248.98447871963123,-54.94452873939125,16.13386,1.8990717,0.1832339798008964,-3.360345049587044,-5.040288775927094,4696.8486
5930409139223051904,249.02996038187825,-54.67329130782334,16.13398,1.6706457,0.31721286951814986,-4.597280302617399,-2.374539877243913,4876.235
5930416698366341248,248.62728414762958,-54.743589776439705,16.1343,1.2054892,0.5799123153945293,-1.798257562884194,-4.298657928066776,5875.623
5930397456927400064,248.82454713858118,-55.04297969723837,16.135494,1.2853136,1.160549144194273,2.081066419384755,1.095839340451207,4948.469
5930397731789060480,248.7694347284095,-55.019346025387904,16.136538,1.3289385,0.2157210119757146,-6.238854962624481,-8.201103229549972,5695.374
5930220018863464704,249.20405244900894,-54.76759357668535,16.136887,1.1911917,0.3884180263767202,-0.5762296827018436,-1.3518696138159543,5737.7593
5930403950902097024,248.77325875895718,-54.78400387025493,16.137209,1.8595247,1.8380610853615411,-11.154808811106596,-31.66545824468563,4183.886
5930414563704763520,248.6141718823226,-54.836814531339016,16.137255,1.2635355,0.26578904986179486,-1.551724521030799,-1.706301418181467,6017.645
5930400583647645056,248.9078730473353,-54.848669323121285,16.137274,1.6359339,0.43642068193668926,-1.4382963797834383,-3.8128992509989166,4703.888
5930407249437424384,248.9271524218002,-54.73740441962258,16.137667,1.6521873,0.18191736395232921,-4.574683639130772,-5.27228678309946,5004.73
5930404809895558784,248.69570430337913,-54.78971270953769,16.138014,1.9689217,-0.02975823512870339,-4.483016615379812,-5.80653673421037,4853.4644
5930406901483190912,248.9977932911385,-54.772734648092886,16.142336,1.4548178,0.3068648009976172,-8.135842787612956,-11.013252504510012,5278.747
5930398728221642112,248.97719568071412,-54.9430593450016,16.142761,1.2697105,0.3786784755099486,-3.8278287919575065,-5.74122017659053,5059.852
5930398728221629952,248.98851442887945,-54.95381398845167,16.146223,1.4709721,0.410943810078208,-2.016420075132762,-6.127857881744073,5008.847
5930414636781771648,248.5763012247434,-54.81091959226192,16.1472,1.8691263,0.10169626471907639,-6.713591128648467,-5.272511277901008,5099.5537
5930410925929705088,248.70283673094264,-54.73042025562886,16.147398,1.663868,0.33989838392789884,-2.307961488225707,0.4865475811951761,4779.018
5930401958036932864,248.68553212408125,-54.92081325597007,16.147514,1.7913942,0.2527249232723386,-1.0584244662319149,-3.906202004343901,4943.1343
5930403469865679872,248.84556840358408,-54.84753279199242,16.147802,1.9511623,0.1988408110939221,-1.2359048429740533,-3.6997227923930396,4770.447
5930397697429320576,248.80026311378518,-55.010160875536876,16.150862,1.4376221,0.5036210403482023,-5.009151085789478,-8.625521664970002,4967.3286
5930219439096523008,249.21073065976185,-54.82785860693005,16.150942,1.5104237,0.3823019362669835,-0.27795970673996795,-3.5833527633312388,4955.9946
5930405836331228928,249.0587139281203,-54.824096668420076,16.1522,1.2263956,0.4413867685328823,-4.931159054319996,-5.4170495138324375,5510.7437
5930211364557372032,249.04027867831797,-54.966503980017194,16.152706,1.1789608,0.34243010066746943,-2.12099529699379,-2.148545732569965,6666.115
5930211295837888000,249.06107569680591,-54.978049900019286,16.153526,1.1211958,0.3665307809077079,-3.401451986859871,-5.467150876982165,5541.4814
5930403538585181952,248.80919482398428,-54.832880980665635,16.154524,1.2988672,0.5238275796697324,-1.2663367393269775,-0.9793550008289437,5229.7515
5930407249437420672,248.93595736254602,-54.73700134022183,16.155087,1.7037487,0.4827696309668707,-3.7647362865320684,-3.7385435800204645,4942.9443
5930400274409942784,248.94585430375284,-54.88540841639786,16.156622,1.8634071,0.20294548385873834,-4.011461382630303,-2.212158508912158,4961.2866
5930416114250755712,248.6357382077982,-54.79528972900684,16.157108,1.2854843,0.5495552026119974,-2.4563274189751896,-0.31281015048927785,5039.355
5930407902272369280,249.09543988683242,-54.746799991054516,16.15764,1.1441259,0.6763085632457537,-8.552572993718792,-16.70322556768546,5721.711
5930398487703421568,248.99377311690037,-55.00225957407,16.157959,1.2617807,0.4095621169867445,-5.321561439437884,-4.3384395770941095,5596.318
5930408280229543808,249.0895251531455,-54.69556368995161,16.159452,1.3238544,0.4759856170340784,-3.874914628426633,-2.363494710530084,6351.349
5930406459163662080,248.89655976713377,-54.82292649387293,16.160992,1.743619,1.4725392978149336,-2.383259669749438,-3.33462413358572,4458.681
5930401854957891712,248.6415555456088,-54.93860314574755,16.161072,1.5999317,0.4342515959111253,0.09044367188139191,-8.978329829021447,5139.4907
5930217618030344448,249.14838712969353,-54.89647971565058,16.161087,1.7118702,0.19090308246185345,-3.3860634311219773,-5.766990325032507,4995.767
5930210569932382592,249.05343763583838,-55.01559504799019,16.161238,1.8149958,0.19275039789459922,-2.60485807821877,-5.866237770586338,4794.8096
5930399312269743616,248.96092842132782,-54.92860939845567,16.162262,1.3137741,0.09635357011988871,-3.919758056971021,-2.613172302145637,
5930410135655460096,248.88046688712868,-54.743114519149366,16.162659,1.6708288,1.3298442920938307,-4.993586953964909,-4.988009497060818,
5930409757698564864,248.8097232009242,-54.78412417659074,16.163145,1.9635096,0.14940416793621245,-3.7444255124783243,-4.907399946935809,4709.7095
5930410307454166784,248.8509457951224,-54.74147345161748,16.16369,1.221138,0.16174062313674226,-1.8894111327801806,-1.7121312116967253,6431.0854
5930219370377072384,249.15967501386874,-54.82585192514886,16.163736,1.7025948,0.11905478814594492,-6.283880839293771,-9.664319040021422,5204.4106
5930402817030431488,248.63272240424456,-54.85412623369666,16.164742,1.2492733,0.5666125472069926,-7.752316018761873,-6.976388822373444,5263.7944
5930398934380078464,248.95140755185864,-54.94104344012673,16.165146,1.152731,0.4950885027590946,-0.5054858282106492,-3.2234354866620913,5703.885
5930219301657568512,249.185797068415,-54.839876875403164,16.16543,1.0985842,0.4101764310767122,0.9899424248173396,0.2849204408111965,7162.8813
5930406459163658368,248.89654216510615,-54.83251863335553,16.16636,1.4456625,1.3928410034821557,1.3903497964847225,-2.461668661289388,4587.298
5930412231599562496,248.93594583516122,-54.65599357915878,16.166958,1.377945,0.693921867701676,-6.207685942575454,-9.19242804722602,4998.467
5930401064683722112,248.68797525661947,-54.95299272256419,16.167164,1.2620306,0.2843939874398004,-2.215453706831614,-4.320812282385156,6867.7188
5930398625142390656,249.0038631856283,-54.97935879827383,16.168259,1.8853655,0.13036417807375775,-4.822136921450064,-5.202069477837096,4678.59
5930219095499143680,249.24156930232965,-54.81149787202323,16.169043,1.2039108,0.4280722494893164,-0.8633932609426092,-0.617897514179071,5799.7227
5930400755446060288,248.71470610883065,-54.98190844219053,16.16909,1.8760729,0.0280114671342255,-0.9899976323640993,-2.6104133598723545,5135.618
5930403882182610176,248.80749672612254,-54.79120296039175,16.170929,1.9149971,0.15998795537258248,-1.7811996858431576,-4.940058436772337,4682.1104
5930408245869795456,249.08079298599773,-54.71077191629787,16.171026,1.6212139,0.6978304064345555,-4.5442054891073,-5.615732800289855,4686.389
5930216312360204544,249.14114128499259,-54.96254012162421,16.171638,1.8196411,0.0828562258664362,-4.712789225610907,-8.80409895003054,4859.6045
5930408761265933952,248.93835061575385,-54.70917152270312,16.172184,1.3433962,0.3662058241793472,0.8416429351940939,-2.1664771380063685,5794.1597
5930405600169852032,248.99071732064277,-54.83729371688651,16.17555,1.4907303,0.5274205256095301,0.1953948754332565,-1.120721173621443,4908.7954
5930405840688013824,249.04623333322644,-54.820540545647575,16.176668,1.17033,0.4130213210003115,-1.554263193116452,-5.392616519100891,6898.992
5930405084774110080,249.03597037719268,-54.909480454008275,16.176804,1.7184486,-0.04296822025301286,-5.677838026203946,-6.104395220722669,5249.455
5930409895137533184,248.82071831215,-54.75396166469525,16.177378,1.3430405,0.47387683735643726,-1.7497736521928764,-3.088180148835202,5203.7964
5930404809895566336,248.69196371319484,-54.7769777918777,16.177763,1.1586208,0.3042295263853943,-2.2207924975255855,-2.647083043322236,5414.1084
5930216243610659456,249.17418216722132,-54.97012743088877,16.178745,1.433383,0.3869824582019823,-2.5776792502732864,-2.0165462122605353,
5930410406175281408,248.82211993991442,-54.71285505771033,16.180048,1.2823963,0.3499379113381283,-1.5092792043628243,-3.754689353390627,5321.142
5930399965172300160,248.82652296748697,-54.89906771171635,16.180239,1.4320173,0.26530305579969876,-0.6145202198112305,-1.403495161612427,5728.088
5930398556422910592,248.95156162344256,-54.990250854228265,16.180487,1.253294,0.3406543602604203,-3.2134726169552885,-2.7898903931646104,6343.7734
5930399101822414080,248.97899544793995,-54.93913459369167,16.180851,1.2976999,0.873844959731428,-6.989941953058674,-16.635879712696024,5036.277
5930219370377061504,249.17696963993018,-54.828737262928456,16.181068,1.3352823,0.34189500927218425,-2.8826699626729244,-5.207252312440794,4926.081
5930398934380073600,248.96090233790014,-54.9440561746873,16.181694,1.7599697,0.19968208147246097,-3.892477883674103,-6.6353155829363875,
5930404122700745600,248.7280087677279,-54.83503077559655,16.18213,1.3537302,0.45563924523355576,-4.518474600896955,-2.3726426423197724,5138.475
5930243800153102464,249.16368902955125,-54.72172169236483,16.183466,1.0959673,0.34857159690540274,-3.972710086347191,-4.034011470911033,6482.016
5928896245574816128,248.8017505391769,-55.04335348199635,16.18428,1.2909298,0.3126849726850913,-8.630836556365697,-8.381939142663343,5895.3516
5930216484158908416,249.18353125979988,-54.93507635732378,16.184544,1.846695,0.08010162000868788,-4.35401312282708,-4.474904730106229,4717.848
5930408859987062144,248.94756160344508,-54.7054207879776,16.185326,1.2626438,0.623483136632504,-4.143967593231949,-5.78825005222512,5544.4546
5930401957968994688,248.66827843914697,-54.91274115302619,16.185642,1.6668959,1.6725403335775075,-0.3051107363387531,-14.62875558547496,
5930407867912618112,249.12873961326258,-54.74236605475685,16.185732,1.11691,0.49177252309192543,-1.1448536993583396,-0.4137536582197827,6040.3105
5930407455530250752,249.10548165666316,-54.76813277130603,16.186085,1.2249775,0.8309819608716944,-1.7862180429805437,-3.2993743464845395,5283.075
5930219507816022784,249.19403272120448,-54.812654207183186,16.186863,1.2506189,0.5653196096051385,-0.3733388616895591,-3.4341446059989815,5364.2515
5930210574283348736,249.06664430527317,-55.02828254179425,16.188034,1.3201475,0.22121179527159288,-0.9037275349106054,-1.9407069817538085,6697.1577
5930401786238234880,248.6555124063562,-54.949833775418924,16.188917,1.8839598,0.18236040695230205,-4.2382997152655815,-3.327404614350584,4902.327
5930407386876251648,249.08344401479894,-54.791145618079995,16.189198,1.7655725,0.1545682870324509,-5.37466565052536,-7.403399685228846,4907.57
5930403229347508608,248.736402881942,-54.86333865318907,16.18984,1.4960918,0.3923135845265342,0.6594231321548351,4.0095470455430515,
5930217343152439040,249.07933448017658,-54.925906880377404,16.189854,1.9027004,0.08772305401856524,-3.176684693193092,-6.2308534059919785,4697.2744
5930399896452784512,248.85835113639484,-54.92540817775406,16.190796,2.0156727,0.1460792498487017,-6.1066064918693295,-4.237720891448841,4730.1123
5930399793373577344,248.88276369465487,-54.91713147978769,16.190922,1.7285137,0.2930420548023699,-3.137784473164846,-7.605480218770438,5260.146
5930220229370567936,249.18113055522375,-54.76301223061647,16.190935,1.2647629,0.6428688369090167,-1.182817087723543,-5.652688499432016,
5930410032576225664,248.89065555953994,-54.75938418090876,16.190968,1.1965342,0.4941660891535472,-0.17753483510323098,-3.7520370043403553,5673.3926
5930416286049464832,248.60364235426186,-54.77050558799771,16.191395,1.2300825,0.6594626845432593,-3.1909447789993477,-5.834176116979386,5462.62
5930401477000795008,248.76798405894073,-54.901637961179034,16.192808,1.9169788,0.10432161819795668,-2.151125218366449,-4.5624893355903735,
5930410135655470720,248.86718156690347,-54.73916432730799,16.194496,1.3497868,0.4628441373830895,-4.030871565311685,-6.435855817221077,5201.84
5930210849161279232,249.01044633026322,-55.005136573068064,16.19479,1.8390551,0.010375955844097815,-4.382272909923904,-7.328576811446396,
5930406115565961216,249.01228922980192,-54.79428782596723,16.195555,,0.6555297370394121,-0.3663889874056905,-4.626259441390859,
5930403676024154880,248.8308134961722,-54.81328563473118,16.195692,1.7995653,0.3310912295507073,-2.4389369497623505,-5.754758632707281,4886.455
5930217136993986432,249.1030453984781,-54.932591080521945,16.196274,1.1596899,0.3903108257249743,-3.191110346819698,-6.171652972254299,5818.5894
5930218442664038912,249.23325963244184,-54.879046618207425,16.196463,1.851553,0.16644791968032832,-5.107600782677393,-8.231156147269923,4822.496
5930410547972393984,248.8430664904418,-54.684500614641806,16.196785,1.30937,0.7922854366156952,-6.258086992496427,-4.750914335276914,5242.8657
5930219782699091712,249.13630075000634,-54.77722600566186,16.196978,1.8444319,,,,
5930410101295717888,248.86405457410316,-54.755974470642705,16.198257,1.9661694,-0.020071092988844217,-4.0098415119965765,-5.98079427799531,4731.7275
5930405733252004096,249.05053995716509,-54.83264080203215,16.198317,1.4599533,0.4026020946601251,0.7718389009649589,-7.399971536671661,
5930210986600244864,249.04163164886012,-54.976737971509664,16.198751,2.1724186,0.026886163896598834,-4.196439883492525,-4.612760906886089,4724.377
5930406046846455936,249.04389022724877,-54.80775807656084,16.200237,1.2173071,0.5957551711708892,-7.23703816562216,-6.696878850477617,5470.9033
5930218507038422528,249.21726015482062,-54.874992309316276,16.20197,1.3095102,0.46074839272393153,-7.254766992835482,-6.803051645344977,5811.155
5930402610871989504,248.63876279129528,-54.88110793578497,16.202036,1.2247353,0.35790134056471784,-1.718388641907869,-3.5467419072252637,6877.7773
5930407593034726656,249.04863184553793,-54.76477721373767,16.202087,1.8912477,0.09584985077216479,-3.9118341905045386,-5.949913936264072,4717.3794
5930406940199735168,248.96094216182826,-54.76744575927889,16.203648,1.7856388,0.1599523481720464,-4.905332816177353,-7.422740356141217,5485.7363
5930398831300840320,248.91426796205522,-54.96867548034904,16.20386,1.9223595,0.2969971090633891,-3.2108162540900307,-1.261920211923193,4810.983
5930397663069577344,248.7918406938839,-55.03096025181301,16.203981,1.276967,0.38318209119043234,-1.1910569989084785,0.4550654329903133,7093.103
5930408933064573312,249.04170331913252,-54.716429724787744,16.204016,2.026801,0.13563846458225,-3.994214687986916,-4.815336527784867,4790.8022
5930404874258628224,248.66296473059168,-54.774126684111074,16.204172,1.6416149,0.3475990992237188,0.5021607880763479,-2.467570608771005,4944.556
5930401305133874304,248.7417287617396,-54.93051925646624,16.204376,1.3799028,0.9174323785756969,7.102647611325041,-5.912687111656245,4853.4243
5930401923677190016,248.6738940460136,-54.93822891312904,16.205318,1.3379784,0.45033646599873184,-1.33742069130697,0.08502591376627296,5745.4
5930397182033370368,248.88418991161194,-55.00469437065053,16.209255,1.2548275,0.5332974949836908,-1.4399088640978543,-2.655908018494131,5514.645
5930404496301499392,248.66692159758009,-54.77913741921167,16.209967,1.1709242,0.4640004397250203,-2.259296252574612,-2.3573828820383653,5654.7544
5930406012486732672,249.00908309872267,-54.8057411604904,16.211758,1.2699013,0.6924474136159295,-7.842869933268402,-9.057973197142719,5315.901
5930398655145808512,249.00351070197536,-54.96600541884943,16.21247,1.5141592,0.3174126963310746,-0.103988015934388,2.1465478319385567,4877.782
5930408864345158528,248.94782913954913,-54.694311377145276,16.212605,1.2868757,1.2242933201637074,-3.4431083182784095,-5.274159618786134,5039.925
5930404363218953344,248.64351478510162,-54.80567052432431,16.213959,1.3686867,0.39087153981519895,-3.1239910480377535,-4.042332932111215,
5930408348949036288,249.06790213054833,-54.68951054807966,16.214575,2.003151,0.15607418533072306,-2.219821941080933,-4.304697226868796,4995.7783
5930407043278945664,248.94780927209538,-54.77823927556479,16.216202,1.0475435,0.27193421470629325,-3.632299863045752,-1.5842606052127932,6172.1777
5930410582332303360,248.76778708213044,-54.75435227623671,16.217651,1.8119373,0.16674807176663986,-3.1737502314527175,-7.223372137355194,5089.4487
5930400171263373312,248.93586979295614,-54.90231689961249,16.218962,,0.468214284610286,-1.8764636044667005,-3.132885801314197,
5930400235693816448,248.89602610719706,-54.882024415308315,16.21934,1.4131069,0.6487767372778324,-3.814298993285711,-8.098615867165988,5145.62
5930407318156759168,249.10096513261976,-54.80282027316561,16.219744,1.3112774,0.485709718838872,-6.199473077094481,-12.588750598444294,5515.577
5928899509750025984,248.70648976286938,-55.00603004403579,16.221472,1.8499212,0.12982281427267936,-2.435993667346674,-2.9725238428741902,5141.046
5930396838435964160,248.96356761216794,-55.04586748070807,16.222187,1.3988752,0.43118525820292875,-0.2674065670464363,-3.6292787965410183,5318.0786
5930407283797011456,249.105292616584,-54.81545742059855,16.222647,1.986433,0.10600407050855187,-6.361379846307573,-4.39711599122621,4890.7764
5930404290143015936,248.66321496408838,-54.81689259069584,16.224543,1.2090349,0.5300342636453019,-2.2054185139973708,-5.50660309816462,6917.4385
5930401717519135488,248.72369577531052,-54.902393072455084,16.22468,1.5580406,0.4813813923189736,-7.476142420878791,-6.129490443018314,4697.2896
5930403190631332608,248.75974923979328,-54.86395591727172,16.22532,1.364172,0.29080874603766105,-5.981455309211635,-9.21458461580417,5023.7344
5930400304413305984,248.93589612434508,-54.8666627366881,16.225483,1.2730494,0.485132650978303,-4.041623033432323,-8.784571066666796,6303.6973
5930398586426862208,248.9663812445667,-54.97337181961771,16.225735,1.7800226,0.2637557758940243,-2.4386084717577594,-5.038121595682307,
5930414602422262144,248.60491974463574,-54.81383480875856,16.226221,1.9134245,0.16961709715536763,-3.557821089044393,-2.9242248157211805,5031.065
5930399896468893696,248.8515404170413,-54.92218481660644,16.22678,1.6962671,0.01670227167877375,5.64113243425556,-12.773206539115295,
5930216342370886528,249.1536431837989,-54.9545977822927,16.227163,1.8011742,0.15319667757809685,-4.074908209492788,-6.54274556496131,4843.0444
5930403813463118848,248.77712303327857,-54.80977594505138,16.227537,1.3221436,0.6927593925224113,-5.692711515589407,-9.297384223710655,5298.891
5930408172793551104,249.06334036477264,-54.72875846325316,16.22798,1.423542,0.6414070483979089,-2.1877966471758388,-4.403332275463305,4990.5127
5930405359652019840,248.9881126331521,-54.88327369791218,16.22847,1.7775383,0.059241445524187766,-2.1672305176775595,-4.081629059382898,6705.1484
5930414460625532032,248.59995831848866,-54.84977794913233,16.228472,1.4396658,0.37854453896211343,-3.9165987495786414,-1.2561851110469258,4915.224
5930401236415114880,248.77755883196858,-54.947737565252666,16.229168,,-0.1279422090422978,-6.092917957453354,-7.304101535058953,
5930409276662044288,248.95676971363216,-54.66656895128118,16.22926,1.8781853,0.12379113335427026,-0.16231320867488253,-1.8335574074112229,5087.8564
5930397972307370112,248.86760470707378,-54.98719375084658,16.230488,1.2695055,0.43419442823468546,2.974310030461369,-10.272604905309343,6491.0503
5930410101295713920,248.87143792926355,-54.7577715119474,16.230936,1.3348866,0.5597413002831665,-2.900027423881522,-4.869127779285958,4703.8804
5930217854199705472,249.14603121848424,-54.85466448477067,16.231827,1.1959562,0.6026675518035707,-2.5112762272660527,-8.694001307740521,5588.201
5930210883521021952,249.0416815267814,-54.99128442213604,16.23237,1.2657137,0.37290614582398146,-2.7861138583204896,-5.73652542566222,5915.523
5930402817030433664,248.62969460986255,-54.843703691162546,16.232407,1.8910894,0.21482741165836314,-3.1130138762314052,-1.100218250626385,5116.182
5930409242302280704,248.984527482934,-54.677902317152316,16.23504,1.5424852,0.29236108439388336,-3.956941460887304,-3.1761310787540875,4994.1167
5930219954492632064,249.23891501650854,-54.78405471599443,16.235672,1.172327,0.3473818018207415,-0.7690429549626902,-1.1637490372141106,5024.1343
5930210982251626112,249.03997241438321,-54.97493718884804,16.238667,1.7273359,-0.0039414909032806054,-1.2767032684216253,-4.79320061321694,5347.627
5930219404736795776,249.18952629550435,-54.82859720086669,16.238918,1.0622101,0.23795297041568847,-5.1754491632239885,-4.660505685931662,6007.604
5930410547972380288,248.84385871882253,-54.69874652726354,16.240335,1.2708092,0.5734918904573651,-4.096523782835575,-4.4292870345525435,6635.981
5930408761265928576,248.95082881527458,-54.71034792147585,16.24047,1.3207378,0.5662812045048491,0.18458996491146995,-5.186074546408889,5198.2256
5930408039711324544,249.12329557004284,-54.73222820571707,16.240974,1.4051113,0.42899803380118134,1.2348842693347275,-3.4927932249751623,5042.18
5930211295837890688,249.06209415681545,-54.973552663278305,16.241154,1.741579,0.3110878195999443,-2.2344205188846153,-2.787416186008394,
5930401064683728384,248.67584316272306,-54.94177767658292,16.24192,1.4675446,0.432692842128364,-0.1914449816317816,-1.0169762974767371,5121.426
5930406630962078848,248.92917788538483,-54.79369236909931,16.242937,1.3541203,0.4208721791970378,1.225987168678913,-1.4107899234693821,5131.1855
5930401751878752256,248.72160324450974,-54.870430837444275,16.244423,1.6105452,0.09012596744322601,-1.7017592842793354,-4.155484384106758,5926.396
5930402095475899392,248.62467580156544,-54.91900725339506,16.24471,1.3223925,1.0806412893710404,-1.4483299036055328,-3.710687169249435,5047.409
5930403950902089472,248.78905335547702,-54.79116766060156,16.244926,1.5657825,0.43375644668020236,-0.9238185159156517,-5.009837807861572,4939.3555
5930211398917116800,249.04337734370674,-54.94688734808558,16.245153,1.2066278,0.7299596368994472,2.2359214208930167,-2.909933782361177,5319.7954
5930400721086315648,248.74387860684243,-54.98558694072437,16.246517,1.6374598,0.4516422677053438,-5.837755106242694,-8.671253074988746,4930.615
5930410341813912576,248.85621490709067,-54.7303795077766,16.246641,1.5819788,-0.026589560442947482,-1.971123509155836,-1.123745734879004,5150.5405
5930217995987541632,249.08670263353957,-54.85513509884035,16.247295,1.3489904,0.6673907154444588,-5.038437092656239,-6.378626927796807,4779.26
5930218373949773696,249.2608311441799,-54.86914520526802,16.247362,1.2366333,0.39678215459640487,-3.2098580393828433,-8.423985258214792,6314.3164
5928899471040090112,248.7279783729698,-55.00760009029235,16.248207,1.4880209,1.2737149703818103,-3.380015244335671,-11.722295663019985,4614.354
5930402713951216896,248.62200407139764,-54.85633445639735,16.248337,1.386383,0.4498425563433666,-1.7633888468006351,-5.86404558622805,5310.137
5930399484135945216,248.99702295111402,-54.893005577031616,16.248672,1.811245,0.10080636544765278,-3.2360900167530904,-4.886316847585631,4969.636
5930219542175772032,249.1284297678608,-54.8331751441436,16.249056,2.0542936,0.0152671874685321,-5.256243499195406,-3.3538699694210568,5077.6553
5930397005878846976,248.9819529944398,-55.01982338999245,16.250257,1.6895714,0.0547596890274821,-5.424854884835236,-6.377173255285688,5165.6475
5930210539923610752,249.0416100266282,-55.03069756667717,16.251207,1.3864431,0.5682380794549193,-0.747055426109554,-3.770013359848889,5044.1875
5930416694007372416,248.63740277287505,-54.75307192594261,16.251802,1.2375154,0.4400792801245597,-2.15167908622572,-2.7405270560904738,
5930397628709845248,248.8314551585627,-54.99192582803195,16.25303,1.2807255,0.3298486139957874,-0.29627121306807025,-3.8975185684446436,6603.855
5930398728221634944,248.97268710212094,-54.951051667374344,16.256115,1.7223101,0.040104407270231755,-7.1194376766921,-10.097963358672313,5230.969
5930399170541899136,249.01553202734328,-54.92082381670716,16.25634,1.2571869,0.2782944642671808,-1.1051009526447755,-1.8790568479976784,
5930410582332298496,248.77698095146826,-54.76287959638455,16.256578,1.7422171,0.10298684587132943,-2.5810309374316973,-6.57697495573411,5162.183
5930406459163657856,248.89785707915817,-54.834194302785065,16.25922,1.4812956,0.47211039169338487,-1.4915413359308483,-5.066249007462561,5218.2974
5930402576512503296,248.6747533966585,-54.8535142642291,16.259758,1.8923836,0.1807530572140715,-3.710066881882799,-5.389430435339607,4899.214
5930220023212128256,249.20035362383996,-54.77154370207328,16.260254,1.1742401,0.36151462572082677,0.7516362436107595,-2.063311626366553,5575.98
5930404702459936640,248.7708938205974,-54.774677897258556,16.26049,1.9521027,0.058444081339846195,-4.977888736544896,-6.644918696273764,4748.473
5930398900020325632,248.95218953332906,-54.95499594484981,16.260696,1.009737,0.2605463973586589,-2.8638160267838666,-7.689892106617478,
5930401305201880576,248.7597410193271,-54.943152345386196,16.260857,1.3656673,0.3544702007674189,-0.2806802160625763,-4.701768245845852,5380.3896
5930411681843696256,248.92745424562773,-54.71302793014211,16.261023,2.1023664,0.008180033621999962,-5.260550514404541,-5.031070732321392,4833.936
5930402713883375744,248.63259317580113,-54.85528727541478,16.261614,1.6359539,0.046549437052210124,0.14344437576244717,-1.9774957332565446,5220.2344
5928900643621451264,248.62168460420753,-54.95742477531128,16.261932,1.2534256,0.3902694976900089,-2.6360503912544258,-4.875915025145751,6886.4067
5930411681843707008,248.91492794057328,-54.706734443936554,16.263317,1.1586428,0.3087833041926528,-2.827978420531939,-5.545289064153327,5150.891
5930210299405455488,249.12725361771575,-55.00396649533428,16.26401,1.279788,0.9291986657799836,-10.22902390877119,-15.480326080722367,5177.702
5930409036143827072,249.018100969103,-54.69050699661303,16.267769,1.2665977,0.2992257009704466,-1.7429048556440978,-3.607045764778345,
5930397834868280576,248.8003096894291,-54.98928539334228,16.268133,1.8271246,0.2703606441039901,-3.298963017489639,-1.6466240406264223,4883.1943
5930432572566679680,249.0638246052035,-54.67478160020872,16.268353,2.0061407,0.11495756873081867,-5.599285618197804,-5.687618976078091,4803.314
5930400304413305728,248.94796001725123,-54.86688678562404,16.270836,1.2848959,0.9259746785182218,0.6818634688225522,-8.973828065987803,5014.8125
5930405050413746432,248.69144569852074,-54.739884526329824,16.27216,1.3089514,0.3918608276837711,-1.884118541655269,-4.198738553971776,4988.19
5930407215077671040,248.92318876907584,-54.75368559775829,16.272745,1.3169537,0.6239752165778851,-7.734908962505722,-9.218822892495528,4985.551
5930217411844623744,249.04863136245115,-54.91613960815991,16.274649,1.416707,0.25977624812721567,-1.6763995507545744,-1.8115372021974512,5929.3477
5930220332449792512,249.16447526827395,-54.74054615595731,16.27597,1.6142817,0.30748624750073933,-4.382158000225878,-6.652789314095516,4784.145
5930402817030431616,248.634840669959,-54.85316072843253,16.277035,1.3334455,0.5127755580862924,-2.5734702512485033,-15.21829883031189,5655.127
5930409345381506560,248.9886372286136,-54.6661581923984,16.279696,1.3258505,0.3473610179257315,0.5036578052786898,-4.710692061648394,5004.2437
5930403847822859264,248.79767018468448,-54.80489188161571,16.27987,1.2045069,0.8265574583318355,0.2386362662163155,-0.5471782806969614,5264.54
5930217549310910336,249.06731695877707,-54.895154455141764,16.280428,2.1173735,0.11765751744378261,-5.336639228813549,-5.768124603410965,4900.247
5930217789829059840,249.1739551684558,-54.86385812514652,16.280525,1.617547,0.3305013533575108,-2.9164948025180477,-2.4723149851754833,4703.989
5930398590714980992,248.96562969229922,-54.981990490054855,16.28061,1.468729,1.1456586836137312,0.06501249497074241,-1.4461522069810686,4501.8066
5930407210720858624,248.93203956424986,-54.75365269525025,16.280886,1.3152084,0.8194784576283677,-4.4961683434492326,-14.740438809335197,4920.921
5930408280229541120,249.08404714393058,-54.70041212959056,16.281223,1.6454058,0.3293704695824495,-3.504938298768996,-7.6438446317598014,4808.1553
5930217995987539840,249.09169157376374,-54.85462970613207,16.281773,1.3787642,0.38296321868327493,-5.206987432552144,-4.593450034766169,5546.3936
5930411750563200384,248.8961254176813,-54.699491586385086,16.282476,1.2778549,0.40317313459224663,-5.040847484722693,-10.175398570392174,
5930406940134418816,248.9707829483193,-54.7739749737582,16.284937,,,,,
5930407524315222016,249.10113006186782,-54.76378130763444,16.285494,1.2354364,0.25478948518869643,-0.15647378044383387,-2.4989242356559274,
5930407043213670656,248.94420421660521,-54.77634014257069,16.285902,1.9506807,0.08738866304657208,-4.477133753103423,-6.8625603644459705,4753.4727
5930403332442756224,248.77966951101314,-54.84449611084072,16.286152,1.3763819,0.14825641204281895,-4.1850162663901145,-2.090050658467482,
5930396872795705088,248.95292165974698,-55.036355763882696,16.286242,1.7033749,0.09286963726169425,-3.5710530361231267,-6.912001462685154,
5930399827733322752,248.89249972650524,-54.91083627785936,16.286345,1.3669939,0.25518104722166557,-1.5405217976534566,-3.8631007208215733,6327.5376
5930400068251523200,248.83403133980045,-54.89277168614098,16.287182,1.401763,0.581586224008223,-4.617622421872229,-6.46384906346005,
5930406626605250944,248.9119454517398,-54.79694789243522,16.287651,1.8243904,0.014159626540733508,-4.345516332868264,-4.377056714498526,4909.5986
5930219851413408640,249.21764762068983,-54.800623959973365,16.288502,1.8247032,0.06633367078084502,-3.833522771833539,-3.756961066437798,4848.085
5930409856420706688,248.8082449184944,-54.7606165682636,16.28854,1.854516,0.10992932141312409,-4.891917861158529,-6.530167679582648,4838.4336
5930219679614741120,249.1521959917817,-54.79968452671195,16.288616,1.0772333,0.3455676703627108,-1.898264332901212,-5.402898955594343,5238.619
5930405222212691456,249.05391953555068,-54.88573662224746,16.289701,1.3444052,0.9880568927715169,-4.538887164263212,-7.504003083417803,4719.519
5930218511356261120,249.19857766092588,-54.86305523621154,16.291008,1.989502,-0.030882745796299967,-4.238105290187585,-5.892044109201901,
5930410131298633216,248.87911678781393,-54.73855431125195,16.292717,1.223587,0.7672552211556773,1.2018008694860656,-2.3762461665342185,5257.392
5930411269526909696,248.8044107844596,-54.68903383649434,16.292976,1.8699093,0.06259870746671317,-3.6559441920256397,-3.8523412430551334,4809.9663
5930404809895560192,248.6937189808835,-54.78798843416162,16.293291,1.9689445,-0.9061418660714289,-4.272095532472268,-3.334111582322063,
5930412265959288064,248.95093350422837,-54.661757883862194,16.294474,1.7556152,0.13950245527229171,-4.336459430803602,-5.154475930241483,5281.379
5930405080416905472,249.04980773284558,-54.90923618710902,16.295622,1.5587273,0.4237596367394191,1.7384042683238976,-1.0783472369697364,4800.335
5930404088341002752,248.70111078313337,-54.84076961587677,16.29689,1.7703772,0.17853731476276075,-1.2432901754862955,-5.759307224944963,
5930402335926137472,248.6724585804498,-54.8986408763671,16.298016,1.4431238,0.6115303545575053,-4.479819465737161,-1.292893539675257,5285.817
5930411029008930944,248.73495329354006,-54.700628957724824,16.299072,1.3818474,0.6068321565054353,-8.517955075145078,-9.859331637721274,5444.1304
5930403293710555776,248.77191873436263,-54.855338239026935,16.299204,1.3852215,0.47205283361673156,-0.4702905383881405,-4.757752603891261,4756.509
5930216827726456960,249.2054666778931,-54.91484901837295,16.301281,1.3480043,0.48856968931570377,1.906875526600699,-3.4813984599363974,5064.1396
5928899818987706624,248.6713363836582,-54.97333132703298,16.301456,1.4855824,1.134624717962491,-2.4422546925024733,-2.6368647713167856,5201.654
5930210265045782656,249.11363689096135,-55.01193508170104,16.301538,1.3348522,0.7839029466353145,-2.8741705281173227,-10.622849278435211,5117.7637
5930401923677196544,248.65671321725347,-54.92975333373113,16.301735,1.2772121,0.40378697357876914,-1.1231223041521354,-0.8542645060055761,6442.9165
5930403607304669696,248.84435874967397,-54.82038844270852,16.30326,1.3440075,0.33820050203902063,-6.541015909522088,-16.15979016237927,7149.6655
5930399136182153728,248.9966622376789,-54.93602769074126,16.303637,1.8576374,5.058899704705015E-4,-1.549867516842612,-5.740219007466871,
5930431473055016832,249.14368412062336,-54.70942611675,16.303822,1.987565,0.15156296723964258,-6.206160982607642,-9.562174563081541,4950.268
5930399484135951872,248.9837610395357,-54.88864078372993,16.30552,1.3287249,0.4076723100158948,-4.589288218229373,-8.734559488018888,5250.5073
5930411716203436800,248.92860397313595,-54.7109244985877,16.306982,1.3073425,0.610260297768937,0.44194034539752924,-4.178402642200824,5497.542
5930406596602329728,248.92339293829434,-54.80850660006874,16.30705,1.2740669,0.46424555437274023,-1.5333465386490754,-9.888398117522962,5068.86
5930410307454178048,248.8404973511625,-54.73472015499573,16.30738,1.9764032,0.19386054970539632,-4.649495449551459,-4.967101934558325,4767.7817
5930218060358179584,249.12217973141233,-54.84075851932829,16.308025,1.4688396,0.4447176995524699,-1.0671524051521484,-3.76947294829008,4815.345
5930408692546437632,248.95849845912372,-54.72180838829506,16.308065,2.1007652,0.07237527983637984,-1.312058429063274,-4.339520984357522,4839.99
5930409615902496896,248.8754981721544,-54.79205592527769,16.3102,1.1959515,0.6996564128813685,-0.8298535476356554,-6.310165965759264,5445.96
5930410994649191040,248.73784896581122,-54.707038683368744,16.31122,1.768158,0.16818240588818292,-2.807403065154161,-7.22082591790401,
5930217751120384000,249.1769683091888,-54.8878249113513,16.313965,1.2966738,0.5275685746548301,-9.142132947486079,-15.482006387749003,5029.521
5930405875047753344,249.07474616005194,-54.80656693247035,16.314846,1.1859493,0.44328002328684085,-6.669949741192035,-8.146429302317634,5909.2266
5930218614462754816,249.25441877553405,-54.85124841813814,16.314987,1.7804995,0.048158385633823284,-4.954839405457456,-4.222047718614492,5099.3716
5930209302973031296,249.0034344038968,-55.03377349571761,16.315193,1.6590519,0.08288514425351405,-2.804956318146436,-4.953624055871128,5197.635
5930398212825405568,248.80771617195387,-54.97693501659756,16.3158,1.9175501,0.2446818405026119,-7.165182808308667,-5.77527923856393,5884.313
5930411269526914560,248.80776862617057,-54.681637613918035,16.316137,1.846221,0.6500580233073299,-4.228160275181075,-4.756874307215448,4803.3506
5930405222212695552,249.04512583301104,-54.872381993327686,16.317257,1.943407,0.06812198526704401,-5.041155667845126,-6.251825741306945,4800.6406
5930216862116058240,249.1843538156861,-54.91512291124985,16.3178,1.7985096,0.16114318027165617,-3.903879818709849,-4.923768417291077,
5930400961604492288,248.71050853491,-54.97910312322017,16.318201,1.4149437,0.5288554913012292,-2.5398389875956155,-2.154888849667307,4870.2075
5930216308011111936,249.15618896797838,-54.96338036482663,16.318602,1.2763004,0.3865225269201595,-0.37229167506703065,-4.859735591589376,4988.439
5930401717518979328,248.7249787411187,-54.89521340615894,16.318771,1.6895256,0.375573421139989,-4.6673003122030785,-5.946287215567875,4789.398
5930410135590384896,248.88060026928932,-54.74298889325623,16.31902,,0.6240127131076533,-5.699322837083872,-1.8876226051610563,
5930401648799482624,248.74167823181338,-54.90787008020756,16.32029,1.6977015,0.2801125857533694,-6.273609294341435,-7.277473756867659,4967.3833
5930431816652428416,249.07403703202345,-54.67904810148567,16.320482,1.2872343,0.5914060647241739,-2.5791435340087823,-13.086084345500225,6008.5737
5930408829985397504,248.99103973229305,-54.70105996441973,16.320635,1.576746,0.2212962641391247,-2.1775959621216376,-7.797728458024668,4769.8237
5930399759013850112,248.90588117620433,-54.90633245334698,16.32192,1.282383,0.4047095692459106,-0.865814570586374,-7.293844056544202,6307.0444
5930406562258039168,248.87748306212941,-54.80969562147313,16.32197,2.0569887,-0.02189264326329797,-4.57780893641202,-4.1158398870277315,4882.7573
5930402851390431232,248.64160068280384,-54.84050700964945,16.322515,1.9079733,0.20397884705353628,-5.3902637169244745,-4.2157200565028115,
5930218133397081984,249.12355055799597,-54.83166149299465,16.323288,1.8549204,0.28258760024965884,-7.074317428765019,-2.0533434382960936,
5930410994649190272,248.73201291711226,-54.708809819074126,16.323355,1.8681917,0.1472338570435918,-3.4382798658216913,-3.1920189774782646,
5930402988829303552,248.79837408315547,-54.882676829922396,16.32348,1.9441948,0.03846177862700703,-4.409333574079332,-4.7209243271854815,5114.593
5930396872795702912,248.97271399333252,-55.044312754572346,16.323538,1.2842331,0.32433956121780655,-3.61558867698697,-4.97321740994166,6310.3384
5930407249437425408,248.9256017333992,-54.737313438277184,16.323883,1.1773586,0.4829194509335497,-3.561406453259322,-6.0970188675372015,5769.9277
5930412231599551616,248.9384144316788,-54.66572823500537,16.324434,1.9572048,0.13492509460745852,-6.506933724693894,-4.883074433512679,4771.859
5930397422551403008,248.83394935232698,-55.03099241367928,16.324516,2.0474987,0.1655037817476901,-4.9534311712473365,-5.236961301260281,4932.933
5930219537826930560,249.14827857571893,-54.839905264918904,16.324816,1.3066654,0.6110154164481445,-2.717841171643356,-8.141274919750721,4990.8086
5930398865660592256,248.91316208112164,-54.95449833106916,16.32482,1.2580442,0.46295246100497917,-4.4228080133373275,-6.547806369909829,5541.0767
5930216621597840000,249.23472805516943,-54.92700928548721,16.326193,1.1868715,0.48896648370251033,3.5653722603351627,1.917762402478942,
5930409688979157120,248.84691481070956,-54.765334467868314,16.3262,,0.4101149345186389,-4.191247565541948,-3.0978267499729837,
5930396460478840320,248.9506726281642,-55.05359712224527,16.328995,1.8582258,0.1906682980660895,-4.347435634051722,-7.444653320206082,4818.13
5930400136970968576,248.91939351166963,-54.90732783501635,16.329353,1.2767477,0.3787149628704822,-0.3070511163880516,-5.806766297549582,5746.946
5930398758224828544,248.94534886578086,-54.98673418176806,16.33037,1.3580141,0.5150633773681373,-6.025899888175949,-6.238334867254822,
5930400995964237696,248.71177570520996,-54.95949203351349,16.331408,1.6668634,0.2992523643866535,-3.4783231187071255,0.9614440095459476,5007.041
5930400888528622336,248.72538427063228,-54.960664352435856,16.331547,1.7234449,0.24533883507566123,-6.169000423657359,-7.878947028352156,4923.8286
5930416286049462912,248.60881870425632,-54.77267282295053,16.331602,1.8200788,0.08212158688429066,-2.1335611568818065,-5.48310947370717,
5930397010234669440,248.97821206874409,-55.00762580896526,16.33229,1.1747427,0.3501426981117505,-0.7801231970581086,-0.19422220754953884,5773.787
5930410788490751488,248.7618933785682,-54.72308958428606,16.332361,1.2517757,0.3084337989541893,1.8623011163025809,-2.710697862775037,
5930402709595009024,248.6185954599287,-54.851124272106105,16.332573,1.7820253,0.019152896851139738,-4.409775714884698,-6.565223919832316,5154.9785
5930216312360203520,249.14824550144172,-54.96040854946019,16.333065,1.6568012,0.26844402661977657,-2.0557559247250436,-9.1804178355347,4961.311
5930399690294348288,248.87358040128103,-54.92929787502179,16.33309,1.8901615,0.1161764962587408,-3.663905136577702,-3.2026553370863304,5004.958
5930416801383684608,248.66468634838174,-54.72184788208391,16.333118,2.006978,0.43274967757309807,-4.937929376596433,-5.614271382527222,4909.5635
5930407592969331456,249.04509965576625,-54.76706042056634,16.333176,1.3239651,0.18759822006846127,-1.7213551808915315,0.5602167622294769,9592.882
5930403847822852480,248.79546951168348,-54.81142311500507,16.333235,1.3768578,2.055636473010722,-4.570678182624686,-4.129078015583156,
5930401030323984128,248.66422173995622,-54.9620847814848,16.333693,1.3148098,0.9152952485895313,-3.8543503378766935,6.2790114558318875,5162.1123
5930411819282677376,248.92246736449613,-54.68715655424328,16.33404,1.8609409,0.13710687734187013,-3.489554753019971,-7.8845712473127385,4886.4795
5930211394568576256,249.03943917075424,-54.951454588754316,16.335867,1.6476994,0.021121388290232017,-7.680489664578536,-3.7558195337701568,
5930411922361918592,248.9075957452217,-54.66765390468869,16.336037,1.6984568,0.41553144839823125,-1.9769008430544743,-7.159373094303843,4890.9585
5930397796152143360,248.81064184041176,-54.99791652400509,16.337168,1.5376616,1.2279840863120712,-6.381061836071307,-8.526343040207749,4756.647
5930401988040278144,248.64183636521835,-54.90879884270912,16.337296,2.1364346,0.04555416766862228,-5.918081790459633,-6.341640639299758,4761.2217
5930217824188808576,249.14369888971518,-54.8686360795674,16.338024,1.3483057,0.9492002165716811,-6.383167056619717,-13.090109069561272,4738.4497
5930414052666182144,248.59294232649302,-54.874240713980306,16.338345,2.0329876,0.0594917101825926,-2.3478461692413513,-5.099627221561854,4696.7456
5930408069714345216,249.13317141293942,-54.71243192693306,16.339348,1.2054043,0.4586005592229264,-1.9967889154148097,-1.7939530238735553,5616.8384
5930398556422910848,248.9661491198554,-54.98759198817854,16.339605,1.2975683,0.2766860892834604,-3.6527503274481816,-5.047253660725743,6547.8027
5930407936632107136,249.11542052248817,-54.738269341101336,16.339708,1.861248,0.23711846902256267,-4.309820989626225,-5.785416150307926,4823.7935
5930401545720061568,248.74338928043773,-54.92385876300995,16.339933,1.4772863,0.8258077768307854,-2.748118751135061,-5.71109486855965,5092.2856
5930402232914862848,248.63934292310336,-54.890682700257635,16.34065,1.3783484,0.5685329706096527,2.5464795340842814,1.163531954786702,5462.2783
5930409993858396672,248.80932299639485,-54.74044807914052,16.340824,1.9554548,0.033411188976039785,-2.431063639401794,-4.324809607196514,4796.9
5930403607304662656,248.85147634042235,-54.82429817393312,16.341745,1.3229609,0.7062170585274838,-3.7886331902974684,-3.31687985161891,5279.7495
5930399617218725120,248.88701630836374,-54.940158920251285,16.342857,2.0022821,0.13237721105559966,-4.470369059717692,-6.228487961683841,4761.768
5930411162089543936,248.8038846136768,-54.69646394071256,16.343054,1.312891,0.28670464055901856,-3.804736090309076,-6.014210852504549,6568.8184
5930220225021915904,249.18717076574833,-54.75892274138467,16.343353,1.5626249,0.3597233855954595,-4.397064143946569,-1.1660456477715329,4706.9956
5930401300845499776,248.74506507589228,-54.93043856052768,16.344046,1.6946468,0.34727374925978777,-3.387538504603827,-4.113626381114945,4726.3823
5930403126268302464,248.7968150139793,-54.84854273290409,16.344141,1.3331432,0.5975693200507035,-4.417211166332115,-3.6284337368653015,5261.408
5930404294499461120,248.66157467355356,-54.81905466874471,16.34443,1.6265821,0.4681102766195261,-3.983047921661224,-8.878010817997334,4676.2124
5930403637307984768,248.82581835423628,-54.817011491524454,16.34571,1.3540611,0.7528672667202871,-4.166406872528853,-9.346076125412559,4686.168
5930210265045717248,249.11767027701825,-55.00493164873108,16.346197,1.7780704,0.17556864272095443,-3.531442714556706,-7.535088016561583,5180.816
5930405050413747200,248.69166501905497,-54.73627439026574,16.347134,1.3613634,0.9738928719373351,1.352587378776032,-13.577584863229207,4903.487
5930400480568412416,248.85625898802044,-54.868473468508874,16.347725,1.688879,1.382946712099182,-9.159340983253678,-16.941534227617087,4374.0254
5930217514951161856,249.10326108428757,-54.88739457847247,16.347862,1.3988304,0.5611322052521038,-0.38893943200850645,-8.931628850095782,4772.8096
5930219061139384832,249.24775032171948,-54.82546064763887,16.350136,1.3951817,1.0122273170657565,-4.747680145709053,-5.44081328696753,4864.233
5930411166447689728,248.8008638116257,-54.69650710778567,16.351294,1.8945723,0.20265487418849798,-2.6448143261927073,-1.0177229715133576,
5930398968672303104,248.93195322024863,-54.94230172189519,16.35215,1.1504564,0.4487067107343318,0.45335376492595836,0.7217490061188014,5838.8477
5930401202122685184,248.6941760264124,-54.925938145802135,16.35231,1.9230185,0.16897269349776206,-3.1788594991018178,-4.870371492843137,
5930403504158395264,248.81049752397735,-54.84458351459646,16.35251,1.5218172,0.4382303539129694,-4.073606200934259,-5.7065054870601255,5406.3833
5930404053981252352,248.69339557238894,-54.85184693105311,16.352688,1.9700384,0.21060912599595866,-5.5946146576589255,-7.436793489019278,4904.424
5930403744743629440,248.80201178213943,-54.819671822097014,16.353125,1.3293581,0.31695152566027046,0.9193611851648289,-2.137279492094881,5407.315
5930422676961477248,248.6819809589561,-54.71099948947405,16.353256,1.4023209,0.7378287640885913,-7.2397151207107235,-7.51038215929872,5029.654
5930416114188666624,248.63351873784515,-54.801550859300626,16.353779,1.4128389,0.9236011928712654,0.19679478916651294,-5.305654323889884,5017.6567
5930404805539128832,248.69390011602874,-54.792103617503365,16.355293,1.3821831,0.24034127157580695,-0.6689936961065734,-2.602281806289627,6007.0005
5930399170541894784,249.01921100786427,-54.930456009942475,16.355408,1.1563549,0.3962277816397342,-4.953253377969714,-2.4562004958316166,5550.8438
5930402610871987712,248.63585385250832,-54.887011719183626,16.355572,1.2969017,0.7948112847716587,-1.7033272287807903,-2.6634460494617533,5271.895
5930219645255043968,249.11867868008991,-54.80725488792867,16.35564,1.8448687,0.07922138815543493,-3.9871913706156925,-4.864492824832246,4796.039
5930412025441156224,248.84347011823724,-54.668967576092385,16.35771,1.4705658,0.5160437087881881,-3.369781048500816,-5.818368288336075,5512.7437
5930407249437413120,248.9348096584799,-54.74469860402369,16.360088,1.9364557,0.10641081847769152,-3.557669098221562,-3.4571459749110613,4788.675
5930431816652419712,249.08655562194753,-54.68467832851042,16.360146,1.9169836,0.10606419920230495,-3.17282416770511,-7.102995090419327,
5930407146358180480,248.9362871051451,-54.76131716862166,16.360607,1.7718754,0.0737026798710045,-3.220295267040319,-6.636581484383173,4965.1772
5930217583670663552,249.07998062510853,-54.87578245452244,16.36066,1.771122,0.30017936466314443,-2.9821484172641037,-3.4545204169592085,5239.312
5930219713974473344,249.16632259026503,-54.804252135579766,16.360752,1.3069515,0.40370895013123215,-3.2238802854001714,-8.711633781799224,5248.579
5930407455595724032,249.12436719776352,-54.777535375126504,16.361105,1.1569605,0.41682932296595343,-1.4252836740304402,-3.6739034196738904,5575.322
5930397250752847616,248.92107698084547,-54.99947656762167,16.362001,1.7902937,0.05388412128552827,-2.999713205580181,-2.482710987619399,5084.997
5930400514928162048,248.87014285500436,-54.85906521682658,16.362955,1.3171949,0.43329396560140815,-2.767980077935537,6.307229318981561,
5930416281690504320,248.6096716156011,-54.76445553761495,16.363043,1.9228745,-0.014379284130405623,-2.316766015963088,-8.371093338260893,5082.4854
5930407936632107264,249.10925902035447,-54.74098940291835,16.36383,1.9978323,0.08278764550183722,-5.032958448810801,-6.0158814125063,4609.126
5930408756907843712,248.9467385649297,-54.707951952753874,16.364027,1.9627485,-0.0043562169921018655,-6.146832013777262,-6.341522436136597,4857.4707
5930405359652020352,248.9809474747146,-54.87802469485786,16.364056,1.6157169,0.06214833251491729,-6.349041815222517,-4.6826536538078605,6514.8696
5930211501996334976,249.04425904953166,-54.93464457219692,16.366682,1.2393427,0.29566069022982316,-6.466112446172822,-3.2316298874198592,6364.9062
5930216862116052224,249.187840718056,-54.918450395374194,16.368052,1.292037,0.31377033100114515,-2.2735820297656115,-1.1393047084663297,
5930409276597026560,248.96835899366448,-54.68258011911927,16.370285,1.3879967,0.7310590617217875,2.8551077289795037,-7.862560555574265,
5930409688979094528,248.8391999759559,-54.76591313846535,16.37221,2.0689192,0.05241230771974903,-4.045950766051928,-4.552818587042527,4875.3193
5930410169950125440,248.90326079558412,-54.73329765240152,16.373024,1.2959261,0.28412379475024,0.6176759243860198,-2.2724704344550326,6023.737
5930219267297822208,249.18180882769542,-54.84973816497751,16.373306,1.2750788,0.4421463865730103,-0.6564140373070186,-3.2701797995582327,5542.3057
5930399003099562112,248.94285181667885,-54.934916814636836,16.37334,1.3493748,0.2652356942912526,-4.20541952462908,-6.004169162216867,5335.636
5930402954469563648,248.77120669635497,-54.887346321425,16.373466,1.8795614,0.03584967327716741,-5.613161381100299,-5.255400262788948,5017.8994
5930397658713175552,248.800081480224,-55.03132438392851,16.373814,1.7119026,0.45675203713663537,-2.8437055242892333,-6.187989900103613,4950.6157
5930218610113947264,249.25989102888514,-54.85451507313083,16.373873,1.2165785,0.3159504902609491,-1.974722447531943,-4.277924193356268,5605.761
5930400549287900288,248.8941701633844,-54.85611038074712,16.374502,,0.07991494319665468,-9.016241761867716,2.743135425577881,
5930398968739816576,248.93445787636446,-54.94338642577022,16.374521,1.3254652,0.8467135201915372,-6.483643099984482,-5.593156101316438,5047.4697
5930399312269699712,248.9669223847178,-54.93537354350769,16.374538,,0.696603592933269,-3.7860074242144623,-6.238611148904274,
5930399381056705792,248.94927344362415,-54.917094879712316,16.374876,1.2674961,0.6581697240783183,-3.919964060577107,-4.937868029554762,5420.238
5930401786169923200,248.65604618368218,-54.96083395213863,16.375029,2.1416998,0.41592298814479,-3.2524136373657093,-4.828132442081282,4840.346
5930405565810116096,248.97478999226422,-54.84202856471849,16.375755,1.3838568,0.5533260690180989,-10.834348938850312,-10.556892672768589,4754.0366
5930404942976846976,248.7065847453692,-54.756716827333335,16.377913,1.2273436,0.47161067960612607,-4.675977504124399,-8.898008358348912,5413.371
5930397766148804992,248.76769499981762,-55.00107416683772,16.378416,1.3506432,0.557808297280391,-0.5095335140225764,-1.7614896611985216,
5930408245869802112,249.0838491406531,-54.70142694344221,16.378666,2.0356169,0.05181759359383119,-3.6837452597676235,-3.8027919187874577,4845.882
5930406974559476608,248.96932930165417,-54.760144531355365,16.378733,1.9095669,0.08668053996243756,-6.2035733707394485,-5.52399013788115,
5930399415416447616,248.95396223276694,-54.9131830809789,16.379885,1.7781696,0.09604972290037594,-2.8053849976918617,-6.10551989923591,
5930216892126853248,249.1911340768874,-54.91110516827495,16.379894,1.2597122,0.5205700939301801,-9.779422032428391,0.12288973218255908,5732.319
5930220263730310784,249.1871416114042,-54.75120686797452,16.38114,1.792839,0.20092374493680717,-1.18597460212031,-3.0726888314360368,4904.0093
5930407043278960768,248.93159713212935,-54.76746236610196,16.381168,1.2794867,0.5210562930228059,-1.645721810794703,-0.6094929878792724,5019.241
5930404225779991680,248.7058363383485,-54.806210070783244,16.381262,1.4003687,0.5895041271285687,-0.3308751146853349,-1.8909010887143098,4789.866
5930407180717930368,248.95233986818297,-54.74210414750217,16.383245,2.1674013,0.04275223579373759,-1.3623272729233904,-2.7159862129719516,7594.553
5930407970926384384,249.13920689798874,-54.739747366197214,16.383291,1.6097698,0.25377079838949507,0.9032448624196069,-0.629173333501752,6004.7686
5930398693861879296,248.97293833021422,-54.96941506093126,16.384613,1.7715683,0.04780861775826407,-5.3322689147371785,-6.690904254586869,4947.016
5930210535572636800,249.04352906357636,-55.034137987610286,16.384678,1.2175856,0.29057104781265053,-4.846815479533575,-5.280844724661261,5796.202
5930422676961476352,248.68673149567257,-54.716271513370074,16.384699,1.2809048,0.6748215904494249,-3.8117447043952035,5.308698840739336,5629.8257
5930414671141741184,248.5954772076488,-54.806748893412085,16.385012,1.5009575,0.6699177852304643,-5.137814691228,-1.2553121202898738,5338.364
5930398590782668288,248.96033023613987,-54.96682877902855,16.38519,1.3698845,0.47298490544198524,-3.943111090398593,-2.722997652111795,5372.978
5930408589467206912,248.9934042122936,-54.7210054891906,16.386526,1.3078499,0.28302799010517604,-1.9338968957517224,-7.535360278854235,5182.0957
5930405943767243648,249.0230087066664,-54.81444895405358,16.386587,1.8014212,0.07390406051447208,-2.998742715501768,-4.745148373563073,4892.672
5930210436844100480,249.14053739126632,-54.9777585595405,16.387459,1.7799234,0.3257262965884969,-1.2278458767987126,-4.7103250757369866,4799.355
5930404187063788928,248.710179462492,-54.82542121572648,16.38747,1.2298403,0.5462200005117319,-0.019847696118586944,-2.479695781448118,5609.304
5930218442634265216,249.2326236289782,-54.88364851032978,16.388327,,0.7136664634063504,2.180614658490804,-12.200587244481635,
5930405084774110848,249.029816572433,-54.902523740206476,16.38917,1.9255152,0.06417090252713112,-3.6664093539984846,-3.4866155424243335,5124.919
5930402473365109760,248.68781119893566,-54.88198549081836,16.39066,1.3084316,0.2326853119757272,-2.067461073648461,-8.675012664099985,
5930216415439409280,249.20052743574183,-54.94267187543914,16.391754,1.5554447,0.31359722410762253,-5.389599464110432,-4.165644069841203,4689.9204
5930400171330722560,248.91828742714253,-54.893413003892434,16.392725,1.3727331,0.3727780039055394,1.157051840873639,-5.898192604123392,
5930405973770701696,249.00523914137008,-54.825785105553514,16.39298,1.2528057,,,,
5930219262952662144,249.1828043953372,-54.8541838910818,16.393538,1.2435436,0.6134860367747745,-1.5303435385568616,-2.804658347450123,5247.1216
5930411200807620608,248.76986144493802,-54.70389940862727,16.39385,1.5907221,0.05697015318486547,-3.5319900720376625,-4.455911508789417,
5930411681843710976,248.89998187643684,-54.71007785317931,16.396032,1.2342682,0.7135020545646771,-1.8935854936061518,-3.2680287968455826,5227.785
5930406940199727872,248.96654761933013,-54.773332038390556,16.396112,1.1945639,0.4380172767126305,-1.2409809426287444,-2.2134841803079595,5010.4893
5930408997427285376,249.0089643689419,-54.70209224607443,16.396355,1.26861,0.6901491652363377,-3.6736521414265755,-4.175105900149409,5420.9966
5930216621597840640,249.22861182905987,-54.92938756774876,16.3977,1.0786476,0.3369782421275363,-1.8045092202670352,-3.4261438045380608,5828.289
5930400514928175360,248.8488389777217,-54.85057557458511,16.397839,1.3990526,0.42611940235922335,3.952049403368873,-6.0168814765494,5612.557
5930397766148808960,248.76745695556946,-54.99102089629581,16.397896,1.986783,0.18014737366232716,-5.093910958846576,-5.590011967118733,4601.95
5930405359652019584,249.00709821480754,-54.883341042305446,16.398045,1.9617081,0.07935796979119163,-4.071788215240032,-6.017078627608851,4755.678
5930410719771260416,248.78719098217502,-54.745406557995985,16.398327,1.583911,0.33465112667593766,-5.590483777579111,-3.50951006003783,4777.418
5930410651066911872,248.7390534204125,-54.750928531895894,16.399492,1.2745991,0.47511700212391605,3.4966872786567187,-1.7116700720601543,5028.7925
5930405187852954112,249.0296434478749,-54.88960435331639,16.399836,1.2574453,0.372781812630001,-1.637219202433824,1.2864007415546406,6354.6797
5930406076849666176,249.04193251139165,-54.7931879624461,16.400434,1.2924118,0.9090842619871525,-1.5733088473051045,4.021152881607587,4686.945
5930401644442896384,248.7450127184453,-54.90486792866424,16.400543,1.461503,0.8668221409360016,-4.105671227375165,-4.46160789917368,4688.2627
5928899509750022656,248.70229098364425,-55.01280662571052,16.40337,1.4765167,0.9018483996074907,-2.667116467432813,-10.082861744638132,5053.148
5930402301634346368,248.61724495037691,-54.8851436690508,16.404705,1.9176121,0.10193822163148814,-4.792152234172285,-5.630331939316492,5281.4136
5930410921571345536,248.68794598177192,-54.72535962728651,16.405254,1.3043385,0.6694969958448324,-0.9173151167444678,8.624090229848122,5418.244
5930220091931611136,249.16196825322652,-54.77745412327449,16.4053,1.1744413,0.513439291304142,-1.7381711436167062,-2.5618584962119657,4909.0894
5930401305201878400,248.75984174457219,-54.94998845136611,16.405853,1.3190155,0.3679022551748745,-4.110609509956705,-7.483760229459945,5197.3066
5930404912974787712,248.69124103084312,-54.7624002430538,16.406689,1.2445679,0.4855600599031852,-4.497141998828255,-7.1982078514895145,5304.52
5930406940199723136,248.97119497338196,-54.776893602998946,16.406792,1.45228,0.37564507800171915,-5.3622271452109445,-8.624482027263351,4920.632
5930217514951160832,249.0929571737579,-54.89243631550289,16.406952,1.3630819,0.580076656188818,-7.501489975896,-14.145439955094396,5222.4785
5930400068251517440,248.84367496397059,-54.89534418600954,16.407812,1.3110237,0.3696508551142156,-2.2390558568581826,-5.252730165905458,5202.3564
5930408108430812416,249.0853596291916,-54.74143881543001,16.409086,1.7467527,0.14199784013331163,-3.217171668195091,-5.4867696970898905,6735.7036
5930398693861875968,248.98228796822187,-54.97255062352589,16.4092,1.7549248,0.26211398860958346,-5.443240267895135,-6.1372286291460805,4865.651
5930400721086306816,248.76150544182934,-54.99701582502417,16.409561,1.3553047,0.5399712244453869,-1.213515932645264,-2.064231508509285,6072.808
5930220195010835072,249.15776574703222,-54.76197499733052,16.409595,1.8359613,0.11801729098709003,-1.0702333487813385,-1.6340361202502054,4885.624
5930404809895561728,248.69111757051652,-54.78678244921886,16.410152,1.2675524,0.46962350159823263,-2.505267336025357,-8.114586497642005,5424.566
5930406974559476096,248.96706285197985,-54.761543005649735,16.410269,1.9548836,1.5977934239513991,2.4403680294052195,-12.944309418787284,4233.8613
5930405256572436480,249.0534101269704,-54.86155770427579,16.410885,1.1674032,0.4372002745424268,-3.4408404598883284,-4.46551104850631,5461.3247
5928899784627963264,248.65898623367144,-54.98317728833829,16.412447,1.6369419,0.19663387249022932,-1.3800870889130454,-3.4696848287448665,4887.3486
5930409860713501696,248.80579960629575,-54.76812445923532,16.41308,1.8518524,0.1418877277223309,-3.8102405779485387,-2.838211541353673,4816.7837
5930219920132905472,249.20728536264093,-54.78185477354421,16.414183,1.2563267,0.5807887412231337,-3.0095157665933714,-4.458007171754256,5395.6055
5930410238734688768,248.88770810407607,-54.72643476680447,16.417023,1.5107269,0.1863403956482511,-2.6164434698687877,-4.940686797711461,6307.9937
5930400892901248256,248.73759057422475,-54.96973995569317,16.41805,1.3170023,,,,
5930409272303953024,248.9753599737038,-54.679728711665234,16.418543,2.043396,0.08073981905480052,-5.726195602200244,-6.288166052069995,4732.85
5930414499356696832,248.57094870477385,-54.84431327356502,16.421595,1.3302565,0.5196654198356363,-2.7644571488657474,-5.217036039884163,4736.2
5930219473456277888,249.18772155274152,-54.8236910042619,16.421621,1.3256178,0.33625256192605774,0.9316847644101345,-8.001630196166193,5150.854
5930404981694268672,248.70886671157172,-54.74214715403423,16.42228,1.7633028,0.06337156798106555,-6.382204051192593,-5.393039903661885,5409.6787
5930408516390931072,249.02674565743163,-54.73399534294937,16.422329,1.2791405,0.7170425341915304,-7.288292977134631,-4.169050867007969,5248.297
5930408177150324352,249.04195205559895,-54.721983655104175,16.422665,1.340702,0.3903081972352544,-1.0530187530766963,-1.9073941679718527,5022.7554
5930403912185929728,248.77168588878666,-54.79592988657966,16.422987,1.2035389,0.46235662884420625,-2.4393571777331085,-2.244925429812943,5583.5522
5930406901483192064,248.99070425152948,-54.77180098875347,16.423183,1.7933235,0.1505316142600821,-0.24286171586818184,-5.43120275105458,5041.8867
5930410341813924608,248.8496392335515,-54.722962540777544,16.425314,1.2400723,0.426647210530226,-3.114731036138153,-1.9305620144145812,
5930399037459270912,249.01376145287335,-54.9555775192273,16.425648,1.7457294,0.19845586438596696,0.3916806048821424,-3.2198987321677266,4826.368
5930398212825404416,248.8108289437478,-54.97960670439743,16.426056,1.3185711,0.7239820599857439,-6.901413344583954,-12.796376976262707,5469.4707
5930407004562391296,248.9401381214022,-54.78395205500241,16.426329,1.2774286,0.781139570601803,-9.700192552455391,-12.443860360389184,5007.7144
5930220298090054272,249.15638694157403,-54.744481768779764,16.427149,1.9665432,0.08224086219597168,-3.628286335641141,-6.532014388082464,
5930410066935975424,248.88520947222216,-54.751819958521374,16.42722,1.3319321,0.48309527539400515,2.496317022820346,-0.575154963834141,4706.7837
5930403499869226752,248.80358068785313,-54.85002573709833,16.427265,1.507,0.30320181626619414,-0.9900607516096109,-3.0890028949744965,5433.015
5930401610083161088,248.70184908970208,-54.89773284230884,16.427393,1.4277792,0.3213428782641148,-5.121472844178275,-5.119114012107427,5911.9
5930217995987533440,249.10126568325873,-54.856273212113436,16.428179,1.2939606,0.4174932442304295,-5.2041146134293115,-9.592800718678447,
5930406940199733248,248.96274337950692,-54.76822473856764,16.428589,1.2323866,0.6486871875391492,-1.2216695016340642,1.5709761548147627,5503.4062
5930210604298218368,249.09402291091564,-55.02434682548458,16.428675,1.8010359,0.19644560465952735,-6.5439551336353725,-5.818531139270279,
5930408795625648768,248.9773402697194,-54.71648376856458,16.43031,1.3304415,0.5122531326477371,1.9603055241917642,-4.300589159752558,5526.525
5930406867123438336,248.98847591263245,-54.78298049897477,16.431122,1.1776867,0.5267562901301144,1.276720066029576,0.5914045937028262,5522.2793
5930211261477822976,249.10485613087175,-54.94959908207846,16.431414,1.9217253,0.060980813945807955,-5.627441332194053,-5.576438872746395,4793.7305
5930209887088659968,249.11862309700064,-55.016469551881706,16.431915,1.5648737,0.05154162838852453,-5.226180179129909,-4.453105093934095,5634.804
5930405703249038848,249.05402102527745,-54.85170285145106,16.432821,1.2554178,0.49685926879417575,-4.548584063578496,-11.666162805652284,5523.947
5930401305201879424,248.7628417846593,-54.94513595376015,16.43326,2.2087488,-0.08739125629112454,-4.185380035105368,-5.245404205216307,
5930399926456381568,248.82776481780127,-54.91143956443242,16.43343,1.79214,0.22576231310496278,-2.714602652591966,-5.106878160000013,5066.05
5930401477000796800,248.7719714230155,-54.90036546512392,16.43399,1.8538427,0.13964594467316485,-4.935275958743084,-4.831927577049073,4948.5264
5930402301634353536,248.60404866762806,-54.873265700364584,16.434511,1.6950827,0.144103650924414,0.8160828406071094,-2.855132154041285,4861.886
5930398453343773184,248.8219890161581,-54.92994454414981,16.436258,1.810091,0.1783869873102961,-4.701975653314337,0.8546011551957042,6716.6943
5930405290932173312,249.0318552610492,-54.87530654047656,16.436327,1.8359976,0.08875536023500355,-3.002299399587624,-13.186149671789343,5316.8813
5930408378951952768,249.0069986197077,-54.76422386473014,16.436491,1.2797174,0.42771813237155243,0.725655153104915,-2.7568780371159467,5355.524
5930404393222235136,248.67528397325475,-54.81358161589628,16.436565,1.3201303,0.7707059740095855,-6.790255822240874,-9.320119607791947,5012.222
5930408452028227840,248.981551405635,-54.75189923132728,16.436985,1.3282709,0.7138322723233511,-5.469518098147876,-10.127756933322258,5084.1377
5930410994649185664,248.73796205615298,-54.7187021493728,16.437857,1.3267431,0.37191961147513203,0.5723091406596623,-10.883720820309513,4851.6074
5930412059800884352,248.85935424027488,-54.67484232020509,16.43818,1.9862022,0.07913954062856395,-1.6871698034482208,-4.637069813011576,4798.396
5930397937947623424,248.86199638322412,-54.99716062046651,16.438337,1.7571058,0.10514378068512761,-5.356956355490963,-7.631652187627298,
5930396975874922496,248.96271391508222,-55.0279622110248,16.438528,1.3078222,0.37919330721958083,-3.782255847523035,-3.513129270492872,5395.4424
5930399037459271296,249.01609400094526,-54.954505508031325,16.438847,1.1878595,0.5314043004888003,-3.5185152667164044,-16.545140295058,5653.5874
5930210917880763136,249.05352970613217,-54.98490626433481,16.438887,1.2602081,0.6178568373901626,-2.8557436783697314,-7.7136707022610835,5300.4126
5928899750268205568,248.7011886006029,-54.99364623122249,16.438967,1.328229,0.7845899049507299,-8.53968713927185,-1.9365977815719666,5216.5903
5930210608643088128,249.088626533885,-55.024415940169526,16.439926,1.2838612,0.6392638915186921,-0.5986105488832955,-3.9660530707449704,5757.4297
5930401854957722112,248.62060358338044,-54.94030831128862,16.440113,1.8281279,0.14304784333989787,-3.4480304812879576,-2.942484016336648,5124.1733
5930406493523397248,248.918425628766,-54.82945945306302,16.44045,1.9256706,0.08178541414050199,-5.177439537326693,-6.507629504825845,4911.2783
5930397628709973504,248.84635096877565,-55.00411814708366,16.44058,1.4144449,0.3705891136303244,-8.392945598225273,-7.596500323954636,5710.433
5930409895137530368,248.83259620365527,-54.75702673890878,16.440708,2.4409323,3.2194193755973517,-10.835506632753118,-1.6055085248783243,
5930398968739823872,248.9322859418065,-54.93591886540859,16.44149,1.2140656,0.24787997878978274,-0.5047309720030514,-1.9613717865763696,
5930406390443874048,248.93325511409057,-54.8241149038637,16.44183,1.2622032,0.36899994576848055,-1.003828644031925,-3.173427537780004,6477.4346
5930210883494207232,249.03084454017682,-54.997329670856594,16.44195,1.5247698,0.449839348555816,-5.221281385406534,-4.41281701459623,5085.5474
5930414018306441600,248.58821253263392,-54.88319284824363,16.442505,1.144495,0.29343545694763473,-2.821383639477222,-4.39394398096165,5653.755
5930405565810111616,248.97470042088082,-54.846614631654305,16.443525,1.8710842,0.1912316902626206,-2.603658097032632,-3.3353453281269636,5106.549
5930216896475815168,249.18013722323767,-54.900138242492915,16.443996,1.2602186,0.455724993073583,-1.9923935897742913,-3.7257117376137803,5428.4355
5930400411848911232,248.8694302299638,-54.885131093060835,16.444305,1.3059635,0.4119643407646691,-3.561500432837996,-5.599210149498093,5048.0713
5930406802760746880,248.96591307382704,-54.79994290709897,16.444504,1.2488699,0.5160129737081748,-4.877615976215985,-1.7892718626106783,5360.363
5930410307454183296,248.82850116613548,-54.73502915331544,16.44486,1.3919363,0.2821169079736097,1.5593616928051894,-0.7996404930264442,5032.0566
5930409207942531712,248.99130495085834,-54.687598558752235,16.44492,1.171422,0.32019388857373654,-1.1809373619026127,-3.087230388976245,5514.823
5930410547972386560,248.84703484082857,-54.691157141319664,16.445078,1.3776884,0.3733135327676258,-3.867562696435939,-5.167447428532492,5588.3853
5930220332420486400,249.16471098251486,-54.74364895440141,16.445435,1.363205,0.34340736251638104,-6.420615314583742,-7.8455411370877215,
5930404775535827840,248.74521291285157,-54.77053863847224,16.445658,1.7855711,1.7163177687221753,0.34025412929906307,4.888629465503046,4419.286
5930400240050224768,248.89505710104388,-54.87764794747232,16.447735,1.2784948,0.3266482887193017,-1.3748016076780776,-4.947232019088301,6485.501
5930411991081404288,248.86195794672045,-54.677301329327676,16.447786,1.467411,0.39978508609156027,-1.7827929242192293,-4.876782087787444,4923.275
5930400957248092672,248.70866094959186,-54.97319536387794,16.44805,1.4448452,0.40524651241275317,4.0689451358371524,-4.130833636509598,5119.135
5930410719707056512,248.78095938842114,-54.734387221215975,16.448086,1.3420544,0.8419694498579671,0.3822978860949444,-4.6864608511379,5439.1177
5930406974559475072,248.97663261095886,-54.75780561956835,16.448484,1.2515326,0.8163202625789742,-2.061422557717403,2.0458601205584888,5228.035
5930404466231392128,248.6524395773999,-54.795172764379586,16.449518,1.7050219,0.27885046672128233,-3.4522323382073377,-5.329533838744755,4830.6865
5930404122700738048,248.7263994686395,-54.84011278709031,16.450539,1.746067,0.03704459736439763,-1.753609900326371,-3.513754392559128,5241.26
5930400686726574464,248.73219417676466,-54.997532477962274,16.451508,1.6030436,0.5471936929568958,-1.5666504569967346,-10.491159481728788,4947.016
5930404500657916544,248.67024196193776,-54.788771449661574,16.45172,2.1227798,0.1537127458921294,-3.5087325418539876,-5.3239465083852995,
5930219743985497472,249.13263016802148,-54.79076339471789,16.453068,1.3212175,0.06033040846390733,-1.3254257927092845,-6.959551885161405,
5930412025376319360,248.8566911105934,-54.68189066471148,16.453768,1.7761631,0.14409638250691637,-2.4689905557078995,-2.565967212113848,5016.85
5930397834868282112,248.80565252522243,-54.982730287711064,16.45439,1.2995787,0.4668647130894339,-2.311949307642444,-0.8422668934797686,5697.8823
5930399690294346880,248.89022620406172,-54.9286345900738,16.454533,1.8206863,0.05454020802542513,-5.404492650875876,-2.929338704533682,6303.2266
5930416629646844928,248.6550979665703,-54.769979476631754,16.455492,,0.3056609211802288,-1.428723511278271,-2.24696394050767,
5930410891569967360,248.7248495559393,-54.727057108489504,16.457603,2.052126,0.030936888605672855,-2.5400471630625416,-3.1714511380115464,5111.502
5930397972307366400,248.87369397813004,-54.99080452833372,16.457851,1.3485231,0.2842066765804952,-2.764643075510395,-2.322054915921315,
5930217613685049472,249.15027624293307,-54.90119887263879,16.458143,1.140378,0.4272464500331805,-5.0369336183771125,-8.037989353879281,5558.205
5930431537415656192,249.12103647514132,-54.69715185416885,16.458155,1.2595844,0.8981901686413427,-0.027123745391402387,-4.5327316803247975,5153.1084
5930410170015194240,248.90653657953072,-54.73725282151355,16.459578,1.9109478,0.06430275389056966,-2.9130671690076086,-3.0421502089810133,4952.133
5930410788490748160,248.7607715821986,-54.72883168704445,16.459911,1.3183098,0.5263458372161194,-1.9515804401728978,-5.248199626467594,5329.582
5930399862093056384,248.83819809644248,-54.9218735673879,16.460993,1.3445816,0.6021554519331431,-4.12243646560518,-0.5634760298892252,5308.91
5930218477028995584,249.2387705607641,-54.86097558263318,16.463303,1.7577419,0.1872806088096096,-2.899411093150868,-5.464017724390949,6451.4644
5930398625142397824,248.98505052656404,-54.97384042767723,16.463774,1.4254799,0.6159949953297115,0.005377937631706797,-1.9095513444664007,
5930219812704891904,249.22160397119697,-54.82009094359512,16.463963,1.178586,0.37693554381509875,-1.6505813370926368,-4.386897487953734,
5930217892908290176,249.10385346328852,-54.883099142074116,16.464172,1.7699375,1.7644514787115335,-19.43680973244005,-17.27333236150075,4439.9927
5928899715908467584,248.68439877095662,-54.99984199690514,16.464996,1.2671041,0.4252656935924449,2.1496302907242093,-4.700682119106391,7185.267
5930217343122752896,249.08048838845215,-54.9274520971891,16.465048,1.422368,0.16408515274731109,1.7504911139268808,-4.897178929742935,
5930397491270884736,248.82354920670272,-55.019186507103406,16.46851,1.4627476,0.576752785299853,-2.87173792586742,-7.051740641980928,4914.361
5930216621597840128,249.23863723644558,-54.92510341969976,16.468576,1.2586613,0.6567332652136293,-0.7957646102606545,0.25736935067358463,5082.656
5930219473456283520,249.17086451246865,-54.824556645379474,16.469286,1.3840799,0.6718847628087636,0.012859548201127557,-5.913402006906861,4937.2812
5930220194981500672,249.16395889329218,-54.764807409022815,16.469343,1.1759043,0.7215879419172264,4.2408106873387315,-0.6265767082933672,
5930397182033371264,248.87769019031188,-55.00433235098318,16.470282,1.2973595,0.4460986158217935,-0.547000454604617,-2.692728276145912,5420.9995
5930217514951145472,249.11888668455026,-54.89517333324686,16.4708,1.2006044,0.3124209934305426,-4.291798756302781,-5.503361152725608,5499.0757
5930400510571749760,248.84738341280482,-54.852242319096355,16.47116,1.7904348,0.24579288624837278,-5.847169175188034,-5.205841305966172,4939.084
5930405668823675136,249.06468006275003,-54.846789261389155,16.471464,1.6906185,0.20241425013966757,-5.990819452851959,-5.908041609764042,
5930210849161281024,249.00398321729418,-55.00151780892641,16.472948,1.5760307,0.2565497024115895,-4.571418564968834,-3.0600797158844375,5250.706
5930398105389808256,248.89536979421578,-54.96930088047647,16.473236,1.9060993,0.003415581093182496,-4.410818063982232,-4.850487601013767,4900.9546
5930408761265929984,248.93404869905177,-54.7157664500808,16.473536,1.3036928,0.35812299334915854,-3.4028809776345033,-5.262386408329551,5461.5107
5930409276662030080,248.96375036762916,-54.677064765556466,16.473846,1.2862568,0.5719304938251544,2.133343555677416,-7.1220082824741615,5536.002
5930408658186678784,248.95986054715652,-54.740034918389895,16.474396,1.3687887,0.43380571226499265,-3.7467342142693854,-5.114906641390361,5038.558
5930404363218955136,248.64111854188937,-54.80338415706937,16.475601,1.2361736,0.42398894554979505,-3.986558906152438,-6.218840802141091,5503.775
5930399655934594560,248.87575741452181,-54.94127792792537,16.476437,1.9406834,0.16837627936350164,-4.459207025768401,-5.481372253975874,4823.012
5930400136970964608,248.92712662917546,-54.90976171563431,16.476637,1.2736645,0.7318985867084015,0.3675183691041344,-1.0414827617435183,5297.3843
5930409620259609088,248.8657142211379,-54.7810957297152,16.477015,1.8978453,0.07582950661172583,-3.630389534570316,-5.419562121376893,4792.575
5930408417683822336,249.0014769541753,-54.74169410837666,16.477032,1.788887,-0.15159286897920837,-1.3475325850216966,-4.03046614947913,
5930411132087936512,248.79324917691983,-54.71818616792472,16.477518,1.8391685,0.3156149352475314,-4.6399082854577305,-1.5722194474717524,4755.164
5930219748334224256,249.13850929745968,-54.793689662217155,16.478008,1.254467,0.47095053562285716,-3.8664148770118807,-4.958045993848161,4858.815
5930404878615041536,248.6793361136586,-54.78215486343249,16.478199,1.2465839,0.27119296338054333,-3.293154225099162,-3.110662616567476,
5930398865660596992,248.9274942155473,-54.94828582744565,16.478622,1.6117258,1.3598569896961095,2.1215470427863705,-4.843751159699666,4574.696
5930410754131007488,248.7880827542612,-54.730148200994556,16.478973,1.7674446,0.0843952900148025,-6.771725431098497,-4.943801808016926,5301.341
5930403366786492288,248.74316235027737,-54.8392091636701,16.479015,1.8017626,0.04463778775406062,-3.477620073395374,-6.440934981300199,5298.1025
5930410994649190784,248.73927093368854,-54.70696514961926,16.479256,1.7493286,0.055109168113232805,-5.537162246128933,-3.7834100626055953,6304.4277
5930219370377067776,249.1692999883711,-54.82641192961985,16.480751,1.9213963,0.17570661094868886,-3.74089616062475,-5.049860903730676,4749.4976
5930404981627561344,248.711600421996,-54.742124569211455,16.481638,1.6306276,0.37866416732197306,-4.419591724322638,-6.021867141023314,4633.374
5930400446208818560,248.88029797843183,-54.86014066460266,16.481739,1.2053833,0.17111038864457043,-1.615187571265763,-4.389335200009663,6681.5435
5930398900020338816,248.9426526715602,-54.943915678341384,16.482487,1.4995441,0.7888533937803753,-0.5369092585794433,-6.066905114635581,4447.1133
5930397422551402112,248.84225554091216,-55.030235902618536,16.48302,1.3979158,0.3728718814603528,-6.243771556878513,-7.67267415425699,5035.284
5930411166447679360,248.80906876662013,-54.70643326863393,16.483818,1.6124191,0.3728956725007201,-3.588493626338597,-1.4374054756654446,4699.9053
5930400789805937920,248.72723390281317,-54.98130883917299,16.484419,1.267684,0.37340802582216237,-2.7477429145639642,-6.1268405063244735,5600.864
5930404500657921664,248.66135144982113,-54.77987966047136,16.484558,1.7854328,0.1062319602419256,-3.489887640867635,-4.3593478620522985,4904.825
5930409070503542144,249.04936255707565,-54.69769571469031,16.484943,1.742816,1.4806800413014816,-6.204257360231563,-1.5702197993614426,
5930397285112879872,248.9269058390511,-54.97830816508155,16.485025,1.287096,0.3696988923145257,-3.36983987468674,0.23539068730797444,4934.0273
5930396765359975168,248.87551440211763,-55.039226474997875,16.48522,1.4648962,0.4653197399283971,-4.73548609308904,-6.341291325016067,
5930407833552860928,249.12398101927835,-54.76031650059813,16.485737,1.3411112,0.36016772001700825,-0.7542203355903527,-3.3167884487680706,5103.138
5930416148610493952,248.59904067000969,-54.8001713452646,16.485956,1.2220011,0.35986565000797416,0.2773221664590093,-0.448821426192429,
5930401884961054848,248.6456841164262,-54.92537095579252,16.486166,1.374548,0.7210836801634624,-4.968544284881711,-5.2050020358637,5076.4956
5930400686726572032,248.7335160829342,-55.00155375397804,16.486656,1.8930607,0.12566415200455605,-4.80859901125622,-4.3411772908174875,
5930218476994092288,249.2394513628563,-54.86257228198926,16.486677,1.8570061,0.24158116847281855,-1.1399906419922792,-3.389269610680943,4694.606
5930400033891778048,248.88008137493603,-54.89100991753147,16.489542,1.3210545,0.3627643207263201,-2.5592216774788703,-6.990207528049467,4927.896
5930398693861890816,248.9654159332243,-54.957650601230384,16.489721,1.823638,0.10043586647043674,-4.792393127204743,-6.693812839417609,4925.0293
5930410681053160448,248.7590153731945,-54.746581689363566,16.490875,1.5442743,0.24852787983877192,-5.170475644684786,-5.0373000695521934,4692.228
5930409276662033152,248.96797415869597,-54.67231185145352,16.491407,1.2903013,0.4943070363832358,-5.59067792918486,-8.03100584080384,5383.223
5930402404645630464,248.66941046967054,-54.891582153781684,16.491627,1.4851589,0.42994626907902056,-1.6997907117491668,-7.024660243340779,4907.9414
5930414121385671424,248.57399619785343,-54.85705371341312,16.491686,1.468503,0.9688861961002481,-4.597155107441237,-5.295401967087347,
5930401339561628544,248.74564597420607,-54.928480300890214,16.492537,1.7521238,0.2483559063357203,-3.727264526044764,-3.436331279365093,
5928896520452889984,248.75598497184143,-55.02830203006971,16.49278,1.8687716,0.1317775284670244,-4.976063594663881,-5.926307970687225,
5930399793373573888,248.8913472508833,-54.9177997458637,16.49308,1.4110594,0.5401692193877589,-2.0318582248526287,-3.1533517596402243,4931.4033
5930404397578691584,248.67072603313844,-54.8023128801085,16.494417,1.1716137,0.32672398814278886,-2.8418632558026076,-3.8857953659547633,5596.0938
5930408692546434560,248.96978166779118,-54.719827595440776,16.494547,1.4638472,0.4337734920601612,-4.932604802086815,-2.8422989704889865,5314.8096
5930400686658463232,248.75095850092617,-55.00951749877204,16.494556,1.25702,0.5143678134787205,1.7564865942312164,-0.7566783738563129,5924.0054
5930400648010734720,248.87264868380427,-54.8260171389727,16.49476,1.9655714,0.16904928867535302,-7.145710619256063,-4.864191058125993,4828.6816
5930404496301485696,248.65918897397898,-54.78888516129434,16.494783,1.288537,0.5111198230969634,3.0085511412632373,0.473997453977423,5375.825
5930403779103370624,248.75177079469805,-54.822279831480884,16.496313,1.3390417,0.5631512545105241,-3.751956353649101,-10.050537608923854,5554.112
5930209199893804672,248.9887524815196,-55.04841743927184,16.496515,1.2752781,0.5192637714036189,-0.2974558826339143,-3.483943034500127,4958.3975
5930401854957720064,248.62383381150306,-54.943586789050556,16.496725,1.4223776,0.054082103403014774,-0.9374129921533921,-3.732407552746543,4737.5913
5930217549310915968,249.07585627386717,-54.88598801079755,16.497408,1.9162273,0.06002319648917399,-3.001772778414835,-5.1288132765385654,4878.516
5930210947889509504,249.01114390950275,-54.98852521459146,16.497591,1.2000713,0.3711950766896669,2.878167934725412,-1.829286649064245,5541.241
5930406351727308800,248.9813116082101,-54.82172204759259,16.49774,1.4514923,-0.0903405370097842,-5.892928318216895,-7.272635009689733,4829.082
5930404908617106432,248.6927394853749,-54.760688461910824,16.498142,1.2279739,0.43188617332846513,-3.284883848241153,-3.3068435890966654,5550.125
5930219056790656768,249.24564229201548,-54.81762166581785,16.498213,1.2201576,0.7040452405763998,0.0031004399872687216,-2.8424281130288636,5352.432
5930408378951958784,248.9957156075438,-54.75740954045119,16.498758,1.3093729,0.4430917232489595,-8.530830468987649,-1.5194608082432977,
5930219748334225536,249.1369711792778,-54.792752328454725,16.499432,1.2329092,0.3289201011692759,-4.88409720397418,-2.7081309221737517,5563.6025
5930407176361128448,248.94635660515155,-54.74289001208698,16.499815,1.3293438,0.9423420180033943,-3.2053377032599495,-5.003934838584813,4872.5474
5930409620259355648,248.871335006429,-54.77701891257904,16.499823,1.9594526,0.1016812493726706,-4.803972261072724,-3.9060895950764047,
5930398453343772416,248.82354079180396,-54.930501255186634,16.50087,1.8469362,0.07006314070791284,-3.849763196695122,-4.241470351702438,5165.684
5930408829985408512,248.96777669468764,-54.69866153392229,16.500889,,0.2992609070625267,-2.7181335934918716,-2.342587820664857,
5930398040959208320,248.8578874683255,-54.98479609782196,16.500917,1.3117476,0.7803484305713329,0.3286757629901671,-4.231790209615713,5165.191
5930209199893807488,248.99327783975093,-55.04497437382437,16.501041,0.91199875,0.10981809745937733,-2.587128892278835,-5.385925630948269,
5930407627394477440,249.0199289972818,-54.76834965874505,16.501442,1.176734,0.3534467845170463,-2.053700085916056,-2.728689309730626,5523.298
5930407004562376704,248.93595670850104,-54.794104961650326,16.502295,1.3805475,0.6535909188148133,-8.308925861918837,-5.097218766530687,4908.7065
5930397766080694912,248.77827800679748,-55.00273018262357,16.503515,1.3884144,0.4817601448524951,-0.6897871874619546,-2.5202756449728594,
5930399759013833856,248.9246813995336,-54.91441486592773,16.503916,1.3257065,0.5843871194403882,-3.0090965422376192,-7.65066072845511,5312.8027
5930409207942530432,248.99268756714196,-54.68766057926829,16.503923,1.2590456,0.405997010003254,-2.46660092322718,-2.2056672493235148,5426.1323
5930405634529556480,249.0766862098839,-54.855875432114836,16.503971,1.9095211,0.058991585482108894,-4.201749461162869,-6.203407374290067,4980.7935
5930411338246395520,248.79304713977126,-54.68378625268938,16.504093,1.6340017,0.22249180215647524,-3.081961307614662,-7.236406473815818,4712.575
5930409890780443008,248.82691048458193,-54.76266930944211,16.50494,1.7942581,0.2125597080374537,-3.7247643450846963,-6.819835448859056,5786.086
5930399518495684480,248.95772439880537,-54.89683886157765,16.505463,1.3190565,0.15611772612247585,-6.872536113308046,-8.268702303830123,5277.359
5930407730473703168,249.06296024195817,-54.73854899133929,16.506662,1.1637449,0.39165128922196424,0.19670922313230585,0.686644331628059,5836.6875
5930409173582797696,249.02504666898588,-54.66789534095016,16.506968,1.6718369,0.24765053531103795,-2.544115326560603,-9.733699319485261,4697.8467
5930400957248088192,248.6937650075272,-54.97863307126101,16.507744,1.795496,0.18334338961186822,0.09028782599164287,-2.660063259944394,5001.7935
5930414426265587072,248.59616238058376,-54.86226094176232,16.507822,1.687664,1.3236719318700607,-5.518598285332474,-10.498247647706217,
5930401820597977856,248.66040319586577,-54.93699530051588,16.51023,1.3247013,0.5228657749778983,1.0475591937102304,-4.228995786737053,5238.208
5930216243640703488,249.16953256490953,-54.96856390587788,16.51162,1.4743185,0.42296043223778707,-1.0691689177463002,-2.7409123521359686,4761.627
5930409173582791552,249.02893918673175,-54.671855569487384,16.51228,1.4969435,0.2547413673244716,-5.710103230025058,-6.423495297601993,5146.97
5930405252215633920,249.0508846105773,-54.86257104026683,16.5125,1.2662163,0.43164187346862354,-4.411384247205193,-6.378844357654621,6323.495
5930405016054005632,248.6968665804853,-54.750696986309755,16.513174,1.9084091,0.16096216374968586,-3.904497886777089,-5.611075455547464,4811.8887
5930399587215103616,248.89446245887876,-54.951825528271215,16.513674,1.3736143,0.35775582391650584,-3.072020914669599,-6.4799264200769535,5056.453
5930411333888262144,248.79339822208595,-54.676083999822794,16.514095,1.7099752,1.4904874616862904,-1.5015490470127957,-1.2782351811258965,
5930401751878876672,248.71487010345393,-54.88107100951794,16.514793,1.6370764,0.3050594716324613,-3.9688184959521604,-6.438051212901492,4693.6523
5930405325291922944,249.03616436821372,-54.848443661289096,16.516016,1.874157,0.1022393444750702,-4.416306071856113,-5.51635370663396,4762.5522
5930401060327322112,248.67529519468334,-54.94609618099867,16.516855,1.4037733,0.3447101564527474,-4.36628248494455,-0.27417542909270687,5020.065
5930398693861881600,248.9749950473876,-54.96648068263215,16.51698,1.4427023,0.8893540090925929,-0.7221632300629015,-4.80921453189373,4713.926
5930408108365448832,249.07742265686664,-54.743833562593814,16.516989,1.6443844,0.3772483876549805,-4.738153073979866,-6.981832040595783,5711.5586
5930209337332779008,248.99836195301975,-55.02225243055988,16.517475,1.3554249,0.4271034554404214,-4.034293771948446,-3.3536162516372294,4641.2075
5930407833568242816,249.1143124561375,-54.75184161433035,16.517593,1.4594831,-0.03549937614705772,0.8965607853377384,1.2901568028462649,
5930408623827223168,248.9971843498281,-54.71352414969759,16.520176,1.8322306,0.10063599705634195,-3.5535142423090353,-2.486407208421458,6239.5415
5930217068274463232,249.1345643594127,-54.95480683071702,16.520441,1.5049286,1.190723440008729,1.1288885498927947,-8.10194260643018,4304.877
5930411029008935168,248.73841813651643,-54.69085398843491,16.521511,1.3327456,0.43413065832300896,-4.0661416410902,-10.410925435980111,5301.0586
5930414117027943168,248.56791731378266,-54.85897451676503,16.52188,1.9612703,0.2522327612608602,-3.5745265134569335,-5.179071833764495,4824.996
5930416694007373184,248.6214749536449,-54.75065085406386,16.522354,1.76054,0.10568659241094694,-4.662897923042701,-4.236481452590758,5229.608
5930411200807619712,248.77261087867595,-54.705318361960465,16.522814,1.3300266,0.3677456432719956,2.798574162974309,-1.1673900169968001,6950.751
5930219817053672704,249.20739088172195,-54.8035528901707,16.524029,1.2179613,0.5652869219744976,0.2723761330635963,-0.5920585717399722,5355.486
5930396902798927360,248.9305927467053,-55.041575726529665,16.524403,1.2051916,0.36057832190539874,-3.2508051523695283,-1.5478105592352422,5749.925
5930408005351574784,249.14594655209828,-54.7319751128717,16.525019,1.094306,0.2919756056658861,-1.6179440582625453,-6.063165610812644,6735.622
5930404874258621952,248.6772928004103,-54.77895553444518,16.525808,1.236578,0.38787471210055463,-4.377337271421302,-7.166598899817828,4940.3613
5930243800153094656,249.16823984826968,-54.725459140958336,16.525898,1.2644529,0.5408744424519611,-0.1752663686536715,-4.389117195971377,5090.8574
5930409895137530496,248.82328048975828,-54.75788376573419,16.527798,1.3729296,1.0431697649380924,-1.2853532429279437,-2.8462096079591506,4718.6226
5930409688979090688,248.86015810318608,-54.773198631633115,16.527824,1.2447081,0.6795854338180144,0.5749677744048363,-14.832119884490073,5250.9165
5930404019621519360,248.71496029604302,-54.84429027008449,16.528515,1.2052183,0.4450401129505265,-0.3113936433476095,-1.6815902469636588,6032.5264
5930398041026857472,248.8575325751492,-54.97606082869655,16.528614,1.8155699,0.1026229438822327,-6.218675402887963,-5.46579617470675,4945.96
5930219473456284928,249.1736681956286,-54.82190170167907,16.528673,1.7749033,0.3137513800340735,-5.507935406980634,-8.21774033471744,4938.542
5930414460626020352,248.60997306066704,-54.84639716382707,16.528912,1.3761358,0.32783947640387595,-2.609781878017672,-3.4783001303099708,4994.3525
5930411406966056064,248.74570488144678,-54.69310174972354,16.529392,1.3796291,0.8683771416415242,-1.3841404501770815,-4.305736445420371,5088.745
5930405359652020480,248.98837601371457,-54.87569438268935,16.531029,1.4312763,0.3611294923249035,-2.2920852023776472,-2.359354690002332,5125.0034
5930409684621996416,248.85326500174645,-54.77606967803002,16.532629,1.2827444,0.35183523271306066,-2.8979124823118574,-5.3364902019642155,
5930217686749824128,249.14433128335202,-54.8958807304539,16.532633,1.7498055,0.11879057010384803,-3.4561903870272745,-5.931613441647371,5261.7866
5930410376173675904,248.82077477532812,-54.721496842486175,16.53295,1.7875185,0.10535548383300222,-6.487984089559795,-5.702228620878948,
5930396735356754816,248.8948533484736,-55.034123434746675,16.532982,1.1789217,0.4504966009533795,0.8394182214877765,-2.443078573047841,5600.375
5930404741176092800,248.72570941996324,-54.7661533335208,16.534302,1.9130325,0.01645241552975473,-3.6044622698963256,-4.362642747959141,4868.3496
5930403607304670208,248.85027993179108,-54.8195320265408,16.534584,1.3154488,0.5706900198687409,-4.15500272799769,-5.494101862964721,5283.2437
5930406145568927616,249.01477066125997,-54.786506155991354,16.53685,1.157568,0.39253531607759945,-3.5217226836467104,-9.024401043464078,5673.9595
5930216376730656896,249.1915841298517,-54.94587729267588,16.53689,1.3252287,1.0527767082925827,-4.5446946730013655,-3.555259287091223,
5930408005286178944,249.15219214242194,-54.72208951624956,16.537445,1.3168573,0.3056367412345064,-6.3531193548257345,-5.020494161772014,
5930402503436561664,248.70032046829348,-54.868178469359464,16.537703,1.7288351,-0.09410545522678213,-3.710746299475926,-5.912941812179021,
5930402095475898112,248.622084256602,-54.921712437018584,16.538395,1.4207783,0.2369798893438441,-2.0131446847358627,-4.296675525507887,6004.887
5930409718981752064,248.84488198989945,-54.76189984669419,16.539198,1.8141661,0.15870225386834966,-3.2492945002641407,-8.683516551714503,5276.881
5930216930805669248,249.23010247401962,-54.90453768596137,16.539606,1.2264662,0.6255329123727231,0.014739937320641161,-3.231099608793527,
5930400136970970496,248.92283963730992,-54.905915653782074,16.539785,1.3522253,0.5764608102937244,-6.979476952181886,-13.164900655560718,5285.2075
5930397937947622016,248.86432266321418,-54.998242645984746,16.539923,1.3228474,0.4005980962562816,-1.77674769358998,-0.41652855291984403,5232.164
5930216170572166016,249.20752795829463,-54.96070705559464,16.540321,1.2597876,0.3056617528316499,-4.063703823350588,-3.6390423217547263,
5930406459163658624,248.8908620984082,-54.8332135204186,16.540613,1.38832,1.0112763058538776,-3.271570962219458,6.248869417315424,4731.5146
5930400686726574848,248.7335551763197,-54.99563224095645,16.540812,1.3669586,0.5050262484664274,-2.2685142443009085,0.0713816084922651,4958.0464
5930402164195391616,248.58824200124727,-54.90127631883643,16.540981,1.7162886,0.3454790272406395,-4.395031335689356,-5.734511199441633,4747.5474
5930402164127498880,248.59353224739885,-54.90604741035423,16.541115,1.4103012,-0.06749302915028935,-2.900942698247619,-1.2633568262849901,5894.5137
5930400411781703808,248.88442109989595,-54.880857704947566,16.541649,1.3073263,0.6244445385019324,-1.1425127956519938,-4.969643203334839,
5930219572186712064,249.14458390300788,-54.82441915973959,16.541931,1.2597303,,,,
5930217927238466432,249.13247625219537,-54.871623468991,16.542965,1.8273964,0.05829484002893686,-3.7559309622976444,-4.571439270172487,5237.0347
5930414052666186496,248.5783708408476,-54.86746429573299,16.543545,1.3527555,0.23145929408585794,-2.1512284212918686,-6.092229603064857,5340.3306
5930416182970246784,248.59549144998496,-54.77686203794783,16.543663,1.8538351,-0.02711965921114606,-3.5827768144087244,-6.084529908513254,5021.636
5930399106111211776,248.9956213339023,-54.943922680936204,16.544409,1.2185993,0.3158752495042356,-1.5114159347655756,-2.7929375118277275,5356.1826
5930400308769703680,248.95026004589585,-54.86909704751108,16.545284,1.3806524,0.7884661122737961,1.9829272522826684,-7.059716802071415,4977.1743
5930397216393107072,248.89967989760606,-55.005173076928756,16.545794,1.6466475,1.2855717250461542,8.232007820583389,-6.25856422926818,4449.4307
5930406081206201728,249.03915598736035,-54.8015429854282,16.546328,1.3430653,0.182777857177082,-4.593660031811223,-3.8376318874063964,
5930407524249852672,249.0849048797548,-54.749637833797294,16.547247,1.2925491,0.17679498641334357,-2.8971103381014114,-5.22441153025988,
5930405840688011904,249.06220764396755,-54.81607576054655,16.548351,1.9528465,0.07714320148133695,-4.507552113202471,-4.474095473051067,4930.101
5930217411871931008,249.067420123653,-54.917944373724005,16.548483,1.2869511,0.40462831755625506,-0.13952984991665596,-4.5190090423390075,4888.395
5930397285112587520,248.93722090654688,-54.995389859041666,16.550726,0.8940735,0.16546070965695914,-3.247231868810881,-5.363551680241411,9740.113
5930217785480171008,249.18486191238588,-54.87212563651989,16.55097,1.836379,0.10847097116084126,-4.186806386555764,-4.432600579766712,5224.2075
5930407936632122624,249.09328251913968,-54.735907900293235,16.551123,1.855998,0.20290302557824585,-1.3069182650665663,-5.580225891109343,4797.7534
5930402851390428160,248.6423801196912,-54.84333073346145,16.553133,1.4322281,0.23971499241326316,-3.3024802539334632,-4.662266463843006,5497.7534
5930397864871623808,248.78530973033148,-54.99242144864761,16.553234,1.8990889,0.14049838116851912,-1.110531466993721,-2.149092141345029,4900.661
5930397078954153344,248.9576194730351,-54.99844048322649,16.553848,1.7365837,0.17104730013879008,-4.350215744001606,-6.311636135271286,4831.7285
5930410474894763648,248.86481163433015,-54.707332192999935,16.554047,1.3024063,1.2296787008704977,-4.465376572467864,-1.8826917001033845,
5930400377489186304,248.92516428088373,-54.86751978516595,16.554333,1.7832689,0.20649508298015398,-4.345216538680445,-3.8384000116273667,4707.8535
5930410582332298112,248.7781564891437,-54.76359738606012,16.554993,1.7805033,-0.05260403053164849,-4.946350871536119,-5.663762936785172,5260.822
5930411819297955328,248.91739341257747,-54.68074097212581,16.555716,1.3509169,0.385628767907633,-1.03682202598619,-5.424046788868873,
5930400961604497664,248.68767759633982,-54.97399562006507,16.55591,1.3787708,0.6613504783185281,-5.0842909040282,-5.721473072014131,5143.7275
5930411750563204480,248.89474370104935,-54.6963570371474,16.556746,1.2784786,0.7019817858596069,3.94762786854936,-9.693680821892936,4954.887
5930398659502149376,248.99524366421332,-54.957000386581456,16.557314,1.795824,0.08067418171240802,-3.75109569140299,-0.3527121096984057,
5930414494985191808,248.5709796633128,-54.85469712177229,16.557386,1.3243704,0.2799910533520598,-1.2351706818962513,-4.312518817408247,
5930414671141500800,248.59845912208138,-54.81773719554678,16.558764,1.3141603,0.2292642036300187,-5.263358103566563,-4.447778200701848,8244.985
5930410887211607296,248.7373711414312,-54.72492683247763,16.559862,1.3304348,0.46419517320505455,-2.696476631353963,-6.569550588882079,
5930403950902090752,248.79034364001578,-54.78919880113141,16.560318,1.7516174,0.15143772970189054,-5.329828879235832,-5.729509018101007,4889.799
5930402885750048640,248.80641499425556,-54.91230072322356,16.560553,2.2911148,2.570208054703977,-14.626872822493144,-14.94902742725618,4022.4907
5930220332449793664,249.16440986054403,-54.735915674441685,16.56083,1.1679411,0.31769787462218396,-4.823921957657929,-6.084986933490759,5631.096
5930402370353803392,248.70086226591306,-54.89190295670523,16.560959,2.1675005,2.7929262955821583,-27.508543513322536,-55.671043447787085,3924.7393
5930411750563203712,248.88195576781544,-54.7024699275062,16.56102,1.2295055,0.20633055208955267,-4.091156549998281,-8.634890155229872,
5930404741176091520,248.72380406641588,-54.76948383777119,16.561357,1.3363047,0.42067605271550707,-1.747920434681509,-4.640652971903889,
5930409826418051456,248.78832788910603,-54.76515667994812,16.561522,1.7598133,0.08900935727577079,-7.196914277695588,-5.032099458449521,5090.8403
5930404775535832704,248.74153023137416,-54.76143996115611,16.561699,1.3537464,0.6948066803765915,-4.857886710681912,-12.157775103972508,5331.8296
5928899715908466816,248.68669258977854,-55.000471661541454,16.562042,1.7564697,0.18275045208810559,-4.379319823393646,0.5554383150439199,6699.1436
5930402709594802688,248.62738236343571,-54.864092011259814,16.562634,1.3988008,0.438806841042422,-1.1182889129910984,-6.211695244326689,
5930407313800012544,249.0997693293577,-54.79869120864712,16.563507,1.8033342,0.15859710719072903,-4.913727417462589,-5.2129701875537044,4949.246
5928896451688454912,248.77135152472457,-55.035883518927804,16.563562,1.8404808,0.2825380683298107,-2.5843852421335294,-3.7682911484204453,
5930396799719721472,248.87041023024852,-55.01823392321275,16.563805,1.4164133,0.6554201279120218,-13.378451641107045,-8.725504621526644,5176.0083
5930409998216760448,248.7997082630736,-54.73464928974311,16.565292,1.952877,0.20665663594166347,-4.629165059789667,-4.402533160429233,4786.4805
5930400618007397888,248.853006961311,-54.84379622419445,16.565395,1.5911913,0.37274051602914415,1.7520106616814375,-4.146806285760311,4700.7153
5930216827756284288,249.220212615867,-54.924920189566585,16.566427,1.5121727,0.4235211740360371,-4.401285769974767,-5.670432929003314,4682.2183
5930411716138467840,248.92222688289334,-54.699898806806544,16.566765,1.311923,0.7658468416001459,-8.500913861090183,-12.459429204704389,4994.226
5930399685937971968,248.86743527305495,-54.92837906470977,16.567484,1.3862762,0.7510672689000942,0.36365630171573377,-1.4910673041569633,4930.5938
5930406390443872000,248.93724024188964,-54.824300987922626,16.567545,1.819274,0.24805655687641007,-3.084050977460729,-2.5080260776122323,4884.7764
5930416247332026368,248.64948230387589,-54.77538417603346,16.567606,1.3574877,0.22976646170938125,-2.694264010121222,-1.4030830202113198,5091.5
5930216999555036672,249.1918017506537,-54.88992729163741,16.567886,1.2616644,0.395624080610212,-7.313881986157791,-5.070638374234214,5875.9976
5930408310232516736,249.0731157148072,-54.70603987545746,16.571594,1.3300495,0.2987204577207323,-1.5154277089432349,-5.713004946993069,5447.126
5930217167008446848,249.12138840963047,-54.93239239911686,16.572065,1.5751839,0.1953510172958176,-6.677361174216886,-5.315152469739245,5384.2456
5930416320409207552,248.6231722091406,-54.76262912639343,16.572681,1.242507,0.447366065420745,-2.512262304126537,-4.731022126733727,6316.261
5930404157060495488,248.73427852812208,-54.82133601120657,16.57337,1.3961821,0.7672605352922336,-4.060451256382135,-2.444198095357829,5103.693
5930404221424002304,248.717234429722,-54.8150370569564,16.574781,1.2671957,0.5821306514828155,-3.3725027138774952,-6.224441418405765,5288.9805
5930400927244757632,248.74342767431366,-54.95344648285437,16.575052,1.8660755,0.04947614788192335,-3.6744650928053746,-2.794543577850305,5046.966
5930219507786553216,249.19370539635358,-54.81662166782569,16.576548,1.2581577,0.24198341899298717,-3.3645444088908727,-4.566329729906435,6045.914
5930410788426555392,248.7615125242051,-54.727579275276774,16.577316,1.6933374,0.19222319039578656,-1.254836468016927,-4.888023860207337,4753.452
5930402262918189568,248.60756582423502,-54.899765001751206,16.578577,1.9256258,0.15460857459502042,-3.710529439310456,-3.9121690934290023,4954.8413
5930406184285744256,248.94963045806486,-54.857158270695074,16.578663,1.7864294,0.13689020452263861,-5.538375117814271,-4.838274327360819,5281.904
5930399170541892224,249.033152069991,-54.93530066952597,16.580317,1.872201,1.918436209644724,7.250431965780711,-7.339353744192923,4302.76
5930398212825558656,248.82047434495794,-54.971362011709274,16.580385,2.0415478,1.896135049266789,-21.22005898508872,-17.87369592354158,4304.366
5930397078954161664,248.9455792198963,-54.9894906221702,16.580442,1.2953424,0.305838955138865,-1.7919071854475672,-3.2392532816677306,6368.324
5930404844255308672,248.69724321193144,-54.767786719557904,16.580814,1.8415804,0.2050635452977273,-3.909806779668985,-3.0608008888333558,4785.5293
5930396872795705600,248.970414543986,-55.032521811391724,16.581022,1.1784477,0.5362569005328687,0.8022815784961392,-0.47872495330278453,5541.749
5930396769716364928,248.8822535509308,-55.04212689550948,16.58113,1.8105049,0.25664807202603446,-3.563130560339334,-6.140881199115729,4877.3296
5930216793396542208,249.2024206938723,-54.93503039348073,16.582901,1.1506281,0.4398857965578246,-0.6726670062429032,0.11796174841756765,5408.1406
5930410444893145600,248.85475898284125,-54.71456297936765,16.583725,1.8645725,0.056554413276670906,-5.320498891161334,-4.042759216183828,4894.4077
5930403126268285824,248.79597335281167,-54.86190077555631,16.584381,1.322815,0.2834195759562351,-3.977794507942494,-4.221806371377766,5097.2446
5930404225713156224,248.70636722154234,-54.805496553067385,16.584534,1.1767473,0.7204972342014782,-2.8021016599882267,-3.9535568478839194,
5930397869228027264,248.77769998799812,-54.98030856621038,16.584957,1.9329214,0.297312775194947,-5.366019869366676,-5.678428706897231,4790.789
5928899715863808640,248.68671230355142,-55.006011852089586,16.585733,1.3909092,0.6759466640494776,-18.924165773844965,-10.216175542773799,5710.6084
5930397903587762304,248.78983506207163,-54.98133692903383,16.585876,1.4475174,0.43805237693463656,-0.46857525494563257,-5.932787922931833,
5930397972307364736,248.87144297192154,-54.99289191004597,16.586838,1.3307323,0.8356970769353866,-2.8036108226252034,-6.254214809934485,5121.3135
5930396872795702784,248.96656058745117,-55.04533991713923,16.587088,1.9208889,0.19638643707438508,-4.071018320307359,-5.97939460863999,4907.947
5930411029008932992,248.74088780755542,-54.695360750935436,16.587257,1.7809601,0.19020407618066468,-4.460159144169243,-5.365353165616994,5025.395
5930217446231681792,249.06477150217532,-54.90696755495995,16.587729,1.2429142,0.389782508038156,-3.2559104430915977,-6.280418300992317,5438.449
5930407142001372032,248.95479391346564,-54.763354226516554,16.588758,1.3490591,0.38888690814028387,-0.3678025308506274,-1.2688570019294754,5271.548
5930217308792694912,249.13011778118275,-54.90922052950124,16.58919,1.550848,0.5740070118333713,-0.04479208803774526,-7.017949312382413,4706.644
5930220057542530944,249.2080203298294,-54.75256657347477,16.589289,1.269021,0.7528966510977427,-0.296959688025636,-4.775530876316861,5165.7124
5930410651051783296,248.74550679332253,-54.75150451865974,16.58943,1.3760605,,,,
5930403676024162304,248.8162377898826,-54.80759002115353,16.590332,1.4132614,0.7719397109840819,-3.6146594174900004,-6.41685223773837,4646.842
5930411991081396480,248.87665072681432,-54.679601335407206,16.590376,1.179327,0.4259617789899177,-2.641505426914015,-5.149159342051967,5516.8037
5930398968739813760,248.92815098668387,-54.947089673496656,16.592098,1.3741703,0.34179337423171224,-3.521152922208172,-8.019078079442798,
5930410612334956544,248.78388677842355,-54.75499089911483,16.592937,2.0285177,0.0710160803823089,-5.807454875336653,-4.574110898542251,
5930217480591403648,249.1022185755405,-54.905689405870014,16.594414,1.2348881,0.4851818969799055,-0.10117390461160314,-9.544291956380382,5391.635
5930406665322098560,248.89931860618705,-54.80140677942757,16.595331,1.3885555,0.5862098980455892,-4.311701918053659,-3.657007969813678,5177.887
5930403916542342656,248.78066009906397,-54.800537856015936,16.59539,1.8080826,0.24424184244039754,-3.0803559032996355,-2.6448699154899336,4899.8433
5930414533702542848,248.5840672715916,-54.83344418066161,16.595402,1.845334,0.052375170937653544,-3.5822135820396905,-5.695619172676076,5178.5923
5930407215077673216,248.9323504114081,-54.74759868097171,16.595545,1.8831129,0.2485613111814578,-8.078053620908731,-5.961530937356792,5174.497
5930399277910052992,249.018904748736,-54.91313244929773,16.595572,2.2358007,2.303778782389964,-24.825773153504137,-44.27148527246561,3780.3794
5930397010234670336,248.97532750694234,-55.006624698029476,16.595625,1.6536598,0.8872229227990143,-7.222340217134721,-5.0097034184455085,4478.96
5930211154050324480,249.11506746684483,-54.972973839235365,16.596367,1.8506908,0.08448211873386537,-3.618996688937101,-5.791415050363101,4829.2993
5930217480561780480,249.09582329715872,-54.90615741412428,16.597109,1.6010408,0.8711460131833727,-2.25913240669452,-6.9892797349588465,
5930416079828925696,248.61827218861376,-54.805405140988924,16.59744,1.6113644,,,,
5930404809895563904,248.689129242077,-54.78322075493785,16.597569,1.8381147,0.03524044380536047,-4.294951819795736,-5.00116958556039,4852.2764
5930399724586652928,248.89866881234238,-54.92831877772467,16.598095,1.3270998,0.685097029073634,-0.8451249966441656,-6.514504076788605,4621.48
5930404981694266880,248.7105475653827,-54.75026393153201,16.598707,1.4086933,0.7428111375152495,-0.8707452089704499,1.0785616354902563,4783.3257
5930399724654306816,248.90970992672862,-54.932874395570764,16.599112,1.4311056,0.20107378354461722,0.5156352047176735,-4.885013134971295,6630.905
5930406287364964480,248.9339117427573,-54.83546060710936,16.599318,1.1415358,0.4170424108408903,-0.1584067324149867,-5.912722632538866,5535.701
5930399484135953280,248.97675950031797,-54.8883685779509,16.599548,1.7826338,0.17331234102773915,-4.277398328283731,-1.6700056509401868,4907.8228
5930408344591013376,249.07116541763514,-54.68206974257152,16.599707,1.3030834,0.4677295741741792,-2.0215121141389,1.6180353648407433,6571.6895
5930406974559474304,248.97810448298665,-54.757845748436466,16.600979,1.1108093,0.36916434466389764,-4.205750262702066,-4.843322576337339,5508.684
5930404603737120768,248.71811589082807,-54.79765746345541,16.60229,1.2115984,0.3690566821399355,-0.24309528005131742,-1.7463641423117044,5406.606
5930406081206203520,249.04280710315584,-54.797931873208256,16.602436,1.6629028,0.198625276532716,-3.746787132343805,-1.0790403767151413,
5930217446202088448,249.071546157246,-54.907560826214535,16.602566,1.9427567,0.08398815288310801,-2.1877077366845583,-7.10201540224303,
5930399106178771456,248.97777936161458,-54.936409819963124,16.60292,1.3370266,0.6751308787020722,-0.3188384176056953,-7.927879115683588,5040.207
5930410444893154816,248.85017484710025,-54.70578081440265,16.603306,1.4701691,0.18131612343370587,0.32250945785705526,-1.0164414928996304,5694.8145
5930219439096541568,249.20692385982838,-54.81296883162342,16.60332,1.1944876,0.2685919341888594,-2.8459607445410726,-3.6473354470688837,5461.6875
5930220332449793024,249.1681962195973,-54.73645129580397,16.603489,1.3468266,0.31234795400604487,-5.077325417822552,-8.15536344165868,5411.443
5930404569377380352,248.75176000896263,-54.795321987443266,16.603722,1.3470879,0.422705508983005,-0.40517613274141695,0.558039399443183,5152.6924
5930398552066509056,248.96678316720363,-54.98586393248453,16.603893,1.3570309,-1.6227370631336764,-3.833191992848351,-11.519424192330803,
5930431743574086016,249.1137216641097,-54.697874187397396,16.604624,1.6747179,0.06797482357672122,-0.10360305700128092,5.237259168188274,6895.039
5930404908617107968,248.67912276179257,-54.757626732028456,16.60487,1.2876797,0.07740705631742477,-1.5257330827812012,-0.40519207235860943,5105.1504
5930401025967573888,248.67251973512285,-54.96466903444418,16.604963,2.023635,0.10032353613436493,-5.485960663206198,-7.147117879819325,4745.7026
5930414602422261760,248.60645836322863,-54.81689273169565,16.605629,1.3238621,0.46673608961691876,-4.080387915252559,-6.122047435539668,5342.157
5930404809895560320,248.70615044141158,-54.78638257794341,16.606419,1.6611767,0.019911022169241305,-1.6205771847628248,-5.470009131234663,
5930218477023797632,249.22565066438267,-54.86817869858927,16.606457,1.3840723,0.8844857494618384,-6.343160869583854,-9.545956770930086,4703.085
5930405527093552512,249.01494012321902,-54.850199966620735,16.60865,1.2376404,0.4292187907095576,-2.4988472917077433,-5.104148114510803,5413.2793
5930401133403194624,248.7281086090289,-54.9437118592182,16.610077,1.3425236,0.5289895192645903,-2.8077420384545073,-13.695579718932557,6502.7993
5930406802760753408,248.95249588095623,-54.80099657275481,16.610111,1.3744593,0.9172787914531871,-3.2036718589619224,-0.04188192296901963,4576.967
5930217136964266624,249.1018535395816,-54.93002619367097,16.612246,,0.5401205687919232,-3.2532771144268846,-4.912444685071835,
5930409826353766272,248.7816163529404,-54.770261071979775,16.612572,1.479764,0.9492476827283824,-4.778943004168113,-5.813542368413078,4737.7163
5930416664006599040,248.64174143239333,-54.74767797061388,16.612865,1.2244883,0.4669830709732195,-3.9613931783123797,-6.1164647862172234,5255.7905
5930216484158918784,249.18020392231668,-54.929821225837735,16.612932,1.2854748,0.5424283357332599,-1.4649291647011111,-4.207360145305431,5086.0806
5930410754131011200,248.78284919661226,-54.72335155036763,16.613556,1.3728218,0.4523051551522784,-2.2459595546950495,-4.190607488958192,5185.6646
5930410204309912320,248.9006354992891,-54.72376506279801,16.614985,1.2934599,0.31608299972559345,-3.0362094335747853,-8.600462311825474,
5930403332426742912,248.76670068968627,-54.84608998945838,16.615997,2.0072021,0.0011641584689129174,-3.3364768261123854,-3.902299146006662,5147.606
5930405153493588352,249.01159847518778,-54.895384943120135,16.616148,1.2011585,0.44421593025771183,-1.025640229791039,-5.218938822573585,5487.763
5930219881424423424,249.20051070621733,-54.80177429136907,16.617168,1.3277092,0.30490136274128166,-7.025907090126385,-8.458491348551652,
5930219301657555328,249.19501581525796,-54.847375625188505,16.61825,1.7500582,0.13633936204907288,-1.6941798583467675,-2.4923006842006474,4942.5044
5930398208469019776,248.81572395801376,-54.976110252675156,16.619024,1.5041294,1.0000073856360217,-12.352679410950568,-9.045290273725772,4739.6494
5930216415439404800,249.20584930641633,-54.94499134773056,16.619257,1.312932,0.6186136801596901,-16.58458968559421,-2.753858989276468,5193.4053
5930400514928164352,248.85461694903825,-54.85874160118575,16.619287,1.8558779,0.1488578143052377,-2.166750134855096,-5.405422781238174,5143.197
5930408039711344512,249.1030031688292,-54.725010441369534,16.619936,1.9592533,0.03600574318376377,-2.133701266244146,-4.099438083648037,5038.561
5930219709625743872,249.16792103482368,-54.79687183890199,16.620207,1.1521301,0.3373673386500371,-4.343092375647344,-5.24978089247455,5475.9844
5930400789805800704,248.71944041761466,-54.97442195833916,16.620897,1.4623184,0.2718158507171311,-4.535619582987023,-5.118159095931869,
5930403568588494464,248.84110082476545,-54.827458701157724,16.622623,1.3209076,0.6528206414387124,-0.5380709329729341,1.1124156454587517,5483.135
5930401408281293696,248.80799881579506,-54.917060620408826,16.623016,1.4007845,0.8403586211247924,-9.198103458800047,-12.983474803751486,5312.7095
5930402473433264640,248.68987341640448,-54.86913995362158,16.623117,1.918746,0.1709416183059406,-3.0247886030537314,-5.410166955098402,4902.639
5930414568062277376,248.60104942605383,-54.83190662206196,16.623512,1.4190207,0.06906367271106326,-1.4806999637160012,-3.8113730863436315,
5930402782603994368,248.6649540268924,-54.842441434629265,16.624836,1.3128042,0.3062317714188784,-4.8272904347989245,-3.3625427619690536,
5930407524315223040,249.10347466317123,-54.761617013548275,16.626791,1.3568268,1.0176865718129342,3.1157508549457527,-7.003180559183214,4587.9707
5930400068251528192,248.82667108634757,-54.890135202793466,16.627491,1.4270239,0.39849433745197493,-7.970836394692797,-4.841435703613586,4772.215
5930400892885016960,248.7344643423758,-54.9653486117724,16.62849,1.8493176,0.051631489397793606,-3.153525538734092,-6.1973656855681645,
5930220160651094144,249.13964671689257,-54.775899641462686,16.628567,0.8446846,0.17819165599514664,-2.11136017691484,-8.361732251417376,
5930217136993981952,249.09953929887402,-54.93804466375001,16.631012,1.2748632,0.8615463722497173,-2.301772998723188,-6.3470788338395785,4996.3213
5930217583670651904,249.08800513023778,-54.88207259796514,16.63115,1.3543644,0.777896969313704,-5.04813252662458,-9.625122862253551,4821.6304
5930403435505933952,248.8187798864621,-54.85642839928931,16.631275,1.3922882,0.5977247875724856,-19.280989784320802,-8.26927063785309,5280.8164
5930404157060491264,248.7389695049667,-54.82568315337591,16.631544,1.607254,0.1900489982207785,0.28192992493744073,-4.964611774294653,4844.951
5930409792058307712,248.81060614330462,-54.77491910321798,16.631977,1.8057661,0.21015798118889378,-5.705681000852202,-4.543199369870877,4870.1914
5930416114250759424,248.62449752876364,-54.79218497972947,16.632242,1.4403038,0.971028452385416,-0.4742825688303953,-10.545695685977954,4496.521
5930397422551399424,248.85091701737133,-55.03619966899752,16.632345,1.3021879,0.3247522641145061,-2.3247785893157644,-3.633772557459983,4921.9883
5930219645227643264,249.12134479000204,-54.81099851372857,16.633717,1.3142843,,,,
5930404844255308032,248.69188876701057,-54.76969518639083,16.633718,1.491457,0.3830171100696999,-9.91820957521919,-6.149603199624936,5382.8125
5930403435505929856,248.84109664312072,-54.857094405245505,16.635672,1.398097,0.828710245014775,-3.0385955805700093,-8.23761484332487,4622.3633
5930406768335582208,248.98775455429688,-54.79834548235056,16.635675,1.3917475,0.24602147177992367,-0.09879194711369721,-2.1641906347890574,5469.438
5930210574283355392,249.0493571474892,-55.021832737987424,16.637049,1.3926191,0.9803809905987189,9.7860569243559,6.604153240303294,4856.396
5930410341748924672,248.85761633591636,-54.73037429460285,16.63724,1.3363743,0.34927047935664574,-1.8140536521144672,-3.318445428186644,
5930397113313876224,248.91750600409154,-55.03291189791905,16.637333,1.0436649,0.272220321375685,-1.0156984615207614,-1.657111603573727,8066.247
5930411956656777984,248.8792520020505,-54.68806632460948,16.637968,1.9004412,0.03977273699314051,-3.297857534755293,-4.487817246409043,
5930216415409410176,249.2104295398076,-54.94315963579396,16.639374,,0.07035167114630911,-3.8635886077717716,-4.0841120040361645,
5930210952240501376,249.03161142071323,-54.98779369847209,16.639595,1.3505402,0.5952810542659863,-2.924618361520073,-6.92197603821735,5197.427
5930218236505592832,249.24865488671747,-54.88651995238374,16.639719,1.3007469,0.5059194073837988,-1.680601060287306,-4.4064536706186335,5257.7383
5930396700996887808,248.88707948245693,-55.04327749941018,16.639763,1.8396835,0.12972914801719188,-4.446438415171528,-6.071869704483621,4981.2256
5930402988829312896,248.78808136763027,-54.87734808593153,16.640232,1.8817577,0.12211308182096177,-4.799471535987984,-5.799162167890409,4927.5093
5930400171330721152,248.9283459283616,-54.89378801407849,16.640944,1.342535,0.4538267538988271,-1.7898382174773335,-3.49204363872952,4649.151
5930410444893148928,248.8609399998772,-54.70907759865567,16.642347,1.198225,0.38398970696385504,-3.4602761097145436,-9.02796838372566,5433.4775
5930401270842314752,248.7738991895083,-54.94026092634608,16.642754,1.2932396,0.2897853083163304,-4.639222581734788,-6.732100981407765,5376.1084
5930219610895265920,249.11146487686085,-54.81418054421501,16.643023,1.9395771,-0.03916222041065926,-4.182603580342599,-6.951866007164378,5184.1987
5930406390443870464,248.93764862965494,-54.825315885579116,16.643343,1.3180265,0.37722870122432534,-1.8531453012726844,-4.471576927733962,5183.4644
5930431747932930944,249.1097982019478,-54.696126550846955,16.643587,1.7227783,0.08966330043514387,-7.517406773373359,-5.907960942003147,5801.194
5930210913532086144,249.0597251068894,-54.99165678267837,16.64486,1.2903814,0.7999155331977331,-1.6299440371771396,-15.750701032726575,5124.05
5930410200016842624,248.89672229761845,-54.721068075070036,16.64502,1.3153582,0.33492801678281814,-2.9287989465864115,-3.101879828478671,
5930217514921521408,249.11222155424562,-54.89803583935391,16.645182,1.2093515,0.6601181829569425,-1.2370313514827722,-4.542173712688853,
5930220298090051328,249.1598409302227,-54.75613680626341,16.64536,1.2604561,0.4247793940569603,-5.091346874404023,-5.557835325295356,5295.9595
5930411028944809856,248.73381262472356,-54.691570157995706,16.645403,1.4541941,0.2668814028667927,-0.27597089769024996,-6.109841988802378,4682.534
5930404878615075584,248.67353842007572,-54.77992969325105,16.645819,1.2262154,0.36977586286657244,-3.4428386305072625,-5.049933644944195,5397.931
5930411750563193088,248.89690086164205,-54.7060652958485,16.645954,1.2519884,0.6230124275151415,-2.2271839606077783,-4.542388962699242,5305.653
5930404294499454464,248.66677652241296,-54.82486049459364,16.646,1.3401823,0.4695713348354517,-3.972264060324128,-7.142515029693611,5108.4165
5930409306663699840,248.97640377106592,-54.67370560128696,16.647268,1.3660612,0.7334885148001328,-11.04858849559766,-6.784657542250644,5168.271
5930404672389810560,248.7480904247649,-54.78591648496977,16.647715,1.3414488,0.5369884685432083,4.440728072027264,2.6414627498129435,5226.64
5930400583647652480,248.8964853851251,-54.84485155569442,16.648142,1.5916443,0.4512571653364648,-4.567388791333869,-5.212346621913287,4753.3633
5930209161183978880,248.97290548446793,-55.05140929630552,16.648272,1.7319107,0.3265144584422315,-3.127921933182596,-6.6971125273188825,
5930211055319766784,249.10569469062756,-54.985204152063396,16.648731,1.246314,0.5628603765247393,-1.5143651891008174,-8.537210338116099,
5930401614439920128,248.7228417609775,-54.90463667769513,16.64952,1.3000345,0.4318537100310185,-2.2782195744540275,-4.2810304342238625,5253.246
5930405149136390784,249.02797780422756,-54.89508604351093,16.650143,1.729022,6.181158576459012E-4,-6.897048247480942,-3.4936391754412015,
5930217892908286976,249.11250267150058,-54.8809939069328,16.650944,1.6698818,1.4130477913395794,-2.4028273509135833,-5.059124350340222,4507.2173
5930216896446071680,249.18197893892972,-54.89887917965701,16.651018,1.6411381,0.25394235766824946,-5.993788869702027,-4.256805981627858,5078.8096
5930217716760663680,249.13688932350593,-54.88294340105637,16.65171,1.4179249,0.22503889318976747,-7.633388181537958,-6.838294296694448,5558.9404
5930403950902094592,248.79014476134682,-54.784652818679135,16.652353,1.9826078,0.1826086493474188,-5.473337618386796,-5.6917803692892885,4829.31
5930403813463120000,248.76624706799294,-54.80994393006033,16.653084,1.8436127,0.1496389877375622,-4.675041803064332,-6.210089682114483,4878.4546
5930400377489191040,248.92589057624178,-54.86375701206563,16.653265,1.9852438,0.07639063728794541,-2.0511807232613712,-4.009370429425523,4822.4062
5930216930835545216,249.2109792974098,-54.89443600261737,16.653734,1.2734165,0.20001689606187864,-5.357651261930732,-6.132049436710591,6685.5645
5930404638096870784,248.72244837053475,-54.7809702163125,16.65538,1.3129549,0.2313607975508891,-1.305495038114119,-3.4892271802913144,6372.367
5930398178465823872,248.86741103099465,-54.961275776397756,16.655396,1.486722,0.29561594878219366,0.07163744310510345,-2.60649419837101,
5930400308702499712,248.93646898085169,-54.872125818245195,16.655584,1.330163,,,,
5930218129081286400,249.10168001056235,-54.82576945693521,16.65602,1.852294,0.10823762778528102,-2.641701069817422,-6.646655013255765,4926.96
5930211433276851712,249.085060112859,-54.952704892442,16.656385,1.1603317,0.48446741540551025,-4.196687160747906,-6.87147165129069,5643.1685
5930408486387976064,248.99178131108724,-54.73708560077803,16.656536,1.7787476,0.11971851507173409,-5.016228022722912,-5.083174291439385,4958.3105
5930404500657921920,248.6544848234267,-54.78065072401372,16.657421,1.2776012,0.6622699597924026,0.8118681247329784,0.02327184894311265,5082.112
5930416182970241536,248.5981114031776,-54.78438005779199,16.658003,1.3334742,0.23017587942144374,-1.2734824133159726,-1.0135872090366798,6334.3354
5930219576535517568,249.14164929623843,-54.81872727239541,16.65839,1.6079216,0.2332491358733793,-2.8058244067228486,-5.701546771905192,4831.2324
5930402576512494208,248.68649719619364,-54.85918292112758,16.658802,1.7906446,0.09850654047361485,-4.8992960534238765,-7.5894638516042185,5120.8184
5930403366802494336,248.75884366235599,-54.8495661004535,16.65947,1.473753,,,,
5930217721109586688,249.13584935673813,-54.87726708067196,16.659805,2.0307693,0.12471891579219851,-4.921867783844612,-6.121488896995293,4800.1875
5930404569377384320,248.7335035782256,-54.79320690418646,16.660149,1.7923021,0.03314558327233458,-4.844935208000309,-5.627976905675882,4851.786
5930408138433813376,249.07618334661674,-54.726703717237754,16.660608,1.2291374,0.3778767513423884,-1.121952189093233,-4.292798952596607,5574.682
5930209298622057216,248.99030742088956,-55.03191949439274,16.661175,1.1075344,0.4838794521300339,-3.0525872537724568,-3.3620387979408815,5598.9395
5930407902272357504,249.1039632507203,-54.752684334480485,16.661335,1.2334337,0.3617318111514691,-1.7437617616560237,-3.3658595975303998,5293.8203
5930396868439192832,248.96475426127876,-55.03067845187193,16.661625,1.7533655,0.21650761404889965,-4.555692594567613,-5.632121569980859,4821.7524
5930404015265079552,248.720375044631,-54.841798457045854,16.661924,1.7964735,0.16513436343078594,-1.9630353844275605,-2.8183390677937803,4533.37
5930219473426850048,249.16891769940975,-54.819102375415284,16.662418,1.6301994,0.09848540556296986,-3.353401802299347,-3.9431723302047192,
5930404427582547456,248.68057128681474,-54.796644480900504,16.662577,1.4241686,0.5404528740460571,-4.9140288759005655,1.121364027037196,
5930409070503546752,249.05437784372972,-54.69129857691412,16.663092,1.3827219,1.0118748295598325,7.073297655208645,-28.078382354376025,4699.1284
5930399793373579520,248.8842949588547,-54.916126167629905,16.663128,1.6129885,0.2881566330606219,-3.567704196556348,-4.1644866922518675,5236.7905
5930401099043458176,248.70307037686888,-54.94954094151171,16.663923,1.3891268,0.46702165729308587,-2.673321462770676,-2.891769217595547,4888.5347
5930409998216754176,248.81653640831752,-54.74262918737464,16.665258,1.5528412,1.2694312457493766,-2.8411690858077643,-8.905029852693753,4491.934
5930416182970246016,248.5968168545425,-54.77740736453316,16.665497,1.4789867,0.4042335837382016,1.695035049554678,-9.509951565136317,5343.2573
5930211291489276800,249.04821181295108,-54.97370241669841,16.666452,1.8003616,0.12991969270275355,-7.468717411163658,-4.532340180958398,5582.602
5930396872795704448,248.965385574377,-55.039941116527736,16.666681,1.8083,0.23306812128542984,-2.387390678426562,-6.222739345414445,4884.299
5930396804076108032,248.88002911748626,-55.025405689631924,16.667189,1.4348269,0.8418107673045717,5.409877518899707,0.13326028755972846,5231.986
5930401202122687104,248.68442534015432,-54.92682992263338,16.667353,1.2470407,0.6278028301272793,-2.963302878265705,-3.363057425950624,5702.2256
5930218030347269632,249.1184236684407,-54.85132266701472,16.667513,1.5826111,0.4610210685388187,-1.3984662705312194,-0.013781531221277047,4915.119
5930401820597978624,248.66056520331918,-54.93398046338185,16.66768,2.0030508,0.16972669441939192,-1.177133209061616,-5.268871436021553,5786.191
5930402782603977856,248.66187451412443,-54.84571098859346,16.66778,1.8539848,0.3124029170660313,-3.8045610846488205,-3.75325215971916,4594.554
5930399380989306496,248.9484023532006,-54.91440914580961,16.668325,1.7459679,0.12194133589474426,-6.632073220225413,-4.767441759041873,
5930216277970395904,249.19071000185633,-54.96347039243201,16.668459,1.36203,0.6657587617795092,-0.16805204103295468,-6.902509715630841,5153.612
5930411265168770688,248.8197031865825,-54.68879068063608,16.668873,1.4406834,0.5883645422252903,-3.4821405951784294,-2.5699846785295577,
5930398036670328832,248.84998659471034,-54.973425799143115,16.669924,1.4099789,0.2231280425982696,-1.925769809618704,-3.9299889137050483,5003.639
5930219778345262208,249.13483095372612,-54.78190755131596,16.670057,1.2080765,0.1652192353398932,0.3493952616372682,-2.851361848863661,
5930216862116043264,249.19036526295025,-54.92413735555464,16.670555,1.2216911,0.4247703857759493,-3.768978637953316,-7.657691471262723,5243.8096
5930399071819016320,249.02986567818886,-54.94622588684058,16.671322,1.3074617,0.32679746096850837,-1.6735096037405386,-5.243850512380383,5279.0947
5930399101822942080,248.99829632773475,-54.94434590117465,16.671335,1.6619654,0.2681899856477323,-0.8865493384597044,-2.9147576048379573,4724.439
5930400235693811712,248.90838788400708,-54.886602465825234,16.671457,1.4422846,0.37881225691197207,-2.243044629032827,-3.1005531262695087,5447.703
5930219782693968384,249.13423526020654,-54.78543090744485,16.671486,1.4069586,0.2717480823468494,-5.867025924238721,-8.896507485037269,4914.752
5930416762726855296,248.65701135384552,-54.74096822398077,16.671717,1.319912,0.26678440919590013,-4.289238419542051,-3.810828566321847,
5930411200742698752,248.76929850787099,-54.69461414416369,16.671772,1.5204477,0.34053505353292024,-6.284907772012674,-7.2738643389723165,
5930400961604494592,248.6947972745989,-54.97974926119178,16.671831,1.6389198,0.40728260580679665,-3.524780759434365,-6.291696904837037,4924.6265
5930397319472336640,248.89632635146154,-54.988779274187024,16.672235,1.8975039,1.7489842094670802,6.013908223064172,-6.656466289558319,4307.477
5930406493459034368,248.9044340881623,-54.815180495360195,16.672453,1.2298021,0.18030224249163299,-1.5629647292535536,-3.6588504042841388,5115.393
5930397456911139712,248.8207022562768,-55.04378476725073,16.672558,1.9141455,0.2039880929561507,-2.1129407045884756,-2.6646974483889294,5498.128
5930408417668483456,249.00244348971128,-54.75013146061033,16.673985,1.2843704,0.3315443795278414,-4.221552081306049,-4.0839461411367415,6309.6665
5930402954469554944,248.7729029422385,-54.89428731829994,16.674618,1.3828621,0.3402606747159663,-2.354680219304403,-2.3114716585425175,4908.405
5930396941515190912,248.93338028899421,-55.01721229512829,16.675083,1.7200575,0.1534848644917994,2.183977321047518,5.520090855260916,
5930406557899985152,248.87818966424507,-54.80198775095573,16.675684,1.3399143,0.35237173622185,-0.6767714650589199,-1.9851281930190303,4654.0386
5930217652390073984,249.16724347648284,-54.89602087567591,16.67595,1.3061466,0.35713969141747043,-0.21833924142919026,-2.4906434560095603,5126.2104
5930211295837887488,249.07137953523443,-54.977289884410084,16.67603,1.2941933,0.41201473990061394,-0.06165336769742824,-4.251209682489603,5260.6255
5930407455530202496,249.1184553896088,-54.776021688551864,16.676697,1.276968,0.46381349661474724,0.15043357428782148,-0.5853452869669398,5277.663
5930407970991826944,249.14334173734247,-54.74049381968382,16.677668,1.2481232,0.4941856817013785,0.707392231591861,-4.018920912297196,5291.798
5930409311021773440,248.96747876161336,-54.67073667707829,16.677753,1.2166615,0.25136369022004734,-3.680290567695212,-5.896090644653394,5572.819
5930403469865680128,248.8376496710635,-54.84839178882962,16.677988,1.7622185,0.2504409378914603,-9.442323875360575,-5.213453411841796,6332.82
5930217201368187136,249.13631646396715,-54.91931598623392,16.679722,1.7330217,0.1549397436258608,-5.647535297864852,-5.11671058310682,5737.5547
5930402091119490816,248.62184469543635,-54.913500405943196,16.68028,1.4247379,0.16132136359595034,-4.26228293983694,-5.953505372076069,
5930217514921564672,249.10663096110923,-54.89160134770988,16.680328,,0.5794104727409293,0.042571703629734836,-2.4039263951545586,
5930219920132903936,249.20060335320434,-54.78860034077485,16.680433,1.143013,0.24094977090629482,-3.8031183567169604,-3.7167153232556784,6357.754
5930407043278962048,248.9277843028399,-54.767658165130754,16.6806,1.2684507,0.5001879861507479,-1.4568956651597484,-0.5885381065699935,5211.0146
5930219576535513344,249.15603747066504,-54.817626948652986,16.681007,1.1982269,0.4607442389608372,-1.3256407724563952,0.28058278121528174,5385.2744
5930411780564839680,248.90788983442138,-54.69162924499322,16.681244,1.2638636,0.3141656165522815,0.6515609432147392,-2.362092063030533,5361.21
5930410204374941952,248.90409640577963,-54.727834403892125,16.681309,1.3033543,0.30709709231634535,-0.38603423627445976,-3.999034404655461,6369.366
5930411750498259840,248.89572915067367,-54.69983380821719,16.68135,0.8552685,0.6220397827599533,-1.13372343479645,-9.211849886043462,
5930406012486736640,249.00789744613587,-54.803135454965194,16.681753,1.2427616,0.26373785128625205,-4.667498638209005,-4.410029328677394,5539.5894
5930211463288090368,249.08961193509273,-54.94156250657445,16.682135,1.5453205,1.2353014488801775,-6.45576031845064,-7.710447912719169,4471.4443
5930409856420713600,248.7977102508009,-54.75361191006016,16.68343,1.3356009,0.3386400753592871,1.6206779594015233,0.7723644819308128,4791.9253
5930410303097324288,248.8436512814228,-54.7381041588917,16.684198,1.9139891,0.1846414291020834,-3.94697341386202,-7.685649681153388,4849.8765
5930411681843703040,248.91897031883644,-54.70993223849394,16.684793,1.7121077,0.29225355917517754,-3.249395294262521,-6.335050921908076,4898.9775
5930406665322099584,248.88816755760158,-54.799667775065465,16.68495,1.7789087,0.19544840346759476,-7.590235036557843,-4.872669700470928,4736.161
5930217274432944512,249.13000238731283,-54.91740190189519,16.68542,1.3167267,0.417021280285812,4.338766993961087,-5.2291676735640955,5340.665
5930407146358174208,248.9478967686774,-54.761973492930494,16.68697,1.1744423,0.3399789264096471,-5.347195005025,-6.729343209010492,5445.8315
5930410857210227328,248.71363822125315,-54.730879641738845,16.687057,1.2576132,0.46949871963751844,-3.659911330521692,-6.42143097702186,5254.5527
5930220121942671104,249.1780615556886,-54.771558129285516,16.688135,1.2009392,0.7241820435229775,1.9078980057559967,0.13360073644072504,5476.9434
5930400618007394048,248.85770363629337,-54.84685049191152,16.688416,1.3227949,0.5210586437643209,-2.223232039407476,-1.1138876644973008,5163.8555
5930406008129943936,249.01423181081833,-54.806751737436905,16.689022,1.1783504,0.5148984695137473,-2.6548189578795895,-4.487435725437365,5354.3804
5930410273094454144,248.8757764132314,-54.70505151460662,16.689568,1.2562037,0.4442547432903101,-4.762017786809565,-6.57326361724478,5290.857
5930400961604492032,248.70233625998927,-54.98492271929013,16.689638,1.7586622,0.2400273721705622,-1.7372415911988413,-0.5582286013469228,5310.9624
5930406734041249024,248.97630243719556,-54.812673534726876,16.690542,1.6026993,,,,
5930219267297918208,249.1849114052309,-54.855797131952954,16.691189,1.237319,0.5890410024642417,-1.118159606797804,-2.778977584110681,5389.681
5930405428371498624,248.96899629811028,-54.86577630846507,16.691484,1.5418873,0.20254752866864512,-3.7878213867575306,-6.193280924495884,4989.7563
5930398311548246784,248.81363023885098,-54.957911301423735,16.693336,1.5444126,0.257668552367964,-3.733925672330665,-4.273783025170832,
5930401614439558016,248.70476030493194,-54.894053232095835,16.693924,1.3594542,0.37123777232963956,-0.7382236662303504,-4.595779410647216,
5930411338246400640,248.78754573685288,-54.68130093231696,16.694408,1.2552013,0.4187863489973758,0.22595962620554205,-0.8066107348326907,5508.206
5930398006667118208,248.83242725472732,-54.9801846492106,16.694668,1.4140329,0.5987717159266045,-2.3084812507627293,-5.614022908883829,5336.5063
5930401541363680128,248.72601776611262,-54.906756215364794,16.696276,1.8553314,0.26125940953334,-6.896173752599148,-8.261276348412865,4705.151
5930410685411532544,248.75347572841412,-54.730363094733,16.69651,1.4260902,0.6388380841274076,-8.290598685091497,-7.541881065899583,4546.18
5930400888528622208,248.73430384280545,-54.96127092552497,16.69656,1.3205652,0.46769570318003084,-1.8908786088906768,-5.844715974313408,4896.751
5930410204374943488,248.9119046665929,-54.72345820831539,16.696667,1.164463,0.29283142504703963,-1.1964974590013235,-1.652701774052855,5420.303
5930406454807023104,248.8977668146615,-54.834737810028535,16.697859,,0.09368222974367506,-3.5965621197269386,-4.773669054166912,
5930210707373643904,249.06584899090458,-54.994979064884205,16.697992,1.8454647,-0.003985661696253622,-2.4600746048925193,-4.095876360527299,5046.4946
5930409826418048128,248.78386905288076,-54.77282082492378,16.698048,1.6427088,,,,
5930407421235991680,249.10111761068444,-54.781706948639055,16.698347,1.5791435,0.26839724425297246,-2.7328286699589515,-8.706723834715696,4607.7217
5930411029008929664,248.74319468552898,-54.705953347385496,16.69877,1.376977,0.6665708067659739,-5.223725803300811,-8.585285107358704,4998.6587
5930402645231732608,248.63668196943956,-54.871694847586944,16.698881,1.8223219,0.13719349985700835,-7.311127010261988,-0.535070350833257,
5930216376730631168,249.19572993590683,-54.95222366657297,16.700605,1.5048456,0.2799056776443168,5.725055824001447,-3.85898884014257,5021.771
5930406665321822848,248.90644492250968,-54.797704837976866,16.70072,1.743022,0.03603095577154865,-6.022819012148373,-4.2731695317573575,
5930217927268034176,249.1228958644965,-54.867793389851215,16.70159,1.2701006,0.31199136637742514,-3.2487387710808795,-3.3725118174745843,5709.157
5930408383308735744,249.0074460115722,-54.758836802259985,16.702002,1.305438,0.5071970302234635,4.639994250937936,1.2192745311265403,5213.498
5930402164195387008,248.59270851002105,-54.90876009860136,16.704453,1.903821,0.11797135957537563,-4.824887964449705,-5.486426409143009,4853.1445
5930397594350101888,248.82243819965183,-55.01244879236068,16.70458,1.864769,0.14227807513502833,-0.38227141009746607,-0.8092495788134912,6938.3794
5930406386087051648,248.93837815773165,-54.819187405440125,16.705046,1.1927795,0.30906995220908734,-2.4253905031057954,-3.4036443997268906,5635.364
5930400102611273984,248.84770160524732,-54.88105600313957,16.705345,1.2835789,0.2763235553393757,-1.5345574832679283,-0.8385585750399676,5920.296
5930219537826954112,249.1409251510797,-54.83110172654249,16.705418,1.357893,0.3376798641446198,-5.236124986381389,-8.34662785366351,5145.97
5930408039711656448,249.12334786708743,-54.722169049182575,16.705418,1.2508183,0.34849825117010413,-3.7922338083942524,-5.299290566768564,5400.8237
5930400171330723072,248.9231109303492,-54.89284361722857,16.705433,1.2744951,0.41677095743124426,-1.044767340499085,-2.3672624797781685,5310.6504
5930216376730603776,249.19216672161238,-54.958638997727576,16.705626,1.2921829,0.08969968253390864,-4.178053930585991,-6.177397365175478,9410.646
5930412059800892800,248.8529925866305,-54.66681343594787,16.706255,1.3692913,0.45749491008669024,3.343893716277619,-8.975790682115898,5480.857
5930401408281300352,248.79875046412295,-54.91219288763037,16.707062,1.2638893,0.15465558161166076,-5.926269668139763,-4.252548061336112,6664.5234
5930397525630616576,248.86402177830416,-55.02403149209503,16.70721,0.4733219,0.18048246075611274,-5.06334606446597,-6.245831867334054,7047.7515
5930406459163660544,248.89138153522703,-54.8269640778101,16.707235,1.3316765,0.33509911633362255,-2.590543017265223,1.078290795892915,5473.547
5930412300319048064,248.91224959559202,-54.656918660810966,16.70805,1.3020821,0.4995132297055397,1.4648191809900675,-4.809563788918972,5198.4995
5930416286049457792,248.61790583720605,-54.77979725989644,16.708109,1.3267088,0.5486469324375518,-2.0448535394820118,-5.483074231406353,5096.092
5930416664006591744,248.66081903517127,-54.757280267881484,16.708364,1.7953749,0.17867191664085053,-2.6354059732905526,-4.243072632668726,5302.2085
5930409104863293184,249.05246063380648,-54.68404997077672,16.70839,1.3022766,0.540611081490177,-4.077238370729813,-7.917846125531736,6894.695
5930400068251509632,248.84830888393267,-54.90074349720667,16.708977,1.4237633,0.6053821550813551,-0.2743234663650027,-6.960917487653655,4831.36
5930403950902101504,248.78008877813082,-54.77679002712338,16.709108,1.9154606,0.018831403893705932,-3.876717431759239,-4.0616310814134895,4858.487
5930409139223055104,249.01413979017397,-54.677289582772644,16.709236,1.3878012,0.630178802098516,-6.275263256258357,-4.552244587174542,5123.2
5930406081206200576,249.04287711323397,-54.80097290811835,16.7105,1.2839708,0.23877151667684235,-2.1708439037352263,-1.908201878033118,
5930209337332769408,249.00706043093703,-55.03392422356737,16.71067,1.3357182,0.30269032708822774,2.3647587785052546,-9.13504021329743,5123.473
5930405806328268160,249.08685868364893,-54.814340458116874,16.711704,1.2452297,0.46342758200220474,0.2792500373069795,-10.262946643327382,5432.0757
5930405217855882880,249.05247540164748,-54.87678951314661,16.71228,1.2838964,,,,
5930407313800238464,249.10946705639293,-54.799356620340276,16.712582,1.7378969,-0.2693690160645295,-5.094717942635711,-5.971654392031744,
5930216827756321024,249.2038256902449,-54.905895461793214,16.712828,1.7138338,0.1768980218670253,-3.8685008120809092,-3.618921697305104,4903.6997
5930403813463130496,248.760373529135,-54.7995083696102,16.71294,1.3806267,0.5035869223875219,-2.25339424664685,-3.07574741743886,4852.252
5930401747522310272,248.72284462804294,-54.87551936811023,16.713005,1.5435762,0.4129899078917855,-2.4828368969258565,-4.200785311962884,4916.4414
5930218541398161792,249.22737281789293,-54.86151007378276,16.713308,1.2764139,0.18337690409659385,-0.3546027329072914,-3.189965841732641,
5930411372606144896,248.79792921242876,-54.6716119060698,16.71344,1.249342,0.5441505583043793,-2.527082298056645,-5.332858124225085,5304.5024
5930408142790572032,249.08361724312394,-54.71958832544119,16.713594,1.8652649,0.11737657292693723,-3.4560804655605875,-6.685497909830524,5432.839
5930219537826932864,249.14489516783073,-54.83852263275322,16.713614,1.4199476,0.32716032367006737,-0.9051272757245492,-2.0690418266666275,5152.424
5930405286575371648,249.03251131112566,-54.86311636514062,16.713943,1.3494053,0.4790295703884908,-1.4342456599918727,-10.531308590251635,5117.2466
5930403126268303744,248.79243273444507,-54.848394474071505,16.714058,1.3513308,0.3758347009895485,-4.212728556247355,-7.369902467741566,5248.6426
5930216376730598656,249.19781377330526,-54.96077537166091,16.714573,1.3340073,0.36743937852646374,-6.054791383811282,-5.409346178058523,
5930220160651095424,249.14778627198,-54.77003400103682,16.715044,1.2435169,0.29090775940422686,-5.139075542695547,-1.4827288586734801,
5930402473433239040,248.70572418146932,-54.88642067862971,16.715147,1.7758865,0.18580636760897756,1.709373185030558,-3.4504164049380823,5149.274
5930416114188696064,248.62052857495735,-54.790783217255004,16.7164,1.4103346,0.19130780966210342,1.4469981832473735,-2.2207361165929234,4922.272
5930404294499461504,248.6641578618673,-54.818405957771915,16.716402,1.4292479,0.4012321072428929,-2.986448224580534,-3.205306038456617,4732.013
5930416217329976448,248.63544983346944,-54.78764173713316,16.716682,1.7658186,0.10190773950587415,-2.6385473796597534,-5.246748287667714,4786.336
5930406287364967168,248.93242737603956,-54.82742228961498,16.716984,1.9577961,0.1090727626151948,-5.149957427656826,-5.704945472112549,4888.4165
5928899784627956992,248.66832776479492,-54.987929354871014,16.718636,1.8829412,0.09120018539090285,-5.338088321485584,-6.40376123182904,4812.2456
5930398796941108992,248.9373782761587,-54.958697340210264,16.719881,1.3269625,0.5530900461142858,-3.4338263804483056,-4.64496385357832,5126.2637
5930210402484674688,249.1428800631335,-54.99587176658948,16.719887,1.2336941,0.3222659132841718,-0.9479899303726532,-3.074886590039553,5479.524
5930404294499462016,248.66038568861586,-54.81800632822431,16.719921,1.6116552,0.29939648176442407,0.11302438811953039,-0.059054342757402706,4805.9805
5930398315904786432,248.81130593721602,-54.96074053015794,16.720604,1.4516373,0.2609648002671942,-3.8556685834722266,-7.447113306667482,4864.3877
5930400098255418240,248.84920530943234,-54.88200057972893,16.720928,1.2983093,0.272253648130584,-1.465416109068055,-1.167059916554253,5046.8574
5930398625142392448,248.998688022446,-54.97882213522389,16.72095,1.2499447,0.2547833052935097,0.9808372030543295,-3.752934847442268,4928.369
5930219920103524864,249.19379227802668,-54.78222161769693,16.72115,1.2482166,0.41128215963354064,-1.293506771825217,-2.1972575361846576,5326.8237
5930401717518980096,248.7131368986328,-54.89612752974903,16.721472,1.3855314,0.520043095588759,-5.325277842459879,-6.704801492916379,4970.4136
5930402503436567168,248.70298076241136,-54.86205901416471,16.722534,1.6412659,0.338384110928967,-1.085905270148662,-5.151920806916458,4842.8076
5930408898705150720,248.95234852069106,-54.67957241718433,16.72339,1.2699223,0.34854620578040796,-2.6272148589430397,-2.4183412308770564,4981.436
5930408829985660416,248.97682176946464,-54.70216655517492,16.723438,1.2683907,0.29459929727515355,-2.671951368532127,-6.570967521048614,5361.5547
5930217755469318016,249.16537712837354,-54.87060445329022,16.723671,1.2553911,0.3055030608628154,-4.352463629473349,-4.320300960824026,5488.372
5930216999555029632,249.19105159093556,-54.89589013690571,16.723907,1.3240728,0.9150858375575762,-1.3651668342289383,-2.9216321153118003,5132.377
5930216793396531072,249.21227270484448,-54.9375671860785,16.724598,1.2088051,0.4873485448574133,-1.193581706800337,-3.338532134888885,5241.1763
5930406459099273856,248.89729145703228,-54.83377294227692,16.724684,,0.23861376821937677,-4.958538721628372,-5.693580136869144,
5930217098285195136,249.14064899904693,-54.93709067712064,16.725151,1.241374,0.2600639493692886,-4.025160712364826,-8.041486137998502,5192.45
5930402709595379840,248.6107002790947,-54.84962448187158,16.725445,1.6827135,0.9995546179830433,-2.1152332017178175,7.712695931809746,4387.24
5930409001784076928,249.0111967747901,-54.70401784431718,16.725515,1.3143444,0.6126447127132558,-0.6560515038080151,-3.5492293225970855,5259.8516
5928896245574819712,248.8014821350925,-55.038767943842686,16.725615,1.8579626,0.047510279563914695,-3.590182888449328,-5.9658064153075685,5304.453
5930398556422903680,248.96908259701277,-54.996314864486024,16.725779,1.8851461,0.06121235632012498,-3.571498536749108,-2.8804275208811747,4843.7437
5930403676024155392,248.82637478209196,-54.812980591433735,16.72587,1.3147926,0.6445591382349499,-12.894724619133864,0.8007468236970039,5133.6934
5930400648010734848,248.8628149803555,-54.82580464597862,16.727674,1.3353214,0.4894297499097633,-2.8968675589104294,-6.56748675422353,5216.4126
5930401133403199872,248.72398790983854,-54.93475726184633,16.728418,1.258174,0.34545086856340174,-2.3801671110058633,-4.47898434268319,5051.8804
5930397864871622528,248.79174766941847,-54.99420322729765,16.728508,1.4956961,0.5560536867998009,-9.337892474194316,-2.3010497771810763,4863.0767
5930398968739820928,248.93747996344,-54.938490174317465,16.728645,1.3905344,0.3122265731163462,-3.6549335218524845,-4.309084631153581,4950.646
5930218575756652544,249.24970536219092,-54.8642831951919,16.729301,1.8599052,0.24905773595854158,-0.5871170465746604,-3.5255658293519785,4822.3745
5930217957278889216,249.07925295002494,-54.864728431090924,16.73024,1.7255001,0.37106230804957135,1.7172248850616467,-0.6914761819656388,4627.6543
5930400961604638848,248.70745601178737,-54.9750443984506,16.730444,1.8904133,0.09126081904797298,-1.808439175996614,-3.352034338563904,5270.3813
5930411819282676224,248.92930606627763,-54.68588215468527,16.730795,1.248188,0.4707614969490759,-1.8888611887702318,-4.9005532971115215,5632.1104
5930409341023449216,249.01051520146643,-54.66640582792485,16.731894,1.3808603,,,,
5930400995964236800,248.71080307859546,-54.962370457956645,16.731949,1.4049616,0.33586377123468814,-2.981237626803688,-4.560159481725767,
5930410066935964288,248.89477279603273,-54.75730871795615,16.731966,1.2234001,0.33468902652592775,-2.5593449455226236,-5.5281524855138935,5356.9175
5930210849161284224,249.0096432102274,-54.9941921024655,16.732027,1.3372068,0.555274978929435,-9.404124746707023,-4.075674981530845,5049.6235
5930408967424323584,249.04272117361546,-54.7035329047055,16.733368,2.0255432,0.12588747789445803,-4.92148301347149,-8.299278292312843,4841.5527
5930210849161282176,249.00284889243397,-54.99943538024813,16.73353,1.4016504,0.3297293825804332,-3.895031912330105,-4.861503943676154,4757.086
5930401854957720576,248.62705939188993,-54.94120906524098,16.733536,1.4732084,0.1153276589609959,-3.8610301472610935,-6.966017104665124,5816.4307
5930406184285744768,248.95929195356587,-54.8557587401863,16.734352,1.1213112,0.2915232743809313,-1.9044263848519074,-1.4540358561574254,5612.021
5930408795625649792,248.9863217519087,-54.71236799367204,16.735949,1.3768854,0.693529146815798,-7.3136469084184785,-6.158685696840687,5044.6636
5930409822060961280,248.78907830010712,-54.76694442572473,16.736053,1.6811075,0.14904059182090676,-0.7058117860329471,-6.129928822604667,4802.5967
5930402022400017664,248.66158322717973,-54.906615941328866,16.737364,1.3664694,0.22986663939293217,-4.838764281003469,-4.339582921667276,
5930408692546426240,248.9697566320665,-54.72763974783496,16.737686,1.1753864,0.32220605928416696,1.3307821106546736,1.1200755597761565,5619.5093
5930219473456279680,249.18737217497667,-54.82221870075464,16.738012,1.2885036,0.313176047988552,-5.8036380837705615,-4.655573643931469,5204.1963
5930408726906177664,248.93496735204653,-54.731068319903585,16.738085,1.2889824,0.3233725918895185,-5.113449440728338,-7.410226672390754,5291.8735
5930399582858568448,248.88690485751175,-54.952557954866336,16.738329,1.5892277,0.3167041940821342,-4.462260088006705,-4.209926793652389,
5930402267274609792,248.59793329013164,-54.89050367383656,16.739407,1.4158773,0.9245109891034089,0.701925160052593,-1.1110613920239671,4617.9424
5930405187852958080,249.02515647505766,-54.87853488475796,16.73962,1.6655912,0.2433332632757423,-7.1317157771434125,-5.343622210543877,4811.8335
5930403018832625664,248.82387252163625,-54.87927610437294,16.739824,1.2121086,0.2570454519133568,-4.673820596077802,-6.110576016365183,5638.8022
5930211467636595200,249.0755527181759,-54.93640192268308,16.73986,2.0990334,-0.0020512846953497123,-5.028837456015179,-5.643233192471322,4809.937
5930398728221630848,248.97480047484123,-54.95518516833088,16.740324,1.157238,0.2375326352259227,-0.277035583197101,-1.8695818540310234,5836.569
5930217136993985152,249.10587900190455,-54.932245654315395,16.740341,1.3741522,0.5761924701868466,0.19909188953687096,-5.84211254382371,
5930210917880760704,249.06174937499878,-54.98755006604462,16.74122,1.8516073,0.09844337765521424,-4.904266057220113,-6.109031254592577,
5930403435505931520,248.82083291121714,-54.858222983560594,16.743637,1.4007483,0.6955178423322131,-2.2230289058638624,-8.509841821713186,4686.819
5930410135655475328,248.87259665378488,-54.73171100307014,16.745546,1.364358,0.3698382826385584,0.9675557264034348,-3.840100685260631,4803.0635
5930411303886654976,248.82242613325982,-54.67287576111385,16.745943,1.2648296,0.2887225271307384,-1.8318979745059978,-1.6929605718314682,5013.0977
5930407588677956864,249.06845844781458,-54.773117941175634,16.74642,1.240469,0.535601146803045,-2.072334164998888,-5.348827261747678,5185.6787
5930407111998452096,248.91087984318477,-54.76196389333068,16.74646,1.3239441,0.7470668909962633,-2.008653332300669,-5.131660905581246,4853.5176
5930409688979092480,248.83464044196282,-54.77222963489662,16.746794,2.419345,2.942970619269254,-3.877352385035913,-4.624944960257625,
5930407730473683584,249.07521036893885,-54.750657651910096,16.74723,1.2689075,0.2824945050639564,-2.048721885501236,-3.9724528953238973,5271.368
5928899509750024576,248.71005862488042,-55.00652212424177,16.748087,1.9218721,0.15246247749516,-5.630208282426042,-7.136668464178397,5342.8086
5930407348159758848,249.06651817235146,-54.79367384055393,16.748177,1.444005,0.41461624964058746,-5.702746979248258,-6.126858688017284,4706.98
5930216243640686848,249.17852108115935,-54.975729374208505,16.748926,1.9165506,-0.009262516529995997,-2.3713139301788932,-4.188842030936266,
5930403607304676864,248.8479453444537,-54.81233071167845,16.750301,1.8731403,0.17213624965226962,-1.8756498053471304,-4.060081420650154,
5930404152704055424,248.7213536699399,-54.82112337971357,16.751022,1.7377329,0.214771505941826,-1.7289099823687601,-4.069618989189489,
5930402095475901184,248.62025195277775,-54.91667856605286,16.751554,1.833705,0.2824443923716915,-3.3918868021868978,-1.5002080909847377,4646.329
5930410204374938752,248.92025164609552,-54.72475800652861,16.752287,1.9241056,0.10589300205602825,-4.788259554601931,-3.6718023574409866,4959.266
5930404741109339776,248.71603961077412,-54.7723251923933,16.752348,1.4135532,0.29755427023209263,-1.4918798980805077,-4.925335928944982,4613.1787
5930220121942656896,249.17963538773452,-54.7774061461574,16.752638,1.8167753,0.10297435470559281,-4.3694859901227865,-6.775282496723894,4797.3267
5930410440535028864,248.84520849592056,-54.703786679474874,16.75355,1.2516289,0.5648022468164202,-2.5120994534540206,-0.6385734743372459,5267.515
5930408589482523648,248.99368209394962,-54.722854549118644,16.754038,1.2901249,0.22560282624693137,-2.175993622935703,-2.400878887714275,5269.21
5930416079828925568,248.61765257551107,-54.80545233613006,16.75481,,0.29036400277237584,0.9426078636974665,-2.1083532569933356,
5930399862093054464,248.83556608805566,-54.92302073133186,16.755167,1.782979,0.2587725455632478,-4.82386616816272,-7.425961450083744,6737.6562
5930414464983055616,248.6012111017282,-54.84439386855679,16.756414,1.3256931,0.7971639221546077,-8.153663437226278,-2.2608486168695388,4919.2007
5930210879170030976,249.05343080335362,-55.002741871909926,16.75669,1.3751183,0.4403064593216965,-3.640118842220235,-3.5938810519976547,5328.128
5930398350264531968,248.83384827414199,-54.94958313167007,16.757133,1.397522,0.5842441848254619,-3.4903858078011307,-4.674094399627703,5049.568
5930403813463116544,248.77487479320106,-54.81212128267184,16.757137,1.1931419,0.31149315957725876,0.3295064961892119,-3.293979461828698,5274.0083
5930210643002837760,249.0959481896463,-55.00882775753862,16.757238,1.4057093,1.5585461369932954,-1.6884749363729048,-5.6318342129182515,
5930408280229529472,249.1010248575648,-54.70673784072928,16.757284,1.3883448,0.8420033589292785,-1.8524206101996947,-16.631395652313646,4594.2163
5930408589467198464,248.99763392409602,-54.72745584833028,16.757526,1.8680401,0.13544762354548814,-2.2704343250124968,-4.515544028169243,
5930403607304679040,248.84564171477146,-54.810261965194115,16.75832,1.9011059,0.14415644339641276,-3.475370803998075,-5.583321207718891,4952.157
5930216857767111168,249.1739608393178,-54.91177714182879,16.758501,1.1349964,0.1902662252783969,-3.975958143649834,-2.4683212704909088,6684.794
5930406459163657344,248.8998833572964,-54.8358249784329,16.758532,1.3970242,0.6017696434912232,1.3717530892464562,0.9068874325924119,5123.7627
5930219503467294464,249.18735095779329,-54.80372725517222,16.758793,1.2148228,0.24506787342096814,-3.7681755456915695,-3.7182592321101318,
5930402576512504576,248.67953930179078,-54.85182617074617,16.759825,1.3580971,0.8887488244060527,-6.948638351473011,-8.541839245453282,4401.8623
5930407180652747520,248.94163576266348,-54.748791719960785,16.76088,1.9680548,0.4490837335098429,-2.6806516704490737,-4.75546865815288,4642.8667
5930403332426742144,248.78408866481323,-54.84404438791772,16.762085,1.3672676,0.47707604833764944,-1.7353283927446417,-8.660186803293975,5114.385
5930407485598746496,249.09148595811587,-54.76875441730104,16.762161,1.3569431,0.6423582211131553,-14.80451336244097,7.2742411008309436,5205.999
5930401476933489664,248.7756024157422,-54.91258133498154,16.762953,1.7540712,0.10385924734431878,-4.22958966775148,-5.7506694270608385,
5930402988829301888,248.7877682194291,-54.88546003957993,16.763344,1.3395672,0.5437425276426066,-2.003514558938411,-1.5926864550439532,5635.6733
5930402954402343936,248.78797336460514,-54.89268505701909,16.763458,1.4028778,0.43118594274801914,-1.6034470933481275,-6.50445390749794,5350.064
5930218030347268992,249.11663921243456,-54.85269225512281,16.763756,1.7323732,-0.02306978665936152,-2.162813572842444,-4.86708211958415,
5930399449776181760,248.9878588463284,-54.91287192197654,16.763805,1.4156885,0.38392945520862737,-3.5378469431338013,-4.398417251164902,5436.7593
5930404431871930496,248.680594967438,-54.796866680283586,16.764256,1.4417839,-0.01051378599587917,-3.1128869499996656,-6.5888359409938895,
5930408555107455488,249.0285039466712,-54.71883319269218,16.765203,1.3787994,0.381818415817758,-3.3858298859440916,-3.7596512687400745,5176.0
5930403877826174336,248.8108998514732,-54.80153310056651,16.765537,1.956336,0.270638803002821,-5.220022227746179,-5.382592989969594,4814.169
5928899475390262016,248.7478428614407,-55.02109030604521,16.765657,1.7569647,0.185559808354842,-2.287612733699801,-6.990402483207653,5192.9233
5930404118344302464,248.71257742303166,-54.83317586070878,16.766031,1.2920609,0.2618073468715781,-0.8290042061475749,-3.2973360900855475,5134.8433
5930399789017196928,248.87407104693253,-54.90838708361856,16.766129,1.4380817,1.6119495762001887,-0.8983516980659694,-14.072214375703876,5120.602
5928899784627966720,248.6533597596549,-54.98247073714141,16.766682,1.8057709,0.12453519387325172,1.3606976630345011,-4.5802244750818994,4978.535
5930403091908547072,248.7849507668609,-54.863710149416235,16.767801,1.2816353,0.5333562199239565,0.7609472498899171,-2.3697752492989146,5050.0005
5930416762726859520,248.65556929024382,-54.7345698323023,16.768124,1.3167324,0.2516942148591782,-0.014974866994480363,-2.668660294239254,
5930210741731070464,249.02496140726416,-55.02688603417267,16.768803,1.6916971,0.11304423897380306,-2.2487161388586054,-4.737423163366765,
5930409104863307136,249.04244099968443,-54.674095251597635,16.76972,1.2614899,0.4855055533539842,-5.320517230583733,-5.753488327513527,5206.845
5930401614439549568,248.71718844892902,-54.90584860688854,16.77031,1.2972288,0.4358258199776489,-2.1956663033464103,-5.8316424190815574,5544.3813
5930401167762946048,248.68593873131317,-54.932858907568765,16.771202,1.3206615,0.3792258338928201,-1.7555941562857806,-2.2407482681245043,5265.017
5930217858519030144,249.15984767679075,-54.85058562522734,16.77126,1.332058,0.3272009923432492,-3.8514660013629305,-8.373199937648415,
5930217308763078656,249.12110158236626,-54.89679998935168,16.771297,,-0.17834424759154258,-2.792931544571813,-3.435796162991965,
5930410543614263808,248.84493751909358,-54.68817332121295,16.773212,1.3644629,0.21279068452533723,-3.1889914731507236,-4.59196810881007,5378.8657
5930218030347257088,249.13673335411727,-54.85547939932116,16.773584,1.2163725,0.09602247569426245,-3.8622885392968533,-9.137215087969235,5732.275
5930399862093042688,248.86135147973275,-54.928441699268056,16.773905,1.4385242,0.481630375238374,-2.0725085218536914,-3.9363322127126983,4666.6772
5930405149136391936,249.0243595991713,-54.89408678902257,16.774082,1.60256,0.3874831772219862,-4.299614828468946,-5.92772814547825,4691.8335
5930399552855438464,248.9716717608269,-54.881549734560544,16.774328,1.3925304,0.3865514961282881,-7.212976345590693,-2.83436887904098,5072.1807
5930406592245494272,248.90269953060528,-54.80897241738562,16.774412,1.8597994,0.14626089611137802,-4.221839689764007,-5.859623029715707,4816.5693
5930401545720259968,248.73409226854469,-54.91467659704883,16.774939,1.3818722,0.9284037349577648,-8.34717858176056,-8.37372392307398,4790.584
5930397491270880512,248.82137371138165,-55.031885892112996,16.77505,1.9964771,-0.1450346302861628,-4.340956411714892,-6.741379348698099,5110.98
5930397864871628416,248.77344039984618,-54.986580213434934,16.775799,1.7966671,0.01956824106708407,-5.848979732182151,-7.206171860422894,
5930211085330785664,249.07142596522885,-54.98926448614828,16.775915,1.9200716,0.0599787794013444,-4.86231590015271,-6.655480980859059,4828.854
5930398418984022272,248.8212438173653,-54.940608141139165,16.776121,1.2833843,0.3931336100085163,-1.2464862258005371,-2.992899152756977,5534.9355
5930409895137533440,248.8194441162238,-54.753508970292955,16.776142,0.80711555,0.1578372508499634,-3.491798781602723,-5.029647377934483,5968.898
5930410444893151488,248.84726379239314,-54.71216704966124,16.776514,1.3215275,0.24165799010556294,-0.6806000587045619,-4.026423803232437,
5930209165534065024,248.9725914358664,-55.05171842817082,16.777256,1.5809441,0.42798921693658454,-1.4355760739299157,-7.429825911783516,
5930399101822414592,248.98209107239705,-54.93798488538252,16.777477,1.2708931,0.4369281391147581,-0.5720913609569827,-2.5496573540263063,5163.6455
5930220091931608320,249.1681591575377,-54.77976313461988,16.778038,1.3664751,0.7958642809715292,-1.3186823065914346,-0.07652715402146276,
5930401889317467264,248.629727687185,-54.920142169979314,16.778109,1.9045172,0.1834615763323698,-5.185771744081249,-7.060389553153602,4749.8755
5930403676024169088,248.82280720076733,-54.80059180869857,16.77955,1.1361847,0.37195484106993093,-3.110903806852871,-4.458393488650513,7130.216
5930402782670939520,248.66144450129858,-54.85013884049646,16.77992,1.9811087,0.06998369271136595,-5.203092317721621,-5.714124544357775,4787.897
5930217338803378176,249.08297685383215,-54.93394659332266,16.780855,1.2871485,0.3862784367991246,-2.9353211270986375,-7.313647951739313,5225.596
5930216930835514496,249.22909699265406,-54.910042748204106,16.782066,1.3724518,0.38544257930290265,-4.230148783225435,0.2719033745008745,4809.261
5930431812292316288,249.0826586516637,-54.683999831267606,16.78221,2.1127567,0.06875130493105915,-3.519405031652007,-4.117145264657353,4712.663
5930399724654074624,248.91715496365268,-54.9332308976018,16.78274,1.2840405,0.40928780299176254,-1.449288510392417,-3.0439411219585457,5381.604
5928899784583348736,248.66985439582785,-54.989870466773745,16.78327,1.3888292,0.7676732058385549,3.4378642896230556,-5.276267060575266,5339.0117
5930210810450550016,249.01450645947938,-55.01984217376326,16.783482,1.9032907,0.0808197791746026,-3.7316661034637697,-4.788043776512694,4714.014
5930209337305921536,248.99712055566454,-55.02039441107899,16.783684,1.284359,0.8757361251958247,-1.812198372423524,-2.0643779016738004,
5930403362451027200,248.7377145029802,-54.847078023008585,16.785418,1.4434767,0.7157876327992009,-3.1701093968420166,-8.527626156194383,4990.192
5930407524315234816,249.09692271366822,-54.75567665069276,16.785494,1.8754492,0.063071385919782,-5.657136342135148,-6.966807177557088,4801.545
5930410925929704320,248.70571206523474,-54.731173565358496,16.786684,1.4185696,0.7334365131523117,-0.9709359131092963,-3.9581006154949794,4973.0557
5930398728221620864,248.989419485828,-54.963517584786516,16.78723,1.3799858,0.5529355966841215,0.10475533520826183,-0.07502959456874117,5002.351
5930411784922956928,248.89468985163168,-54.68160361685823,16.787502,1.3164673,0.3369362961227075,-0.16276686160646586,-0.3456627419494492,5332.5
5930216449799163648,249.17069305085968,-54.94587058429774,16.788074,1.4375515,0.8841234224225886,-2.068147385010102,-8.480614269171605,4935.1055
5930399857736664320,248.85786245218526,-54.92713184042217,16.788582,1.3228722,0.4253818442381254,0.9958771863800545,-2.082196167731341,5367.9927
5930402159838971776,248.5937730029604,-54.90561815524904,16.788937,,0.4537146528550259,-3.362818651706004,-0.7234034972098433,
5930219262948986880,249.17931255663248,-54.85197806632436,16.789585,1.2675018,0.48293936891213884,0.12508305181818047,-7.5862712855424075,5275.1777
5930405084774110208,249.03460254602132,-54.90834873982767,16.789707,1.4217796,0.8258392931210561,-4.505608828244367,-9.136456214924081,4443.2065
5930404569377382912,248.73681294175367,-54.79464824661465,16.789911,1.6981955,0.09615854003223373,-4.706531926591855,-7.9771182569588355,
5930220332449791616,249.17181346726179,-54.743833175913274,16.790575,1.8656425,0.15735960670310115,-2.778341841719287,-3.720043464881315,4839.5703
5930218541394468352,249.2161889780252,-54.85514554612461,16.790857,1.8433237,0.08400661029325898,-1.8579505766720774,-3.3355011726024113,4866.957
5930400613650977792,248.85551538430474,-54.842442320178115,16.791674,1.6871395,0.2938613297980501,-3.3761010103594464,-4.243653096185348,4909.9546
5930217514951138048,249.11377914005877,-54.90410890816405,16.791946,1.841649,0.2172007714273284,0.21470890610114424,-6.320266610627823,4682.804
5930410238669700224,248.88185810024663,-54.72137818557895,16.792788,1.2600136,0.553554284543042,0.5624505038313576,-3.533543410521676,5246.7295
5930407077638710144,248.90245991541792,-54.77001628108864,16.79357,1.4658318,0.24111550968885145,-1.2667209032275646,-1.9086424332526208,5338.103
5930398315904810624,248.79766456712903,-54.94173074101914,16.793936,1.5846758,0.3403600336899387,-4.284840462223743,-4.986807375785289,4803.8306
5930410479252898304,248.86473552751283,-54.695717407729084,16.793947,1.8811922,0.03213070807524198,-5.725407872727278,-2.7515145055798422,
5930219439096539264,249.1989169215189,-54.818701754747124,16.794031,1.8365879,0.15413654933069032,-5.812046561162111,-6.367855960448973,4907.6074
5930405733252003584,249.05447774734932,-54.832825856454,16.794466,1.756608,0.184522459333487,-4.813553319820631,-2.5665945808005706,
5930406076849426816,249.05256556371444,-54.802102198237925,16.794859,1.3925543,0.18140502754108997,-5.485826632855242,-4.378234806099962,
5930397869159927680,248.78293938783924,-54.98729211076565,16.79536,1.2649345,0.23144787445607268,0.321766021595432,-3.650497967930354,5433.692
5930410925929706624,248.69794492700402,-54.72899380967212,16.796516,1.4412327,0.6469756979447975,-4.9976272652208795,-9.40925086871929,4775.9653
5930406562242883840,248.87664984154745,-54.802901894261545,16.796925,1.2523861,0.5707322132257939,-1.4156738494310768,-0.1603424162184252,5228.6147
5930402920109818752,248.81018758424062,-54.88764913839979,16.797096,1.85429,0.5276650511815778,-4.079069098163523,-6.878034303523343,4558.0654
5930409517180463360,248.85823751541588,-54.79853827238226,16.797745,1.9924908,0.11235025987937583,-2.7666899219052796,-5.015622368285351,4854.1626
5930410719771265664,248.78881932042884,-54.73750277132038,16.798494,1.9115982,-0.007272598173137774,-5.699864061728034,-7.300707056284439,4852.244
5930402713951212928,248.62948558943611,-54.866675910650144,16.798552,1.8295374,0.18051427609314985,-4.127496975267196,-5.003504405456897,4815.1523
5930410822850490880,248.77062919067626,-54.72003525321583,16.799032,,0.4027312494147934,-2.9850592963035343,-5.727400512909783,
5930410066935984768,248.88220745025293,-54.74188644714153,16.799822,1.2329397,0.16818946682950267,-5.125561932123347,-4.92330141713588,6177.428
5930416285987422976,248.61688415788177,-54.7787603918799,16.799902,,0.4551955001527554,0.05457425971766272,-3.476123542537234,
5930409654553954560,248.87832212922348,-54.766901135483394,16.800676,1.0135002,0.08579470235733355,-2.370252588001096,-4.653391325036362,8793.136
5930410135590395520,248.87344887044472,-54.74412285689745,16.800863,1.7227802,0.2490064059048434,0.11469346937539804,-2.8154436413672306,4588.847
5930403882115748864,248.80249504749196,-54.79729372524872,16.80119,1.7905722,0.09172650869084481,-4.350009872154551,-7.316303212160708,4794.683
5930411406966055936,248.75142084587998,-54.69276149675627,16.801264,1.7697983,0.016291601031988123,-5.398241735296489,-4.624659212417313,
5930400205690461568,248.8987456515522,-54.895928932740304,16.801405,1.4654608,0.822676536851077,-0.513970714819528,-10.62016854441468,4663.6606
5930399067462674560,249.03040764574828,-54.94237944425252,16.80157,1.35705,0.31292669828879355,-0.4233289293722584,-3.2296591222164985,5100.284
5930407833552849408,249.1307393474457,-54.771917195194774,16.80161,1.2516232,0.485017467792489,-0.8489939652510885,-4.835706441522598,5017.2217
5930403641664404096,248.83373049176316,-54.82388248464267,16.80166,1.4650259,0.2745673309880862,-3.447830114154846,-1.8703518235550125,5383.0693
5930217308792695552,249.13298165966788,-54.907607486550326,16.802061,1.194643,0.4474346120926096,-0.35494966288692154,-2.952942439260853,5393.606
5930399415416452608,248.9488431198126,-54.91015994870125,16.802212,1.3497715,0.1783829267921625,-4.406582388871425,-3.8313058958069797,
5930399587215098368,248.90265604186598,-54.95592246662978,16.802258,1.8079929,0.17144022463658246,-1.5295955952167342,-3.9216980637138907,5175.8496
5930216278000453376,249.17736631868098,-54.95524160465751,16.802586,1.2196846,0.4656583209739316,-0.9643938898176188,-2.7796511526736536,5211.907
5928900643621450496,248.63067278703386,-54.95434573975666,16.80281,1.5880527,1.044884712403537,-6.094029285575667,-10.911840810197349,4498.723
5930402370353809152,248.67982529873876,-54.888781024151946,16.80305,1.8705406,-0.10742436693575425,-5.112953940982454,-5.181231924691768,
5930396524841805824,248.9252477631626,-55.04135004779394,16.803171,1.2929916,0.44003632505107537,-3.1254597092373997,-4.144008884097677,5154.8115
5930219507816041600,249.17293788230194,-54.804064859024656,16.803202,1.7011299,0.16772827150122036,0.5183331701591701,-3.580097111348745,5161.2876
5930209199866866176,248.97492891429144,-55.04798732698055,16.803741,1.414793,0.32512106317127604,-2.545758696552338,1.1281448152851192,5526.1064
5930406046846454784,249.0325499685629,-54.81402420128028,16.803911,1.2060947,0.48319611935787027,-1.4608419853902328,-2.850030430914981,5236.181
5930397594350102016,248.82084055662412,-55.013054560392476,16.804369,2.0866928,0.03922300885779835,-3.077592869643257,-3.8927700012411077,4821.1514
5930404157060496000,248.74207201171905,-54.819996001789875,16.804455,1.2758293,0.3883945403736623,-10.815706764481927,-0.854745505233196,5378.1514
5930399140538508800,249.00306887482392,-54.93411579362908,16.805416,1.2306061,0.4403684808370689,-0.21289259300793972,-3.4231919859794075,5257.2275
5930406626605249280,248.92537169603685,-54.79761436914092,16.807018,1.6491699,0.09371585746826401,-4.142508811245275,-4.065869215811142,5245.206
5930401610083160448,248.71045647582133,-54.89891071657059,16.807114,1.3715916,0.6414940790072936,-3.07092686693698,-3.813920579542328,5037.391
5930406115500497152,249.02158382390016,-54.79528492111324,16.807302,1.9384718,0.007133468973143587,-4.091562431325941,-5.917274794132123,5189.1787
5930409826418046592,248.79634164750158,-54.77613794244877,16.807617,1.3718834,0.35078033223803434,-8.081236463008366,-4.2130290613759005,
5930404741176089984,248.72047240500677,-54.772739276194145,16.80781,1.2042332,0.3766082636113121,-0.7956296321840989,-2.539353091181995,5544.2837
5930403194987769600,248.75250074517817,-54.86152060509307,16.808897,1.3968334,0.5668574173864124,0.4764160824903314,-3.2275022627681875,4976.6553
5930409036143827456,249.02347974606667,-54.6873529597066,16.809168,1.2914467,0.5863513528306196,2.9988814231107663,-4.186660732639964,5138.5347
5930404603737125376,248.70990677806867,-54.793339891733616,16.809406,1.4635563,0.45736448367307053,-1.262134364882019,-6.937722559958708,4726.904
5930407382519516032,249.07181861867414,-54.78128344848469,16.80945,1.7820759,0.035158396428600316,-2.616420983077427,-4.626675383646038,5626.158
5930410822850493440,248.7783047953084,-54.71400386609964,16.81032,1.508893,0.4593357631724409,0.23462229100818155,-2.324665840205815,4956.095
5930211158398927232,249.1230082362937,-54.98485825134152,16.811432,1.793952,-0.0037174962015580452,-4.574529212683949,-6.542268220072655,4811.2573
5930218129081288832,249.12195326217133,-54.83399514223515,16.811514,1.4498796,0.7242360094978281,-1.981966221379963,-8.650588438932951,4452.0845
5930406974559469568,248.97486816425868,-54.765132557366094,16.81189,1.2508049,0.2614035832660151,-5.33711485152696,-7.853357863957059,6308.0386
5930217343152444928,249.0797331339003,-54.920239682369385,16.812365,1.5057526,1.0807208178062484,-1.1411799977019739,-0.9150164816212006,4588.6606
5930411784922958208,248.89550262892263,-54.68051716767855,16.812912,1.2202759,0.28543010727399515,0.2515317446419491,-1.907022722849153,5679.4814
5930401197766289024,248.68971873136167,-54.92144484172246,16.813763,1.7822895,0.1731297346622045,-2.421354151007171,-4.191307695267507,6354.7847
5930403297999950336,248.76476800703114,-54.85363095930862,16.814068,1.2614994,0.43199691833996134,0.5540605164332345,-2.847556531819109,5577.7036
5930219267297918080,249.19056176798466,-54.85719512474915,16.814453,1.9238234,0.025973091610168364,-3.506288711810095,-5.028749997231449,4791.194
5930211227118459264,249.10237538995705,-54.97208513394168,16.81552,1.7151403,-0.03086346538219003,-4.949765779637918,-7.0207192031269745,4906.1904
5930407593034712320,249.0497779573455,-54.776807993274694,16.816435,1.5194302,0.35566147664261055,-3.3894933187478644,-0.379987510733775,4773.3467
5930403882182607488,248.80722453301613,-54.79346777736091,16.817045,1.3715134,0.6594256663072291,3.2416341243630242,-0.4700007624898884,4446.808
5930416144252781824,248.59089350135048,-54.79667209980453,16.81759,1.3459244,0.2910033645405119,-4.963736019460402,-5.50365649817396,
5930399617218489472,248.89145262754283,-54.94078614516127,16.817642,1.2890892,0.4910503895106676,-1.9821800415350814,1.9112729698884914,5363.453
5930410651051785728,248.74640079189584,-54.747599330890566,16.81784,1.3911724,0.7018304865663073,-7.2847999621488295,-4.621515946192243,5106.7114
5930397864871630592,248.78701739822654,-54.98453716702714,16.818209,,0.22300174457802133,-0.45625358241056124,-3.372477930341896,
5930406935842931840,248.96720539448359,-54.77110158882277,16.818264,1.7283897,0.18531430805388888,-4.3703285109011984,-9.462345543722048,4691.0996
5930416320409205248,248.626952433479,-54.76501309332627,16.818344,1.4918938,0.33671871153850025,0.8037385511598163,-2.0947120765007807,4988.828
5930400785449398016,248.73244963737795,-54.97462437181817,16.818874,1.3771944,0.3599584038929943,-2.7369169268016025,-4.914864427943208,
5930210947889508480,249.02325909611434,-54.994815562515384,16.819078,1.2150345,0.33301062025216477,-1.4869472591265134,-1.2910633066255168,5248.2793
5930406145568937984,249.01788244008895,-54.77869307562989,16.819996,1.1842308,0.525330915154521,-1.1429011445421373,0.3939437318232454,5205.553
5930400240050219136,248.89624304211412,-54.88134641244033,16.822172,1.7940722,-0.7684133601225003,-4.584353234504838,-8.587477515031393,
5930218133426513408,249.1022171701514,-54.82468078527783,16.822674,1.3148384,0.19909751632121275,-2.5492350515184223,-6.145079205539579,5025.108
5930403362430044288,248.7481510486172,-54.84506222617195,16.822968,1.2290535,0.45444823936616474,-3.817568539923292,-5.653935193716653,5192.989
5930217136993965312,249.11299502182402,-54.94672067289447,16.823122,1.7806988,0.20651732950618104,-1.7068072524232436,-1.8439039733708378,4681.8994
5930219473456291328,249.1758487132039,-54.815718639070795,16.823185,1.2225094,0.44360491372485555,0.2977801070982513,-4.298130957943181,5427.962
5930408211444791168,249.06741304174471,-54.71765086092093,16.82324,1.3415813,0.32018522039164005,-1.721339614370215,-4.865857733962601,
5930217068274473984,249.1266815251494,-54.95208381344024,16.82348,1.2805252,0.18660968078337867,-1.2069030635727076,-4.321474699597192,5265.4565
5930216376730612480,249.20130025731504,-54.95621359567722,16.823492,1.5079117,0.2960102307997234,-2.1231042356353327,-0.8684791357287791,4951.7793
5930406046846471168,249.02744392336095,-54.79753261576699,16.823923,1.7957478,0.03573748544138855,-5.3899874517291355,-4.932690585125844,4890.921
5930416762726857728,248.6684310575594,-54.73655501426614,16.824495,1.2451897,0.48036948923436956,-3.474971653716785,-1.589670857692383,5577.1094
5930397594350100992,248.83349905597748,-55.01033152618174,16.825901,1.7206316,0.00889946928534461,-3.5215490790225568,-7.525792083510893,
5930412059800888320,248.85584629873003,-54.67042624780465,16.826181,1.4326172,0.5942639848082644,-8.190144587117247,-15.778283360629759,5069.291
5930406871480244352,248.98192539826036,-54.77387632787011,16.826591,1.3778019,0.5805729153989243,-0.3964450177794633,-3.9497518558739233,5081.816
5930414430623309312,248.58978015594758,-54.862093898276534,16.827032,1.427063,0.42116704215214856,-1.2110899753154365,-0.8519802464702649,
5930211467636253696,249.08941535342214,-54.94306043956126,16.827574,2.0880432,1.3456594135359794,-15.39063845616066,-21.38772227249865,4086.8948
5930411750563214592,248.88255905261474,-54.69051505323404,16.828602,1.3902683,0.5728904218492665,-5.788902601273479,-10.3843878148326,5003.1255
5930396494838451584,248.918776595856,-55.055177460214715,16.830507,1.5076475,0.795996895464902,-0.8170096683330789,-0.8070519690380171,4144.0063
5930408348949028608,249.07900728632782,-54.69308419977393,16.830734,2.0505285,0.17260752615702063,-3.4620945892861954,-4.710762188294073,4805.598
5930406287364963712,248.93788699481462,-54.84121357106447,16.830847,1.4604893,0.3454563991313386,-0.8362862957047864,-1.7497091926149235,5128.8115
5930220332449791872,249.1785161194935,-54.73956777754785,16.831944,1.550314,0.6711806542947202,-5.191056026586419,-10.865844992233573,4513.177
5930399106178761088,248.99656829256335,-54.94405106400943,16.832945,1.3257427,0.19868955237344024,-3.4330027830653442,-6.164396856518307,
5930399827733524096,248.8954281133408,-54.90014846116001,16.833218,1.366622,1.3603532292828346,0.8457151891072798,-3.8353983256509796,
5930406351727297792,248.97430168025866,-54.830140668938824,16.834616,1.3437157,0.8900678489169005,2.2552603470066623,-2.9255886302745258,5150.4497
5930399621574859648,248.90236381207427,-54.93506379603577,16.834808,1.2216682,0.4089989103258632,0.05296613794909488,-4.100080645070068,4964.4795
5930406562242881792,248.89550242011796,-54.808205102391376,16.835243,1.2306633,0.42334663576855985,-3.180262072588583,-4.032671521026766,5304.68
5930411269526912256,248.80895738235256,-54.68428309716066,16.835665,1.7184467,0.106151765804092,-2.9924688947138356,-3.0910831305499116,5340.363
5930400441852255488,248.88606686431544,-54.87105343309064,16.83595,1.3240356,0.3287059289329964,0.4485768643408451,-3.846844145593065,5188.0166
5930405359652019968,248.9893903332972,-54.88175602605528,16.836132,1.2174644,0.40814604095505885,-3.020856872603747,-5.104197916480957,5076.8496
5930402610871988224,248.63601956760638,-54.885804006225825,16.836353,1.2183094,0.3807339366553807,-2.575602546536874,-1.5999646824131137,
5930416182970243840,248.60353792334362,-54.78057716684547,16.8369,1.6365194,0.24567096918831197,-5.781609264174376,-6.2566557624663215,4880.0615
5930209337332774656,249.00835963317928,-55.02602107768872,16.837084,1.3235703,0.5586545333793534,0.2759330114760221,-2.0509045293143613,5204.1045
5930399621574858496,248.90485183350188,-54.93559315383381,16.837309,1.2899132,0.37234270899049776,-0.3647033992326062,-4.011980471549192,5161.5596
5930411784922947072,248.8949677421363,-54.692284747947895,16.837605,1.3565159,0.39519368060110305,-3.8736776896306475,-6.2907915568036366,4940.9717
5930406665322102400,248.88237286376207,-54.7947283617571,16.838034,1.5625114,0.2090972328643979,2.6522600979613027,0.8519842556925638,5158.285
5930398998743717248,248.93782278128137,-54.93196206835726,16.838545,1.8008881,-0.002642743930998495,-4.031958243675268,-4.925755671650123,
5930219713974479872,249.16455893915753,-54.793566455502756,16.839132,1.213459,0.3754291376749392,-2.4568025410309033,-3.107786431148855,5131.4585
5930211158398928256,249.12835245568888,-54.98136630149254,16.839247,1.7869501,0.07709410425013888,-4.409914007946478,-5.582447723513528,6346.522
5930220298060737024,249.1703257401966,-54.75024378665562,16.839275,1.5316963,0.202414926551193,-0.7770266268929551,0.14790685455269167,
5930408310232515456,249.0726736940681,-54.70895715022321,16.840393,1.3317108,0.38737895639722447,1.9397483491487773,-1.869952355856805,4785.1484
5928899471040083968,248.75068806363268,-55.01472199847147,16.841122,1.3865566,0.4205815686895481,0.05376682061654914,-5.3960593750710455,5307.089
5930401477000791808,248.77588528553918,-54.90265698911673,16.841303,1.2853794,0.05164697331671401,-1.095891816371384,-1.8307769476096998,
5930210295056761984,249.1442646188246,-55.00016742100918,16.842188,1.3014736,0.42752108652643717,-6.721417251785045,-2.0836162150346205,5244.9126
5930216999555031808,249.20080789530587,-54.889945587819604,16.842426,1.595398,1.184167042676736,-6.112103163497603,-14.904554385344728,4573.32
5930406179928575360,248.93909894066843,-54.85814724155993,16.84298,1.2756691,2.5790752978342275,-4.886422077903387,-1.687817925214337,
5930414671078604032,248.5793718090176,-54.80614406413248,16.843094,1.3277817,0.267999844814818,-4.130402636411123,-5.927159572449954,5518.67
5930406699681565824,248.9038905823226,-54.79335187950185,16.843431,1.3141956,0.6055288954244609,-1.2539917595935217,-3.6937720251340878,5046.298
5930398831300837632,248.9150819359503,-54.971402797622844,16.84426,1.881216,0.12885109385015936,-2.9119993794643255,-6.213310318700287,
5930408898639917184,248.9492567693605,-54.68905176281301,16.84452,1.2817612,0.41767998545889595,-2.0471875876587373,-5.1107137607237405,5257.32
5930406901483193344,248.98371257280698,-54.770733062328205,16.84527,1.3257408,0.45224057262296136,-5.79835541536775,-6.97640133324897,5278.6167
5930411230809029504,248.78796101018287,-54.689692932174864,16.845428,1.3710289,0.4750412464383244,-5.310888603303699,-11.156445056515174,5320.204
5930402851390433024,248.63745129722994,-54.838604182969966,16.846012,1.2693195,0.41036950980057,-5.201388567465338,-6.358740106283131,5388.229
5930402885750063104,248.7964566323822,-54.90137612849769,16.846355,1.3465843,0.21964562282576722,-1.4945929658302735,-3.380257506976558,5034.7173
5930399685937969792,248.87812034359462,-54.931849874524616,16.847095,1.8937626,-0.058008897484846056,-4.482625653680021,-5.672323897392397,
5930406042489678720,249.04227078570574,-54.80920420103872,16.84728,1.3235722,0.6157608581575011,-2.764748093185058,-7.33617277947746,5220.567
5930397766080712832,248.76927464184095,-54.99324734469709,16.847733,1.3059721,0.379915154560166,-0.9023080102800243,-1.5186606804760183,
5930400617940297088,248.8722724696059,-54.85280881266259,16.847942,,,,,
5930406837120494208,248.96767708657586,-54.792408062481755,16.848694,1.4167461,0.30041695062373464,-1.2064387863408643,-3.562967306980015,4660.553
5930401030323985408,248.67035762899877,-54.95680946696909,16.849073,1.6613779,0.3281698835625749,-3.829963142608957,-6.398170883479498,4970.946
5930410616692043008,248.78022466469426,-54.74977304114651,16.849474,1.3456192,1.0225160683354557,-6.679105719688713,-7.268065416212581,5246.2715
5930404599381244288,248.71666407340197,-54.79486480140463,16.850481,1.3220749,0.3286141210907778,-2.3186081437138166,-4.656376774121851,5023.456
5930218580103008768,249.2589090546574,-54.85609166789879,16.851065,1.3108387,0.5731472672635227,-2.8412646977538536,-4.0295573830028015,4983.115
5930412059800886144,248.8622122849146,-54.67084613469974,16.85212,1.8469868,0.18329818120315677,-4.110862297265952,-0.184941230349984,6675.8164
5930404363152119040,248.66335635637722,-54.808174700453264,16.852278,1.2991791,0.5013902965059079,0.7730258752063481,-0.7729705347537426,5132.459
5930407111933310080,248.90852087677115,-54.754881561088034,16.85281,1.411396,0.8614612023414095,-2.628826386854521,-8.334297308064446,4687.704
5930410170015201792,248.89879478849727,-54.73285275065431,16.852829,1.808281,0.009069894631902706,-5.861785691103927,-7.656376821290637,5091.2544
5928899745918018048,248.69099783828503,-54.98014019233122,16.853207,1.3970108,0.273370781062907,-0.6490648927409488,-3.6813216100248267,
5930404741176092416,248.7211945415021,-54.768258229611334,16.85323,1.4056282,0.6584934668482622,-4.407855608309685,-1.1035770917536099,4836.516
5930408658186678016,248.96948858139027,-54.73685397949943,16.853981,1.2273636,0.3803491722555351,-4.050535520056342,-5.644809365753748,5203.622
5930401683092030208,248.74483311995414,-54.89726440744796,16.854929,1.0196505,0.27352736675700917,-0.4296775756629516,-5.670816007100529,
5930405119148894720,249.04634672036985,-54.89704089446156,16.855076,1.2816525,2.1717973025564246,-4.969321676681975,-5.298048652105283,
5930400922888359040,248.75196344321216,-54.96215605732013,16.855303,1.6139755,0.313596006282511,-3.3308228433107905,-3.4600078329010584,5204.136
5930408452028226560,248.98372218339952,-54.75371766746856,16.855421,2.2330332,-5.557706092742358E-4,-3.8072549357419865,-4.062020553854292,
5930410650987548160,248.737770305925,-54.75279313186522,16.855465,1.3265028,0.5792851043806311,-4.6633858483035695,-9.712228799135577,
5930406523526496512,248.87640231530236,-54.81216267038414,16.855917,1.3925667,0.42622961270589477,-2.3199581438827743,-5.728263629814229,5057.175
5930210776090814592,249.0363463765396,-55.008683028591186,16.856022,1.5028667,0.9841086077168733,-1.4148652878956538,-15.594228897576457,4576.703
5930396769716368128,248.87558656045593,-55.03317870731405,16.856504,,0.09903129576447214,-0.4487361710947185,-1.4211166484452409,
5930407730473697792,249.06474660994388,-54.74341190559808,16.8569,1.8898516,1.575196430771514,-12.444727038013518,-15.568503474838467,4351.5405
5930210643002840704,249.09244658033586,-55.00549762405913,16.856916,1.2557011,0.36490532935636544,-1.3410611209414545,-1.8370465366125575,5495.261
5930409925140191360,248.82602918622612,-54.75240040225486,16.857265,1.3815165,-0.21996356358002575,0.04159327383106559,8.45262592694352,
5930403813463119360,248.76218310420433,-54.81126998152543,16.85853,1.249136,0.3453887873935044,-1.4634560139082105,-2.83190130434557,5298.594
5930219743985479552,249.12358227919262,-54.79805565739632,16.858997,1.3801785,0.4229748210837345,-4.382752254120885,-1.7808008773563817,4561.6655
5930411681843693696,248.9165845665912,-54.72110558873517,16.859295,1.3608303,0.540582270081182,-0.8973182750612377,-3.4032444254760597,4951.2085
5930210982251602176,249.0248818359804,-54.98195743250621,16.859755,1.3957825,0.8657526762976396,-2.6716539658867444,-6.948919834775404,5150.2886
5930410337455796608,248.84469134420527,-54.720822054862126,16.859802,1.2625561,0.3359423052503743,-1.207648837887062,-0.45576555066691105,5155.1426
5930408722549366144,248.9249871637864,-54.72668517062526,16.860218,1.8316412,0.20280101706015008,-4.655046716721614,-6.76192699062439,4677.0776
5930398552066397312,248.96643459042537,-54.98383947468558,16.86042,1.2074661,0.14603302590944586,-1.7064453683579996,-1.9144746050926102,5561.034
5930407970991826048,249.14510102996752,-54.74045985020135,16.860483,1.1858864,0.3957039309726347,-0.43326599783715214,-2.300397988480019,5276.1743
5930410925929710848,248.6966277868381,-54.71937357833284,16.860538,1.2858086,0.4558871561318384,-3.5059578719606224,-2.5626955488455834,5175.5083
5930401442641030656,248.7707114509505,-54.92304297528436,16.861593,1.4464531,0.8332381631138975,0.8418979806705975,-5.30935475391134,4665.6885
5930397388191659392,248.83306294684226,-55.04696506473036,16.86169,1.4274769,0.7766349897262304,-1.4432827226188558,-2.472619149111051,4901.6084
5930404088341016960,248.68272040565552,-54.8299617122971,16.861725,1.2851143,0.3427680016835367,-2.635301371353761,-0.14936741353974622,5218.3203
5930411681843691520,248.91795117771957,-54.72226340323134,16.861898,1.3833036,0.01809508263365593,-4.379450208973715,-6.65289445773823,
5930406940199717504,248.97173989544962,-54.78238895597939,16.86268,1.2991772,0.5438676026795418,-8.784735435616556,-4.200460253758075,5154.9136
5930406081206209280,249.04042890936293,-54.79183499280934,16.862701,1.5658417,0.2229340582197886,-2.6385186520840174,-2.749474205243656,
5930400583663680256,248.90046935163238,-54.85091738235822,16.863474,1.2409,0.7058088368513491,-4.429848139304909,-2.9742645743482363,5568.3784
5930410513612643328,248.83771131956104,-54.700659116386355,16.86389,1.5353775,0.7117176046599815,-1.0329428576022213,-7.937826296583241,4679.5713
5930400583647659776,248.89343915601876,-54.838526934028366,16.865765,1.3166447,0.30606228137968294,-1.3795195021099176,-3.446819132915362,4818.8545
5930405084709684992,249.03198136007845,-54.90178590078338,16.866074,1.3750992,0.22548236874744731,-0.25609688679748177,-5.901215319254441,5438.431
5930403263640189696,248.74665925879,-54.8601439960563,16.86623,1.4848967,0.37014950483026665,-2.21654477940371,-5.58438959898556,
5930404397578681472,248.67380449838387,-54.81188648410917,16.866909,1.8434153,1.480894480837754,-5.455872274609108,-3.4832186102017317,4399.7314
5930408933064590336,249.02918974422215,-54.705279630857504,16.867964,1.3305702,0.32738569635682413,-2.592315150929551,-4.979886612349599,4737.2715
5930406733975775744,248.98535168888066,-54.814184313761494,16.868114,1.2725897,0.47315229862638425,-2.3791233110642294,-9.557419021408801,
5930403706027441664,248.77405369736516,-54.83320634566648,16.868216,1.4541321,0.5386666275402315,-2.937503492797372,-2.7592099116793274,
5930408417668490880,249.0008484030738,-54.7417422903572,16.868513,,0.49240804053829357,-0.3847090830688239,-4.1073794758217925,
5930217789829054336,249.17061323972868,-54.87083905110674,16.868895,1.3853779,0.6007397044820946,-3.4228095954427777,-6.084737632909251,4952.7144
5930411849286226816,248.92767482664243,-54.6791714139565,16.86917,1.967061,0.015841540994297063,-4.485284007964372,-5.391406248186016,4770.368
5930409104863289088,249.06012896589107,-54.68491787719322,16.869383,1.9399757,0.05931558548360934,-3.5332033768262603,-4.209462584852366,4884.1245
5930404118344296064,248.73005894397764,-54.83978510868563,16.869518,1.5307083,0.0792310491100015,-3.241844733189253,-2.7871670848533534,4809.3296
5930408692546441216,248.9590673892457,-54.71861211677835,16.87044,,0.3036848007077675,-4.064254817867033,-12.089543737723284,
5930217274432938240,249.12564461815458,-54.92364229268497,16.871193,1.4389553,0.44070557205641603,-4.0733823156753415,-1.2387767233456024,5398.912
5930216243640684544,249.17881672534904,-54.9772686449035,16.871952,1.727787,-0.1687585838068567,-4.604484559245615,-2.5191208124991458,
5930209337332772096,248.99883754375693,-55.03017825421871,16.871973,1.2222233,0.1990172173747199,-4.258502222821546,-4.7416993845248285,5479.2954
5930408516390926336,249.02900771781515,-54.74101618582265,16.872059,1.3941336,,,,
5930398212825557248,248.82609228657273,-54.972098932675465,16.87232,1.3508835,0.2768545094085513,-5.253874089972586,-4.63701494824724,5318.9224
5930400927244756480,248.74870296258052,-54.95471824309413,16.87245,1.8505392,0.3529409440515631,-2.9285973553959774,-5.257311184367437,
5930216484158913280,249.17418790441354,-54.935784096162095,16.872478,1.7518711,0.035889148568828376,-5.671415610579783,-4.197435370935241,5652.709
5930210402484677888,249.14801233699555,-54.99095250408601,16.873104,1.1966763,0.46627844989112927,-2.0427527733438446,-3.333420891739365,5263.621
5930405771902926336,249.07463501463693,-54.82710765987741,16.873726,1.2168713,0.37487866238542117,0.8877904399246674,-3.370478346331061,5475.224
5930396529198320256,248.9163128945245,-55.047806609262935,16.873802,1.9023914,0.07512667438402675,-2.1368382427580164,-1.3040661745017537,
5930409173582789760,249.035727021617,-54.67176561907825,16.874023,1.8926897,0.12612739801318482,-3.1537625057393197,-3.483122856942937,5204.2563
5930211089679448448,249.08823081002316,-54.99242383461129,16.87409,1.626936,0.13138591965857105,-3.6989855246106464,-3.3266745476942985,
5930404809895567744,248.6884270025988,-54.77553023864792,16.874254,1.8186913,-0.04321514425291213,-3.5867265546517624,-5.959123909175723,
5930399587215100544,248.9006589278468,-54.95387854663949,16.874958,1.3509903,0.6298156654128484,-3.7794516536262233,-2.4347482253261266,5012.3267
5930400171330717440,248.92333654331108,-54.89751695821935,16.875036,1.4057331,0.5211012842360573,-0.9998161203620999,-2.0876644818614483,
5930400240050222848,248.90827285078007,-54.877676315336636,16.87546,1.3260212,0.4525619029403023,-7.2483587200977215,-7.718739311259066,5346.115
5930210677362579200,249.06624713803055,-55.00865248578796,16.875698,1.6169119,-0.49818572191961935,-0.815895955635779,-1.4270002393469756,
5930216587208072832,249.22927363237557,-54.93976454524468,16.877272,0.9675064,0.23160786782960532,-6.557595123271286,-7.51933195217819,10988.849
5930217854199713024,249.15674976582818,-54.852517975413015,16.877493,1.295229,0.38883674758823494,-4.514364697198321,-1.8053382260666013,5234.629
5930219370347579648,249.17735464577208,-54.82902046114709,16.877853,,0.013805386086807508,-3.4527626517922343,-5.077482014256071,
5930216793396567296,249.20110911454069,-54.91885796840917,16.877928,1.3038807,0.2811932802725788,-2.020829366369444,-8.853220093519399,5102.127
5930407588677967616,249.05459741507082,-54.764832255574646,16.878326,1.8710566,0.08532638861052036,-2.6657571691812385,-5.406521105666094,4642.821
5930410474893969536,248.84827296297337,-54.70160432507225,16.878725,1.3974609,0.20967465036232394,-6.202025027224918,-6.933084098093847,
5930404912974814976,248.66528609934204,-54.75869141171259,16.880146,1.5031776,1.039958885309695,-10.878629260498794,-9.940139449280725,5024.763
5930397903587761920,248.8007978480518,-54.97829190955709,16.880564,2.2766838,0.1514191717948186,-2.9521392539305507,-2.914073783028095,
5930402610871986816,248.64676934982558,-54.88262304972451,16.880886,1.4886036,0.3022521417119285,-3.850847342006914,-4.686954333718582,5192.789
5930397658713178368,248.7905153274953,-55.02265564067792,16.884007,1.8261299,1.5501366589190313,4.751062245330275,-6.592144642006572,4380.617
5930404260139708928,248.65760323228952,-54.83311665137143,16.884346,1.6865292,-0.2145042887924467,-0.8700133782391078,-1.8317048934054707,6015.4126
5930399346696977280,248.9689113737977,-54.906949868687256,16.884453,1.8206978,0.10721948428333619,-5.6785202859739545,-6.1489966912616465,4612.047
5930408074071079808,249.13034562987994,-54.71598907546199,16.884642,1.2859344,0.31502031338398095,6.988346266205369,-9.137609894859757,
5930399965172303488,248.82531172091134,-54.89651648846934,16.884672,1.4251976,0.3070114094117428,-2.220054647417072,-4.680146492704428,5297.8296
5930403504225433856,248.81040702229805,-54.84074755963719,16.884827,1.2657394,0.3029948997513321,-0.6851632555394083,-0.39190430067452076,5282.655
5930408280229546880,249.0893839886803,-54.692949052869295,16.884907,1.376255,0.519658266866922,-3.2894575380711704,3.1167244686504882,5171.0923
5930217579321745280,249.07497696671402,-54.871503123380336,16.884909,1.3715496,0.7006830909528123,1.8216834611874417,-3.594998708108127,5172.9604
5930411711845210368,248.91163343580905,-54.702000195156394,16.88491,1.4255257,0.7887108001390348,-4.034359115700566,-5.6802926014577,4757.146
5930407421235976320,249.12003514287954,-54.79052883979466,16.885212,1.3259697,0.4840724371733829,-1.8571646702593059,-7.205391058277526,4707.5356
5930414052666187904,248.5863913565472,-54.86273442286894,16.885397,1.8727703,0.07703672146624992,-3.3895866548922147,-5.905140501040162,4725.492
5930408383308741120,249.00428137510715,-54.75435386902925,16.885584,1.2599335,0.058747601320996774,-1.8129777034899432,-5.733077676994627,5399.534
5930216827756300416,249.2075578858924,-54.919333810254805,16.88601,1.3476009,0.7978763585332861,-6.421722426780992,-7.302148784210581,5040.284
5930399690294350976,248.8850763095376,-54.92525209855535,16.886993,1.3009319,0.4694500530602017,-2.3737509689270433,-4.843555829739511,5290.9756
5930411746205088896,248.9034391054886,-54.70184399128896,16.88729,1.3596973,0.9279753255553187,-12.876189960988075,-5.457632717687704,4660.2515
5930406695324729728,248.90723498286076,-54.79539777738605,16.88807,1.408493,0.6326901690518223,-5.526377170822137,-4.365761182082027,5166.223
5930400824165526016,248.76606347016383,-54.986628509702584,16.888292,1.5353432,0.9263435971512667,-2.863993950641026,-3.549353782784045,4599.6216
5930220263730307840,249.19128996774995,-54.75551434536464,16.888514,1.7968025,0.08865559130409646,-4.753414921428204,-6.877959523579547,4772.178
5930411677485602944,248.90566763826794,-54.70983874032875,16.88863,1.8815155,0.04581368846333306,-3.074209423052084,-5.662993566942856,4813.53
5930211222769827328,249.0885997230323,-54.96606876180202,16.888815,1.3393326,0.35700701569611104,-5.605138779045006,-0.28261357289040306,4900.914
5930399514139303680,248.95980471260938,-54.889501217912915,16.889654,1.4370556,0.37230644749375424,-2.772847753292533,-4.810716856351236,5184.9614
5930220018863446016,249.2101152973738,-54.77532842004814,16.891468,1.285532,0.5332970242576859,-0.3535756461483023,-0.01416540490816362,5006.717
5930411166447682816,248.812277166978,-54.70048990128773,16.89185,1.3530064,0.3111350421276954,-3.402191045024279,-2.2139474385476663,5088.385
5930402915753395200,248.8157450400059,-54.89884350871534,16.891954,1.280077,0.3836286423960397,-2.7223258474581087,-1.7388000593528254,5274.309
5930400751089647872,248.71979894280756,-54.99145631046172,16.89252,1.5286884,0.39823066853990463,-1.2400491236968907,-4.853331215509543,
5930219606546458240,249.1207106282035,-54.82213083037367,16.893015,1.3120174,0.3297612023175153,-5.728871505436983,-3.716979498539808,5440.8022
5930411338246399616,248.78964623577093,-54.68032430530716,16.893192,1.4480038,0.969912536421392,-2.856167927604177,-4.004671444545748,4924.929
5930401884961054976,248.63646837449835,-54.92519435730172,16.893297,1.6291809,0.3020165677803252,2.2744432865493844,-1.7594157792707428,
5930406149925710208,249.02381902344655,-54.78031048024498,16.893816,1.7618599,0.015651320880532324,-4.013706791591324,-5.080732302188593,4969.3525
5930403706027448576,248.775896422282,-54.82737534238197,16.893951,1.3712883,0.6998156581263898,1.0416739963655917,3.013980975918426,4996.944
5930409684621997696,248.84277285988503,-54.774484560407345,16.89458,1.3913536,0.21883764927087446,-6.423104892077745,-3.3283503821779385,5643.336
5930408378951944960,249.00614185463334,-54.76879543342559,16.894882,1.3274918,0.4470256288691918,-3.803275364443275,-4.05484459666339,4973.9565
5930216170572190720,249.2095759552708,-54.95476608458626,16.894947,1.7096262,0.25235705614267895,-2.4428399484152243,0.3735929968954301,4690.8887
5930396907155443712,248.9420471941298,-55.037154329854154,16.89497,1.269701,0.4960538817201856,-1.630714348573601,-1.2326992033917543,5088.84
5930409345381504896,248.9991465884551,-54.66252931747629,16.895088,1.5331993,,,,
5930409066145509632,249.0369391756359,-54.68998841006913,16.895334,1.2841187,0.32841085950135507,-0.5493742930637918,-4.555489628207578,5323.929
5930397216393105536,248.90157310898073,-55.00773549423216,16.895922,1.4185772,0.7660541310730311,-4.973322208367591,-6.032628238593408,4394.156
5930398109746338304,248.88614304501306,-54.96836431851933,16.896431,1.8260164,0.08170354288341983,-1.310397688142401,-3.5479658448226945,
5930403607304657152,248.85957371153378,-54.82804635971932,16.896461,1.3988686,0.34484776246563736,-7.545606411101359,-6.763282388294536,5053.75
5930403950902100096,248.77348714281604,-54.779458896080484,16.896603,1.3027706,0.4384997844729,-1.6748725703638319,-2.037774827945954,4930.7456
5930405217855881600,249.05988822386715,-54.87714915451934,16.896786,1.8494644,-0.014164913228464665,-3.3666062822021594,1.6627564341499432,6883.3037
5928900643621447936,248.63577748203423,-54.95787173762186,16.89794,1.7530975,0.22302987529599927,-2.8736743684099886,-7.673630991539429,4965.289
5930403435505931648,248.8382991867528,-54.85592793113672,16.899334,1.5613394,0.6302643620261748,-1.1971180415597704,-9.040271248771269,
5930401580079808640,248.71446439469497,-54.91469998403318,16.89934,1.7025967,0.32699772618030926,-2.966017390518637,-2.662213759221134,4737.256
5930398522063166592,248.98415552363187,-54.99210269263805,16.899443,1.3459244,0.7209579735016484,-2.1395443792595246,-0.037458625437714305,5019.134
5930403190631322624,248.76217103478442,-54.87408787604348,16.89959,1.3442478,0.33975302422423254,-1.8947103876956994,0.07680071310205386,4573.7144
5930416144252789248,248.59489102987806,-54.791198012839345,16.899792,1.3611317,0.23479177265065707,-4.979482465675713,-8.039560646078773,5059.1685
5930399960815891200,248.82458441055985,-54.90504452702863,16.899807,1.8847656,0.11690294162523703,-3.0618752107453644,-4.036501635687247,
5930401339494443264,248.76849559886662,-54.929884148805805,16.900164,,,,,
5930409276662028800,248.97094904696056,-54.67466661482407,16.900318,1.9355612,0.10666136665643927,-4.784745865280796,-5.868482281046931,4843.847
5930410685411531392,248.74807418473145,-54.73358440924991,16.900558,1.321497,0.20104237322594093,-1.9328788853729704,-2.474976181772297,5113.0146
5930397216393109760,248.88748907514756,-55.00306535592842,16.900896,1.3511753,0.24533424681414673,-0.45811725065448894,-4.389435656160606,5385.919
5930403847822866944,248.79237595249066,-54.798300264020135,16.901205,1.6486454,0.3339042042838421,-4.152566786865594,-4.759656418157431,4549.5884
5930416286049465088,248.61659828037614,-54.76868665430714,16.90128,1.4934425,0.70240980207498,-9.218996483006952,-13.326514063270743,4623.9443
5930411166462931584,248.80973229954873,-54.708489792701904,16.901323,1.0868969,0.3007775138563693,-6.229897242069919,-9.67158402128201,
5930400549287905920,248.8816108738919,-54.85284471127197,16.901543,1.9018621,0.11778680047355336,-5.722162177468171,-6.875868310953278,4597.9707
5930403194987758336,248.75364833724072,-54.870706952165335,16.902025,1.5409899,0.7157768990520609,5.68127085148201,-2.350572282545976,5112.8857
5930405978126980736,249.00804778043675,-54.82231659132126,16.902533,1.3081551,0.47559986172435675,1.3174626155398017,-4.5462648745372904,5257.995
5930397349475559808,248.89642515941415,-54.97696172228269,16.9028,1.3510532,0.3925154886658047,-0.018960371190238745,-2.742623028957309,5028.6074
5930216862116071552,249.1741826660324,-54.908027758591444,16.903158,1.8261585,0.1213518545812874,-5.530712928523441,-7.140877733602613,5108.206
5930397216393115520,248.89914606884938,-54.99497974914558,16.903246,1.7211485,-0.13005054086555037,-6.166884270601877,-5.626772742791892,
5930219782664624256,249.1290746350824,-54.78743843212784,16.903395,1.3132219,0.4853882889772136,-6.49727911811435,-8.613814768765941,
5930400686726565760,248.75023435386206,-55.00965053621717,16.903877,,0.27167620010468435,-0.4796502732549247,-4.484758286123952,
5930217132644929664,249.1091597300614,-54.9384449662155,16.904295,1.3903904,0.11125642812203446,-0.4661858003811048,-3.4490021230278103,5314.3135
5930216995206146944,249.19296871445533,-54.8851777630603,16.904518,1.2506905,0.43483093189227606,-2.9018768711597134,-5.767607237438289,5287.0967
5930217549316069888,249.07815416171707,-54.88719279893591,16.90463,1.3853035,0.2506396043167295,-6.494319368532155,-5.721124817951647,
5930397628709976960,248.84837901551109,-55.00013596226456,16.905516,1.4284229,0.20915507070673592,-5.194807817584897,-2.762181640315878,
5930410543614253696,248.84345389361545,-54.695958103063795,16.905714,1.7003403,1.4359598978891868,-6.46757505653204,-13.325374084945807,4439.5176
5930410341813908096,248.8544003756229,-54.73597574069409,16.906,1.3255653,0.442760221231681,-3.970448598509161,-6.779613776634797,4899.58
5930409585899940480,248.85026945106415,-54.78497576612888,16.906174,1.2947407,0.5502742373986286,-1.8736011263930463,-4.463887210718916,5165.8315
5930409517180387072,248.86759931716904,-54.79607566401571,16.906178,1.3427429,0.3093287799348479,-4.235514062818412,-6.082608901948838,5068.2393
5930399965172285056,248.83908118573962,-54.91036006512064,16.906677,1.4830704,0.5157723559168196,1.3893805592976327,-1.308451813105286,5404.048
5930416801445567360,248.6612114272627,-54.727486363887664,16.906738,1.3212433,0.4274486023278467,-2.2187255946753996,-1.863304983141652,5115.578
5930216827756305280,249.21687361784325,-54.912122612250975,16.906996,1.3222313,0.23426661539245294,-4.441922342436616,-2.3338839236861095,4908.577
5930399106178758784,248.99193855361733,-54.946876668126556,16.907484,1.2665157,0.3503625900587932,-0.1509250958190509,-3.521928439877951,5270.2627
5930407318172159488,249.10918229968382,-54.80558364034759,16.9075,1.3317461,2.68674799123701,-3.083638125237064,-2.3109573134614934,
5930409860777788544,248.80461877954187,-54.765862413673446,16.90753,1.8273973,0.21439135027576506,-5.634831981727157,-6.16139813515095,
5930411780564839808,248.89049708625,-54.69188565850978,16.908447,1.2442989,0.36320237268973377,-5.644773006747316,-8.21960019255184,5285.338
5930410715412903808,248.77571019315394,-54.73765171223543,16.908535,1.2830305,0.1423707494613532,-0.8583365731160348,-0.985072679840477,
5930410719771267328,248.78021905460082,-54.734357208128905,16.909323,,0.007551992894970189,1.284246305612056,-3.0668228314405477,
5930414018306443264,248.58504797311963,-54.87967248055857,16.909449,1.2425785,0.5340481509054927,-1.6787051865803602,-2.939378014438855,5130.228
5930397525630617984,248.85169502035112,-55.02326723439142,16.909521,1.566843,0.7191865604088118,-3.959512904749616,-7.626954367862805,4653.1597
5930409963792778240,248.7991737787286,-54.7461579040082,16.909563,,0.2653464801418512,-1.3014399345470058,-2.5902245763638367,
5930404878615048576,248.66202801497064,-54.76959776974477,16.911837,1.7664833,0.11852198182994247,-4.504459092474228,-5.1387691748416735,4793.7383
5930416797086606848,248.6628496281505,-54.72497790260532,16.911917,1.2588654,0.27772385972994507,-2.9843261734680135,-3.6140408472069288,5134.8965
5930409998152515584,248.8201346019552,-54.74322820443147,16.91217,1.2116623,-0.07129009462914249,-4.646121189102523,-4.593277548462003,5053.875
5930399140538504960,249.00207946050705,-54.93806337346677,16.9123,1.2956848,0.5363115505684997,-0.8619546423757259,-4.702025996543679,4892.331
5930408280229524608,249.10324755942648,-54.71138113386302,16.912802,1.227459,0.48873892147456166,-2.4326020063230582,-9.893410430532507,5270.529
5930218648822516224,249.22038737084665,-54.846053376196345,16.913218,1.7347546,0.1301180217929397,-7.163093084443619,-5.684647568807937,4959.304
5930403469865681280,248.8294919150809,-54.847691039136315,16.91471,1.4524078,0.14042709098681402,0.353004151359654,-8.469690192609619,
5930209302973029888,249.00508536718817,-55.035208857945584,16.915405,1.8888464,0.21119697984236166,-3.342831262718012,-5.079968136868793,4985.827
5930401923677197952,248.65438982660928,-54.927368700662456,16.91587,1.3445587,0.028623341498285763,-4.978115781423987,-3.6690127461917466,5776.9707
5930404019554563200,248.71165813636168,-54.83869342543751,16.916138,1.4728699,-0.7390040483538967,-7.183767942954504,-7.554827715521899,
5930411166447683200,248.80491707191578,-54.70338582002318,16.916626,1.732029,0.03572276194369699,-5.532267531843583,-6.514328268607468,7126.099
5930210707373624192,249.0770655461022,-54.99986427393745,16.916878,1.5992794,0.06503910038185573,-1.5636489173705177,0.35516716937408427,
5930398620785872128,249.00225827376693,-54.98579139412315,16.917067,1.3643398,0.7272348357013655,-1.0134038068133218,2.1368873485096627,
5930406008129952000,249.00038771854764,-54.80037775542769,16.91728,1.2661133,0.5643367547571303,-1.954197569747364,-4.351670919041151,4719.089
5930408726906190848,248.9343630733363,-54.716929008185424,16.91735,1.7985525,-0.040413782759414936,-3.446367047534059,-4.472198990681823,
5930409826418049664,248.7822647975903,-54.76975363121246,16.917526,1.709446,0.10294323211789123,-6.485033315398148,-6.092630056932338,
5930217338805304064,249.09450089700096,-54.92946661622314,16.917543,1.2756557,0.4446561885988715,-0.6998505044849097,-0.6397615491387388,5228.506
5930209234253543424,249.00781250037593,-55.045851705419835,16.917898,1.3568859,0.606469039886906,-5.145914566989003,-6.436242687200288,4994.204
5930397491202742656,248.82624810046386,-55.02703497300195,16.918352,1.4389458,0.6309658502635103,1.0395418861666912,-0.22500334678382536,5268.475
5930399003099565312,248.93550118144955,-54.933922525406174,16.918592,2.064351,-0.11502491655675455,-3.949819055670733,-4.177527402737633,
5930409654619092992,248.8749363246831,-54.776293832175384,16.919048,1.4357262,0.645585164524404,-8.145881870214136,-9.479153398293576,4622.2817
5930211291489253632,249.0511924152365,-54.97969627929095,16.919443,1.4936714,0.24525897949166403,-1.5318111583493204,-5.59504976026752,4644.554
5930398315904789632,248.8095962442026,-54.95708169468243,16.919594,1.4586506,0.36068921612377974,-3.980077567835383,-7.656468200260237,5122.244
5930407146358166784,248.9520129049799,-54.76890191280318,16.919785,1.3076439,0.3327271756500221,-2.079506667221842,-3.2719446192005064,5115.0615
5930406115565954688,249.01334465992966,-54.79872764922119,16.91986,2.4406195,2.658129190084784,-19.848484025412837,-39.91838850504513,3761.2703
5930211055319715072,249.10715568239456,-54.98088784072761,16.920452,1.3594799,0.5674174967551194,-6.066463550588692,-7.999559711617911,5303.7134
5930216896475818368,249.17875179116334,-54.89861114440838,16.921091,1.3387947,0.25400771194630123,-0.494953889395515,-0.46599750831604725,
5930399759014046720,248.90385145355316,-54.914815532082116,16.921242,1.4268169,0.2783242075689232,-2.648661780753992,-7.264928580285982,
5930396902798928256,248.93209501464312,-55.04059794765222,16.921343,1.3556995,0.7404388862077147,-4.849971157023058,-10.529170513253984,5159.1064
5930402675235062784,248.60877613423926,-54.868345175598506,16.922136,1.4286213,0.7190616895416567,1.38602488868935,-9.481101573908088,4460.5464
5930400583647649792,248.91065382829564,-54.844379894533176,16.92224,2.0087347,-0.09335800158190119,-4.050606263244216,-5.275458690567328,4927.9688
5930406562242884224,248.88408502533156,-54.80032720358148,16.922606,1.3138847,0.6052975549033683,-4.967657709437413,-3.617206796463458,5132.0615
5930400102544080256,248.8476406029629,-54.88150012203977,16.922785,,0.3971397444095494,-1.7799901971149266,-1.1546310861485918,
5930409311021774592,248.97267977177327,-54.66753159608695,16.922867,1.2380886,0.3545832975054819,-3.5833402431486547,-5.30270727833849,5265.202
5930410960289450880,248.70136608143386,-54.71467400394211,16.923124,1.3500004,0.2120461610560115,-1.854581305919498,-2.2996069635605343,4907.583
5930217136993973632,249.11233552860637,-54.93968747006187,16.92338,1.5869102,1.2378872070030171,5.897765689006571,-18.10574642183296,4371.548
5930210711722326016,249.06664364574797,-54.99630357774914,16.923388,1.2346668,0.2175809694505648,0.4035065141145451,0.6345631993954186,5328.649
5930408795625654784,248.96902585288507,-54.715767674511405,16.924116,1.3230629,0.5309963696501312,0.20092535290970764,1.6751029749329143,5624.5215
5930402267274611456,248.5979562725215,-54.88788130349665,16.925241,1.8504887,0.2819125716889082,-6.820329076829586,-6.999683159318373,4783.8716
5930397933591771136,248.87534738586373,-55.006878076878046,16.925264,1.3349819,0.5477469547647471,0.6891879122106311,1.8075345883718494,5549.9663
5930217274432946944,249.11940158395223,-54.92088154173075,16.926407,1.3575726,0.3133463698750125,-4.712242653132521,-4.460044789256844,5142.107
5930407833552863360,249.1255211664053,-54.75731760950574,16.92648,1.9440327,0.07320844331245707,-4.33847530870465,-5.239437636125254,4724.2007
5930401683159234048,248.74918594847384,-54.898388144906946,16.926853,1.445507,0.20196326807722684,-4.305682345799656,-4.983062960480518,
5930216926490456576,249.21002681638194,-54.89347833578727,16.927158,1.1032524,0.36819899822845126,1.497916336367727,-5.656219133675112,5758.536
5930405011696322816,248.68874362329032,-54.75760141686569,16.92818,1.3859138,0.6402345570941625,-0.8343471899518541,-4.5935265283646265,4916.655
5930410651051789184,248.74332798501987,-54.74214629364931,16.928392,1.2837963,0.2304829621820839,-1.8368585988995765,-2.6859943902216887,5267.3994
5930410852851854976,248.72294479362498,-54.74295828093644,16.928724,1.3750267,0.44742979811083383,-2.986479078511139,-6.178280185000208,5062.0522
5930405016054004736,248.68516211961105,-54.75483432470158,16.929619,1.4817581,1.0327166582115235,-3.417161185119009,-7.690109088805749,4529.6235
5930411780564040960,248.89480285570778,-54.685886855273196,16.931107,1.2812176,0.42244756857732285,0.6538749445444059,-1.6061967488685158,5168.1777
5930416801445728896,248.67303068054068,-54.733255459760706,16.931568,1.7514973,0.18552480045976769,-5.267010080570722,-3.633582760754284,
5930405320935111040,249.04215424195598,-54.86230015120639,16.932245,1.3673439,0.4722695841250594,-7.145562420077752,-8.566375668079212,4397.744
5930409036078735872,249.00729338511795,-54.69192108165147,16.932487,1.307827,0.43596657235234165,-8.083245273748854,-8.52563253451138,5090.013
5930400789805798272,248.7240533512287,-54.97904443308483,16.933327,1.2622395,0.24180159750454833,-1.9327567213727816,-2.166179419565696,5211.79
5930211398890368128,249.0528327211739,-54.95514514465543,16.933458,,0.40513882303892956,-3.092192191891093,-4.485738672059351,
5930416182970240384,248.61381717467287,-54.78459734903815,16.93356,1.4266968,0.3842142391008457,-0.2527562540342908,-2.2689113775146144,4678.4077
5930217411871947776,249.05755014760976,-54.90734960538617,16.933786,1.2767086,-0.016741571816418707,-2.980470537808321,-1.3596089001453158,5134.068
5930219366030131712,249.1677786048277,-54.82501154546111,16.934582,1.7472191,0.16203545948254428,-2.4649869595352367,-4.291553111337803,4861.5176
5930404187063787008,248.70748187867466,-54.82662214308384,16.935122,1.3123989,0.24030287700813666,0.805719130068516,-4.063851843421888,4785.2637
5930211360208754816,249.037979177329,-54.97331633460073,16.935734,1.6660423,0.12269969868614679,-10.220909500405785,-6.878702880723699,4851.3228
5930211364557372928,249.03234049608574,-54.96604279953539,16.935871,1.5551071,0.8985009794656049,-0.36446264743327733,1.9291339483271888,4641.2354
5930396937158672000,248.94804623175608,-55.023523337686164,16.936132,1.7080364,0.003707633723013897,-5.548110089989948,-5.790412025780233,4678.097
5930401408281291136,248.79788522957503,-54.92086388032495,16.936733,1.4887161,0.4879611810094512,-0.5686842469479956,-5.105112251909693,5099.8755
5930216621597845888,249.22711943803176,-54.92641768022333,16.937057,1.2425537,0.29798068996543314,0.006758141144691976,-3.135123114952888,5335.1763
5930216243640687872,249.1783463624451,-54.974657278925896,16.937202,1.8889742,1.1021202266616845,2.8814259153327115,2.265851260475211,
5930209337332781952,248.99193569788716,-55.01957041060802,16.937634,1.8271618,-0.058016149778523,-4.525626305544878,-4.273498696610599,5022.775
5930411132087944064,248.7894460137464,-54.71099998855669,16.937962,1.4603386,0.36776479060867395,1.5402714830531685,-6.271798183861002,4556.094
5930397010234665088,248.97862140500965,-55.015233271329656,16.93829,2.559146,5.88010311078727,-29.283586307121176,17.549333046581317,3512.782
5930409895073262336,248.82869542003252,-54.75604959417247,16.938507,1.4597225,0.32461995587855447,-3.323173376885263,-2.144579184233518,
5930401030323980032,248.68545864380275,-54.96180278982689,16.938526,1.5730286,0.1498031079787563,-0.31727601966054353,-5.177198620763191,4984.292
5930218025998365824,249.12813405534433,-54.864510215301294,16.938711,1.3944626,0.6594296947777757,-0.9222045463023513,-5.10280022165726,4386.749
5930404083984572032,248.69719963834356,-54.82669786893679,16.938816,1.2962885,1.007707645859831,-5.07958247223545,1.6761986691107909,
5930406489187336704,248.91637231936687,-54.81635678992345,16.938833,1.3550797,0.5210910180596716,-0.7757991857287836,-0.6388374511104278,5119.3145
5930220263730307712,249.19559897916176,-54.75372610061936,16.93915,1.1916695,0.3217458755350997,-3.721966485562554,-5.412523007123629,5357.5293
5930216174921224192,249.20729448505674,-54.95326465005736,16.939234,1.1731682,0.34356285212232224,-5.233567967260765,-5.521611358727654,5332.971
5930397388191658880,248.843516754946,-55.04678955017362,16.939882,1.5258808,1.0237023681657937,0.769423550896003,-0.8634498886706796,4455.7812
5930409860777790720,248.79563007851266,-54.76320986831654,16.939934,1.3108444,0.2834418183813367,-2.822304564193758,-4.6095659799815705,5060.971
5930401030323978880,248.67470381393534,-54.96751071004248,16.940498,2.04978,-0.05013596400353523,-3.2102507699940115,-4.1675953589770245,4949.176
5930403985261873152,248.70188971362117,-54.85824375960898,16.94067,1.2968483,0.14988139109542103,-0.8655641631955779,-3.177620793605766,5280.161
5930399449776188800,248.98835692936493,-54.906223474163106,16.940895,1.3277073,0.3574962930939781,-6.785399354042738,-10.093631850171889,5086.6333
5930210638651860736,249.10035993196155,-55.008807172298084,16.941027,1.3629093,0.40510816168529873,-0.3840843843429387,-4.723119023206028,4925.462
5930403160627997056,248.7596077551737,-54.88601067038636,16.941284,1.979579,0.22901476500993379,-4.6161377696076915,-6.374829738028972,4664.193
5930217789829051776,249.1863856148314,-54.86559266622005,16.942257,1.9205637,0.13774828964562935,-6.921248618090527,-7.460106191824767,
5930218472674939904,249.2346664873599,-54.871385138892386,16.942902,1.2713203,0.3563610029864269,-0.5282518361822968,-0.3458888974318658,5443.6763
5930211398917115264,249.0349187700924,-54.95319877349997,16.943363,1.2456112,0.44612619226751643,0.2654039433933961,1.6089794651009695,5129.7803
5930404122700742656,248.72920138627575,-54.83627664920442,16.944265,1.2584858,0.3665253100861744,0.7651151345820048,-2.712598110858933,5145.1567
5930407833552865920,249.1197186313933,-54.75700689386199,16.944288,1.3218193,0.17050354933187215,-0.5829471377261644,-5.021193331637359,5199.296
5930405187852955392,249.0245299466347,-54.88759820883514,16.94492,1.7053852,1.1483966880807208,-2.674694669232984,-8.676295011506115,4393.333
5930398174109294976,248.85661806707026,-54.95456527512102,16.94512,1.7441473,,,,
5928899475390281856,248.7316721973046,-55.002753198473336,16.945326,1.5449791,0.576464161705643,-5.928608030759161,-13.933685431979413,4691.5015
5930405256572432256,249.0613981795356,-54.87115725928226,16.94587,2.0020676,0.2292333894350704,-1.179424585346018,-2.2887953894922015,
5930397559990356992,248.8581116078983,-55.01666497535771,16.946249,1.3079681,0.45323813512520267,-1.7587517269474278,-3.3090741045411143,5105.4556
5930400171330723968,248.9352795748702,-54.89033633675599,16.946472,1.2777882,0.4310638344349689,-3.340009697780716,-3.666143074014426,5167.3633
5930217514921551616,249.10534647936538,-54.895416104837196,16.946615,1.4273052,0.7156814465847964,-6.5134646993505125,-6.645421422191875,4598.6494
5930219473456275968,249.18787944435286,-54.82497349462215,16.947266,1.3610058,0.42126245880270147,-1.6030847946410414,-7.15903341736994,4920.8267
5930408894346815104,248.96481348325963,-54.692493251607104,16.947302,1.3277912,0.25932154486149833,-1.7342024139766972,-3.7676261839362004,5531.0234
5930411711845355136,248.92405062245766,-54.69786794916193,16.947956,1.9762764,-0.15882546963025268,-3.9975996567646694,-4.601493781531973,4958.063
5930400441852251776,248.88545611770783,-54.87549132007247,16.947992,1.2208004,0.32936253011308864,-3.3820941790439996,-5.273417111643493,5131.4136
5930410440534221824,248.86191830417462,-54.71309648653785,16.948006,1.5290585,0.7906559930533396,2.8818445567857545,-7.01097507085974,4484.7544
5930409276662031744,248.95818210447825,-54.677971472841364,16.94874,1.44347,0.6803994110853981,-5.1725518678405455,-3.9443023761049956,4940.481
5930217136964226816,249.10486742749913,-54.93656534452201,16.949364,1.2542801,0.45625536916558435,-5.736284717811996,-3.5064030396188324,5111.721
5930410204374948224,248.90121090562747,-54.723761994915044,16.94962,,0.5186662350971729,0.9641624700335099,-16.638560462634416,
5930401305201884160,248.75730552011075,-54.93650254513172,16.950264,1.5066051,0.5934958690526092,0.5111468929872078,-5.900165870639414,4364.0933
5928899784583365248,248.65802195828678,-54.98935758935151,16.95039,1.4254284,0.3535097101895881,-3.272814660655105,-6.177969317485111,
5930401305201882880,248.76002380740897,-54.938398561921495,16.95262,1.869484,0.059123324276522775,-4.11452729526778,-4.819162974475258,4869.4185
5930399965172304000,248.8263237906465,-54.89607451496105,16.953108,1.4028778,0.3099517687041066,-5.5649199500863995,-5.253968760074138,
5930216930835522176,249.2306706770848,-54.9046239097206,16.953876,,0.3819080320668365,-3.820449140090533,-7.7768177998986605,
5930408245804538112,249.08959025421365,-54.7060176206095,16.95499,1.2790375,-0.7731220221410486,-2.269673330170143,-2.5620057510290684,
5930396902799046400,248.93323122485953,-55.03083258979534,16.955044,2.7032518,,,,
5930404912974788480,248.67972191521253,-54.76099613587422,16.95516,1.8744869,0.06281626939071788,-1.9592089929189127,-2.9347506492788105,6696.445
5930398659502139008,249.0164277863007,-54.965556601045705,16.955482,1.844986,0.06989699384589941,-4.458990673588572,-4.732568284668937,4644.768
5930217274432961664,249.12058962036676,-54.90809695511112,16.95559,1.3324986,0.2690441195057071,-4.044193758972156,-7.854268172784229,5107.023
5930407558674968320,249.04495952850806,-54.7829970625011,16.955658,1.7806873,0.006904743605724692,-3.337318201935612,-2.6452438426564284,5229.7173
5930401545720065024,248.7298358388694,-54.91885561403662,16.956081,1.3906918,0.6763375424088215,-2.8044626627140485,-5.606380092764363,4579.2236
5928900574901966848,248.63526803163,-54.96488591260264,16.956148,1.4262295,0.5664487759427608,-3.041617313683223,-9.652334458508486,5052.291
5930406493523401344,248.89956509085636,-54.81964044240796,16.95617,1.985878,0.12753589029371967,-4.072982250874949,-3.8363008905786016,4614.8633
5930410788490751744,248.74872990181393,-54.72460283806383,16.956295,1.3637791,0.2802904756850483,-0.12119678649044086,-2.6928891154471426,
5930411235167170432,248.78793557516423,-54.69712322003061,16.957207,1.4358253,0.5603563060694398,-3.035523581936417,-6.551921953011573,4848.4365
5930431747932939776,249.09119851463592,-54.68645070810971,16.957474,1.2956753,0.3228483242266823,-2.747947404943763,-0.3969950587572833,5239.5537
5930416247332017920,248.64694393014327,-54.78138801468529,16.957684,1.3038483,0.3105773389554284,-5.797193415410288,-5.910764696767704,5080.8477
5928896520452749184,248.77372901785265,-55.024820062805155,16.957941,1.8140736,0.33757032691534705,-7.291651887231032,-3.421429011878053,4697.4185
5930406218645486336,248.94559591215238,-54.84242823734336,16.958012,1.2257214,0.4624705583496207,-1.27278371578212,2.1914738924752157,5189.7627
5930398659434502528,249.0000611468828,-54.966139887225765,16.96062,1.3659935,0.2922577234068398,-4.978627473078699,-2.6449322662258474,5132.8223
5930396907155444736,248.93258798101678,-55.035133508751734,16.960793,1.2706318,0.32431669030319427,-4.478284296863073,-5.583990638302064,5258.001
5930400858525274240,248.75798506467666,-54.96616769542073,16.961504,1.9291859,0.11684999984321165,-4.100066306431051,-5.475470271199677,4729.1904
5930401648799483136,248.75081920510172,-54.906096135635984,16.961885,1.3633747,0.3148674438776373,-2.2549083448604494,0.30133903048629584,5740.0845
5930403121911862144,248.80376768122167,-54.85743457266269,16.962643,1.9112396,0.3288893735567057,-5.960626399514931,-5.805703861905694,4614.645
5930402129835647488,248.5851416689876,-54.91524085141829,16.96278,1.7612076,1.3333423431293001,-4.499283093747033,-7.532701764762663,4364.4067
5930397113313881088,248.91791120687682,-55.02100455377588,16.964298,,0.4237486395201611,-1.571164779825493,-0.9503424044950343,
5930414563705235328,248.60968652784626,-54.84051756245576,16.964432,1.3470631,0.30950622002170947,0.26422363559768147,-2.4191385916152512,5179.2373
5930404638096867840,248.72544931487155,-54.78467578970467,16.964514,1.4271832,0.5754415540942321,-0.9537743490411748,-5.860521177680391,4507.1826
5930416281690502016,248.621499406589,-54.77006187624386,16.965178,1.3004322,0.21340372522357565,-0.9449852434500443,-6.386912250409604,5098.5317
5930407558674964608,249.0503918285208,-54.78371498657539,16.965239,1.446948,-0.983747438441436,-1.9901174836809419,-5.4313839114624,
5930400544932023552,248.89690760368143,-54.85705938255987,16.965408,1.2904854,0.4252707795001994,0.48911379201908395,-1.7551665151503513,5500.072
5930404397578685824,248.6664608882477,-54.80868623241309,16.965502,1.0125237,0.007836487724880208,-4.89596460463406,-2.863543691243443,
5930409272303145856,248.97240274976988,-54.680697013722266,16.965628,1.8164062,1.320148248806894,-7.953030115360399,-20.13062553850956,4407.2617
5930410170015206400,248.89607502213698,-54.729495017371875,16.965721,1.8444424,0.06644724426984618,-1.7429380732058877,-1.2494094333022514,4810.5234
5930399857736485120,248.85595064678282,-54.93523706604088,16.965984,1.9071655,0.15144829175906271,-2.662399005075926,-4.727033642926182,5052.4683
5930408005351598208,249.13495305460395,-54.71785278828499,16.966211,1.5107279,0.44068133888156114,-1.6740540982955245,-6.808763217284478,
5930409512823286656,248.8572868353251,-54.788264309906886,16.966257,1.2451496,0.193046306420314,-1.209852934238525,-7.428057331420071,5451.5986
5930397315115815296,248.9084532792061,-54.98563459834864,16.96654,1.363739,0.330250973696924,0.4755802110355225,-4.7180940277405155,4690.729
5930404122700745088,248.72611482552068,-54.835645990041684,16.966593,1.387989,0.958962899783186,-15.146837542124924,-5.958606069010208,4839.7563
5930401717451790208,248.72920413340753,-54.895128518203315,16.966913,1.4701309,0.8074218301368989,0.39425233814193616,-3.4698725411994835,4951.934
5930396975874926208,248.96522543856202,-55.019054511014794,16.966965,0.6147671,0.1997167006000206,-2.9655818793252253,-4.520519193880598,7548.954
5930216278000445568,249.17626969990175,-54.96182156681634,16.968163,1.3302002,0.40957500437588734,-0.7768587980050946,0.9168363350966148,
5930398178398363008,248.8595805421433,-54.943820558310456,16.968199,1.9851074,2.7088286037212277,-5.049979593288262,-6.945929602553866,
5930211428928322816,249.07655840551234,-54.94854194342336,16.969267,1.1987953,0.5639951405477819,-3.4986981645671147,-2.3094792651665896,5050.3887
5930399037459275520,249.00088151537497,-54.95216530475682,16.969486,1.3236465,0.416822579695649,0.010319907597020173,-4.086180434236893,5357.8325
5930211188412040192,249.11915071880392,-54.9621180526318,16.969898,1.3414116,0.27971519893718694,-1.4593785145348446,-1.4016812880473726,5064.2817
5930220160651095808,249.14017630383375,-54.77217768226499,16.970407,1.792738,0.0616645328163541,-3.543650988276643,-2.7147334191987604,
5930404466298174080,248.65854644039607,-54.795599787992415,16.971022,1.3935566,0.17532601763967243,-2.480457559579892,-4.433902000045799,4957.668
5930400686658499584,248.73611479050135,-54.99314185052963,16.971712,1.6896372,0.205331081189994,-2.5437488869976748,-5.707929388857927,4519.8594
5930217308792698240,249.12876825346478,-54.90640500858924,16.971796,1.3207474,0.3936313402386542,-2.9283889219416936,-4.419360607448072,4900.718
5930408550750671488,249.02479559853936,-54.73169940157812,16.972271,1.3306198,0.5803374202490872,-0.670850919063902,0.06171016211751135,4947.364
5930405325291922560,249.02862355115053,-54.85228718081635,16.972324,1.3022137,0.458055588895677,-4.473711313076736,-6.0987680714821,5208.303
5930400549287895808,248.88897903647486,-54.85912384347766,16.972742,1.2692204,0.3327063929525453,-2.602942519169984,-8.081703192817567,5097.1494
5930217721109597184,249.1340455724111,-54.8702834230807,16.973516,1.3095074,0.3849512800525864,1.2857745054693233,-0.9118833420346351,4947.964
5930407416879248896,249.12169882480518,-54.78462301367496,16.97355,1.3322735,0.4234178817219633,-3.653347077466691,-6.995396132804302,4844.7886
5930398590782657152,248.9783811623943,-54.97728161125559,16.974386,1.3190365,0.5334646223958373,-4.283029632566315,-5.962753338798794,5222.834
5930404603737120384,248.70802497802242,-54.79858474845553,16.974627,1.4487038,0.5347216814691287,-7.702335328470455,-10.073867263460716,4976.5024
5930210363776299776,249.16156304612394,-54.98283819929861,16.975048,1.303751,0.38550938414355584,1.4085350117395978E-4,0.7633532237666102,4941.932
5930408452043562880,248.976308186764,-54.745441407592736,16.975756,1.308073,0.7052536929745774,-3.425173237793304,-2.0011438484857065,4813.223
5930400132614585600,248.91888270448098,-54.90090501320949,16.975826,1.3824463,0.2512212018107162,-7.788722419112784,-4.11908733799317,
5930405016054005888,248.69708137560258,-54.7492420681905,16.975933,1.5655537,0.31898934612012675,-5.672051234367228,-8.295792349481927,4604.518
5930408104074609920,249.07999184509936,-54.74572386704163,16.977127,1.8015537,-0.009543957448985662,-4.372377024225262,-4.485588720664878,
5930406145568944000,249.0111847085988,-54.77504494793398,16.97734,1.2947369,0.3023412014884317,-1.6394996567978972,0.3524896059267776,5134.801
5930409688979157248,248.84239819667636,-54.765223420633326,16.977943,2.0066223,-0.4764117175180914,-3.330458067771152,-6.966498307160881,
5930407897915631232,249.08798671708928,-54.745727809031685,16.977985,1.3779602,0.6163337669928541,2.374178839803849,0.8566494201232321,4953.2256
5930410616692041856,248.78557312032774,-54.75158875559072,16.978073,1.2084866,0.5513507603214192,-4.5986749288787605,-2.1326862669915485,6018.9536
5930411200807441152,248.7715356465257,-54.69388181404991,16.97824,1.3262234,0.21242440276629787,-1.9489783814805375,0.7992645304534131,5587.9004
5930401511360321792,248.72851886205876,-54.933139418126,16.978395,1.4147835,0.4640891216394913,5.164849648437467,-3.103748773549323,5215.4736
5930217751120409600,249.18308070223472,-54.87918653352842,16.978449,1.5898457,0.453209570476715,-5.7057449733403605,-9.581935900527562,4399.4995
5930396696640493312,248.90246613700168,-55.05193403699881,16.978813,1.4942341,0.9725172499930429,4.102908848197954,10.428906861076257,4530.6685
5930402095475906816,248.60418742650688,-54.91196210999264,16.979006,1.3931522,0.6941530641826034,-0.5405618694014666,1.6188620293146019,5126.2637
5930399621574860544,248.8919094062608,-54.93585170276465,16.979027,1.8980522,-0.011148572861036408,-3.5824445077561777,-3.356184426930029,5098.554
5930408172793765632,249.0517412063982,-54.71534220056067,16.980213,1.406189,0.5026191079847908,2.072159272492078,-1.418771248482492,5194.078
5930406218645485696,248.94896837853358,-54.844240447088964,16.98033,2.1006994,0.04487548833566485,-2.803939590000529,-4.4070977159985905,4661.7227
5930408898640980480,248.95702215161037,-54.68759843071318,16.980606,1.2786713,0.2869702299493077,-1.102652205057745,-1.5416452262519114,5348.54
5930408894346823680,248.94412033020478,-54.68647434580467,16.981045,1.3397808,0.3016478469885212,-1.3480085554048702,-6.306364194422635,4911.1274
5930401511292337792,248.72038846022292,-54.91928149076042,16.981304,1.4300213,0.19668971469243085,-5.167868662897933,-9.326713596553015,
5930406356084126080,248.9650567863589,-54.81819321937861,16.981401,1.3488407,0.45375697915496793,-4.755788568024891,-8.731701546613738,4989.6167
5930405153493587840,249.02567883622217,-54.90097029708125,16.981552,1.4767933,0.3395758683590906,-2.4560367607750604,-7.019112584930726,4324.5225
5930404431938439296,248.68416899680503,-54.787952830357725,16.981714,1.3859997,0.5835069780764216,-0.44021756063699735,-7.297188478965229,
5930408074071081856,249.12857691046463,-54.71436663876801,16.98193,2.0428934,0.227209419271927,-2.1977078243710872,-6.290498615727948,4801.8374
5930396804076105600,248.8844648011364,-55.03286753426094,16.982,1.3395729,0.16791606506485,-4.966071708410954,-5.1251336912106416,
5930399273621359872,249.00802742854862,-54.896967016479174,16.982746,1.2828846,0.2526068979114396,0.4711664420953595,-0.8655644435503915,5035.6714
5930414533639600128,248.57622987682564,-54.827835784570695,16.983173,1.4559727,0.8124490236022701,-5.748942180369001,-4.8203041785106855,4727.127
5930410749772654464,248.79250617018934,-54.723850890410624,16.983192,1.9768782,0.14498032872362393,-5.945171376347184,-4.888482785982081,4670.2705
5930431473055015168,249.16029989144573,-54.71956158959457,16.984426,1.5981712,0.09440449086265629,0.028646295918784648,-1.3471896274087591,
5930217618000614400,249.15472927745878,-54.904628136070926,16.984453,1.3991547,0.6105884164518048,-4.613674108285495,-9.72443187667539,5032.2773
5930402748243103232,248.6443278500998,-54.85571349381075,16.9849,1.3530941,0.40046929001012954,-4.0119319868453305,-5.058435713635769,4539.225
5930410891569964800,248.73956949555793,-54.728162678723024,16.985352,1.3734493,0.24048338154914387,-2.427017035111441,-3.444205920331374,5024.5728
5930405119133476864,249.0402401882479,-54.88639548107437,16.985983,1.4186745,0.4629719042428793,-2.8268591037910613,-5.888107253410554,4814.0425
5930403259350828032,248.7322504103049,-54.845578784220145,16.986816,1.3915596,0.45358611533611626,-4.969014006930472,-5.6637729694383925,5112.7285
5930406665322101632,248.8836072079214,-54.79547524200669,16.987608,1.3112946,0.4440407641437303,-2.503286415338959,-7.562433611041126,5168.507
5930399140538520064,248.9968923202899,-54.92517478197391,16.98771,1.2041416,0.3221540847910774,-1.5299608520436967,-3.9454650847026937,5249.213
5930407661769562624,249.04450172062496,-54.767338806028164,16.987947,,-0.012647596568284264,-6.343364211817404,-3.142714002373636,
5930407283797022336,249.08137369864275,-54.80873028321923,16.988472,1.3314075,0.24916634647764127,1.4828032370947677,-4.744565148379918,
5930398865660594560,248.92787708180066,-54.95063271408767,16.989182,1.4172783,0.593888975868572,-2.6767695923900114,-5.447284289639153,4974.6777
5930210982251615488,249.02776459562045,-54.97799510034464,16.992237,1.3287888,0.48562616382736595,-1.7039237970337386,-3.9334618775078307,5084.364
5928899471040084096,248.73374867975434,-55.01526166531675,16.992655,1.4873219,0.5084034445668221,-1.4886651544060079,-0.352346183438396,4710.6016
5930404741176092160,248.72211804518363,-54.76833160370819,16.992659,,0.7352770372975126,-18.42890360478883,-7.457306734855219,
5930219473456277120,249.18304050898715,-54.826328769680764,16.992939,1.4139843,0.6280329904714512,0.6628703356506596,-9.107170675180235,4450.379
5930412059800898816,248.84329642538304,-54.663598167570186,16.993402,1.3796272,0.07865709914033404,-1.5461776824143532,-3.882862628952247,5371.9224
5930416109893036544,248.6314907542295,-54.800330280830245,16.993969,1.6780663,1.374212676288487,-1.5888542223210138,-2.1346922589686868,4347.2593
5930402645231728512,248.6451288351714,-54.876501742191685,16.994066,1.3875504,0.31643859003438835,-0.039672811409141806,-3.532681676971566,4914.9517
5930209199893811200,248.97832581895645,-55.04230455536941,16.994324,1.3627949,0.5187338416708583,-2.1942105055533894,-5.001888785278021,4707.629
5930217308792685440,249.13650286044577,-54.91313979679884,16.994366,1.3615189,0.30503373563847136,2.7949788077533277,-2.2156164013577335,5180.506
5930220160651093376,249.14531413020723,-54.7749259548091,16.99512,1.737854,0.049498802787619055,-1.6728664828285957,-6.012736544634226,5230.2886
5930409860777791872,248.7888349492619,-54.76291510488927,16.995468,1.330061,0.34150797264841604,-6.490628101984855,-3.1353913881030957,4913.7485
5930209302973025792,248.9914315852074,-55.04102436641309,16.99572,1.045475,0.25924528196506774,-4.618469305012263,-2.5656601148675886,6099.069
5930403813463119232,248.77981450369055,-54.80913995445303,16.995754,1.6828098,0.19115146213889797,-0.8610951521972161,-3.1670629254306784,4601.1772
5930408348949037312,249.07341153624006,-54.68662436630279,16.996025,1.3347836,0.3516359833440867,-0.7101168780614651,-2.363204783277109,5075.1914
5930401786238238720,248.64592215084323,-54.94503376511211,16.996164,1.565609,0.24966234932260611,-3.801461890621451,-6.321771925402626,5017.5166
5930219095499145472,249.2460419853637,-54.80782640120233,16.996868,1.7102108,0.2472461786269492,-3.693771852763773,-5.01159441102566,4733.8086
5930405939410969088,249.04152231062452,-54.81979367545286,16.9969,1.8602695,1.5360995475047936,-12.14894902461787,-23.33956583051856,3624.6204
5928900540542214784,248.64568827141727,-54.980547915728465,16.996998,1.5519257,0.4862601048018001,-1.0922279671393156,1.1974952103396026,4779.102
5930398934380073472,248.9628752435446,-54.94386807083274,16.997307,1.2376041,0.33822628662154247,-0.4814546937227167,-2.501243705276481,4981.868
5930219507816041344,249.17910919261888,-54.80143405459441,16.997732,1.2714176,0.7061105319276384,-1.2751756116523596,-5.117060326459611,5093.572
5930220160651090048,249.15664756349636,-54.7766798472818,16.99839,1.2557373,0.4896457985140821,-6.654763539347417,-5.011266237586882,
5930404053981254528,248.69126436359915,-54.850213757532,16.998753,1.1949558,0.2340847288118537,-2.03975122422043,-2.895246361898151,5248.859
5930408069714347392,249.11202795850411,-54.70651254564699,16.998827,1.4957161,0.8793824741629871,-2.551099622957132,-6.172518712921719,4498.5947
5930407111933269248,248.91216513725504,-54.76179381021003,16.99885,1.34445,0.20904447255521208,-4.985705462359297,-8.309973740174117,5132.986
5930401958036936832,248.68131696163945,-54.914935720987124,16.999897,1.4025936,0.20762277456057793,-5.8364265953445145,1.4212642484134412,5127.1646
