source_id,ra,dec,g,bp_rp,parallax,pmra,pmdec,teff_gspphot
4198781640853925760,284.6245690895305,-12.367900644995329,9.393453,0.49329662,1.4162047015753816,5.176545475868313,0.2910548944192257,12236.063
4102688623878126080,284.49895388882436,-12.618907238228536,9.663272,2.817648,0.4307604936437508,5.023893888244753,0.9293570536557733,
4198781576456950144,284.59508532308405,-12.377336303873694,10.120657,1.5940828,1.8215464877996352,9.24329526552509,0.08815985903661257,
4102687146409246720,284.52187412424854,-12.658353088267235,10.331952,1.0388126,6.2019631189916895,-42.679367557017905,-27.854834708996194,
4198768107439426816,284.61501707617555,-12.470651930295174,10.411678,0.6531286,2.151086802693004,1.0210410817843116,-6.265094858232774,9141.393
4198785214266714368,284.55054804105316,-12.31262025917674,10.503769,1.0752506,2.623175229160763,8.113016128420627,-9.004347337067074,
4102688864396349824,284.4980084028667,-12.594576904961293,10.861239,1.8011131,0.9102658278649769,4.96613703020539,-0.7662166097436078,
4102707315576366336,284.446153527033,-12.420835872950713,10.938284,0.91648483,4.161193947163494,-1.202012118549687,-14.191889976179192,5858.739
4102703742170867840,284.42320822804567,-12.488748892157238,11.0877905,1.0477934,2.364373175414837,5.539361663553634,-10.071879301453048,
4102708449447891968,284.4177043031896,-12.37786704409487,11.141187,1.2804394,0.7336803765544871,1.3123549331518598,-0.2794896462709921,
4198767763842004224,284.63996970522834,-12.502740475702497,11.2598095,2.3120422,0.35932718483470955,-0.8088758752683014,-2.0999898611454126,
4198767282805627392,284.71252354039086,-12.491177401277046,11.462117,0.49164867,0.9759477963938228,0.12375571837119692,-1.3088305557580866,7490.121
4102688452079480320,284.4763075878385,-12.618189968813526,11.501376,1.5525312,0.9440389808118806,5.528967721050096,4.373951055452245,
4102708445122403712,284.4173108192369,-12.375339023921136,11.806236,1.613616,0.7760218756920056,1.4460895881957012,-0.9891187504500943,4975.5215
4198768073079682304,284.6063638108107,-12.486587829611151,11.824204,1.5803175,0.8211372327377693,-4.230636402950571,-8.004974024818557,4812.0264
4198782843444767488,284.69277293768596,-12.338471216783104,11.83257,2.415697,0.21486518258043016,0.37962965589263564,-7.367402794335807,
4102684599464199296,284.60090386857695,-12.663456583685578,11.887207,1.908061,0.52297999526781,-0.863710815563282,-9.584722318745685,4787.734
4198781675213664000,284.59343633707783,-12.366017424782452,11.904482,1.1041622,2.058325674916351,-0.8948313159136931,-0.07134795847544889,
4198785970178476672,284.5000892455146,-12.299553508942727,12.016877,3.4008398,0.38663558414096216,-1.4259882821664904,-1.4739389582939648,
4198763705070502912,284.6955217538839,-12.544408736946782,12.136338,1.5923271,0.6616803685302808,-0.49998542877945,-5.64112834617468,
4102707173812298112,284.3990883513921,-12.42075515410118,12.16607,2.5661535,0.3445030792367197,1.453929053028654,-5.0388933230193205,
4102687416962744704,284.50008238339126,-12.64842532654956,12.19865,0.5288687,0.6823971523419852,-2.595896513919553,-3.8598671503695945,
4198769202628639360,284.7414914425756,-12.442290891798221,12.230799,1.8597908,0.4578277485207075,-1.6930529629701094,-2.3438647132691517,4490.307
4102688756992538752,284.5074435568061,-12.59288731231108,12.295379,1.1525631,5.049043573899476,-45.20420759090157,-40.68502713378747,4773.732
4198768687229270784,284.6790202217382,-12.441819629651492,12.320846,2.5275173,0.36903350154652753,-0.4969258539562586,-0.8353743062385575,
4198763675033062272,284.69780420687823,-12.5592124835,12.323274,2.0494137,0.3629290976800852,-1.4634952681155902,-0.3638967651559844,
4102689341108090624,284.60985518513087,-12.585884907602312,12.351105,2.8313503,0.2714086749147791,-1.3974064978958407,-8.544321190686942,
4198780129025440256,284.5788414673391,-12.438815235488017,12.409806,1.5577707,0.573833661412069,2.086288357821316,0.5175161204348403,5020.713
4198770336496945664,284.71466202610566,-12.39570461678998,12.419606,3.3521137,0.0918006829405657,-1.7874861425806459,-6.599252486440262,
4102702810125527680,284.5063254595775,-12.491138468269995,12.436309,1.0495977,0.7375156243610294,2.432936486832426,-0.5351476636180095,6012.2793
4102707448690204544,284.4702371312965,-12.399086980743762,12.447262,0.9123802,1.674182243032624,4.029178823636046,-8.617439322944142,7325.812
4198782465487645952,284.6884842290806,-12.355799685137837,12.464483,1.0560684,2.6321807476130634,-0.6281900519956608,-12.334502233408063,6120.485
4198782057493208960,284.6893819453345,-12.395385800786912,12.469707,0.6130657,1.1487369812650474,-1.841836670770469,-4.669569732723626,9269.316
4198764220462980096,284.7386634289718,-12.520124304809467,12.486563,3.3916035,0.267208895112493,-4.245834037861817,-5.606951791370386,3561.6577
4102690578058671104,284.5179532189257,-12.551993802994904,12.539511,1.5256424,0.7237821193602034,1.9172001585503726,-1.1222996624596222,
4102703909637154304,284.4558436109243,-12.44868146112936,12.540754,1.9330902,0.1587190061390219,9.553028868853495,-2.7357273866152942,5038.0684
4102687485680014720,284.55297987495976,-12.652303341032084,12.56341,2.1757574,0.29996421235737547,0.8888315788776214,-0.26725853759411133,4514.5645
4102705082193314432,284.37978682838303,-12.508305114970195,12.575598,2.0373888,0.4173646852130585,-0.08511072700288214,-1.8573138623517085,4603.623
4198782465487646080,284.6916678162537,-12.35542458378464,12.587598,1.1683388,3.2181268293991963,8.995962580198634,-3.507213177587294,5824.62
4102702432168407424,284.5191443995717,-12.533716833792841,12.594686,0.5437012,0.705927374183006,-0.1185674332758078,-3.091129927148271,
4102701405701191040,284.383393638512,-12.553908515496198,12.603008,4.0491257,0.20355345262316227,-0.44695842070430375,-7.296390434186502,
4102689375467830272,284.5640041440368,-12.60783715835618,12.624067,2.2272081,0.29486558447084665,-1.7266739460666676,-0.7044165625869255,
4102706834540392448,284.43297698145057,-12.453832949315553,12.634286,1.9370327,0.5561148336113279,-3.5211235354404877,-1.2403825271296123,
4198764259148623488,284.73769341493914,-12.50973229998404,12.6444025,1.3230734,1.8673720109049363,3.5314604428843097,-7.210858625052931,5237.239
4102707689208372864,284.46909946225514,-12.384665974239498,12.665828,1.7441931,12.918068331947573,62.106935086492385,-11.70422585012627,4098.153
4198768790311778176,284.6746268252911,-12.422686293914905,12.679969,1.7150803,0.5143082318855539,-0.8809136316318251,-3.105938611215105,
4198780889262158464,284.63376810073083,-12.376861052027165,12.680726,1.1706076,2.7676596901380206,2.5185559793992596,-15.228488474632108,5858.4077
4102686356142979840,284.67370676998894,-12.628268895894319,12.726772,2.0077257,0.23749699040160815,-1.2190183263333583,2.951325209752158,4661.3413
4198781743933141120,284.567126082914,-12.37623232958552,12.744643,0.73499966,1.0911937999373416,2.148634205728834,-4.783313317522525,8324.514
4102702539572356352,284.5247324745754,-12.509520308804653,12.7527075,1.5404234,1.5055902794669909,-5.5730570961368455,-6.697486730004075,
4198780369543608576,284.62725193877395,-12.4335986628194,12.75339,1.9874287,0.19467455533950323,-2.630758554720287,-11.815115741307446,4894.262
4102703772198201344,284.42816096824083,-12.473108424246385,12.77806,1.5877657,0.50382390735647,-5.769562514489756,-3.939782294343,5255.095
4102689203669138560,284.58588811740924,-12.610125898777621,12.7909565,2.0411587,0.304178401314219,0.05505296924742403,-8.24421598199712,4670.537
4102705455825381760,284.36826660290257,-12.480104259232714,12.819099,1.7109766,0.5117298986785659,0.53321669223264,-2.365273895870622,4729.193
4102704253233785344,284.49531787686306,-12.448280560941987,12.83665,2.9733372,0.07706441223256583,-0.9726694577035899,-4.946902635468361,
4102703845242622208,284.4780276207387,-12.464438440135098,12.864586,2.3121233,0.13726808715298472,-4.17193606154337,-7.997418247204076,
4198770817533458432,284.7334808108399,-12.362294818427765,12.875249,3.0453272,0.001496826199009687,-3.8986586147715236,-5.753314822706766,
4198781370298540928,284.5540568334389,-12.3904913928085,12.890995,1.63698,0.5825847950341418,3.642888649686039,-1.2074858044694898,4530.158
4198780751823207296,284.6101375978252,-12.393174827395079,12.89299,1.7156353,0.5640913780601068,4.188020605055373,-4.092016860528597,5348.9277
4198779858469957632,284.60229819321825,-12.46702113973282,12.908873,1.5171003,0.6380029414368821,-3.4265715674578483,-8.033152297032547,4824.379
4198781095420607616,284.571250781085,-12.405307123970527,12.921538,1.7693415,0.5044165843665561,2.509371976428007,-2.45357992347595,4450.6084
4102701401374855552,284.3839952254087,-12.557464979847392,12.925094,2.3851604,0.31396417014517003,0.09934833357145605,-4.0843906745594865,4675.2856
4198768519756260608,284.6946350686323,-12.434912887301474,12.932108,1.9513025,0.3496553578489974,-2.8915224894188203,-5.963946935522903,4613.4927
4102707659173774720,284.4572917071534,-12.399994202230005,12.935642,1.8865433,0.6346959390232406,0.07057443481763745,-5.922657114887445,4544.3887
4198781954414104064,284.5788520334632,-12.354413257556336,13.054056,1.8227673,0.2707561122203576,-7.948059262951023,0.7007370109474897,
4198782637283565056,284.7094063181937,-12.344999302733969,13.067863,1.086339,1.6026655581752987,7.463883047785385,1.1108354761806343,6380.4814
4102707075058262144,284.3985162281008,-12.434664054214439,13.076641,2.0630388,0.15716450165923365,-2.958844801272599,-1.3600390885137403,4835.709
4102703085002550400,284.5664367198689,-12.471259854441259,13.088709,2.0989485,0.17263941989810447,0.6416005101869289,0.4945671300194816,4830.689
4102701611859657216,284.375386408406,-12.546717274524607,13.097086,3.0137377,0.11770949117720156,-0.14920755618103348,-4.9900334636968235,
4198781542097214208,284.57770599720334,-12.39000608322333,13.104191,2.038558,0.1722429303795237,-1.933552908016413,-0.7831338167889073,4781.85
4198782018811049344,284.6797074422139,-12.404507400263054,13.116753,1.2494583,2.694926630902651,-13.494390841686409,-27.680462282083603,5450.662
4102690685462545664,284.53400553061863,-12.534522310948136,13.129254,1.206109,3.844877521861574,-4.651481846791275,-12.279305048934365,5153.629
4102707315576363392,284.4441888115549,-12.423551587075464,13.143393,3.0575924,0.09301197254060742,-2.9637979866895825,-5.654830465558491,
4198785527826986240,284.4672223802952,-12.33646436851744,13.159514,2.13311,0.07463460369412792,-4.753245595293163,-4.986603054909357,4690.5073
4198786558619057280,284.6134213535402,-12.308427814003759,13.17645,1.1973457,0.9817850240997174,2.8503527145648726,-3.6069447697044446,6274.5264
4102686493573997440,284.69523358152435,-12.604222730218025,13.182003,1.8895836,0.3309755738684743,-1.25458935911435,-3.887675494682535,4520.8813
4102706903259514496,284.426004696853,-12.435902216105495,13.183165,1.5599461,0.382337123175033,-2.4857560266307988,-4.071389220043509,4818.1084
4102705528870074112,284.3599909027226,-12.455660174114673,13.20559,2.195921,0.1596462814568203,0.8270440339014395,-3.4673318686313284,5332.974
4198767415922245376,284.75243809144837,-12.471277733352991,13.213841,1.785964,0.5061884061020592,0.3462619991107056,-1.5764864106210554,
4102704154480243328,284.5100765570656,-12.446633560043155,13.232575,2.7711048,0.12820395212733046,-2.090329955442181,-7.22658977287968,
4102687971043037184,284.54421002571206,-12.606647279550323,13.24657,1.3810043,3.2330948034817766,-18.34645055411032,-19.05433676666541,4999.6797
4102700885978785152,284.48186745200627,-12.554208841812768,13.263239,1.8210392,0.30168723696540506,-2.33483453866935,-6.88337361063117,4629.621
4102707315576344320,284.4493056191964,-12.427656436073553,13.264712,2.1218643,0.12867326220047048,-1.3831655418053628,-4.669499131046799,4811.8413
4102702058536250752,284.40342525842703,-12.523231954461664,13.273025,2.066924,0.18537545273258263,-0.6686831863454649,-1.505588296598074,4859.831
4198768824668076928,284.75934865816936,-12.474173814481304,13.28495,1.8140135,0.43477310227115246,-5.63515436682007,-6.324840609280984,
4102688555158643328,284.5026434428911,-12.619134978228509,13.290169,1.0571747,1.0938799990935586,0.5662252581604293,-3.1824503492512073,
4198770306462686080,284.696930542109,-12.390750222607997,13.293485,1.8366423,0.43083768032965425,-0.1693748551408924,-5.80186000817509,4441.753
4198766660008002432,284.6873913820458,-12.538353656282634,13.306588,0.65706635,0.9183299648976481,1.2082111536908509,-0.28375073633895115,8909.478
4102707311252811520,284.4462655641462,-12.419681088197496,13.310343,4.0991983,0.13358450309272632,-2.9579583791084425,-4.9935650404018705,
4102690200099905152,284.5397531384704,-12.586021575170454,13.335799,2.2988558,0.21773378209173982,0.7641434838443053,-3.079885544534225,4710.5576
4198767076647207552,284.6878221633056,-12.499710905682281,13.336151,1.6670294,0.4531618704316064,1.2383512893562165,-1.8081782941465674,
4102707517409681664,284.4408290133365,-12.413425744049364,13.353931,1.3145123,-0.02565972466526877,4.941841587557382,2.249638848683676,5264.511
4198783633716241792,284.64289048356557,-12.301951757087721,13.35888,1.5382309,1.2970466447136983,6.781186659935978,-0.46221376130157577,5072.097
4102689448511787520,284.5526660465107,-12.59891046991615,13.359015,1.6407242,0.36798849797890565,-0.571208144754233,-0.7340332010396202,5056.6753
4102708380728385792,284.4213969611667,-12.387594083848754,13.382016,1.6461315,0.6420346252177471,0.31442593979322914,-0.15560176252533842,5231.997
4102701405701193088,284.3801540250441,-12.555910176613168,13.395264,4.781516,0.04187601722757791,-2.8953460382320815,-5.3516338876700225,
4198780305146601344,284.5842164549396,-12.427517706183883,13.407177,1.8751059,0.2587308496065672,-0.042650431719637165,-0.04813216308142088,
4102706800180301440,284.4097490935496,-12.449924244243144,13.408905,1.6421242,0.3522833458580718,-3.2061095315161876,-3.5613186696135126,
4102700851619081088,284.4700291678818,-12.552869677032348,13.413348,0.68503,0.5979077564559406,-0.20109416400339666,-2.9682987241823273,9185.283
4102688658237866240,284.50828832775255,-12.609478012573568,13.440224,2.1221657,0.16749473100942192,-0.2695243142799764,-7.38291512550546,4478.657
4102684565102120704,284.58286813422365,-12.667503327157165,13.462213,2.515339,0.09489694535849756,-2.3408660177878464,-2.4191868968117034,
4198786833497005440,284.58908165005886,-12.276109367883977,13.467534,2.1302395,0.1545402911687319,0.008287302983383815,-4.393849636167936,5141.565
4198786726092757120,284.5864465095156,-12.293768321559035,13.468018,1.1592903,1.045990289104941,-1.9059380902559804,-3.206827317856862,6226.6685
4102701985490711424,284.43295621744727,-12.508982372928592,13.476983,1.6623583,0.33445819447657804,0.8715574677090799,0.7199372231740532,5009.7437
4102705563229805312,284.3706629262776,-12.448211504967652,13.490315,1.6421738,0.4856960537877027,2.564861612207031,3.8171764045459247,5254.4663
4102691200858562688,284.60276115999983,-12.498044523276027,13.5089245,1.1943178,1.5058671662933956,0.41269092311899236,-2.1071348667628707,5653.333
4102690410584552832,284.55738683636673,-12.551809575185205,13.51517,1.8185368,0.18743135582768072,-9.372219015013949,-4.141107185059363,5039.7476
4102703875276580608,284.4416583257296,-12.462757745388014,13.521724,1.2915401,1.5638104782522175,2.7300940463389205,-9.300225662620967,5687.219
4198767007927744384,284.65675759292606,-12.509869977193583,13.54218,1.6094246,0.32624732708684123,-5.026625730707485,-7.391820144762187,4779.199
4102688104155347200,284.46497870023245,-12.646708904541931,13.54767,1.9815578,0.516270981460114,1.540402198854254,4.892375884083565,4891.614
4198784355270287104,284.53185179119805,-12.378477254991653,13.554458,3.561469,0.09366030603561559,-2.0369043393989457,-9.258902180214466,
4198787520691802624,284.54174331072636,-12.282675586274086,13.568002,1.5556879,0.43631602239605527,-2.3281824545803786,-1.2229368262694136,4810.481
4102703978355817984,284.50907059215047,-12.457906373585054,13.56961,5.356636,-0.19056654358308553,-3.3563753631706366,-5.616914734347415,
4198784634473751552,284.4958530036472,-12.35883374024301,13.570868,2.3264475,0.08451002187085407,-3.705933997398716,-8.2328755182232,
4198785115510097408,284.5138047079442,-12.331524485545106,13.573572,1.7401552,0.32311771066231637,-0.6095825853444816,-2.483943931432825,4632.873
4102690582384122112,284.5228294702818,-12.551236013682521,13.598189,1.1783695,1.9006537166846136,-3.0625287528540133,-12.431247204031463,5723.825
4198770817533426176,284.7239113760346,-12.369956001710605,13.601863,2.0040407,0.32811654757981457,-3.130319243227412,-5.076485877074769,
4102691029059871488,284.5685806006092,-12.528760082511832,13.607155,1.1245556,1.7529947420544998,4.941124336774097,9.31561193005469,5878.627
4198768893387615232,284.7520958480366,-12.460539307086144,13.61045,1.7060442,0.6078240992310366,-0.9526383452298645,-2.3691460387494048,4761.3447
4102689890862577920,284.65587467717285,-12.546932175474321,13.611903,1.2830286,1.6678236723055329,4.591779434702519,-19.18630619158827,5399.8784
4198780541342299904,284.66640239098354,-12.41305339502639,13.618864,1.1323357,,,,
4198767415918827776,284.7423014683853,-12.467408991322996,13.619835,1.1628895,1.5877340188004463,0.5771822354852078,-8.452633170171115,6026.694
4198780923621608448,284.53863337764557,-12.431995419607825,13.625298,1.7103567,0.5209458029525724,-0.13529589250267807,-4.357703084416407,4495.657
4102707040698522496,284.3803298356301,-12.451793414285673,13.663661,2.202942,0.14549651748028716,-2.9465779820263034,-2.9283475232162304,
4102686145650401664,284.60201247983326,-12.632021613395914,13.663818,1.0591125,0.7128114150573458,0.48392665499337517,-2.442868940937409,6194.959
4102690994700073984,284.6103023508874,-12.517087105824888,13.665694,2.180644,0.1705137140888649,-2.0804793663521712,-7.043133445833376,5035.8535
4198763640673319680,284.7098693558212,-12.553512431478278,13.667812,2.39437,0.1610219086331989,-1.438798289175482,-5.251177491320646,
4198768725914701568,284.6883125612724,-12.427071770919593,13.66886,1.8546324,0.39416499377001046,1.5702245120300147,-1.811239600772518,4557.8154
4198784874991893504,284.5532611967538,-12.341596554480331,13.683389,2.4516573,0.14349859136729978,-5.799249832054095,-9.052511605570762,30001.39
4198770340822407424,284.71852979805345,-12.39512032720579,13.689354,2.177309,0.19585110990300936,1.3746087663275133,-3.6799351850472535,4735.007
4198763778112266112,284.7333515962981,-12.544461329439505,13.704207,1.0642567,1.3982671756265392,-2.717711312773953,-5.989563610139975,6425.693
4102688245921023104,284.478153916118,-12.62949684674721,13.705623,1.9396105,0.220857935492297,-1.5966355173740163,-3.4677298623483668,4719.4517
4102703398565963520,284.4554166930813,-12.510567916967766,13.70572,0.8397484,0.6676915293095135,2.0686370740084947,-0.37844943836222233,13772.547
4102702677011425536,284.4705613827613,-12.511653613645365,13.709688,1.2701406,1.3352416168198535,4.117538317614532,8.886478144786366,5341.949
4102686562293483776,284.68767634344135,-12.605110066853936,13.714624,1.7498369,0.16914411401147136,0.42048274783561945,-5.720816597258965,4751.1406
4198785046790605440,284.52011999878187,-12.344707317856972,13.71689,2.090642,0.20349988973249555,1.7811085281312227,-5.837770381419544,
4102704326279030144,284.4821122440949,-12.432516279878612,13.720203,1.2860098,2.286779182431189,-6.731772972569318,-14.542520844378771,5202.0054
4102700993384233216,284.4294635731229,-12.553606482546833,13.721155,1.6214066,0.45349443484727314,0.7642249112646176,-2.3946589188852427,
4198786451214748544,284.5970990740821,-12.307692056047857,13.727682,1.5920401,0.3439174469153195,-3.727802532578673,-6.97930930747232,5468.7715
4102688245921045248,284.4784399206167,-12.618334963024452,13.728307,1.3116713,3.053317275827283,-3.1724689278368223,-71.37585542683932,5431.3716
4198769206950996992,284.7403486017043,-12.438672248698392,13.73486,2.113284,0.16693629273774638,-5.807091357125286,-6.903070366573293,4483.457
4102686390494751872,284.6876661639018,-12.624139003452107,13.750958,1.0122471,0.5341062533876568,-2.280001503862562,-1.4828908552118034,7018.358
4102700306189372928,284.419454154714,-12.600852042630667,13.762491,1.3655396,1.006318914506874,-5.469715633235216,-9.494769071008847,
4102702677011416320,284.47874647587736,-12.507854413033426,13.77028,1.5620556,0.2914002760148481,0.4908937882258609,0.19423494763090998,5143.4624
4198764254822748288,284.7420116357507,-12.508035046083123,13.771966,2.834733,0.08986426563030646,-4.911284091043212,-6.898828104858268,3731.6147
4102707384295789824,284.4748564833747,-12.419265403718034,13.794178,1.6708221,0.47094856839523946,-2.369057084812321,-9.487549562588114,4886.219
4102702092896065408,284.37483790566506,-12.517751274240494,13.811208,2.1851997,0.13468487597448892,-5.290220581796215,-5.843415499470939,4551.4043
4198780511304990592,284.65954717532543,-12.410716046051343,13.811627,1.686635,0.3071160800586871,-1.1770269619854292,-5.02594131700124,4543.092
4102690101346772736,284.640647987653,-12.53956102949508,13.842416,1.8950415,0.20390986104837772,-2.68525173036206,-3.5748100357404256,4791.4727
4198779961549171840,284.61740389378093,-12.45477148121338,13.844181,2.1838026,0.17298925833037532,-4.010546555941717,-6.172146079579836,4844.5864
4198782332371146496,284.6669236066042,-12.376130841129577,13.844894,1.6763268,0.3082415258191553,-1.7611896085721568,0.21326765540416356,4541.0645
4102700237469842688,284.43661600944057,-12.609412084091595,13.850964,1.3679829,2.741561513201877,-0.824985488256076,-8.501026903152301,5084.6147
4198763812472019712,284.7067573632365,-12.545591615979351,13.853043,1.2047291,1.9132403232513275,4.278310522575674,-18.426640162769473,5979.1963
4198785596546044800,284.4423922705001,-12.342988334023731,13.853305,0.9078617,0.7062888272801487,-1.208859039502346,-0.23107882888267248,6651.0586
4198785695300421376,284.43711462749854,-12.322679889459915,13.859385,1.6410065,0.2722705192634366,2.911464235831121,1.4274101465874105,4708.6577
4198786146302291200,284.4811752445596,-12.30642804719075,13.861843,1.5621758,0.16583573673007224,-0.10505516852443687,-2.103510231085521,4827.078
4102703089328173056,284.563343785855,-12.472989546139724,13.863658,1.4442911,3.8999967490674323,13.308345113689962,-14.334253235434957,4548.0303
4198766836129023104,284.6916216981669,-12.51764606079551,13.866786,1.6149035,0.3220557783377028,-0.9808456457823096,-2.3677578973973423,5284.9146
4198782847767981824,284.7042772803211,-12.342334794317692,13.886313,1.6426849,0.40043506624880354,2.87796753415454,2.381527665084039,4727.703
4198780816217195136,284.64408956677454,-12.384909432569755,13.886888,1.6710491,0.42093086746203917,1.7962304924646153,-4.022886969125986,4964.12
4198770306462678528,284.70355585055313,-12.395309363454249,13.887453,1.9688568,0.20841944953935185,-1.0876159741989033,-3.276737262747158,4628.234
4198780889262159488,284.6285348786052,-12.378810761457224,13.894211,1.1492596,0.6236190678186245,3.846690728605206,-2.351808438659089,6055.926
4198781022375443840,284.541941665296,-12.420080283037265,13.894413,2.1185675,0.05452660192029246,-3.7011074411751936,-5.309353373083477,4717.1333
4198764190429128576,284.7538378759513,-12.521351071031829,13.905525,2.097642,0.11981335796001726,-0.6650520740415079,-3.7578175582147177,4876.5986
4198784806272409472,284.5562775581965,-12.347798571339963,13.908745,1.7119083,0.09251064232452631,-2.098825636760173,-5.045012859048394,5769.3325
4102689414151987712,284.5802162113482,-12.601564682522483,13.909686,1.3772602,2.7988808269026246,-14.357879349157821,-13.262520582523829,5368.19
4198784527069040896,284.4878647788738,-12.36649638470978,13.910577,3.0756083,0.08697860095937873,-2.5951169276342974,-6.422998513419642,
4198786863531799552,284.6045340266594,-12.277248391878643,13.910758,1.768527,0.36133890089395315,-3.2552340360419523,-0.6869544675183639,
4198770065945275520,284.74235191057835,-12.416488381448865,13.911949,2.2968712,0.0870050531529948,-2.4496081601125077,-6.98141976649037,4436.236
4102689826469856640,284.66683668148227,-12.559590975192325,13.916292,1.8019047,0.15784519458509913,-2.681801445873829,-4.521304799094324,
4198781713895912832,284.6095969802495,-12.353585977304814,13.9242115,1.3043661,1.3938661013934233,1.4386813561973821,-0.06747957428762898,5604.767
4102690170067249408,284.64080123368063,-12.531012466785109,13.927804,0.90387917,0.8171218494508766,1.162039626687379,-1.6307750595508488,7270.1387
4198767111006962688,284.6681105981541,-12.49522574038519,13.928263,0.40028,0.252980961092261,-0.3899503927922475,-1.9361061447965473,11864.587
4102689311072726272,284.6074011779822,-12.600663464799728,13.933735,1.7445116,0.31794615288028116,-0.40761145763433726,-5.37289278498197,4450.8306
4198780854902413696,284.62269280912625,-12.394936906328113,13.939359,1.1120148,1.2122368756195105,1.12903249104024,-6.088119101832842,6171.795
4198767660762765696,284.7135627295961,-12.46901396199491,13.940918,0.96430016,0.4440697658243892,0.2092779967573654,2.9841452232805166,5899.946
4198768549790258944,284.6566960070635,-12.457136564097317,13.951761,1.7312841,0.32269498933124324,2.456864012218881,-2.8962602509792132,4539.058
4102686802812871552,284.6911667476084,-12.575812064522035,13.955382,1.1102848,1.1977256882012364,-5.9089308979220805,-5.781159663762778,6359.9077
4102702127255792768,284.39424744691104,-12.504526997334676,13.961136,2.3576155,0.14774515569579097,-1.8536071453895349,-4.086371248234394,4862.5454
4198770095978686976,284.75349570614475,-12.411507193874215,13.968032,1.7766104,0.314243941723199,-0.135800421382081,-0.23602289757751055,
4102707556094574208,284.4406223461008,-12.407054787576467,13.975133,1.7103672,5.576606710508435,1.521166535912017,-6.815435147407566,
4198786073257767296,284.51542883765035,-12.285991812218697,13.977293,1.9280338,0.15555860380424258,-2.417216652146064,-4.134591489769365,4654.0645
4102686081257206528,284.6160305866783,-12.643589814473078,13.984039,1.1416388,0.361512094297469,-0.09028065711901115,0.5049985575832087,6043.15
4102684397629977088,284.61671515789914,-12.66573688512698,13.987649,2.321866,0.103972711127329,-3.7413008064004774,-4.707388003452065,4789.674
4102703570364637696,284.4969260617087,-12.481236635877382,13.997377,1.6875477,0.3068190613439416,-1.9769753274431738,-3.653361663933117,4529.288
4102690616743008640,284.5426285082523,-12.553362528738734,14.004743,1.1938896,1.8179166072150388,0.5274078811187425,3.911760464694457,5842.4966
4198783122645166208,284.6386728678707,-12.35371501744613,14.009362,1.5758209,0.7063551416531364,-2.6049828251119163,-13.056331257148623,4822.0566
4102690719822271872,284.54963374847887,-12.524949175633814,14.010986,1.867218,0.2767162194749446,-1.5677050710451685,-0.05187278048437858,4462.695
4102684638148254464,284.5710324939685,-12.656407471265211,14.011757,1.6721344,0.34340374472212215,-4.094753896509833,-2.129542704738491,5101.15
4198770272102948096,284.68312381120575,-12.40303090667129,14.016391,1.608882,4.654408801986885,13.953244236703487,-10.485848266347809,4493.419
4102685840738962688,284.64613269539797,-12.651531328334725,14.01919,1.8688602,0.18141473318578377,-1.0957538245374858,-8.0184126375732,4793.054
4102686115616968448,284.62058211597986,-12.62847150113032,14.024181,1.8123369,0.3465663053338663,-0.9136088483272798,-3.7694901949091957,
4102690170066286208,284.6320066209852,-12.529444903723268,14.028515,0.9474726,0.6033425855602806,0.8479563325457626,-4.8051716140017815,6928.4336
4198764186103232896,284.750540426096,-12.521367406201788,14.036551,1.1196566,1.131740275365123,-0.5359587449116279,-5.448746074137231,6370.947
4198780820542662144,284.64500663102115,-12.391899742794154,14.037663,1.8488522,0.20478506219378673,-7.225113511632002,-2.1766311382922963,
4102706898933652736,284.4324305149766,-12.444512971422048,14.038245,1.116849,0.6326452526663796,0.7474553823418368,-2.7365210478965585,6360.9766
4102703879602430592,284.4494489613735,-12.461862727170463,14.041606,2.1195393,0.17301641678827973,-1.8299913986210283,-4.010473275943229,4638.0645
4198781812649726080,284.561965666547,-12.363461014559313,14.046151,2.0230618,0.17814937098151298,-1.422745270201,-0.4534949561238539,4529.4097
4102687661805300352,284.5600720341815,-12.63478659594761,14.051941,1.2498789,2.2796735846447147,3.282184211601476,-1.065282951426982,
4102708415088144640,284.40783407759767,-12.390739141106287,14.058717,1.7483625,0.4687507659629977,2.159690568730768,-3.393172695050705,4770.3135
4102700851618950656,284.46742895272706,-12.566557967461875,14.063054,1.7000103,0.2884128563047753,-2.9068875519209487,-3.8160007706738104,4810.085
4198780476945273856,284.62783668836107,-12.4124178305473,14.065085,1.631279,0.3102318346017065,-6.22773498305237,-4.190101519398335,5002.31
4102686871532352000,284.67870908689395,-12.56875635193916,14.092425,1.7366743,0.293436562942921,2.374752913436467,-5.23788274092855,4414.885
4198763640673312256,284.7170899763995,-12.559733645777836,14.098704,1.1838484,0.9054493930399715,-0.8610358093743401,1.8055944112342257,6258.6567
4198770267777465216,284.688830347218,-12.400096318824739,14.099422,2.2705774,0.16596907610005743,-3.690247138785507,-5.560355568730836,4773.934
4198770031584744960,284.7265354079933,-12.410812203326081,14.099467,1.8376884,0.322974222805873,-1.208768665564322,-1.482390436798318,4823.354
4198779892829453312,284.5762756602743,-12.470837736093586,14.103297,1.6269903,0.3194572881215021,-3.2897071100635884,-4.514570557924808,4844.472
4198770272102942080,284.68828343585113,-12.40622403405786,14.104003,1.7242832,0.355438017523445,0.8752387758304073,-0.44598610575054587,4552.624
4198780953655918976,284.55781646988794,-12.432564110048448,14.109258,2.1110888,0.103950559086822,-5.674069135079015,-5.938688092549975,4829.8296
4198781469052129408,284.58784034969494,-12.402393759660828,14.116468,1.7573862,0.27574681236977777,-1.9184863570692554,-0.5829044690907047,
4102700954698225664,284.453680677257,-12.5593030745949,14.118421,1.5907383,0.27363472388544224,-6.8234625806843825,-1.6513744545324591,5331.291
4198785179904365056,284.55050475694713,-12.319101317534633,14.12114,2.9214,0.1440280008599761,-0.9438016062813943,-4.05025417429189,
4198768171833068416,284.64572576199663,-12.468249349054982,14.123787,1.429554,1.2638807842518718,-4.452137588208462,-15.086569914964564,5265.222
4198783157004908160,284.6358320306884,-12.349383872706444,14.124411,1.0880241,0.570978367660724,-0.09950015680323684,-0.50649779481691,6304.76
4102702780098138880,284.49502051070107,-12.497986146963498,14.129675,1.65411,0.5376717471696698,-1.1952860303751456,-3.4393611368043713,
4102690101354542464,284.64588296394936,-12.536372838023711,14.130791,1.744956,0.2947397662612743,1.4902049897351313,-2.017721652837987,4301.645
4102706319144061952,284.36642187155957,-12.44735808706258,14.134457,1.8251181,0.17922080404017518,-2.241617490873957,-1.4836308923042336,5424.5063
4102707551768868224,284.44852514662426,-12.39979794676083,14.163958,1.7545738,0.2581016063730908,0.35191633557022045,-0.8379243189880274,4554.1387
4198770439576247296,284.72483137272076,-12.37865467974403,14.173625,1.1312885,0.9423198229418506,8.07914405501872,-8.53847335141489,6222.0654
4198766870488763904,284.69980476948535,-12.508060703510225,14.174613,1.7491369,0.28678360343285286,-0.8017040068571606,-2.3453581523219236,4490.566
4102703226767851904,284.521127115415,-12.479505707990475,14.179044,1.5070229,0.25905788934080043,0.4385227812102817,0.32155631962211145,
4198784015999117696,284.6463430226147,-12.295805585586583,14.179462,1.5728407,0.6008443483300243,-4.704616090953411,-5.190749621164132,4973.5415
4198785149869839488,284.5215183244924,-12.319893919572817,14.199898,1.9050388,0.11142353100025588,-3.363965240010538,-7.657623209840046,4915.602
4102708861764829824,284.4207907234932,-12.33872466950807,14.200927,2.1965723,0.05025610788044477,-3.491065568456669,-2.2723318476585566,5037.145
4198780339506345088,284.58862044358176,-12.415998080311528,14.205647,1.5819302,0.40615611036006133,-0.955711841781312,4.278905069413648,5316.14
4198763705066818432,284.70264018939514,-12.552105845699616,14.214924,1.1331329,1.0927911336273786,7.948716679202711,1.3912500977582707,6459.0977
4102689963907794176,284.63161800138226,-12.558127548096833,14.218655,1.6374359,0.20986930084712088,-2.335767029144104,-7.058610290673267,4688.0103
4198767385884835968,284.7286157684423,-12.485192319789128,14.219907,1.7277956,0.2717707083371883,0.13117392628682656,1.76760577663964,4770.1772
4102689104914260480,284.5966655010153,-12.625983155337646,14.222552,1.9252548,0.13344204159554973,-3.0738252225831415,-3.421884002912507,4665.3096
4102702573932126592,284.4859544045905,-12.531864554018744,14.232319,1.5814543,0.7630212684824004,6.422004271091231,-4.527779373519524,
4102702092896026240,284.3904590141868,-12.521135967852858,14.241559,1.2427034,0.9496744837592711,-1.1702015271994262,3.5779254594089793,6240.764
4102703398565976704,284.45634159085785,-12.504491620821943,14.24178,1.8532915,0.1473456192497677,-3.1287236620722654,-9.976681203672735,5066.6675
4102689173633778432,284.580487448537,-12.622143891145983,14.243583,1.1303759,1.0715223921145463,-2.45517055464814,-1.3147960306042925,5945.8022
4102684397629993728,284.6151557739361,-12.659600685704904,14.245462,1.1150732,0.9369897494149281,4.0385476153799,-6.547389319629686,6765.195
4102689104914287360,284.5835706668405,-12.626648839727627,14.246933,1.8991976,0.051813815622551,-3.3260646452424365,-4.70452104419109,4934.772
4198784771912664832,284.5479907345291,-12.363696338953117,14.257367,1.9410543,0.16441761312902228,-3.777917455802962,-3.4205792792051084,4641.427
4198785356028287744,284.4627190740491,-12.352006171818678,14.259887,1.0893269,1.0616979812137566,-0.6806028375547998,0.5981725020858133,5988.108
4102700924664695680,284.43793283588224,-12.571450416714962,14.26475,1.1351452,0.7028015811118402,-3.812510960986289,-5.696869226828942,6241.83
4198780335180735488,284.58979818170934,-12.407917614770009,14.27284,1.6744127,0.17196699649139915,-0.4451099811318729,-4.245106882961046,4755.4043
4198782568564019328,284.71415012035453,-12.355792333109134,14.27933,2.5167017,0.09162727105239463,-4.352661433675126,-7.062369040003869,5022.044
4102704291919305088,284.46237018800525,-12.4447648194641,14.28876,1.0077724,0.7998879604736302,0.20820026853990492,1.254851047258617,6763.4717
4102691029059872768,284.567811632937,-12.52892247636243,14.289338,1.3655729,1.7725602082072764,5.251592640778238,9.1748061059874,4980.64
4198786180662040064,284.484132414082,-12.291067136612158,14.29171,1.1921778,1.0432355340114794,1.6079026921333612,-4.049699154237969,5649.495
4102707075058253312,284.3964578932497,-12.440521015122888,14.292461,2.015729,8.668667077476872,-41.572744702719284,25.385788835209325,3909.6558
4198767450278470400,284.7028244203207,-12.494124719737712,14.2941,2.0009336,0.14594749601947477,-0.6238295277524181,-5.413021423181824,4659.75
4102700718506220032,284.44433852091106,-12.58371829429637,14.294728,1.4521551,2.0531116171330073,-0.23420988710860413,-0.19698588505073808,4666.749
4102689104915350144,284.5936894152538,-12.628046425501855,14.296328,1.5783672,0.23149099050655747,-1.7293544366149745,-5.251021333555564,
4198785356028285312,284.4698707166604,-12.347901018854035,14.308683,1.6726208,0.251736275759019,1.3140676449645299,-2.0507201635854826,4464.542
4102704051401022208,284.4982304181255,-12.460030206072233,14.309732,0.9331255,0.783175540808115,-2.6169192672982433,-2.3423934309937335,6713.2847
4102704154480219904,284.5152475060385,-12.451307108301943,14.311924,1.2289839,0.8785810630327552,-0.2873037517705474,1.21609443072199,5305.758
4102702470852823168,284.5415722876381,-12.519696006179208,14.312961,1.1146002,0.9868336631554001,1.8032804037680912,-9.741349283041185,6257.7773
4102688864396359168,284.4903521502914,-12.597282668260837,14.319843,1.3949375,0.7393881388359691,2.5322786316596524,2.846820304101709,5260.5444
4198785871424364032,284.5010222646047,-12.315749455723848,14.324299,1.7090607,0.21103443831853821,0.468708878089532,-0.718227224060166,4916.42
4198785454782132224,284.48124868254973,-12.34166237204213,14.325755,1.4820967,0.3406286743220538,-0.4249317083632911,-4.023766099959132,4902.0903
4102685840738951552,284.64754436748063,-12.655122565701086,14.3259535,1.2509251,1.7421731712693784,-7.259871084320436,-18.749045100255564,5669.376
4198763430188873856,284.7175945626304,-12.571185571407659,14.32943,1.171257,0.8301890684224392,0.01367345326329629,-1.0072840794936238,6098.908
4102689689029824768,284.6425650935041,-12.578826485746806,14.33069,1.6840725,0.30738338072510313,-10.60689127839757,-1.5383475447492974,5070.4795
4102686699732527872,284.6502661564919,-12.597222367532547,14.337309,1.6738596,0.19728797464087647,-4.386077097050036,-6.852050270480041,4588.1445
4102684565102167936,284.5912037667236,-12.662440816522105,14.340352,1.8510294,0.19943771133692295,-2.1022389360761315,-1.9377799143012764,
4198781404658291968,284.53434005172886,-12.392652438056105,14.34441,1.6574268,0.333852794129393,-0.4806276677652076,-7.373882833712841,4809.0527
4198785867099083136,284.4972385075065,-12.325308295776798,14.362476,1.5439453,0.3978842354051186,-4.8518724142721,-2.9227212115168477,4900.9194
4198785557861463296,284.4776386187731,-12.322544188649136,14.363703,1.7573519,0.3128521608006213,-0.21273363385539057,-1.1263356468625019,4509.16
4102689276712971904,284.6204838032341,-12.596386497900248,14.364748,1.9902601,0.1132695199848502,-0.30751467402977767,-3.5776336139620453,4706.639
4102702814450367232,284.50242572725404,-12.487116886986712,14.36576,0.7192421,0.4156040918868797,-2.8486187676408994,-2.427086609525188,7843.205
4102687902323521920,284.55279922220507,-12.617105315134724,14.367153,1.6167011,0.3644682547174845,0.013709510760951504,-3.4668823743732307,5175.736
4102690135707513472,284.6156389560809,-12.53697008925412,14.3688545,1.9129734,0.06879975258473899,0.18108623699930876,-5.956446435925309,4905.676
4102686287415689344,284.61919472447875,-12.616225337175226,14.3731785,1.1558352,0.30400242082087997,-4.875004150072195,-7.993389782394132,5925.8594
4102707693533526912,284.46384896688335,-12.386251202802773,14.377454,2.0368042,0.1267387467913423,-3.5687393421957676,-8.135902267470508,4664.7896
4102685870772242048,284.62010886604764,-12.658847065655117,14.378315,1.6821518,0.23187154503798846,0.8662331126545628,-2.9755770775457067,4721.452
4102686871532355072,284.67710000878895,-12.562557496151243,14.378996,1.1377687,0.6251547712185547,-2.9413670273818364,-1.64395342443724,6008.673
4198781125454739584,284.5545143906402,-12.40432799520732,14.382635,1.8146725,0.25249379415643386,-3.9547549669305604,-3.05167746900381,4630.0127
4198781301579073024,284.53393462979875,-12.397347962927164,14.384495,2.1818485,0.08511560611110357,-2.3517391889426187,-3.9250006700980773,
4102686459214290816,284.6729721104416,-12.609339824924813,14.386281,1.601407,0.6445601560508453,1.106113349332111,-1.1349903527575516,4799.687
4102702195975213568,284.41964428180853,-12.504823746477317,14.398894,1.9968176,0.17987509398031554,-1.6824488255800711,-6.481211184065468,4661.4487
4102704360638724224,284.49650180435106,-12.437626556772754,14.4034605,1.5238066,0.1576301106732865,-4.850908412885055,-2.74580614639351,5459.946
4198781915729064832,284.6011817353725,-12.343326179136234,14.403951,1.3666201,1.929257759647622,-6.742477459378133,-8.178056008358455,5237.7993
4198763434514875392,284.71945557368986,-12.567991454625195,14.405016,1.8652601,0.2662067644719571,-3.745163909661963,-4.338519474705408,4501.1494
4198781095420604032,284.5776114081206,-12.406640668151729,14.406691,1.3769569,1.3562015458083783,4.327935321666102,-8.616303664169802,5133.586
4198767248445880960,284.71548234088056,-12.499045426447784,14.409255,1.9512377,0.18571511284159498,-3.427686309245565,-4.738044095471767,4687.8945
4102701848051612416,284.415733619883,-12.532681824210133,14.415178,1.380539,0.9618888200074459,-0.8264333134040933,-2.2287092829248496,5216.9053
4198783668075864832,284.6712611269068,-12.319434851551321,14.419584,2.5192795,0.07089414463773147,-2.2539398314803565,-4.567635689046857,4662.8643
4102687730524833664,284.5234494646011,-12.64199684089069,14.42108,1.6350584,0.2886876030457932,-1.2658780271439947,-2.3472425483135564,5026.565
4102689929548065920,284.61139951272986,-12.572074961869703,14.422791,1.8247032,0.10872091511542559,-2.9487747381313643,-6.051848247018907,
4198785149869842304,284.5172565084066,-12.318694347700458,14.430104,1.7700558,0.2593929916795479,0.03936918928692698,-3.5559279791828713,4776.8257
4102701130823162624,284.4492620378429,-12.54573960322834,14.431334,1.6659689,0.29618246641943297,-1.3783505152803495,-5.998573892289891,
4198780614384224256,284.64779539554115,-12.397797523475141,14.432844,1.6566963,0.30445869066101455,3.0362059021307215,-3.8358056557236058,5013.3203
4102706765820531584,284.40383158300574,-12.468263782437027,14.434708,1.6801243,0.5317696103434664,0.6491433017498489,3.0420368177940063,4701.221
4102685737659712128,284.70681618743504,-12.611301075922162,14.439525,1.8018322,0.15872914045584774,-5.256626998498987,-15.73927825346033,4991.411
4102686218696161152,284.6325469165974,-12.62808396224111,14.452005,1.6163158,0.22686896355308003,-2.4506405332396346,-9.021919920409308,5309.0767
4198763636347328000,284.70306017321764,-12.5610492298993,14.453767,1.0859013,0.7860131531015038,-1.9074550962136683,-2.210934788349335,6564.8813
4102702195975223936,284.4227518402752,-12.497949643097703,14.454594,1.5147924,0.7053404326220338,0.9910729065635155,0.36957603620659946,4984.6504
4102707487375424000,284.47781705629916,-12.390958948242037,14.458291,1.191946,0.5090334272773899,-1.246749655150195,-8.859694891196161,5853.6206
4102703639084167680,284.4850842987436,-12.469392377402096,14.472029,1.5575085,0.2384864478010141,0.7350560764860173,-8.454440340980302,5111.6704
4198782126212706304,284.6810661109991,-12.374196105943044,14.478634,1.647233,0.27514354639621624,-4.086780317861104,-2.9771496741278476,5066.9204
4198785974503590144,284.4957247690246,-12.303955009229623,14.480803,1.7586966,0.26081250627540675,-1.0821018740294406,-1.9488785174016716,4475.1772
4102702745730851072,284.50893718313813,-12.49874811125603,14.492786,1.6220942,0.3769703994649753,-0.11315710472410384,-6.316966730687914,
4102702226008929280,284.41028473060385,-12.500549605095069,14.508778,2.7602262,0.039896604815910106,-2.284978722406034,-5.526387550762193,3687.3938
4102702195975212800,284.4223184169651,-12.50256159271548,14.512092,1.2282639,0.7632003639699751,1.560731531830182,-6.915195064274152,5784.352
4102688898756136448,284.46608113540384,-12.602666977171301,14.512267,1.1469774,0.459505644625273,-2.1425116196617746,-6.592215948815473,6149.9595
4102701062103633920,284.46811526715874,-12.550163189515745,14.514655,1.8744993,0.1590209042352984,-3.1551276412274163,-5.532158675023391,
4198784222156856960,284.4983794676992,-12.40039311930239,14.522235,1.55091,0.13181182417475604,0.912819877386693,-5.00869512305329,5459.538
4102707384295767424,284.48868318101825,-12.416647334204727,14.52248,1.7104969,0.28122558884429305,-2.3612700706408587,-7.226438384237754,4479.272
4198784703193236352,284.48949895437534,-12.353827119438426,14.5229,1.272975,1.1211648591693235,-1.698283431286574,-6.143448812805037,5394.6396
4102690548023600128,284.5069037901876,-12.555794771095883,14.524867,1.2053947,0.6872851196843562,1.6116172508472055,-7.230865811536048,5673.3145
4102706903259502592,284.42506565870207,-12.441017220427655,14.526669,1.2164402,1.0003640917319645,-0.6550340574285756,-6.171906079138829,5497.1074
4198781920054358528,284.59556312687107,-12.348625636089018,14.529443,1.6634731,3.666360471773102,-24.158805763666123,-13.588099577830734,4496.19
4198770203383446656,284.69882192784104,-12.422271778148811,14.533851,2.129798,0.10784147141682411,-2.8378309341688115,-5.674600211282557,4733.2993
4102689512905105920,284.58647750132496,-12.589866831125823,14.535288,2.092186,0.08527305678163892,-3.1419604178792433,-10.450481212979577,5074.15
4102706937619245696,284.4286436969156,-12.436158625264339,14.536623,0.9962292,0.641656269104391,0.26537058354911003,-0.8962112529651866,6621.2725
4102705043507403520,284.37494503696774,-12.512238172995424,14.53967,1.2489996,1.2421585837094564,4.71054833886129,-2.693757956925167,5729.6353
4198786661698300544,284.6020844953912,-12.283056584361539,14.541213,2.2878494,0.11732988486159354,-5.39909180789764,-5.007000009791595,4706.391
4102690994672680832,284.6096017635345,-12.518168476304577,14.545117,1.5387392,0.44238886091668467,0.9522371499269611,-9.28986200388865,5366.7256
4102687348241014144,284.51261993402346,-12.656121337006644,14.54746,1.197094,0.536658876904883,-0.15971996812842226,-0.5183928630398174,6341.2314
4198766801769271040,284.71436495008663,-12.517046737575122,14.548575,1.3140011,0.8152866655226242,-3.9663517967769577,-2.4822383426434715,5655.062
4102702195975216768,284.4246841739015,-12.499178927456722,14.5497,1.0742369,0.6204301587652481,0.21876922286884307,-3.7457351115412982,6352.845
4198783157004902528,284.6490002036887,-12.347240235272102,14.550164,1.991394,0.10281309962225134,-4.809158249676881,-8.046617130870771,4701.869
4102690960340353920,284.5991345666687,-12.519562643722452,14.552964,1.2987566,0.8064313059303172,3.8237028190604563,-3.794820930420254,5414.248
4102703226767227008,284.5236216533062,-12.468064239014934,14.55411,1.5664034,0.21428726211596608,-0.5156257425881389,-9.477904898660432,4751.0464
4198763636347327872,284.70298341042655,-12.558966188119822,14.554387,1.7673893,0.22829946631952733,-2.715474500741908,-1.4723938870815285,4549.7104
4102708410764488448,284.4064977524058,-12.390055694004928,14.558688,1.1375189,0.6653980204038863,-4.199935929850792,-8.244927623068238,6112.98
4102688692597600512,284.5243165797862,-12.597858838868508,14.562259,2.965498,0.05373779228500487,-2.944722161390799,-2.200650207868542,
4102705180946464512,284.3845396348663,-12.494435267733293,14.562621,2.1067286,0.04339245007933133,-3.7663379310484264,-4.8801619239428335,5005.0264
4102686871532351360,284.6789512802125,-12.571851265957639,14.566808,1.0787506,1.0019127784281592,-1.2458768948311905,-2.42512537662848,6001.9507
4102688142841759872,284.4851600258754,-12.646555699231921,14.56826,1.9551382,0.2047478165409507,-2.9925210664601107,-2.310398617343844,
4102704291919750144,284.47093240370987,-12.439761631021838,14.568984,2.900054,0.10368018737043919,-1.1125514584355907,-5.936999411737532,
4198785390387614080,284.44345302992446,-12.344684314087417,14.569921,1.7618055,0.17595550598793272,-0.13600591017579344,-0.24465669716074293,4671.786
4198781816975152896,284.5581124232744,-12.370841981040329,14.576064,1.1957712,1.06365190624033,-13.321586248237256,-6.873047482350275,5864.431
4198784668833482880,284.5160628979299,-12.349385942185963,14.577131,1.0557652,0.854592215039946,-2.275435428986653,-14.38606760985828,6298.6953
4102705460150520832,284.37106445171827,-12.477661711555415,14.57837,1.2882547,1.589707245178036,-2.663161230657427,-14.365139382232401,5948.7637
4102689547264960256,284.5957439336395,-12.57506249056626,14.583989,1.1144915,0.682076937785698,-1.0397211747946455,-4.15067340513645,6298.5293
4102685840738954112,284.6485134089136,-12.65345347145002,14.58645,1.647234,0.5559264228253069,1.0656622235107733,-4.19818013370571,
4198782263652429696,284.69113453880874,-12.357183781633301,14.58683,1.2955637,0.9757816330777989,6.9628683539671865,-19.163439418671,5632.506
4198768103113606400,284.6126419131207,-12.464377652295033,14.590056,1.9688492,0.12504586368490087,-2.7483815699469734,-5.2937645259468145,4525.001
4102687661805301120,284.5595780154689,-12.634978399016251,14.592809,,1.4252193127103225,2.4234774088764235,-2.9493236720154643,
4198784909351626368,284.5680765435499,-12.33511295947625,14.593327,1.6384172,0.2692311073330351,-5.406138599071893,-9.411957850429927,5108.1357
4102706761515094912,284.4071633663723,-12.466472338863959,14.594567,1.9801397,0.10312464323015827,-1.4132177262939307,-4.283402138035218,4700.349
4198781851342593024,284.5636010917034,-12.353624286984882,14.597613,1.8173132,0.12241632871380127,1.1025225932125982,-3.467949065524287,4702.1455
4102688245921032832,284.48188091123666,-12.62191174816035,14.598784,1.7138586,0.2552336181697174,-0.45909335735150725,-4.657178378097852,4560.9043
4198768416677027840,284.7041415149137,-12.451027198189403,14.599955,1.6413174,0.2828275132611676,-1.824961716543328,-4.15481704193603,5298.574
4102702848809954688,284.54133006081514,-12.516050698512217,14.600059,1.2286577,1.592387195836819,-7.717196655710732,-6.542952190075711,5632.7134
4102688417719771008,284.45275195905657,-12.626865318814534,14.600258,1.1369705,0.4389866926242685,0.1784479801801352,-2.149861940460078,6007.733
4198779824110227328,284.5897973399627,-12.4696148715346,14.606232,1.0823965,0.9023025799080386,0.7039052186106365,-6.895715167678383,5828.2954
4102687902323508096,284.55816797647617,-12.61841110632859,14.608126,1.7279234,0.20231160607923787,1.6613047825360427,-3.2395117596796643,4932.1963
4198779824109975936,284.5850850933852,-12.47723946454839,14.608573,1.2237091,0.639796503315376,0.7252312609598732,0.1362704783117153,5545.4683
4198767828235565440,284.6355763404843,-12.499461196275192,14.609399,1.2907906,,,,
4102688138515105408,284.48139803781754,-12.644760223314595,14.610575,1.8116398,0.2947300150006053,-2.466079084185279,-1.3852023580312254,4677.511
4198782916487468032,284.68528508905524,-12.335382359770804,14.623513,1.7225418,0.43773136046331024,-4.66395378764987,-8.957108894964124,4879.1426
4102704326279025664,284.4824418438726,-12.434887704370459,14.624817,1.8236752,0.09880881875757325,-3.3706844299764733,-7.608798279753476,4805.975
4102686631013000576,284.6615195204203,-12.610207018749504,14.625347,1.576992,0.6227957442180555,-1.621731427617181,-2.5400286919526995,
4102707349936096384,284.4612982959108,-12.410599633128712,14.625706,2.3437614,0.027977630264952084,-3.7898764304319585,-6.020028896102929,4667.815
4198769992899403008,284.7050148879162,-12.427160500221063,14.634052,1.8672037,0.13110452322709268,-0.6136648056648731,-4.154677145458262,
4102687386928443904,284.4832930865381,-12.656884323708033,14.634283,1.7136269,0.3746060252758729,-1.1043246101939532,-0.042106696847179444,4727.371
4102705219632270848,284.401058051727,-12.487128098509592,14.636522,0.59563637,0.21995965142526766,0.8839816811305424,-1.947993838973261,9189.102
4102685909458457472,284.63801163816544,-12.649997035153012,14.636864,1.1292,1.0210075754124839,-0.4914018084001464,-2.1216206307790855,6284.9136
4102686699733661440,284.63982020583046,-12.601662960467339,14.637163,1.1401052,0.6908469145300078,-0.09360367196691805,-1.3111389223046466,5777.256
4198768451036766848,284.71486779895844,-12.440189790074967,14.637473,1.638258,3.3718929197422653,-7.983338828733244,-13.206933097334431,4591.196
4102689998267600384,284.6008860029094,-12.555373159105434,14.63763,1.0050373,0.43625651152490946,-2.6980647617183755,-0.8532068741083038,6844.447
4198784978071121152,284.5508957551354,-12.327790553358446,14.645594,1.004714,0.7318231028991853,0.7413125304410311,-2.3592553412975605,6800.8496
4102708243289509888,284.38527400433156,-12.38484235117897,14.647203,1.8871355,0.21959149864336341,1.9414449376309513,-5.2931459409930754,4767.847
4198767553357763456,284.695527829445,-12.471224499769782,14.648706,1.2137661,1.1799495523159669,3.9441892618819074,-1.5447807478587663,5892.249
4102701130823182208,284.4497666881075,-12.536466089044437,14.65383,1.1412277,0.6616234420729362,-2.8723356464802374,-6.119230087469034,6005.4575
4102704051401024128,284.5060359319311,-12.452486063905592,14.66044,1.4487734,0.4188570906328302,6.584422513696962,0.9458537493891881,5918.5703
4198781232859593088,284.5335484035864,-12.402539211707788,14.668482,1.6767368,0.4080269869330357,1.3924125021856233,-2.1307101518839797,4770.921
4198786867856735872,284.5986537894758,-12.27832010081344,14.680192,1.8715591,0.35720897279126035,1.9162616977893496,-1.6552410074043389,4530.3745
4198785042465281280,284.5269856371688,-12.3387367768219,14.681751,1.6850548,0.19491676232568297,-4.697778113002449,-5.386561671439737,4578.2285
4198784458349643648,284.5277958976417,-12.356605700796976,14.693326,1.6245623,0.16333002894782814,0.1839107384596868,-7.818925961330542,5320.201
4102687352567687808,284.5222334515144,-12.653413165772845,14.693486,1.5883904,0.43140764434865436,-3.0494113440034503,-2.2461449973657492,4799.452
4198770306462685312,284.69483272654423,-12.393179838251102,14.694341,1.6649027,0.24319414953057136,-0.1060741476435991,-2.412330852271214,5024.5757
4102708621246653568,284.38446104908206,-12.375661207898899,14.694566,1.297328,1.3194045014940687,9.78777326077196,-15.676140982989715,5725.6323
4198782366730904832,284.6479961361899,-12.368634000262222,14.69913,1.8296528,0.19642575392139014,-0.4846374172235059,-7.730020266561662,4783.719
4198767793875827456,284.6227873952943,-12.503064542673242,14.70081,1.205553,0.7491342063107148,-0.16952274724181599,-3.5411717777493297,5743.445
4102686253057058304,284.6483877303258,-12.613380902092715,14.706258,1.1852131,0.9179626221960608,9.72590569851293,3.1712937319292727,5812.2744
4198780167707362560,284.54961641051534,-12.444637583930357,14.707042,1.2857714,0.476719104825682,-0.45501146939163084,-2.408879106283606,5508.7383
4102684603788477184,284.59198727222343,-12.655444351989374,14.7168255,1.021471,0.8561610225423671,-0.5944247669722641,-0.04918573180754579,6646.9995
4198770272102946560,284.68071129127634,-12.406359244154439,14.71882,1.6031446,0.6540380954115764,7.074397764230543,0.2017535186031646,4993.3433
4102690857261135872,284.58538973154066,-12.53336461896274,14.720353,1.5775843,0.5118763625039389,-2.9611437042023576,-1.648136094602085,4933.8457
4198781061060862848,284.574862104502,-12.413438461333483,14.727046,1.1723347,0.8947898256963008,-5.999770475785014,-5.830229762139233,5841.961
4198785115510098176,284.5128146262952,-12.331757896417008,14.729475,1.7510719,0.2601056123124067,-0.6860271922472783,-2.1639782744364973,4576.716
4198768519756252672,284.70029056929695,-12.441185786067729,14.731762,1.5557203,2.3890596466191822,4.584283580397429,-0.6648823407453364,4633.466
4198781091094995968,284.57242304390235,-12.408000099005692,14.732824,1.6741066,3.199094466878487,9.016757837369646,-5.666677507551024,4687.346
4102688692597573632,284.52317749734254,-12.612006555734327,14.735962,1.729435,0.22354647663187438,-0.5071704683646339,-0.4069080733713842,4751.3545
4102700130064068224,284.4191761689938,-12.613125108055545,14.739728,2.0812807,0.08394260224041697,-1.9840681242996656,-7.466296736842148,4815.4536
4102703261126899328,284.5494422824948,-12.471798554926782,14.743037,1.2636671,1.1351470730680921,3.9213130861530967,-17.24156654217745,5730.6704
4102700752865976192,284.4580746975595,-12.563980968148737,14.754125,1.3559017,1.511356676561181,-11.217672479008082,-15.206395796244198,4967.2905
4198781537771717248,284.5749466501765,-12.383589698773168,14.757475,1.614728,0.32580742645662575,-3.513016928288817,-3.8686334137579794,5224.0786
4102705253992066304,284.3810369817778,-12.479180334271346,14.7586975,1.2575645,0.7927806951846095,-1.6119440279716306,-6.058326830695921,5507.529
4198780644418380416,284.6109769840219,-12.410692495573228,14.759864,1.1888533,0.7503468132408068,2.057339386747489,0.7561001463269219,5840.553
4198786146302290560,284.4811169587982,-12.307463632742314,14.761916,1.4827929,0.622321329567966,0.6626538961667163,-0.9626205195594632,4833.0073
4102704012715545984,284.4855704616759,-12.460773051358144,14.761946,1.4901543,0.4838855244318432,1.2546888201554989,-3.399195032261898,4931.3574
4102689173641595264,284.5778064816035,-12.612580661658937,14.762903,1.1974773,0.7046083892934022,-1.7624994325742698,0.6830066981985,5898.411
4198767111006962176,284.66187697549407,-12.501705659698587,14.763811,1.2836819,0.7445176199884771,-4.884056280150057,-12.48098956449332,5498.0854
4102708449447888256,284.41343252642184,-12.383368340668572,14.764109,1.8734074,0.11139238758632077,-2.3668822158203935,-7.181148262221589,4915.0435
4198783324478400128,284.6378474834071,-12.33341512845778,14.765514,1.206994,1.039938433558064,-0.021026535250305567,-6.406051697355594,5856.3433
4102688825710193664,284.4822947710312,-12.607496189669844,14.772598,1.4079161,0.6259291538810144,2.9247830164039836,2.0150106094846327,5304.0103
4102707109417976064,284.41356696116503,-12.431369323817572,14.7733755,1.7386656,0.1861380234270457,-3.509791006750902,-4.327000455360335,4720.7163
4102700993384252416,284.42346781377887,-12.551737835048549,14.77402,2.215395,0.10352976207858028,-2.8892600536365354,-4.1182446472124985,4537.558
4198784664508126976,284.51703154238913,-12.350952885906706,14.775162,1.2288895,0.6795655250907441,1.3946043922771174,-1.7867637701280892,5739.152
4102703742163492480,284.42220426002433,-12.48068608736446,14.775202,1.5448647,0.4295615368763396,1.3000656054749176,-2.4874119085746145,5178.197
4198767110971443328,284.67023050543696,-12.501527256489377,14.781941,1.7289295,0.2002201349514096,-0.88879291697544,-2.362506008969042,5103.6875
4102688898756127488,284.4730904627692,-12.600006230967045,14.788098,2.007553,0.060015220089968124,-3.0521617154493135,-6.877234507918945,4705.983
4102703394242576384,284.4548329018453,-12.511459976279198,14.788601,1.2063932,0.6065656137725199,-3.1201005223737424,-6.440066943546436,5562.152
4102708552527323776,284.423659298364,-12.360196389556352,14.78891,1.1079044,0.8870573032428098,3.7050227026696043,0.3462357658434827,5935.5127
4102684569428708608,284.59230363681576,-12.668727196975057,14.793463,1.3814621,1.9033296359639675,-0.7007364852151203,-4.430369877967434,5327.1836
4102702264694743936,284.40855034188456,-12.492321549104682,14.79415,1.5834379,0.1160021219794496,2.2832690973729184,-3.5815353675571147,5558.4736
4102708651280591488,284.4088723991834,-12.37042660510778,14.797244,2.0046082,0.05404629805834822,-2.926909089966134,-5.4283859241855525,4566.1
4102685875098757504,284.61344242335116,-12.653753216840819,14.798566,1.7289286,0.40993095700433274,2.6042345709935204,-5.921705899198598,4712.7617
4102700752865950976,284.4639277521643,-12.569429669852092,14.803978,1.8543367,0.093850666095252,0.15831096412518436,-3.914155156771246,4909.6123
4198767420244578304,284.735497749629,-12.475026794984267,14.804121,1.09062,0.6854292619703667,-0.014379553834147962,-1.325275497341067,5808.9473
4198781335938807936,284.54393427972707,-12.393189239755765,14.806311,1.1485834,0.9646667773512669,-3.2363333224466064,-2.5875346849873804,5835.329
4102708037131051008,284.38468960634856,-12.397793995618757,14.809835,1.6107712,0.16871191160307875,-4.045036527573249,-0.586689634046233,5557.43
4102690582383303680,284.5275791715839,-12.55135536812734,14.813022,1.281209,0.7893234210266731,2.9814193512528084,-5.1539098092391535,5526.422
4198786558584215296,284.61458692439203,-12.307786546823325,14.815298,1.2029657,0.9539305926752415,2.4667946074867624,-3.396495991015127,5705.078
4198779892829718144,284.5763120061909,-12.46320510461806,14.819509,1.8466196,0.057012218012383736,-3.2271970593878763,-3.1935888697964376,
4198784393955551360,284.53009574486407,-12.367775488201568,14.824895,1.6596909,0.1550475054541254,-0.8208379298648341,-3.7309992441643525,5044.2124
4102700581067389184,284.39890629503213,-12.575368214482651,14.830112,1.9584246,0.22636724451880927,-2.3819342945286937,-3.0981588904782127,4563.732
4102685978177929344,284.6605261541598,-12.632065691602046,14.833619,1.2935324,0.8767086873808316,-4.054886178416425,-5.5099473556922876,5316.1987
4102700198783593856,284.41312014053364,-12.60723249795647,14.833676,1.6114445,0.2016329841933052,-0.5716125615055809,-3.681579128669072,5186.943
4102703123687977088,284.52370916067207,-12.483213778200538,14.83485,1.592082,0.21510081565920144,-3.5717720560243214,-3.717607903559289,4853.4136
4102702402133407872,284.49691022398775,-12.532606718882295,14.834866,1.630188,0.30678543809184533,-3.0146748466196223,-4.3715546084965355,4632.123
4198763670707064704,284.68607206986366,-12.559476528510004,14.842587,1.3639498,1.9895171346844864,-8.014607491142847,-1.0473564391641144,5202.268
4102686493573989888,284.6947402313053,-12.607968321423813,14.84552,1.780735,0.09828133552699958,-4.813723193829842,-1.2076774208792826,4696.2993
4102707178137490944,284.39851149279843,-12.429684109858167,14.846285,1.9142246,0.08096344639653325,-5.023773312828868,-7.02495024151214,
4102685875099934080,284.61993853834844,-12.651002850803117,14.847649,1.4307871,0.5647647179430144,-4.71445344529674,-4.888182492852195,4989.0195
4102687936683276672,284.5374737689128,-12.622535916269609,14.85174,2.108964,0.11847114804925546,-2.82935323514186,-8.040480718506002,4876.307
4198781537771724544,284.5793993063314,-12.381602208267594,14.857621,1.6952591,0.24934858848472236,-2.5122867234427857,-3.952099662418728,4684.509
4102688520799017984,284.45729868443556,-12.60914464137452,14.860709,1.5522327,0.16584675961995976,-0.214245299328352,-6.516556769488449,4917.521
4198780408225770240,284.6430393577591,-12.432288908964665,14.862403,1.6486988,0.3036376794702319,-1.7858729543569498,1.9492416276645945,4888.484
4102686115616926208,284.6308751881619,-12.637887848043178,14.863135,1.2421865,0.8463929804182737,-1.4990728661557091,-2.7390042872171048,5639.783
4102707453015312768,284.4676304293535,-12.404263878253701,14.867163,1.8361883,0.08607633066685773,-0.3721996321048833,-5.919107487323561,5044.232
4102705150912853376,284.3723566399299,-12.4861369275837,14.8692,1.7738533,0.2506554641187472,2.8485595231394667,-0.9707666012373041,
4198783157004898048,284.6473074869177,-12.352742580449457,14.872384,1.6394148,0.4194782436950249,6.139618020324614,-11.040419869561099,5066.2114
4198763778112265344,284.7364608992897,-12.54264187988545,14.880746,1.5669537,0.1508133699693696,-9.10321279332271,-6.602014267532847,5785.7686
4198784733227642368,284.49359724561407,-12.337812254513638,14.881976,1.652483,0.15083881807458996,0.16985196909081554,-7.741885489358428,5088.351
4198767626403013760,284.73937798779184,-12.463076418891866,14.884639,1.3723879,1.5598771636275208,0.32213752940681123,-8.541812448657264,5617.7544
4198781335938805248,284.54309835465034,-12.396778497477092,14.886608,1.0183668,0.7040725086795586,0.07467313282611943,-4.568242402814054,6429.0806
4102708621246803328,284.3861604322832,-12.374585793591862,14.888559,1.3065462,1.3487869895503697,9.844520125907327,-15.833646049033005,5078.8096
4198768657195241728,284.65706332019363,-12.431489724968857,14.891857,1.1816072,0.4384170506726245,3.204369760634069,1.7645567922554162,5926.315
4102686802811697792,284.6881439372485,-12.58373468364527,14.892614,1.1855135,0.9534706200991271,0.7569872906839417,2.9502429593828445,5838.3955
4198770061618897024,284.74323501949675,-12.421984616622707,14.90026,1.6755676,0.15402012004327795,0.5557586404732977,-4.753218608945133,5167.531
4102702127255799936,284.3921964890302,-12.503334358972412,14.906262,1.599431,0.22159087211717554,0.4057325987287896,-3.29975327136751,5223.201
4198785630906224512,284.4504474418378,-12.323564414273488,14.909763,1.1584415,0.5593185572255761,0.6205257540538063,-6.050770252298289,5843.815
4198784703193232640,284.4965887511227,-12.352432702562783,14.915135,1.4170971,2.184492760198273,2.505822332387453,-20.508679791419095,4813.807
4198770130338444160,284.74146748387307,-12.407353190537163,14.9166765,1.237855,0.6766319968758828,-1.279934015752349,-1.7427466362098114,5640.387
4102701096463413248,284.4608019513258,-12.540416492178014,14.91908,1.5228987,0.16843616686710988,-4.1660501216782135,-4.765706882125022,5324.1777
4102690101346747776,284.6481268805026,-12.54290936948804,14.924072,1.6527615,0.16984540842350107,-1.062742924228333,-0.3149891042414967,5042.6562
4102700649786726144,284.4478461356761,-12.588377142643694,14.924581,1.0623446,0.2551065952197312,-3.7876672420832396,-4.080096520233868,6445.775
4198780820543429504,284.64093981446956,-12.381693759268911,14.925032,2.0777159,0.15285929125243028,-2.1450382359701443,-6.376199073548671,4306.6543
4102703707803718144,284.4435099118223,-12.477311462426222,14.928946,1.7935286,0.2688519003606696,1.0768599733490458,-1.6549542385187948,4971.3335
4102700924664705152,284.4329421456437,-12.572611845230114,14.929374,1.6953535,0.1581699267551397,-6.495442177260395,-6.265808984850171,4701.056
4198767214086132224,284.7274197827775,-12.504095784550502,14.933891,3.529663,0.10569810458439759,-3.1226286458136387,-4.79556609946898,
4102690857261112576,284.59771355192845,-12.533233386580948,14.936591,1.5624723,0.5119261786371596,-1.733287341780961,-4.316455813137551,5302.2114
4102690960340343808,284.60013728545977,-12.522856734334981,14.943764,1.8107443,0.20894570051141026,-1.1766665516122756,-2.951343050665275,4664.695
4198766904848519552,284.65642294103145,-12.52336858013386,14.94907,1.0997248,0.7330975248373175,-1.4368888453942164,-5.358657375486858,5766.0205
4102702539572359552,284.51912223251156,-12.513183388649978,14.949549,1.9450903,0.11112877230786318,-3.6041257182478144,-5.405831759814274,4809.293
4102686454888306304,284.67679520648755,-12.601600277578585,14.950814,2.0028515,0.16328846744441372,-3.4648187491247033,-6.7533980989265725,
4198784015999191680,284.64445967174004,-12.29745022486182,14.950848,1.4506426,0.7143887601439414,2.2257814944872565,-5.111734768995588,5493.4873
4102707143777707136,284.4202421754988,-12.428632250552601,14.951536,1.568368,0.44522201160366587,-0.39212951825268005,-4.2131742040505245,5231.7817
4102705082193308160,284.38143972889264,-12.509420912344764,14.952236,1.3174238,1.2451278424519172,0.7923682904952852,-5.764862540612574,5567.6997
4102705352745249024,284.3635191447845,-12.479603461302425,14.953608,1.8371153,0.15492345038703115,0.6409243504254225,-0.7803410266864074,4626.362
4102684397629972224,284.62166348474807,-12.663574164635094,14.955179,1.6107788,0.486573510340789,0.5130314124547085,-3.5107814350417588,4812.6733
4198783328803603968,284.6514598740071,-12.329284996666905,14.958641,1.703393,0.09539409168622634,-1.3914192358068769,-3.885912486342611,5003.2383
4198781954414114048,284.5784023371464,-12.34198725058661,14.958936,1.705513,0.19744370325754065,-6.200167655907817,-5.050073230415322,4536.612
4198763670710504704,284.69575977035805,-12.560483938208042,14.96033,1.7723427,0.14700554076778577,-4.539456870723181,-5.508447299833842,4657.2437
4102688967475591168,284.49581151013643,-12.585048945701486,14.96477,1.1860018,0.901603915433669,-5.270497969977934,-6.175566208689423,5705.3066
4102703810882886528,284.4621030573434,-12.47838696413696,14.967184,1.2432928,1.2220139501013798,-1.2770686959543047,-4.440219014991851,5222.275
4198779858469963776,284.595792987668,-12.465550114475183,14.968426,1.6317587,0.10520462906033597,1.2863907006739002,-1.9203632040936447,4820.0317
4198770031592529920,284.7292610265657,-12.4187251811023,14.969515,1.8316183,0.23486911332747684,-1.9547902831190032,-6.088660203737338,6005.223
4198763537594083968,284.735081325778,-12.5647440311433,14.9717245,1.2378645,0.9294315762710637,-8.669251449593586,-16.860098237086916,5636.3325
4102687971043052416,284.5464593565344,-12.597888725184234,14.987023,1.5539942,0.7324676995568395,-2.612430125208673,-4.370836273430153,5020.6216
4102708655606366080,284.40139471370543,-12.371750345830911,14.98799,1.5606127,0.43400339464507154,2.2070100543980704,-2.6672975080378185,4893.639
4102700718506242816,284.44632142966367,-12.572012424249852,14.990417,1.8192482,0.13429094950458395,-2.1256497531602783,-5.5241677398486875,4915.7803
4102707693533530368,284.45988351320017,-12.388359313221635,14.990461,1.878398,0.1007764375288035,-2.6978172558913003,-8.427124071517722,4834.8755
4102707006338751232,284.40616636763474,-12.443017838425686,14.993668,1.6318235,0.1714509304083906,1.1745339184536574,-1.0432315351877985,5096.755
4102690479304056320,284.5235568678142,-12.570222292620137,14.996533,1.40767,0.6532662215745315,-3.210418463197499,-1.2572153605011753,5280.6367
4102691235218325248,284.5790094950681,-12.508506229772756,14.997451,1.7223539,0.15184355727373083,-0.4714221423863112,-5.173660049555338,
4198767385884829696,284.7390256707575,-12.485607946821972,15.002668,1.9672432,0.1885583775605045,-2.7326204397651903,-0.8848130221551973,4690.1675
4102686218696177408,284.63120503816646,-12.62133925186264,15.003674,1.8673773,3.5465811289006615,-17.535028002341573,0.40724266325095215,4475.7573
4102701955456985600,284.4311224657143,-12.519247572006954,15.005303,1.1919918,0.9405593193473454,-9.923121648820157,-12.200475363309945,5800.7354
4198781847009484160,284.56760924672784,-12.362325890009895,15.005747,1.6237364,0.10497163829467625,-3.469521171633269,-5.88461159463664,5286.3013
4198783633716284800,284.6319660681774,-12.294356078405546,15.006113,1.4965544,1.2685613690543023,0.345671175268012,-6.559509781714801,
4198781061060861824,284.56724106683424,-12.421778149754983,15.0109005,1.606205,0.16604616082655518,-0.535196686816493,-1.6768311285079436,5356.959
4102684603788477952,284.59643096656396,-12.651259198200629,15.01851,1.6612196,0.2689476724698586,-5.406634106965505,-0.7231414628270341,4927.252
4102708518167320960,284.4531070483784,-12.366467859256282,15.020033,1.5190582,0.17279194947058954,-3.3261175837420187,-2.61007189167146,5509.0527
4102700684146427776,284.4701141050618,-12.584742855354854,15.020542,1.813571,0.22122174515854912,-2.3324924293207623,-3.25979088095612,4616.2515
4102687799244336128,284.5149983278884,-12.637393370744194,15.02217,1.5945368,0.15606215317817235,-3.6330532166953415,-8.29240046405271,4861.8433
4198784393955555456,284.5264889876355,-12.366706013737746,15.022682,1.5116472,0.3061432412173603,-0.3280549112012805,-3.9350462982781087,4850.4307
4198768004360196224,284.6111456408546,-12.496620860748878,15.023865,1.7253742,0.09188762321222382,-3.9506258635664864,-0.48694917432123497,4807.1626
4198780786182933120,284.63168744649505,-12.392014645745906,15.025001,1.8713923,0.11271683601630147,-4.833892237637372,-4.185069453644909,4541.725
4198783225724393216,284.6336523395609,-12.34057873237395,15.026075,1.2278261,0.34702789211488444,-1.2077184321636043,0.6957392101994353,6018.716
4102687799244340736,284.51124481531605,-12.638606965106648,15.029666,1.8834124,0.10368015400341671,-0.4765784241262059,-6.76238105026153,
4102703982681520256,284.50716408619513,-12.461475283666552,15.031187,1.6994457,0.16949315251643465,-3.412071907973482,-2.53963833001494,4621.8076
4102687730524830848,284.520749374114,-12.645526838703974,15.034724,1.1526508,0.8549101834529781,4.3202116851178785,-1.8992037572396931,5881.7485
4102689585950749696,284.57556233655987,-12.574277324321994,15.039506,1.141902,0.22870324123454144,-3.7775726217459082,-2.96733183551765,7040.4663
4102701848051631360,284.41065418388314,-12.528732875708938,15.0422735,1.3636656,0.9650758711804629,4.640747753145434,-3.4358912210505945,5786.5596
4102703536004889728,284.48625688808073,-12.495729502943355,15.044289,1.35038,0.2655873859794194,-1.0844510294277028,-1.1886136112857464,
4102708380728365696,284.42715488608246,-12.391068123026452,15.045161,1.230258,0.9092424685492676,-5.0295179945231965,-4.408426717877774,5500.247
4198767007927742336,284.65834864701384,-12.512005416197159,15.046525,1.7893944,0.11565946999361064,-5.430590822451417,-4.542410242854931,
4198784634473749504,284.4973457325316,-12.360237238269233,15.046582,1.2259302,0.5736508591667945,3.5762034992471503,-0.2485158991431204,5747.6777
4198785905784562304,284.5095932647985,-12.31230903326396,15.047627,1.7853775,0.1224759140755365,-2.974567141840858,-7.356949485347028,4926.9707
4102704463717990784,284.49928447668367,-12.412781443035712,15.053209,1.2124233,0.3705084827308315,-0.9168282995731885,-1.5950183710715373,5689.124
4198785626580860928,284.4485046546896,-12.333924076427014,15.054748,1.5799379,0.13441293434333745,1.1165568382130888,-5.679395750692041,5005.8975
4102687730524827008,284.5288735610587,-12.640517387203028,15.055099,1.5914135,0.1704203812825553,-4.648614573646802,-9.229531860501544,5258.9795
4102689001835314560,284.51412964636387,-12.575507723435713,15.056111,1.1832857,0.690268680978023,-0.7000233764439527,4.314435016417921,5785.8574
4198784428315308800,284.51107744947353,-12.361836702756353,15.057285,1.6305971,0.21335986926056044,-1.4873969576904664,-4.555601601179779,4911.5425
4102688142842691456,284.47847734600424,-12.63778561233245,15.058726,1.7816563,0.15183130913603202,-4.732965233397137,-7.136030566107498,4404.4414
4102708483807611392,284.42720652547837,-12.376962289827398,15.061418,1.2485142,0.9808846051962165,-3.126025633943602,-5.032348342721341,5501.008
4198767759516076672,284.6472664760466,-12.504950307649773,15.061713,1.6196709,0.23872645477137283,1.684918300401473,-0.13322302818914433,4993.7163
4198780025942911616,284.5982544459742,-12.447108897298037,15.072455,1.6083984,0.3055684177181092,-7.193340187112964,-6.425821092703155,4842.143
4102690066987043712,284.62480083212995,-12.54931863932027,15.073903,1.6653376,0.3092795482366139,1.2865485540389627,1.9919371066767495,4747.7275
4102686734092287872,284.65731627687165,-12.581689240609949,15.074082,1.6221266,0.14169852956601842,-1.0690745547498521,-4.447542791108511,5215.027
4198763670707060608,284.68326032558883,-12.561278868295247,15.076482,1.2350292,0.6459928406715955,-1.3395201164391366,-4.9177892015215825,5640.6196
4198787520691800320,284.5460168510526,-12.28076101136902,15.076556,1.7082748,0.15500433643592468,-1.0010164473904672,-7.3327305502289715,4901.5493
4198766836129026816,284.6809162763241,-12.52360946488663,15.077332,1.5848732,0.17357506856798768,-2.0371429081465764,-3.291006418098305,4930.7236
4102689448511781376,284.5609366395053,-12.594126489067271,15.081077,1.2151203,0.8187990907558441,-2.789808185006603,-3.9167833799690173,5830.1196
4102706319144075392,284.36297377216727,-12.444312916962598,15.084579,1.8271122,0.0844326250487912,-4.726813614966568,-1.8013850182806241,
4102689719063660928,284.62611758934537,-12.573834109164128,15.08858,1.477541,0.4179257914520196,1.8481805129260875,0.6076683958721111,4928.388
4102703192407490560,284.5113676513797,-12.47853688249359,15.090107,1.6616058,0.26574650078073114,-2.6832645964010977,-5.573168187632161,4658.589
4198782568563990528,284.72579230136637,-12.36115494932667,15.0925455,1.7976446,0.21954753138307417,0.3022633791952439,-0.47897596110687224,4969.224
4198780373873795328,284.6438583125396,-12.43477995692117,15.093209,1.7337618,0.28302140038239354,-0.3057865248857228,0.7607053248561901,4666.1626
4198770061618947584,284.7392515391967,-12.41124220139303,15.104084,2.6079998,0.08064799097405206,-3.6670163964434774,-7.0885087819280495,
4198786489899606272,284.5821432638555,-12.304260438687763,15.105397,1.5139027,1.2266101013887476,4.726944423769607,-12.252842480010772,4759.0083
4198768279238078720,284.67992223769767,-12.46699517036066,15.108177,1.6197672,0.18545979900612813,-6.5325643786366605,-7.248263816670453,5282.2197
4198770203383447040,284.70343174408225,-12.417879246608777,15.109843,1.6401215,0.3880978217361022,-0.5745121858752446,-0.5895650439140563,4864.23
4198769992899389824,284.7140265556518,-12.428484165481414,15.113281,1.3176403,0.5944703813257858,5.33108074167729,-2.5960044964492863,5551.036
4198783225724386944,284.6382456884974,-12.343232783512214,15.113772,1.1308546,0.5271005059396029,-1.0402555122122652,4.03638193918474,6152.2554
4198781748256217984,284.56744327841653,-12.375701662234142,15.11733,1.4938126,0.07454027337493618,-8.764007138386836,-5.260088011727653,
4102700546707581056,284.43082351883965,-12.575314990334167,15.118336,1.1584272,0.486630697980612,-3.361228859992063,-6.394252578941408,5965.6157
4102700649786688768,284.4670447329048,-12.587891613908624,15.118956,1.728406,0.2875391968905957,1.1172725276826472,-1.2309774746352797,4668.712
4198768038719937152,284.62312409150667,-12.481348900744777,15.119524,1.625617,0.2934867299461288,-5.561924933225667,-6.722043721538281,5198.8506
4198785012430845824,284.5775584833532,-12.320749986949396,15.120661,1.1574287,0.7097023501007282,0.00828081087435903,0.3061906389099058,5864.8984
4198785665265526528,284.4279473647817,-12.327496691538036,15.122015,1.2082796,0.6043999441593808,-3.089103884462488,-2.0502348393242684,5797.4814
4198782401090642560,284.6566546677424,-12.361122735287541,15.123802,1.8344975,0.27535674851845976,-1.3291066036461072,-7.782425054515974,4703.036
4102701714938935552,284.37165149894344,-12.523525845963217,15.125895,1.6480408,0.2651692539160898,2.4801348244750536,1.6037490728263917,4854.2397
4198763567627879040,284.738809755589,-12.545896939535332,15.130778,1.1777029,0.6376868865037366,-2.7902640577278035,-6.1491590496718995,6281.4023
4102700581067998464,284.4077330852653,-12.577027514170622,15.132149,1.2627478,0.6585073458950989,-1.223946442610503,-6.017121193889343,5303.102
4102689856502777216,284.64568503755413,-12.552518181964363,15.132838,1.5830412,0.11852544573769838,-1.3166457251966843,-11.350839200598498,5151.0806
4102689482871514368,284.57374791125085,-12.584701555747603,15.137282,1.830431,0.181324162385969,-1.7754252931475376,-1.1509789678069526,4587.316
4102707143777722496,284.4228341753513,-12.41957062038393,15.140158,2.0043411,0.16102223927282747,0.6279132095348601,-4.008082518993032,4606.5454
4198763434514869888,284.7307868762247,-12.567812565699146,15.14127,1.4996948,0.49099494473645283,-12.318735040828926,-18.093728101406725,5349.873
4198767007927745024,284.65212004796405,-12.513256069926683,15.142427,1.1319532,0.7914905633490885,-0.6932721932350546,-2.166293887586149,6167.053
4198785970178421888,284.5047966436371,-12.305449868396932,15.142581,1.279748,0.5324584718876372,1.021605771072417,1.2059142541679966,5402.0103
4102707246856816000,284.45825730065405,-12.44360839684683,15.142859,1.233717,0.6682508890558656,-0.579849098291477,-2.199237219814835,5408.7817
4198785493467229056,284.49468584234916,-12.335043799339976,15.143429,1.9568443,0.130639563415352,-1.9630027221742223,-4.972626263210757,4686.0806
4198764293508347520,284.7648883944144,-12.505455537975717,15.144334,1.8712053,0.1922475198689142,-4.804438070781273,-0.6090119775472458,4928.4043
4198769103871770368,284.739090208787,-12.454255769205899,15.148295,1.1915188,0.5815340813230625,-0.6856522599132804,-5.360018410606167,6247.246
4102689448511790208,284.5515866866423,-12.598102061301208,15.148536,1.8117332,0.1269069684273777,-6.60801280321922,-4.363273067242054,4950.9556
4198766767409529728,284.69776267511463,-12.537436582976122,15.150304,1.5341196,0.18700833333629505,0.22158343082799092,-1.749255400967101,5050.3
4198786004538161920,284.5290897338657,-12.305485479828311,15.150735,1.8403959,0.08035213890656107,-1.8269790210687225,-6.427071185651671,5139.8716
4102686115616959616,284.6164287671623,-12.636023137712083,15.151103,1.1901503,0.7134892037626389,-1.760107784841843,-5.105683626039178,5653.2925
4198767695130311680,284.7219207406957,-12.456258631072442,15.151495,1.7024164,0.19210203524735958,-6.684411021029028,-11.67706479084543,5041.4326
4102707830972583040,284.37820045897513,-12.421182708154747,15.151585,1.3990021,0.6128281314271279,4.5580587797419545,-0.7962080990873964,5433.865
4198786696058041856,284.5676342734795,-12.309209816050673,15.153421,1.8305168,0.16231358846962504,-5.751586555825337,-6.8004006469000835,
4102707276890847488,284.46234395894436,-12.42668053777524,15.154713,1.2554789,1.208547650625407,2.6592125649827034,-9.076830606403314,5689.0054
4198767244120027392,284.70890153004615,-12.496552275629588,15.155517,1.1256628,0.6400512037077011,0.24538596300192558,0.38892169604978183,6108.4243
4102703123687938944,284.52515878215314,-12.496896142329451,15.156398,1.6532307,0.15311803339792673,-4.448486043222963,-6.47173826771264,
4102686665373918464,284.67096921312896,-12.593943118755696,15.157549,1.7193537,0.16977986270177953,-1.4443011863309694,-3.100136035019841,4673.8306
4102688894429770368,284.4697631715589,-12.595483458562214,15.159122,1.5049019,0.4417507346194996,-0.3132371854322045,-6.0757993432677475,5423.994
4102690822901394688,284.58053750456094,-12.539083941372851,15.161813,1.5394764,0.16182486968939033,0.7954314243370388,-6.11410059615485,5510.8374
4198784497034408960,284.4744704584098,-12.376613479463698,15.169144,1.9582205,0.12800626272010163,-0.5700064030261133,-6.233004301357749,4652.067
4198767278483318400,284.7113579728836,-12.492030544383967,15.170773,1.5927095,0.11011663832815143,-0.7771118661954945,-1.2328095296697479,5249.2534
4102702711371085184,284.50148401060545,-12.516180496777633,15.171634,1.5898161,0.19393298635286932,-1.4712369754188765,-5.60884165628436,4879.6436
4102707899692089344,284.3708017375039,-12.414504807273966,15.172071,1.295044,0.8121217835227778,-1.4836535563106883,-5.883866335553389,5362.5083
4198764362227839616,284.7537636030805,-12.494025643392929,15.172171,1.2340584,0.5416179253502676,-1.5733882544484492,0.23299129769329346,6352.5977
4102686665372759552,284.67157376947137,-12.592753208015807,15.177404,1.2054634,0.6217544212214636,-0.6898315032406943,-4.875042926688623,5886.807
4198768485396513664,284.68851738464826,-12.452791647823211,15.177542,2.1087046,0.026309225691050906,-3.425237737995716,-5.3248000044471935,4725.461
4198768073079689600,284.59967758829407,-12.482966988076065,15.1779175,1.2555494,0.8981562205073749,-1.4170894137537384,-1.7748814396699701,5680.6885
4198785798379683456,284.4438873052819,-12.314275765911052,15.181017,1.1444178,0.5744338136443435,-5.229741467405844,-5.278484354001009,6426.85
4198786489899609216,284.5731703284811,-12.308381850673756,15.181201,1.2666683,0.49573784997622977,-1.1679311685539757,-1.2444164484809785,5511.603
4102705249665998464,284.3871861602538,-12.484160320042196,15.1865835,1.5960627,0.35907347319981486,-3.4571231309202917,-5.283148067409632,5258.2725
4102687455646830080,284.54561144633357,-12.667340242736486,15.187311,1.7840996,0.1729091013332885,-3.7971112883799694,-5.717382257562026,4733.663
4198770443902414464,284.7287251570917,-12.376669261263203,15.187732,1.7288322,0.15867987739910538,-4.3932947760973855,-7.656970611291382,4716.841
4198781125454745856,284.5610249000287,-12.404101523702662,15.189386,1.9071102,0.11850225506621984,-2.0325620184019226,-5.74693884651611,
4198780025942923776,284.597697196989,-12.44293295523613,15.19381,1.2083807,0.7934210538861787,1.3655121845836522,-0.733798911145724,5854.4497
4198780030268663424,284.6082136170964,-12.444706994157528,15.193881,1.2879095,0.6661616436304294,-1.595093867390795,10.27051933796353,5229.0166
4102701886737469824,284.4347499608438,-12.532175948691664,15.203117,1.9355936,0.187598526540189,-2.277275258532086,-4.4360598130999325,4650.8867
4198763949910953984,284.75033573271185,-12.534851253952034,15.203581,1.9545393,0.12194205446383923,-2.4101591905789177,-4.562028219574709,4514.0146
4198786764777545728,284.5482114424249,-12.290270469972421,15.207126,1.8344383,0.11713598987683581,-4.279121441026308,-6.927469744474438,5083.2334
4102689482871498368,284.5747448739421,-12.591298654907936,15.208235,1.1062479,0.5406001132201049,2.721870235298648,-0.1086345510800526,6482.7563
4102703359880522880,284.5425306499978,-12.458917142555897,15.209446,1.5650578,0.3721653740475934,-0.5639393792766741,0.6864777403478131,4902.577
4198785145544628864,284.5279462320709,-12.319236925452987,15.209668,1.7282982,0.2537361067455372,0.03089320124887389,-0.2693795919567068,5126.416
4102700890304910592,284.479188842215,-12.552440490203189,15.2129,1.0942574,0.33639502004565497,-1.3719562788621504,-3.105122466251383,6465.8843
4102688379033418112,284.4443862889326,-12.627781931022495,15.213878,1.974164,0.08716699067569879,-1.8962716459861981,-5.677509792870772,
4102691166498819968,284.58589999013327,-12.5148425017605,15.214589,1.8806429,0.08495171314713368,-2.987458526413682,-8.111443701048369,4596.3706
4198782259326393472,284.6932653592298,-12.359167876548932,15.2164135,1.2307396,0.5133602937243825,-0.3508506977518113,-2.8827286707201405,5723.8315
4198767592043284736,284.71617717525083,-12.472072501770015,15.218503,1.8386259,0.17580831214860979,-6.450222536829376,-9.678735800052578,5137.962
4102708861764834944,284.4160847167852,-12.34087220144468,15.219838,1.3164587,0.39806311501693914,-3.5101854134238275,-4.168438722287351,5269.013
4198784840632160640,284.5422733578642,-12.346033529594791,15.22158,1.0904846,0.6486447285863384,0.6668195850726626,-1.3118691398963096,5929.1196
4198780202067386368,284.5713064440281,-12.439126031883996,15.223535,1.1370897,0.8138016176379124,-0.6390288394143154,-2.0348488006541516,4980.4927
4198785729660148096,284.4517010428195,-12.324468093544901,15.227289,1.2324009,0.6598806620221928,0.9592540414358325,-7.574341958352403,5690.6733
4102706765820537728,284.40796193678597,-12.462012879784021,15.230893,1.1946344,0.760214872519465,1.450064650406702,1.3138317481297186,5797.4976
4198781679536174848,284.59218333515014,-12.368933570602604,15.232709,1.7183638,0.18522934499209964,3.9555879066130597,-8.159081567559419,4771.052
4198785489141912320,284.4884606740771,-12.333939609761694,15.233988,1.467741,0.28351786408079444,-5.429428577363238,-4.335250271359729,5381.545
4198781056735197952,284.56164640892655,-12.4180973949637,15.234055,1.2500086,0.8562488183737661,-0.4312539396914961,-1.1570424206329895,5743.735
4198763773786322432,284.7406414497108,-12.539406711516559,15.234201,1.8594027,0.0496115702669003,-2.8000818189006464,-3.715930301089142,4858.551
4198780683103710720,284.6225429088921,-12.410017101841815,15.238054,1.1200123,0.5320115967745027,1.2552594819333347,2.702629527492342,6080.9116
4102689723390705664,284.61824527248865,-12.57769814539933,15.238806,1.6638298,0.11703913522453074,-4.987622528568046,-6.112561724817976,4733.2866
4198780098951792384,284.5621759751715,-12.452898148397805,15.240789,1.0497637,0.6972377731741077,0.3850770429729178,-2.8065038454736806,6387.0347
4198785424747773056,284.4632211459999,-12.337542839431578,15.241761,1.0907307,0.5450880410738715,-5.79748319197997,-3.522700296015949,5684.017
4198785390387611392,284.4519256924494,-12.353280441579468,15.2420435,1.2223654,0.5004565233684384,-5.964138634014423,-3.8036829760223716,5354.9272
4102690784215789568,284.5956532823517,-12.541913198362222,15.242535,1.7408237,0.2200412447806873,-1.3423826601391486,-5.579732250266654,5017.1665
4198779888503858688,284.57509881879326,-12.466063804371547,15.243594,1.1593447,1.068586953091487,-4.409422131741225,0.5814747587757303,5662.1074
4102687867963761408,284.54453690846833,-12.633973722321269,15.243756,1.5597534,-0.7120680958790877,-0.10870650177819949,-4.708479805509715,5036.0166
4198780541339210752,284.6645149632856,-12.402477008382267,15.244349,1.4835196,1.3802101935965505,-20.70193981358626,-8.086368222631727,4712.6113
4102701092137276416,284.4701424891908,-12.54453962564574,15.246075,1.7023401,0.15839942326296574,-0.09333225595718417,-2.909179227444865,5020.266
4102704326279039488,284.4783093015082,-12.432038556315547,15.247301,1.5383234,0.19321997292436988,-0.9666062130738804,-3.9569094065152393,5394.9004
4102703394239974912,284.45880642175354,-12.511031157619446,15.250965,1.526844,0.0940500807621448,1.3408173600154318,-4.902786282730427,5462.788
4102687657478835456,284.5495574690954,-12.636590664139032,15.251353,1.1236877,0.23284065205967194,-2.352429446654676,-3.919717599587952,6360.0825
4102701096463417728,284.4591508628732,-12.539789594400736,15.256498,1.508112,0.45021278978093016,2.474640802502788,4.5109082726847625,5025.9165
4102700301862882816,284.4318160347888,-12.598274444010418,15.256705,1.9404602,0.20009518933780465,-3.3793237766687203,-5.968900926894228,4504.2812
4102703329846431872,284.53143404580055,-12.46488171445607,15.257386,1.2105255,0.5491861960382425,2.5823267016153792,-0.19536577222267812,5686.2983
4198783152679591936,284.64502909101674,-12.353354469930105,15.258815,1.8994398,0.14430460141797666,-2.460327379808181,-5.12136602031734,4623.3276
4198780094662311168,284.56777213744334,-12.461347434382583,15.259136,1.1883249,0.41409396387799974,-1.7021224800511405,-2.9739519680645987,5576.95
4198785317343092480,284.458245604102,-12.355012228657046,15.260411,1.5044222,0.13610851964830586,-8.86702514763361,-8.242345493026042,5422.4995
4102686527934959232,284.7123492554982,-12.594601249585676,15.262677,1.3638964,1.5012656424598088,2.7954486744441542,-10.645692202431617,5194.905
4198763434514869632,284.7284187938592,-12.570369910075705,15.262726,1.6686296,0.11760782713286705,-2.1548165537349795,-2.739054662157957,
4198784497034407552,284.4770057686639,-12.384115589100007,15.263881,1.6399212,0.1666305350997658,-3.3134429734978115,-3.0603898007209684,4888.9077
4102707796612851456,284.3685421637772,-12.42721106359235,15.265469,1.2134752,0.8309648671220531,2.292953202489306,-0.5765955433767822,5841.044
4198783191364663552,284.61674905031265,-12.346476504727947,15.265922,1.2681484,0.850972331426561,6.421236045810733,-2.3656514774514577,5176.5884
4102703123687970432,284.5207970774544,-12.48899849174129,15.268081,1.1280813,0.4406755276507992,-2.2424743693637974,-1.7817480711224982,5626.7764
4198780545664725248,284.67023669305314,-12.405265380750524,15.271341,1.7513542,0.32381018435977205,-3.152976407498389,-4.899297434896248,4709.8623
4102704394998447872,284.5156340420587,-12.426663745839237,15.27154,1.8623123,0.09495774114595362,-1.811004662153358,-4.24238684938109,
4198781232859595904,284.52949938228534,-12.401547204622087,15.271803,1.6417551,0.09276800977506475,-2.65399607109255,-6.945798601875056,5313.9053
4102704429358232960,284.49043703783036,-12.431209050420087,15.273356,1.140974,0.4004268955816301,1.357513132171623,-1.8499662907587389,6396.0176
4198780957981648128,284.56259411452953,-12.423782084793867,15.274592,1.0428743,0.5075527801995234,-3.150258461748366,-0.9538072620696996,6616.178
4198780889227066880,284.63512531019234,-12.377039815819325,15.276291,1.5006714,1.8786138583919316,2.1434365592070224,-16.428831768869244,5105.3213
4102706834539991296,284.4360490344108,-12.446951908945472,15.276718,1.3204002,0.7645481169069666,1.2111615125046493,-6.545858327725552,5211.0947
4102690101347770496,284.6387924730575,-12.54105690597618,15.28077,1.6266546,0.2887576688191279,3.2509098648886066,-2.787014178667827,4938.8403
4102702677012039552,284.4807451616219,-12.507339351857034,15.281937,1.0376816,0.6136539422495758,0.9738667103018779,-4.734410737512773,6470.852
4198763606313576704,284.70484998289453,-12.565237085733502,15.283791,2.0361242,0.10145675012677209,-2.0195617083440305,-4.800484295873974,4553.5586
4198779824110222592,284.589099774619,-12.475264069691107,15.284867,1.5754642,0.11788385075475162,-4.85803517567295,-6.5754385183607615,4851.275
4102703123687942144,284.5265596334512,-12.494441634570194,15.285753,1.6703911,0.12949327383286102,-3.0063339309450043,-2.808353623750107,5030.9185
4198781748255665152,284.5655082548915,-12.37718772842864,15.286612,1.543807,0.22694181827693594,-3.929585350771424,-6.136353822766367,5518.8335
4198782126212709504,284.6760288609168,-12.374904621258922,15.289269,1.8668957,0.19862693737636386,-3.7877973889443335,-7.765231449992201,4595.586
4102708758685583232,284.4130426242056,-12.360328936042988,15.291117,1.5439367,0.1404255582944844,-3.286370465514737,-7.804208872778115,5297.2974
4102687421287240576,284.4988339051686,-12.640554221729223,15.297655,1.1782398,0.8160174493209866,0.9680603680263218,-3.212185278941159,5982.3677
4198779961549172608,284.6191757649946,-12.451789725515669,15.29992,1.5310707,0.1446683506148853,1.9246905056536585,-4.192466681923741,5481.663
4198768519756254720,284.7046201851732,-12.433611437061383,15.3024,1.78094,0.1825550389537064,-4.01853020000876,-6.5467335367308515,4748.8535
4102686631013035904,284.6557381276834,-12.599807352334086,15.306829,1.9001284,0.29360461370545166,-0.6955510315615456,-4.989639293021716,4672.217
4198767592043279488,284.72090235967164,-12.475116165985817,15.311845,1.2788172,0.06754218979259821,-0.6136447455939761,0.05146725355234558,
4102707521734843520,284.4262879670093,-12.416866604295503,15.313478,1.3619614,1.328699652387187,-1.1245092981013418,-7.71952509108876,6004.6167
4102688520799042688,284.45092874484914,-12.60379186615813,15.314197,1.5598106,0.16823965686943526,1.8705324919576527,-2.5567663714299815,4948.2954
4102685840738957568,284.64259323654665,-12.657024502704061,15.31588,1.6784086,0.2077301320112299,1.4673020603889708,-7.613305643292348,4837.605
4198769172592075008,284.7308928896449,-12.44006596555385,15.31682,1.8167343,0.06664388646545413,-2.8610442200383,-2.975990497011619,4793.549
4102689139274028160,284.59971843974137,-12.610563332109546,15.321058,1.6493855,0.21212301805332162,0.9682037170426465,-0.06493703830874525,5113.127
4102690337538963712,284.56923028349206,-12.572320477752577,15.321136,1.276473,0.5117843234313387,-0.415059506201059,-3.2418084452484965,6222.421
4102704223199766400,284.4761255668594,-12.457818964741607,15.32189,1.5752716,0.07594654282165585,0.11543010513854424,-4.449745705807599,5253.5117
4102701126497081344,284.4515522409892,-12.535583204380421,15.32352,1.9703751,0.20014657579102407,-5.599255729458464,-6.586494142665537,4655.1475
4198784668798774144,284.5159628646748,-12.348696608381948,15.326768,,0.09543867790948374,-1.183895691532806,-6.185767251253322,
4198781851300036096,284.56698878664173,-12.357162102913025,15.3267765,1.6778316,0.19083075988486553,-2.3076997011967233,-4.138552722945753,4794.767
4102704257559487744,284.4985575677979,-12.444279622562938,15.3315935,1.7392597,0.23356663555144783,2.465239846334566E-4,-4.423231576110446,4663.5527
4102701027743964416,284.44047523960006,-12.54635711246663,15.33311,1.211237,0.5702219581208058,-2.240992226600824,-1.4267967919807965,5349.9966
4198780786182924160,284.63505942315066,-12.400530607318789,15.337849,1.5803823,0.19794619606110436,-3.900534992337685,-3.341802993036661,5525.827
4102707899692074752,284.378224540611,-12.415198749262611,15.338205,1.5794516,0.5478369711214258,-3.534907401943429,-6.043555420349669,4938.4253
4198786592978796928,284.62097644045167,-12.299393541645943,15.341138,1.2370005,0.6421124958754778,1.1054984194595543,-0.7397221600729469,5654.7637
4102689311072741120,284.6014679219239,-12.597590831441925,15.342847,1.2049961,0.8288450501237361,1.6807515952795504,-1.1147833910702591,6291.041
4102688241594504064,284.4775088055416,-12.625076029516572,15.344687,1.1931381,0.9722044841731895,-0.8582615101085533,-6.782458330470289,5770.644
4102685978177907712,284.66506887355246,-12.638297350211657,15.344891,1.6202726,0.12198379323142433,-1.6549209127635753,-8.000092591874658,5463.04
4102688417719753856,284.4651918283969,-12.623381864833206,15.346266,1.6304064,0.3391044737032884,-0.23596604889240194,-0.9456104907486929,5124.8486
4102688898756942976,284.46681123541276,-12.590944262718276,15.346502,1.2013731,0.8599871518712758,1.903934634936507,-9.48304918866416,5166.4614
4102700855945157120,284.4778513212172,-12.560794991525563,15.346844,1.3083115,1.2796284434120064,1.772051831038022,-7.433031064141671,5424.447
4102703295487324032,284.5655488435784,-12.465584359832926,15.349222,1.6374245,2.0167215893613926,4.994108886777461,0.2678915506097339,4541.9844
4198785935818664320,284.48898881614656,-12.309704187308608,15.34976,1.087039,0.5246258438298494,-1.6560305029541766,-1.5469264369414852,5869.314
4102700924664689024,284.4387481761678,-12.57362363368441,15.350081,1.649991,0.15555009326304128,-1.4027532013887771,-2.7456861369270458,4880.922
4102704120120439296,284.54097086379136,-12.446708286724393,15.352515,1.5995207,0.17221587512831468,-0.10253662025238361,-2.627111560184154,4852.8755
4102703875276541440,284.4450569389695,-12.469511073129869,15.357446,1.1838923,0.30761284267561717,1.3189988268438866,1.854008969690532,5884.901
4198780992341397760,284.5435230769551,-12.424114614805859,15.357806,1.5809727,0.15057579881832836,-0.23462060402270316,-4.41418386720551,5038.276
4102700684146456064,284.46644361432726,-12.575085690974362,15.358728,1.6533012,0.28412830619667134,-0.4180284684482869,-2.9539340245836603,4778.5015
4102706971979017344,284.389262003326,-12.456010058136995,15.361225,1.9821262,0.08500918727021062,-4.371104308454152,-6.1578067050066805,4540.2393
4198782568564043392,284.7241631438162,-12.353766344074751,15.361321,1.7766857,0.12313028551574945,-1.3298001577717071,-1.6341920527453087,4988.0557
4198784767587295616,284.5435678379935,-12.354187712350502,15.362885,1.7744932,0.15903572181976344,-4.083848338679874,-6.493458534098613,4666.9795
4198768004360195200,284.617512197382,-12.491910551050966,15.366391,1.1832113,0.38097438528559574,-1.2301460486542717,-4.943614900275352,5640.808
4198781301579081216,284.52515086517496,-12.39673630423701,15.366986,1.5570717,0.4755642959353988,0.5067488525307249,-4.0250071371998,
4198780266461170176,284.60945044575664,-12.426594364920128,15.367875,1.2563839,0.7899908920077561,2.3656241544421284,-3.6862257036719637,5485.8086
4198781335938795520,284.54938088864645,-12.402955022577046,15.368371,1.7447729,0.17936540757499275,-4.25264243176876,-4.49292988310392,4862.185
4198785768345166208,284.4750145328152,-12.315097757476707,15.36897,1.5914373,0.2848906403959982,-4.678903259255834,-1.7609863121711127,5047.8384
4198784874991895168,284.552448240633,-12.340890055281417,15.369354,1.5465212,0.13923589619428312,-3.297709731527067,-5.542839744599641,5221.9395
4198784389630064000,284.5359928628126,-12.370394595075618,15.370717,1.2181721,,,,
4198780339506338688,284.5956704202687,-12.418891399650224,15.371625,1.7410297,0.13742847326488875,-4.608877643264471,-8.959587431602621,4986.763
4102706765820527744,284.4078321053858,-12.46648330494127,15.372192,1.2767992,1.0273288672043899,-4.786088337936524,4.229462321463729,
4102704085760719232,284.5202814134873,-12.457803097415914,15.372239,1.0560551,0.4127521353796552,-2.169641938811813,-3.3808814792577637,6188.908
4198783328804340480,284.64070736199955,-12.335936778663298,15.373487,1.8848505,0.16314562243312852,-3.9204287567622997,-6.275475955980088,4570.8
4102690822901401600,284.5743657105885,-12.541770830603335,15.373886,1.5729628,0.17153767508781562,-1.7092365775789322,-7.4105323920705795,4954.134
4102686253055901952,284.6465359388118,-12.614316962727818,15.374646,1.6113453,0.1176396368778746,-1.9592282042206324,-1.5991233581448268,4928.8887
4102691200858539008,284.6104024337901,-12.50202096113319,15.374722,1.8983307,0.10008269607365924,-2.0894155095034317,-5.947235273970774,4674.056
4198763601987570432,284.6954433492147,-12.56781537209413,15.377387,1.7623434,0.211024765540006,-2.133386839631384,-4.033173532556021,4743.624
4198768828993839488,284.7658302801549,-12.465221600001689,15.384733,1.3071451,0.42813131574850094,1.4065112836531197,-2.0784920133147122,5562.283
4198786038897958912,284.53306206074893,-12.295687420770971,15.386563,1.7134628,0.3430634494214184,-0.5741341688907308,-1.9680720645561944,6556.4644
4198785317343086336,284.4537183981525,-12.355741404967691,15.386614,2.0477247,0.07509684976942037,-2.338726323689941,-5.398851253789912,4703.462
4198770061618920704,284.73749156538514,-12.416790768846122,15.390685,1.5151939,0.38353268074245317,-1.071533971292202,-1.717668122887195,5088.3706
4102708548201390976,284.4191615758248,-12.365682023159222,15.392809,1.7387552,0.12762144713783777,-1.0240608497571533,-4.7106415350433215,4782.5327
4198767901281650048,284.66986601429824,-12.481372520541703,15.393017,1.8285027,0.11247479280286556,-5.226821905420518,-8.59378478273083,4804.1895
4102702569606087168,284.4770079295246,-12.536196546574516,15.394623,1.6509056,0.1391950183357176,-3.643267129837062,-3.630196014985915,5122.764
4198780781857394432,284.63856884825015,-12.397004020739375,15.39725,1.7154493,0.13084829938296602,-3.2183525300118254,-9.444747839443156,5115.438
4198768657195233792,284.66035245675397,-12.4387020403585,15.398027,1.8897877,0.13163078067732248,-2.22333350954844,-3.693497618214633,4582.951
4198785356028283904,284.47424320246,-12.34547503370286,15.39919,1.4235125,0.12465109258047286,-2.905247669723661,-3.7359250560961375,5530.8896
4102703566063879552,284.485223592968,-12.4800299605983,15.40014,1.053484,0.4076295661835936,-1.541669674311849,-3.9059645998167314,5858.1855
4198768755948813568,284.67313175003426,-12.42723620014208,15.403946,1.6046762,0.08428703116715111,-1.5345529541491443,-7.093897970194894,5365.5117
4198766664330314240,284.69183962022765,-12.543226647832803,15.406921,1.5323553,0.49804575722273103,1.5609734705048441,-6.0583324204867655,
4198768034394061056,284.62506912031415,-12.482803181909624,15.407272,1.9101915,0.1300508882536895,-1.5535592189097314,-6.030396899403398,4827.842
4102690548023571072,284.51639809326383,-12.55997823369682,15.408513,1.6994247,0.15839882026872962,-2.3691402470263623,-7.265632286025728,4991.3564
4102686081257225344,284.60669031206544,-12.643050405712293,15.408795,1.5428486,0.1108225272251718,-6.175728245165723,-6.175689275705455,5471.8916
4102707311250587264,284.45575571599795,-12.42743046446481,15.412596,1.1031075,0.4777459487754584,2.3779957712919466,2.8696133692041323,6088.444
4102690994700071552,284.61018787934364,-12.51905133313586,15.414653,1.1735392,0.5434715383631793,-1.071062009072096,0.2639373367688304,5654.0405
4102702161615467392,284.4153858160564,-12.511855423806669,15.415651,1.7786617,0.1816511201177427,-3.8406944399100884,-2.46182765827628,4917.1216
4102701405701172736,284.38171772502915,-12.563899651212145,15.418768,1.7917433,0.17783945602071125,-1.4968137314491625,-7.258823086455333,4723.6196
4198784943711358208,284.57790506715907,-12.334116012551666,15.419696,1.1760283,0.6052869126504701,1.9430913025893375,-2.57446607465593,5990.114
4198767660762772864,284.7143562528958,-12.458392777821219,15.419698,1.8188591,0.16493585650401896,-1.985799718520362,-6.2301555166105365,
4102686081257204352,284.6172565581481,-12.643136684851097,15.422136,1.7178354,0.17817758217365423,-2.112826521967376,-4.632541346083654,4830.4873
4198780786182924288,284.63976877370794,-12.396144431405324,15.422473,1.6551332,0.17971801413647498,-2.7188359357890346,-5.212684943333651,5210.171
4198780541339152768,284.66738345933095,-12.41052670432601,15.425181,1.7082796,2.1103458233188293,3.7748153908458226,-26.171836314361062,4655.5796
4102690857261117440,284.59851692450746,-12.530456795397319,15.425206,1.6852856,0.40107803354475763,-2.857633502419468,-0.7133330275201433,4721.25
4102689031868837632,284.4884784807509,-12.581950076853884,15.426034,1.3169289,1.0978502961526009,5.589163659560877,-6.688100218943841,5346.6787
4102703776523212416,284.4389723151489,-12.473587151971293,15.428952,1.8225584,0.1251508463348729,-0.3428946313185378,-4.177400038616597,
4102686802812873472,284.68513027124726,-12.573817505098695,15.429041,1.597867,0.14304248085813343,0.8495484107463471,-4.542110327974234,4876.738
4102686631013033984,284.65221458230735,-12.60416822866547,15.42987,1.3324251,0.5563531006442621,1.8243660553211287,-3.794910112141555,5222.78
4198784359595809792,284.5234240738465,-12.379051998812557,15.430988,1.2212315,0.6367080251716181,3.6792205156105573,-1.5465881744089753,5765.077
4102705494510253312,284.38961221473255,-12.463598933826155,15.432315,1.6847544,0.1808017053499287,-4.53418602579244,-4.041861138055384,4989.425
4198786008863308672,284.5293997858698,-12.299058875110617,15.432326,1.3218098,0.9368962999487033,-4.046575298922255,-6.166085746365801,5650.0874
4102691063419620224,284.57448099011145,-12.51834274945171,15.434043,1.6376085,0.09602743144280919,-3.504347295159227,-7.545996746772337,4743.5723
4102691063419600128,284.5797854850323,-12.5225433077452,15.434974,1.5160112,0.20431270120773437,-0.8368206667577259,1.1367333701361668,5347.43
4198783294443860480,284.65872470776077,-12.331615622106186,15.435103,1.6747408,0.15608679529132738,-1.7775438220125275,-6.22033141775529,5018.781
4198770237743190272,284.71206875243996,-12.405041975177248,15.435885,1.2590742,0.5932618791919674,1.3999655925369023,-0.5328707694958494,5515.6953
4102700615427107328,284.4115747061988,-12.571420138794334,15.436231,1.7774467,0.16058745406579578,-0.7646709199247467,-6.166921366789852,4995.4795
4102702917529468800,284.5354933979532,-12.5042247071284,15.444952,1.2927418,0.9640663834914496,-3.683624147434919,-1.180946498938176,5693.3325
4102707075058271104,284.3893862284726,-12.439181044577625,15.44864,1.686142,0.0552264704634088,-1.122514056289744,-4.460061766453181,4710.8525
4102703192407500160,284.5052388880598,-12.48042593330404,15.451652,1.5512028,0.19296596887974085,-0.8615351222193907,-1.8026927251808749,4992.0825
4102687382600833664,284.4958404986604,-12.650569841311201,15.452082,1.3298969,0.5103931438481184,-2.000824314731905,-1.4543473112671261,5980.8115
4102706903259893376,284.4210238022433,-12.44419217910707,15.455279,1.6851006,0.19086816911582796,-5.745855663198893,-6.1084927823799955,4791.5073
4198783638042003072,284.6317204351561,-12.294591009028865,15.455789,1.6488943,,,,
4198767179726391680,284.72287317413065,-12.511350146970186,15.45618,1.6887274,0.15010195147421362,-2.9141496128258906,-6.797064469709632,4945.5117
4102684603788469504,284.60168541530226,-12.650487221122342,15.456275,1.7054853,0.2668640965233887,-0.8536439707967429,-0.3710177654540108,4793.438
4198763331435641344,284.7239424535829,-12.59324083844247,15.456849,1.510375,0.5759665721175875,-1.4518039880497513,-4.610028349338852,4958.2314
4198786799137277824,284.5665991880102,-12.283329944277472,15.458552,1.0915623,0.5029203451443874,1.4344155239222045,-2.3686727861895314,6601.013
4102688761317091456,284.51227288500974,-12.601793786438355,15.461054,1.5874996,0.14993859124227082,-4.506213509596299,-5.826046253659103,4902.0713
4198766939208253824,284.6626160432343,-12.522743306212847,15.463456,1.1893396,0.4758673382152353,-1.2389914398030955,-2.369471601171685,5855.231
4102708788719609856,284.42605688393024,-12.345575610055372,15.464358,1.1878023,0.4714958507723496,-0.3615517239079788,-0.09500778878296373,5644.3335
4102688761317088128,284.51112944263843,-12.60385864412273,15.468648,1.7662773,0.12853391211226892,0.8405146944141637,-2.7932612663784724,4487.4927
4102701057777513856,284.45757354332346,-12.550028510322004,15.469356,1.7909708,2.722732474250234,-33.765703178384875,-20.16580520572255,4504.84
4198769962865249792,284.7391665276778,-12.427027152723548,15.469662,1.7195807,0.15886162406535204,-1.9468624829138563,-6.81942837453029,4829.8774
4102704390672824320,284.5151394053675,-12.429167775234133,15.474902,1.6298532,0.32851677728892975,-0.49121870704457804,-5.890256852077332,4901.622
4198768725914697856,284.6918399517815,-12.427506634524118,15.475523,1.8384867,0.23371078059687753,-1.7709963880976554,2.27595634420252,4606.0703
4102685634580497536,284.6945328164699,-12.622852078923458,15.4809675,1.3061943,0.7110346578195507,4.784752213406517,-5.55795464216692,5230.7104
4198763705066822272,284.70808265676084,-12.550109983564983,15.481794,1.1580706,0.5914905833341516,-0.005575546035211182,-2.6794563326828484,6090.754
4198781267219341952,284.5191163678396,-12.403412367943274,15.482723,1.5171909,0.519263889404679,3.790604004028254,-0.5520868745850056,5496.5825
4198785111184805888,284.51056309361235,-12.33288785056185,15.488453,1.1264534,0.7543227529642345,2.0648738678104857,3.560509205552243,4917.281
4102687421287221120,284.4989433849413,-12.648657871308364,15.491837,1.770688,0.11614542220063033,-4.466016092188833,-5.553740250563277,4925.5293
4102701096463392000,284.4668719412644,-12.543655019450728,15.49527,1.1851816,0.702861004402927,3.1896082365119076,-4.911236289604308,5712.6685
4102707624814102144,284.43301324359027,-12.393890136858488,15.49847,1.7435961,0.6302894425164284,6.114483813476395,-6.29055179508076,5251.4785
4102686527934959360,284.7130750117058,-12.593059189563414,15.49896,1.9251795,0.10117365427094543,-1.9731395003672214,-5.238909741448738,4662.5366
4198767523323821696,284.68400043811323,-12.482551389813546,15.499478,1.792059,0.13753863358728025,-1.343778141717982,-6.2462021711986795,
4102687730524830208,284.5209339425976,-12.646297520658296,15.500878,1.7056103,0.28657669164834876,0.8280736508820035,-2.098649877043932,
4102702329087945472,284.51472824667286,-12.532106209950106,15.50121,1.2204638,0.8954684593372539,-0.5209488971250995,-0.28219698314404223,5184.2183
4102706868900128896,284.44913151642766,-12.449484817980712,15.50228,1.1236734,0.8441669917060469,-1.5748011029288764,-0.2369368512395159,5849.9937
4102703845242626688,284.4767064455179,-12.46441908933404,15.502818,1.3658686,0.13899782726391788,-1.3253662551690586,-7.200674066845565,5834.8135
4198786043223041664,284.53598257593126,-12.299288660327763,15.504923,1.7779102,0.19570819273273996,-3.162449861390659,-5.280509148797743,4657.7783
4198767454604323584,284.7025896911703,-12.494643619790692,15.505536,,0.5966821670735215,-4.7529701367904265,-3.3079136413881103,
4102702608292557952,284.49388405040713,-12.522621066495685,15.508334,1.6301947,0.12078841532992358,-2.5897870292733067,-4.905836619010572,5240.394
4102689448511800448,284.54973103800575,-12.59595020136825,15.509848,1.6455803,0.11291295558179693,-2.005397110635756,-4.15896286476089,5015.977
4102690818575533440,284.58872527385614,-12.540494221836374,15.511807,1.7981339,0.04091844746867183,-1.9138915408349657,-7.9802062612224125,4856.9346
4102687524366366464,284.53141501937114,-12.650773967506904,15.512264,1.425621,1.1170735721305953,-0.45656891958339263,-13.144131779465098,5327.932
4198769928505520768,284.72135551198863,-12.429164075405495,15.51299,1.3280916,1.0348458424510836,-4.011782849623202,-8.188877010150799,4978.251
4102701371341411200,284.39937452761586,-12.556920994135798,15.514405,1.7509956,0.36230859809592664,-9.902082895738346,-11.474836836670216,5067.9556
4102701714938930176,284.3724784740701,-12.52511021469409,15.5144415,1.5672064,0.09750520083146981,-2.8378169043200527,-9.81431989008941,5188.7427
4198780438259859200,284.62070495920256,-12.427535614412776,15.51644,1.2290487,0.47762451848920334,0.8614085295103702,-2.100030433035576,5823.255
4198763571953825792,284.74313036808184,-12.552944643803082,15.516876,1.6471109,0.13708390734798545,-1.3927466117031138,-6.758198436608765,4850.6753
4102700718506232320,284.44375133864196,-12.57932993703038,15.517056,1.6577797,0.19935335006407498,-0.1883835796275123,-3.1354208731665256,4842.741
4102706731460774656,284.4192631866604,-12.463292934561725,15.520906,1.2427788,0.6069668266018339,-3.443909754077213,-1.0832466359550368,5811.879
4102702569606181120,284.48121597062766,-12.522763922242287,15.522923,1.1668215,0.8499534435251246,0.8341484339450286,-3.644660590234325,5780.5996
4198786696058048256,284.56995482777126,-12.298622216687233,15.525594,1.5695467,0.21521059327599548,-0.9936860117839843,-6.364188548635618,5375.858
4198768240552628608,284.6361248557027,-12.450761046211012,15.526821,1.6581478,0.12773761623208899,-3.681640514445532,-6.319392039338735,
4102707723567590528,284.43984992410634,-12.390331200867216,15.527815,1.7668924,0.17655001508783197,-1.0017934489072158,-1.0591592284169276,
4102700748539751552,284.4627167643965,-12.564553569942856,15.528388,1.714448,0.24478627178402282,1.0428028905696962,-3.8016904685046615,4842.329
4102703845243149568,284.47353378796674,-12.460974658921446,15.5295515,1.6398067,0.13338726368867596,-3.526551917345307,-5.963535124530577,4827.036
4198768416677023872,284.70039709428966,-12.460737564326987,15.529861,1.9238195,0.1464296214431165,-2.453599993553432,-3.6565218278167797,4490.216
4198786111942544512,284.5197613961922,-12.28158045943779,15.533261,1.6009474,0.09822603509442077,-4.434327735142216,-5.598190121735849,5092.9956
4102700959024458240,284.44914888890975,-12.551901640379048,15.53336,1.7637796,0.2057425237323755,-2.768927563600906,-6.778469359188755,4720.851
4102707418655538048,284.4830897644545,-12.40681593575449,15.533906,1.2404385,0.5951120091898886,3.992403896748127,-4.540021311509755,5232.609
4102708513841649024,284.45484706992113,-12.36792750445795,15.534647,1.871808,0.1298229773378774,-2.5181776384504193,-5.337632424990052,
4198770439576304256,284.72002061988746,-12.371884549007913,15.537304,1.283309,0.7339819865678516,-3.342961950378535,5.565700165668298,5800.8022
4102687799244343808,284.51688639699836,-12.63206489546705,15.537979,1.7839727,0.1136514377485996,-0.7385294036119099,-4.282710568480156,4721.779
4198781920054346752,284.6092729167719,-12.350134681240121,15.537989,1.2716188,0.6798049437271702,0.36892462689187977,-2.992783949527307,5698.067
4198767282805620736,284.71990510224447,-12.49319032854222,15.540408,1.9549141,3.022221107404938,5.292818968220784,0.7467076834218183,4492.1045
4102702951889205632,284.55105436360714,-12.491021623108788,15.540539,1.317935,1.1240306595479248,-0.08334961281445585,-9.721393967168344,4969.748
4198783564996663552,284.6468520604943,-12.31706215322937,15.541573,1.8105907,0.13008977873952424,-0.30270708824145864,-4.0401894720484615,
4198768622835495552,284.6529872190668,-12.44530072536732,15.543681,1.729557,0.20549014573817423,-4.865995152852019,-5.40290361326041,4924.637
4102686046897413376,284.6592610151144,-12.629585713747385,15.549634,1.5267878,0.2485361566192361,-8.33896450589602,-9.943247042716553,5448.131
4102700576740901632,284.40333056071864,-12.584950192672553,15.550185,1.3039732,0.6022985026059335,-3.5059460519861743,-5.397577665296525,5294.3086
4198766866162863488,284.69322796431203,-12.508691937422736,15.551752,1.248908,0.8523019692697035,-4.99840051651608,-2.3431892593900177,5750.8276
4198786691732921088,284.565865893198,-12.30651184559655,15.552703,1.8456211,0.08992403331777424,-5.379449946909834,-7.003690387377405,4742.27
4102707281216561280,284.46772015549243,-12.43188941513664,15.556003,1.0863934,0.5266200912897697,-1.3530173313363145,-3.8783561735862326,6505.8057
4102706697101008000,284.4143269793852,-12.481224640522102,15.557202,1.2819757,0.9401770987572642,-2.602871977985187,-10.89157532785479,5438.07
4102689242353247488,284.6013628772882,-12.607117138488091,15.561097,1.7806854,0.06215814724865631,-6.507151259811677,-11.115002534633218,4718.234
4198784462640282496,284.52832035798957,-12.35631803451213,15.561359,1.4670639,0.1523878688952971,-4.496583867309067,-2.4365444779259677,
4102707620488336768,284.4327256116081,-12.400778639149994,15.561393,1.5120058,0.2091039243227439,-1.9116641574621578,-9.230635580775905,5466.076
4198766629970579456,284.6803794032413,-12.547819240273817,15.563514,1.582365,0.2875039028119389,1.081218669983977,-1.4210726978344375,4804.0205
4198784943711365504,284.5753088381126,-12.326510101339444,15.563537,1.6795692,0.18709500408009885,-3.647915263072183,-4.685323459081374,5028.9966
4102703398565945728,284.4611321569684,-12.513782130228543,15.565091,1.222374,0.6156089412563159,-1.5766575630741118,-0.3991271464418007,5740.381
4198786661698285952,284.6137633319247,-12.28976341971695,15.565134,1.6583939,0.2767077129342937,-4.018018339831943,1.819093578742014,5077.9087
4198768347957565440,284.66755082498236,-12.463898213463418,15.567689,1.7669888,0.15245445558759307,-0.9941320212021161,-3.425627284388057,4728.6377
4102708380728363008,284.43250450404537,-12.38776980455813,15.568342,1.6361046,0.47253461481162784,-0.648136761421637,-2.172502919783175,4855.1753
4102700782899484160,284.48247974833043,-12.5644890144744,15.569201,1.6950827,0.1830468212115055,3.2629575051522366,-1.2750849673612699,4705.492
4198767592043278848,284.719902595811,-12.476732493596684,15.569631,1.5795984,0.5848064329343753,-1.542414529433367,-1.189171548225361,5269.9995
4102702917529492608,284.5292477538585,-12.499345407225295,15.571685,1.0461826,0.3434000465226426,-2.668751392692727,-3.682217397356775,6005.6816
4198766904849236736,284.6505424098402,-12.531094306573804,15.576897,1.7067156,0.24123016275197784,-0.9245578229565998,-2.0667256080289227,4638.617
4198786867856736384,284.59971725635404,-12.276605281968719,15.578277,1.8768082,0.05624167509443936,-0.6814176834001162,-6.281750239426766,5054.241
4198781950088742528,284.5841022105264,-12.35320880726833,15.579752,1.2679634,0.06702000134944563,-9.722149586946362,-18.218949563573858,6765.8447
4198763365795381632,284.73108730099733,-12.583561088135282,15.582492,1.148365,0.6337035211312696,0.7310752070418193,-5.1505320600821936,5417.2627
4102689826468774656,284.661152423209,-12.563516004954511,15.582688,1.584261,0.11986458390052931,-2.0585482803460327,-4.86853522332401,5368.3877
4198780992341085440,284.5378574169321,-12.428523374519251,15.583701,1.2621584,0.6627201337949723,6.933417174041832,-1.0708536216615538,5790.09
4102707757927391104,284.457271086787,-12.37139082674572,15.587752,1.3788481,0.4582545189482368,2.421118711470378,-6.732682028422065,5140.6704
4102700855945182976,284.46448014592,-12.561393160950157,15.59122,1.5424452,0.3416298969568442,-2.2668695802523424,-5.843875689330128,4921.094
4102702264694716032,284.41448641876747,-12.500120738348183,15.592173,1.2163372,0.7300481070295687,-2.7820037161210274,-5.281191125345336,6006.707
4102688830036639104,284.47250667440386,-12.605426421572183,15.592336,1.7690191,0.1318807289115485,-2.176227159766685,-0.6608265463429235,4691.906
4102690685462536320,284.5297218363351,-12.543039166934998,15.594122,1.2064075,0.5034332163839915,0.7898157092986147,-5.502229504823029,5515.2686
4102707487375023872,284.4880457224972,-12.397994475194071,15.594852,1.8312292,0.12839672392242024,-1.2718703067227906,-2.4226607715689736,4605.337
4198783942953851008,284.6556427252933,-12.308048726934498,15.5966835,1.3283672,0.4311574091174441,-1.0923072507304799,-1.9590891503256949,5572.1333
4102688692597594624,284.5202816739604,-12.603857661012542,15.598655,1.8568764,0.12438559013812214,-4.039285416026618,-5.516266842018934,4600.2124
4198782465484887936,284.6891612294528,-12.340951249715454,15.60148,1.6927824,0.17470596881833048,-2.904630982753543,-2.3524723829143883,4924.453
4102686527933733248,284.70318902650257,-12.598251675338059,15.602106,1.7896109,0.16430512385936635,-0.6609677243426733,-5.047930399975417,4623.972
4198784458349643776,284.52541154424523,-12.356132268870116,15.602566,0.9581146,0.24545313990947962,3.2498508990868786,0.5572372072251941,7647.4946
4198767690796814464,284.72278795257824,-12.45036863274227,15.604231,1.6990919,0.14667746204504134,-2.013872540271296,-6.4976721601714145,4775.6953
4102691166498811776,284.5899389300059,-12.514789754857453,15.6047735,1.633543,0.18820490917921556,-1.8603303648578862,-5.393817632013284,4935.975
4102708754359835904,284.4123269609779,-12.362780982836982,15.6050005,1.7496557,0.20825437194634197,-1.6785827244781815,-4.816861858128124,4745.265
4102702608292558976,284.48780543061537,-12.522153381495537,15.607035,1.6320496,0.03605187438971458,-0.3724457634623228,-0.8813793173593,5375.8813
4198781335938808960,284.5461375181959,-12.390187987027499,15.615538,1.6979504,0.18903373854932534,1.2792682031442366,-3.0888657648490634,4903.6836
4198783221399181440,284.63147577669423,-12.33323216277543,15.615968,1.7671328,0.107639667125424,-1.9145469897657819,-5.574652877841352,4929.146
4102689925222106880,284.61367412557183,-12.57303213470003,15.616194,1.9127703,0.0706027639417336,-3.6766746123195384,-7.315346532572154,4691.8413
4198786588653820928,284.6175862560736,-12.288207777804791,15.616427,1.7823915,0.1485837466186877,-2.55751017853524,-8.51697932001492,4895.16
4102684638148233600,284.57918189442177,-12.658358874169066,15.618136,1.1066055,0.5191294565523654,-1.5765318899709182,1.214611928381548,5971.5957
4102704257559491200,284.489103060869,-12.451695466035881,15.62013,1.5103445,0.3182754503394045,2.025241874208512,0.4754801644691652,5156.827
4198781576456960512,284.58173640928607,-12.378027944354752,15.620874,1.6241255,0.1615754307676528,4.088280856910979,-1.9018442897543097,5133.831
4102703776523199616,284.4444653752508,-12.474495099707374,15.621171,1.664998,0.23669104020852633,-4.796293226340002,-2.0746861343698413,4928.1963
4102706903259492352,284.4261174588021,-12.445118267421337,15.622975,1.7059536,0.12824757644978182,-2.268503237603533,-5.384595210648527,4769.02
4102702299054148992,284.49665534251005,-12.553069669079672,15.623336,1.2019539,0.6669142549457623,3.7381398927749308,-0.3410133190922556,5769.3643
4102705455826935040,284.36862936247,-12.478520700344719,15.6246605,1.7617188,0.1648194045323008,0.9278666761178759,-5.806302753516147,4998.3706
4198783328803600896,284.6498106242337,-12.3348535102656,15.629144,1.3772049,0.9362675729133724,4.554722670934247,-4.582795894978285,5073.863
4102684535069042048,284.56334269390055,-12.66283778946762,15.63433,1.861661,0.12583141130210085,-3.1989492792020187,-6.314605289524885,4863.1914
4198763846831759232,284.72125628406917,-12.531010141315223,15.636563,1.3534355,,,,
4198786043223731072,284.52672730289413,-12.29240248241978,15.636766,1.3603582,0.6073914040818701,0.09005778475350504,-4.083041357460517,5714.836
4102690273145584768,284.5396189206934,-12.574484266482123,15.638254,1.2678862,0.8021917051240394,-0.8380228485281874,-0.6950617687788948,5287.204
4102708518167345152,284.44803014805296,-12.361168551637022,15.639566,1.684123,0.13831627995571855,-3.3414863162771593,-3.7377174081547726,4830.222
4102686283089450112,284.62641137680095,-12.622399346329413,15.6401825,1.522954,0.2082353357635204,-0.5823232551549095,-10.9739838280266,5601.808
4102708518167325056,284.4519291472126,-12.365591378774303,15.64055,1.2576332,0.5913045676692055,-0.5959605929421756,-2.103667236579446,5507.698
4102705219632286592,284.40317277391284,-12.477892466012367,15.641744,1.293313,0.9148243078194231,2.4449784301231534,-15.860901301582055,5253.889
4102701955456994816,284.42446618235374,-12.520963791833221,15.64361,1.7554798,0.16934838721912296,-2.452080916457745,-6.657224923810254,5048.7144
4102701405701190144,284.38198651887956,-12.55555847199669,15.64786,1.847887,0.16068111248692063,-3.885564862228568,-5.983158842416965,4887.727
4102707556094553088,284.45515529828134,-12.405182396418517,15.649387,1.8031492,0.03924383078920969,-2.812392778035849,-5.4836942766645045,5030.068
4102686527934960896,284.7070166055846,-12.591099838398565,15.649939,1.3110418,0.6465745017082069,2.0521195523650118,-8.142936682945155,5363.0767
4198785871424364672,284.4984380426115,-12.317460134523373,15.650325,1.165678,0.4572454744060618,-1.2393042173062963,-5.364170082626483,5468.6875
4198770031584737792,284.72940178421385,-12.418380020206161,15.650447,,,,,
4102703570365237504,284.4888888080507,-12.488615395977956,15.651385,1.2407427,0.5864007916901647,2.6205620106686145,-4.6800040258995805,5181.6094
4102686218696176000,284.62998250896874,-12.623008839725959,15.651855,1.9254084,0.05889783776580677,-4.1901964111594765,-4.6195070165678285,4926.3677
4198782091852971904,284.66422959551136,-12.384925242308073,15.653414,1.3366947,0.5233822750303256,0.6260426091559868,1.3977470213695162,6006.483
4198781542097224576,284.57210169712783,-12.384063055941443,15.654989,1.6666689,0.11491680228845971,-2.7113352915303603,-3.6050415849232027,4972.6953
4198783942953895680,284.65153782852036,-12.301247313606494,15.657721,1.7268925,0.5664592457355155,3.5453944918637954,-0.3692761327877476,4927.877
4198783496277171200,284.61939127366963,-12.3199152936565,15.659602,1.2426844,0.3003177490334175,1.9985747169096104,-11.817380146100026,5673.9097
4102707349936100096,284.45095023889166,-12.418351960075594,15.661341,1.4100981,0.9110519069634267,4.3766605589423575,-0.9454310124086887,4967.0996
4198785076825088256,284.53722062950726,-12.327217276598475,15.663627,1.6113663,0.23775839457371445,-6.03436314366471,-3.5917552254236074,4884.4814
4102701336982243712,284.39970268453175,-12.567881971971959,15.667687,1.7709789,0.12083681293621268,-6.281079834602909,-5.712463027311437,4805.416
4198764224788874624,284.7356490696082,-12.526359590468251,15.667933,1.2926807,0.7142869696588529,-3.999852396523748,-4.229277865533605,5200.235
4198779858469969664,284.59379202566333,-12.460668792468654,15.668169,1.7370033,0.15510591115503808,-4.475945325084923,-2.803105852336641,4695.3457
4102700134390649216,284.4261656762013,-12.60867147264841,15.669384,1.8128223,0.21603460930699112,-2.471817536521843,-5.072661664342378,4788.938
4102707934052030080,284.3888026197727,-12.421262343445147,15.669971,1.615036,0.4105485885781611,-2.4191408327457657,-1.903927500665088,4897.4985
4102706314818093056,284.3625219253981,-12.445920282626757,15.670141,1.3149033,1.0197642551459907,-2.3133361026435835,-6.588007115331257,5236.106
4102689792109044608,284.65680904310415,-12.564288748505522,15.670363,1.68606,0.13808955358911978,-2.6934065319905933,-5.7122623402134955,4954.0713
4102700821585394816,284.48976558305316,-12.561227987023152,15.673595,1.664916,0.2016894617560635,-0.7936725627954095,-4.7264766084722005,4903.5273
4102703123687968128,284.5169231505305,-12.492991591477137,15.67426,1.3895979,1.2177944288851132,-3.1407321603120284,-0.35134368161414314,5069.366
4102705185272520704,284.39869425564854,-12.49475826230853,15.675022,1.691144,0.1521333357845792,-5.2702067357574895,-4.292862431479887,4964.5723
4102702195975212544,284.42408843639134,-12.501110181695706,15.675351,1.1194601,0.4719072497085813,2.5133085970491176,2.359321187232815,5041.026
4198784600113624960,284.4783257602528,-12.362607209961514,15.676426,1.2073765,0.7622596768236591,-3.5862606153712058,6.467321414373869,5338.639
4102690444944272768,284.56476499155855,-12.553421969037442,15.676556,1.7113419,0.16986156351284615,-3.7441483618198785,-2.5424144497782044,4964.5615
4102706765820525312,284.4124057795693,-12.463228731557068,15.677179,1.6033239,1.7191962934690461,3.8661883310276823,-3.1225997454196524,4700.9863
4198785630906214784,284.45483174486986,-12.331427301091846,15.678353,1.958168,0.00749836248769439,-1.9145419583022862,-4.158146791333664,4622.3706
4102700203110143872,284.4189529537565,-12.607026945107705,15.67873,1.3186979,0.5918558609316871,-1.8599770136652223,-4.170522144179811,5493.81
4198785729660192768,284.4514197212082,-12.318298941340364,15.679289,1.3053818,0.447164310364059,-0.37173875654189104,-3.887347017837212,5055.8813
4102707276890848768,284.47480826887244,-12.426475845649266,15.680051,1.2875891,0.9020326267901512,1.9556626302746805,-7.986713182778842,5539.982
4102703020609414400,284.57876638271495,-12.47727167845576,15.681239,1.1705475,0.5274751378138198,-3.414370160017628,-4.5074506621920865,6008.2705
4102700271829603328,284.44079477039645,-12.59510559999514,15.681261,1.2305021,0.53528969569727,-0.6208175356712493,-5.712777156957646,5386.333
4198768691554965248,284.682026063063,-12.429420526245783,15.681383,1.407835,1.2737548485894339,-0.12095818285575194,-7.290213704796272,5234.5483
4198782160573203456,284.70879020195537,-12.378166830834214,15.681916,2.0332985,2.510683177382726,7.121211368768277,-9.416202489714863,4073.869
4102689242353227520,284.6131925854217,-12.605045994756873,15.681927,1.8147316,0.13299533183143755,-3.3276666667409627,-5.1716845304426355,4621.272
4198786760452488320,284.5573200431776,-12.293605779243135,15.682891,1.6927032,0.11952656699552013,-0.9264359727595993,-3.5642455320505686,5123.1216
4198786696058050944,284.56169278141914,-12.302930204832249,15.686726,1.2761183,0.7085934267604422,0.8898948351858081,-8.720810444890619,5318.0464
4102703707803709312,284.4408398433308,-12.482996615833795,15.687357,1.6378679,0.1533999266041655,2.2252950371288502,-0.8366367282078415,5206.142
4198785493467239552,284.4895704464628,-12.329167381755548,15.688622,1.2644615,1.0258818727486583,4.265727938686834,-3.650238123698509,5088.6777
4102703192407479296,284.5102352309688,-12.484010183923182,15.689446,1.5008793,0.36809238846188697,1.082700801959935,-2.766692677705362,5001.9253
4102707899692070016,284.37451246002394,-12.42076595883422,15.689607,1.6867046,0.0982066752812224,-2.81136539058604,-4.387612090258945,4975.134
4102688555158622720,284.50706853545483,-12.624894065355969,15.690045,1.1593037,0.5798788658725934,-0.4477879431178922,-1.4087016200890206,6037.2573
4102707796612842240,284.36759371575835,-12.432183726573975,15.691265,1.1941624,0.623820318588587,1.705249214089928,-7.351255252324334,6027.316
4102689929548062976,284.6133286599666,-12.571478899177418,15.692312,1.6064768,0.2585402763608905,0.09518745086190988,-7.557204693822272,5223.4536
4102686557967567360,284.6819090484196,-12.597257314945809,15.692549,1.6331167,0.15361706047495835,-1.6757827861747288,-3.321994565810324,5227.013
4102686527934959616,284.70924500705826,-12.595555651498616,15.693465,1.6540031,0.09703958306423446,-1.371606388435993,-7.414581538598618,4874.765
4102708827405099264,284.3998627487262,-12.354536560874775,15.699615,1.0759001,0.5368807629415203,-2.494897947181975,-7.5493457671290285,5635.1475
4102708689966132480,284.39147416721914,-12.367785149197475,15.702021,1.1858139,0.6380536728857524,-4.098537354656886,-2.1311846041610205,5542.3545
4102703226740925568,284.527638443679,-12.469188554776371,15.703748,1.6780052,0.19551600475138503,-0.39381724306779414,-6.141391746803087,
4102705528870042496,284.3587020485429,-12.468174599280173,15.70568,1.4396887,0.5394196518507236,0.9603876781900843,-1.7184684441340383,5184.984
4198784256516591872,284.51419512377964,-12.39141338006986,15.708524,1.2812262,0.8894787115608814,-0.6196249263634822,-3.097044418161222,5529.2744
4102700512347839360,284.4143955939758,-12.5911945694965,15.709229,1.1608973,0.5106317962030636,-2.257972830305351,-2.5016735675706534,6009.7153
4102688245921006208,284.48659163955546,-12.628995519936936,15.709669,1.53514,0.3032545540534511,-1.9343947119646647,-0.32758887517359414,4923.4287
4198767626403019904,284.73508290463053,-12.458914876300012,15.709773,1.7361765,0.14185103658124348,-5.170933093709438,-5.925335435512745,4744.028
4102687833604087552,284.5221897981722,-12.625051985813643,15.71029,1.6791553,0.1503598398578783,-1.6999144565680897,-7.246529964264485,4948.0728
4102707727893322240,284.4470231686475,-12.378899226448208,15.712018,1.6421871,0.11165034883443403,-0.3154100967822757,-4.54619226071034,5116.5415
4102690891620845696,284.60237710182855,-12.531698105218352,15.7120495,1.5783825,0.0733260450515138,-8.393514360995054,-9.000153728103559,5655.1147
4198782431125081984,284.6743318775126,-12.352925548843462,15.712986,1.33253,0.8681623822089688,0.47955284895853145,-4.568294098483873,5688.034
4102707143777694848,284.4280989787909,-12.428657444317505,15.7147045,1.6976805,0.14597784577146852,0.595544008134995,-3.383454811633983,5046.8853
4102687318207984256,284.50159860998946,-12.65586953821934,15.715222,1.6742678,0.13867071138663273,-6.332102445542009,-2.5015969305952543,5461.049
4102701027743952384,284.4434860056937,-12.548585924530483,15.715679,1.9006081,0.02053837013038902,0.24171204255954248,-2.1386574341567037,4997.5474
4102703707803704704,284.44396807157636,-12.48174604465443,15.719289,1.7171831,0.12770151933936658,-0.7219210502359199,-2.768725978666878,5040.531
4102690238786729856,284.55701045551046,-12.58506003336359,15.719937,1.6496344,1.9135005885598344,10.019375984436545,-17.705076918552233,4748.9473
4102690822901399040,284.58261765003687,-12.53521893774468,15.720125,1.5387173,0.47225455032112057,3.8770191163524736,-2.8935055563663803,5101.945
4198784497034407808,284.4793605405798,-12.37907098800898,15.720386,1.6939926,0.14065171460547793,-1.6065070256766454,-5.51295813622128,4801.0835
4198767557683557248,284.6952962255106,-12.47625025255679,15.722717,1.3955975,0.9391838019956879,6.417288092023289,-11.502813519613937,5475.5664
4102702088569857024,284.3852026319819,-12.51959474202839,15.7237625,1.830101,0.10616193483882413,-0.9274232306230487,-5.879720135929581,5429.5054
4198781439018030080,284.55144280877386,-12.3772356847689,15.726969,1.2090654,0.8449469166911205,6.237952034457264,2.7351440325956813,5601.365
4102689963907827712,284.6183918845281,-12.555573700315602,15.727546,1.3882418,0.8243277476024038,4.3808110185598705,-1.7183263717950232,5203.7534
4102703158047707136,284.5349079198729,-12.476375127239754,15.734591,1.6730442,0.09390532985396825,-1.6395354386388998,-4.494805035147397,4809.4565
4198780816217146624,284.6426103690659,-12.393846723641447,15.73642,1.4942513,0.26918189798883185,-4.94527615702339,-5.703213975015697,5387.1465
4198764259148614016,284.74647832150515,-12.515340490167743,15.738847,1.2346373,0.6662354770268221,-5.702810473282568,5.760797163644416,5863.9326
4102702230334982144,284.40561406519345,-12.506109291343346,15.739929,1.2590027,0.6952253216126755,-1.6770045698056821,-2.9690078538545093,5391.2646
4198767484638250752,284.7147655914787,-12.482158287201308,15.740304,1.3252172,0.8165365893062999,4.808468403839846,1.601862770601667,5763.8145
4102700924664711040,284.4310038855147,-12.5715206262097,15.742555,1.5071201,0.4657590018042853,0.9431418422311125,-2.580931901237681,4872.5044
4198767729482262912,284.63525437365996,-12.509777173617668,15.742773,1.1997709,0.9051606701895806,4.760498544453247,3.998247405250922,5774.7603
4198784840632166656,284.53317189304306,-12.346183160902575,15.743284,1.224309,0.7945406668566336,0.10514117577769357,-4.004134625472828,5544.095
4198763537601940096,284.7349753393434,-12.557908351610253,15.744053,1.8541927,0.03068424684179382,-3.7950025148466344,-6.319972006822863,4834.4536
4102700512348518784,284.4149367946465,-12.583791702309977,15.744763,1.2569351,0.6137405504342919,-1.2948518742178963,-6.316999715412714,5082.84
4198781988773843840,284.5892847090486,-12.342992669207792,15.745064,1.7572651,0.13377301336117153,-4.610458530042172,-7.099793442644953,4710.157
4102705460150550400,284.3698691119179,-12.464453264890704,15.7464285,1.7271509,0.4122934468192521,0.023593686352670118,-7.481092710416487,4848.7427
4198769172591255808,284.73457501892597,-12.44736707906153,15.746858,1.6831656,0.09498417407033861,-1.5871783667063373,-6.863605178075652,4872.0312
4198763743752534912,284.72007228686584,-12.543732333418616,15.750283,1.37603,1.2256499985395564,-10.468826255946505,-5.560299110032229,5323.044
4198767660762765440,284.7146781390975,-12.468063024516107,15.75032,1.8045864,0.031079141837602978,-0.6617628506343927,-5.815772240879958,4966.6196
4198780545664734464,284.6629512741829,-12.402041179773583,15.751982,1.2100649,0.5077196024814893,-0.402435939965765,3.7781370130974263,6037.8735
4102703054968436224,284.55094188733926,-12.48370326734917,15.752904,1.3086128,0.6107267384220932,8.228371278665358,-5.873758021874145,5118.6826
4198768313597811456,284.68620761135344,-12.468186622600872,15.754487,1.1867714,0.641190543158275,-2.762846429914526,-5.107843963107799,5823.0854
4198770233417640704,284.7098614493971,-12.410937424066233,15.754661,1.1700573,0.5945266219707437,-1.4720556335144357,0.3487528743029657,6360.931
4198770439576220672,284.7198570542404,-12.382822426477972,15.759409,1.6218491,0.3525520279772707,-1.199309238060349,-4.954340169695096,
4198784325236089728,284.502883380819,-12.375607809523066,15.76014,1.1420746,0.16263743960614285,0.20176590078249623,-2.8472831395270375,6596.521
4102707487375047936,284.48296111019295,-12.391667775464017,15.760459,1.5476131,0.10823371479130192,-0.7099047901336943,-7.112214880042569,5136.9155
4198782362408186624,284.6358527119826,-12.368020784781072,15.76065,1.7953568,0.1458311746747191,1.0229814293988404,-4.52516599871218,
4102684397629999744,284.61225085163056,-12.658952155850649,15.761196,1.4148045,0.2580462886865556,-1.3210450047204656,-0.6177116051617005,6330.56
4198767450278470528,284.70592664081266,-12.49228399650238,15.76266,1.5895224,0.4140228564966396,-3.1631351685357414,0.9994415301494951,4877.038
4102686454888289536,284.6830225588001,-12.602471013150199,15.764597,1.5609751,1.6934378927696725,-1.6862831140221917,-4.774550200136178,4870.6216
4102707556094546560,284.45080166509564,-12.412033111631436,15.769714,1.7682228,0.1485633356165,-5.827511262133917,-2.90837283445331,5021.73
4198781026701141888,284.5469731605324,-12.414599118407079,15.77193,1.5854692,0.5502143306448228,-4.545053620892467,-3.0768517646746005,4913.6353
4198763812472014336,284.7124998942116,-12.546845131328844,15.772886,1.6857204,0.2159549934794702,2.588285637747892,0.07452480118522209,4784.8647
4198781988773852288,284.5859210177312,-12.335416172947799,15.77444,1.301158,0.43961315021305775,1.3753474777495178,1.2325280998849535,5619.278
4198768412351312896,284.7000746228576,-12.453344261802958,15.775623,1.6755342,0.07619459917395051,-3.5248603945932593,-10.127230845726352,5013.714
4102700581067379712,284.40238963825465,-12.575683300832853,15.7772,1.7651501,0.1322979260015933,1.5646889616945898,-2.0426506471936503,
4198785321668132096,284.46679008479293,-12.357535303781235,15.779225,1.2244234,0.41015918658398437,0.4528560021101203,-2.364321489338348,5944.9536
4198786451214715264,284.5934130437173,-12.313186365583114,15.779771,1.3378086,0.5738805828001808,1.9369684367343036,0.05520063102701687,5439.6406
4198767798201753728,284.6210386639392,-12.502710037285299,15.780876,1.4030991,0.6861725952741468,1.2950257982943734,-7.36462232092092,5073.907
4102702535246515456,284.51466984477673,-12.510439773066352,15.78115,1.7684793,0.19228057472699328,-0.8369898915607983,-3.5920081574918883,4837.079
4198770134664758784,284.7329594524048,-12.404841826038465,15.781377,1.7095146,0.28373416112637123,2.358862029269489,-2.224047412825325,4928.4155
4198767248445888000,284.70931406257455,-12.495691800523202,15.782223,1.6465721,0.18917346347078606,-3.8188240515090484,-0.7601484881072448,
4198786146302300416,284.479963212314,-12.295496825931984,15.782752,1.4393835,1.4353509189798348,-2.0940295873503167,1.0908682051126821,4711.763
4102689723389601792,284.61791214434936,-12.582582733842907,15.783583,1.5977201,0.12675606518698088,-3.801374214802522,-6.661959572564448,4866.3853
4102689482871508480,284.56881814168514,-12.591544620759526,15.784154,1.7477379,0.16018084050197462,-1.2620357748787563,-4.779423748146395,4650.688
4198784909351618048,284.5745103812834,-12.338633007056194,15.784257,1.1565638,0.5838965100192343,-2.028543237559508,-1.9428654932890668,6212.3247
4102686562293483904,284.68828041397,-12.605451936707484,15.78436,1.6421576,0.13390485927261386,1.3920124399485947,-6.129777063012318,
4198767042287469952,284.67276341850766,-12.5130572493237,15.785126,1.2458496,0.3879284973776901,-1.3558294429947635,-5.328732701469725,5541.9834
4198785562186733056,284.4733311614604,-12.32093511522587,15.78636,1.6641722,0.1166239009063243,-4.36195623106954,-4.9553575473480524,5061.9688
4198780610058684160,284.6530036874644,-12.400692380823315,15.78775,1.8627024,0.1030117538480326,-2.8732592968435786,-7.102792891803769,4639.87
4198782538530344448,284.6810259037501,-12.346171799834044,15.787983,1.9277039,0.11067520408981346,-5.226034705015598,-6.392205251596668,4737.4277
4198767518997984384,284.689611697517,-12.481633533960247,15.789576,1.7449541,0.19180054484571427,-1.8181440049292612,-4.020788637483285,4748.6606
4102702054210141312,284.4014820175338,-12.515335594849343,15.790448,1.237154,-0.0315913111894789,-4.387902045506961,-4.761550003980313,
4198763773786331776,284.73307441070705,-12.536145712947462,15.790562,0.98367405,0.18191077030132005,-3.2419435371261027,-4.865783432285894,7425.9434
4102707453015286656,284.47232313659265,-12.411527222244716,15.791538,1.6334839,0.16742079348676578,-5.681374171482033,-2.059765934594599,4977.967
4198770302137215616,284.7030839313776,-12.391883234259838,15.792715,1.4371567,0.5754969774236419,-4.986021063097379,-16.596329207395414,5198.699
4198784668833484416,284.5146746259395,-12.348852821720724,15.793158,1.1434469,0.6031301911424416,0.920432887880841,7.980471950576239,5916.9263
4198781847009527552,284.56744231210956,-12.354057559289373,15.793347,1.271039,0.912488726048205,-9.277601844630563,-14.078856382902202,5495.991
4198779854144118400,284.5999177179739,-12.46747429403968,15.79417,1.3158054,0.9171193258160828,1.7626413704880783,-9.79775932346333,
4102689792109047680,284.6515940155395,-12.567940507189093,15.795405,1.7254305,0.09607843942755398,-4.5733690502827455,-6.327058356919421,4797.5347
4198785424747352576,284.4522006111698,-12.335508736518026,15.796548,1.6567612,0.16493414524434138,-1.338946991188832,-5.273151190975903,5049.6733
4102689757749339008,284.6320440925578,-12.570491475615214,15.79991,1.5489378,0.17355698774168396,-0.30608223535040635,-14.395126924992379,5026.5923
4102690852935310848,284.59111321450064,-12.53542450282224,15.801229,1.1847658,0.5569383612176065,-2.086831507790902,-2.768107816162672,6373.193
4198785665265525760,284.424586109187,-12.335880351944489,15.801353,1.5924397,0.16733479486148087,-2.4282545365840877,-5.407410502182926,5067.63
4102688177201517824,284.4880233208671,-12.63432651743819,15.801477,1.7413206,0.1254027448790141,-0.5323589551887349,-0.784214851580928,4816.842
4198768141799156992,284.6237031034313,-12.473224770496,15.801771,1.7205982,0.17179392776041616,-2.8504243085309167,-2.1843587878281556,4809.9316
4102687455646847232,284.5484673342748,-12.657560111103416,15.802096,1.2798223,0.4326903533865177,-2.0304008947193357,-1.4680699672430635,5661.911
4198784870666606080,284.5441766291022,-12.336376897193448,15.8029785,2.149827,3.64743911061942,14.359317333039083,-15.426871855420188,3759.8872
4198768073079687552,284.6018893723725,-12.483197632023467,15.80369,1.1348171,0.41431529545682194,-0.7053527186361086,-6.05592099527697,5818.1807
4102707453015301120,284.47317694313494,-12.404418616289243,15.8063755,1.9548388,0.08422565732641199,-2.765276436886044,-6.714594289043267,4759.3584
4102689311072759552,284.5938982429248,-12.594731355072701,15.80845,1.5274715,0.382545205750608,0.688802005752792,-3.06830749764978,5009.2183
4102688623878161280,284.4925921241987,-12.609226859776939,15.810672,1.2318211,0.3109587812324326,3.429253475213571,1.8423610324754198,5863.5234
4102686149976715904,284.6093752520135,-12.633789123628722,15.811047,1.3440285,1.1443906955446663,-10.16022032283714,-5.800243523437405,4633.1094
4198785390387613568,284.4472512186732,-12.345855186866403,15.812341,1.6358309,0.04444031897805389,-1.4749986257814358,-4.800643727353176,4689.3745
4102685978177918720,284.6603853128739,-12.637252985004094,15.812437,1.4122076,0.6795105032602062,-2.689420957208108,-6.592224495659977,
4198768343631792896,284.6685116718595,-12.460426229679207,15.817771,1.8459606,0.09836774343818692,-3.2558022200085137,-7.841317895404124,4815.895
4102690578057327232,284.5271019420797,-12.545804786215408,15.819634,1.6179934,0.4021676427380419,-5.293669415705751,-3.44529054660177,4802.2646
4198770237743189248,284.7076354791607,-12.410171794073529,15.819681,1.6910887,-0.28138250496984335,-1.3565747366584042,-11.25905001278798,
4198785321668132736,284.46475087971254,-12.355423471591601,15.823849,1.4137163,1.0635734725865622,-1.8927923485066103,-6.365108240886565,5324.4995
4102708616920857856,284.3907957162963,-12.371981067127283,15.824066,1.3538799,0.5728008198729642,-5.901468190666531,-5.155205180954761,5679.017
4102702608291867776,284.49327197825295,-12.523788040141453,15.824451,1.4851227,0.19360950773689212,-5.309224061655944,-1.6013823220929189,5030.151
4102686184336469632,284.61484129198334,-12.621496490415238,15.826481,1.5177898,0.03794659864695881,-6.5874985292347095,-5.68121963650642,5417.486
4198786661698991488,284.6123771465622,-12.286051964211973,15.827471,1.4587955,0.5252582555434745,0.9796371718065056,1.0515181426538769,4933.2935
4102706868899707008,284.45062464909995,-12.445013141568923,15.827835,0.73857594,0.2658327184848875,-2.639311802264713,-6.816986917813969,8975.354
4102700473661714560,284.3944169597353,-12.580994790813913,15.828417,1.6722794,0.23409829922318112,-1.8009813851376266,-2.4808169760644354,5029.5435
4198784222156496384,284.5086560975201,-12.397896813978976,15.828853,1.61094,0.12006746576292351,-1.0542625520080264,-4.678266479876597,4946.492
4198767007927745792,284.6535794286431,-12.510755426442351,15.830081,1.5136032,0.3789138079073395,-2.3798450041096166,-4.32451655742626,5029.593
4102703982681491072,284.51197697559434,-12.470850444374664,15.832352,1.4298477,0.4339859794850077,1.6372587238062013,-0.42732716937213105,4909.2104
4198763601987578368,284.69634442136424,-12.565284497175147,15.832971,1.7437115,0.21269075040939386,-2.254934395426382,-5.624465468074609,4840.62
4198768416677026432,284.69643259634495,-12.459176638791059,15.833256,1.7345743,0.0945925150063073,1.8883137483827575,0.26947092133653744,5064.8013
4102689001835292032,284.5190466677208,-12.58010421095516,15.833712,1.497674,0.06344145215762508,-1.9962822829900777,-8.295476012722796,5565.5454
4198779858470604544,284.6039645693799,-12.469190876974258,15.833751,1.6058226,0.270728847391632,-3.0422094704845173,-1.3949156195961565,4912.16
4102704223200271744,284.4801266031687,-12.454039501482463,15.834199,1.5775337,0.24980427267967856,3.801232297684678,-3.3552092957404454,4926.749
4102689959581926912,284.6286794856202,-12.561087948253025,15.834744,1.2157393,0.48867543762623195,-2.813663842364019,-6.083136386906837,5416.6025
4198767454604323456,284.69884573036194,-12.4982406775997,15.835458,1.7200527,0.04812909925244832,-2.021738941212874,-7.6085985275397645,
4102700306189357824,284.4328591241911,-12.594791428736329,15.835564,1.7002897,0.16414703057904936,-1.3567516750508744,0.664273278376891,4904.3105
4198768485396517760,284.6945304109854,-12.440898341429692,15.835974,1.7100277,0.19505601836324457,-4.397881820234502,-0.5371218817019472,5063.136
4198767007927739392,284.6630748154672,-12.510984925818322,15.83672,1.5425749,0.07293073038214017,-3.477086094714012,-7.10900868336944,5627.1157
4102703742163477504,284.4234853098116,-12.486008273835584,15.837413,1.3193054,0.45886276343209087,-5.731655994597699,4.4728612560517576,5605.438
4102684535069024384,284.5737829683504,-12.661080162021332,15.839886,1.187458,0.4627482926025918,-1.3475251380823527,-4.354935084895176,5343.6445
4102707517409030272,284.434586547982,-12.423001573079002,15.84164,1.5980501,0.11942928104265625,-0.8845191521736664,-1.2505167730684397,5204.2817
4198767415918815232,284.74320343821404,-12.4729202253109,15.842262,1.2931976,0.5765432959796053,-0.49065747267361987,-0.16049341426747835,6324.4395
4102704188840000128,284.5179809216318,-12.431065929293846,15.844676,1.1286316,0.5028165534022604,-7.803848028750033,-19.718346278358514,6345.132
4198768485396518016,284.6935938989532,-12.441305327171301,15.844736,1.6003723,0.3868947426938759,-1.0723026798429487,0.4769099546772573,4739.6543
4198781812649734144,284.5595482778935,-12.36170132187403,15.847011,1.3256893,0.15053674354756402,-5.107634590185916,-3.6317977765365446,5887.192
4102685840738969344,284.6409747856276,-12.653090176639553,15.847014,1.6771326,0.1537506565231058,-1.6032852252832066,-2.8773734516565694,4872.1943
4102707895366587648,284.3695117774938,-12.415380567660765,15.847579,1.7667265,0.1153507389715701,-7.233666310271768,-9.406511096994333,5068.9097
4102703291161042304,284.5582352635779,-12.45944906524222,15.847686,1.706502,0.1991408235914824,-4.983331850590922,-4.5999690911504025,4756.5923
4102708376404751104,284.4202303158853,-12.386420469471389,15.848817,1.7763538,0.10036291950956076,-3.8599627565201424,-6.217381549096048,4791.878
4102686218696164736,284.6339073741308,-12.625237104808047,15.852979,1.251709,0.3692764309743694,0.9684887823754613,-1.9956667610802157,5308.7036
4102685836438444544,284.64731411340045,-12.652293503522348,15.857572,1.6272984,0.32155108377980485,0.9344702956952391,-3.2788607401524716,4810.6924
4198768451036763648,284.714632055291,-12.44433809218301,15.857635,1.7158165,0.24735980763186236,-5.152071973992351,-7.086319232850858,4872.339
4102702917529493760,284.5339819652795,-12.494861907788065,15.85765,1.7101622,0.11728089545387752,0.3276560612044538,-0.9168300587899197,
4102700821585409408,284.4892111977936,-12.554479228317472,15.857775,1.1057634,0.4500033258516168,-2.6290682931887877,-5.093720514185849,5823.344
4198780717463466496,284.6063424557779,-12.402014993706699,15.858708,1.2280216,0.462669545311678,-0.6939675369076385,3.8772959139436964,5889.8394
4102701989816740608,284.43062425184485,-12.512198005361276,15.86111,1.8259335,2.3685831215976028,28.437658151826348,-22.21689083069098,4396.0205
4102705563229788160,284.3671321296697,-12.458040729774938,15.862547,1.7722588,0.17143549651447632,-3.779605616099131,-9.064352119432307,4967.1074
4102689066228690304,284.49509130840033,-12.566628661794315,15.863165,1.8313217,0.17006651351211186,-0.9114633425034331,0.05745403450669329,4697.831
4102700512347857536,284.4111188969898,-12.58758364096102,15.865916,1.2061357,0.2983678761935407,2.0177693219464943,0.2073363642324497,5739.5835
4198785145544600960,284.5311685427315,-12.321032457510446,15.866102,1.5560045,0.2502592092096433,2.4493752625959315,-2.675864732920175,
4198786657373369472,284.6059564830445,-12.278522683630923,15.866191,1.3889933,0.9105151833122562,8.85851144122569,-9.238535686979747,5579.829
4102686115616938880,284.630056768173,-12.63322586065581,15.866506,1.3359804,0.8831324031496277,-5.0275381805350525,-15.770256424293812,5404.377
4102707036372608768,284.386194640514,-12.442690117296452,15.868262,1.2463856,0.26865094251719335,-1.0913936497942052,-1.9133123952544255,5249.9106
4102690376224777088,284.57278329591605,-12.555241809776621,15.86859,1.7277613,0.12613361991505945,-3.7192736866226195,-5.4889764624652795,4706.409
4198785527826990848,284.47007886907465,-12.328120281844178,15.869159,1.1562948,0.3276685633016458,-1.9547045253533164,-4.665598582419991,5727.6255
4198785562186726784,284.48079726452454,-12.321296440952004,15.870857,1.46204,0.3927489899234801,-4.458184454983593,-1.8735797463663098,4966.4585
4102690788542545024,284.59938208989934,-12.53184728973661,15.871001,1.373436,0.6496925704624336,2.5754841713019307,-0.5231982810727583,5686.8604
4198767347199271936,284.7589156863142,-12.487388542879708,15.871608,1.6569023,0.19115604965429808,-1.0809314529804015,-5.2690255345680255,5182.884
4198785179904339200,284.5486411440559,-12.322124373011569,15.873076,1.2147217,0.6120663654605123,-0.03533449632545287,1.6052448514331161,6008.254
4102701916771169024,284.44518388750504,-12.518959755640926,15.873426,1.6041775,0.08406497485464437,-1.1104884557851353,-8.724764820840845,5116.4263
4198782160573206656,284.69569339524514,-12.37987008070923,15.874332,1.7802963,0.2160162143056554,-3.0518342281424804,-6.563997543983147,4787.274
4198779957223409280,284.6153882509071,-12.450642326697315,15.876191,1.5799675,0.06584929055222256,0.382279283595725,-6.564660310315551,4943.2563
4198763395829125888,284.7040339177109,-12.581024948915227,15.87805,1.6158199,0.35010146400599046,0.06330849085003931,-2.6465271770960013,5164.4478
4198781748255664000,284.56612450768944,-12.3779928490703,15.878337,1.8613949,0.10442317060481789,-1.760218069789085,-5.130748522912633,4880.8735
4102702986248920448,284.5615663239984,-12.491971095189268,15.8803835,1.8079853,0.047633833179600515,-2.720662251214155,-6.034214130740817,4808.2896
4102687867963767552,284.546959923367,-12.629375564894305,15.880557,1.6616602,0.27917370600655456,-1.44805752326862,-2.2722397517234523,4817.8706
4198785459107494144,284.48654469536046,-12.338984603336133,15.881317,1.1266928,0.45028141154660767,0.4961155057463796,-2.5856806756235877,5934.8447
4198786730417786368,284.5820462731702,-12.28804717378065,15.881476,1.5998287,0.38677383666126947,-3.854379141836782,-3.2963769897992097,4876.2456
4102686802811689216,284.6907220331009,-12.585760282648042,15.887169,1.6861887,0.14977479507842462,-0.24123871384854037,-3.9467699305005746,4993.993
4102704051401033472,284.503747344261,-12.449460891146837,15.887528,1.7265663,0.17583628219975692,-3.0907335640346068,-4.235614174371545,4768.2397
4102688795676839936,284.52442260534536,-12.586095331494432,15.888532,1.3489218,0.8497281682042536,-2.6917422059687475,-3.2227514845574072,4963.553
4102704047075306752,284.50286551309085,-12.457298997940672,15.88896,1.5338011,0.40632299377921455,1.0092099729912816,-6.3400502349243455,4824.1987
4198786661698992768,284.61033680149734,-12.283704692234178,15.890508,1.9715328,0.14654918235522688,-3.255612157223349,-3.0861680216589535,4594.8945
4102690887295128064,284.612296068806,-12.523247770889471,15.890663,1.2647171,0.712641715277725,7.061783599663892,-3.7046534333375805,5873.3335
4198784462675042816,284.52148771231765,-12.358993281044473,15.89146,1.1524601,0.6469203008610137,3.100178787690296,-5.3022084677360155,5803.3345
4198781984448531456,284.58665222260845,-12.345051892803498,15.892228,1.5435104,0.435356657504941,-0.8581072934132501,2.877764899782984,4962.42
4198783569322511872,284.64706769396435,-12.317611005403213,15.896044,,0.1606906496814843,-1.1612879298800471,-5.037472194326249,
4198784286550757760,284.4928902661267,-12.387261614574093,15.896211,0.7595625,0.09323730075461568,0.5414727463205207,-8.53001531556882,
4102703536005531648,284.48063770707785,-12.49790124859773,15.897386,1.5754404,0.18124353923518105,0.2158813190389643,-9.648637346888979,5065.2715
4102708621246641792,284.39331343189707,-12.373472521390584,15.898102,1.6179199,0.005427554012381793,-2.838012098955437,-5.669119104480949,5237.8857
4198768588475742848,284.6659385627965,-12.45241301846846,15.898875,1.3595371,0.6095648640363314,5.147046066602802,3.5949278871824113,5025.93
4102708449448108032,284.4071807200146,-12.379972737659035,15.900147,1.3001127,0.9103344322569117,0.6039742724548154,-7.101335740315587,
4102689100611108096,284.5839382741538,-12.629573089426213,15.90021,1.4057827,1.1155926785414,12.184650422764461,-7.268739269266251,5277.6167
4198782465484845312,284.69638337596496,-12.349382198726417,15.902295,1.1977072,0.38373304606897046,1.8525833385377977,-1.6085461333567852,5776.8564
4198779819787815936,284.59026475912316,-12.475716209258447,15.902492,1.2887878,0.6909344967021904,-1.7992200423926723,-8.129622645239717,5446.0947
4198767106681045888,284.66304805353496,-12.504158926799017,15.904479,1.5642605,0.31673244602185074,0.15179935113036194,-4.873584388439203,5023.048
4198766939208257152,284.6602522934292,-12.521267301613465,15.905308,1.3189859,0.5314614976279293,-1.0432654288895646,-4.290593023327147,5384.7544
4198781885694608768,284.5920861750985,-12.36506768613796,15.908626,1.7146778,2.0229095356026083,-0.7886828724578291,0.09800120681000188,4498.195
4198770443902415872,284.72628097376565,-12.374486936054868,15.908994,1.2638388,0.40609144469922265,-1.8841380016869755,-0.3126493883957208,5734.761
4198781026701146240,284.5424840059415,-12.41383779066363,15.909104,1.3143387,1.0568630607920322,-0.7669414194079502,-5.69665135878424,
4198769236985105792,284.75758593108,-12.436656253159821,15.91004,1.880312,0.23417891609111768,-1.817976310667852,-2.7887647907531443,4775.4043
4198767832562174208,284.6377861520487,-12.492493276160149,15.912181,1.6623278,0.14715652626868397,-4.352860947386485,-6.988737412105351,4723.827
4102700306189347200,284.43019294497424,-12.602395398595965,15.912307,1.2814817,0.4964486344908796,-3.1952302011769245,-0.4794082124877935,5756.4434
4198782847767983232,284.70137041734154,-12.340207868170921,15.912623,1.6923561,0.24440987113001172,-3.944410842729422,-4.9583410809837,4919.4033
4198785321668132480,284.45697483850586,-12.362963569736182,15.915428,1.2639294,0.6363852950546414,4.139823308130859,-3.2927198887302986,5648.4253
4102700684146456192,284.47030883133993,-12.571276664538892,15.916063,1.6546974,0.17200965818568847,0.609287994783029,-4.819655453358313,5005.032
4102702226008921600,284.3968575451592,-12.504960215086172,15.91737,1.3661118,0.6885000484772437,-2.1530490694643594,-6.762734500488166,5621.021
4102688555158644096,284.49320266140256,-12.627569230418983,15.918158,1.2970247,0.6307640843369621,-6.415060569001106,-16.97426223092182,5099.1562
4198780438259844608,284.61774499787816,-12.429934465504688,15.919808,1.5782232,0.32308852920514247,4.8334510082035544,-5.526773525911974,4981.9395
4102686287415680896,284.61917661923883,-12.619803106263042,15.920953,1.7710886,0.1557773971405056,-3.7781568792458846,-4.881539332155116,4731.2056
4198763537594090624,284.7316687194248,-12.556720409341011,15.921896,1.2251072,0.35044372340222085,2.0532354481113115,-1.1115020933498676,6267.665
4102689173633801344,284.5728719749567,-12.616563453695601,15.922448,1.3195009,0.35767327633148555,-2.714058899424526,-0.45446116259757613,5559.6333
4198784325236085888,284.5076838461405,-12.376286183036886,15.923043,1.8786125,0.1674040017016891,1.1821087834468342,-3.6009773446703424,4623.698
4102707208171398016,284.4189087697892,-12.420519697507059,15.924895,1.7456694,0.12121817205266275,-0.8135230492294948,-6.117227911707511,4963.49
4102705558903818624,284.3614619378903,-12.453452482317948,15.92561,1.6034842,0.4237576444750471,-5.984843915939632,-2.202535732969296,4751.2866
4198768897713329152,284.7521024989292,-12.458639239099057,15.92659,1.5093384,0.4030078999537944,1.055072122460004,0.4485261340674962,5142.299
4102689001835307008,284.51119654283707,-12.581372682036182,15.928364,1.2149296,0.4402964515848421,-1.465623625807602,-1.8973635648167115,5137.26
4102686493573988864,284.6960835062792,-12.607414858267928,15.928657,1.4706106,0.3140255020179813,-4.629930743521767,-2.9629630147814905,5413.2466
4198784905026337024,284.5753014018951,-12.339091329276036,15.929491,1.6589451,0.09495562679635858,-1.8986874171233157,-7.149555741367565,
4102686837171487744,284.66555044978685,-12.58054855754192,15.929709,1.7309027,0.16902595581404647,-3.0803485707093134,-2.7018667603658093,4891.2163
4198780472619665152,284.6391922733858,-12.414312364221388,15.931326,1.3787498,1.0950086053588919,-0.8633367834378559,-12.302286870394683,4981.094
4198767141040831104,284.68347455485633,-12.490205367802531,15.931531,1.3069563,0.5032285936773817,-0.8255736272117895,-7.998518886664954,5787.9194
4102690719822286336,284.5401731784536,-12.527861227710464,15.932487,1.6248131,0.1268111004783423,1.4469723222747373,-4.112280726417521,
4198768485396516992,284.68682642355776,-12.449282376605005,15.933232,1.4141302,0.39891376670568723,-2.390444904937748,-3.1996428016543645,4909.041
4198783599356455040,284.62387023364346,-12.309042681669034,15.934342,1.3086748,0.3399574569807573,-3.19652278883993,1.652631065884364,5428.963
4198785935818636288,284.487403514181,-12.316008612545687,15.9365835,1.1479998,0.31870243857613656,2.095508914077559,-1.613450617637841,5947.3853
4102690788541634944,284.60001997442987,-12.53135367684857,15.937572,1.3925638,0.6883646209156739,2.5970522787688886,-0.5285229234306361,
4102688864396352128,284.48744000497965,-12.603354281322082,15.937619,1.3061323,0.6697196231895421,3.4770058758611424,2.4009988720567224,5024.1562
4102707693533533184,284.46130397774454,-12.386196682345414,15.937796,1.6376219,0.01844358083841509,-4.324616054196255,-5.9793458087841005,5254.5845
4198768137473299712,284.6339299854634,-12.474766550704267,15.937826,1.6957874,0.1653221230546642,-1.354005940950318,-3.3891430488467624,
4102689478545386496,284.57654521173765,-12.587238672745894,15.939055,2.0007792,0.03946880567954117,-2.529619269041301,-5.634012428542565,4866.4736
4102686695406511616,284.6466632155574,-12.59713709656808,15.939739,1.2101088,0.30540556869862173,0.16252535132563972,-0.34090257336193197,5787.7573
4102686149976718464,284.59865962819276,-12.642535783258138,15.939866,1.3433609,0.6453107903513124,-0.5792254598634375,-2.6488009750950376,5707.825
4198781503411981952,284.6053731634417,-12.381554704824774,15.941363,1.6482887,1.6247954610948585,3.7701273261162407,-2.6772031967562286,4677.799
4102690341865029888,284.56651731756733,-12.565526909333402,15.941481,1.2836075,0.6580288506402572,0.8312826235970682,4.048760264990671,5136.1797
4102687627445544448,284.5762414550276,-12.62983187036469,15.942045,1.8258085,0.07095579010149433,-5.068406033344173,-5.606784029097322,4674.131
4102690032627334784,284.6118015755305,-12.546300584157521,15.943373,1.773428,0.21279125092436502,-0.8195500962593163,-7.003276565766262,4817.4
4198783569322515584,284.63970762939186,-12.313210585710193,15.9437,1.3425846,0.3947750316224986,-0.02371964683154477,-0.40170320258194053,5833.859
4102686493574000512,284.69757806292034,-12.600686411838835,15.944193,1.6185312,0.08529381843547859,-4.460522554905336,-7.8855123818819735,4983.7803
4102689238027046912,284.6097414906238,-12.60885670359596,15.946277,1.1359634,0.45283140239026987,3.4350915545832637,-0.199449063294841,5904.8423
4102707246856829952,284.45492692630353,-12.440642367687731,15.946684,1.1396103,0.2314767028955591,2.2679663469041325,-2.186084579730452,5611.1797
4198780335180713856,284.58776659175726,-12.412379666985672,15.947977,1.3098841,0.6623378051168267,0.38381696042681046,-3.0022120133710475,5349.333
4198763365795389824,284.7307774997212,-12.571494866020279,15.948534,1.5402613,0.2847963618708266,-4.412255188835428,-1.4372447584908723,5136.8447
4102700714179889536,284.4486462238023,-12.579867966144912,15.954279,1.6573143,0.19395130139536637,3.327579778005403,-6.455136988104974,5130.0337
4102690651102765568,284.5481042147032,-12.540058378282433,15.95495,1.2034626,0.6722956412904052,-2.3102421351567117,-1.2523328765457507,5791.902
4198786111942537728,284.52317872739565,-12.28824190211921,15.955072,1.5155706,0.5955086089980408,1.1278135454992688,-9.856067549034108,4976.095
4102687696165049216,284.56922867112036,-12.62069987494548,15.955125,1.6855927,0.13753952894070878,-1.9551014636745232,-7.515613860293071,4892.8037
4102700748539681536,284.4604239262624,-12.573912687453404,15.956152,1.1154518,0.3348510795412139,-4.149583074019654,-8.62032849012597,5899.7227
4102702883169684864,284.55446605333395,-12.507499684294155,15.9576235,1.7064924,0.08948937842119073,-3.118357250668189,-3.903046701750094,4866.7544
4102707040698535168,284.378072968154,-12.448990864156487,15.958856,1.4239779,1.0151457296274995,5.416327583470676,0.7970282096606569,4745.5723
4102690822901398144,284.5762754112588,-12.541470203756393,15.960574,1.5413294,0.13517990104086194,-5.120218308686535,-8.462378782085459,5271.701
4102707349936112768,284.45212283907995,-12.412278194954132,15.961472,1.6394424,0.08538553447672548,-1.6172351927229074,-9.364054127895438,5215.038
4102700752865947520,284.4652442947661,-12.56999504618932,15.962668,1.5881233,0.28749777563498446,2.0791346306195297,0.907039476453675,4913.2305
4198784428315296512,284.5208870849826,-12.369424549117541,15.9630165,1.4334803,1.1348541416870717,-1.1316841123736565,-2.1001183541653305,4650.205
4198785768345176064,284.4709476811993,-12.306964658653582,15.963156,1.6568155,0.12426513219511019,-4.768324310978716,-5.797731417028086,4897.9556
4102686699732537984,284.6399563099209,-12.602249680303663,15.964535,,0.09804370406168318,-2.086733302638109,-5.106664697614442,
4198780511304996608,284.6486124184524,-12.414580759395216,15.967481,1.5688562,0.30751196699825706,0.4898786951298405,-2.719266079928106,5072.3447
4198769928505515648,284.7264314358894,-12.431068996093629,15.968218,1.6120777,1.6256472266107502,-1.4588190034169801,-4.3919255963920385,4684.5527
4198768107439424768,284.6170693109322,-12.470854026837893,15.969125,1.333394,0.8782526662953907,1.658512441405006,-7.732633876047138,5010.5605
4198784874991897472,284.543118509208,-12.346613086757978,15.969906,1.1771364,0.614766525972664,-2.980566843268738,0.48800903124877115,5212.7915
4198769236985078400,284.76394358693625,-12.442493105872993,15.971093,2.0320911,0.13648182279142881,-2.482035732367311,-8.3826737757561,4696.89
4198783255758860160,284.65754444921026,-12.343217313121453,15.971674,1.3007202,0.8785740624815569,6.745035797286349,1.0601920728664491,5325.081
4102700821585393536,284.48874216131844,-12.562687238098048,15.972383,1.403203,0.17755617730720358,-0.6574162479050825,-3.519716176872379,5516.798
4198781198499517056,284.525111292156,-12.414908217270426,15.973478,1.1628304,0.4616211151533875,-2.928217592242972,1.2005288992409093,5988.9595
4198766870488758400,284.6969545342732,-12.517815800625728,15.974229,1.5957651,1.5469266954777046,0.19960197029708854,-10.34435804244434,4588.4263
4102700679823246464,284.46775698333926,-12.57512829223521,15.974251,1.5260229,-0.02623591607044244,1.5230896812278967,-5.0581873354149245,
4102684397629982976,284.6154482881136,-12.664231016159718,15.975676,1.1196413,0.29240729301878166,-1.119251896291817,4.196853933895594,6053.32
4102688761317117184,284.5110385237409,-12.591164865505888,15.976659,0.5988178,0.09742040935367145,2.4299341648331314,-14.182806298392865,
4198785252949056128,284.5267714255163,-12.312711495900428,15.979052,1.8292456,0.08336550170393425,-1.821546238688772,-3.2386107773758037,4681.838
4102700237470606208,284.4366041588954,-12.607649404054133,15.9796295,1.3481293,0.7213526951321769,6.170072522668105,-6.690650408631441,5072.8296
4102685909458489984,284.62875789709864,-12.643134055722317,15.983319,1.749649,0.11434890174269373,-3.1362698550063586,-6.268829874059293,4743.8584
4198763640673321728,284.70624550595727,-12.554143029856268,15.983346,1.9151773,0.07304575341295474,-2.6719048007174564,-5.625510160030693,4733.25
4102703325520761728,284.54244537307784,-12.466067078628985,15.984141,1.4346237,0.3239502261514589,2.1400179779955844,-0.5644343847169112,4893.3086
4198782190606779520,284.7116995497123,-12.376397859816116,15.985879,0.5889931,0.21626528112740045,7.340674617431873,-7.729403333948283,
4198763533268121600,284.7286023011815,-12.553650575041205,15.9861555,1.6062317,0.2510967008220758,2.19347757501636,-6.415942289898427,5128.4004
4198782121887287936,284.67754865298497,-12.379301713506257,15.9914,1.8706608,0.0996915170139859,-4.670483142081025,-5.894783387051415,4584.549
4102706834539960704,284.4421526307371,-12.456362102097563,15.992566,1.6377525,0.15225481813406067,-1.0617828560401361,-8.146163176694884,5111.968
4102701714938918656,284.3736880091826,-12.528934989944805,15.993529,1.2876759,0.991661342737625,-4.359393716091379,-5.330599787762773,5090.8237
4198781675210726400,284.60305763156157,-12.371469884171695,15.993698,1.3700495,0.40328969002213116,-0.961917403542321,-2.39362396782755,5206.2134
4198780167707362688,284.55094665627587,-12.443120722159154,15.993968,1.8013287,0.06525950005872343,-3.428039013986507,-6.212528799117442,4813.1333
4102707723567597184,284.44574425162574,-12.388247150808779,15.998429,1.7198534,0.1856018709466888,-4.319195815838611,-7.270429946770434,4856.0444
4102702981923234560,284.5615771794703,-12.489792061582781,16.001442,1.2756195,0.26870452893461544,0.7550828776674066,1.1801103880264878,5543.8213
4102700924664719616,284.43542578207007,-12.564408775050946,16.00195,1.2305937,0.5725097832620346,4.447798663822064,-0.7378715201447722,5774.158
4102706795854405120,284.41186563437265,-12.44964620187473,16.002258,1.2516603,0.45660512304910145,-2.188682613338194,-3.221227477195301,5703.7124
4198767725156303104,284.63614830335024,-12.515611556017586,16.004095,1.2596254,0.5668559222290199,-0.47349822350882703,-0.537765609290931,5505.528
4102707212497228800,284.41805673327144,-12.412180513354649,16.004738,1.3694925,0.6737888874782066,3.1341366957399655,1.6580271305053458,5723.835
4198763571953821952,284.7492545938464,-12.55266483451648,16.005302,1.6739187,0.11789513388442173,2.8652181316471124,-2.4982355075422067,4812.7896
4102700512347870464,284.40711378270845,-12.584496411597765,16.00567,1.6145449,0.3337599134587712,0.5779962279180294,-1.4803568865798347,4926.111
4102690818575580288,284.57974727912796,-12.53463067952581,16.00661,1.4304323,0.14980605430437582,-2.388706207514944,-9.312008356200568,5672.8037
4198763537594086144,284.7371983596009,-12.559679319358496,16.008009,1.2505426,0.8260387616884479,-1.0877115127939359,-5.616291311368542,5590.7417
4102689654670065280,284.6409737743079,-12.589209744552917,16.008879,1.5333624,0.37913549397833307,8.635795571664456,1.448968424983898,4915.7183
4102702814424008448,284.50739119380324,-12.492305498965234,16.012882,1.5304527,0.23638098675735564,-1.3004939439991188,-7.227556183485115,
4102684603788456320,284.60265383330557,-12.655867620087593,16.014116,1.2610922,0.5138543591866882,2.066673403855006,-3.8595758805597256,5093.818
4198762575521395072,284.725034639426,-12.595026801110004,16.01448,1.5747423,0.43786408402526206,-3.2492483447014067,-2.2931883080129847,4829.5645
4102703673443937280,284.4392457395256,-12.497745879037442,16.015276,1.2616234,0.3383869869433652,-1.0842246098376032,1.697284602503132,5218.3315
4102684466349510784,284.58168553125904,-12.671148258747653,16.016743,1.4991035,0.9020059012158936,-1.7383329795293578,1.628743845239054,4577.0625
4102687902323492608,284.560874289863,-12.622307673173438,16.017382,1.192666,0.3908969566694609,0.2542707118442734,-2.7333996720878257,5782.7866
4198783633716259328,284.64032576540376,-12.298301512522885,16.017672,1.3080187,0.3111671535941686,-3.4236897907996044,0.008244483617691768,5964.7217
4102700684146426496,284.47083215880156,-12.584732759484003,16.017706,1.2503319,0.6141672715300052,2.089538549368838,-0.30006122731598234,
4102703192407467008,284.51047787943975,-12.48935113263086,16.018387,1.3860073,0.6823247990697433,-1.4799910281681004,1.5140349940698994,4998.05
4198768687229319296,284.6771248215109,-12.430500791399544,16.019285,1.3632097,0.5565155031262855,-2.9406137351336117,-0.26918866743977515,5363.6094
4102690371898845312,284.5800467975354,-12.554167573159601,16.024435,1.7241173,0.23694042129604675,-2.9767086787652306,-0.2667725063606696,4748.0117
4198782366730910848,284.63843446227474,-12.367370363820317,16.024466,1.2887592,0.5942190553660945,-2.795675181128801,-4.2169619248189685,5551.5234
4102702470825912192,284.5374776387633,-12.528293944106498,16.024721,1.1497164,0.42345970980609376,1.4400721754377264,0.01771304770468222,5327.4526
4102704291919312128,284.46163290303093,-12.442191240915417,16.02694,1.6950092,0.06024908079981,-4.747549389887959,-5.709141470043446,4822.636
4198781129780348800,284.5579749522861,-12.413866213589511,16.029425,1.6651144,0.14976399019342562,-1.2455054110771686,-6.880522238671468,5096.716
4102684638120014976,284.5714144854834,-12.656530381987272,16.033072,,,,,
4102701332655237632,284.3923895528069,-12.57299677414591,16.033825,1.1929026,0.49208610973068573,-0.06314775031587691,-4.128175802946659,5710.872
4102686115616959360,284.61539346240136,-12.637195251851182,16.03431,1.815772,0.21369691169820795,-0.9386895347573451,-1.8442770350593862,4845.4775
4198767209760278144,284.72848864458183,-12.498386915021548,16.034954,1.6701574,0.08643919077153855,-3.8484430008032775,-3.64164032545002,5115.07
4102704459392355328,284.5075117458743,-12.41379950709169,16.03587,1.2982712,0.9730209020602569,0.08355488806708125,-0.3002704303380672,5164.4194
4102690616743018880,284.5411260291405,-12.550159618367772,16.036404,1.258995,0.4741634900977414,3.0876593280653726,0.33878182294797843,5188.23
4102702814450379648,284.4928313151658,-12.491339885445173,16.036818,1.5694036,0.16876594505243284,-4.2485634203673035,-5.861514624326972,5087.457
4198770233417640832,284.71204597168344,-12.412639583163584,16.038685,1.3865128,0.6498604366371417,-0.9685127767652966,0.6343493750553367,5722.4683
4198781778289941760,284.58162135592306,-12.37133142304472,16.040327,1.3229799,0.5733038715313287,-1.1693636107719056,-4.218230249520904,5510.1113
4198766939208259072,284.664372615763,-12.514852959601038,16.04062,1.7926149,0.08325210984893519,-2.632560600398998,-4.836675490945325,4685.134
4102703398539891456,284.45532748964143,-12.51079221120075,16.044552,,,,,
4102702951889196672,284.5467879027765,-12.498513317922265,16.045403,1.4843855,0.9541410164519991,3.8575106617403554,2.2179238025879946,4732.19
4198767592043278208,284.72085924791287,-12.476778690374937,16.046574,1.4408026,0.4548097976327237,-0.3794316538175225,-0.2623385474546807,5349.914
4102686012537693568,284.64661250949456,-12.632691005612205,16.0478,1.3596296,0.7564048768792222,-0.5698913053728921,-5.051498834958871,5270.023
4198780678778120832,284.61551357883747,-12.407939258604586,16.049828,1.7758064,-0.07051596711703664,-3.1144912923202184,-4.993700700263081,
4198768790308604800,284.6817308547511,-12.415833531183582,16.049986,1.7357626,0.16418018363494383,-2.6696154396224667,-4.893802819296376,5015.3325
4102708243289493120,284.3859486209939,-12.391047020283112,16.051096,1.3317966,0.6514062347737977,-3.245363725010574,4.549374913575884,5458.576
4198786451214721024,284.60195936129463,-12.311504655694309,16.051722,1.8865795,0.18792029310422065,-4.148569840924226,-5.1016169850361495,4634.9287
4102690990396875136,284.61574781909843,-12.51409928482351,16.052898,1.2899446,0.7091404408916704,-4.137229433461182,-1.5726602718374565,6003.908
4102685595894564480,284.68224531921686,-12.632797284103722,16.054659,1.5378399,0.16565881982271452,-1.8669170899027285,-9.168432423282946,5543.0024
4198766939172697728,284.663934161279,-12.522960932646143,16.054907,1.5485744,0.23144271296475255,-4.305336865226852,-3.9395240996479846,4978.3057
4102688864396360192,284.49183022432,-12.596288714122243,16.057894,1.6546078,0.05752697506713127,-3.111855750537027,-5.414510561801226,4902.0957
4198780747497630848,284.6095822258464,-12.401439305920508,16.058939,1.3479528,0.7288166141543677,-8.579234216723831,-5.627421564226048,4917.964
4102706731460757760,284.42283675538596,-12.467844777595865,16.059874,1.7812471,0.09691688084311822,-3.7862627338751516,-7.631998207483459,4753.071
4102700615427093888,284.42145943046313,-12.567831410075907,16.062006,1.671689,0.14159866284457373,0.1889266308623541,-6.960744041877091,5210.8315
4102685978177910912,284.67064439846564,-12.63153375378107,16.0661,1.6599398,0.11492048214315974,-4.242174612691113,-5.5385754109717995,4982.7134
4102703879602416000,284.4568913946729,-12.463011185831066,16.067207,1.3359442,0.46527241257885715,1.233673677024474,-5.296521018426723,5849.4995
4102690548023565184,284.51668098883283,-12.561833796291737,16.068972,1.0377026,0.09136881761477286,-0.7355925921150892,-6.056828873976639,6082.6846
4102691200858577664,284.5908372447623,-12.50118458787714,16.069742,1.6696148,0.11466650411241745,-1.4520744682911935,-6.628071615123954,
4102706765795442304,284.40089713877006,-12.456270855010375,16.069874,0.9185953,0.40891381283127687,5.224777730404264,-1.879254434986319,6428.205
4198786489864837632,284.57724771222223,-12.314292413427996,16.070065,1.8476315,0.2348446398647375,-2.6634482806400697,-4.1602549553480594,
4102708758685584512,284.4119245442889,-12.361009950477566,16.070572,1.6587219,0.04273749155419584,0.5090128531499817,-0.7112390636977255,4973.5254
4102688898756132480,284.47142102816883,-12.59954145203114,16.070854,1.3637934,0.45426068689938415,-3.650295176844307,-4.346364159247314,4977.486
4102703879602438912,284.44577552515545,-12.461864511015067,16.07154,1.3290272,0.7563495410764799,-2.134366926864118,-5.333973014795736,5324.593
4102690509337743360,284.53185282326905,-12.560441546395083,16.071835,1.3850641,0.8889096129813433,6.093372520703476,-8.522353883180125,4811.7144
4102701852377783168,284.41326083962565,-12.529859795417618,16.072294,1.9143867,0.19152641569399037,-3.9694479091798436,-7.9130825407406125,4685.147
4102708582561163648,284.43581732858974,-12.351533660676568,16.072475,1.1257181,0.3855834778716193,-4.63306083678314,-5.163004466432996,6073.382
4102703226767229568,284.524608311135,-12.46636579114366,16.07313,1.1204271,0.591449830959929,-0.44805971127543875,-5.00552603283642,4817.27
4102703428599747584,284.4695409578363,-12.503987972609465,16.07373,1.3472319,0.529000229460916,-13.350172238989211,-2.6548143559081865,5754.0835
4198786970936625664,284.6347226978869,-12.287638933618354,16.074238,1.8191643,-0.011022896986838062,-1.3674716071169404,-5.408852065496378,4880.718
4102686798485849984,284.6863577034065,-12.580159226822015,16.074997,1.687417,0.21823765750016932,-6.236434698976844,-4.749493213454733,4837.852
4198767690796793088,284.7304544931837,-12.454986709984626,16.076593,1.7942266,0.18091208411129642,1.581397159786156,-3.848590990622893,4798.733
4198783672401809024,284.6809581692376,-12.326961635601732,16.077585,1.645359,0.15129119870324972,-4.602183494763828,-2.9105868169216573,
4102700714179917952,284.44085476137064,-12.576141400754802,16.077955,1.6489401,0.13933126869186202,-5.636694710178427,-3.6355994277735943,5083.2163
4102701646219382272,284.3854455303814,-12.543251495619074,16.078146,1.2151308,0.2531871159734506,-0.7234758786305537,0.6542569298699696,5451.832
4198786141977186432,284.47902546704034,-12.293573446645908,16.080603,1.5786276,0.02675277265857046,-2.6067067746047363,-4.719440596116407,5120.6104
4102690479304077440,284.5228665984871,-12.561094504300275,16.083393,1.7650557,0.07446654619295469,-1.4842686973064576,-2.8370749372011224,4772.2305
4198763365795390720,284.7308290604453,-12.570357902982828,16.084068,1.5322933,0.31495916303822236,-4.646327926604695,0.3254838691043022,5111.8667
4102707246856832640,284.4631867785433,-12.431428612151947,16.086369,1.5099993,0.8734643822172169,-0.6810623235430188,-3.7470877186769984,4562.2837
4102690891620818048,284.6172274105855,-12.531780363504039,16.086428,1.6592455,0.35740188322553684,-1.626817471393417,-2.4973217958136162,4835.587
4102702539572353280,284.5212424558036,-12.51396123444099,16.086794,1.5968571,0.13045023276364606,-0.8808712922152668,-5.426895526344977,4908.6123
4198780098988167040,284.5598316165461,-12.456144429936522,16.088455,1.395051,0.10447292007912669,-4.458272863786569,-6.1606574864942445,5695.749
4198786043223051904,284.5309833370249,-12.293363365256255,16.090117,1.6569233,0.3052931463775612,-5.178234852972196,-2.6256535834026318,5018.233
4198782916487465216,284.69621070745666,-12.330889051358712,16.090828,1.6102657,0.03630693098624262,-4.665368519883822,-4.4457316502558735,
4198785282983690752,284.53744106135883,-12.30060610208789,16.090908,1.2538557,0.3715332298002999,-1.3227645619871546,-7.662903068415351,5382.13
4198768382317308288,284.6705218867653,-12.455558014703598,16.093699,1.9250355,2.593503021179805,-29.099287348042694,-6.870743436975381,4329.9224
4102708380728383616,284.42556076983516,-12.385035948831678,16.094616,1.7022152,0.18650822780376894,-2.562168196155021,-7.413230996923568,5085.302
4198768549790259072,284.65421789135905,-12.458049500661808,16.097809,1.3350239,0.5832921378667635,-3.0211418401114334,0.6659352551511933,5533.863
4198786524259333504,284.5941617908414,-12.306333853257364,16.098717,1.8335686,0.13061470949077747,-1.7884723099529987,-3.931710592632204,4820.7437
4102706800180278400,284.4103775059881,-12.458090457401493,16.10211,1.6727114,0.15415211117892208,-4.379367952765976,-6.201657055252527,4939.396
4102703467285497600,284.44604787619346,-12.495181589702506,16.102419,1.7907085,0.07114751923022992,-2.741030182527312,-7.031418234422617,4798.7964
4102701714939372032,284.37094365256104,-12.53749048086903,16.104124,1.8510494,0.17439654121371886,-3.036200456805671,-5.083578041006365,4926.9194
4102702299054132096,284.5028915552133,-12.554533413048583,16.104538,1.556222,0.20030146217911424,3.584122153273245,-7.315952889635728,5267.3994
4198767488971872768,284.71089135451643,-12.489379480729385,16.105738,1.2695894,0.4273679724284224,0.9729113494090467,-2.9454038665002473,5359.303
4102689998267610880,284.60122951062505,-12.550649624663684,16.106289,1.1399899,0.3803701724678945,-1.6213541429448406,-4.745148911450966,5405.938
4102704463717985664,284.50237602609525,-12.413927627464133,16.106937,1.527811,0.30524073269626995,-0.10202452522185623,-8.06804077609526,4803.952
4198786073257767424,284.5135315796021,-12.284414035949313,16.107527,1.6445122,0.043029993448573285,-2.3311278816530567,-6.421215140783627,4901.528
4102701813691813760,284.4047271919616,-12.540469374047792,16.108044,1.4485788,0.5095143074694258,-3.6774466831244936,-5.168269824660888,5654.4004
4102686527934958592,284.71570062792387,-12.597999624246203,16.108444,1.2480984,0.4524158785261373,-0.5649577510616178,-1.3294107266126889,5228.741
4102687593086863872,284.563921703943,-12.63937823023811,16.109629,1.5885382,0.047824644328506465,-0.8977305950713962,-5.476781260895911,5109.712
4198766939208259840,284.65923221455574,-12.518330146602588,16.111557,1.0994539,0.28680631342515556,1.6151783791312053,-2.504465627926426,6005.6553
4102702470852840704,284.53878351705805,-12.514774303803078,16.11199,1.6998014,0.09724631779014659,-2.374220028294003,-4.87468279658537,4880.895
4102700409268628992,284.4096034954472,-12.593957021510352,16.113008,1.4833708,1.157456631369416,-2.5859316492278523,-13.923993605017241,4672.302
4198786696058741120,284.5683400117617,-12.29865982436146,16.113585,1.5409012,0.11112583210145097,-0.7537279980123877,-1.314790190260788,5474.4155
4198770134664758656,284.73222512518515,-12.405860461331095,16.115702,1.6563044,0.10785150695309653,-7.847084747131391,-8.639138752521403,5363.0703
4198784561428779392,284.46580908161843,-12.365913156390567,16.116064,1.2646942,0.756453094964355,-1.2715160330388353,1.666569597180449,5511.1826
4102704085760708864,284.52743717788513,-12.45529957076492,16.116259,1.5226097,0.06518909454208728,-2.996724268288316,-6.684100246168277,5253.5835
4102708346368656384,284.41230664365355,-12.391383609694113,16.12129,1.6100311,0.0021549266930445503,-3.7628744381405963,-7.861356589191944,5020.914
4102686523607766016,284.7093316245181,-12.60231874114658,16.122707,1.5405321,0.4096794776202425,-0.7116823255425115,-0.12796613643729285,4935.672
4198768279238077440,284.6794733315265,-12.46909705078663,16.123474,1.2058859,0.5582755171812627,-1.0099490609362674,-3.707280129200226,5089.773
4198780854902424704,284.6226149976011,-12.379278312387726,16.123852,1.8474445,2.33001870930687,9.557059098000238,7.856727593335707,4491.52
4198767729482268416,284.6299723322314,-12.507074534477654,16.123878,1.2767887,0.7376720573154555,3.881982500423543,-3.59422621593269,5696.3213
4102688761317106176,284.51409881257183,-12.593385603494733,16.124435,1.722146,0.13222710815916566,-1.78821829154111,-7.781125662590143,4863.437
4198782637283565184,284.7069731491462,-12.346414817503954,16.125177,1.8036671,0.32043728466226246,-1.893877624598305,-4.604875716778469,4908.0815
4102703913936663296,284.45649985760645,-12.448788319249026,16.12693,1.4102106,0.5508542578680911,-5.8014087563321715,-3.528002499528966,
4102690273145593728,284.53777410224524,-12.572211329323865,16.127615,1.8505745,0.01721088595351116,-4.123725009178389,-4.7939415712044715,5402.873
4198785905784098816,284.5068838941789,-12.314737985222076,16.129887,1.1570663,0.4525915510909212,-3.3016389455445845,-8.025559238202698,5764.628
4198783564999336704,284.64343288928416,-12.303620952604565,16.13001,1.7010231,0.22430133946487696,-0.1518788528625007,-5.557055988515133,4951.3228
4102704047075306624,284.5026039263532,-12.455905111449638,16.130041,1.2577152,0.6492322518128211,-1.1822324183921507,-6.726343326681183,5412.2095
4102686734092285824,284.650102347427,-12.589051156389862,16.132225,1.2736673,0.5542521714830495,-5.229558099089759,-4.02169678982514,5026.4023
4102686837172615168,284.6629688061813,-12.579601076402083,16.132812,1.3524389,0.6996555477511666,-0.2332536144594815,3.193813886091842,4457.4673
4198782057493215232,284.68555998055274,-12.389047286732714,16.133528,1.7258902,0.17550546565290776,-1.9099085177394617,-4.633392731193091,4993.338
4198781026701145984,284.54650360617933,-12.41029555249215,16.13497,1.3054848,0.45950254268369617,2.495881599785398,4.366559763677225,5176.128
4102689547264985088,284.59725582268476,-12.572152244986075,16.13711,1.6864624,0.10248958201253472,-2.895338602550625,-5.411563793419732,4752.4917
4102689242353227136,284.61434174030495,-12.604244798087759,16.139072,1.2327662,0.5190651884192158,-0.29566058115516264,-3.146634832062879,5669.015
4102686837172612224,284.66902182263755,-12.5845229245256,16.139797,1.3761721,0.7292312316311558,-1.8745945823045962,-0.7826971133077728,5872.76
4102703909636357376,284.4629090850293,-12.455851122573335,16.139906,1.2672386,0.8313961229025953,6.824376142789146,-7.757769070677917,4982.828
4198768824668077184,284.763022119821,-12.473891894951413,16.140034,1.7823229,0.09885613170384934,-3.6003649043560984,-5.918229711417389,4969.3306
4102689895188288384,284.6565175475194,-12.550521789032313,16.141922,1.284749,0.6145286725763766,-2.928340445119516,-0.5909960201352604,5155.887
4198764156069386496,284.7450749628475,-12.536571345919524,16.14241,1.2746677,0.5767049957492834,-1.8269701922481396,-3.9063326775096034,4975.59
4102686218667642496,284.63593612060663,-12.630107380585878,16.14297,1.4568033,0.06460140321934765,-1.253504446727576,-4.738999413549934,
4102689173633796736,284.5752810053588,-12.616353703243162,16.144257,1.5948715,0.14265672830879247,-1.5866127449453846,2.4088441012239596,5123.2676
4198781778289963008,284.58221202944947,-12.367561979072033,16.144331,1.7034311,0.1487205636044543,-0.9570187863781502,-4.199319483792137,4805.329
4102702436493098752,284.5268015487734,-12.527236935611501,16.14632,1.3135929,0.5161394812704249,-0.5623593638274781,3.5710384771060766,4935.3223
4198767725156328192,284.63869669929136,-12.507605858647581,16.147755,1.4385214,-0.24173193557222644,-6.913812981846075,0.7315873455828384,
4198780266464141440,284.60205683767634,-12.432965100872016,16.148947,1.7536631,0.10781701340473179,-2.267926730460722,-5.830268917301568,5146.965
4102702333391070336,284.5106235690048,-12.540380603344765,16.148977,1.5850677,0.4187847981545125,-0.6905226802304002,0.15549822502093652,4811.622
4102687352567710592,284.5126898074673,-12.652259759086771,16.149176,1.2244196,0.4765564367737609,-1.3812901778682254,0.14104618344702424,6071.425
4102702161615458048,284.4143012963158,-12.516996042199937,16.150263,1.6772518,0.28335053970995105,-4.0965650092703925,-8.496680369254321,4858.927
4198782332371148800,284.6744782174576,-12.366722362228279,16.151869,1.3559828,0.601705707754787,0.28867159023382155,0.8496208566086408,5063.42
4102703467285480192,284.4493893643172,-12.499729593055452,16.152262,1.5885687,0.3507035713139003,1.7604815538673981,-6.2052632013318485,4922.9043
4198782259326378240,284.7007432471796,-12.354745914604997,16.153051,1.7497778,0.17324981201144193,-0.873080510388172,-4.195266680541887,4947.38
4102707899692105472,284.3702321628461,-12.407190899813958,16.153063,1.4406605,0.8604191560943745,0.11525661433961348,-10.828228951158165,4995.3833
4102702917529466752,284.536646461015,-12.503943555749757,16.153265,1.2955084,0.46452745909018095,0.4166948357656347,-4.933604131609769,5636.051
4102707727893324160,284.44099389758037,-12.38387588345011,16.153475,1.6311445,0.1479895162329855,-5.025582383734538,-5.088882584804832,5342.876
4102708483807607168,284.43402429428556,-12.373635574579355,16.154774,1.7288485,0.22001352147482112,-0.07318956391283468,-3.6739572465744605,5020.9634
4102684500709305728,284.5582207588585,-12.666273057195376,16.157637,1.3503637,0.4671451297933945,-0.18144960734206736,2.098586646068338,5599.6187
4102701818018025344,284.4105003523238,-12.540797200567356,16.158321,1.7997484,0.11464399901406057,-0.4491007361201161,-4.556574225986644,4913.05
4102700645460365312,284.46602294919256,-12.586092262758504,16.158398,1.2782431,0.8348199555991375,2.089344581989722,-16.107526465330974,4921.8154
4102704012715483648,284.4911909076512,-12.472636487879052,16.158995,1.1868382,0.48491864664712825,2.7297530014591036,1.098223466091033,5777.789
4198780025942952064,284.60068650400956,-12.436890234084304,16.15909,1.3206997,0.5250333137676833,1.070523128220011,-4.527325033538042,5021.81
4198780919296172544,284.5494968033197,-12.432542156953383,16.162373,1.6140623,0.18934352257399278,-5.280408535069146,-9.178772222366105,4992.7954
4198782534204391936,284.6782588465723,-12.336872998712044,16.162668,1.369216,0.6766292855062456,-3.351323937897366,0.8644202634773595,5123.0737
4102702677011421184,284.4716293746575,-12.512021992721705,16.162968,1.509181,0.19687262097240418,-0.1803260708999338,-1.5048711024699921,5509.7305
4198768382317298432,284.6834358414545,-12.457342697495676,16.163069,1.748888,0.15405497987810896,-4.746494614250722,-5.536777518331718,4986.911
4102687524366343552,284.54182414158686,-12.653174059280426,16.163805,1.2990732,0.8477738347748927,1.7494662528066969,-4.317731695563953,5614.03
4102704326279514880,284.47966576010936,-12.42976016590064,16.163916,1.8464975,2.2509168702449407,-8.392169877418915,-2.191394882453232,4382.2095
4102703020608631936,284.5804669811186,-12.487291505810079,16.163927,1.3923655,0.8311248726444296,-1.4803927983367258,0.1685612325949732,5321.7524
4198779819784390784,284.5858343758118,-12.469511570989061,16.164064,1.1423693,0.47257385127639917,-0.13158345871094118,2.7742304221716347,5804.2456
4198768721589062784,284.68607346027324,-12.429709058736194,16.164415,1.362504,0.5087375927368545,-2.426847991599902,-0.23327051307692137,5765.2354
4102686287415689216,284.6183623047842,-12.617044641206263,16.165112,1.4931698,0.2469480029977096,2.7099138107891796,-1.430775688841316,5359.7886
4102703982655463552,284.5071410012116,-12.460963855974526,16.16639,,0.9178141224145346,1.2698776858670384,-4.892752279778855,
4102700714179908736,284.44690118382215,-12.577287759117217,16.166828,1.6454582,0.10145218016033666,-3.812970791552248,-7.122308204784421,4897.445
4102701405701724160,284.3854042879174,-12.553792163371119,16.167086,1.2289009,0.4028182590797111,-0.16335545025276355,1.542266250875184,5779.1245
4102700718506242048,284.44365507892223,-12.575107181357078,16.167494,1.3624477,0.5572872317889861,-4.007018061098943,0.03848665964740718,5294.349
4102690238785817600,284.5568949393751,-12.572873491532793,16.16787,1.4062777,0.18233656331859685,-1.2815873366440609,-8.062686492851606,5766.834
4102706830214107008,284.43212314647644,-12.456868496762748,16.168314,1.8925018,2.264300489714271,-1.8183870298118867,-17.62124121426364,4466.1577
4198784978071117952,284.55861291300823,-12.325886543196228,16.168755,1.2068443,0.44662943711673453,2.860282154095783,0.04490165198422848,5757.0913
4102686734092284416,284.65603529558666,-12.583614460136953,16.169037,2.0148516,1.666807756393785,2.847074459655564,-12.444735583154547,3744.3108
4102686562293500544,284.6908247638161,-12.59516225859627,16.169336,2.0123491,2.116149150704584,-15.544977083666865,-16.459996766007162,4237.3843
4198763365795381504,284.73470161155126,-12.580791123138773,16.169563,1.4442272,0.8352277573090352,-4.779406857926397,-2.7619083643942006,4694.5366
4102689719063683968,284.62228009913053,-12.571189107129435,16.169685,1.6175528,0.1308719737002919,0.8300685944210955,-5.221866035082954,
4198782912161566720,284.6781399223796,-12.329974520044695,16.169867,1.8226528,0.15447127023702062,-3.3340056207283943,-4.885782757635429,4831.9727
4102703913962154496,284.46629092975564,-12.454400817990171,16.170883,1.2551899,0.5804947845724797,8.72635041091391,-6.0952428521082025,5736.9277
4102686832845620096,284.6612794436863,-12.576358554993908,16.171495,1.6121464,0.08925248615996415,-3.27598510134298,-9.215571711215485,5206.788
4102708651280595584,284.4046501949866,-12.367521621871985,16.171593,1.6971321,0.02928317564018298,-1.8670408234739961,-6.721005802443519,4889.9253
4102689306746561152,284.6039280663113,-12.604153875265592,16.172672,1.3228312,0.9088141973851352,2.568287842098701,-1.7432708988058976,5213.905
4102705253992060032,284.37520504866797,-12.48687634360397,16.175701,1.4133453,0.5535891687965336,-3.8356933054780376,-7.701328709626545,5664.5635
4102703467285472000,284.4490780144834,-12.504263791071507,16.176224,1.3175411,0.7754177772496778,2.7727834033800187,2.119294332064348,5621.293
4102703600398598272,284.474621948145,-12.478245149561063,16.176497,1.2643652,0.769468417474815,4.837152610721054,-0.490094249480692,5393.973
4198786146302288384,284.4834119487026,-12.30747974224334,16.17662,1.1526241,0.7152992786646739,-0.7592449657108877,-2.7394020321997816,5664.259
4198767729482267008,284.6299134665295,-12.509826684979334,16.176771,1.6608963,0.19120244402034067,-3.3291920473231675,-7.222950219713292,4925.494
4198769172591263232,284.7244771531912,-12.445890619229868,16.177652,1.4351101,0.4911480718058078,2.254802125785706,0.2919036522476643,5604.444
4102701062103654016,284.4603353385361,-12.549335017007364,16.179186,1.2200298,0.36265090689153606,5.968147748010746,-3.2502420044372453,
4102689860828565760,284.63710523476715,-12.559316551138075,16.179354,1.5202684,0.2497498743432631,2.1384640416202645,-3.5302196972743123,5053.212
4198785802704925696,284.4487738115561,-12.312356949125245,16.180187,1.6592016,0.14607655942679473,-2.703472876052886,-3.6576965275525835,4880.418
4102702436493110016,284.5237529040537,-12.524624180221608,16.180628,1.630784,0.12617503902296884,-1.0728636654462955,-5.364813319671335,4878.441
4198783427557617664,284.61784621491506,-12.332095680990552,16.182222,1.8908167,0.14838057491431325,-2.0126904763905724,-5.448822017636948,4728.918
4198783191364658560,284.6176104474889,-12.350892444863927,16.18701,1.6639996,0.10398363331807686,-0.7473396252770284,-6.072410741306581,4913.0093
4102684535069037312,284.56376003162876,-12.664721650391193,16.187046,1.2248974,0.5131151976959564,2.9765739447762884,-9.089825221672234,5004.3535
4102701096464071936,284.45895768686273,-12.540731124785841,16.187378,1.3399897,0.9212632386083255,-3.3065227680905616,-5.341078742302979,
4102689478545378944,284.56242288999937,-12.588166390378284,16.188042,1.7761612,0.1606027856294707,-1.340894274185986,-6.431203665915078,
4198780408225778432,284.64087060206356,-12.424088399061407,16.189466,1.5887394,0.33181914905797205,-3.0564970543370262,0.6348318623434144,4773.6035
4102704287593535488,284.4768056071147,-12.442819276896795,16.189775,1.5222521,0.3210164859446858,0.5872002496576477,0.06907443167689122,4797.1157
4198785901458907392,284.5205579628984,-12.311566129526122,16.190022,1.2529373,0.6242176416066028,1.6151521264727438,-4.811140889153334,5410.4863
4102707143777715968,284.4217243745706,-12.423448171207566,16.190222,1.7832756,0.15381857961008724,-2.780939356246343,-5.1415888725809955,4840.2666
4102701130796967680,284.4450399908394,-12.536641793378475,16.190348,1.6179256,0.21098358527338135,-3.464966811794309,-5.0588344689443305,5080.6777
4102708380728371200,284.4289479492303,-12.386660623901607,16.190445,1.3843002,0.5576943435937664,0.5643102096852842,-7.479578798847418,4914.3364
4102708788719585792,284.4224501416733,-12.354470088856319,16.190634,1.2497339,0.5965335829052664,-0.30574379648455907,-2.2772184207263564,5349.1978
4198783294444598656,284.6610695606073,-12.328145371100238,16.192202,1.7461061,0.1807680749489136,-1.4293299175896106,-5.586643343678905,4967.3096
4198786524224599552,284.5884956248366,-12.297299778651759,16.192436,1.7126446,0.40974164960340853,-2.8937197707924898,-6.600036271770154,4817.741
4102707624814107776,284.4270190933958,-12.39596037802938,16.194176,1.2605352,0.45909995218564575,-1.1006649412403102,-6.927871640397884,5901.9575
4198786008863312000,284.5260360064423,-12.298917900427158,16.196066,1.3448944,0.7379010264618102,-11.08625766712045,1.0960974144878914,5201.7456
4198768451036765312,284.70978687705104,-12.446609608139322,16.196196,1.5851269,0.2289809764864676,0.2966707328140636,0.5908047742797632,5107.617
4102689895188307968,284.6508354052443,-12.544922202225811,16.19623,1.2862148,0.6503830135576908,-3.297329676716241,-6.279878937610009,5299.0425
4102690754181868032,284.5980757078003,-12.547951877268249,16.197536,1.6717796,0.17463187602268718,-4.732380566921194,-7.428974926194673,6448.635
4198768725922479616,284.6913596475527,-12.422120755549445,16.198317,1.5453625,0.07933828674167122,-2.096556397758891,-5.57777472988031,5228.4253
4102690822901415936,284.5690860615903,-12.540155674369574,16.1985,1.543273,0.45509701866910823,-0.6258024288733486,0.5563017942753553,4776.6235
4102687524366370944,284.5350664125603,-12.645686847291202,16.198933,1.7037382,0.030233901413083932,-1.927050689965277,-6.765748974774905,5019.6763
4102707556069620096,284.44057896145966,-12.402929437396152,16.200596,1.3684788,0.587057003301145,3.6664250918470356,12.586664684839771,6007.2646
4102702058536273408,284.3977691618586,-12.519847628688932,16.20183,1.5483847,0.3957932687623703,-0.3695243897894472,-5.9603225531805535,4823.3647
4198786627338554496,284.6027932016082,-12.29225458659974,16.20227,1.4355698,0.6011100184636875,-2.47038248182,-2.5990392425772506,4959.0483
4102706971979008768,284.389712170299,-12.46089756445967,16.204678,1.4434042,0.5446505831824708,-3.0887851561798394,-9.456729928185387,4886.968
4198768210519297280,284.62866239406384,-12.46087443193883,16.206362,1.5058441,0.4288373842088551,-1.5402387830296547,-4.567297694352681,4962.717
4198786696058041728,284.56857019935313,-12.308801239195208,16.207693,1.3677015,0.7722734073258538,-1.1810052642316786,-3.8386511819423963,4672.153
4198768652872687488,284.6586492984253,-12.431440076075539,16.208406,1.3501854,0.7613756337248129,2.6883436707468404,-5.199847972127644,5525.0083
4198780369540347392,284.6413553511194,-12.43559864554064,16.209028,1.2310982,0.5280306663887708,-1.8364975595678805,-6.7590757791534175,5803.7104
4198786760452493568,284.5538430174085,-12.290983595213667,16.210064,1.6789608,0.13725504382441078,-5.575904712725651,-4.2291597506559,
4102707246856851072,284.44847626606014,-12.435914344983532,16.21103,1.2562046,-0.2816714825351442,-3.0991465997715446,0.4645556817100945,
4102708586886829696,284.4403328982459,-12.363617651633188,16.211111,1.6794567,0.16509539452612146,-1.5500698519794114,-4.308483563413643,4810.975
4198779824110223104,284.5906460697237,-12.473213236767766,16.211365,1.3464499,0.2857525126719965,3.402830097604966,-4.989159113044239,5779.902
4102690788541630720,284.59379638606225,-12.539471159683231,16.211605,1.6382475,0.09294559167181984,-1.916432536763112,-4.84578531484773,4988.984
4198769992899388032,284.707233904735,-12.430731849050407,16.212065,1.5836535,0.31719384996668276,1.8467933685324411,-2.1609098579897967,4808.274
4198780270786846080,284.6032909307101,-12.432436440753655,16.21244,1.1705017,0.44193128941632653,-0.8849229903436886,-1.5417971492999254,5746.4155
4198781576456954624,284.592436355757,-12.374286815950803,16.21451,1.2879381,0.573847243613552,1.8177023272182962,-4.405665035634896,5607.5186
4198784600114018560,284.4821816021786,-12.365192482226414,16.214859,1.3040152,0.6473619122194793,-2.2335636361861284,-2.8345508002709745,5379.0283
4102691269578095488,284.58734106145226,-12.487145103536312,16.214945,1.250104,0.615691690417522,2.4815938045691603,-7.698438721865681,5643.0815
4102689792109058688,284.6487126051238,-12.565358974355103,16.218267,1.6435652,0.3437521050374372,-1.4606901776369658,-4.976028842976911,4809.3877
4198780266461204096,284.5988309236861,-12.41915437278339,16.220816,1.3668184,0.4056274718689996,-4.4180677588934945,-6.797172860124708,5026.0435
4198781885694610432,284.59170856639406,-12.36342773129091,16.221891,1.3227072,0.5478323789890858,-1.014566529324123,-0.8754103498511794,5571.8154
4198768451036768512,284.7048307797376,-12.447568665035167,16.223242,1.4277124,0.48400955598798223,1.0731634698488957,-4.33780109633794,5631.885
4198780957981641856,284.5620637682366,-12.43019004503873,16.223608,1.238389,0.41884375204741486,-3.0185047529934894,-0.8899478551025746,5719.594
4198785523504119808,284.46296826522814,-12.32855520687732,16.225262,1.5864897,0.27652869777350203,-4.854535118913653,-5.732627226584973,4798.38
4102689547264896768,284.6027474694157,-12.583139429948352,16.226274,1.3926849,0.12264001634070124,-2.359080316820494,-2.1798053651666716,5692.7607
4198781095385572480,284.57884467306707,-12.406897864993264,16.22702,1.2475777,0.42800680482026143,-1.5865085182746097,-1.4548194095973972,5314.888
4102687554399537536,284.55197116704295,-12.645151696778331,16.228088,1.2225695,0.23638524506523928,-0.30511316125201476,-0.1705736001373466,
4198781473377725440,284.58522429441837,-12.401143601304826,16.230532,1.1929121,0.4199295885650568,0.327590559739997,-0.31634208805646563,5621.598
4102707246864202752,284.44847174580565,-12.43602422062557,16.231379,1.243803,2.83935121026425,-0.9378040021810508,0.47184189260141746,
4198770409541894528,284.7058164399584,-12.39190053181838,16.23192,1.1723127,0.5508149768407481,4.179203038711809,1.241317142541132,5897.145
4102700546707595776,284.4202736816903,-12.578278621706277,16.233822,1.1838856,0.4829860570618322,1.715597693959225,-1.1718630167496351,5658.0366
4102690479304057088,284.5249465641493,-12.568786908657952,16.234896,1.5785627,0.13860391575456657,-1.5291618815518349,-3.977124504295337,5089.354
4198784909351626112,284.5667420498706,-12.33711962559589,16.235401,1.2328148,0.5849629874928042,-0.3831941778604673,-7.141406665063971,5543.0513
4102689723390643968,284.6202465411151,-12.582905890666844,16.236094,1.7579212,0.10184779099884424,-0.7902964721035606,-2.0231802476237877,4767.0957
4102701852377777280,284.41866551751565,-12.527265472602528,16.237175,1.5854053,0.024379985794533696,-4.306992424820032,-4.253407950492534,5229.769
4102687627417308800,284.58639408265867,-12.637015932663967,16.237747,1.1961365,0.2456718352269182,-1.7246097365906126,-1.933308056698116,5067.6855
4198782229291923968,284.6882009501435,-12.364622980538435,16.239464,1.3136415,0.4526743714067178,1.8024927000040605,-1.0310626793773305,5669.345
4102700817259267584,284.4886772078382,-12.5584777247429,16.240498,1.737813,0.15024964029067592,0.5475952475800184,-4.677747383191786,4848.62
4198764151743494656,284.7471529824294,-12.524217528911047,16.241493,1.615263,0.3011046383138226,-4.486301693269894,-4.672394884238337,4867.0933
4102686493573998464,284.6905235884631,-12.60786997893877,16.245686,1.8058624,0.11235986826190655,0.6862958990361818,-3.731358491166757,4915.3564
4198768004360194688,284.61911343824465,-12.490743827635605,16.246397,1.6109219,0.10752330716369113,-2.7176123386539293,-5.322227772057937,
4102690754181871232,284.5870838213229,-12.556603749189007,16.24667,1.3154993,0.6366847577870274,2.9323194374012473,-5.1155681603089755,4531.6484
4102686734093397504,284.6604328467388,-12.590639271249055,16.247057,1.4513121,0.34103637065134346,-2.248044377939697,-3.4881148399436497,4863.963
4102700267503192320,284.4511957420823,-12.591953830293313,16.247326,1.2345743,0.34177370389043515,2.058076938654235,-0.9200950115531819,5885.069
4102687593085766272,284.5727222751587,-12.649965288575002,16.247581,1.3263083,0.5838928564816188,0.41859655848511307,0.64539177790545,5310.601
4198786726092802304,284.5807248245857,-12.284251095253957,16.248411,1.430007,0.5593110209284152,1.6989854901059958,-1.9079087096561695,
4102704360638723584,284.4970888992913,-12.437434643198499,16.24875,,0.21982047633593482,-2.916213165000931,-11.389892579175374,
4102702986248920704,284.56673827176303,-12.487157716591838,16.249866,1.3088818,1.0638214014740521,1.493449006891535,-3.6102304960062717,5223.818
4102702947563498112,284.5444794585987,-12.494265362997123,16.250134,1.3282671,0.2420719373549015,1.2980412032000697,-0.0024534449429824685,
4102687416960556672,284.50745665753544,-12.648188407125431,16.250196,1.451745,0.5432512099415315,1.9069125203965798,-1.0098349525458221,5766.7075
4102690303179222400,284.5527103110162,-12.572051839721217,16.250233,1.6074238,0.7147952411145848,-3.1323462548029664,-4.03756969884706,4615.557
4198780133312736640,284.5818064929861,-12.45040896210797,16.250664,1.5188313,0.2576750594591327,1.323991370014258,-1.9844498433704478,4841.449
4198785493467232000,284.49472630204576,-12.331724498172985,16.25106,1.2713766,0.49506107004369515,-1.763438319716764,-4.662840395602352,5507.145
4198763331435650304,284.7200671962809,-12.584849076290672,16.251143,1.2090111,0.4013131103642281,-4.30685964271336,-6.391534343091311,6471.8184
4102690925980558976,284.62148275762655,-12.526987353654327,16.251896,1.372199,0.6516079369387534,0.16839941464043945,-10.089508334717488,5257.744
4198785695300421504,284.4370670878954,-12.319949951150875,16.252659,1.2460384,0.20627431070953503,0.39992185010995307,-1.04709035328133,5746.482
4198767935640701056,284.65014600368806,-12.485214996867363,16.252802,1.7085867,0.22537827927889484,-1.6649820084943603,-5.712829333314366,4776.204
4198763709392799872,284.70532808017424,-12.552921532586051,16.253546,1.734478,0.16954910246309116,-6.7522645129254455,-4.886890740896995,4780.8735
4198786107617534208,284.5222607696185,-12.282997330729238,16.253828,1.3182802,0.5449297358981531,4.66028642295123,-2.602099323304973,5001.835
4198785149869832832,284.5280997975653,-12.322636881337136,16.254005,1.9147844,2.299434274552059,4.401599102843544,0.4944127619271703,4483.393
4102701405701200384,284.37988385565023,-12.553188584603252,16.254337,1.2694101,0.4894327498622386,-1.4070380279428845,-2.6029356430793507,5510.6562
4198782293685990016,284.6576030936721,-12.377312336713167,16.254402,1.6444454,0.14936957709149193,-1.4971253059586815,-9.070275876249411,5061.669
4102703875276582912,284.45134107367716,-12.462425511277436,16.254517,1.179635,0.29089232405272897,2.0817034356634725,-2.639138565140842,6018.2334
4198770134663953280,284.735476670164,-12.412658178706872,16.257019,1.293231,0.3596247808974566,-0.27648697347276574,-0.8373810106076484,6065.385
4198786730417778816,284.5861449683314,-12.294771896276313,16.258375,1.642992,0.18075207674731797,-1.075991803096923,-6.389683749650184,
4198767072321308544,284.6950448280747,-12.503779018275221,16.259243,1.348485,0.5142188999085745,-1.8515613384097596,-6.818204778836156,5434.6733
4102707006338736000,284.41283582921216,-12.445251853648374,16.261122,1.3023443,0.5542180095458731,0.29049261889632283,-1.9821037358276805,4958.9775
4102690479304067584,284.51648727218,-12.571184383500743,16.265106,1.2709484,0.7492218513386336,1.1344825400738585,-3.3848027303113124,5381.459
4198785630905782912,284.4512503224254,-12.335712055863274,16.26573,1.5558939,0.03660432400457662,-3.6540344574735952,-4.369529683211947,5070.0063
4198780098988162816,284.5661069906509,-12.453487646812873,16.266052,1.6093397,0.20000687387618515,-3.014020733437387,-7.882799045160284,5656.6484
4198768412351342592,284.69941575399497,-12.444943191684024,16.266506,1.4400415,0.33216402897173275,-1.3711596702240796,-1.4664521182384784,5541.4355
4198781778289987456,284.5763329463168,-12.3636340083376,16.266506,1.3131895,0.911120886998307,1.7442498072182113,1.1313139239133785,5252.439
4198785081150351104,284.5272461122686,-12.32954808990701,16.267189,1.1987972,0.5122643272150326,1.4911243765852504,-1.2674373966486092,5536.443
4102704051401036544,284.50473583019715,-12.447599185336072,16.270493,1.1258087,0.5461157164269459,-4.749262683970539,-6.732861399212763,5725.9185
4198767351525083008,284.74993964236114,-12.48798165272655,16.270832,1.4383516,0.4779209120100056,-2.6925184678950957,-4.625864948620285,5496.2534
4102702505212595200,284.51363571157964,-12.529764784326796,16.271181,1.4607811,0.014087907342815488,-3.447597965857586,-3.4990403019103975,
4102685840710223744,284.64314892897414,-12.653160932830518,16.271328,1.6466856,0.03440976241502809,-0.22098809713255885,-6.189807077173758,
4198766767409534848,284.6997659843106,-12.52856312411395,16.275047,1.2353678,0.4717641767774577,1.8112608866680024,-0.3020203501974862,5699.9062
4198783290118742912,284.66835406023176,-12.321882928808165,16.275345,1.27495,0.5167349901779853,-1.6497018236249268,-6.29012678431664,5417.947
4102686871532353152,284.6786374790898,-12.566637662574689,16.276407,1.6454573,0.166985373469761,-4.754827692143337,-7.4376651758970285,4902.607
4198763331435643648,284.72575683370945,-12.587204919466727,16.276932,1.7204494,0.12957123978663118,-1.7165536247136142,-4.429978357169951,
4102700645460337536,284.4631812287269,-12.589292550603549,16.27747,1.1937037,0.46039043309460104,0.4196440021312744,-5.118344668160449,5624.945
4198763739426558848,284.7123270458975,-12.550759156504796,16.280615,1.7835665,0.07844844130250486,-2.9219312768242793,-3.9887949043147457,4906.748
4102707418655538688,284.4837878531135,-12.405829625378667,16.281301,1.2048492,0.49824323383914343,-0.7949632594645348,-4.92270853890246,5645.1855
4198782637286215808,284.7087176564952,-12.34681051260288,16.28153,1.6548529,0.143398203943607,-6.329906612908978,-3.3684255565705317,
4102688142842690304,284.47636018072797,-12.64912848751544,16.281656,1.7317209,0.20640561070210126,-2.932663151185831,-3.657789059733039,4912.0547
4102702951862548736,284.5445187201362,-12.494423571136029,16.28387,1.3495483,-0.20016684026933948,-0.6665903341283397,-7.421111743916013,
4102689139274029056,284.60079545585836,-12.609323036585968,16.284952,0.62650585,0.06153125447500214,-0.7204752044979132,-4.333198970322379,
4102708582561153536,284.43060868094784,-12.35584206731257,16.285263,1.0354509,0.18634155611878836,-4.442857646433456,-8.765844231620227,6489.44
4198768657195234048,284.65897775720964,-12.439830475473068,16.285452,1.7146358,0.13222991655171057,-0.4572666554162802,-3.5069921996862354,4984.6367
4102684466321102592,284.5798253547164,-12.669391775592665,16.285696,1.3087301,0.8309505057582469,3.533583638975885,-14.5485860122951,5396.651
4198780747497641600,284.61379314713577,-12.401039591457755,16.285889,1.6500101,0.2701477760466611,-1.197997288451382,-4.835688954857084,4986.9824
4102691166498823424,284.5863714936427,-12.513182523311803,16.285978,1.1448889,0.4653782874615225,-1.3594739982652824,5.763503140538628,5940.755
4198763778112264320,284.73475016893184,-12.546166887925779,16.286188,1.2694454,-0.40608887505501023,-2.6397777987616866,-7.970242283673652,
4198767351525090560,284.7465104048596,-12.48137490319772,16.28697,1.4087114,0.43317338915996595,-4.2064785478760465,-11.480873711622708,5848.536
4198786829172031872,284.5882685364699,-12.282370576549589,16.28764,1.358366,0.6865636979436427,1.4524589073217173,0.06440880894505602,5501.618
4102689757749340672,284.62848666228626,-12.572829216123854,16.289927,1.2910137,0.8203610477588333,-2.2640404321355327,0.5002840102786386,5181.399
4102708518142531712,284.454437001157,-12.3705264479995,16.290834,1.3907509,0.5556162560457902,-6.489969368915659,-2.9455247051491913,4407.0947
4102707143777722240,284.4253906578573,-12.41739212286217,16.29125,1.7110939,0.1962695354374079,1.0358991819224608,-4.295612656333578,4945.992
4102684672507978240,284.5940573299278,-12.642472513094411,16.293608,1.586195,0.15117258591150093,-2.6943476148234664,-8.074438807451529,5080.717
4102688795676827904,284.5308996730029,-12.585314956633486,16.293945,1.2930403,0.5710436199527528,-3.6453640339960294,-2.670613347531337,5671.9478
4198782641609546496,284.7151329481412,-12.347057692630468,16.294798,1.3355923,0.6307181090177524,-2.589465277984451,-2.659614515587558,5324.517
4102688623879029760,284.48674814562565,-12.620154572192003,16.29576,2.262268,2.376450596259246,10.159018946425906,-2.7525053015659937,4150.8804
4102686661070065920,284.67261006951856,-12.59763406591184,16.296082,1.2276821,0.34537125416625775,-0.966598341463297,-2.750029525796405,5408.764
4198781129780353152,284.56306782954016,-12.40358722125555,16.297287,1.5709095,0.2659709984529815,3.4294935821531647,-0.8902997060987988,4878.2803
4198784428315303424,284.5101898510225,-12.370824102024988,16.297522,1.6720619,0.05712256129150786,-0.30659716178484764,-3.9123238673198575,5005.5127
4102706967655424384,284.38821744336974,-12.456637917204993,16.297604,1.3638573,,,,
4198770370856677888,284.7340740998891,-12.395613000864175,16.297623,2.144431,2.5397870022896343,-5.970935788685074,-25.004043294375375,4435.4272
4102707934052030336,284.3904101564561,-12.414305416629336,16.297997,1.8175507,0.08208308846340578,-2.573381999905172,-8.241814988965018,
4102685943818164352,284.6615458286584,-12.643176904798972,16.29902,1.6131897,0.02373079983632653,-1.2829953483397623,-6.187789288307562,5123.7007
4102702883169705472,284.55504834225167,-12.49789781196801,16.300451,1.3196669,0.5748202399948434,5.590421037211865,0.6383145702207165,5384.104
4102687867963789696,284.5476971496073,-12.61887697251857,16.30156,1.2586336,0.5102345333889438,-2.8623008282547113,-2.6213559115677,5605.6655
4102705563229768448,284.3759280074395,-12.457909121033081,16.302826,1.4021854,0.26469587361062,-3.512414379218808,-14.088983657547358,
4102687760558069376,284.5427689949884,-12.634347467714235,16.303,1.354413,0.8701503652665865,-0.9015321582597051,-4.84752534013751,5187.2275
4198783500602329088,284.6160213691787,-12.32214859896989,16.306324,1.3265171,0.5328618469707227,1.14551134153436,-3.677293816852617,5547.752
4198780270786848896,284.60281665709,-12.429395488701758,16.307062,1.6782331,0.16175572812196615,-5.354276952790586,-5.5138695441665035,4853.395
4102701779332089216,284.42429735853665,-12.537799619323536,16.30985,1.6013727,-0.038515651523404075,-1.5853658961220582,-1.5428061397531463,5174.3066
4102702161615482624,284.4171767716556,-12.504578792747044,16.310083,1.5362473,1.0237764264510796,-6.731543088916412,-9.260238569499869,4870.007
4102700890304926464,284.47993885553166,-12.545524904226836,16.310389,1.6119823,0.21591491381072,-1.4472864226246973,-4.88540100926155,4826.713
4102701749298538368,284.4056491615605,-12.548790980566489,16.310925,2.233306,0.04485115718291132,-1.6206125471908734,-5.418904070546748,4727.135
4198783290118686976,284.6627184984815,-12.329677148727527,16.311317,1.264987,0.34301747937801097,-4.926473192950671,-7.023239311789996,5727.299
4198781301579079296,284.5246381062435,-12.399563979585936,16.311712,1.6793509,0.2730094341148544,-5.335464195256978,-7.470329371462032,4772.309
4102686115616926464,284.6242434076086,-12.643618440900104,16.311817,1.5923939,0.2332014098174751,0.5135460938385895,-1.2843573776865187,5037.842
4198781022378501376,284.54365786059367,-12.414650619228773,16.312096,1.6326933,0.15783126662201294,-2.562096395317652,-3.3406847269364413,5220.3086
4102690509337728512,284.5363894088768,-12.562268610277327,16.313223,1.5434952,-0.6568041915600776,-1.4954940364020268,-3.289278214145748,
4198779824110231168,284.5861667718535,-12.467229072394254,16.315367,1.3664703,1.1297890958451646,-13.918545743026645,-13.422569246948814,5061.452
4102686734092267136,284.6571179430287,-12.590648281917735,16.31611,1.3011513,0.3774600962623959,0.9365612173781653,2.1633283260799603,5274.4917
4102707349936087680,284.4551387753186,-12.41989621778529,16.316578,1.6867247,0.0901527129070913,-3.041124599373444,-5.778708660098372,5049.4434
4102687696165029248,284.5705468452156,-12.630861757313008,16.316793,1.1700659,0.3065672226838636,2.9586076811932474,-1.5257465804820716,6011.5234
4198781267218996608,284.5116340647831,-12.399446908562089,16.317818,1.2146378,0.7260948501979347,5.186751114234715,4.353848508618833,5776.3965
4198783358838216192,284.6475118161408,-12.320306585075254,16.31796,1.5062828,1.1222821380642052,-8.535635107725733,-22.47252314479309,4655.7305
4102704425032592512,284.49404275197384,-12.419969137979349,16.318216,1.7547274,0.1604655602904029,-2.5474345741028532,-7.358394444718503,4844.2407
4102703158055242368,284.5380497416256,-12.483639582688294,16.31859,1.6605215,0.08833499594283702,-0.11621882722363436,-4.877585953839031,
4198781091109266304,284.58324872038963,-12.411369395724225,16.319376,1.2436781,0.38199282141721796,1.7683596256707728,3.2023374672135647,5635.9023
4102689792109025920,284.66016900065557,-12.568889802288556,16.319937,1.5041132,0.13212892688757683,-4.502019917891843,-4.674048444006843,5169.8574
4102686837171494272,284.664869800724,-12.578591527918887,16.32038,1.2844162,0.49424608194278136,-3.6811082585011428,-3.3519540641373164,5317.62
4198782121887288448,284.6706737672537,-12.378985105588987,16.320469,1.5607138,0.28695092944580763,-3.4600196097300593,-6.681739752567542,4887.2925
4102687588759286912,284.57768215242953,-12.644177719863265,16.32056,1.2797718,0.4151525066132596,1.984396995127517,-1.2567362368427957,6179.4434
4198763400155140352,284.70514463451156,-12.575646557513377,16.320866,1.6668301,0.11373863955242902,0.9292757434967407,-3.820345254508167,4993.911
4198784393956072960,284.5265349621384,-12.368901386784321,16.32262,1.1449604,0.42758027634477364,-1.1993470672941362,-0.6970945376747152,5624.367
4102688623878150016,284.4899340856408,-12.616477899096406,16.322857,1.311945,0.8038728920386313,-2.7560687802635773,-3.529339375250955,4864.5347
4102690238785811200,284.5536491641144,-12.578620767619475,16.32298,1.6063118,0.07308676897768097,-0.6563071320715096,-0.6907562231857508,5633.372
4198763842505825536,284.7224709012914,-12.528903492546386,16.323172,1.7094936,0.09781067046730982,-4.883958958855698,-5.658209154557312,4883.1245
4102700271829569664,284.4527938791914,-12.599687413254635,16.323765,1.3369675,0.17472329720459684,-0.5245560205849168,-4.490613491436174,
4198768279238071168,284.6843002818847,-12.472162890087427,16.324326,1.6445417,0.16931199385798903,-1.2017474724074693,-2.35716093082244,5009.675
4102687902323526784,284.5512374064168,-12.616199586377366,16.324335,1.3642197,0.5497564647685673,4.1853431481008245,5.122476247857536,4908.8306
4198767278479772928,284.7198458517089,-12.494990444000592,16.326473,1.8717127,0.03514463578744396,-2.869669721794986,-6.3929402728118525,
4198785660953380480,284.426275131738,-12.324583484095747,16.326908,1.5427675,0.247679467152519,-3.4332378609256318,-2.029385938193905,
4102689207993541248,284.5874135062068,-12.602183679470151,16.327976,0.6919279,0.06773034489965431,-4.909932328180538,-1.9879504437568887,
4198768244879035776,284.63719755195814,-12.44965519671032,16.329264,1.374011,0.4815885437826513,-0.7484315673728449,-4.785514914120245,
4198764362227837696,284.7504154359088,-12.500305887567247,16.329712,1.3796358,0.8982943472097997,-5.411208478759225,-5.436974035754498,4834.2227
4102702363447637120,284.482497470729,-12.538664589485908,16.331177,1.657711,0.09877617535473804,-2.5142153287137097,-5.821594965640056,4871.2637
4198780442586157440,284.61428185722883,-12.42390755435618,16.331375,1.6638145,0.017441850520835092,-0.9804442422734545,-5.826887992158635,4868.32
4102691029059874688,284.56820334326176,-12.527714257074015,16.331701,1.6140308,0.2514525169884679,-1.1450441697311173,-7.512134543577528,4741.2524
4198784668833485184,284.51826709443964,-12.344849298834982,16.332333,1.1511402,0.49360385144646507,-2.9413527437425,-6.318249216042551,5720.5425
4198785523504411648,284.4693152609049,-12.324769200797448,16.33541,1.2883463,0.6596969911170487,-7.011588127821267,-4.909110622457923,5146.168
4198784978071109504,284.56648117394843,-12.328831374286974,16.336014,1.2106543,0.7068466151486802,1.1723982074693604,-4.050928890829505,
4198785562152185344,284.4795799110274,-12.322964626062763,16.336622,1.3817005,0.06203587949140367,-7.966157802740336,1.4358253550864364,6042.705
4198784320910509184,284.50149429496,-12.384346602984074,16.337444,1.3493719,0.5824156756937636,-4.880257578281224,-5.646723642365829,
4198780992341086720,284.5280004922281,-12.422006359319857,16.339874,1.5378637,0.1288263679781703,-6.526278216017056,-5.041581876375839,5212.1333
4102706692775064832,284.42091452082514,-12.474621338181327,16.340517,1.706686,0.0842379812423388,-3.055589755757305,-7.5350620000904165,4939.637
4102707453015328896,284.46135908048177,-12.40367001790479,16.340645,1.2220831,0.35048031871732843,-3.0144273062786278,-5.513264076963021,5838.8955
4102703158021173504,284.5380052964365,-12.483442256006255,16.34099,1.6695099,0.19978701046976302,0.637456652003789,0.6752219691205539,
4102700271829582848,284.44624925998204,-12.59989548864243,16.34173,1.4783783,0.831200770664858,-1.0416220302893522,-7.186432732688982,4582.7925
4102703467285467136,284.4485235263524,-12.506165998440302,16.342972,1.5207205,1.1732365688882733,0.5441755366431424,12.79906686898078,4671.5244
4102690032627320576,284.6097639862913,-12.555152235320648,16.343376,1.6426954,0.19475591975858647,-2.999851917287231,-7.468642071844968,
4102688967476415872,284.50629025317295,-12.587041060830122,16.343538,1.5270424,0.37287239335192024,1.416695463958584,-0.6179960304918274,4868.7236
4198783496277134976,284.6147680286154,-12.325782392085937,16.344099,1.8759775,0.11295500281876546,-3.1897453647300393,-3.199665108152152,
4198770336496945920,284.7164940390512,-12.39348330580658,16.344452,1.3209076,0.5615234893240374,2.324213153439369,-4.17529086939534,5160.8203
4198781645141363712,284.6293196189315,-12.367656748863483,16.344614,1.7649136,0.18885072393310742,-2.3848511515326165,-3.4966869725004637,5076.646
4102688310313858816,284.45159458230637,-12.636162740073445,16.344618,1.662116,0.09339076154245399,-3.825883560168522,-1.645172878387293,5038.4473
4198785356028287872,284.46675677777773,-12.348310292390284,16.345516,1.2707815,0.4433306764139509,-4.236908109478138,-2.687250400371484,4936.1704
4198764259148611968,284.74381141518,-12.520256714789953,16.345594,1.3548946,0.6435874325103449,0.5789509108220126,-0.0074847879791017135,5233.109
4198785596546044928,284.4445163487131,-12.339493689829814,16.34565,1.5481358,0.1575753216383725,-2.1316303070213367,-8.096376999093982,5240.408
4198786215021782912,284.4683172067921,-12.298941645778841,16.348251,1.2452354,0.4240953031558059,0.987559499506811,-0.5654485078723247,4926.1973
4102700821593001728,284.495655421853,-12.561952960517434,16.348969,1.3054523,3.627958759263019,4.091713196408089,-8.865057025602239,
4102706834539965568,284.4405886635308,-12.45552418628932,16.350035,1.279912,0.35027662674332044,-4.172153310374741,-8.010170727253374,5419.958
4198767523323823488,284.68212287801987,-12.481315833842354,16.350721,1.198123,0.5113880376880807,2.817534102689776,3.6663748567221095,5680.985
4102688520799024128,284.4591500394958,-12.604955097458722,16.351091,1.6252747,0.12465221535759918,-2.700885650172632,-4.548224171424502,4972.3022
4102701023417714048,284.4371203293373,-12.557171515944553,16.351416,1.4565315,0.5191834748089899,2.860326684396877,-7.6026915936270925,4698.303
4198783328803606016,284.6455259914482,-12.332783792930224,16.351807,1.191926,0.25248950973573103,0.36651914261624363,-2.116343302984768,5821.5576
4102701440060933248,284.39407077907794,-12.542327642988742,16.352266,1.2537394,0.6100935676553136,-2.8770035674351297,-5.560923624526067,5296.8086
4102703737837577088,284.42574732018375,-12.47429430622133,16.352383,1.2836618,0.06969401794049067,-3.074221580639971,-6.446529381800576,6017.4106
4198786799137269760,284.574182560676,-12.285738069829419,16.352762,1.3393145,0.2390253810980402,1.3904895729127957,-5.55847314752802,5413.9893
4102691269578097664,284.57989158491154,-12.492956502873371,16.354187,1.6281691,0.06436840232754468,-0.7814329915919165,-5.665275987277434,4841.449
4102686149977848320,284.59987373382796,-12.635062668623576,16.354246,1.086688,0.277901277276006,1.9543713740338755,-1.1621687436398453,5922.269
4198768828993839360,284.7578430908079,-12.47256266802778,16.355124,1.397624,0.38474396842507225,5.612902087150474,-4.052772959422747,5365.194
4102689684703891712,284.6411227290573,-12.580715007217023,16.355406,1.6357927,0.15056998284512643,-1.5032695552115447,-5.1554229039473745,4913.994
4198767007927749120,284.6547431998899,-12.504687276917107,16.357162,1.206769,0.3761790496622155,-2.627144731955003,-5.550585195613319,5049.488
4198781297253485568,284.5274381243025,-12.394334410276771,16.357336,1.202385,0.3566240723828549,2.3988396066233815,-6.634510854922978,5531.1206
4198779927189452544,284.59135120041174,-12.45363591399394,16.35819,1.3807497,0.39145290913009945,-1.9516325052738759,-1.1395858168368693,
4102707384295779584,284.48396658009443,-12.415844338513478,16.360771,1.5995407,0.04251030659642153,-3.838486219093309,-7.059534435565655,5271.1597
4102686729766337152,284.6486598373836,-12.586284904360538,16.3625,1.2430611,0.34384175679727097,-2.258094201199884,-5.775085780148106,5563.297
4102686076934379648,284.6162165327633,-12.644523335311955,16.362904,1.642334,1.0397680092166457,-0.15854704478327325,-0.4975867837989895,
4102687593085781248,284.5651766712732,-12.650509426106996,16.363249,1.3362255,0.9267927909390807,-2.9741582609675152,-14.351164862079447,4561.783
4102703772197332992,284.43751948614965,-12.468746553307062,16.363443,1.5683336,0.13897225025202392,-3.9360881684044937,-6.156160495557953,4913.975
4102702299054136448,284.5036689880317,-12.552257731013876,16.364412,1.3215284,0.374271626420747,-1.083759783295652,-2.825734571830826,4782.2334
4102686871532353920,284.6805429510708,-12.56281933778854,16.365047,1.2189417,0.2718305839644084,-1.7110564634482295,-1.0855405928239155,5669.7744
4198767007927745152,284.6508294431663,-12.514287999536919,16.36556,1.3068132,0.4406139753603325,-2.538917950984972,0.11483977840481571,5636.15
4198767420244574080,284.7446377976455,-12.470789018156132,16.36692,1.7293053,0.1487172142660461,-3.6375611436989397,-3.276459676398219,4962.278
4102685875098726272,284.6268031673373,-12.656883744842883,16.367025,1.4565191,0.3767954307788339,0.051641476526878324,-1.493987799806448,5061.4854
4102702986248906624,284.565753915441,-12.494607106985585,16.369932,1.4402504,1.169811322610211,0.11831868187121938,-1.265975585352141,4568.753
4198768274912248064,284.67479270381176,-12.477698944167997,16.370447,1.605607,0.3487056928561119,-2.108568192142998,-4.100775489369207,4836.1206
4198782126212700416,284.6862245231541,-12.37897856204162,16.37107,1.6220665,0.37072306116933024,0.8352612811105894,0.237274214463135,4752.45
4102707075058298624,284.38432678350597,-12.434285072053791,16.371418,1.4576454,0.39745499420198427,-3.962316915975962,0.5895604331075712,4915.281
4198784462675041920,284.5240581891471,-12.358101390193129,16.3732,1.3696537,0.3844971437324368,5.909380373531722,-1.3299109775130684,5667.7456
4102684500681089920,284.55388568813635,-12.669165558493399,16.374086,1.3183422,0.3921148257471009,-11.236575988101105,-0.8867427597725247,5887.693
4198767553357753728,284.69730928468243,-12.473781183275838,16.375011,1.3608408,0.7715244607769449,2.4668044678984735,-10.363828560906288,4397.657
4198783152679627264,284.64080609979555,-12.346831840385507,16.378342,1.2496462,0.40006400182865026,-2.3943957059940586,-1.8032155982280265,5128.3047
4102689757749350144,284.6290326129775,-12.567043203712537,16.379087,1.1984539,0.5102513448113518,0.7394057375265563,1.5812192411177526,5350.913
4102702741404990848,284.5181733608581,-12.505725230515447,16.380177,1.1502905,0.4884420384631237,-4.313175865382096,4.456299289119892,5584.2266
4102704326279038848,284.48184530524793,-12.42891987462317,16.38063,1.3576756,0.6301386184997151,0.7928120320076123,-1.5635350606330531,4914.148
4102689207993521536,284.5911597416421,-12.60984366435237,16.381266,1.424757,0.9761474996860221,-2.367013027317131,-3.5913993557203048,
4102689551590945664,284.6065188792349,-12.575858974519331,16.381577,1.3441753,0.8060319433930377,-7.370622865550466,-16.375818555944416,5123.276
4198768893387579904,284.75725353699335,-12.46613962860327,16.38302,1.7004976,0.10983977484324292,-5.182159299491,-6.666400671799934,5134.009
4102707659173797248,284.4545167730632,-12.390561604865244,16.383432,1.494874,0.7650691415509618,-5.600442418258337,-8.268743321292687,5207.348
4102687932356883840,284.52934813274976,-12.620529176137916,16.384544,1.6861763,0.02082768347863522,-2.7110428042650576,-5.654859874051323,5042.6177
4198782435450373504,284.6715360513332,-12.357097180176089,16.385757,1.3365908,0.4278081202664699,-4.718340671279053,-7.04829916297598,5592.519
4102708651280576256,284.4028293509521,-12.373984876317774,16.387377,1.5656452,0.10132221849536503,-2.7513990467410974,-8.903841365967828,5136.453
4198781404658298880,284.529039956179,-12.389728666546933,16.387432,1.1226149,0.46361307705409327,1.5167620338304568,-2.712509889708139,5535.4795
4102686802812873216,284.690702726471,-12.570961738752066,16.38792,1.3093624,0.38307696487027826,0.34373004545611474,-1.8924045264888825,5569.3965
4198768554116010880,284.6585881113686,-12.452571300590456,16.388607,1.5398769,1.2631853989395008,6.0891649241197605,-0.8834718053701622,4604.7505
4198763846796069120,284.7210718402654,-12.530895741751323,16.389166,,,,,
4198783122645162112,284.6402470675871,-12.357057425088644,16.38933,1.33743,0.44683181737087746,-0.8416622610134361,5.564615719099292,5466.8833
4102687558726105600,284.5429531074634,-12.640175728055631,16.38949,1.3482151,0.42700394644418177,-0.5745705694623793,-4.033599356492536,4748.0273
4102690857262022912,284.59452449994177,-12.528534210362672,16.391985,1.3545561,0.6652896237623469,-4.941900876348658,-14.096014707807049,5104.0435
4198783191364665344,284.6157856736313,-12.345758167778527,16.392897,1.7424822,0.06197828887174044,-1.8740415324725683,-4.3894141064244,4901.6973
4102684466349519104,284.5798945163527,-12.668578269885467,16.39388,1.6130228,0.15702280127215656,-3.434064115270735,-6.428505718264681,
4102687867963792128,284.5434273868174,-12.621355970858346,16.393915,1.6007032,1.0214626179235577,-0.4345939828902794,-2.8932307317517982,4561.1167
4102689031868806528,284.4931944754852,-12.58553830289413,16.39625,1.2001934,0.5021680824280113,1.051359188208088,-3.693299113247536,5456.069
4102687279521548672,284.4801031012924,-12.6549777492871,16.39659,1.5406923,-1.1461009684850758,-5.409200302999943,-5.225465593295307,5118.7695
4102691127813358848,284.5691569625463,-12.514651851947159,16.396887,1.7140989,0.12396023426510035,-4.883870008879545,-7.632362789273913,4862.3984
4102702741404959360,284.5096746191962,-12.508009265676579,16.39903,1.2300138,1.2228419020093546,-1.2872409222146652,-10.495300356239191,4802.718
4198781812649692032,284.5554878470147,-12.368932738478223,16.399157,1.2572861,0.40781454766057335,-0.43902540111140376,-4.506805205352094,5578.8213
4198768377991570560,284.6849485060949,-12.452375348258439,16.39967,1.3125525,-0.5775461811327671,1.6216710364760913,-2.4321780134173956,
4102702432167188736,284.53061622351356,-12.527972978360564,16.40033,0.94926167,0.27102092231526737,-3.6627602030354636,-9.413442736663743,6136.412
4102687867963782656,284.5486158371029,-12.621684090326628,16.402262,1.3643732,0.712874402383562,-1.4584231529665206,-3.623747390010512,5166.3594
4102690479304045568,284.524062279004,-12.574186671880042,16.405495,1.2745428,0.38989270427988776,0.5032010181473561,-4.267390591647286,5666.274
4198767523323814656,284.68763509058044,-12.489026233960644,16.405773,1.6033573,0.12042181374413014,-0.9597129721876687,-6.919718351816654,
4102704223199782400,284.47708636826786,-12.450789333132658,16.407942,1.5577698,0.23568182923461606,-1.8224884293700658,-3.9226287708909844,4837.735
4198785527826993152,284.46777548394857,-12.327605032700658,16.408243,1.2067566,0.6949800452883613,0.37430469562664603,-17.259835400765436,5323.234
4198770370856689920,284.7309405914415,-12.39201009152555,16.408838,1.2876234,0.4628509945757432,-1.707415960009902,-5.252903044247261,5629.857
4102703398565952256,284.4642143091011,-12.508701477211286,16.410341,1.2056217,0.6525627705637225,0.2454117889903506,-2.8168733842762075,5343.2456
4198767660762768256,284.71493170390545,-12.464122027524539,16.410534,1.4670143,0.9664588825621129,-4.265177197528301,-4.286261748434841,4976.609
4198767798201755520,284.6231977099343,-12.49886342909414,16.41205,1.3984213,0.3997933751541873,2.8406763281724525,2.525362038582252,5530.185
4102690921654893568,284.6147966057585,-12.518479874452213,16.412369,1.5787382,0.12487793271068373,-2.534280490055081,-2.6568466907828587,5041.3555
4198783156969874816,284.64682510918027,-12.34484537317572,16.41288,1.357316,0.2973206204243678,-2.5119488798020857,-3.1523547234650438,5741.1685
4198780610058673664,284.6600131803549,-12.401695999610066,16.413437,1.3380699,0.6278544390252405,-5.678119288920949,-16.632465121626158,5712.584
4102684638148238080,284.58067739999615,-12.655354369298374,16.413847,1.3712597,0.7926855331693727,-3.3633341484050927,-6.820572386016771,4877.568
4102688761317985024,284.50982886692435,-12.591202638463963,16.414328,1.6980133,0.05192067790848313,-1.1593385349390273,-7.624943506963473,4805.4634
4198768171833122560,284.6459984788735,-12.456695016654155,16.414627,1.3099804,0.6354966666452271,-13.138254320196273,-3.2323427343400657,5608.479
4198783157004905216,284.64262108927363,-12.349193512373224,16.415197,1.253706,0.3888462846427894,-1.1889451663386317,-6.193511253826087,5072.804
4102708415088161280,284.397893526057,-12.391532975304184,16.415209,1.7975254,0.17838279296532564,-3.077984413242213,-2.764632965715576,4897.531
4102685905132115840,284.6398990213807,-12.643227568794487,16.416334,1.3539839,0.3500714709903824,-1.214365175654415,-0.7442076752509352,5102.7827
4102708238963675008,284.38511932325764,-12.388069044228335,16.416555,1.6152115,0.06484489734824526,0.16591409451932482,-7.135511924527887,5511.715
4198784222156496512,284.50060264662136,-12.403248239519488,16.417622,1.4141006,0.5874869047330256,-2.0134327924597737,-4.239118583142037,5342.231
4102704394998442368,284.5154283528306,-12.42853323721651,16.419018,1.5644464,0.26535080660462523,-2.440584082800743,-10.495344305468098,
4102688589518381568,284.50696463497536,-12.615231526629925,16.422665,1.3121281,0.6574171519275174,0.279296685427892,-4.650566045468871,5042.7285
4198784531394533248,284.4902643418446,-12.368188642867098,16.423458,1.2877016,0.6690253803976997,-1.2974322001179184,-2.5194277333943798,5069.7197
4198763846831760896,284.7223238755285,-12.52672829635259,16.424002,1.3545151,0.552704894473084,-3.035877457838763,-3.8600639557028846,5582.66
4198783461917367040,284.5963821472718,-12.331049439597166,16.425081,1.5452881,0.9169561636580079,-2.056284471407856,-7.6769232907653375,5171.498
4102703226767211648,284.528927549225,-12.468980739833343,16.4272,1.3436718,0.812135654248844,2.156080483101715,-0.3196904018224097,4777.326
4102686115616932736,284.6303018153097,-12.6356756613044,16.428335,1.8135986,0.1225796545168033,-3.5673589797983882,-6.763664664043019,4860.7275
4198782499844548096,284.6638977905771,-12.355415359226784,16.428381,1.3098488,0.36863513398131464,2.08572811884608,-3.8615999312119667,5642.496
4198763365795389440,284.73335949221547,-12.570583536661717,16.42982,1.4724493,0.9803036640480571,0.5627497095461073,-3.292390345214322,4375.4473
4102704081435057024,284.52403525128864,-12.452836051633804,16.430115,2.0966644,2.4420041915499167,7.362256230658726,5.475569792998251,4295.755
4102703261126909824,284.54112281916565,-12.47566931404934,16.430923,1.2459774,0.4864748912776759,-5.099871677562165,-7.025784304217824,5395.3354
4198783328803612928,284.63940753724154,-12.329919239124832,16.43289,1.2928638,0.3965461307316604,-0.25881508572844325,-0.028335366708784407,5649.808
4102688830036611968,284.4863696307997,-12.604868820784331,16.434467,1.2497234,0.532509322053693,-4.572271912525194,0.5374123120388129,5429.2075
4198782912161573632,284.6958900192694,-12.326786202171363,16.435959,1.3411055,0.36529130159373135,-0.07262394134090625,-2.496617563525619,4880.6216
4102703329846417920,284.53248064165365,-12.470127650521695,16.436054,1.0530853,0.3354289231374471,-4.0306904332281155,-4.382296086415582,5038.3755
4198780339506340992,284.5950627012084,-12.416682396966104,16.436302,1.5201836,0.32562345046387126,-1.8094913202432743,-0.530879935974707,4902.155
4102703639084184832,284.4750021058244,-12.470752263079907,16.436672,1.3982315,0.3664028098782118,-2.175931648363728,-0.566784840232681,5576.9043
4102700752839234816,284.4625117857749,-12.574230335850253,16.437305,1.2272921,0.43401423839362413,0.18408927088781493,-6.030824226878977,5211.9185
4102689517232216576,284.58898791657845,-12.595244002153791,16.437338,1.3295527,0.4949421099452488,1.9043267954173975,-5.197795094882917,5048.903
4102705185272534400,284.3961104285233,-12.490779194928212,16.437796,1.2782412,0.7132802351444669,-2.2586376755540387,-11.897140784540422,5465.3438
4198779824110217344,284.5950715913745,-12.476538660893992,16.438684,1.5652714,0.24757405392034812,0.1410720954541653,-1.8873833410983278,4748.275
4102686665372748800,284.67355792167865,-12.595295973218061,16.439041,1.237608,0.42747463213982145,-3.2898255665206957,-3.4164254820487736,5479.0996
4102700611100770944,284.41008568854073,-12.568550094884058,16.442326,1.2459383,0.5245338890099219,-2.0241576194003796,-7.500741184280272,5633.3257
4102704017041302144,284.4909397425298,-12.45823318102045,16.443186,1.6376753,0.06910096609511876,-2.6239509492117885,-7.783586257326303,5079.774
4102702470852813440,284.5407000756164,-12.525229467178475,16.444012,1.613862,0.18002963795968602,-2.94233146677668,-5.251737807995241,4828.711
4102702672685506816,284.47885000482853,-12.505236590684763,16.446737,1.460598,0.09197717066805973,-2.2198636375562857,-7.443266843166952,5395.256
4102689448511780608,284.55469011722926,-12.60046515080003,16.44718,1.7521982,0.23930081267765776,-1.7122806012595786,-8.35999032971878,4850.468
4198786421180105728,284.5959163199747,-12.321255431091881,16.44817,1.3973198,0.42362623850701353,-8.384744420505138,-8.547432952345739,5564.2314
4198782366730903680,284.6434171805253,-12.373732576428685,16.449203,1.1894445,0.4572858759085838,-1.1208831659516127,-3.605393895606122,5703.0205
4102702745730811264,284.515909916587,-12.507720776570473,16.450262,1.2498407,0.41330950180185505,-7.500046012417542,-4.4828346072024265,4933.028
4102702195982626688,284.4298686985059,-12.499927533198274,16.452236,1.2875776,0.3460318655562205,-1.5843097059267752,-3.301941895020007,4855.0845
4198768451036767744,284.7091543986021,-12.444360821589036,16.452389,1.2468653,0.5579688378723615,-0.8642986836810396,2.9222142421809623,4939.1816
4102706761494603648,284.40312574349207,-12.461723309663562,16.452528,1.2996492,0.2991378620296398,0.2438338607495404,3.5386154118916373,4825.637
4198770375182931968,284.7379298682069,-12.38431653304249,16.453135,1.4390335,0.418882013415422,-1.3758313972083676,-0.09144353989503168,5843.892
4102691166498803072,284.59490027056137,-12.514283081766942,16.4538,1.2385349,0.41309148030567105,0.13776221765498214,-2.1708879277319113,5650.0347
4102707968411506816,284.41069151037385,-12.405163528037836,16.454775,1.4415245,0.695481862291279,-5.170203282669457,-1.0104923317348677,5129.4873
4198785218589301888,284.55565046487465,-12.307320377328352,16.45583,1.6426153,0.010219753333915737,-1.4965753362387286,-7.247186773231331,
4102690754154311680,284.59736792767706,-12.547709285295083,16.455872,1.2053356,0.46904905598188384,0.9881999566448373,2.018163004551331,
4198763571953827840,284.7420376836953,-12.54969700927141,16.456007,1.5783968,0.02363769291425603,-2.753607058971252,-5.534760295578623,
4198785081150340480,284.5431769350273,-12.328865549233416,16.456244,1.5754013,0.19417011657066957,-2.0250244195849185,-5.140432749706763,5150.543
4102707006338752384,284.40291536788584,-12.445805928706328,16.456244,1.6173134,0.10310261018915953,-2.0434093285084347,-10.422946148982238,4980.378
4102690066987008768,284.63607962137837,-12.554342056022373,16.458986,1.7093134,0.10583310079271052,-2.2359794925745895,-5.396102763171292,4811.2075
4198763640637589888,284.7120511643549,-12.556776849673563,16.459763,1.3282909,0.4802892212746209,4.19056839989749,-2.5653961760531807,
4102688967475573376,284.5027382217007,-12.586945847798628,16.46236,1.1656475,0.23116467343327182,-0.38777506644540094,-1.628428328855199,5583.846
4198766973568002944,284.6505033540891,-12.520358012935185,16.462475,1.5011139,0.0391622277760028,-2.5345515425911556,-4.766711534418207,5134.945
4102690925980555648,284.6277274663011,-12.522436047615791,16.46264,1.2943954,0.5573617422134103,4.2294779457917535,-3.0713088830670974,5240.506
4198784737552974464,284.50736641059615,-12.33811722641945,16.464561,1.5364962,0.3217979449060559,-2.3454946634677336,-7.903100534329473,5060.5854
4102702092896055040,284.38229002408656,-12.514982757008372,16.46468,1.9075327,0.16393891583399328,-3.253933290478087,-3.971719885109326,4721.242
4102691269578061952,284.5912931903561,-12.498180099177741,16.46471,1.2819757,0.3653151821056114,-1.901452979063823,-1.6195663708440802,5265.5776
4102690444945161728,284.5733054155707,-12.553613439674585,16.465303,1.6375132,0.17003536408684045,-0.1262974531675966,1.881118893471702,4990.5947
4198768343631742592,284.66864781171216,-12.471442740008667,16.465357,1.8411808,-0.030207869404040494,-3.5252724590815,-5.703940718327117,4821.993
4198785527826989952,284.46621112500117,-12.332997282676732,16.468203,1.4403524,0.11542826917730245,-2.923325430673025,-2.23309712873776,5664.464
4102688791350637184,284.51897341835235,-12.587950566621378,16.468706,1.6643372,0.042375374464615055,-2.1691947553158446,-6.454050069929428,4857.7456
4102687593085764096,284.5776261934709,-12.645824905561408,16.46897,1.3151684,0.41703223887018126,1.96087463988156,-1.3235942271077514,6009.8506
4198783672371132800,284.68050841874157,-12.327070010923066,16.469007,,0.22743583449388582,-3.7458791112230445,-7.845148155018698,
4102703329846443136,284.5365170829239,-12.455910756204982,16.470236,1.5939159,0.10636681827474775,-1.4238372208021959,-9.2812842796849,4899.1816
4102689959581927040,284.62701469789704,-12.561037058143858,16.470396,1.3966265,0.362217343752673,-0.15886085840915126,-2.0667115465298416,4832.063
4102707345610400128,284.45799104268207,-12.411701431608215,16.471735,1.3932648,0.2575894437790997,-3.2778777712141256,-4.594083291197423,5063.356
4102701371341408128,284.40436510336644,-12.553818873533816,16.472187,1.553874,0.40272328958196113,0.9754014810350486,-0.8713461672562844,5019.2686
4102690341865944320,284.57271438717913,-12.573438554180647,16.473173,1.2247667,0.4434726708017617,-1.285756423768809,-2.791179758344635,5900.9404
4102687661805310592,284.5557501639659,-12.633053510610695,16.473318,1.4216709,0.9760123384900787,5.248448058798431,5.710842189067214,5234.7983
4198785626580875264,284.452344896493,-12.332317234691423,16.47579,1.6240005,0.07338520520083244,-0.2855156809040927,-7.30753471996584,4784.494
4102706697101437312,284.42251560210275,-12.472013607286728,16.476023,1.3351593,0.36201399736926054,0.0865662187073564,-2.3656827548779296,5542.799
4198785012430858240,284.55995638768206,-12.322105030672967,16.477156,1.4132929,0.23861053036854532,-8.818036270162853,-6.043485093464199,5285.0596
4198781847009522944,284.57184612828576,-12.355398933612673,16.477848,1.6035976,0.10407441513244055,-1.7356498982237538,-4.832902934489385,5032.228
4102700752865973888,284.4532379301636,-12.56943231262648,16.477861,1.4180555,0.1586107880642652,-4.242766505968865,-6.308980767440638,5688.1904
4198780025942911744,284.60047085510496,-12.447737975707577,16.477924,1.6139994,0.17988923443419105,-0.9597890378985829,-2.1617146898419417,4811.4634
4198785145544637184,284.5243478399768,-12.31759638761229,16.478254,1.2051497,0.45223278732088695,0.807216077067225,-3.605331723335535,5503.971
4198785527792472960,284.47027387889034,-12.32410365270128,16.479355,1.6641588,0.1137893983558114,-3.585379499907342,-6.187948742080819,5105.6406
4102700855945176576,284.4690767722535,-12.560029435023154,16.480204,1.405179,0.4343990969016892,0.6530770956471134,-3.926746673348249,4829.6763
4198786558619069568,284.6108182052947,-12.293424432061633,16.48062,1.7016287,0.8765130285220712,-4.373299514254416,-3.375488073994555,4543.8896
4198764190429129088,284.74908817891213,-12.525064998910901,16.481155,1.5316658,0.5321245548062643,0.6970541166546262,-3.4990797604757247,4714.2183
4198783599356443776,284.62106608018996,-12.310345088338945,16.481459,1.4914637,0.35793630357311496,1.1243320707780449,1.0660930977268637,4822.038
4198784458349643904,284.52929505134364,-12.354333145381883,16.481688,1.5020351,0.8328612591975506,-0.9981369379928633,-13.188973659948779,4512.944
4102688933115889024,284.47837480982923,-12.584987641790995,16.482462,1.3282719,-0.5426444669144486,-0.5934678891213471,-2.095806733710253,
4198767042287467264,284.683251315631,-12.50684501172824,16.48273,1.2622309,0.4458449018635026,-0.06957597006906122,-1.2356892573727885,5407.1016
4102703669118007168,284.43994078304365,-12.489681435499397,16.482965,1.3552094,0.45577173255095654,-1.7811921429653323,-5.007035479069784,5461.8257
4102707551768834048,284.4501648168113,-12.40910548581168,16.484585,1.3900833,0.9154440345880829,0.6117391854776264,-2.4123417964038105,4800.404
4198781297253422208,284.52579351491335,-12.404752171521833,16.484644,1.2895794,0.4643337758118955,-0.7463369308768186,0.1983294268074935,5462.512
4198780786182928768,284.6291850536743,-12.40010661059568,16.48549,1.7303009,0.29029036192120217,-3.056589279098254,-5.41017745824147,4830.543
4198786592978795776,284.6227236828561,-12.299574724760024,16.485857,1.727665,0.07096634954808821,-0.2753510173015193,-5.953152461091332,
4102690303179278464,284.55150995950396,-12.565277729624178,16.48609,1.3209867,0.6745437405476141,0.5591660017138689,-1.43628632329704,5155.171
4198786799102648192,284.5608579184035,-12.281387674447023,16.486282,1.4369278,0.6317217202679444,-2.6713711551177624,-2.190785899691808,4920.351
4198784978071116288,284.55252518327325,-12.333528733232717,16.486345,1.6378956,0.19703490024761455,-4.995902152619737,-5.479698837040838,5049.1963
4198768481070819456,284.69796572458773,-12.445412937740015,16.488588,1.6130915,0.10979597369601539,-1.8069061687209305,-3.5471081781345477,
4198782950847207424,284.69195261937557,-12.32231555400141,16.490564,1.3237591,0.44035405422632024,-3.6118664463833277,-2.2926341914963038,5411.0864
4198763640637602048,284.7105410706676,-12.553075405752002,16.492765,1.4752264,0.15787376329072184,-2.8525768711864155,-5.757824173039791,
4198767862595350528,284.6550599424163,-12.486197619388003,16.492964,1.409708,0.8046818257602317,-1.073742026234451,-8.867945557453394,4873.8633
4102686631013028096,284.6567428147024,-12.602853822913197,16.493086,0.6046715,0.1514108504129062,-5.281025469706156,-7.061413875769868,
4198784634473741440,284.5051166404312,-12.363568475262023,16.493158,1.1913862,0.5550345641760037,1.2268499952705272,-6.72933030029952,5051.0347
4102702951889938816,284.5503079988049,-12.492244753711885,16.493553,1.160121,0.4086289264373595,1.6703033363685404,-1.9131956829689187,5600.1353
4102704051401017472,284.5089191341681,-12.451829798126122,16.493858,1.0217066,0.3077724572956498,4.066896339936343,-5.85728209149866,5897.171
4198767141040822016,284.67105426024796,-12.492380059508617,16.495874,1.2618599,0.4585543777918245,0.5504893299410853,-2.9498879325813094,5128.659
4102707556094583296,284.4410092414769,-12.402811951433165,16.499958,,0.4952223511829907,-4.602973840523163,-5.108188046122964,
4198784703193239168,284.48912575732453,-12.351128282533589,16.50021,1.1743517,0.45814871674281155,0.3957813616934197,-4.705053270242923,5505.546
4102690788549334400,284.60670643531427,-12.539047115153311,16.500975,1.2821922,0.3874227124498042,-0.6811648927471937,-2.0101152377750715,4820.389
4102701057777513984,284.4591890333874,-12.547809066478822,16.50102,1.2690897,0.47620671110678836,-4.197334408692332,-6.56926727560833,5324.4204
4198764357901986688,284.748809494172,-12.501193914698087,16.501867,1.3466206,0.3942622241620442,-2.615833982536663,-3.037539975987021,5643.1807
4102705180946437760,284.3906533374841,-12.5000012501263,16.502306,1.6380367,0.22882669089194257,-4.973389491623424,-4.232602243815082,4672.4604
4198767935640706048,284.6498889572174,-12.478534342301122,16.503038,1.3193312,0.19956160992731142,-2.5114400277015,-1.0374418411731459,4812.6763
4198783668075852544,284.68512222705465,-12.320961945267376,16.503988,1.7265244,0.14925524570951287,-1.4216119102881077,-5.685104443232076,4886.4688
4198785562186732800,284.4763933579409,-12.31853813012041,16.504614,1.3118896,0.7310682268678284,0.7779900745409977,-3.8922031124623477,4620.232
4102687696166079104,284.56945395312056,-12.633941833770741,16.504858,1.7042494,0.10182113298550376,-1.7498315280754426,-6.033982580919906,4793.688
4198768519720840448,284.7028981763129,-12.435685168622603,16.505062,1.7362242,0.26665047300089817,-1.32935511161701,-0.9440032815597155,4790.368
4198764357901981568,284.7541840382804,-12.502375060783077,16.505476,1.3401976,0.48668592730127425,1.3664268256608707,-6.931806675082776,5192.4414
4102700271829579392,284.45111545649803,-12.596947365254634,16.505663,1.2222395,0.4581266171444052,4.019753287078316,-0.22534087781583478,4892.487
4102700959024446848,284.44225283203224,-12.56264965275069,16.505733,1.2414808,0.23442547984453913,-0.10668492815861336,-6.8584091317512454,5628.305
4198768554116011904,284.65025197032855,-12.457782395941987,16.50739,1.3726759,0.7242563191602981,-2.2400041509280846,-6.8860080205888075,5255.5713
4102689169307552640,284.57907443960045,-12.609937372661383,16.508165,1.6547232,0.24341905646227574,0.43965639345597707,-3.6946684780481798,4899.903
4102703913962152704,284.4645546084137,-12.456354566102481,16.509365,1.2351437,0.43086527478554737,-1.646654863967104,-6.482380986476186,5477.4185
4198779824110223488,284.593770541734,-12.469796152224864,16.509445,1.3445082,0.6254487316585211,-2.652018438142106,-5.415726818598917,5218.532
4198781645141355776,284.6289655194544,-12.369486128111246,16.51078,1.342555,0.5758919538844918,-3.3563637426204984,2.763500656048849,5548.9214
4198785935818636416,284.4904950932788,-12.318378652765656,16.512297,1.2972908,0.40581488394756826,-2.2660247126862547,-10.0978032739024,4880.445
4102702329087933952,284.5127794067179,-12.5340403305725,16.512627,1.6364326,0.19991979963378195,-2.229499425654625,-1.7331173401968625,5010.599
4102687627445503104,284.58721680182236,-12.637562680863951,16.512896,1.5438852,0.18534840490649115,-6.480405048397274,-1.9929743652824394,
4102703158047704448,284.5367481135439,-12.47555760237786,16.513306,2.236516,2.0626684889507434,3.3918315127247918,-8.671120086262045,
4198785733985437184,284.45266612543185,-12.324191484894552,16.513674,1.2155733,0.6197652993536186,0.5374799807803478,-9.59261471299158,5353.1577
4198786661663563776,284.60253059688716,-12.281804173358692,16.51433,1.1675024,0.15521474858313797,0.8880232851739114,-7.860555612532622,4962.251
4198763842505821696,284.71238677646596,-12.531325406045282,16.514833,1.292387,0.43866052799191657,-2.361647042752065,-0.9878317699563968,5508.817
4198767454604321664,284.70194455806256,-12.497207544459092,16.51521,1.5836716,0.014171177016854651,-2.5046372048283834,-5.708356676942608,5020.6245
4102701130796903296,284.44466021057264,-12.542763568569482,16.515903,1.2594881,0.6438586404621364,0.059691520918661034,-4.503380636751195,5436.1836
4198770748813845760,284.74293686808863,-12.386150171367854,16.51758,1.3565893,0.570621545984294,-0.02084174315137427,-3.319136127294698,5513.122
4198785252949045760,284.5360432995338,-12.317803229602355,16.517637,1.6499138,0.2425830385963436,-4.858732660343881,-2.082397147645363,5002.0215
4198783633716250624,284.63600689863426,-12.300713381063911,16.517885,1.3147173,0.40755748266675706,8.23358386616352,-8.783393885772606,5161.7637
4198780369540338048,284.6329957193869,-12.436854184670558,16.51871,1.5121593,0.2223057640648713,7.755579053700414,-4.589630314125924,5274.208
4102700817281267584,284.49415903228356,-12.562172966362391,16.519075,1.2834091,0.5689860040990128,2.5920009409588527,-0.47043652143739534,5237.193
4102685909458457984,284.6413965976732,-12.64657577397795,16.5191,1.3466387,0.5250148278203093,-1.4126600156062712,-6.425203442892067,5248.447
4198779927189455616,284.5855935068221,-12.455665345862046,16.519505,1.578721,0.1237953455733035,-1.3047022895458391,-3.372635447715477,4706.593
4198784595788565376,284.4893336895918,-12.358356365847357,16.519781,1.3755627,0.6497124677474141,-0.23457885102841736,0.1537581735276233,5147.993
4198770237743187072,284.71766627858767,-12.402956215233942,16.520073,1.6811848,0.12951269451057779,-0.7594548758061834,-7.0839622759676395,5092.1094
4198767759516081152,284.6358657007784,-12.502860051341882,16.521055,1.6838055,0.1935474249090052,-3.4048455048153015,-4.202063231472922,4834.1245
4102708037131032064,284.39775625050703,-12.395824269547083,16.522848,1.6900682,0.07430517054727297,-9.956175644557161,-6.367830566573762,5227.358
4102700409268650112,284.4037983422323,-12.589721642457418,16.522991,1.7373648,0.0376723788389201,-4.234175789977789,-8.418081060419036,5054.305
4198783633716250752,284.63564004767284,-12.299112551524281,16.523556,1.749794,0.17058040527512458,-3.79755681261069,-4.753417523711146,4825.393
4102686699704217728,284.64767567984114,-12.595731825218827,16.525085,1.2658081,0.30505315200348554,-0.3307498016980642,-7.635123620256923,
4102687867963773184,284.55053453256573,-12.623758036980698,16.528433,1.3010778,0.37597065588188505,1.133435380032834,-2.3217034964909926,5505.691
4102701096463383040,284.4741684475121,-12.540603470096283,16.528448,1.625143,0.06513223168857744,-1.6131356142378053,-7.52295306476928,4998.56
4102690921654855680,284.62163548009283,-12.524847042141323,16.531143,1.7025385,-0.2536865878738922,-3.4568954319350524,-4.44322075021624,
4198766969242042112,284.6521191671933,-12.519797496498017,16.53183,1.2976074,0.6890975065273901,-3.6342648573148186,-0.4188539979854702,5250.046
4198781915731891328,284.5950232995762,-12.347431476478945,16.534302,1.7254896,0.11143079667300113,-3.2649514985919454,-5.770873156695444,5064.212
4102702780090635520,284.4898703060102,-12.49597423644996,16.53466,1.5437927,0.34153383116077657,-1.4016787533649833,-1.7591842379216087,4679.7563
4198783736795398528,284.66953161258954,-12.310204125813176,16.53497,1.8079424,0.2505118936011762,-0.831335971588844,-4.482628976051,4675.935
4102689036195104640,284.4840997722858,-12.579413408844992,16.535067,1.5729055,0.3098772877263067,-3.468156076175545,-1.772558491233818,4796.9
4198783187039339776,284.6234145543537,-12.350767431910436,16.536297,1.2402477,0.4764129130341349,3.341184388720725,0.32896188623073375,6019.9316
4198780339506337920,284.59939824120795,-12.416480825625037,16.537354,1.75665,0.052832870216284494,-2.201128368952154,-9.755309085573657,4914.053
4198782465484888064,284.6886981250839,-12.342352576395937,16.5386,1.7207432,0.34610523475143684,-2.3212475652207303,-2.666556853077505,4727.6953
4198770203383448576,284.7068360973707,-12.412808887332924,16.539059,1.9146204,0.11548466390514761,-0.9736421993120493,-6.216827393299078,4662.025
4102689272386842624,284.6195179250651,-12.601900375922341,16.53955,1.1523733,0.3791946139049138,1.1888743627897516,-1.5524051793781455,5602.297
4198780339506338048,284.590991717038,-12.424007824853424,16.539942,1.3059597,0.48571983388649026,2.2421186501271912,-5.16285092991472,5250.144
4198785660940597632,284.4283139086486,-12.334782476581024,16.540348,1.6619797,0.02366149299557578,-3.295772418373398,-8.647785254792149,5126.641
4198767415922101504,284.7425320793581,-12.471892242170611,16.541338,1.6654129,0.9548041157285466,-1.4786563384693194,-1.4607062994105198,4878.776
4198781851334887040,284.5775592147117,-12.357785587319022,16.5419,1.3170166,0.5554760843540277,4.022833374998615,-0.46985661205388657,5342.9873
4198781297253450112,284.52280076161736,-12.400673035167616,16.543592,1.2131367,0.5201927534616368,-1.5449273638053398,-4.749625187129265,5422.8926
4198770203383452160,284.7031545789108,-12.412712449453494,16.544035,1.3661699,0.5786434863973624,0.7783684276387092,0.3057472330621036,5518.7544
4198786524224567680,284.5934553208893,-12.302392591148083,16.544168,1.8515987,0.12446156760878124,-3.023995322680514,-5.428065198029332,
4102701336981656448,284.3885494767882,-12.573761353636767,16.544813,1.441185,0.506815118726835,-0.13268338408153463,-1.9396733467102247,4941.3677
4198786111942540800,284.52320570149186,-12.282569602209845,16.545876,1.3003979,0.4985408969537131,2.3116883125485437,-6.387601927269956,5435.4224
4102687661805308416,284.5535773041515,-12.636132188856681,16.547644,1.3041382,0.36471113548374096,-1.2770697838063354,-0.13867802376080382,5033.866
4102700203110158592,284.4144268521178,-12.605133348153394,16.548046,1.6739979,0.31431590415562516,-2.642029743026476,-4.686713065750355,4828.976
4198781331613168384,284.5450711977305,-12.403365433554942,16.548197,1.4285507,0.8262338389123016,-4.68401013592814,-3.200379099821678,4340.4297
4102686042571222400,284.6641116770959,-12.626028218092172,16.548512,1.664999,0.051730646159534585,-2.145320508542431,-8.925232248575025,5491.663
4102702230334998528,284.3991975003823,-12.504021900537749,16.54856,1.2785225,0.41377080343331013,0.5722459975262926,5.772070281681398,5579.0234
4102687386927483904,284.4954210918343,-12.650731139611961,16.549047,,0.1757181425515096,0.012553299283641559,-2.322248497951192,
4198785630906657024,284.4515681867028,-12.326544216058506,16.549417,1.4053783,0.8743216115570347,-0.14557709565463334,-4.01496402356674,5006.4585
4102704184514354816,284.5336142388107,-12.435307831362067,16.550629,1.1576662,0.3833718568326975,-3.545654886992188,-3.2150780326130692,5723.6055
4198769236985078272,284.76578615496214,-12.443107779057875,16.551973,1.5212517,0.49752357193478075,0.8652808383522921,-2.2907629281451185,4726.8364
4198784492711963776,284.4882269721493,-12.3801566546319,16.552404,1.4726028,0.9640895192050168,-0.1802671241011698,-4.423961908528637,4671.0757
4102700989057944320,284.42583334984613,-12.560332291005992,16.552528,1.2851305,0.5658511020373379,5.402138950248494,-5.320512546281458,5404.401
4102704085760705280,284.52527486764484,-12.459297947538907,16.552845,1.6269817,0.1307465846341295,-3.0806681607197612,-6.978424305968717,4638.953
4198782229291917312,284.6948294980413,-12.368849458194806,16.553047,1.2022076,0.3585509023601609,-3.919340099856029,-2.0386565290902094,5779.8955
4102702230334987392,284.4088207970377,-12.500034110103831,16.553404,1.3094587,0.40343887649215177,6.272938386653089,-8.040927745488572,5592.9673
4198770237743184384,284.7188107638322,-12.40480591438908,16.559122,1.5443296,0.7921856413293211,-9.091117626176889,-18.13926142427824,4736.3486
4198782053167748352,284.69412068021165,-12.390877544471186,16.559126,1.355691,0.32896211028506106,-2.01885672327455,-4.525020639817762,5459.685
4102702608291861376,284.49444935836596,-12.525734855430716,16.559237,1.5336552,0.10765027679867405,-4.622873524722203,0.028984046951322878,4805.991
4198767896955099264,284.6607069628409,-12.483127419987547,16.560148,1.2101831,0.40853412388893656,6.872197999378606,0.48067800504998764,5662.533
4198785459107964416,284.47303426330717,-12.337409453751885,16.560661,1.533412,0.146792140289081,-5.003076029624539,-7.412576565352519,5603.2163
4102684672507966976,284.5982943786805,-12.643627463958847,16.562098,1.368165,0.7919111978714726,4.339427335319486,-5.299368961114616,4710.6045
4198784771912669824,284.54284145526464,-12.362385785533837,16.56278,1.2161455,0.6730676834609157,1.1902788136396214,-0.9923945225681453,5098.5713
4198784939386123904,284.5709748349936,-12.32870289166418,16.563894,1.7076778,0.0308953900585704,-2.768098297694292,-5.952057700806189,5206.5366
4198786902216489728,284.57870341506003,-12.276513394086491,16.56397,1.6982384,0.14569871260887368,-2.0834101559295894,-0.4211066212261208,4774.977
4102702191651731584,284.429565950312,-12.501072756404229,16.567816,1.5664244,0.04190477513954364,-4.2680433748271245,-6.084632568515791,5006.148
4102689620310468992,284.5952479704458,-12.564590492758862,16.568462,1.2494888,0.38434672330674846,4.263774983874416,-6.280244361228729,4926.4243
4102703501645763200,284.4639376259459,-12.491136623954043,16.569546,1.6191673,1.306502710252994,-6.12864630459946,-0.5776944496802991,4313.5493
4198783633716284928,284.6345666459511,-12.294813501463988,16.569555,1.4956923,0.8813179339366911,-1.3148567216655358,-6.698183469724711,5097.1074
4198779927189452032,284.58956731199777,-12.455589606450845,16.569609,1.2741642,0.6120490849619099,-1.4263891201441303,1.1980027713401653,5334.681
4198766973568001920,284.6430458237031,-12.527552226355407,16.570824,1.6867685,0.1269721850561841,-0.9967397522496748,-5.035861462082489,5506.7007
4198780025942911872,284.59822221216916,-12.448921563170911,16.571583,1.5721588,0.17667263336907874,-0.2383822016667943,-6.008693853703205,4722.7197
4198780506979399552,284.6515413552264,-12.414358262388252,16.571672,1.3794537,0.510066952050029,1.8711908126595476,-1.8371263896045815,5312.021
4102704120120436352,284.54210248848284,-12.446758523634474,16.572346,1.3219986,0.49053660474196364,-1.4531620799751657,-3.0888661752750783,4974.115
4198782568563980416,284.7166117456239,-12.36281900967298,16.57253,1.689354,0.3122984687138446,-2.0650145264316806,-1.3209830761381018,5107.8413
4198770237743192192,284.7056406813231,-12.406968881157455,16.57318,1.3705978,0.5374655928846918,-1.4917214834603485,-0.0464316247709916,4870.044
4102687730524825984,284.5283943567851,-12.641535433565041,16.574224,1.624733,0.24762408625369092,-1.7995119386117038,-4.434659480011803,4758.1255
4102706903259518976,284.422414240348,-12.437355626263939,16.574944,1.2903051,0.3908510732460357,2.075826358082144,-6.338912069679286,5090.7876
4102687867963778304,284.54703902147907,-12.625014522404918,16.574947,1.6817417,0.1468049733989131,-3.6686614997037514,-2.1189694322517982,4892.4814
4198784252193794560,284.5139769931028,-12.392835318126732,16.57575,1.2402649,0.37470525388209985,1.6518525224135143,-3.360563481935699,6025.807
4102702642651653248,284.4705041183483,-12.525662021929616,16.576197,1.7723627,0.1338516659202151,-2.2771752568948824,-5.050267115980629,4805.305
4198769962829795328,284.7375601757296,-12.420842852902885,16.577099,1.5174332,0.4822489739373337,1.7900874277904755,-4.356436347272096,
4102703604724413952,284.4738481955878,-12.485229321044201,16.577242,1.7366409,0.10100909787061758,-4.016350036906351,-7.6272234174037825,4795.6914
4198767725156294272,284.63425278607633,-12.517677574025655,16.577883,1.2640085,0.4484227096386682,-7.620205699631519,4.691551074407622,5725.972
4102702436493862272,284.51871473303504,-12.528369516822309,16.579664,1.1649094,0.4125712759697502,-2.6652866552647883,0.06296586491577136,5377.6997
4198780236427120128,284.5820932773406,-12.436298440974534,16.581947,1.2297544,0.3517904724349875,-3.2427677257122127,0.4466795023846777,5461.286
4102704012715521792,284.4979585441016,-12.465578768167813,16.58409,1.357522,0.3996105826529519,-6.935721137755778,-3.3009870714853715,5399.9106
4102701779332062720,284.4329104859749,-12.5419352558004,16.584324,1.1577549,0.37287650228276903,2.5582436191601348,0.8236767485454993,5542.522
4198768206192859520,284.62264041264797,-12.456467444513098,16.58591,1.7441463,0.10080591866375914,-0.7431597447680243,-3.474042697825122,4710.806
4102686042571200128,284.65408696641686,-12.629339900094449,16.58613,1.3863802,0.845209124473761,0.07173241519347588,-2.1140906406492497,4878.835
4102703707803696896,284.44844937962046,-12.480757955329459,16.586346,1.7602348,0.09713482844285071,-1.5993888954374367,-9.50926021723594,5132.989
4102688447752994304,284.46456915682404,-12.61643890662209,16.587124,1.2221289,0.38375427990308536,-5.290316500365322,-4.146973305648878,5513.404
4198786077582805504,284.5104497093302,-12.290502694403916,16.587479,1.5459414,0.37485027887021694,3.441220379764656,-1.5130088918468674,4661.572
4102684530742386560,284.5613606592261,-12.665134554609288,16.590874,1.258543,0.2443919946686723,-0.2708997220608588,-2.133790305354259,4801.2417
4102708582561143680,284.4436285714416,-12.35986144797556,16.591637,1.2422705,0.43293480428042325,-3.0430531810436494,-5.9314904213665685,5100.556
4198768554116008192,284.65924183302343,-12.45480514049619,16.592175,1.4586859,0.2994296237982119,1.7605561243566754,-6.856230332100023,5360.5684
4102702608292557568,284.4978993701678,-12.522326957505458,16.5931,1.386344,0.6568495378502007,4.720346259400289,-0.4017805607657901,4826.5513
4102704360638712576,284.4983335335795,-12.441013178690342,16.595236,1.6093855,0.09296252930121446,-2.7852825947314344,-5.949053065517779,4736.0103
4102705494510252288,284.3818935084712,-12.470977441487376,16.595482,1.8067837,0.1017761504735139,-1.5049314233726983,-5.664596438028917,4771.4395
4102702367773655168,284.49666449819745,-12.53934521357743,16.595633,1.2154036,0.444121310763453,3.2688609399088606,-9.578670917371616,5450.099
4198783736795389824,284.6587802432983,-12.311500535793817,16.596432,1.5896931,1.0109791024173405,3.418284633637908,4.817620520218162,4649.554
4102703123687950592,284.52288826521175,-12.494439036622753,16.59687,1.2647829,0.32663945874831557,-1.4533661921301098,-3.12439389640699,4859.0044
4102705082193321472,284.3833919652695,-12.501411881608878,16.597612,1.6414204,0.07150486524447174,2.127864824018341,-1.9566372746452116,5025.9746
4198766763083592576,284.69715460939966,-12.527439623761694,16.599398,1.1857586,0.3126685084432863,-3.8901207927205257,-4.571451074546205,5609.52
4198766728723834752,284.67657813910427,-12.534332456547016,16.599483,1.5425186,0.01947952344170937,-3.385417231132859,-5.848071036417786,5063.631
4198780545664726272,284.6719803825761,-12.402361033105413,16.603182,1.6928205,1.4000191484029183,13.646101409225079,-18.580257775890956,4461.4014
4198785317343069568,284.4611221998558,-12.358340018653323,16.604204,1.6602573,0.07992248229573023,-2.6238859975090283,-6.333029528919948,4948.5317
4198768584153373184,284.66585269794166,-12.451319151628171,16.605013,1.5458813,0.16493492858529807,-3.4300602164097675,-9.639139165557536,5203.905
4102688550834005376,284.50575767879855,-12.624979775021005,16.60556,1.2517843,0.2612703102893908,-2.787591583533951,-5.274639780290514,5583.555
4102703600398553600,284.46725870135333,-12.485287465483083,16.605633,1.2297974,0.3207093466100002,-0.038324620184521235,-3.4993902343064907,5714.902
4198780511304997248,284.6470806800786,-12.413999029778509,16.60683,1.7125912,0.16929843165299635,-4.966396625093658,-1.7189569919042187,5121.7183
4102707551768849664,284.45267089010036,-12.405194225059368,16.607027,1.4274778,0.7399363419493772,-1.0518280971123581,1.8228958422662713,4876.3257
4198783393197837184,284.61970999260586,-12.339107948457738,16.607136,1.724988,0.012550150198139673,-2.389282828367023,-8.298371339180228,5159.3867
4198763571953826560,284.7477036539428,-12.547180110598974,16.608145,1.2394791,0.3377237802746451,-1.4199037440960793,-0.5658224776053453,5664.321
4198786524259334784,284.59712304719596,-12.302567079365065,16.60819,1.3776188,0.49798268311099625,-2.0085385767970165,-6.375613082133084,4753.191
4102686012537709184,284.6406962749063,-12.629812563515227,16.608383,1.3240995,0.40809700057280307,-1.1385971198471334,3.3097208398610762,5314.4243
4102700679820137728,284.47187897012793,-12.581678201290067,16.60874,1.4762077,0.3950254210461449,-1.5166233671665295,-3.6134173873155038,4692.537
4102706795854401792,284.4201704499565,-12.450219863061395,16.608763,1.3885698,0.333376194360948,-4.115896664893724,-1.5389453242987623,4908.917
4198783324481168768,284.6509661718437,-12.328114268173385,16.61254,1.4570837,0.38095478114799947,-2.6276682403564253,-1.2530397436858092,5603.3306
4102700959024440576,284.44784484194105,-12.560194294850803,16.613419,1.4557467,0.8150554866355937,5.268804180022627,-11.894905567243233,4172.111
4198785733985442432,284.4528626295643,-12.316481868669571,16.613937,1.4301357,0.3963786280051187,-6.688383943087914,-4.095974322684168,4401.512
4198786489899601152,284.57592440376374,-12.316414816064544,16.61406,1.316596,0.8155436439722075,5.232211647825838,-2.477090167983483,4604.576
4102688241594504192,284.47770908515093,-12.623336650790547,16.614365,1.6053495,1.202887082679231,-0.8558384271833559,-6.861740731733879,4400.5337
4102688933088959104,284.4782231551583,-12.584864246875384,16.614662,,,,,
4198767866921214080,284.6527487243624,-12.497437613689785,16.614712,1.2581491,0.3933271476862414,-1.8851308482041609,-0.9674321998701813,5462.3413
4102686596654439424,284.6966357740134,-12.58917731257407,16.615154,1.0916691,-0.38096842260162733,-4.167313475394634,-7.6115438415354255,5450.9014
4102702191651792896,284.42290370925036,-12.49689676042828,16.61663,1.4653845,0.12334052287660716,-4.055648062338715,-6.265447110846027,
4198780820542669568,284.6452652914019,-12.381256050746074,16.616945,1.3260345,0.5075745689914656,-2.6957860728076692,-4.340870172823026,4379.694
4102707178112625536,284.4080047578004,-12.421859876496884,16.617338,1.7489853,0.16761192060737573,-4.528465326353936,-5.261424681050593,4821.956
4198764259148622720,284.7367137954289,-12.512331390889747,16.617481,1.0764542,0.1749420999246803,-1.7342955627236927,-7.133116597010667,5758.713
4198780648743982720,284.6065745335147,-12.410939802338664,16.617529,1.2344065,0.5165814421273011,-1.2366660368786417,2.5183054607956548,4894.6494
4198768416677033856,284.69209732406085,-12.454003991376851,16.61855,1.3241129,0.5360216493869346,-4.0227874043126315,-1.9628684895815047,5226.4453
4102700512347844608,284.41109016777995,-12.592491347748096,16.618795,1.1905031,0.22809845930662478,-1.9248308924881155,-1.3505585882708397,5647.901
4198782465484811520,284.6839927811902,-12.354096439870503,16.619524,1.2538118,0.387919765742227,-2.694582368518321,-2.491709567718948,5321.633
4198767037961547008,284.67469329863593,-12.512263725509744,16.620485,1.1903801,0.23142304571945085,-1.97518143397464,-4.983487375083924,5539.5317
4102691029059882368,284.5654309195211,-12.5262689527714,16.620722,1.3172855,0.6266212156388627,7.515469636789035,-5.2541661220665015,5157.127
4102707453015318400,284.4694600711605,-12.40037025754126,16.620766,1.7414169,1.7790145537740722,3.2907480719069464,-8.436038595091537,4286.6943
4102690956014635648,284.59477881630056,-12.517877097378733,16.621574,1.4109268,0.28817608930135014,-4.224529422109333,-8.891806680427106,5014.055
4102701611859637248,284.3785794996136,-12.551626791424784,16.62332,1.8014584,0.06620312704753008,-1.3630163922362986,-4.866697775077951,4844.1743
4198768107404125824,284.6153636262224,-12.47173954169464,16.624847,0.8451662,0.15151057831612824,-3.486254965390426,-7.448780936078884,
4198782362408493312,284.63742530247987,-12.367738274721303,16.625463,1.7617636,0.13908929303908135,-0.5785421028955988,-5.2879676858408535,
4198784492709228032,284.48679008507696,-12.380136803323989,16.625616,1.3960953,0.27216081157496974,1.4161131164079197,-8.440158148170644,5227.8687
4102687764884579840,284.52889825417674,-12.633047585148596,16.625835,1.4209652,0.31475304486505956,0.030880025209864465,-3.067602182920691,5487.8447
4102704287614625024,284.4701703904843,-12.444178921684157,16.626305,1.2782059,0.3426913871472994,-2.1006494901024437,-0.8924247598916589,5406.2734
4102689242353245568,284.6026342922896,-12.606929085626252,16.627209,1.2779303,0.5316402487047803,2.802983199510732,-7.517533511798671,5222.3354
4198781748256217344,284.57166369875574,-12.379241078649816,16.629807,1.397438,0.08624464263008753,-1.3282111320506216,-5.178513946270261,5117.8955
4102702608291889024,284.488339756024,-12.520486656565224,16.630188,1.2214394,0.39128413807559914,-1.6612879775743088,-5.6714812064874565,5351.26
4198782091852974848,284.66570552531226,-12.38026299389221,16.630236,1.612647,0.02523738204597184,-2.814350036270809,-7.2380047532382505,5271.215
4102690066987027584,284.6380730524685,-12.544623379490895,16.630445,1.3403387,0.5177043609898441,2.0325701799375056,-1.4548246673772096,5363.6743
4102700130064068352,284.4213729661927,-12.614610127734077,16.631168,1.35989,0.7250413077764826,1.3116736548628791,0.9621541705922194,5193.8867
4102700924664697984,284.44290341326933,-12.566072988625033,16.631697,1.5981808,0.261301035615451,0.9820668995279058,-2.950336840559395,4561.916
4102685875070176256,284.62128711813176,-12.65080075379056,16.632048,1.257431,0.6029774411120552,-2.797334526873909,-0.06556225187968276,5083.8696
4198768068753793280,284.6061334827816,-12.48317581778617,16.633385,1.2742414,0.4683997597879645,-4.253094598565129,-2.4021543772912812,4762.2334
4198785321668133760,284.455192308054,-12.357439407054352,16.634417,1.6110029,0.03763294157077517,-4.214500497845172,-4.289127417372691,4883.658
4198780781857404928,284.62780483539274,-12.393954712807066,16.634449,1.311655,0.234573792074011,-4.16580975988448,-4.632532404096946,5541.393
4102707143777694592,284.42554033661395,-12.431156825235757,16.634478,1.3223915,0.42282911271355517,-0.20984258125387914,-2.361801802461869,4879.6304
4102701886737466752,284.4357534554614,-12.532673509810696,16.635723,1.6828547,0.15655793367179147,-0.590060826790906,-6.161676359212007,4709.467
4198782431125014016,284.68096344901505,-12.364603458478546,16.636127,1.332118,0.2756869448106677,2.368982292633978,0.41452467414277905,
4198781335938805760,284.54874691650195,-12.391113525641238,16.63651,1.838563,0.15904884876754624,-2.3006197144806317,-4.857439093802946,4662.135
4102690925980582784,284.6190655486223,-12.517331236837391,16.637587,1.4532127,0.8338541340412248,0.247174118194797,-8.282448446031621,4556.9546
4102687696165040256,284.56614874802926,-12.628858910094635,16.637602,1.3827972,0.9349586645245915,7.377669171700226,-0.8930678318647574,
4102685905135688960,284.62509927969296,-12.644284659965175,16.638052,1.3019791,0.12068067159108586,-1.1605110583344918,-0.88442854740636,5680.741
4102702951889210368,284.54729152445856,-12.491688518413083,16.638592,1.5463667,0.06913683904415074,-3.678684181640476,-6.562074434449809,4821.006
4102686317449294336,284.6287113720851,-12.607949438041297,16.639042,1.3792562,0.3847443625344774,-1.7585154554376472,-4.199242920188753,5190.9424
4102703604724428672,284.47288583143643,-12.480863675532822,16.639698,1.3698292,0.6171448289630492,-9.894131802392538,-7.777297403745203,4853.177
4102690715496427008,284.5474981928637,-12.524783468760095,16.639854,1.5017557,1.0119060122688577,-7.281553402006078,-3.6012870593447848,4693.1914
4102689066228620032,284.50392543369077,-12.574764380160888,16.642391,1.6719666,3.5898000010218395E-4,-2.5083761590836655,-4.587445986686412,4869.1353
4102702638325658752,284.4694609096507,-12.521799508941605,16.6427,1.275115,0.5130602022275784,9.156436982706825,-2.446594548390472,5245.9116
4102690685462511616,284.5408809673192,-12.54313239143027,16.643215,1.2157745,0.33027642830073006,-0.27933364056541937,-2.4740455015716782,5490.123
4198784355270249472,284.52643471789406,-12.38410072921424,16.643423,1.2827044,0.6280890413759163,0.7965263280704009,-4.51435838079505,4788.625
4102702638325642880,284.4752726057575,-12.52454483200504,16.643661,1.1837444,0.45105974261123966,0.26428446971786096,-0.032691818160764184,5825.5923
4102706731460774912,284.42637534869874,-12.456661217944761,16.643679,1.4009361,0.3575029602748048,-3.612545928202004,-2.1664758080291704,5267.434
4198784359595815808,284.52327772688784,-12.371196252395048,16.644842,1.2396717,0.2860159922644883,2.3438649451795315,0.5722475477848057,5335.5747
4102690032627329664,284.6169219246534,-12.544806363122001,16.645359,1.315341,0.5476229726567621,-3.3671260775101683,-0.6493806621500637,5310.732
4102688413393131008,284.45459869476946,-12.631379247184324,16.645601,1.4768105,0.34688071964336964,3.0956968900908506,-2.1314889410721634,4668.394
4198781847023312384,284.5621724886985,-12.359511019973374,16.646908,1.209837,0.2707729704634885,-0.2281558790919843,-0.7529688575947349,5085.3433
4198783534962058368,284.62982935842325,-12.321503443059118,16.646978,1.3532124,0.48934394453524394,2.5934028775565148,-5.5451770941293095,4912.7397
4198781606491210240,284.61410449189646,-12.37890004282754,16.647661,1.2991667,-0.013497218334291452,-2.827786256839355,-4.632520845296859,
4102708380728361728,284.4266838250596,-12.393673274006714,16.647932,1.3458815,0.3548620204996833,0.9263810120016128,-3.01092415241094,5223.703
4198780060302689280,284.61292261586016,-12.436860410160373,16.648111,1.2666368,0.35297718519225213,0.12067005780388468,0.5521466478077273,5336.061
4198780476945274112,284.63326680888304,-12.407213778077724,16.649242,1.7584429,0.028637001523723494,-2.3259915989768527,-6.751057443250448,5012.225
4102690170066284032,284.62944762923405,-12.532875596864818,16.650686,1.2813244,0.28572106425828414,-2.374228248342384,-3.967997097573832,6003.575
4198781782615394432,284.5812389683747,-12.374052878145823,16.65193,2.8382034,4.030336543987984,-5.9135637597213755,-12.59225237298731,3470.2913
4102689753423441280,284.64340142455586,-12.568865505050812,16.652056,1.3121662,0.4251245284365057,0.1733882308441141,-1.9138637139995487,5149.638
4102690238785801984,284.5623253865837,-12.575304997477097,16.652157,1.2876797,0.34048283465349616,-2.369585117812351,-3.4388376152909865,5627.533
4198781881389045888,284.5981641777295,-12.360853610045064,16.652187,1.1710243,0.41607670473956265,-0.9974519542601952,-11.082532655185094,5504.2583
4198767896955091840,284.66630300443603,-12.486012348589442,16.654118,1.5944271,0.0972867254615066,-2.036629874402704,-5.003032232009345,4867.47
4102708552502523904,284.4261740956056,-12.372488432572036,16.654196,1.4796629,0.5099807538754066,-4.099882683458632,-4.464729645085993,4598.45
4198763601987574016,284.7017021557999,-12.566980286632011,16.6546,1.740879,0.27174391967954087,-2.2830759309547837,-5.14213336996049,4985.679
4198786008863316096,284.52364013626726,-12.297533390313836,16.65518,1.908349,-0.040003108386300106,-3.0269128045316576,-6.055687165742826,
4102688486439273856,284.4504079156859,-12.617750036678226,16.65796,1.4130306,0.26635974676172014,1.1397196268346128,-4.7729822700125215,5470.708
4102702230335012480,284.3943912295631,-12.502248273742495,16.65831,1.7096071,0.1164381759088943,-2.7249801817059334,-6.1193562076513786,4981.2964
4102702844484104832,284.5461200691361,-12.518914632801005,16.65847,1.2493296,-0.0074617776168656195,-3.4776176440739373,0.15498249027710606,4880.7607
4102689036195111680,284.4860256093846,-12.574885457050293,16.658525,1.223258,0.5106707355198393,-8.037402537452737,3.9455458839955977,5218.515
4198783638042000512,284.6358682001646,-12.29514062208837,16.658741,1.4991779,0.44307654307598204,0.8089461740340937,-0.516467927731275,6005.382
4102688172874979584,284.48928402667184,-12.628109427373827,16.65985,1.5572681,0.15477461613957516,-2.035042696385208,-7.177189033169114,5030.0566
4102704047075295104,284.500010756954,-12.461124401742369,16.660053,1.7076836,0.0027436016195853206,-2.5540861735158162,-4.652140573345617,4993.519
4198766797443351168,284.70543462321575,-12.520228338981353,16.66172,1.6959267,0.2369806860922918,-3.5348864908197397,-6.144771095556044,4728.487
4102708793045336448,284.426884569522,-12.341421745549447,16.662004,1.6083794,0.08653858676188146,-3.501168197047865,-7.151485081452015,5038.4473
4102688997509095808,284.50721457200433,-12.58188550629023,16.66214,1.2088776,0.45397110988326084,5.8680774272192755,0.03584830283825509,5237.391
4198781125454758016,284.5541826996674,-12.400497169302442,16.66379,1.5397224,0.907600789689726,0.23541439999004182,-6.361451211136518,4893.827
4198781370298541440,284.5538856094355,-12.38988271188089,16.664276,,0.3207548132225436,-6.044672399720044,-0.511646175761689,
4198781988773844480,284.5873285843834,-12.34450157915203,16.664679,1.2638159,0.5626172174302166,-2.8241457505054215,-3.5580048966850857,
4198781507737455872,284.6014249892318,-12.39451571995923,16.664858,1.6939096,0.04830375538034748,-4.793084065463761,-7.648642152316361,4622.4673
4102704184514351488,284.52558513866006,-12.436736681238377,16.665592,1.4727602,0.9264343344389065,0.10285706010846592,-3.8553164138976297,4712.5547
4102701092137315072,284.4665186320321,-12.538936276086847,16.66616,1.1819305,0.2642495857868755,2.329050082234866,2.6199380952158293,5402.965
4198763773786322688,284.7347712087249,-12.53925118906413,16.666363,1.0383282,0.14077564569952042,-4.301626029949213,-6.471107920339043,5393.5264
4198780580024486912,284.64396029545225,-12.39997938066233,16.666872,1.373393,0.2875845994426556,-1.4568128857364988,-4.192834720390588,4782.3984
4198784801947057920,284.55046212517146,-12.348392724842313,16.66775,1.3471508,0.7539270533941473,-4.380624116019503,-3.4028848818374895,4910.3105
4102685870798180480,284.6256398909375,-12.658268573074082,16.66827,1.201334,0.3031569953539935,2.1614381203482873,-1.8279841208412548,5787.6934
4198781920054354432,284.5955050400511,-12.352832913783287,16.668348,1.3418093,0.5173338714840577,-2.5085866140424744,-10.638794874227397,5428.552
4102704257559495040,284.4951505385962,-12.44512605856199,16.66851,1.5638542,0.0683331506894329,-3.191399354877562,-7.716489033400218,4805.4927
4102689070554829440,284.5056026947078,-12.566061064510574,16.669132,1.3564444,0.7118503403847438,1.4989068615348313,-8.574989244592057,4822.4907
4198782916487468800,284.6895833578488,-12.325473220469355,16.669348,1.2726765,0.35654847417578645,-3.7003764665811243,0.7025141952705387,5445.4785
4102688623878137344,284.4889282553666,-12.623237185628595,16.669678,1.5621014,0.33242741824092925,0.019678401733818518,-5.879869914846147,4767.902
4198784389633050496,284.5388773495882,-12.366074926389043,16.66998,1.2196646,0.36372310027822224,0.9924294634954566,-1.827087175323432,5381.3203
4198786215021780864,284.4748352582615,-12.295161090760889,16.670082,1.3690624,0.3113739865119335,3.112714060532165,-1.1728473197092857,5470.0503
4198783431882848896,284.6186494247202,-12.325251535192905,16.67049,1.5272665,0.259482155703366,-0.291531441998804,-0.383144846489356,5747.4976
4102703364206157312,284.5440015031242,-12.459139178481768,16.67172,0.9895916,0.23224574821620977,-2.3737077610630006,-8.552611560594151,5531.8857
4198785527826996992,284.46326802863115,-12.32710480902075,16.672174,1.9832096,1.731065274581976,-5.056641362369523,-13.538266908806374,3692.953
4198770199057884032,284.70075730594874,-12.414471107380546,16.673773,1.7111416,0.17914180927653486,-4.411079470538605,-5.332322154906482,4715.295
4102703879602448768,284.4436412738349,-12.459854590537788,16.674265,1.3450508,0.6372520451976208,-0.10591534505170545,-1.1128099694580025,4926.3945
4102703016283041024,284.57459895209587,-12.477403070431759,16.674557,1.440897,0.21626306728871997,-3.03288601437429,-0.3373796686207161,4724.688
4198785356028281088,284.4740106963926,-12.34837957353207,16.67601,1.2251549,0.4349307561772709,-4.212093082298815,-5.331808634787573,5433.9487
4198781335938801152,284.5456256469043,-12.399015231017442,16.67643,1.4228678,0.4855124349346623,-1.8303170944205054,-4.219482490908336,4857.3853
4198785046790605184,284.52420908159036,-12.341370930534934,16.677322,1.3658428,0.839465583158387,-3.596172332917271,-0.5746151435667829,5019.2246
4198767587717487104,284.7299401585024,-12.474708173869473,16.678009,1.3895664,0.362237980917223,-3.824815737790066,1.373255516323277,5610.6777
4102690200099866368,284.549460427916,-12.590583388757468,16.67872,1.603859,2.2037531682011076,-7.439922891487968,-9.332229335234894,
4102703325520723968,284.5342769273439,-12.470828031270543,16.679174,1.2066984,0.3161427812901915,-0.2893456706950327,-6.2805278812661784,5022.973
4102702878843955456,284.54863712021125,-12.501045617933032,16.679354,1.2792912,0.4386627983505632,-3.3179354096016094,-4.641732061760692,5085.5054
4198785733985434112,284.4615792814642,-12.320763491003696,16.680304,1.5346107,0.10633965949649068,0.6833481295597853,-5.146618734852776,5105.0884
4102684638120030464,284.5720540580091,-12.654137750593254,16.680838,1.2553577,0.4393962234589792,5.102175221670875,-4.657437057098223,5684.1416
4102707212497249408,284.4129865156722,-12.409145401479552,16.681057,1.8355904,0.2067243701598774,-1.0973187988171629,-1.0309376321480204,4851.168
4198768073079453952,284.59144667769027,-12.483507457775486,16.682146,1.2537737,0.47767595124343976,0.8879256250382488,-5.211481457583075,4652.7153
4198781610816680192,284.60710059494727,-12.378917418878327,16.682287,1.7847843,-0.9874467820708994,-4.8104106144540575,-7.440309445433871,
4102691166498830720,284.58258994748104,-12.51377036221516,16.686346,1.3570518,0.8795437224141455,0.878729978794685,0.9352920203517657,4969.399
4198766664330322560,284.68110968156975,-12.541505445864129,16.687513,1.5443163,0.3441371532628633,0.10358963818318352,-0.04006366600009196,4818.987
4198779824110225920,284.59254051439785,-12.468190129142506,16.68768,1.6308222,0.09663837350561681,-1.389359576429078,-4.481582928137134,4832.2593
4198768519756262656,284.6944670250901,-12.432616693264745,16.688215,1.7133417,0.15910752472893513,-2.7541707789061896,-6.956720921963062,5041.8813
4198786043188448640,284.5328027749577,-12.295690087685227,16.689224,,,,,
4198781262896556288,284.51251970561833,-12.398545969076606,16.689568,1.7334261,0.08573384978596284,-2.0004226632287683,-5.876696612800012,4875.437
4198782568563997568,284.72091196619164,-12.359418300678684,16.689957,1.6307793,0.17098065178318145,0.6660046198651932,-6.401723865272365,4712.1123
4102689654671165568,284.6271542179708,-12.591253855196035,16.690311,1.342022,-0.21826976058147138,-3.294831289465683,-5.229106599585277,
4102689787783184128,284.6549182416024,-12.56802483871515,16.690575,1.2430735,,,,
4198779888503858816,284.5755255235998,-12.468150214353411,16.691544,1.5727282,0.05683546274491162,-4.299318932826827,-6.4257691957264935,4853.3896
4198785459107506944,284.4713147596558,-12.338553333902807,16.69238,1.2657967,0.5415358844319791,-1.6992777375830588,-2.2440894029154186,5219.756
4102702535247396992,284.5237188220334,-12.502431003391516,16.692738,1.3984852,0.5926306056215076,3.650349567888555,-0.7192265946068148,4693.5596
4102685973851654912,284.6638577982719,-12.636785934491886,16.692945,1.2239733,0.5555113608882399,2.0096527528917867,-0.548841503323027,4999.334
4198780545629473408,284.6711893427369,-12.405641224779382,16.693264,1.3210869,0.3607201127117686,-1.2211484385647502,-1.2493392624980935,
4198781920054348288,284.60977037577675,-12.347445845596749,16.693682,1.2728167,0.41351612053999454,1.001062056930996,-2.581742001600743,5354.73
4102701405701186304,284.3806381485099,-12.558474912356596,16.69395,1.2670174,0.3764850568237822,-1.2086799585616153,3.4659005404044843,5298.2046
4198763778112267136,284.73050555918104,-12.544564484918904,16.69411,1.6294613,0.2546981169439858,-2.120422432889345,-6.99811788052715,4613.87
4198767141056593792,284.6800455495256,-12.489255537641178,16.694826,1.7205296,0.06947884054452419,-3.1459757922638514,-7.512302236989567,4798.8174
4198785424747771264,284.4651263352014,-12.338323035393083,16.695799,1.4751034,0.05434823064149856,-3.3051293048687422,-7.984629346722369,5762.2993
4198781434692538496,284.5456514654839,-12.375378231093192,16.697058,1.0827255,0.5085758842740854,3.1817858544802524,2.4975742695961265,5366.478
4198785008105691008,284.5675976867888,-12.314472973326403,16.697872,1.809433,0.16408704455514142,-3.0490625793285058,-7.709301582441088,4860.637
4198781885659704704,284.58289886880897,-12.36078626155532,16.697924,1.6071043,0.2894432158985533,-0.12286039909382479,-8.67968875697183,
4198786829172014720,284.5959732571822,-12.28395514492595,16.698364,1.409914,0.39016656646907444,-1.3794980792618752,-4.711251932892854,5079.0215
4102708586886849792,284.43064624533736,-12.363004809053383,16.698704,1.6754789,-0.12688577524311617,-2.8733470826459926,-5.601789655986526,
4198781061060863488,284.573491730851,-12.4135316812967,16.700031,1.2943172,0.3490176056727164,2.7027035967848763,-1.1014871801854667,
4198779888503849344,284.5819928089639,-12.46805127198046,16.700165,1.2387123,0.40468169266020065,-2.9287342523310613,-4.403319266751024,5110.2
4102707242531086464,284.459581823886,-12.431492832114312,16.700422,1.4798765,0.8279360079569618,-4.416293799499941,-21.229871691443726,4329.378
4198768755948813696,284.673009600528,-12.42947542182168,16.700747,1.426507,0.40818157518355386,-1.921799328529062,-5.965193479656499,4892.3765
4102701852377761536,284.42120935653634,-12.531758110443528,16.702326,1.323741,0.5507535492308431,-3.347691955503258,-2.2865937438937807,4486.995
4198781335938806784,284.5485272730995,-12.390080211251794,16.702925,1.2302055,0.3437963375941307,2.8633065851237505,-1.6449814771067914,4807.3237
4198763365795385472,284.7370097883301,-12.573335682415717,16.703201,1.2864075,0.40482540070411793,1.7868798979737497,1.2560677581731396,5209.896
4102700718506233216,284.44234254294764,-12.580211824923742,16.703405,1.3570471,0.5691335047723632,1.9411038153563533,-6.798623589008692,5019.9385
4102707143777701888,284.4290071082642,-12.424373319151723,16.703484,1.2927084,0.49568157082144904,3.675226157148203,-0.3643972761137685,5327.587
4102707384295768832,284.4887242981453,-12.41595879320932,16.703806,1.5767145,0.1962331747594654,-2.582230554906395,-3.714231372158205,
4102703673443963136,284.43332080042245,-12.492411584858537,16.705053,1.4081173,0.343438752166523,0.11986925265543555,-4.886520125427648,4694.7144
4102686493573986048,284.6961386064043,-12.608548193001749,16.708223,1.3829947,0.3897887336550281,-3.3344253523818783,-8.381525768598271,4974.8145
4198782091852966528,284.66483529933265,-12.391804455999718,16.70858,1.7893991,0.15554661639376943,-4.186538787245194,-6.202195524866968,4909.467
4102688864404023808,284.4906336794691,-12.597649806830855,16.708797,,0.7739143863898861,5.113009764805272,5.746568419882802,
4198781537771703168,284.58072316010845,-12.383980427124081,16.70966,1.6056376,1.1594986301148313,1.9229681842949973,-4.423032417937158,4687.7993
4198768584170162176,284.6706011154886,-12.446597115969048,16.709957,1.3635178,0.6026335306814627,5.633728587350455,-9.188532316437573,5085.1284
4102700649786701056,284.46178353734007,-12.587445961144503,16.709986,1.2550735,0.46335492908926423,1.5349834389914694,0.636822721614314,5476.174
4198768210518641792,284.6249970467134,-12.4617406420753,16.710495,1.1249866,0.2806132530310191,-3.32381471274811,-2.8472447338867544,5692.192
4102703398565969152,284.45891365730336,-12.5047129674949,16.71088,1.3426781,1.1534955048541313,-2.9027974072873413,-4.112531565647422,
4198782469810862208,284.6893901600356,-12.34814583557104,16.711142,1.3308964,0.357282651528765,0.5937515160164897,-0.32735096017235066,5274.732
4102706971979017856,284.38858317135384,-12.456427868031179,16.712492,,0.33140553370288356,-3.5450675529199387,-9.244928210708197,
4102702844484150656,284.5471525055748,-12.511814592214433,16.712585,1.3428316,1.4045249478820139,3.666564465978867,-2.9759937134496206,
4102700508021429376,284.41703268871,-12.585104617126088,16.712698,1.5229511,0.7850299976557041,0.606131195562792,-6.166133355642063,5152.902
4198780270786853760,284.6005365521065,-12.424588046674051,16.713104,1.4075394,0.4169989388759899,-3.7680051897109217,2.0054510255583953,5043.1074
4198785424713236096,284.4629933338268,-12.336967856208053,16.713144,,0.33960083864254154,-1.4343035194053464,-1.4984564577339734,
4102706692775070592,284.40889998072925,-12.474439860345717,16.713291,1.038765,0.2212762357862987,0.6168139182316376,-2.9972737244377328,7491.9634
4102700885979950336,284.4749936163051,-12.552243217195507,16.713486,1.2751923,0.2745307455503426,1.313438903028818,-0.5221536427059909,5371.023
4198763331435641728,284.72985555299,-12.58735246065484,16.714073,1.3232498,0.48468930686860373,4.320207006708074,-4.59853529635327,4790.7363
4198781267219340544,284.5201538083264,-12.403886829392258,16.715624,1.6189222,0.024719150102543917,-5.49837591789887,-6.969223444711201,5416.2163
4198783638011066240,284.6313572101398,-12.294336363765582,16.71615,,0.9097235502284831,-0.5329036539406906,-5.235762712905505,
4198770065944463744,284.7437255227661,-12.42438064105319,16.716194,1.4495869,0.7481093737446022,2.968308694455077,2.0911087327760796,4680.4653
4102685943818181760,284.6502010786062,-12.645811741505476,16.7165,1.5246754,0.05548705337811334,-2.01239290043232,-6.904103952926301,6008.5015
4102707659173790720,284.4534313752511,-12.394931788966138,16.71692,1.5395908,0.833279582212772,1.4181204389264286,-1.2346819657336714,4187.878
4102689757749325312,284.63668956118653,-12.573774373331437,16.71715,1.2258482,,,,
4102701440060936832,284.38895168908414,-12.545342741460182,16.718113,1.7446203,0.07430735076047258,-4.265061662619303,-8.427494363967291,5653.4414
4102688860069995136,284.495108977673,-12.599472152067568,16.718304,1.6648397,0.1102715406501559,-4.2815272210795445,-7.058166575220875,5013.2075
4102703467285496576,284.4418645443548,-12.499089586228294,16.719597,1.5963554,0.1263473067492793,-1.4823716802637334,-6.5254194426371175,5664.4854
4198764357901981696,284.75213187062644,-12.501691025863632,16.721508,1.3434677,0.37904978250581656,1.9123648285939219,3.0933879767921844,5120.8916
4102702608265358720,284.49367396059625,-12.523997677940562,16.721552,,0.2496639208112962,2.7259867599596688,-5.837531424966441,
4102690341865028608,284.56182225856986,-12.570322595555213,16.721682,1.6490154,0.11552211670137891,-2.321409635690532,-3.1715770070014444,4850.1724
4198767896955104384,284.65867414101405,-12.481997250206934,16.721712,1.5395966,0.1707839534040124,0.3917588719926983,4.090917487607058,4990.8247
4198783191364660096,284.6197200595517,-12.347332960961719,16.722895,1.0456142,0.17300939391577533,-2.622363329766549,-4.422348502180519,5339.947
4102700203083556608,284.41211056687104,-12.60738932845169,16.722914,1.7052927,0.13532544794307833,-2.8892149952280155,-5.5672683319416,4962.4277
4198785562186725376,284.48085206026826,-12.323057178533317,16.724297,1.1646042,0.4204706897457987,-4.182389507347958,-4.099749962664241,5273.394
4102689753423381632,284.63332206659095,-12.576145053970183,16.72759,1.5441198,0.3687897428975279,2.674625726968439,-4.165899258531117,4577.6377
4102701027743989376,284.42995057256763,-12.546577604556688,16.7287,1.3525505,0.48311729691411165,2.239784244619079,0.8346909078686108,5112.9697
4102700271829603840,284.4393582270234,-12.595813753667999,16.729021,1.5371523,0.187638337995824,-4.941709848423177,-6.927170719959355,5328.175
4102707934051769984,284.3979701313163,-12.415457357038699,16.729141,1.6682978,0.22415652759478172,-7.868049097302799,-2.264441812814754,5317.127
4198786111942538112,284.5256126779015,-12.285333468589728,16.729834,1.3034573,0.2258809580585201,0.2276840483148534,-1.2166219674746908,
4102706697101018880,284.42070216737443,-12.470027675872192,16.731068,1.310072,0.23896975824949843,-2.9680588081530286,-6.031815008099435,5104.4214
4102686420528481152,284.66511228972894,-12.610607116278885,16.731169,1.218956,0.43586704696166173,1.3318883137933388,-1.6790626400496391,4922.253
4198785764019926272,284.46582487957755,-12.315702939262753,16.731497,1.5920229,-0.011578004624810881,-2.5824900006336056,-4.923375409095154,4796.4443
4102703845242632960,284.4673404028608,-12.470831427376611,16.731852,1.6588202,0.2167721250251221,0.9380575188442344,-4.077645927477319,4711.484
4102702848809966464,284.54030673417344,-12.511791071186009,16.732132,1.5834646,0.1452984684664179,-2.903014092115662,-5.425152033582495,4904.1035
4198783530636920576,284.6378252569029,-12.317735247963434,16.73218,1.8809261,0.07917958818271215,-2.2986284658778366,-4.346116683816124,4615.41
4198781576456947968,284.59506340063643,-12.379417350368778,16.732515,1.4083014,0.47476295120099365,-4.624524138251119,-4.985607736208619,4668.005
4102702814450357376,284.499765548839,-12.493413726300671,16.732613,1.3200827,0.5187913251541654,1.7405406318061891,-2.1204382346904818,4909.852
4102686253055920384,284.6389721807922,-12.612313426494348,16.733091,1.3441687,0.5639934330295884,-2.945836147932664,0.582643903539116,5147.024
4102702539572350208,284.5284419529472,-12.508681781025807,16.733223,1.262043,0.3765874459431811,-2.020515274098468,-4.666486153759471,4671.486
4198785356027872640,284.460241357851,-12.348469415495973,16.734184,1.2102127,0.3952194968451557,-0.9082943902131301,-5.2962229830965235,4831.4263
4198780683103719168,284.6134428602039,-12.40762868514327,16.734423,1.5140619,0.14994824007853505,-3.756298272244161,-5.050178106084384,4828.9097
4198781984462613120,284.59767764315023,-12.338778961078763,16.734524,1.3520412,0.2564864383044915,-0.4069342778507326,-2.8482531868311627,4922.804
4102690646777918336,284.550115224403,-12.538864262491206,16.73476,1.6458158,0.059240510720849196,0.3867029700410447,-3.377112611612862,4851.797
4198783152679642752,284.6500009326132,-12.345231563786344,16.7356,1.2598438,0.27578659452143006,0.3897494503744261,-1.4127059808886204,4911.6016
4102703604724979840,284.46107454024826,-12.485205035963157,16.737724,1.2897987,0.38592270943822765,0.6387707290873641,-7.2780505886899425,4955.856
4102686424854529536,284.66916914545425,-12.623354089352695,16.73782,1.3921337,0.22822413540577124,0.5810410407603264,-4.5227888872923065,4707.3237
4102687520039704320,284.5359804799161,-12.65667624118993,16.738277,1.3601065,0.3212787448833264,-0.6966461245976961,-3.2939088042544866,5419.5356
4198767935640705920,284.64728659774045,-12.481167655950589,16.738432,1.5169868,0.17594347956980277,-6.570194226741937,-4.850573443821337,5148.0923
4102705043507444224,284.368307079366,-12.50598998065235,16.73866,1.6574669,0.16388994102316182,-2.6232086221293343,-1.595488028057127,4815.1416
4198780992341085696,284.5325699833929,-12.428438323080089,16.739302,1.4968214,0.0620939475596008,-3.5390405206307993,-9.986792828763974,5885.3564
4198767935640700928,284.6437668195259,-12.491122404724026,16.739332,1.6627159,0.2199010677075951,-5.075977907484329,-11.453853167759089,4685.6562
4198783496277157888,284.605073127011,-12.32228489850935,16.740303,1.7944145,0.3621738601241921,-2.0959688128916922,-4.024760775220394,5079.897
4198780683103710592,284.6286076352031,-12.4045264213983,16.741251,1.6131487,-0.028698048110808082,-3.149341613462388,-4.814271581287527,4846.725
4198782224966590208,284.6907052898657,-12.362572362106897,16.741348,1.321537,0.3453189596381239,3.9100054214929667,-8.947380119224718,5642.23
4198783324478448512,284.64409533524906,-12.324992941876861,16.743008,1.6555576,0.21486668031026662,-3.8471584824817198,-4.449156385823377,4698.9404
4198780202067388288,284.56860262892184,-12.440008233751803,16.743269,1.5223274,0.35334157463410043,-0.9242024651193954,-5.962028176678577,4725.409
4102687386927491328,284.49386064405707,-12.649297965943202,16.743704,1.8508778,0.15334663298696213,-1.2117490113676628,-4.9497311063168015,4776.2827
4102690406284074112,284.5524077022816,-12.55786354103589,16.744255,1.3124008,0.8452460807037111,-2.0052159971997767,-1.9672382134544832,4840.5645
4102704081435075840,284.52229697491526,-12.449975603804333,16.744648,1.2544231,0.5110836454636802,3.6532680070589802,-0.7319455160424575,4702.5454
4102700920338428544,284.4387661191721,-12.565748489875618,16.745003,1.2148399,0.3939445917091129,-2.2635972164721108,-3.4643291399029956,4781.312
4102688860069964672,284.491380877708,-12.603400632956417,16.745417,1.1694489,0.3880559829107695,0.908560921566745,-1.3823681798772474,5030.852
4102708586886854784,284.4377234715097,-12.354749081430622,16.746035,1.6582136,0.12321589195299339,-3.1591563277219903,-7.39354244045664,4829.6865
4198763537594089728,284.7346052514945,-12.555642927378997,16.747086,1.5835447,0.08060294434646538,-2.420588242836805,-9.109342561940755,5138.4385
4102702432167176064,284.51700340241,-12.529920183620387,16.747189,1.3559599,1.0152978383010334,-0.6609908663319448,0.5298307999002747,
4102703600398546560,284.47154740224164,-12.487536133856837,16.747469,1.2324619,0.34282043326862355,1.6593448289360686,0.6486576554289378,5340.1313
4198781473378309120,284.58772185854906,-12.403875867422624,16.747477,1.8393965,0.09668223539158995,-3.589178767737184,-7.023350572039631,4569.2646
4102703398565968128,284.4535603608073,-12.510145696342311,16.748354,1.1571236,0.22020598221656393,-1.7774644742125592,-5.954870934575371,5522.6704
4102687936683278080,284.54063314781627,-12.619063934869526,16.749025,1.3939438,0.7132299923429262,0.8417335492696124,-2.8661714974247396,4935.013
4102690616742997760,284.5445537498581,-12.556139579559934,16.75005,1.2391586,0.27172991150349063,1.197159003502582,-0.8533834855184826,4912.869
4102707453015310592,284.4697272766314,-12.402888806393582,16.750187,1.37673,0.6521427275550342,-1.9561425293983394,-4.765308505572731,4706.515
4102703016283017984,284.5846219087441,-12.484309632987124,16.750677,1.6060333,0.07475408682404364,-3.035670815156339,-5.19270505957387,4875.75
4198770233417671296,284.71679798580277,-12.40545734161197,16.75092,1.6656561,0.13058983857046208,-3.2252856324067154,-7.513506567255209,4777.463
4102700237443060864,284.4415191242036,-12.602746772913644,16.75176,1.2668571,0.3406500225264866,-3.9383059017353967,-5.231012897248392,
4198763949910945280,284.75305582362364,-12.547803237591431,16.752588,1.3287601,0.39637508596181725,1.2948637598079182,-0.8312996680428704,4387.9004
4102687829277673984,284.5269635855074,-12.61973516897166,16.754198,1.2978039,0.4297347085810429,-1.8257902660455438,-1.950122741679064,5658.7046
4102706834539991168,284.43459918629287,-12.448312976111527,16.754753,1.2254524,0.63944895109716,1.813658408297989,2.946763654963793,5233.4507
4198781404658299136,284.53653275609315,-12.382630153051975,16.755056,1.5359383,0.1376700915829255,-5.682902805575713,-8.205464022339598,
4102702539572360064,284.52576956022045,-12.506940900665189,16.755848,1.5205746,0.2422037513504627,-4.140910156705448,-2.3130935496238245,4580.5815
4198781847009502976,284.56374970216547,-12.357187221369253,16.756485,1.214037,0.26571591295061836,-0.7307043966422343,-5.276302063855175,5367.253
4102707143777704320,284.4292531958752,-12.422222434599176,16.757057,1.7059431,0.060108381562340205,-3.1250326362942142,-5.58758455399351,4801.9453
4102705047808287232,284.36823957304046,-12.505509580618043,16.75719,1.6892042,0.18994143647395978,-3.528116355851679,-6.319658634089403,
4198764220462995712,284.7322375347492,-12.51196213682595,16.757324,1.6998997,0.15518473834167973,-3.5845305095617706,-5.681004052450604,4974.6396
4102689173634830720,284.5823504136646,-12.615325045531984,16.757872,1.6357603,0.08772509158249375,-0.6558615081985815,-6.579500038071873,5589.563
4198767214086132608,284.7260186772306,-12.505529339976157,16.757982,1.330719,0.4213625206209053,4.543172158881583,-3.7621036000240413,4914.741
4198780060302680576,284.6077694880323,-12.438667800596164,16.758131,1.272253,0.521785557167803,0.16493876250802397,-1.3559118016007998,5190.874
4102686321783282816,284.63680087252794,-12.60563124625321,16.758432,1.2890635,,,,
4198770100273680384,284.7543810497473,-12.412131750583065,16.758955,1.6667223,0.48723262111861526,-2.3403324903958387,-8.540215818690275,4735.636
4198779892829453184,284.5773961413102,-12.469899043863485,16.759544,1.4615564,0.3918234899503706,-3.2610795089871223,-4.5543576147751095,4741.0024
4102688967475571072,284.49790901250503,-12.592296044015292,16.759735,1.2591114,0.2510154455068837,-2.663652053392558,-0.3411449133544644,5394.4204
4198780403900108544,284.63948544936835,-12.429461209173697,16.760456,1.8029337,0.1572086128977332,-3.6168400673789693,-7.253902923195,4913.8
4102701852377796736,284.4132352746664,-12.523405832145167,16.760633,1.7760792,0.09629587025610525,-3.50372316881263,-6.810592983578946,4719.063
4198786558584251008,284.6140725492575,-12.299445960457788,16.760696,1.4115295,0.30998384618062136,1.8172062383162788,-0.5052223058976407,5658.736
4198770199057896704,284.7004661532152,-12.411861736963589,16.76073,1.706727,0.17374782205769637,-2.4374469077773506,-4.9817600158960245,4732.6733
4102688417720601856,284.4612414320831,-12.630051942345638,16.762335,1.4086533,0.7171738937201365,-4.192762954746499,-5.121363747829245,4983.534
4198766870488760832,284.6950239628304,-12.51517197602736,16.762817,1.2420197,0.4050507480526932,-2.2230390991857747,-3.238774908841335,5346.3003
4102705494510251392,284.3872985357475,-12.466762589880432,16.76588,1.6118002,0.17672266000178788,-1.0721943426736982,-3.743056998148135,4660.277
4102701336981651584,284.3954094087416,-12.570019466525968,16.766747,1.2085686,0.5504072329327118,4.123940841042575,-1.0817733801665748,5293.643
4102704287593514624,284.4663723831642,-12.448710301451355,16.766779,1.6472263,0.1042983165108294,-3.0172032384275522,-2.010472608847662,4749.1323
4198783221399137664,284.6362897391158,-12.342534975485162,16.767656,1.2667103,0.40628751609056657,0.997822185174734,-3.2003625664770543,5288.975
4198780923586884352,284.549951986416,-12.431921091427009,16.768585,1.2640667,0.3688585952226889,1.5051456609280844,3.8515115535316493,
4198780992341086464,284.5277568506329,-12.423235919173203,16.770206,1.3119736,0.4994877196678113,0.007449313529428042,-4.7680871440827985,4575.8438
4198766797443349504,284.7103799139272,-12.521027309883547,16.770475,1.3341026,0.3610345897115666,1.4217901145880836,-2.506543082435093,5244.354
4102686046897428736,284.65287325796857,-12.628306376060122,16.771744,1.5889578,0.276486336159776,1.4496841121073285,-2.590298594163112,4950.749
4102702844484155392,284.5371938461282,-12.51117097023434,16.772112,1.5633154,0.22615802173241287,-0.23958067016507753,-2.4088940690146896,4262.07
4198780403900173312,284.64399001400665,-12.416715533941787,16.773619,1.6560593,0.20220227479308722,-2.5510914938120126,-6.169408049742344,4905.8403
4198783702438293888,284.69120667937136,-12.316974293022984,16.774618,1.6969395,0.3330965308405608,1.1333926829097765,-3.981614429080439,4816.2046
4102701062103680000,284.4487309636127,-12.548710954672787,16.77512,1.3041782,0.6844135950177332,-2.2348017406286176,0.9161058962876815,4974.694
4198782396765301504,284.65124854318856,-12.36031382616194,16.775154,1.4719982,0.14722800457952723,-3.085756505725861,-2.9982581546892337,5245.4624
4102691200831399936,284.6022255372019,-12.498129493977771,16.775778,,0.08238616019218875,-2.8387396485721026,-6.021532967625097,
4198786283741241344,284.5109253456717,-12.283453293696315,16.77748,1.495616,0.11530278784196096,-5.208279690532901,-0.3922495166458674,
4102704429358245504,284.4860226724767,-12.428891432683363,16.779238,1.2318058,0.11666858896130079,-1.5760480757704538,-3.6288904680770897,4903.608
4102687455646847744,284.5435141712592,-12.661921315346577,16.779505,1.3775902,0.46294800983364925,7.452395734116054,-5.180774504919307,4687.807
4102707349936073856,284.45889288661124,-12.421536011622607,16.780025,1.172863,0.38033970329352945,-1.1045619913483218,2.3056882106292873,5619.593
4102690101318828800,284.6497943694513,-12.542873776955474,16.780107,1.0786724,0.3169570765748729,-7.323507008189573,-12.535686049423457,
4198767312839520512,284.75222001879996,-12.490461313750716,16.780209,1.315342,0.31229072768477134,0.5033240391237302,-0.789539865579489,5780.4663
4102687077689730816,284.5349298359543,-12.667119754144885,16.78036,1.3591156,0.38726079965443483,-6.656778835805817,-7.025338795106408,5534.7715
4102690685435618304,284.5331805308644,-12.535458321399148,16.781277,1.5036459,0.04651239854604458,1.2804627454055235,-5.160513367709606,
4198768244878377216,284.6350435827395,-12.456288964213472,16.781672,1.3032398,0.5043314590084447,2.1739498408257263,3.6575109134203543,5219.1597
4102691127813334656,284.5721896524393,-12.51681698951965,16.781801,0.5441265,0.18012311744912995,-4.626261651265371,-4.601559346202022,10370.394
4102688520799026432,284.4526476205804,-12.609407842134157,16.782043,1.3762074,0.7706867229151961,2.6199584470290365,2.1054079557908185,4863.1567
4102700851620355712,284.4715256145733,-12.554415742111818,16.782272,1.4647961,0.8262939615717318,-6.859688637315763,1.2452183942697173,4551.017
4102703634758372480,284.4748734649522,-12.469182543967625,16.782368,1.4487839,0.21548458231776738,-0.6390283032224694,-5.086164504720376,5882.5977
4102707036372580480,284.385181054507,-12.44790209500385,16.782568,1.2784805,0.2830296975165568,-0.7571159346140395,-4.532689949227774,4951.0073
4102707487375049216,284.47435842223535,-12.399015000728596,16.783087,1.7249002,0.1597659448178976,-0.5199145039982569,-3.1842743067739887,4895.95
4102701096437029120,284.45969080249654,-12.541117479540842,16.784246,1.1349239,0.504102288695603,-1.337048817481749,-1.0843104405239907,
4102700959024465024,284.43997318313,-12.556163431409239,16.784487,1.2610474,0.22702978560512904,0.5660109753788718,-2.9637792287803713,5035.5
4102688310336107392,284.4541296568045,-12.637983617078142,16.786137,1.5963259,0.2954983251506773,1.5800483963370793,-3.4453347013554185,4700.478
4198785733985431296,284.45891037788596,-12.326305517716397,16.786613,1.2323265,0.5111550067005629,-2.9322442186525484,-5.104863907999192,
4102706937619245312,284.4370847051478,-12.42865565999167,16.788292,1.5423174,0.04842432464914263,-0.18908174193963523,-5.46773419266907,5758.2295
4102691024734068608,284.572230134104,-12.525442240120631,16.789688,1.220232,0.42207867905019336,-8.212615498639362,-2.072994540810329,5453.7837
4198782057493220608,284.68980904896586,-12.379294300614848,16.789843,1.2376804,0.40672766970774427,-2.5165629653876493,-1.9840924231625534,5243.4844
4102708616944854016,284.3908794618823,-12.378517019657801,16.790373,1.7642164,-0.007153915526703511,-1.8564643839651844,-6.287022821446923,4960.456
4198767828235580544,284.63343930826363,-12.494429713194187,16.790464,1.2127037,0.42542954925470655,0.526757136460949,-0.6803657090388932,5581.8203
4102684535069021056,284.5725672425475,-12.66350884570979,16.790777,1.3060131,0.2998666468971252,2.9543422837874194,-0.8940372526083655,5022.902
4102702711344635776,284.5008665522939,-12.512356203013676,16.790915,1.2067032,0.18636402780255035,-1.6978651155948377,-1.5294052915597667,
4198784939386097920,284.57808546450127,-12.334377662487398,16.791677,,,,,
4198781301579082624,284.52657687982304,-12.392758698565979,16.79182,1.3282948,0.759035013614138,-6.838792622506247,-10.862873315162748,4948.676
4198785145547293824,284.5293095164222,-12.3225288113844,16.792118,1.3596287,0.4674478518978648,0.2603646059364569,-1.2401765036365666,5075.359
4198785351702887168,284.46928119203403,-12.345136904621741,16.793104,1.3474293,0.7381725396951117,0.2202444348987515,2.4525062606464156,4854.7407
4102689448511760896,284.5619617875875,-12.602162414131625,16.793291,1.6389809,0.06241811268446234,-3.9683728807286807,-5.210711653047242,4802.267
4198781473377718144,284.59931648310186,-12.396096255637595,16.794973,1.3964481,0.556275358957854,1.9258264287740927,-2.4989426594572004,4968.062
4198785970178444800,284.5101216290621,-12.30188977142141,16.794975,1.2021351,0.4142849623266845,-11.337644885054464,-8.259968798905803,5763.3623
4102690852935332608,284.5836882304729,-12.533023347124063,16.795477,1.5938549,0.184145187181436,-1.8762687020753277,-6.087590423110293,4686.564
4198780167707361792,284.555908781817,-12.445239302307423,16.799992,1.2602615,0.3241463967058131,-0.967982729225958,-4.62016051560798,5453.715
4102688894429770624,284.46987219946516,-12.598043897837995,16.801647,1.544097,0.9886331874118107,-1.3893259505868965,-3.456395354839674,4352.9814
4102707242531065600,284.4667600949806,-12.43618847575633,16.80355,1.5944433,0.28541712260130336,1.1793252080742935,-0.016719938897393708,4559.9775
4198779819787816064,284.5908398868765,-12.474873226270256,16.80365,1.1661263,0.4151741247507604,-1.2145211792262882,-4.375130957096359,5212.2275
4102707762253027200,284.4582063484116,-12.381426835817077,16.804117,1.259573,0.6088927121743618,0.19604307691296405,-3.591815471778465,5200.1123
4102689654670067328,284.64283414717346,-12.586537846273044,16.804811,1.3250332,0.6662487543814971,-0.5792786107918249,-0.3395346541202906,4354.5493
4198770065945276160,284.7439685767772,-12.4133252220058,16.804909,1.7826614,-0.3824813902318995,-3.1398223585961182,-6.849635716979057,
4102706697101004800,284.4185269906388,-12.478363169506975,16.804924,1.5613432,0.27351219307017427,-2.971241115577865,-3.2416644529770604,4978.8525
4198767244123580672,284.7153580826882,-12.49787213825318,16.805481,1.7497158,0.10286024321678636,0.5753308930133421,-2.3730312607373043,4800.625
4102686184336460416,284.61817128119975,-12.62285586788412,16.806862,1.5871267,0.9134809820150348,2.5947534580133,-5.47000537233679,4551.4395
4102707830972568576,284.3827430528268,-12.424259925994269,16.807106,1.729701,0.06917319920233049,-0.703117127482263,-7.02291518937979,4819.003
4198785282983662464,284.54938559514056,-12.304195461198054,16.807995,1.2711754,0.1298905221044957,-0.1350278804726443,-2.6166229563990355,
4198781129780350592,284.5651988033283,-12.405591046554127,16.808949,1.3727646,0.6613568873434539,2.226063966737239,1.7845966504738284,4844.77
4198768313597808000,284.6917749558143,-12.470344128667984,16.810919,1.6529083,0.2056155371403641,-0.7313374102013499,-6.38579842842234,4809.4194
4102700787225655808,284.480272016994,-12.570310212806707,16.81092,1.4517193,0.7419242076843486,4.081897843894576,1.6330689685425162,
4198767007927737600,284.6572183188416,-12.518383121015635,16.811163,1.2819157,0.5375413879605286,1.0940048774339597,-8.067005912428373,5092.8364
4198779824110218752,284.59436739224776,-12.474801029090482,16.812138,1.5103035,0.2540662656755177,0.356271779006555,-8.468152777382636,4720.3457
4102689379800034048,284.56995591683636,-12.608842742795066,16.812277,1.5980148,0.26609507748075173,-2.103267565124996,-0.30486863028409755,4798.0664
4198766900522530176,284.6603088917875,-12.533854779175316,16.812632,1.8717375,-0.10767952279586662,-1.3932407447384605,-3.712604670166757,4506.28
4102685943818183808,284.6485361074344,-12.646278443061503,16.812965,1.2712879,0.6269798107833182,1.2618231155104844,-6.864286349220294,5154.339
4198767519013812992,284.68722483221944,-12.483770341482836,16.814508,1.70683,0.158312122351324,-1.9447945485193192,-7.536424922961524,4832.747
4102707418655506304,284.49173020381505,-12.413532936980703,16.81507,1.3702621,0.5886085992488018,4.983154618340739,0.6498751460963188,4910.6313
4198785630905783936,284.4447837883733,-12.337373423016036,16.815607,1.7293005,0.22221787296858234,-2.7384342040862806,-5.086188032718853,4450.6694
4102689203667346176,284.59568661384293,-12.603864241562858,16.817888,1.182764,0.3458268004218278,-2.8398254372912977,-3.1208034804177935,5473.2944
4198785459107506048,284.4722299912817,-12.339687695125516,16.817902,1.5169744,0.11237920115953128,-1.0636404587410702,-4.573806205184515,5184.574
4198779858469964416,284.6006928146299,-12.459901674619116,16.818634,1.6335688,0.22374363372095818,-7.321536490127988,-3.6103335444824243,
4198785424747350784,284.4551519765328,-12.34164465187636,16.818907,1.4087143,0.7074189598049883,-2.009469376444947,-3.8762481547957632,4653.63
4102689036195085440,284.4980182358317,-12.57556415821646,16.819029,1.2363567,0.5264961901178894,4.786126977116769,-11.619231347514669,5487.381
4198785562186730880,284.474078079936,-12.322821848457378,16.820364,1.1858196,0.4316655628721471,-7.082172844174905,-6.591050072062603,5273.3335
4198786008828732672,284.516731509657,-12.30451038513665,16.820896,1.7598467,0.15634003439860564,-2.9585194233545544,-7.789641759448569,4727.0645
4102702913204664320,284.53484068064495,-12.503010287851467,16.821074,1.8200731,0.025245940517460496,-1.8010466835417962,-5.068711746536348,4758.556
4198780197741634432,284.5724655828157,-12.440493439554459,16.821695,1.3364639,0.6830110288892787,1.0817785524751513,-5.805758594153613,4882.5806
4198767454604324096,284.7038021048237,-12.492640693341988,16.821888,1.365799,0.5509680385618376,-2.1913429670047417,-0.7172651415506636,4789.056
4102703158048370816,284.54497291273475,-12.483183389154078,16.822319,1.3283043,0.5262072132587305,-4.103232738489168,-5.025736640876265,4921.856
4198768652889557248,284.6609640218918,-12.430317908060783,16.82365,1.645916,0.20015706389662594,-1.9983261904949738,-4.173154014919071,4613.7437
4198769924179887360,284.7192244813194,-12.433477328803363,16.824125,1.380539,0.5169586363683257,-1.341430460705884,-2.7484896043973683,4582.843
4102686356135029120,284.67321332288907,-12.631032522746187,16.824287,1.2950954,0.41767007984809684,0.4655874913264868,-2.8767852889566523,4755.7095
4102702333414644992,284.5136341696591,-12.547298023054445,16.825396,1.2083797,0.3027922468556575,-2.4426889080354717,-1.103730758481442,4806.1045
4102707315551221888,284.4402572315927,-12.423466426049451,16.825657,1.2497482,0.3189792178700447,-0.6224705582126667,-1.1361009203754164,4984.809
4198768451036771200,284.7030751865103,-12.44568108289337,16.826242,1.6450377,0.14968233198740122,-3.799563340738434,-7.112027439730637,4925.654
4198767901280957824,284.65897326900176,-12.48502856256664,16.827276,1.2349129,0.41965943056854615,1.197852739238679,-4.472612316473579,5296.771
4198784393920768896,284.5278254756917,-12.367372248112087,16.827759,1.6265059,0.08059479559986112,-7.466718253814055,-6.086174116782464,4788.3857
4198782843442021504,284.7004395222872,-12.339311055524654,16.828075,1.3579578,0.3525399796916315,-1.9236189364086227,-2.8943239680192416,5009.829
4198768485396525056,284.68812232823643,-12.436664111470533,16.828321,1.4344902,0.4464165306757838,1.0273613886162283,0.23870986599925142,5334.087
4198782160580191616,284.7034876382108,-12.377871512511973,16.828587,1.7557611,0.1022694104005592,-1.0881371228914263,-5.60316624848333,4666.424
4102691230917827072,284.58071535097463,-12.50244288009699,16.82886,1.0670242,0.3057809009755738,-0.9737790302677729,-0.890601609840474,5402.7812
4102701096463399808,284.472107178862,-12.535483975531497,16.829033,1.6885548,0.08688496819100969,-0.977608492054279,-10.75116210022824,4617.6
4102700993384236416,284.42403517011996,-12.557529941790717,16.830645,1.3748474,0.4859708950618124,0.9050379716478708,-2.2481558039157443,4860.4316
4198768107439431168,284.6050532949227,-12.472742712250938,16.830685,1.6406994,0.06581431697695686,-2.076737646194141,-4.823013946572909,4953.22
4198786588653815552,284.6266767600828,-12.288813408786789,16.830858,1.4642181,0.4106490600212378,-2.4681989258837227,-7.341474008431725,5145.2837
4102688142841756160,284.48941009051026,-12.644918121440018,16.83269,1.6100664,0.8783044702893819,3.5225470476719405,-9.632073781932926,4604.0884
4102687902323515648,284.55606167493687,-12.617120340599303,16.832706,1.2283001,0.41524846677290944,1.5458415591698613,-6.138477952735204,5475.068
4102686184336481408,284.60743956080216,-12.623626508958584,16.833006,1.4848366,0.7355251119393869,-1.5190861764131138,-2.4443884199067156,4513.1226
4102707070732387968,284.3871914896722,-12.432690303294068,16.834072,1.2763176,0.27619159653077757,-0.6865891439856654,-3.8623786702243526,5343.533
4198784565753886976,284.47355772297857,-12.363703546668892,16.834337,1.2828197,0.2930326584762503,-3.597310844673104,0.6548490525673546,5136.828
4198768554116013952,284.6566373831452,-12.449138748743067,16.834383,1.6423378,0.1032051508544577,-5.075611840029762,-9.291240441152508,4924.7075
4198770272067673728,284.6855751901028,-12.402193413841445,16.83648,1.6546726,0.11264415656228934,-3.3363113683597443,-4.023890824309641,4789.1694
4102703123687965184,284.51685308157806,-12.49397145510025,16.83676,1.0803146,0.364247083381863,1.9566997298375972,-4.259039530172096,5390.9272
4102687799244354048,284.50573512916077,-12.637917400175994,16.837078,1.6610165,0.1997755706733879,-1.5103053828061352,-2.2729950143791733,4717.509
4102688933115869312,284.4788440677373,-12.593308102846507,16.83718,1.328022,0.08235847761465523,3.972914839359709,-3.477634829358336,5123.7485
4198782160572437888,284.69080719980957,-12.376687277109333,16.837904,1.5752048,0.33624605225488985,0.3630170494182154,-0.2742230853357879,4499.3555
4198781610816674688,284.6175862252067,-12.376857365621749,16.83807,1.6186256,-0.09593264381050792,-0.6835500941956393,-3.947628683101368,
4102690685462508800,284.5441748425886,-12.54126496851614,16.838226,1.1831589,0.25269993005637154,5.129673095688418,-3.8350472980748584,5115.9517
4102691235218348416,284.5749029623294,-12.501927537670765,16.838509,1.6586723,0.8592374746714749,-3.039929774311054,-1.9918933089909907,4632.0874
4102708513862189952,284.4465557402421,-12.363920228514804,16.838537,1.6920347,0.0357353839564306,-3.582668151250256,-5.551202225310405,4714.521
4102701783658257280,284.42521606606664,-12.539186759694434,16.838722,1.5625992,-0.007071929795087194,-2.358278713423289,-6.035848342071652,5363.8184
4102707590454331648,284.427546082189,-12.411265107460297,16.839317,1.817029,0.06268185022799588,-2.9883361409674256,-6.85809396092793,4739.805
4102688413393164928,284.45694616892285,-12.626496359449519,16.840408,1.2230206,0.30981172654646505,-1.9592006953313088,2.2655469401003376,5455.362
4102703948295647744,284.4979296330151,-12.477229980188579,16.840778,1.5568571,0.06195166241417403,-2.5452702402788274,-5.311020760877822,5553.4136
4198769099562511104,284.7366531864931,-12.452153086267538,16.842712,1.3711987,0.46326840376857203,-0.8403129830253314,-1.0768965692211148,5115.373
4102700924664692352,284.4442037361955,-12.567112663016866,16.843384,1.344862,0.5088407946730205,-2.093870652866452,3.316591892109374,4860.7974
4198767935640700672,284.64867674796227,-12.48696884866978,16.844257,1.5414867,0.27193036848284946,-2.6396091954332244,-5.808382488840069,4607.2134
4198770821828306176,284.730245087017,-12.373276279661429,16.844843,1.3709373,0.43123260522450557,-0.4729737282616747,-5.458701054250149,5189.1987
4198767626403015552,284.73173928738754,-12.468000716882711,16.84529,1.6681299,0.18727066029052655,-3.146303793728371,-6.7779849838623685,4950.325
4102684599461980160,284.60546363354166,-12.653159457023914,16.846016,1.5410995,0.1873546791697276,-0.00311654858847199,-9.416541554557051,5348.537
4198781198499517952,284.51544313724395,-12.415525384351184,16.846159,1.0519028,0.3017127867145187,-4.531932734865,-5.8796398047962795,5364.614
4198767484638235264,284.7117560480803,-12.484958433668561,16.846697,1.362854,0.39000559113631666,2.143601989130637,-1.8776552959579187,5280.567
4198784428280578688,284.50730427314625,-12.365310232865674,16.84679,1.1797905,0.1909845759100532,1.1101453857874686,-2.769018837022691,4909.7363
4198782057493219456,284.68087638331616,-12.388205251305125,16.846798,1.2893734,0.5305406609134876,-5.0038786176616465,-4.851278180407765,5087.9824
4102700817259319296,284.4926202982193,-12.551643712973735,16.847548,1.1888924,0.435267401381205,1.579052240827355,1.1032950766845273,5010.8467
4102707796612844160,284.36339666152816,-12.434936357025252,16.848824,1.3914204,0.6708687396837313,4.793592103717657,-4.545305955336203,5151.884
4102700787233273856,284.47652005091174,-12.56456533763092,16.848894,1.360714,,,,
4102690887295120768,284.6129461604917,-12.525765276855925,16.849123,1.3008289,0.36975844289317766,0.6046933865894843,3.9050532024536264,5536.461
4102705047833596288,284.3655541144668,-12.51087543450307,16.849157,1.1928787,0.4995876540275067,0.5283166421060431,-2.3761213492573487,5232.0776
4198780064628400512,284.6194173000102,-12.436382406691903,16.849194,1.3915863,0.43433165600195917,-0.5757766674357043,-6.956857442681534,5246.943
4102703394239986560,284.46333180273245,-12.510544056508808,16.849247,1.2963657,0.8008276772682347,-0.4862638015615444,-8.106601922540074,4463.437
4102708479505908992,284.43604998297155,-12.376410068052486,16.849337,1.2864838,0.3181848645918497,-6.90629040282052,-14.445631035510765,5340.8877
4102704257559496320,284.49174065026136,-12.446872720974152,16.84939,1.352025,0.6660123071791977,-4.4473246687387835,-6.28925154370481,4250.7905
4198782328048757120,284.6657813295113,-12.375546953146195,16.850931,1.3419094,0.5379317522626537,-7.648620177196153,-7.317687118900278,4917.3296
4198780923621607552,284.5463253760493,-12.43592826138236,16.85097,1.529993,0.19478590495222428,-0.1862628100503967,-5.129158113774311,4640.9297
4102686184336458880,284.6092520796984,-12.631664251661746,16.851637,1.3450527,0.5281517749318893,-3.363024960197611,-3.362977657713072,4971.298
4102686729766345216,284.6556159187063,-12.585247314531243,16.853035,1.296814,0.5930933340653246,0.18049462559577317,-2.0849226441229263,4454.71
4102705494510252544,284.3823962889613,-12.470471743538207,16.853456,1.1136684,0.21740965514765972,-0.34888661570024493,-4.707186664792986,
4198783466242588160,284.6057641265069,-12.335215063377966,16.853582,1.3507423,0.463560703533059,-1.1672726612029436,-3.6015006755113075,4954.9062
4102685905135689472,284.6373006953663,-12.651128188234155,16.853838,1.1380348,0.1501916813645963,-4.771194012641053,-5.644529365579371,4981.562
4102704463717975296,284.50465432674264,-12.41656452588277,16.854252,1.441782,0.2910224456419371,2.436086269250599,-2.292931240745247,5143.7617
4102705253992428800,284.38098178884445,-12.48968338194587,16.854504,1.3610058,0.1515806749683023,1.1675809571765974,-1.8069862322171755,4900.8794
4102704394998465536,284.51093663475353,-12.422927999955865,16.855211,1.2947578,0.44655761148207906,-7.3329705714817575,1.306372517443546,5212.2964
4102690788541623808,284.6029010805661,-12.534422710446748,16.855263,1.6453238,0.15516240193187822,-1.0784355361001747,-7.548925387481132,4617.179
4102686076930822272,284.61571308317195,-12.641255303085005,16.856728,1.4077244,0.723689837117938,-2.6403154418604453,0.464666771258597,4436.051
4102702436493860480,284.521982925023,-12.536494153738905,16.856972,1.486103,0.23266371310671333,-8.193100711616795,-4.420615168203155,
4198768103113570560,284.6117023573277,-12.47458485106211,16.857372,1.2770977,0.6203751251350386,1.4740107344711062,-10.195691036714049,5131.2783
4198768932073068160,284.75721466025067,-12.451919620557533,16.858461,1.514595,0.7579824206846435,6.621777281242688,1.274734441549997,4506.304
4102690135706562560,284.6213535180294,-12.533215229568304,16.858782,1.205637,0.29036179412090896,-3.751630498496498,-6.086136957506752,5330.3486
4102702402134126592,284.4991649659894,-12.5255047872246,16.858898,2.177312,1.9324207763945176,-3.0263483119418066,3.9207270966433656,4073.5447
4198779892829709440,284.58759563338066,-12.4640785426777,16.859241,1.1937237,0.5090591566650575,-9.396976008656734,3.2225533679370133,5349.2476
4102688791350593536,284.52707691941407,-12.590097619607983,16.859419,1.8074093,0.06548515775660008,-2.7296744087727536,-6.179822814970445,4804.8223
4198768073079682816,284.60399698850637,-12.488515366898769,16.861324,1.4220772,0.7920334472337786,1.0127901136620427,-3.634425558781081,4945.113
4198785940143853312,284.48397892554283,-12.31295774904179,16.863968,1.3595047,0.565603799393513,1.2921861771800431,-3.385602238030046,5019.6655
4102702814450358784,284.50449392834804,-12.488518563499136,16.864323,1.5805988,0.22000237524301006,0.005139175334830104,-5.963240387801578,4756.639
4198786180662033408,284.49175944799356,-12.292649942579487,16.86439,1.2587376,0.2650372578078485,-0.5542894233756247,-2.9605488953543833,4858.2466
4198784600114028160,284.4798013147577,-12.353139317420418,16.865597,1.3742828,0.5869911245283096,6.367910053303636,-4.143691030447194,5126.2275
4102686046897410688,284.6562928036021,-12.633497166524824,16.865746,1.3576832,0.31537217735694195,2.0406448810052322,0.6916892627717428,5233.2354
4102687833604062464,284.5301279892951,-12.628796798003048,16.865883,1.3935032,0.4999696051487995,1.0666418274062701,-9.765707741922178,5132.8335
4102704051401035776,284.49978708693374,-12.452275284804019,16.866186,1.2556324,0.3089473480686141,-3.2299708183474634,-2.768755864807727,4976.0625
4198786623013508992,284.6005900440789,-12.297540260472568,16.866438,1.6570902,0.0298204322994809,-3.287958133062123,-4.228914336697617,5072.3228
4102700615427090688,284.4169547017714,-12.573917517874667,16.866661,1.4742203,0.08424930608327351,0.7313003915400462,-3.0047716108302605,4754.12
4198784290841626368,284.4854231029246,-12.385059709457606,16.86701,1.558485,-0.09743390254834833,-3.2200119187920477,-6.461835358291276,
4198768347957571328,284.6594588002751,-12.463845975836934,16.867441,1.4600792,0.7061113108302154,-0.5699382836534723,-4.64814134268557,5319.871
4198779957223378560,284.61377131707974,-12.457415868872994,16.867973,1.5838966,0.07209434913372925,-5.31216792847543,-8.092335710933508,4897.1436
4102701989790734976,284.43689406738827,-12.516932084862137,16.868078,1.3306274,0.42902775327862774,0.9339283473134606,-1.9416171104587547,4639.651
4102690234459678976,284.5618590341034,-12.581661420203861,16.868326,1.2877655,0.3870513435753493,0.5226821239020366,-0.27634017911547276,5350.7456
4198780270786853120,284.59756645691266,-12.428903114437317,16.868483,1.7413692,0.09298340109148853,-2.152936776456734,-6.144917771368645,4575.8164
4102690032599597056,284.61057830550834,-12.555605299524874,16.868849,1.2359486,0.4850215331048818,-4.211644120072857,-9.271454561934336,
4198768279238072320,284.67772181138264,-12.47646052062592,16.8712,1.7051945,0.18202410790463483,-1.946019835530179,-3.587059586985445,4668.7734
4102703707803716864,284.441128220603,-12.479733125289124,16.871202,1.4790001,0.6427660129222015,1.0235553645226634,-4.100583251222918,4977.3955
4198785042484955264,284.5255136754348,-12.343497718032328,16.871466,1.1858711,0.5505806655180155,5.05345174227673,-1.2555957503607544,5356.1265
4102703776523214464,284.43492074488944,-12.476099421061935,16.872034,1.5797138,0.6900652905651482,-3.3628220398966406,-1.3479292913560719,4769.512
4198766939208247168,284.67525526802643,-12.520469924983155,16.872244,1.7068863,0.11180015155654721,-5.463577452818249,-6.166941041160464,4618.546
4102704012715538048,284.4883916878647,-12.461530018986759,16.872528,1.180069,0.42515803317801026,5.254672744228453,-1.4967447548475945,5385.668
4102687936683284480,284.5420264821816,-12.61478704880222,16.872787,1.6188087,0.18689933002876857,-0.659141719666361,-2.065908506434123,4827.603
4102691200831296512,284.60141205008534,-12.508377511761072,16.87443,1.3573647,0.06727282620233137,0.9732098085174229,-2.785248539757553,5001.225
4198780373866040448,284.63369022263174,-12.430226478805663,16.875402,1.2718048,0.26893938314136523,-2.3023863999609704,-0.5312220814335212,5310.301
4102685943818155136,284.66247330871556,-12.646232605095703,16.875978,1.425066,0.20125709695731725,-7.145891300960066,-3.9308570081916874,4983.772
4102707762253019392,284.4629994979382,-12.380062117888821,16.87629,1.5610447,0.2771045950690793,-3.2097766472369185,-8.990084317409103,4696.421
4102688516472617728,284.44967566905115,-12.607164834267367,16.876476,1.3017654,0.2713100023453931,-2.2525189339197005,0.5011123369998853,4972.4497
4198769138239317120,284.7576053351247,-12.440114289742123,16.876759,1.4509487,0.31497756487935796,-1.6814304784874272,0.8413223956599465,5007.841
4198785729660198016,284.4583773855995,-12.314207242712468,16.876987,1.3774967,0.5714050970855865,1.3712388702197558,-3.31420563453729,4987.667
4198767003601819904,284.65450369876953,-12.514133028138005,16.877258,1.2095318,0.44843429630553855,1.5361551870360184,-0.49615083868985216,5071.657
4198786558619064576,284.6080474681946,-12.303863853578799,16.877504,1.8022013,0.09288893381428343,-2.551935706409108,-9.599968098722947,4686.6875
4198780133347901440,284.57429637879954,-12.446391439879653,16.878126,1.7599468,0.852762593216306,-1.9787979519564254,-1.0538723348835892,3729.7346
4102703158047715072,284.5244797916237,-12.482731905328793,16.8784,1.5279808,0.2655437368707172,-1.4206730834573549,-4.808966814844462,
4102701057777526912,284.4567304072901,-12.546163450950731,16.879618,1.6059475,0.19582548979123016,-3.109884685675147,-7.585488510985965,4798.8174
4198767037961532672,284.67208143849024,-12.515264832695207,16.881285,1.2554512,0.6255999487880186,-1.5846998845370928,-0.18171861586390703,4987.683
4198779991603211008,284.6313560911288,-12.444632972937004,16.882696,1.3500977,0.4675747794871006,-0.09668618817399002,0.20881609841169962,4717.804
4102687657480806528,284.5547896182532,-12.632232794923388,16.882809,1.3217239,0.3795354391436924,-1.0819097602796108,-3.3700144861739387,5175.0254
4198779854144153728,284.59592891458504,-12.458584979863405,16.882948,1.2269974,0.49286026146293477,5.773677186782808,-0.12140278215485989,5154.554
4198781606493941632,284.6225564556589,-12.37756705084775,16.883492,1.384716,0.37314992025318927,-0.5614968889696476,-3.953649374458487,4993.8257
4198780786182925184,284.63707826001314,-12.397369328242178,16.883532,1.5752354,0.31042896117022123,-1.3887147478517514,-2.2784190529074513,4370.12
4198780717463461632,284.60305397867165,-12.41061567493319,16.88414,1.679718,0.06759853076794523,-0.6310428214226897,-6.681614991574417,5076.3594
4198781228533914112,284.53484835573295,-12.411298447740561,16.88444,1.633213,0.12668173178909534,-2.764392332570362,-6.951673788829376,5090.628
4102686665344276224,284.67243757310433,-12.593654310978481,16.8845,1.1136646,0.23023779303916167,-1.5730441292824433,-2.828374517113347,5572.387
4102703875276588288,284.4514609973451,-12.460417364179769,16.884695,1.7150154,0.059512671309603214,-3.962760418848986,-6.499007075638824,4809.351
4198767901245502208,284.6634387072158,-12.485550754136138,16.88549,1.5350513,0.3774308058611024,-2.0323811377435357,-5.669772777981441,4994.791
4102701062077189888,284.4602396865222,-12.549588835455321,16.885546,,0.37364631284654387,6.0922889267558675,-3.445614403310181,
4198769310031024768,284.7589568637078,-12.420996691419353,16.886353,1.9067869,0.2487880603705049,0.13558836341115563,-3.486565671065688,4586.2026
4198781026701148800,284.54125752620706,-12.412213084685563,16.886505,2.0672722,1.341400225030979,-1.7956172343077945,-4.305339776824839,4167.4688
4198785592221080704,284.4390721674563,-12.342902878696252,16.886772,1.4557304,0.48159394183065696,-1.5150924280434024,-5.128170454223421,4483.2354
4102685978185862144,284.66010350361773,-12.63734391988734,16.886814,,0.8772064925461905,-3.367967585848521,-5.654916598647947,
4102704012715556608,284.49589368400746,-12.461209548584625,16.888208,1.3767223,0.41222239223866186,-0.8034435242821336,0.7666546872498468,4320.337
4102689620310489472,284.5808614315732,-12.568821330056528,16.888283,1.4065685,0.46200183431146385,2.3930075680181764,-2.01790510666874,5061.3745
4198781812649696896,284.5600735299653,-12.368146843772644,16.889017,1.1980267,0.5221663920039104,-3.617880193695355,-2.2509748000942613,5193.6846
4198768618509780864,284.64305399455947,-12.446103661745392,16.889374,1.3100185,0.32706248955326583,-0.05642736030588927,-3.2794105880184907,4680.4243
4102702677011425408,284.4700533528223,-12.511751667889815,16.890026,,0.15571272015307752,-0.5576673915109223,-5.306521287853745,
4102702264694726016,284.42091565459344,-12.488998722202613,16.890535,1.7306089,0.2007443868379482,-3.473710471867505,-6.2472003968426115,5103.2197
4198786279416186368,284.50733756028524,-12.286521022827218,16.891544,1.5928764,0.25602071482229344,0.30623559916139115,-3.0090238380212666,4416.3174
4198785867099151360,284.4995561389415,-12.314037958824317,16.891647,1.142664,0.3952545405715271,-4.917132703652583,-4.553012601451905,4914.9897
4102704150154588544,284.5054907613673,-12.442447592113053,16.891706,1.5120678,0.31252438122088577,-6.774340350633922,-3.7488742544676708,5092.5234
4198782877801803520,284.7052447098014,-12.332221065905456,16.891958,1.0510311,0.15979230862078356,-4.033577067210601,-4.215077093035984,5494.365
4198768721589089536,284.69725228250263,-12.424730157187602,16.892296,1.3551178,0.4600661853823012,-0.8446226380009404,-4.820720667168338,4309.2915
4102702294728038656,284.49914156124305,-12.555846793326763,16.892338,0.90859604,0.24168917984952235,1.0478529204613207,-9.307185845324273,7394.8096
4102690543697478272,284.51339972480685,-12.560900040951742,16.892405,1.3443775,0.3789589032502996,-3.3634620196970784,-2.7484453611185717,4556.3096
4198770233417644416,284.71414430550743,-12.409958493770997,16.893373,1.3079739,,,,
4102707723567591808,284.45275736399066,-12.389657327638245,16.8935,1.6990795,0.3747575666589976,-2.013216188439664,-9.505930394745834,4918.9253
4102701989816708352,284.4362444433931,-12.52047974057561,16.893728,1.264616,0.2515031438070522,-0.5911978190172287,-6.738699052993849,5176.651
4102703089328161408,284.5693984473687,-12.472555576731114,16.893816,1.2347202,0.3645875390709417,0.11355552619266404,-4.553472513858724,5090.597
4102702505212627072,284.5052785877713,-12.523525339564937,16.895344,1.2434654,0.4622844017972316,1.2160886163462976,-0.0659668341746729,5120.0146
4198783156969890816,284.6362772478122,-12.349112611246579,16.8955,,0.6907188143186624,-0.9598483080845475,1.9952793091172123,
4102689547264896896,284.6021887820891,-12.584566424069756,16.895596,1.5582447,-0.044200763134425045,-2.1638627072135415,-3.9818120136665325,
4198783358838167936,284.65624439409527,-12.327492634477329,16.895628,1.4476585,0.7794354442984668,2.455744851060393,-2.498258985062738,4667.287
4102703570364645376,284.4885915263694,-12.485446809031217,16.89698,1.230156,0.3269253978047244,-2.6968420703204603,-8.168324246990874,5204.2617
4198770130338481536,284.7329027583371,-12.399475738920849,16.897657,1.3950653,0.07896177693286552,-6.115856715886899,-8.121673670934381,5451.359
4198786008863777536,284.5195371642921,-12.298782776284492,16.897785,1.3881416,0.3533379933607266,-11.672017929826255,-8.745469199580212,5201.788
4102689723361669888,284.6196582138461,-12.574080665681276,16.898678,1.2112961,0.22598379226668108,-12.274429865928436,-2.7573154250545824,5473.9316
4198781503415031424,284.6021967918475,-12.393822242418368,16.899065,1.4823036,0.3387417177800301,1.7994489705919279,-4.464573629119194,4370.653
4102687386927478144,284.4911459619772,-12.658340137494594,16.899397,1.7657833,0.08756731181121533,0.3820124074224278,-6.264385340598844,4709.167
4102700581067369984,284.3993385370607,-12.5822425350606,16.901285,1.2844353,0.24603600147447907,-7.093610115771366,4.1044584803911235,5255.4067
4102690337538987904,284.56430868801965,-12.568856970621342,16.902079,1.1859989,0.27759321881326093,-1.1009591868471122,-2.703241674684946,4909.402
4102707757948117376,284.4625071863011,-12.375520843091454,16.902328,1.1884327,0.3064599516249553,0.8389763090284612,-0.1960467562815346,5396.402
4102686626686953600,284.6654280629335,-12.607042008805147,16.902555,1.2733479,0.4005041485770101,-5.956362095116663,-6.271998424296743,5140.6875
4102700546707576832,284.4227082276595,-12.584175219656231,16.902937,1.3994122,0.436193031573037,1.7216046985292977,-5.2614451388553,4342.1216
4198780305146608000,284.5787128147101,-12.423255087087876,16.903013,1.3028679,0.3699126891741303,0.2628251975741282,-2.1603236013659206,5068.1587
4198768347957572096,284.6653342095239,-12.456177252694825,16.90497,1.0687733,0.16277495066195635,-0.8345536564031221,3.334880830600866,7609.4897
4198784389630101760,284.5379560935966,-12.365512652805435,16.905092,1.5909557,0.1387294657428271,-2.02003060982006,-8.661706282311126,4858.0654
4198769138231512832,284.7476010392891,-12.441904535403731,16.905964,1.7909527,0.1326674904178827,0.013043645313601082,-5.200304565136348,4878.508
4102707276890853632,284.4715555925209,-12.425421311937361,16.90706,1.175457,0.4712003262485442,0.9001876339047601,-16.229121368897324,5387.0605
4102686802789011968,284.6877022497232,-12.581317119614473,16.90775,1.3256207,,,,
4102687833604065920,284.5261686535139,-12.630831590381412,16.908016,1.3851452,0.08886353992683084,-4.082973900398679,-5.357814944351357,4841.141
4198769168265567616,284.7310200759707,-12.449035200127161,16.909203,1.3794346,0.6462708421861518,1.6599337546743664,-2.6517991173608557,4895.23
4198782362405493632,284.6474468616382,-12.371457863768287,16.910013,1.6253414,0.01556238794320774,-0.0664343238565075,-8.855059552556112,4707.983
4198768451036772480,284.70711792036104,-12.440213761147243,16.910583,2.8273287,6.520747878188579,13.725470044025396,-10.407983606336698,3382.5479
4198785940143855744,284.49230780391156,-12.302618778562971,16.910664,1.31637,0.5375591578615448,-1.63585989314332,2.7583188583890776,5117.814
4198786623013534592,284.60634198119084,-12.2926041269701,16.91094,1.6571579,0.2024479908663702,4.83483801536448,-1.2141796447189268,4767.428
4198783668075897600,284.67369686476883,-12.31463272012395,16.911375,1.7246428,-0.040552048262253476,-3.1123170887855367,-6.416580378259697,4540.404
4198784393955554432,284.53363780962,-12.361598753368547,16.912289,1.2853794,0.1879986158976364,-0.40756996512133403,-2.397357808567153,5161.2964
4198785871424359296,284.5016229816177,-12.320899525678142,16.912498,1.5268345,0.2887528577654352,-0.3255563999015199,-0.6743359283164079,4699.1284
4102703806578238208,284.46588170171486,-12.473585366651402,16.91292,1.5036106,0.19271168198898297,-5.105044907009699,1.8029572945385857,
4198779892829453824,284.56991772609837,-12.464178896446331,16.913404,1.2093363,0.5151683843301518,2.0328602202605617,-8.726413438330022,
4102705563229796352,284.3651934217064,-12.456955486123507,16.913498,1.329464,0.42404998582759923,0.6682424758388271,-0.9310750263211646,5026.7334
4198782431125073280,284.68199247669077,-12.354196060510496,16.914158,1.60359,0.10617055727934073,-2.1460753125454954,-4.417507743538194,
4102687485679981056,284.55914298086265,-12.653916058798597,16.914467,1.3395786,0.5389969857147847,-3.034757447605845,-2.3263275591978982,4509.1255
4198764190429125120,284.7610404921376,-12.521886572544151,16.9145,1.4571552,0.835932924399508,1.023130282431869,0.9439330763126386,4935.8154
4198767935640706688,284.64077966665474,-12.485977595052221,16.915802,1.3724937,0.22864748836426757,-2.595592234216428,-6.763016674188084,
4102686042571278464,284.65723659612445,-12.620396184867953,16.915852,1.2856426,0.4467782103214694,4.342513588807559,-7.613562932074698,5328.8975
4198782091817807872,284.6668258282809,-12.378362232721848,16.9181,1.4332438,-1.8887407197793005,-7.603282379547924,-20.74735284979292,
4198767003601817088,284.662728875182,-12.51111777845207,16.91871,,0.33770801281042134,-2.660567023912558,-8.2866890335367,
4198784256516592896,284.51816785206427,-12.386937839517453,16.919703,1.6678429,0.13937693582136423,-3.23618296517358,-4.110713585787141,4661.751
4102704218876361856,284.47806520407875,-12.451331045032076,16.92003,1.4151058,0.7870262337521052,2.908597823810137,-1.2519237001783403,4739.5244
4102703707803680256,284.44744004256205,-12.488713715454866,16.92067,1.4804287,0.5030959487624285,-0.4978053013264046,-0.5698916677059208,4646.39
4198767007927746560,284.65669122627327,-12.507126610173932,16.921389,1.6003056,0.3097129001550732,-1.9631641625904297,-4.053861962903349,4669.271
4102690956014605696,284.5953322504269,-12.522722752427223,16.921803,1.760376,0.20348526781343398,-2.517031446075478,-5.7160193743110295,4710.2295
4102689104914288768,284.58126168122413,-12.6278335571439,16.921862,1.3652439,0.32324238619308315,-5.840281683903171,-2.0419809130935205,5049.7705
4102702333413867136,284.5120536655877,-12.548050141231618,16.921967,1.6008854,-0.037568103449194264,-4.194908353114609,-5.6750585061892185,5203.1733
4102690200099946368,284.54633703298805,-12.580365774672076,16.922716,1.4309158,0.34433515538376525,-1.7955375049379052,-2.9374323743941577,
4198768309272029952,284.68617356995605,-12.465788999764632,16.92298,1.2695732,0.4923471033003328,7.068695367212666,-7.891270940230719,5385.783
4102705219632267264,284.40364107496083,-12.486779525923977,16.92354,1.4112625,0.7336324499579652,3.5586053116820433,-3.931761878958927,4308.802
4102701160856897280,284.456646008688,-12.523187403598664,16.925556,1.2998772,0.4961491813050016,2.7557642852995654,-5.488937964364469,4996.711
4198783672401719680,284.6747745760104,-12.316557233058337,16.926058,1.2784004,0.425901144888349,2.4827958028630657,2.4647632718711927,4965.919
4102700615400786432,284.42085870568235,-12.568143071503947,16.927711,1.3064613,0.21692305488074579,1.0308162030849264,-1.9262427379381597,
4102703329846411136,284.54209343197846,-12.46434660961427,16.929764,1.5102196,0.19121061067937115,-0.3197024859512312,-7.644894760330088,4590.621
4198763636347333248,284.71477689533486,-12.55544662166182,16.929903,1.4193573,0.6136375212368381,0.4330379308860175,2.4986117997534905,5046.453
4102708037131029888,284.39770388801696,-12.396709869021,16.930979,1.8011007,0.05712626469686638,-3.8803408477175108,-6.867258187537218,
4102701027743943424,284.4413618114065,-12.554503157357741,16.931099,1.1851101,0.3995799164880447,-2.8267169340365825,-4.882034028545099,5193.6445
4102703810883411840,284.4506332657546,-12.474039033854272,16.93115,2.1033735,1.9566483045513143,1.9806296911540755,-5.458580007217236,3790.036
4198782263652423680,284.70129029974623,-12.365311288285223,16.931221,1.5446472,0.007470166738396292,-2.5424161885767558,-6.59116855339603,4931.8066
4198781782615396992,284.57765694327315,-12.373827627631327,16.931263,1.1661854,0.1499990843791279,-3.1281658995498454,-5.619002578260841,5030.775
4198767725156305408,284.63278764001706,-12.514401789134405,16.93164,1.2528973,0.4657060858829195,-2.363382327046982,-2.060449474134434,5086.9795
4198779991583175936,284.628413138832,-12.44430143373537,16.93277,1.2132816,0.2705136593421791,1.7162941502860616,-1.516981658802024,5245.5
4102705215306274304,284.4045888178371,-12.481226467165957,16.933516,1.4971008,0.8653942902568855,0.18097787226357043,-6.213728378316521,4252.5596
4102689482871502336,284.57321700903486,-12.590434131686393,16.934084,1.9430723,0.04799783459256126,-1.1811681087840658,-3.8363368082837175,4702.7803
4198767970000446848,284.6591093230506,-12.466972115132004,16.934647,1.3367157,0.42352780767317993,-1.5738685143607285,-2.3490695045931047,4391.5513
4198785248623882880,284.54402291033085,-12.310526595227547,16.936272,1.228653,0.08091908495657554,-11.679457261428503,-8.629997237410867,5686.5513
4102689719063619712,284.62385186591837,-12.578770368556574,16.936308,1.329279,0.3532776188424161,1.378204019494732,-2.441167453845258,4513.777
4102702432169905280,284.51759721578804,-12.532847162776234,16.936335,1.2451019,0.35482312584139397,1.4494125465752379,0.2845938564090167,5145.162
4102704429358243840,284.4935591923935,-12.422679926714094,16.93673,1.5912952,0.16471881888294895,-2.863094934026693,-4.948655336453703,4604.806
4102686248729729408,284.64208447927905,-12.619031850757692,16.936827,1.3338623,0.4425115245495399,-0.11409418470569538,4.211550306065951,4757.091
4198782293685973888,284.65421647312024,-12.379995413111436,16.936922,1.3871632,0.7339755883131296,-3.590888853554102,-5.496577989243861,4723.63
4102688383360079872,284.4360351167377,-12.621331893985934,16.937777,1.664505,0.1468041764750176,-3.4097246784323016,-2.427886503172685,4534.9336
4198785145544628992,284.5284496878547,-12.31767499168205,16.938023,1.6387024,0.14085083925272024,-0.7743457356774746,-4.947015942303684,5025.4307
4198767179726394112,284.72064773556826,-12.510584136338643,16.938957,1.3320236,0.5820299182298521,-0.23078363707036573,0.1475961250866446,4994.9307
4102689276712967040,284.62389671235144,-12.595086943004505,16.940031,1.222395,0.46716974698341046,0.6639328569912022,-1.6487805089158365,5299.534
4102707109417988736,284.41262971526595,-12.426912541101817,16.942665,0.93395615,-0.001519883030624974,-3.720769085667867,-7.711594691943563,5917.7124
4198783393197883904,284.6124480157202,-12.3309524537425,16.942791,1.8866844,-0.054145207806102845,-2.239578442977658,-5.271021393668427,4870.547
4102700581067383040,284.40038785582675,-12.57597444455166,16.943638,1.81775,0.021212454451082195,-2.731712911588345,-6.057650388588236,4685.2803
4102689345404496640,284.61588752964025,-12.582366652026947,16.943823,1.5391369,0.2645238587722441,-1.8733985074203063,-4.572349545588713,4349.5103
4198780747497641728,284.6134062359442,-12.398789754758667,16.945051,1.2444515,0.4041366720170987,1.260192420329133,3.1136905769064995,5145.9673
4102686459185724800,284.6766009016472,-12.601707554910252,16.94826,,,,,
4198784252191022208,284.5190105060609,-12.3879288811027,16.94882,1.5359821,0.9673801722156274,-4.4108302058866595,-3.7639704327231556,4081.016
4102688413393130624,284.45303035836605,-12.629579809251991,16.949617,1.7186127,0.15333443807473765,-4.310915145031422,-6.25958721574958,4422.344
4102685630254375552,284.691720583283,-12.625082369140237,16.950136,1.2871456,0.38127438182448675,-7.499672971061293,-3.8182002253361924,4906.336
4102701130823165568,284.4528292267845,-12.54157225723015,16.951178,1.2362995,0.3115706028071418,-0.8017523416864673,-0.4029406590209279,5162.0586
4102689860828562048,284.6399570696142,-12.558852270307087,16.952036,1.5233841,0.9206042887138052,-0.31031609973741175,1.8589201363940702,4351.808
4102707242531768704,284.449447116138,-12.435907826333922,16.953394,1.340517,0.4864407518445403,-0.340715966616272,-0.3899718631555915,4914.218
4102702161615467264,284.4193695333985,-12.508255453002404,16.953512,1.3175259,0.18517279385741808,1.9221018065225501,-4.0403096377491785,5261.4746
4102702711371071104,284.5068679811576,-12.516523168182012,16.95358,1.194685,0.20922416527817356,-2.8418785401709052,-7.701451416257731,5035.516
4102708651300617472,284.39942032122883,-12.36383263539587,16.953955,1.2647247,0.3302579285874239,0.5170275624198021,2.857651278014697,
4198767278479755776,284.7204988717156,-12.497839090569444,16.953976,1.4300327,0.3219105891395298,-2.4040057090684304,0.8168102919356732,4529.181
4102703875277196416,284.44309358950346,-12.45874512042362,16.954536,1.3409863,0.6124664789845499,-4.233668412992492,-4.43973165870915,4929.3057
4198781400332712064,284.536180845624,-12.39075593109712,16.955244,1.4015923,0.2766636627707631,-2.451400966234856,4.845095332369623,4650.8535
4102701989816743808,284.42957087216973,-12.511826553944742,16.956102,1.3896294,0.6228005540421037,2.9255814576697663,-6.656054036712484,5140.625
4102701916771170176,284.45246692176613,-12.518440732735424,16.956322,1.276844,0.5550322900388939,-1.021779301282995,-1.5215712549505207,5091.271
4198784600114027392,284.47775770288996,-12.356576763528524,16.957054,1.7291698,0.12171870191899174,-1.5946945085849276,-8.791359142345577,4807.667
4198767072321309824,284.6837920451396,-12.503255808692044,16.958456,1.4372368,0.30926785552776404,-2.4278649556289857,-1.203152935566262,4416.4414
4102704360638706944,284.50560024519854,-12.436505928536235,16.960695,1.2885132,0.2939748320855186,-3.5551948502355524,-0.4651909805714731,5095.289
4102689925222148736,284.62003406061075,-12.5677700490099,16.961426,1.2940445,0.3055378004724576,-4.3317174108524155,-7.218947296558783,5044.14
4198782023133474176,284.6829365417659,-12.394519531097412,16.961933,1.2558784,0.574229802029362,6.118566039753336,-11.047772974970105,4599.2935
4102685737630844544,284.70909509043787,-12.609619392414546,16.96235,1.5151958,0.3750965261070871,-0.4810355941047505,-2.482627004588711,4562.9478
4198786210696637312,284.46947520747665,-12.297259583266213,16.962622,1.6827011,0.21185387369720785,-4.053197213638092,-4.189182463459504,4626.0215
4198784462675044736,284.51881742307324,-12.359153110959658,16.963093,1.2087612,0.42525367245851453,-3.274306151890742,-5.667183380874011,
4198782126212701696,284.67757098310483,-12.384833043441128,16.96318,1.353714,0.5707935044762814,-1.644234043517225,-2.906331235781581,4928.4805
4198763705066838400,284.6983353799411,-12.548364372060357,16.963562,1.5490513,0.30339117777927693,-4.602323796099762,-4.470723527171387,4488.55
4198768687229295360,284.68254206508874,-12.435747118439043,16.964731,1.5500259,0.8323781459023566,-15.355078537188145,-7.513639379134275,4521.2563
4102687696165053568,284.5600145940624,-12.626796196564333,16.965483,1.6863079,-0.008013038024364882,-2.4640179556131163,-4.4214596870216045,4755.4746
4198768657195235456,284.6575262902761,-12.439181874561243,16.965803,1.6877708,0.17433644706553453,-4.826011114547526,-6.099085396251654,4690.08
4198782504169864576,284.6573356247187,-12.349898393675181,16.967047,1.6475391,0.083757456627438,-2.6029286544512336,-6.524525657501595,4758.3394
4198784527069088768,284.49106751977365,-12.359132299607658,16.96747,1.13381,0.19307031562206667,-4.01060156290859,-5.338065623638212,5361.054
4102707345610386048,284.46467585339514,-12.412229678373212,16.968493,1.2452431,0.3490855376967528,6.538776739998938,1.2714032392831145,
4102703295460169344,284.55945135868023,-12.460606698892269,16.971931,1.5975266,0.20774059304427353,-1.8370935442159957,-8.040405873177317,
4198767793875833600,284.6212477099599,-12.497309989793996,16.972298,1.2929153,0.44175588920856584,0.44644832823117386,-2.587999401138772,4804.8965
4102688658237891712,284.50151776447206,-12.604612339329382,16.973335,1.3583374,0.2721253487665024,1.4041031682314589,-4.365991136416249,4390.912
4102686802789013760,284.69056360135164,-12.577327563373338,16.973856,1.6263771,0.11322298062910051,-3.6296012032556626,-6.773523580429557,4828.6816
4102687524366336896,284.53719891619835,-12.661485311601869,16.974419,1.5079441,0.4635277849822895,-3.894141233932595,-4.406017734249516,4565.2
4102690410584545408,284.5500286271501,-12.561770677769488,16.974758,1.3146877,0.29871820240703706,-5.649956021080728,-5.532698371992621,4863.568
4102688830036619392,284.47709373760665,-12.610520304062454,16.974852,1.2670002,0.5794991006957583,-0.5300882606351491,-4.093057216136176,4998.044
4102701646193642240,284.38086765584706,-12.54239451270299,16.975042,1.6537123,0.14159503936945705,-2.620065593245881,-4.9659753766687444,
4198770164698202624,284.74048121384067,-12.403049807168438,16.975637,1.6712875,0.2656628335976348,-2.2471355404067874,-7.0004861781374705,5358.95
4198785729660124544,284.4615966826183,-12.32639280752013,16.975666,1.2186928,0.315829394579146,-0.43475349972350275,-4.901908389933658,5395.06
4102702402133397760,284.4982863894798,-12.534863052053755,16.976,1.3917427,0.3213633685177341,-3.867258503127438,-8.577893352837224,4388.1313
4198766801769266432,284.71906352745685,-12.521286704012558,16.976082,1.2664051,0.39215322678966036,-2.0325990399512324,-6.118066048809769,5137.9365
4198779858469962752,284.6047137098988,-12.458712351905461,16.976171,1.6820698,1.1410748226090541,-3.2449719946092825,-7.347525383224837,4106.4634
4102688486439262976,284.4566544674637,-12.616572234351185,16.97712,1.6484356,0.14827575668333734,-4.950031188500472,-5.054703380933144,4424.8525
4198780300824152320,284.58561981448923,-12.42721830228795,16.977219,1.6637192,0.10100432680703186,-2.8090042289966854,-2.7021519370127565,
4198768588475754624,284.6665290351619,-12.436244353665783,16.97758,1.3630066,0.5076731394488753,-2.7360059823505583,-1.5520083784305276,5159.4434
4198780923621914624,284.54572356931345,-12.430075443572195,16.978863,1.4569702,0.2563172347287055,-4.758724296178818,-0.7070569320133644,5117.6313
4102700954719784704,284.4500891043673,-12.554000181294743,16.979095,1.6079559,0.1852450403287224,-2.031745999534598,-1.5731418537805602,4486.1504
4198782912161523840,284.68849465711133,-12.335873329291884,16.979988,1.4714222,0.3464181920972699,1.204216354792012,-0.5145862259789021,4931.444
4198763739430245888,284.7137453778625,-12.547061079813941,16.980438,1.3061085,0.5775831528617323,-2.1886817449697555,-2.379953281418426,5022.951
4198767592043284224,284.72379508267926,-12.46615129684297,16.980778,1.7748585,0.07233662860664125,-2.618939967166959,-5.85232012002664,5051.7363
4198767965674590208,284.6593754107872,-12.479396086427812,16.980873,1.3013821,0.1949418110605229,-0.5802418224988153,4.595705660915248,4905.743
4198781026701142656,284.54860651223794,-12.412021732900817,16.98158,1.6687355,0.09129043702583314,0.7531005762006778,-1.9864732787554502,4906.333
4198766801769274368,284.7040502020822,-12.523472061356312,16.982252,1.0317974,0.003138778505445163,1.1744973558295777,-2.212731032226248,5128.5015
4102703291161003136,284.55001951776194,-12.466904252598443,16.982521,1.3193741,0.5643706865925453,-1.4945147019267018,-4.623352980892842,4841.5425
4102689306746595328,284.60909970887843,-12.599509522361846,16.983711,1.5843277,0.11988298792359987,-6.027971846481135,-3.364140547954275,4713.491
4198781679536171776,284.60400456199164,-12.36175603289068,16.983759,1.6914043,0.06565312240361933,-2.5148404380913014,-8.060171001672098,4775.36
4102689100587962624,284.59086386283826,-12.62357729785376,16.984617,1.3141918,0.30458912207285327,-1.3456225393920882,-5.020981728572283,5154.9956
4102690685462524032,284.5327542403548,-12.545362156341412,16.985083,1.3342743,0.6206780113167563,-1.0823472989278997,-6.7192888346327555,4948.931
4102700782899494784,284.4763464640707,-12.562885804558134,16.985394,1.3369274,0.08234436469594544,-1.352736623396662,-4.822531581365273,4848.237
4102707143777695744,284.4327006645374,-12.424050194766075,16.985445,1.6896095,0.006417188050426787,-5.897770906762787,-5.169855862024378,4826.925
4102707276890841216,284.4659263767088,-12.427524218940794,16.98607,1.5418186,0.14332591117336835,-2.73996542452101,-6.543496586447651,4594.983
4102706697101004288,284.4141431680207,-12.482596245757042,16.987028,1.7456436,0.0018998603713178013,-1.9236273457552815,-4.250610557039944,4825.735
4102688692597571968,284.527054152212,-12.609562623705184,16.987282,1.4025383,0.5785583170974109,-3.3495507619567157,-7.149113049595188,5062.978
4102707315576371712,284.44703904761036,-12.418035998840141,16.98795,1.6135321,-0.12001687268915509,-2.05683362366926,-5.6566141911090995,6187.7837
4102706765820535168,284.4025088966815,-12.468022299615484,16.9885,1.7150764,0.020266209969882626,-4.764824057080352,-6.806780304745474,4686.3276
4102690238785788800,284.5666829926726,-12.577894706932573,16.988758,1.7749233,0.04003719802316069,-2.7360512871843183,-4.032070263200699,4944.923
4102702367781249792,284.4832438259381,-12.538935098476795,16.989187,1.2673168,0.36128964254077484,0.626531702179887,-2.9362403306229865,
4102704394998435072,284.5187842343125,-12.427872590555953,16.989264,1.6387691,0.11806258513145496,-1.357764440475507,-4.231213461951188,4882.685
4198767248445877504,284.7116080254967,-12.50863324331184,16.989525,1.7143078,0.034952287492747224,-2.748213971949304,-5.560231462173889,4900.5615
4102703428599800832,284.46801268635755,-12.497399608317979,16.990538,1.2560978,0.6965605896564357,-1.3328028561771865,2.311345609172039,4781.443
4102700684146450944,284.4710109818047,-12.573294414005225,16.991077,1.3280506,0.4372470841531917,0.15928521714537275,-4.712472161758221,4801.8057
4102703634758336768,284.4760499511587,-12.477066683884873,16.991163,1.4368649,0.00838475213021018,-2.572751581738489,-5.430085503083341,
4198766836129026304,284.6859731925656,-12.519699057126468,16.991602,1.1816769,0.06705759515035184,-1.9522592308593194,-6.354483136301211,5966.5522
4198763709392811008,284.69906934103864,-12.542790410916304,16.991842,1.4871101,0.1735246041586292,0.015421645757809216,-4.960481969458536,4648.5693
4198770302137188224,284.69432920398924,-12.396764083913792,16.991991,1.4426117,0.4728698263164197,4.146881821079098,-3.985721731025515,4973.258
4102700890304895744,284.4817201478366,-12.55720650619002,16.993385,1.3113766,0.2451478939350267,-0.0699385633807533,-0.7712282452017568,5096.173
4198767729482256896,284.6404317442268,-12.513606290490996,16.993404,1.583538,0.11930237506634388,-1.2382017554763873,-6.1447159682344825,5024.1562
4102688138518670848,284.4773077392424,-12.648631002160888,16.993801,1.8495998,0.23036601507550816,-3.6601266996484245,-5.617171030538389,4690.183
4198781095385578368,284.576885967358,-12.40649479277781,16.994516,1.8052664,1.2783853176255064,4.286342001002041,-8.563893276584215,
4102702226008961920,284.4013725546469,-12.494725241597878,16.995602,1.656517,0.16382221410691036,1.3104399750540663,-5.293074273042081,4576.992
4102702367773675904,284.4860889357003,-12.540008180146998,16.996979,1.1349392,0.3151041729502453,3.0375986068553624,-0.29282176010103445,5145.6455
4198781473378309504,284.58746377963274,-12.397257816016054,16.997236,1.3066711,0.08922559579403946,-1.8913389665669875,-5.74705313664635,5110.262
4198768171833098496,284.64758080279665,-12.46093934026203,16.997564,1.3101692,0.29334491678151,-3.945147956879995,-5.712847631097927,5061.2827
4198780747497677696,284.607255959663,-12.392483824569934,16.997635,1.3525143,-0.057853919890234654,-3.172182074510451,-4.449505736792495,
4198785420422376064,284.4531366276917,-12.342855668396838,16.997738,1.3120346,0.3769617245713389,-4.533194247375047,-2.9897054500030857,4653.3184
4102702333413873280,284.5181436282157,-12.539660770604657,16.999199,1.6299915,0.09468950550253609,-0.23986981851479686,-3.819536450588958,4602.8574
4102702814450345216,284.5068030896265,-12.49262182336373,16.999758,1.04109,0.013111145878675859,-2.7307286352324587,-6.298633950260166,
