source_id,ra,dec,g,bp_rp,parallax,pmra,pmdec,teff_gspphot
5408351706809589888,150.2704440157935,-47.35264323223575,8.029373,1.2026792,2.9997983607823917,-40.9430292635333,23.930835544195645,
5408353287357319296,150.19059825322006,-47.35461719706188,8.685282,1.5532846,1.5778478538998983,-1.6589081077477563,-14.711307110094108,4400.988
5408336313646968704,150.3282184391235,-47.53258255227373,8.88068,0.77032185,4.436261612663271,31.92076191584309,-14.369244845043141,5766.9194
5407972267913336960,150.20567216791386,-47.60418888528191,9.154624,0.20423126,1.4615609906099956,-9.424913843353476,4.478977744327333,
5407975948712842496,149.90786164923847,-47.52133148974028,10.038999,0.6369238,1.848526929052717,-2.7976647956630627,-3.9780861498602533,6624.581
5407961070945561600,150.25502658954977,-47.57852868024781,10.363574,0.5528002,2.5240041501853363,-11.720622290466393,8.376976646834851,6853.286
5408350779096645376,150.3046143958248,-47.390582378533786,10.469231,1.4792051,1.005642651283536,-6.3739760962564995,8.618014578964,4811.2417
5407969695233988096,149.870457918079,-47.5947145264338,10.629484,0.23211479,0.7059353298661339,-5.323843058442744,3.5665457050710785,9386.222
5408350023182374528,150.2308446622525,-47.418232513508286,11.019485,0.5985985,1.8559177918569447,-16.956366050970892,6.049306140194515,
5408349817023933184,150.22999141448818,-47.444045796980056,11.160287,1.1887102,1.1321513861018868,-0.29149205251841503,4.862066740254916,5412.997
5408353665314404864,150.06012143594788,-47.3969459615377,11.206099,0.62820244,1.1251740106029704,-6.347197351409759,4.485287206180368,
5408354455588567680,150.1084165055307,-47.29846551621931,11.235376,1.6780787,0.4165537669576418,-5.43063735344855,3.67664930338218,4087.6443
5408164136997911552,149.91051600740315,-47.45667946995949,11.3224,2.1404495,0.28023658311498034,-2.85142497062812,0.4928661300010837,
5408166679618447616,149.92476572525663,-47.32640539777082,11.346749,0.7754326,2.5354272954541095,-43.906046341485826,28.101033319145927,
5408166851417113344,149.85878562269517,-47.36556886725484,11.358402,1.407403,0.8150717929614588,-2.4850380603609663,-0.6190071920400582,
5408349920103155840,150.20922634075774,-47.41620579591358,11.662388,1.3307495,0.6866275997334316,-6.658955365124482,4.223280399843971,5388.8823
5408165060406661888,149.7772302553343,-47.41877305854476,11.667205,1.4683962,10.233198769494651,-21.418644990781527,16.01018509668481,
5407974127645896960,150.1146503253685,-47.502626640091556,11.719687,4.4054804,0.3367569071929335,-4.384781234337081,0.050573168090253334,
5408350882175993472,150.28825892273287,-47.36939165702579,11.763657,0.6190319,1.2669224913316306,-0.6341150139682923,-1.1744628942531352,
5407971585025184512,150.0981266644092,-47.635612255629106,11.797248,0.86236095,3.2778004233967493,-64.91783550702294,13.011557422727677,5816.392
5407977975936350080,149.94086783205455,-47.44723105441028,11.842455,0.94800663,4.2014949048388095,-24.99622721350868,6.454851761417055,
5408354043264350976,150.02365155732184,-47.35413034827754,11.930574,0.7201128,1.088127291111963,-8.60515124996678,-5.972747051043031,6581.0327
5407974127645897984,150.11319557701236,-47.49986567460094,11.932391,1.4416351,0.6885689483249003,-25.286148360564987,23.750917930027775,4747.0522
5408165167789901440,149.80641247428767,-47.425485200927625,11.936365,0.8428221,0.784065647230587,-2.0298068250760477,0.5918647016894342,
5408165442667807616,149.78216841988834,-47.41561568009862,11.97546,1.3033361,0.43382874245916914,-8.346479988314508,5.482998628086113,
5407972547097900928,150.176504961295,-47.59139597813149,11.980883,1.4751701,0.5245410883344868,-7.222589712437136,8.224775354868779,4559.342
5408349232908397312,150.26670669345515,-47.42122186555762,11.995118,1.2803183,0.6693797496900921,-7.9096164143507455,7.050314706218387,5080.867
5408351775528835584,150.22575686866162,-47.353841748652016,12.040409,0.48533344,0.5896741992489284,-6.3618610561076006,2.704332917907397,
5407972856335582976,150.2546057338961,-47.55828580385239,12.053629,0.39691544,1.1281104120434982,-7.206381239510696,3.874227019105769,9444.619
5408348408274645632,150.26661418084322,-47.488415233564865,12.06159,1.5663271,0.4227976314450889,-6.95689780794848,4.844358498049793,
5408336893468292864,150.3228436444829,-47.522768926559195,12.079996,1.4357548,0.5020693458187933,-7.888934436138092,6.396364868288677,
5408355928755707904,150.10589140507358,-47.27724837171232,12.093585,2.5203314,0.23272064959474878,-4.542856118343721,0.9353445938702363,
5408165064702227840,149.7772081662454,-47.41898815962217,12.115727,1.4716206,10.350347276036494,-29.35279904426517,14.010063791656293,
5408543326767605760,149.96720722403435,-47.2588685093683,12.21158,2.663597,0.22820999824342103,-3.338535938733273,1.2031043845222005,3574.851
5408353179975392128,150.13893169373685,-47.371754119142665,12.243185,0.81685543,3.00531728189377,-17.399531730374854,-1.2140577101135945,5749.5806
5408351741169313408,150.23291473816099,-47.370332527451176,12.387324,1.5219774,0.7002584866735727,-7.15369895911811,2.1763260600402736,4650.261
5407969523440652416,149.9038337848207,-47.61241419933073,12.423952,1.7265577,0.41265676866443374,-6.375412345609973,5.800206074326465,4527.3564
5408541922318493952,150.00517054544224,-47.290439271294396,12.441954,0.68107796,0.7625976442421195,-11.080734866949358,7.328771551491691,6805.91
5408337069561240448,150.34844785947473,-47.48595830346707,12.461256,1.4549532,0.6068749208594917,-9.97408567232572,4.200161363162072,
5408164446235558528,149.89291126145847,-47.43589302329214,12.4777565,0.8080902,2.445608990018421,-18.770442000541525,-5.709931136640279,5691.6514
5407972306579740288,150.2215700556779,-47.59884787989372,12.489713,1.5089216,0.3221236211163247,-7.899974386594078,3.9576537259383855,
5408353764090944256,150.0436227470202,-47.37080398838954,12.505849,1.5558262,0.3928859274954979,-5.587227138276059,2.418865088617123,
5408167057575543424,149.84873631449418,-47.360842111352305,12.579409,1.3866024,0.5112952905743984,-8.299111138724212,5.2458698082031106,
5408167293789650816,149.90428230306284,-47.35223160978741,12.600319,1.3309383,0.44492267482465164,-9.60885321936625,5.1311938566635895,5168.379
5407977460540294784,150.06262717974624,-47.44524357651274,12.607454,1.3492327,6.153054194455867,12.012662524233352,-0.5428069342164161,4539.467
5407975330236483328,150.01301030407717,-47.52371189593021,12.621212,0.25239563,0.7677327892922402,0.42727114084945406,-10.225549519903211,9008.254
5407977323101350144,150.10876378003803,-47.43988781704495,12.647242,1.4210529,0.47236388129126217,-1.3717335811295448,-0.08878291061111153,
5407976047484555648,149.95002282332234,-47.536908929650835,12.697937,0.83505535,0.8656776934427318,-11.328526958403737,2.7485899253681128,
5408351535011021696,150.24414419802582,-47.376076355358855,12.702575,0.31492615,0.714728049828805,-6.359350434007777,3.8208454122277518,
5408165477027552640,149.78952836127505,-47.40216831935639,12.758652,1.5056877,0.3907757816676541,-4.4061148192548645,1.2511128495278752,
5408157917885244288,149.80300462357803,-47.5210891851012,12.776529,1.3322859,0.40988264631613525,-6.267562811739166,1.851404908944474,5782.704
5408167057575543680,149.83610012489024,-47.353863147461496,12.778635,0.7476473,0.6987809989460161,-6.280578473320078,1.2553308403628924,6844.721
5407969897094906368,149.87459434271724,-47.566697283887436,12.77997,4.3398695,0.14208780956192515,-3.280765410807705,1.836317925716172,
5408167534307815808,149.9021553347318,-47.28552665497008,12.786722,0.671443,1.5237088502597822,-14.942805078804849,10.018712516294215,6457.8955
5407974746121110144,149.99036633994038,-47.59150607721281,12.808008,1.4413795,0.4995002819139043,-2.789299314354868,6.622339797929731,5055.082
5408350194981063296,150.18790832734453,-47.404793730005295,12.8595085,2.2730627,0.08156265112753101,-3.1251009399729095,0.028898509929411054,
5408349404707056768,150.21733289513668,-47.468018036295156,12.8861,0.83991814,2.447394233035856,33.2136838564941,-31.941671187753165,5522.082
5408164201413204992,149.89763697802525,-47.44962108819646,12.904803,0.9766865,2.6162999197478416,-13.177949977935619,-3.2748963201082484,5385.2007
5408352771961213312,150.13032413386404,-47.40843793141875,12.919809,0.87281036,1.9305244998603763,-29.762083696446197,11.120040242665741,5441.728
5407976189229937024,149.9629086250577,-47.51381027379573,12.943537,0.18564701,0.3160081331755231,-7.05420781479004,4.436501983132784,10822.6875
5408348992390209152,150.26885764033975,-47.46876586881481,12.947198,0.8697405,1.2808576862067977,-9.917257569407138,3.6286549761681055,5935.9917
5407971924315953024,150.04158917867662,-47.60310397394912,12.950749,1.328825,0.34968832723616855,-6.971313053299306,4.1185997336467155,4907.688
5408349679584968448,150.17751864450432,-47.44118763761305,12.951413,0.21183872,0.5992023622566881,-10.85011400113384,9.284537940326338,
5408354111991025920,150.05890195101315,-47.32852208823101,12.968049,0.56807137,1.0026706095214415,-4.052913255677814,0.5462111421346767,7424.48
5408165889344578688,149.94419409003868,-47.391290008793106,12.98211,0.93926525,1.2340427967092384,-19.056671052603406,17.49384238528392,5580.555
5407978560051927040,149.98918938443177,-47.39632238285599,13.001146,0.822834,0.8522556489574854,-6.765588360591686,-2.799966529119088,
5408348339555168640,150.2920139622821,-47.50234479773487,13.03496,1.2437801,0.9079988102615492,-2.413915418801891,-5.311531579399846,4985.5317
5407975330236480768,150.0196509080893,-47.53292484091091,13.035924,0.81405544,0.8636565664419159,-4.339915834064784,0.8525430843657142,6176.0723
5407971615078309120,150.09666944238901,-47.62790517942589,13.037545,0.6437359,0.5291359563452076,-8.766735917311648,4.728789012300846,6983.2993
5408348202116195584,150.26551447182737,-47.52851059950037,13.055188,1.6898022,0.16180644702881963,-3.0444389918411687,3.420909188610498,
5408356001776672512,150.13852580186253,-47.263911314910054,13.104856,2.9861727,0.1016470809413224,-4.3577566620822425,2.8952998086941113,
5408351466291403008,150.26332403394372,-47.39120216661936,13.182876,0.7966919,0.8586270685644964,-4.987813081395533,6.352318436574355,6218.883
5408352771961211264,150.124247914168,-47.411682842604975,13.198716,0.9019575,0.8532659233251378,-13.607239171708079,5.174705915580774,5839.9375
5408542059757435648,149.94612263832786,-47.29469552587762,13.205296,0.7912531,1.0384041483876487,-22.22725035820035,14.358068793558502,6382.9443
5407961105305303552,150.26999220496555,-47.5756380512945,13.219653,0.8462572,0.9209216375049177,-15.611951483135648,2.6046871409375103,6157.1445
5408351771227178368,150.2329160274653,-47.359659247998344,13.238945,1.6002121,0.30937526328837195,-5.468635424330094,1.7685768768268502,
5408163930839303296,149.82404159001908,-47.47281010177836,13.266875,0.3075676,0.5179426497268913,-6.93931408928718,2.473713817293368,9227.531
5408164308796600832,149.87965391670585,-47.45827763311555,13.29464,0.84513664,1.760683098792462,-21.457897201026217,8.88397472093132,5773.445
5408351741169312640,150.22291993908388,-47.36670344341612,13.299503,0.80816936,1.0983855645406588,-9.641708966251572,9.74000406784469,
5408164652393802240,149.7869278897859,-47.468615359196775,13.322581,0.841033,1.132682257038767,-15.136671278828423,4.252612496872118,
5407971000910575360,150.13972195331445,-47.615407033351886,13.338837,0.9357977,0.8447702164875888,-12.45473669864637,4.91165727241442,5842.2207
5407977975931028736,149.9410445503573,-47.44743446939917,13.354527,,4.234195371076464,-25.47831238796812,7.275812771540059,
5408165442667813632,149.77990250238355,-47.399803872606554,13.375682,1.3020535,0.3166248371202201,-10.187138392840486,0.4624431689048828,5395.389
5407978044656900352,149.98376033049638,-47.45367352988805,13.396545,0.6346321,0.5424140063655053,-7.708191404830189,3.3673078192198185,7506.393
5408351741169308032,150.2248203528442,-47.375544476568344,13.397984,0.5623388,0.48276052990020957,-4.707038816801573,0.7591864151957772,9739.376
5408352806320956288,150.13752631000656,-47.39980898662303,13.398768,0.806303,0.7076849134486443,-7.650054131600223,5.86565115530467,
5407977701058436480,149.98435552715824,-47.49050956060145,13.412502,0.9060774,1.0411932164784208,-10.170594584346407,2.5680821647288803,
5408542059757437440,149.95775641240547,-47.29511141166949,13.4399,0.7282963,0.4144326463406497,-6.810219220889785,3.7355793064954717,6825.6665
5408542162836657280,149.961974308776,-47.284606634120806,13.445845,0.9137211,2.2559649899370156,-11.053009333310749,-3.259904430777169,5552.258
5407972237860245504,150.18689440190172,-47.61280002675519,13.45764,1.4315643,0.4236356491442611,-4.628118506104852,3.6783880470763863,4579.591
5407975879992277120,149.91485362060945,-47.52821411493929,13.48323,1.430872,0.23393931489571101,-5.4410353641917,2.265078766593716,4646.508
5408165786265360128,149.95214154666385,-47.41803054287064,13.49415,0.7746258,0.49386011949393754,-12.477640330595408,4.54682731288419,6470.465
5407976292309152896,149.9371588439886,-47.498350198834224,13.549507,1.2506456,0.7769119312876681,-4.61309658822563,3.012631952698348,
5407975261516994432,149.99517077355978,-47.546531079841955,13.550111,1.4025984,0.27327006726047853,-5.896883914992233,3.800654247878592,4667.6943
5408353802753370240,150.07221201291472,-47.36494752825021,13.551194,2.0117626,0.14913439711727472,-4.8157454080668645,1.9743218321357352,4681.185
5408354730466339968,150.07091297058247,-47.2686012882558,13.557812,1.2812586,0.26463232966150707,-5.244764217390703,4.034122033985239,5055.5566
5408542403354849152,150.0551768515747,-47.256844669825334,13.56391,0.83918,0.7972421868911411,-0.35929247367599504,-4.420085125471862,6029.6426
5408163724681031552,149.83563101962247,-47.52115825593426,13.574608,0.9231863,0.8704280499789006,-7.021397985711032,7.190460482683369,5962.037
5407976842064979840,150.04036889048496,-47.5099238558817,13.575645,1.3138523,0.27088585800182824,-1.6348203152724257,4.684086246455388,5378.4023
5408348992390211840,150.25879523234346,-47.45877384769481,13.587144,1.0249281,2.6814872428130556,0.9246050678263633,6.9442723395644075,5418.8867
5407969626519873408,149.90628383634103,-47.590380170918664,13.609816,0.88460636,1.2424090162483516,-25.356461572736382,25.101697959601353,5607.925
5408352359644407936,150.2482843068276,-47.30911648049792,13.620997,0.7405586,0.8647344944279942,-8.550896224433721,5.0108812059004375,6615.96
5407973165573232768,150.18949183868747,-47.51918201158267,13.622105,0.79119396,1.0788504064304552,-2.758443240058095,11.036424897848294,6224.71
5407971275787531520,150.08087563500155,-47.64009193689127,13.624234,1.3542681,0.253543558721295,-4.361279281368918,5.777822472238796,
5408348339555163136,150.28538151173768,-47.511119683920406,13.626678,1.1789465,0.6676801135981857,-10.934794175389914,13.389234155780406,
5408349782663979136,150.1626533575156,-47.4130933852494,13.634068,1.9941006,0.08777293732403646,-2.387027113683419,1.4822377968975062,4700.5117
5407978422612979968,150.0374625525922,-47.392508961802996,13.643981,0.8810005,0.8006111166252528,-4.330460180839112,3.894003508382193,
5408355348941653376,150.23013954156005,-47.28383488178283,13.646392,1.5387344,0.14983590072988598,-3.5672304884692267,2.996497692869821,4740.167
5408355898697453184,150.1422632839311,-47.28055475800518,13.653838,1.2193747,0.1988900567974768,-4.778442499338213,3.8620830539588065,5744.8794
5408351569370624128,150.25211830449095,-47.37461087295711,13.726805,0.8447056,1.4591825172928248,-6.509758120575157,1.9626255749777965,5828.0684
5407977494900038400,150.08075348449742,-47.43854327293498,13.731453,1.2810879,0.26969934165599285,-3.1197152911653894,4.049507666639571,5816.1367
5408157539928114560,149.84495099111518,-47.57107177011033,13.732095,0.78438187,0.5519869633193337,-9.496906292918442,6.117203988518176,
5407975914352013440,149.89841833375527,-47.526366694186116,13.747397,0.54694176,0.49582266826160937,-1.5394479980154818,0.8257939761978239,8301.951
5407972547098191616,150.17580357949726,-47.58957003424394,13.776388,0.71636486,0.678027691979555,-9.504645201273007,6.352694647468782,7025.2695
5408157574287903104,149.850234631952,-47.544651775353586,13.785398,1.4923086,0.29459035418307944,-4.75230150143856,3.5144239148058394,4645.7065
5408350607297957888,150.32554250017452,-47.38985018287077,13.788198,1.4325314,0.24321162612281894,-5.042691579898324,2.182155131708646,
5408352771961215488,150.1332409157389,-47.40384061282037,13.792357,1.1255722,2.0921125828894143,-12.7458204876013,11.725605255672559,5012.5747
5407973509170571136,150.09741409429463,-47.559231747908946,13.80618,1.4275379,0.29574915884488434,-5.858850072407073,3.688743052939822,4730.0083
5408353768396798080,150.06076533351742,-47.37388924452044,13.822876,0.7967787,2.440041784611626,-11.706019834189348,-8.819248809522449,
5407976189229938432,149.95484967680014,-47.50516866703268,13.836313,0.8352089,0.963984012386799,-13.015033671433118,27.877299593557787,6344.613
5407978147735055232,149.96604231209238,-47.4194614598239,13.836789,1.8155861,0.09909988516030681,-3.238474584220301,1.5958033862658976,
5407974157707433984,150.11373243161026,-47.494234196728,13.840801,0.9313822,1.8138014020644637,-16.162761982879843,7.487112918725624,5655.739
5408166507819746176,149.94354136353175,-47.35949610914713,13.846428,0.60451984,0.4040042155598122,-5.162177510455421,3.32817431732542,7675.1313
5408350572938212736,150.33137596542525,-47.40972809918726,13.855734,1.1993866,0.5932363257793768,-7.084783823826386,0.38278658176989455,5847.6016
5408337069561006848,150.34557132207343,-47.48009174446621,13.857492,1.0780029,0.6570472009950387,-1.098872668387429,-1.2272215769876196,5609.169
5407977357461073408,150.06179881089258,-47.46413036657012,13.8651285,0.97690964,0.6756700422663894,-17.36443368309359,9.225044616037557,5925.5957
5408353802753369728,150.0754175347603,-47.36665587704794,13.870413,1.3793449,0.6814562574225792,-11.235790725444584,4.544538685952923,
5407977048223421056,150.02654377701086,-47.46867649502936,13.872349,1.3268347,0.23560966921705842,-6.243777065013798,6.870431087584548,5076.298
5407978182094794624,150.0282237358723,-47.44660180823377,13.87437,1.45819,0.29183842870877286,-9.01004216715632,4.019600700054168,4720.395
5408350744736898688,150.29094477037887,-47.40133109013106,13.883283,0.72044086,0.7996598428875045,-2.652501628780997,2.7395373270603143,6793.6885
5408338615749243520,150.3427818778512,-47.45249337200476,13.91734,1.477871,0.2706702207865024,-6.794905534938321,1.7184584096905011,4881.707
5408352943759904256,150.09291910692053,-47.392844979937536,13.920683,0.8981924,1.2985772061241994,-8.645560124551654,4.755213699818302,5511.9814
5407976154870207232,149.9881768034374,-47.498830951858494,13.925171,1.3176508,0.21409619272233085,-8.477892619082906,2.1195466169726913,5408.8027
5407975124078052864,150.03268966099552,-47.53347059132191,13.942428,1.596014,0.2965335487764149,-5.196503739278352,4.03177752180026,4475.408
5408167435532691840,149.9182519361037,-47.32307376603222,13.949408,0.57318306,0.49435196474943693,-4.51489811741688,4.593564682683695,7925.739
5408348992390208640,150.26232618796004,-47.466868209826046,13.950827,1.4471846,0.23788346850524272,-3.9995685550679485,4.013235403696805,4772.7627
5408348992390209408,150.25550665950084,-47.462074154443116,13.981823,0.70295334,0.5625903143921903,-5.871774686273694,3.25603693390588,
5408350298060068608,150.18825945384484,-47.38703927259218,13.983343,1.6303692,0.14104963470853726,-5.062212966765769,3.0714919508950342,
5407973337372788992,150.11302697384704,-47.567418078078354,13.990381,0.8412199,1.2258920088334768,-8.463612406218429,5.150664584064092,5983.7866
5407976292309153280,149.9424608118194,-47.500087687764996,13.994145,1.3615885,0.211649695694684,-5.505669254819474,4.580784390534086,
5408351638090117376,150.28654468474082,-47.352949674549656,13.994785,0.93420315,0.4328860696524271,-7.883325734049095,4.390617115465922,5990.413
5408352875040424960,150.0995300458895,-47.40509199048023,14.013219,1.583724,0.13285067848561774,-4.844288692970908,3.6231296668932584,
5408163655961563264,149.86357294628604,-47.49530467429221,14.02469,0.7219095,0.8691967032632897,-8.733798316440105,4.708522854856932,6606.574
5407975811272790656,149.89202193450953,-47.547973108735,14.037199,0.87749386,1.4465355312272044,-8.070863458557627,9.556676759242093,5495.5205
5408166267301701248,149.9442760140667,-47.384885771107704,14.04394,1.4164906,0.20883810404390815,-4.178709655210159,3.326626688649029,4797.769
5408356139215614848,150.09796130314243,-47.27680107146097,14.069251,1.3495226,0.20994093119710808,-5.061898084270421,4.49574687409487,5543.0576
5408167641691112192,149.84585220048123,-47.3125782381185,14.074139,1.3129101,0.6524105778518187,-3.0495740629118697,-0.8627649119368486,5014.193
5408157849165765632,149.81322006302352,-47.53012367385076,14.077723,1.4265261,0.2846584812364922,-4.4588274813654625,1.3836064213017754,4841.1226
5408542025397695104,149.95286258079238,-47.30405555417214,14.082742,1.3936138,0.14686989812051462,-3.844105468568592,2.545080442772509,4614.2095
5408163862119991424,149.8473506962463,-47.49951919143987,14.085282,0.860075,0.9904332008516495,-10.000574008245362,5.323316946073536,6294.3916
5408349095469430528,150.2557956110289,-47.44963583961466,14.086908,0.7736664,0.5205117054787023,-6.354175684171565,1.3581437215834677,
5407973543530312832,150.098442777565,-47.55384424149332,14.087788,0.6356697,0.4313135926058342,-11.426883647583596,6.981752119777599,7780.9126
5408542231556141056,150.02808454767055,-47.29716835564719,14.089326,0.92534256,0.8259002812679809,-4.115891391374728,-0.4300274919447816,
5408167160654763008,149.84261524042512,-47.34161237494339,14.090744,0.873085,0.5310797324115551,-2.664922991932858,1.5006232275527722,6231.2197
5407972718896617856,150.24501824096217,-47.578883581844956,14.127704,1.6616592,0.11006628985069149,-4.423099202329224,3.046276870477384,
5408353837113114368,150.07956414644536,-47.355098841519315,14.144154,0.95124817,1.109778270594613,-2.697611435008003,3.4878513586079576,5349.8965
5408353287357314304,150.18482988924978,-47.365201355398014,14.150624,1.5327702,0.1430952858052004,-6.056519961644407,2.7903112825681893,
5408164205719685120,149.89383807167277,-47.46228448221136,14.15607,0.9097872,1.0228054334502326,-16.810046496867436,6.875863285823528,5707.3896
5407975398955962240,149.99997335533536,-47.507983353392795,14.159165,1.3529091,0.1909291217448295,-5.773619723665397,4.3849805877370756,5186.5586
5408354524307894656,150.07063841494204,-47.31441402767379,14.168819,1.0294056,1.1889705575798928,-9.810923709978294,0.3745895410961084,5317.5674
5408354558667629568,150.03520289203956,-47.30582319595462,14.181158,0.6728859,0.23289900505708697,-2.4690430590943544,0.08579509565733648,7339.853
5408165820625099904,149.95504668489264,-47.411084140608054,14.19231,0.9879408,0.8993388001776722,0.4861120240886153,2.4546451627888723,5516.292
5408165786267654528,149.9467372369569,-47.4233591471396,14.1956835,0.8758869,,,,
5408349782663980416,150.16494067185556,-47.41086099934353,14.204699,0.8363848,0.5141879606118976,-8.086861778215697,4.235406226432665,
5408352084766719616,150.27911798805343,-47.33802669691586,14.207624,0.87046623,0.8885870887491302,-19.091224834415417,6.3761399314080585,6010.0586
5408355864337707520,150.1238584148507,-47.29041286331297,14.213689,0.77285576,0.8895562231562634,-12.560620698616574,3.960567655068658,6454.5747
5408166851417250304,149.8639839707612,-47.36808363245475,14.218527,1.1975775,2.674130325216178,-31.753476232568552,49.25704572900432,4870.6353
5408352840680684416,150.1021919854255,-47.415704948998545,14.231805,0.92773914,1.6733682761036266,15.458241449344385,-38.26265172155101,5760.667
5408354352509205888,150.11276532405284,-47.326106132560305,14.240217,1.4439602,0.17823697082303333,-5.6876748058732485,5.007815024628545,4942.32
5408349885743413760,150.21354206949192,-47.42788492384872,14.246437,1.57094,0.35170183508851127,-4.438642304112379,2.905006237230496,
5408166679618444288,149.93735696182557,-47.34059642905502,14.247989,1.4945736,0.20610441879192923,-5.940393228771495,6.168484374453287,4725.0693
5407977769772605312,150.00832944497148,-47.466707615206964,14.2492,1.1460314,1.8962712766641119,-4.083767780162606,1.1970560240492256,
5407978182094793856,150.01874908249366,-47.444029038963144,14.253379,0.5421457,0.3517102558593971,-6.875046030572731,5.240944660290727,6762.484
5408542334635362560,150.0236895389048,-47.27437119931433,14.265159,1.4702578,0.23286086175645776,-6.770686545066658,6.173595392466337,4738.226
5408352909400159872,150.07421810165965,-47.41225036397875,14.265241,0.75982475,0.5034159512698692,-7.461653189685771,2.8465570354573426,6560.6733
5407971275787533696,150.07711613070683,-47.63617475016218,14.271986,0.8758297,0.8352953435836495,-5.937678813964399,5.999783192212446,6327.3013
5408163759040772992,149.84128241860972,-47.51258406848624,14.276709,1.4138441,0.252981043458136,-5.760314507782848,4.553964082059236,
5407976326668887168,149.9214322974045,-47.503038441510924,14.280643,1.2707033,0.46477821183293344,-7.578167669950742,4.1485157143997995,5122.179
5408165511387299840,149.81204870531013,-47.392201774538606,14.284312,1.2557259,0.16959612324178225,-5.149253497574505,6.022698817688477,6097.0337
5408165614466522752,149.8154057079122,-47.37141088624716,14.288961,1.3268766,0.20477626845083777,-3.4370734527078795,3.350899427189802,5362.4346
5407974265084866816,150.12522431476873,-47.47792434405999,14.298051,0.8390484,1.1287313050018815,-8.732863017660721,5.685080370123421,5808.893
5408167538611913088,149.8953245877214,-47.29484509510671,14.3023815,1.3464127,0.16745088099935568,-4.442097283744896,1.7828146913721974,5071.615
5407978182094796160,150.03154083927205,-47.44185407742956,14.316022,0.88312244,0.5452065088885798,-9.171209176569707,4.084000643681097,6111.0474
5408165820625101056,149.94845452240122,-47.39937074279633,14.336779,0.9481964,1.2549421533358684,-18.052628594037508,-1.8250008069909234,5340.4946
5407972409658933376,150.1701295707258,-47.61294173755967,14.339718,1.3153725,0.23387301410251887,-5.814239090007646,4.458114291294063,5149.2085
5408349129829177600,150.2771266862614,-47.438069337087114,14.342892,0.7989178,0.7602164222572214,-9.319068979318907,4.006953346690362,6432.445
5408348373914898304,150.26052223239398,-47.50474225167232,14.344094,0.88196754,1.9870966763027402,-6.869995782688697,-4.412879386914717,
5408351912968024704,150.25573991014426,-47.3372007931114,14.347,0.8553152,0.8767459381920527,-10.57568512566297,3.141889963511847,
5408542368995106048,150.04571601591857,-47.26931591733933,14.347254,0.8051901,0.6553281513400041,-0.21022767833551564,-0.45968424245475403,6456.882
5408157539928115968,149.84412290268935,-47.56284631702906,14.352771,1.969677,6.136990124175634,-42.92338293088402,4.6044642198898025,4067.6853
5407972444018672768,150.16796795386472,-47.609785480981856,14.370795,1.3947182,0.18550098940284368,-5.266581656311989,4.585940577412153,4796.6655
5407972444018673280,150.16964739873472,-47.60999480376341,14.3814945,1.4379616,0.19361568045953054,-3.997736508738389,2.8399924233096385,4565.0674
5407974436883448960,149.98431571944698,-47.6176187953788,14.3876095,0.9190874,0.550697360439809,-8.880627346938244,2.4407747920077387,6075.3726
5408166232941964160,149.96957792463175,-47.37785727343606,14.393975,1.1205788,0.15833952146781335,-2.9673785831279216,3.4634403172555386,6067.4497
5407973577890049792,150.08635188190496,-47.550878098050035,14.39724,0.86532116,0.7386590579070313,-8.22903963887613,5.596855008028774,6406.0747
5408353390436519424,150.12605862939225,-47.363784180215845,14.401618,1.4892702,0.16003554232161515,-3.688535002546187,1.451106426904222,
5408166164222355072,149.9067851782235,-47.36229176545211,14.406682,0.90357304,0.5637213028101433,-6.815980705115153,2.497676643353027,5998.248
5407977804137665920,150.02283852754732,-47.464094430316116,14.408296,1.4457617,0.2786729175071482,-5.418497321052836,1.9165722453109273,
5408356139215616256,150.09743546263667,-47.272930812439306,14.412834,1.2060919,0.6579085613095533,-1.409369088185282,0.164870752655061,
5408165335286634880,149.84750399740068,-47.39359054656281,14.430965,1.3532505,0.32415793154245,-6.85900885427597,5.998582258550204,5109.1147
5408351638090118912,150.28567166149747,-47.34988606177758,14.4341955,0.91496277,0.661112724740752,-10.358221986754945,7.533990895598939,5939.8057
5408352634522253440,150.11920053672273,-47.42836532843531,14.436101,1.0141611,0.8269804958900522,5.548114903786701,-15.897790311066526,
5408348305195416576,150.2792029181806,-47.522464532117624,14.438366,1.3816261,2.8799176751702436,-11.069498187207707,-0.23153630266961406,4627.3804
5408157574287903232,149.85198326016848,-47.54322581673095,14.4398985,1.0588913,1.0310006415050603,-10.158324906152389,8.230795995550933,5703.4214
5408354730466255488,150.06601789897118,-47.264442691327446,14.443376,0.53594494,0.3495526365847804,-6.98397632275589,3.9460524924553013,9794.99
5407969832678302080,149.8897658447242,-47.58696226248102,14.44382,0.8453064,0.48907521002796955,-5.014785276203277,7.528566074084648,6567.4624
5408542368995103104,150.03917386578595,-47.274074477281374,14.445185,1.4908962,0.14312018753772052,-4.714434892844116,2.6297407516244027,4943.1206
5408354421228685312,150.0896978368269,-47.306535946698496,14.44998,1.0508165,1.738968230252022,-9.053803279487195,6.488844602671759,5287.007
5407978113375312128,149.9689879615016,-47.434768844474036,14.457555,1.5634499,0.1997563716081201,-4.280237145513116,2.9438542487059225,
5408349851383677696,150.22402641799928,-47.42880587533763,14.46183,0.8323622,0.33900241147470755,-4.809940941997915,4.335370170596661,6631.8584
5408336519805394048,150.3225535017173,-47.53911223072289,14.463085,0.8995762,0.6646804229472271,-5.552587351548277,3.3814326110167308,
5408355142783203200,150.1501519202942,-47.299901837954195,14.4665365,0.86936855,0.6750119421858318,-14.306617824427896,10.954086971572782,6303.6626
5407970932190171520,150.15894392271284,-47.63099668701924,14.475114,1.141881,0.6530101501484343,-2.997045132837335,4.921714464279702,
5408353764091992320,150.0504926376985,-47.37185822967236,14.477076,0.83977985,0.9403610167459674,-11.616665542757401,5.0796340703951435,5513.5186
5407977288741602048,150.09533103711766,-47.46320799178064,14.481188,1.0761328,0.8079229617550785,1.3768851392357861,16.225840863674616,
5407977460540293504,150.04690257690703,-47.44118609337095,14.489634,0.76183414,0.8007745902481196,-3.5148387410885626,3.33184071935351,6410.335
5408353871472846336,150.06708610036068,-47.36355756096705,14.493419,1.39991,0.17264950983090993,-5.3298764460937536,4.201932203747214,
5408355108423458944,150.13803491998328,-47.30924585871736,14.500653,0.8473606,0.7598501642185133,3.3101599966513677,0.7992401863080802,6268.1265
5407969798318563584,149.87722467795106,-47.58104848980423,14.506654,1.7503881,0.17771300845487498,-2.864961097073033,2.118307067762655,4408.244
5408354902265037056,150.2061805489511,-47.31990727252655,14.507608,0.54094315,0.3184519475056313,-2.8996202519515535,0.6822230415585636,7982.2153
5408542850031417600,149.9229347407988,-47.28477738228517,14.514536,0.9629936,1.112150148760417,-9.452838913427842,-0.09625933713225868,5401.1055
5408163514226921472,149.85290044483122,-47.52665070492003,14.514748,1.466012,0.17699399435904306,-5.769642404885894,4.208319211704977,4886.359
5408355314581909504,150.23459327742736,-47.29601765642933,14.515419,0.87970924,0.3997948607571334,-8.176199411188641,5.277708385940798,6343.777
5407977391820815872,150.07125897250148,-47.45674124147612,14.518481,0.915987,0.570082571318347,-4.920502029222315,2.8062849661614147,5742.606
5408337069554015744,150.34493195998016,-47.480528675997185,14.524832,0.9440336,0.745230955268992,-1.3317547685856033,-1.1457428701077736,
5408349404707056640,150.21588448014435,-47.46735857027258,14.542947,0.8983679,0.7137398928920159,-12.306912772356483,-1.6003656144034764,6007.604
5407975364596214400,149.98792248039211,-47.53197251877676,14.544665,1.4511747,0.23409223547225022,-3.66458759234373,3.4488655226803857,6002.87
5407976945144201856,150.03930109325262,-47.485658070875715,14.546872,1.6139612,0.10988527209249163,-3.4748799158878145,3.273948246760191,4587.555
5407976223589685888,149.97545684693984,-47.48816078976778,14.547294,1.2721348,0.22115493012710302,-7.678662237644232,5.113899667712401,5844.091
5407978079015819264,149.9835476211259,-47.4195390073954,14.552536,0.8584776,0.6828043066328643,-17.40191573909432,8.955222389620484,6288.2095
5407977151302638848,150.08386979874922,-47.4882464086475,14.556567,0.72518253,0.1985879943361672,-5.537684842758748,4.065111947745355,7113.3574
5408349129829176064,150.27550690509392,-47.44254286034419,14.562463,1.4614153,0.22174908715742342,-3.9101907618856706,1.9599547544357712,
5407978182094798080,150.0374066607357,-47.44119227114616,14.579176,0.95078945,0.6557266284339802,-10.474090189155831,3.6332042575405135,5520.982
5407974746121111936,149.9850090462158,-47.586532775362436,14.588386,0.85820293,0.5254385754790657,-2.7941638654140037,3.586191966758144,6443.783
5407973337371885056,150.12353391805092,-47.5631385535458,14.595551,0.8591871,0.9998449182920205,-1.876687246729995,5.7691910998768545,6077.631
5408163621601857920,149.88785735996188,-47.50853511885859,14.599905,1.3719082,0.49725370786280254,-10.043913143240319,6.751088474845931,4778.748
5408542506434052992,149.9903450589919,-47.262390963771026,14.606622,1.2725477,0.5495420426492259,-0.6406191825604757,0.6202751846577117,4991.466
5407977082583397120,150.0997550766262,-47.49467373728332,14.606786,0.8986168,0.6526334631936554,-10.556918732678081,2.617457459085486,
5407977597979257984,150.07133806018606,-47.41692732460566,14.6092615,1.4322815,0.16669024785911557,-4.565169783014611,1.5179015848909019,
5408157574287859968,149.86274169599326,-47.5523531511505,14.618203,1.6784468,0.06596440115693666,-3.730398391310292,2.4159706152911893,4536.554
5408353218637830016,150.15157282109905,-47.36923483682806,14.621293,0.8559189,0.7173983598184419,-5.438646810871957,-0.7790138723690223,6479.5435
5407969901397783552,149.86868730193098,-47.56167436032321,14.6230135,0.88350964,0.6908423677109753,-10.358425745958364,6.154698682045499,6311.215
5408351191413514880,150.32370469404967,-47.37791517636842,14.636841,1.5987196,0.1374628029459373,-3.7231144786922328,2.468410750196306,4696.8228
5408351672449848192,150.26169826876136,-47.357304880121426,14.64377,0.9237356,1.1329090147226935,-5.506535162767327,-2.905244616751059,5662.1353
5408336588524640768,150.29044879615293,-47.51485694635532,14.6538,1.0463591,1.0107562359350641,-4.588047770756799,0.8998203395325881,5316.0996
5407974677401417088,149.94340872571138,-47.59711838766773,14.655861,1.8435555,0.019154503331649864,-2.458567115128836,1.4281380204671223,4510.8237
5408157574287858816,149.86023783878323,-47.552697919624784,14.671759,1.3197985,0.16811852636119284,-7.002844652545778,5.327719213935513,6018.5635
5407977735418180096,149.9826330871649,-47.47138812688107,14.682623,0.7541046,0.472811087710466,-5.9594583712347315,1.5407058954299835,6924.73
5408353974552056320,150.0424778321433,-47.36575191304518,14.6861105,1.0193386,0.8461715866333479,-16.782423039586636,11.690268312390996,5752.2075
5407974746121103744,149.9833015337072,-47.6008943715227,14.698101,1.4009323,0.14973409775393395,-4.700228601801752,1.0822556838551223,
5407977220022364544,150.10565651788306,-47.471549793133555,14.7,1.454648,0.18089508299635532,-6.510768536185865,3.2803521953831485,4490.1567
5408349713944714112,150.19078734595183,-47.43273531755902,14.710858,1.32901,0.39500805646901566,-5.692985052876268,0.8514765058723723,
5408165511387301248,149.81823510134595,-47.39277124325034,14.712243,0.9224901,0.8020412793505044,-2.3869548190126233,0.4146504405540484,5563.5903
5408166507819743360,149.94073243199776,-47.36653553531741,14.715211,1.4872532,0.15395437141266613,-3.4823549852431723,1.2150999495195776,4865.493
5408349645225223936,150.1583392908549,-47.44306174266271,14.717399,0.49684238,0.24102629261825068,-4.786284998766462,2.218240528573011,8361.962
5407973543531225472,150.11057136993,-47.55394649894866,14.721327,0.885005,,,,
5407974162005643776,150.12028222079465,-47.48729286353001,14.721697,0.9071827,0.6422562416910055,-8.002819385020642,4.665496163345815,5939.571
5408167156352968832,149.85083561882988,-47.34022512499015,14.721795,1.5017319,0.14847749590660783,-4.124733466832336,3.369537867842351,4641.2686
5407977460540292864,150.05257846198865,-47.446355144232925,14.726432,1.4042091,0.12975089046412114,-4.0613446254928505,3.0185102299101896,4812.914
5408164274436859264,149.8667675238178,-47.46845789255239,14.730568,1.4469328,0.21880536600761472,-3.605655835778486,3.8954608102097685,4870.36
5408165064710680192,149.7754985122346,-47.424568105045594,14.747664,1.0163021,0.936104148909888,-15.113150755623032,7.797521786910261,5769.285
5408352943759906048,150.08660267069615,-47.38567573837819,14.752371,1.5353098,0.15475647672353884,-4.370110042007734,3.1442419391646506,4706.239
5407973715329019520,150.09202442227584,-47.52291400296252,14.755387,0.8483658,0.4484607031330017,-7.752120554231974,1.2815121364815507,6184.5474
5408356001776671744,150.14992626988587,-47.27157144462066,14.759741,1.4211454,0.18524822420070333,-4.050206300162593,1.670571839249036,
5408166610898969088,149.95144601582692,-47.34385877456743,14.762002,1.4147482,0.18928836762651557,-5.306685393697257,3.6827032177616843,
5408163655961563136,149.86433932800605,-47.49607124585599,14.7701025,0.901865,0.8266461405865563,-8.787664098471247,4.771641463994113,5515.4863
5407972031701805440,150.08130408126516,-47.57992751083796,14.775287,1.0577974,1.1690724839399407,-5.10744052980498,3.9656420105507535,5600.4644
5408349713944712064,150.17623222650863,-47.429547756903574,14.781478,0.8652315,0.650284748022702,-0.6565397304486822,-2.506784984645398,
5408163896479734912,149.8528764436251,-47.47428982374696,14.786068,0.94353294,0.5585688721952441,-11.014849820945864,5.745732334384493,5642.741
5407975051055676288,150.05781948015667,-47.55396078931832,14.787206,1.5552835,0.17128109226150073,-4.092269939529703,3.0780268600634475,
5408350057542119424,150.23610728683863,-47.4029166147041,14.792844,1.0640802,1.042900868375391,-5.59899561095576,8.407933736556412,5146.148
5407978590108914048,150.01595690563317,-47.396683934687736,14.7991085,0.92669296,0.7025611997625818,-10.127541779761273,13.838114107352062,5804.5547
5407973131214379136,150.22269904118144,-47.53258071760419,14.799661,0.93286705,1.0064617106294305,-15.650625781310314,-2.2147746261678893,5828.193
5408163724681034240,149.8314360825296,-47.509663223937764,14.8002825,0.91316605,0.30176962510121497,-8.182104483455246,2.9199191062000036,6091.814
5408167195014507008,149.8559326983938,-47.334543501291975,14.806358,0.97252464,1.0630339248942353,5.577938741641028,-1.7807404640733324,5392.1406
5408542850031416832,149.9105083471914,-47.28071567910972,14.828064,0.94104385,0.6512477323780896,-10.93887927411412,7.286489239550783,5635.036
5408165751905618816,149.92143100967488,-47.423938121648526,14.831084,0.8437357,0.15432181828436822,-5.05904607002653,1.9882080787760752,6595.25
5408348202116194176,150.26067512247255,-47.530311118681894,14.832683,1.000329,0.7396202928219715,-1.27320127387814,-10.205439843694531,5502.316
5408352978119646592,150.11525476226856,-47.39175795828648,14.840654,0.92864895,0.4223626432611184,-2.154054345546438,1.0141300321912166,5928.0195
5407972100421290112,150.07072856378298,-47.56025362634937,14.843033,1.3318424,0.16614543001839624,-4.3597487307170875,3.163093879366541,5052.424
5408351638090116096,150.29245768378476,-47.35778572029431,14.844563,1.0362854,0.940721836080514,-19.459433310464412,7.498907188457258,5681.702
5408351736867422080,150.22673086837753,-47.36486112644298,14.848573,0.7836323,0.583166612043937,-6.7274269492782475,2.819392940125578,6562.2295
5407971962982319744,150.05031666908337,-47.58396128692573,14.858188,1.4132967,0.2142839563008619,-5.104153872639563,2.3033316080947457,5564.207
5407977323101346048,150.10153189202472,-47.45013602744744,14.860154,0.67278576,0.32231969341044514,-5.749437849511745,2.828231229043178,7282.738
5407974265084866176,150.11924247940388,-47.47589981521658,14.861346,0.62574863,0.20714998714334518,-6.650161275484172,3.6011344073962603,7635.3125
5408166988856073600,149.8622811600879,-47.346182964920715,14.862757,1.333375,0.3954048348434591,-8.724448000783262,5.673714422044521,
5408166679618446080,149.92657559607045,-47.33140247902353,14.873436,0.7347765,0.3374394534635195,-5.078050743219222,3.52910376102861,7149.8223
5408542918750904192,149.9538446304427,-47.273378028690544,14.879697,1.0090532,0.9842637921049221,-9.58064000876129,4.625165619595911,5644.042
5407973543525194112,150.11067185169534,-47.55383919187048,14.884003,0.87649536,0.1312778549061992,-6.950368327885833,4.312768320101631,
5408338650108987520,150.34430649282402,-47.438158489340864,14.88602,1.5171347,0.11201819850578128,-5.190709499431079,2.962267570608585,
5407977116943139456,150.09830558271452,-47.48488892233901,14.88889,0.87218,0.5222165493007419,-6.394506738221247,2.742397355408186,6280.2266
5408542300275620864,150.01171455390048,-47.27917824757983,14.896075,1.2051449,1.7162264231545943,-7.767688713095744,8.741297181596062,4901.2427
5407973165573226624,150.20105766668908,-47.53575792658865,14.904827,0.87787914,0.6694720566624884,-8.963740934654187,2.6063283903015,6275.949
5408351294492739328,150.30912437984958,-47.345605144710504,14.905704,0.97938347,0.6188242392724582,-3.0755358578179592,-5.584965688803445,5890.35
5408351638090115328,150.2825343012976,-47.35453159706196,14.905907,1.097332,1.3636357105276644,1.436955849316311,-0.269599778447946,4849.5757
5407973955847219200,150.17779105497016,-47.5067202092578,14.905935,0.7368946,0.37801010359864895,-4.67700992387558,3.5536936846580005,6821.404
5408164514954890112,149.86485737064956,-47.41269886413401,14.918539,1.003562,0.5525487063338732,-11.150075192299786,2.6850382201471987,
5408163552882341376,149.8575665394244,-47.52700034635818,14.9223385,0.92336273,0.39267693426673755,-3.0528673436449463,1.0691655153468849,6080.8013
5407973303012133632,150.1032906287101,-47.57441797586572,14.926826,0.67254543,0.35419571738538347,-7.251814618982368,4.264388372973432,7546.4595
5408349640923187072,150.15067260678268,-47.44830969208234,14.92694,0.85523224,0.41669977614534504,-4.553603467804501,4.808829230310361,6391.205
5407973612249789056,150.08759725124548,-47.54936891917623,14.939224,1.2550831,1.8478988223756612,-8.997400279210066,10.546320252497154,4861.259
5408353768393629312,150.04983425162956,-47.359279914079785,14.939545,0.81590176,0.29790913684156906,-4.161752475940884,3.3707833568977814,6346.09
5408349610865473664,150.14881082686657,-47.46097003802084,14.941305,0.8544941,0.7063998213793088,-6.127018687333268,7.441592552544913,6182.059
5407975536394880768,149.91917388178524,-47.57076918344113,14.9418125,0.72804546,0.3169680470517527,-6.737235493811686,5.046990061747702,7039.971
5408164136997910144,149.92200569472274,-47.472865719993536,14.945116,1.4249773,0.27860102059323366,-6.391655628549411,2.5065374465687924,4792.028
5408157643007338496,149.83664381968916,-47.533190363228314,14.947339,0.976202,0.8594887557455793,-8.708154530137906,2.6257601264508654,5329.044
5408351809888572416,150.21036579071617,-47.353239838133966,14.9479685,1.4155941,0.12373681688466072,-4.799732937675224,2.5040934988572046,
5407972993774524672,150.20543825155028,-47.559925844737954,14.950137,1.442378,0.25932721687031995,-7.697796262861497,4.254169816278912,
5407971859903096832,150.06555369326142,-47.60901557023984,14.952897,1.4259052,0.2579587438166449,-3.694684072655375,4.011869020681874,
5408355378999890304,150.2037737128068,-47.27484508082577,14.960352,0.9834242,0.8848234383275797,-7.152529453282468,2.1512433822529955,5603.426
5408163621601824256,149.8840240196195,-47.50791694602159,14.967647,1.8023224,0.0558577321484942,-2.330803242211363,1.446143318816009,
5408350744736904320,150.291545252041,-47.39090087460712,14.970712,0.94506454,0.6107043720287638,-0.44674435263727397,0.03107604828727858,5857.8833
5408353454854367360,150.11528601486734,-47.35515924269239,14.9772625,0.94514084,0.4069676254562075,-7.180038743557997,3.9353924902616924,6080.8813
5407972375299217280,150.21138093549848,-47.59361157077302,14.979983,1.3412619,0.4043475722022976,-9.377908026101753,2.7413362367871836,4942.7676
5407974986639298176,150.0233273648798,-47.56651330167171,14.981121,0.8945303,0.5814504468370789,-6.625469027746773,-0.6924765538437514,6071.748
5408352943759904640,150.09229442829624,-47.39181306365978,14.9815645,1.473422,0.08247535249409682,-3.15301815988531,2.900247298136899,
5407977116943141888,150.10749621291907,-47.48550227927686,14.983072,0.81485844,0.6100751593930286,-1.7709415203341776,-1.1819250813932412,
5408352771961211392,150.11903492313664,-47.40915616123021,14.989389,0.86223984,0.6666303767522712,-18.392208923898398,9.773563870824358,
5408351741169313920,150.23694931887502,-47.370896216971126,14.992152,0.8859482,0.48671369136125553,-8.191304972215478,5.634017612224559,6246.9067
5408352084766722944,150.2798365882059,-47.32963508735433,14.994218,1.3953371,0.1356637287046472,-5.39306487652524,3.3452026178360352,5155.9097
5408353665314405120,150.0578511359886,-47.39460500180995,15.001177,0.80369663,0.5939113099737737,-3.2618567560596685,1.9950421374365526,6397.633
5408354043271539456,150.0311636174243,-47.344193392422106,15.00384,0.78350735,0.26067026660865816,-6.230089482958171,4.047356548867456,6738.3667
5408353218637827968,150.15013790303195,-47.37418395931652,15.003954,0.9373474,0.8899650994637288,-3.12081934862439,-0.1918751377469448,5772.4624
5408166129862606848,149.89745176298135,-47.38620426860509,15.005204,0.77977276,0.5098104584734049,-5.317433425132351,1.6787895688008259,6797.5537
5407978250814273792,150.02057782729088,-47.43528492384225,15.008038,0.43564892,0.15371542593207593,-4.213759851471902,1.6713039946039931,9010.86
5408167504252172928,149.89519122531865,-47.29937209725482,15.021646,1.4191246,2.5232114658753866,-18.220872018977946,14.008160729709957,
5408354867905291776,150.18908575418598,-47.33082471085262,15.02447,1.1250229,0.9931182365844724,-13.565727456572624,7.531221610832308,5062.525
5407977666698704000,150.0036697761527,-47.47914821546823,15.036543,1.3363895,0.4077324502481928,-7.121778305553943,2.8312432490838955,4864.513
5407976429748115328,149.95813292977786,-47.48148004408934,15.047432,0.81811714,0.6115058017664744,-5.166641100738109,1.2723239857090627,
5408349439066801024,150.2239321302378,-47.46064127517649,15.050457,0.99758816,0.7939765970733107,-7.589554280386109,8.842227194585853,5747.9614
5407973406091374720,150.15907297660578,-47.55497679469411,15.05778,0.74560165,0.2925794563469341,-5.9006701122697365,3.8396197688918923,7245.5986
5407977563619515904,150.06885611927368,-47.43032419038505,15.05811,1.4099035,0.11673594121859879,-3.485992559495839,2.478724902818553,
5408350469858986368,150.32118434529,-47.42654649826704,15.05837,1.5142527,0.12628327022113686,-5.212750214355505,3.9371701837580106,5056.786
5408354146350758272,150.02063925175295,-47.32961896632728,15.067256,0.8282614,0.5182273447971933,-3.1818885951202778,0.04576399624390898,6564.975
5408354696106596608,150.06105437598342,-47.275121683934415,15.067917,1.0185909,1.223633380392089,-9.587775654626501,-0.32239099631060775,5453.9272
5407977426180785408,150.04032320316674,-47.45614503106814,15.07279,0.92155933,0.7487356522567565,-3.123280364924941,1.5445318825046506,5543.407
5408352634522251520,150.114070667803,-47.44220863398437,15.078106,0.9930935,0.8442757422904903,-9.1084045156678,4.138154803709876,5723.7407
5407977632338959488,149.98868174809027,-47.49294525061764,15.088802,1.3740301,0.12103473577809463,-2.8743559055351007,1.9895228409499734,5117.3
5408350813456389504,150.31980408851936,-47.38395283187928,15.0897,1.0524607,1.112087229145734,-13.798806028541305,2.6263965072329674,5445.063
5407973852767982080,150.14071270723977,-47.5319046165178,15.093928,1.048665,0.49342954052366095,-4.336175104332911,0.3989530839134377,5427.2944
5408354867905295872,150.18787941467085,-47.318569666325544,15.094573,0.9311724,0.8857055775535003,-13.159665524575543,-4.361216404408488,5810.577
5407976086150717952,149.95093022757334,-47.51946665488053,15.102595,1.0196829,0.7024721197589572,-7.163202110272097,6.0901944911563355,5311.0703
5408164033918690304,149.8998966660152,-47.48540324144746,15.107467,1.0588694,0.7173710216375948,-11.823618648823736,5.748512040106604,5173.0483
5408165339588613248,149.84226446337448,-47.39325184913981,15.1086,1.3980494,0.14747660901371507,-4.609037502375241,3.0772405409528587,5185.71
5408167332453471232,149.91503896222153,-47.33391938428994,15.117767,1.3848448,0.21584504354668277,-3.846216594451204,1.941414794177208,5054.96
5408351981687280256,150.2277227426017,-47.31662485556603,15.117826,1.467267,0.10482971621759365,-6.543605548282397,3.603664133040753,
5407977082583396864,150.09764821681654,-47.49405565767692,15.123434,0.7078695,0.4476956987127167,-6.756477577925041,3.902090214649264,6918.525
5408167469892437888,149.92165875722907,-47.300999414452384,15.124167,0.7848797,0.6038313859740614,-7.748697852200359,9.534670222874919,6853.8394
5408167332453472000,149.90730347216032,-47.32907200263383,15.124262,0.9493046,0.6688862394790696,-8.378798795546695,3.6822543445588285,5554.5415
5407971481945964544,150.05924205784623,-47.6255750441109,15.125067,1.4934292,0.14817202150291764,-4.163093824354167,2.041041208743919,
5407974505602945408,150.01428069775963,-47.59521660622033,15.126441,0.9150219,0.6546642550969369,0.591375922317956,2.1769792967409973,5940.3403
5408157711726807424,149.81073046994612,-47.54845111648808,15.13217,1.5870028,0.05347205225814679,-2.9844927892475153,2.086682373041474,4794.899
5407975398956178688,150.00973550753412,-47.521713156776066,15.139676,1.670434,0.16238345620022,-3.1608027976401574,1.2000459569010555,4528.7285
5408349026749953280,150.2734503520566,-47.46015933346633,15.143296,1.039074,0.8611181304248299,-11.308173967061252,3.2629018525827673,5123.453
5408353802753370624,150.08698664233745,-47.37146784693108,15.143616,1.0889654,0.501565139243928,-1.4040192981759092,2.268880111384262,5317.381
5407974883560070912,150.02840263188614,-47.59665914385837,15.144035,0.8503084,0.6454376633041734,-9.879378577240361,4.983963796590657,6360.7705
5407976086150717440,149.94828034830724,-47.51857139097676,15.146192,0.9341669,0.8818761437040228,-12.833560106996716,6.718157209417213,5752.28
5408337000841751040,150.31192243528037,-47.49382253397604,15.148445,1.3693771,0.2257258881496611,-2.3384767913726603,2.209504566457776,5011.9995
5408348751872273024,150.29757147832004,-47.486623661693415,15.153871,0.93453026,0.5085501814785083,-6.691771754522635,5.297065655793971,5765.4507
5408348305195421440,150.28640243389043,-47.51752098016477,15.160987,0.96513844,0.29084195170593696,-7.165153652194838,3.8332746647092497,5766.514
5407973474810854784,150.14495205258737,-47.54239166505388,15.163478,0.73847485,0.3639372191129551,-5.430895617076921,2.080907244018686,7074.9185
5408348820591525760,150.28125499180663,-47.45780605095191,15.167104,1.098834,0.32824248282034135,-6.241763016742046,3.613188000232037,5549.8477
5407978079015577728,149.9924451438217,-47.43538357616999,15.167154,1.1359644,1.5662665116509882,-11.201147049748025,5.996561014130455,5026.893
5407971585025182592,150.08809955289388,-47.63535154583986,15.167379,0.893672,0.3117117782141973,-3.413582223823024,-1.4272189308635186,6319.65
5408165339588614144,149.84925710040523,-47.39355202381123,15.171635,1.38589,0.25883849934987413,-5.9638379514642,4.854523089580503,5034.4937
5408163862119993728,149.85104706884403,-47.48851710022504,15.174706,0.3974495,0.1491821619666853,-2.7727201652476507,-1.0132482731464605,9277.1455
5408350813456390016,150.3138685074491,-47.379576327262974,15.18278,1.4802456,0.15352360954631358,-4.894990162547981,3.7150448629675257,4884.347
5408350194980853376,150.18411601684824,-47.385150403894684,15.190731,0.912838,0.4831829005743051,-9.302823547985605,4.056480670975705,6038.699
5408542918750903168,149.93736134668117,-47.26779734289526,15.193633,1.3619194,0.5095816337058501,-8.953605797400549,3.917485497183061,4829.045
5407977116942905728,150.09529275106175,-47.47601561504475,15.193992,0.8987236,0.5018588947685577,0.6806010568146752,0.8940865095972896,6049.7817
5407975983071495168,149.9635126267627,-47.54350108163999,15.194487,1.08918,0.9431220013969167,-3.4830052615012588,0.40948001951841917,5269.557
5408352840680683520,150.10173391910763,-47.42041961197917,15.200434,1.1371908,1.2746600805427097,-8.546942961536445,12.353283673841743,5055.654
5407973646609538560,150.10390343372245,-47.53795869402628,15.201129,0.8196707,0.455946627820533,-10.209960125067171,5.428826875990207,6537.455
5408348202119234432,150.2601488199073,-47.527128644678605,15.206229,0.8709173,0.6966017708428461,-1.4470635326524741,-0.8674987023008389,6341.921
5407978525692184320,149.98864715385855,-47.40919555356541,15.208087,1.0496845,0.7851527962620175,-10.572327269583162,2.1975663420474674,5346.35
5407971550665437184,150.03974607191074,-47.62468088437897,15.21217,1.0841494,1.1840807435209832,-20.086167019373825,10.940714134901139,5142.073
5408541956678216448,149.9609180607699,-47.325990069014274,15.213873,0.3358698,0.28684573185115475,-5.032549006978371,1.9834403660997084,9046.419
5408167160654766208,149.8536842963151,-47.3409932605012,15.215737,0.6504812,0.17405703083795318,-5.271647241886207,4.079787655198222,7914.986
5407975261518077440,149.98346339666264,-47.54479985648527,15.215909,0.89177704,0.5831896607948884,-4.818058787213778,-0.06373676738486668,6009.306
5407973303012130560,150.105108054713,-47.58162818152867,15.218571,1.4595404,1.9214358773539475,-15.980356271019703,2.16252243723258,4520.11
5408167469892432640,149.92519008616367,-47.31903928124987,15.21912,0.84291744,0.23697752280417836,-5.845234451001181,3.6275744788623285,6841.9224
5408165373948333056,149.79242583163642,-47.41508793345983,15.221032,1.324193,0.3028630877465872,-4.35650793768433,0.7337040825431981,4908.4155
5408164377516076800,149.85784754515115,-47.449531349287575,15.2216015,1.3345709,0.1021695442974783,-4.243020995733496,1.6327718392386235,5599.8613
5408353940192314240,150.02860312218854,-47.37157003418842,15.221882,1.4161816,0.09725442231730305,-4.014906493070094,2.778758418131665,4978.3716
5407977907217941632,149.95728555873094,-47.46564541712266,15.223459,0.8046026,0.40654476586922184,-3.4427769686710166,-0.46649568360766885,6667.0005
5408354318149464832,150.0923168653179,-47.32389302926199,15.226796,0.8564215,0.3040017294019077,-4.664750552637399,2.7986941364771685,6478.3057
5408350023175384320,150.23000965452235,-47.41834496627947,15.228962,1.017333,1.8260239700996046,-16.745880612351986,6.1689645764093015,
5407976395388371072,149.95304121210896,-47.49858452159657,15.229618,0.8956833,0.4687079263189079,-9.574879111622145,7.103987329055254,6435.5425
5408351741169315072,150.2344876849707,-47.36829791237061,15.230134,1.239234,1.6439703679992237,-5.670756680776227,-3.558620686929043,4837.9395
5407975978772882432,149.9563664866063,-47.54004660110567,15.230758,0.9061861,0.6426710378119486,-6.82618738705218,4.595568468760538,6155.134
5408541853599011840,150.0163426549241,-47.3108234962521,15.231135,1.4544821,0.1479751249423781,-2.9591304766086997,1.4178412019255293,4984.809
5407970863470684672,150.119549858292,-47.63491079720209,15.235796,0.89779854,0.32703363418211684,-8.938373051433276,3.4438760483180273,6542.4814
5408164171357649536,149.9257523302353,-47.4667886326077,15.241799,1.0488663,0.9442009479275368,-15.341971985657676,1.6728318737182486,5090.293
5408165648826402048,149.92343833103578,-47.44456645409629,15.263977,0.9577627,0.8548640217415485,-13.556659663977369,5.616680788112667,5407.0005
5407973818408249216,150.17364381442403,-47.53663947457625,15.280032,1.005578,0.8288130559517285,-4.688644727477211,6.9387237186024,5232.4253
5408349335987562496,150.17457567961205,-47.48280962377253,15.282154,0.9682884,0.8063346005734322,5.572427710086415,-2.833076556658791,5938.42
5408355967416925952,150.12050647492296,-47.27961395993075,15.28271,0.8044481,0.5497634372078253,-8.983040755895026,7.66600605971302,6876.196
5407977735418183808,149.99435150739944,-47.4652269603453,15.284162,1.0008459,0.3661349745204231,-8.026149635087643,3.2395188278041545,5770.717
5408348339555168256,150.2805492171404,-47.49733345536002,15.286223,0.8757181,0.4782466214181014,-7.411127867873549,1.6126019742905553,6075.049
5408167366815581184,149.8816479940676,-47.33744265550628,15.286568,1.0311413,1.1040459238255929,-15.156080201258987,0.35477684478263183,5412.973
5407976429748115968,149.94645318534495,-47.47444494294694,15.293772,1.0957623,1.1470528149974237,6.253212077380087,-2.1513779783763924,5332.819
5407976189229937408,149.95840720497148,-47.50990240095028,15.294701,0.9491339,0.39540647937169016,-9.56397986295707,5.680237664599094,5861.248
5408354799185813760,150.2059932167943,-47.34160393907779,15.296464,0.90874386,0.7516551625568729,-13.849280575692493,5.8349796009437345,5806.0337
5408354627387117824,150.07697987085405,-47.29138292030476,15.296729,0.8833647,0.6235304658160473,-7.184998561487537,4.650930628483212,6317.5063
5408167160654761728,149.8526012693116,-47.352909133695796,15.302444,1.0932455,1.2106814903438243,-26.57676419639806,12.171881856812899,5220.2227
5408355967409792896,150.12078461615405,-47.27925970904986,15.305865,0.8195362,0.46899829153847483,-9.215672550526044,7.652715339758725,6475.6357
5408348820591522944,150.28995587329942,-47.46811717075767,15.306656,1.1027985,0.4709738076571281,-3.7127873922068,4.02060587764216,5239.318
5408541956678216192,149.95785781968175,-47.3253800086841,15.307911,0.99931526,0.6004400971826138,-8.29194671061003,4.931335016257646,5353.24
5407973298708955648,150.11594354252654,-47.58478783646683,15.309865,1.0866718,1.031194715047145,0.7111962653628945,2.467924169256178,5444.9976
5408352668881995136,150.1165573714715,-47.4122313690898,15.313831,1.3391085,0.29884565811835856,-5.316783238915457,2.9175972682954736,4874.891
5407971000909649920,150.14090763357945,-47.61735178950469,15.314069,0.9631634,0.6063905925442523,-7.722763535070059,2.898793708184057,5539.5103
5408166679618445952,149.92889075091327,-47.332582929315514,15.318632,1.6361046,2.2767284351283066,6.7941047154988405,-0.4844344198766508,4093.631
5408542575153527680,149.98096835647175,-47.26448995102145,15.323859,0.33652496,0.13711643303336626,-3.825382271778139,2.232044944464163,9247.517
5408353665314405888,150.06661602988004,-47.395321952357804,15.327296,0.88997746,0.7837799934170131,-3.4255137445127843,10.028604140875533,6020.5034
5408167229374239232,149.82354080131728,-47.3349842745582,15.330589,0.9213629,0.8075753831755538,-6.0859337457509,4.267579135728185,5812.7915
5407978044655835776,149.98102621353,-47.44000885156236,15.333359,1.0185223,0.4755102233892745,-1.046240819052597,2.0020106590725324,5263.994
5408354318149613824,150.088041105112,-47.31839559326703,15.335639,0.87817574,0.35486591331593215,-7.546262039304796,4.224117205237924,5971.2383
5407974471243196928,150.00720600720382,-47.61211625109645,15.341146,0.7503309,0.11131856242242204,-5.197953069473371,2.0180837381243153,7542.972
5407972753256598784,150.214895681799,-47.57351238053679,15.343627,0.88459396,0.47323321342333696,-9.857669160326415,5.379725341309088,6398.5073
5407973715329018624,150.09786057913684,-47.526635984342846,15.343921,1.3629665,0.0879643089162855,-4.262301812214188,1.7643975391025881,5203.99
5408349370347314048,150.18368018231874,-47.46236303491672,15.3508415,0.945446,0.5331157667198851,-4.0286468269409905,-0.49800376633019294,5830.9263
5408352565802775552,150.12115519310953,-47.43984944302179,15.352221,1.4798546,0.12781789199240462,-6.063829928598404,5.355194185729722,
5407976498467632640,149.93417012650858,-47.46329337813608,15.355334,1.0993967,0.7016970830490251,-6.415005811707179,2.8190015361212684,5188.481
5408164995991203968,149.7834813647052,-47.426994451945816,15.361209,0.88082886,0.48577497841063205,-4.627446742336805,0.5826456665919029,6035.8354
5408167401175319936,149.8915131035845,-47.3304196170058,15.361731,1.1245813,,,,
5408355589459822208,150.20310572863877,-47.27037075891292,15.362282,0.828145,0.4280544261781689,-3.384362821223419,2.285935958740418,6426.942
5407976979503947392,150.05607697405634,-47.4728804117882,15.36524,0.82895947,0.28333616595087546,-4.5939127908515545,4.250982349799506,6719.3276
5408349095469430656,150.24985390896342,-47.44592695677448,15.36606,1.0652018,0.9585438149215045,-6.534353188988027,8.296873854211519,5756.57
5408348305195421696,150.28131742508907,-47.51293193489974,15.369396,0.92177105,0.6842218523290491,0.9730581130086069,-5.195879926943292,5843.616
5407977494900276480,150.0839375334138,-47.44726193761563,15.370453,1.4042969,0.4308620830621187,-6.306741949943704,7.353350424734122,4715.94
5408354627387117568,150.07495391282433,-47.29124143460306,15.371317,0.8481579,0.4137246346402709,-8.787589774269865,5.499413748150987,6417.789
5408353179983796864,150.13446150211655,-47.37833119192839,15.3782,1.2432222,0.35977961545343834,-5.682320520615469,3.365588378155861,6002.3228
5407974127645896704,150.1094084886344,-47.50027090110528,15.381814,0.9873743,0.4700212391396088,-6.636038695809291,4.8340372516500105,5551.795
5408167195014505472,149.84529097390836,-47.333805356930604,15.387058,1.0229397,0.5776884031526145,-2.6840515473349393,5.529483392459344,5232.7554
5408349267268088320,150.20112497654674,-47.48986275408666,15.387381,1.3390675,0.2109177468474547,-5.389102679873411,2.7928292436315836,5059.035
5407973371731623296,150.1414305692571,-47.571793562777735,15.391631,0.9282818,0.24200071322762803,-6.208963594682298,3.936148881130877,6283.52
5407971653744656512,150.07876459159752,-47.63490805696957,15.393112,0.98555183,0.6557815452911644,-12.20483827430127,3.2395821582527464,5836.79
5408164205717387136,149.888440746193,-47.45395783025318,15.3975,0.8439274,0.5000084417400505,-2.713458183271249,-1.2922302440394975,6370.24
5407960967866341248,150.2468371356222,-47.58511430654726,15.397722,0.8805437,0.5784537835699819,-4.233333864774219,0.889411395012939,6427.284
5408350641657678848,150.29052782833566,-47.410664605474125,15.39795,1.0958958,1.0937803029580961,-19.130999931161735,9.406417580968679,5231.8994
5408351775529060352,150.23978508883764,-47.35395407706501,15.398419,1.0536757,0.685218020823546,-3.958781807270404,-4.781453704926417,5174.128
5407974711761160832,149.9503476782875,-47.58212702296253,15.400277,1.3829355,0.09586665059120662,-4.647870447906822,2.6125320946199833,5226.497
5408167504252170368,149.90719822710338,-47.31110284693875,15.402482,0.7565594,0.3826920524596417,-6.852699647776322,3.15904826641827,6862.5103
5408350366779768320,150.33254870463068,-47.43995209691584,15.4096,0.8041086,0.2439833434372139,-5.44198916765817,4.013429053349754,6920.4165
5408337000841516416,150.32230264030093,-47.49883442806849,15.412399,0.9406967,0.7070811018986977,-5.961381975402545,4.349952088925772,5839.614
5407973921487472000,150.17937922220347,-47.522672635912194,15.414911,1.9081802,3.4378398812843165,-17.091842253479626,5.951150585096941,
5408164652393807616,149.78716048495536,-47.45674969040615,15.419955,1.2791805,1.4597518812312182,-0.5262854451068757,-0.8111201526694573,5097.8965
5408355108423458304,150.1383416546011,-47.3103786026952,15.424718,1.5247698,0.12315965295015972,-3.4296426067333186,1.6033054368667718,
5407974952279553280,150.0203551140667,-47.58207547850871,15.424824,1.062644,0.8324196334873117,3.211089599991997,-2.408266743530572,5626.733
5407977220022366976,150.11098661427496,-47.466307566770865,15.425226,1.3332624,0.22054728534876242,-5.176562944025768,4.643794733635319,4988.68
5408353321717049600,150.1552813801186,-47.36196709466591,15.4264145,0.881032,0.4650372805982429,-4.457349050571664,3.4019452013654665,6341.5796
5408165786265358464,149.94247484834938,-47.42360789564835,15.4300375,1.538599,2.415788302201888,22.842334773727583,-10.388794404987774,4401.908
5408166679618445696,149.92974919852767,-47.333922448095066,15.431334,0.9376879,0.28503321010924565,-0.04362934614428293,2.0922028806667807,5954.9946
5407978697490888064,149.99735272242123,-47.363166136963024,15.432433,0.9878006,0.6769334765765609,-3.900786891071958,-0.7058644543588235,5350.8276
5408355348941651712,150.22666364103398,-47.28472602356509,15.439847,0.8358774,0.35072037278346846,-8.561797186645883,2.437889245743392,6279.7197
5408167126295018752,149.82138626525105,-47.35130657181902,15.442917,1.29531,0.44003867982528383,-4.942444183297976,5.19359360898904,4940.6436
5408165339588611712,149.83311839801553,-47.39466707162185,15.447414,0.8943653,0.543754265166964,-5.815445876251909,2.9365410867966713,6279.4233
5408157574290167936,149.8606901513755,-47.55244393549865,15.450686,,0.24091367680958645,-6.919766933507401,5.242743678561114,
5408542506434052096,149.9960740650576,-47.26830218358193,15.454078,0.8082676,0.49665869853063715,-6.4564486014912,3.7756025270183935,6369.793
5408167160654763648,149.8498633147286,-47.3444891123688,15.455355,1.0527182,0.6602940216192589,-3.820449703836639,2.573042647300717,5299.5923
5408350607297954304,150.3361002477889,-47.40372228995911,15.458006,0.9910021,0.3727202062117313,-8.687296857680808,5.803765087614119,5846.796
5408165094768256896,149.83394994970175,-47.44706174539229,15.458059,0.95343304,0.9424014956386058,-6.799840669318121,4.203437024213651,5616.3174
5408166232941963776,149.96884468066645,-47.380555942058486,15.458484,1.0127602,0.9727751682474316,-11.960900969477084,14.39345909315031,5231.9917
5408356036136412544,150.1563867289736,-47.26920103879632,15.46512,1.1267672,1.1695865276474164,-8.16651682804412,-0.4006186190969267,5093.3115
5408163930839469440,149.83111848592603,-47.48328518747705,15.467797,0.9689112,0.2894090600221116,-7.010255746245651,2.799774122744724,5831.4863
5408353115561771648,150.1622713988861,-47.38715270432885,15.468093,0.9259691,0.49720408807590366,-3.5815959790655545,2.7447077407503953,6078.425
5408542162836658304,149.95997214210166,-47.28092672175304,15.470942,1.245161,0.358485779584272,-7.97923964359912,2.402326416017691,5099.0356
5407975020999041536,150.03634144802214,-47.562223223892595,15.473278,1.3996611,0.18777867311638494,-4.71680583902818,2.254981633592637,5030.7305
5407978182089491072,150.03200207981683,-47.44180168592343,15.473441,,0.1412426403545797,-4.026668874794286,1.9632911814332772,
5408164686753550080,149.81635178761843,-47.46302033468723,15.474449,1.5581093,0.08630548758646493,-3.8170064594340154,2.4649480828233545,4724.001
5408542334635362816,150.0264508916129,-47.27551998619235,15.475092,1.0789576,0.40348048521731905,-9.93638803243059,5.184887051230929,5538.796
5407975089718518912,150.03255441439705,-47.558866425953426,15.482629,0.97029114,0.8112921563015993,-7.128853484387628,6.3042116083882105,5321.3813
5408542403354847488,150.05060126141828,-47.26040905530388,15.483686,1.3929434,0.2133157002272499,-4.665198192227974,4.216730336855043,4915.0005
5407973440451106816,150.13069847857165,-47.554581660858936,15.4863825,1.117383,0.2906178444488268,-9.220860998705671,-2.626969571431836,6298.979
5408348339555165440,150.2823909511895,-47.50366567048586,15.486874,1.4376049,0.1116664973957664,-3.592168630028443,2.2676694036530236,
5408164995991206016,149.7993043392912,-47.42901046332627,15.489119,0.91584396,0.7097207370259561,-16.514042742321724,10.394695977467824,5907.4653
5407977701058438912,149.98443462185628,-47.48296798153498,15.490569,0.9425278,0.27147175294724396,-7.648011275771141,2.907492779417668,6248.8174
5408165717545880320,149.9103299924958,-47.42137557095191,15.4963875,1.0456734,0.42342253411408504,-4.382461810521441,1.1508562065648573,5251.392
5408167263733986688,149.84449153107548,-47.322338580028024,15.499556,0.86415195,0.3230499181938095,-4.9908137912115125,3.228445464685637,6487.5522
5408542472074326912,150.04665185396868,-47.24689433200604,15.504633,1.210845,0.23507620947653524,-9.100381246447215,3.0691245679824632,
5408348408274641536,150.26435203798897,-47.495667786520514,15.506119,1.622386,0.010081867575647743,-2.8545990262280614,1.7877722743279354,4692.421
5408542025397694720,149.9498677321432,-47.30286956558979,15.509767,0.9337292,0.6631320945584532,-3.2846064516342754,0.5849998401539467,5763.764
5408542884391161856,149.93183497244019,-47.2731018607309,15.512312,0.93780136,0.31386394437700305,-4.1803105145761315,5.730860699758024,5804.692
5408166709676416000,149.94191015950597,-47.322166298017144,15.515031,0.8539257,0.3458374560847582,-5.21690152012183,6.866140477565171,6639.4062
5408356070496150784,150.12552863636608,-47.25440240568018,15.517918,1.3344202,0.10049811204996635,-4.569355986622562,3.0903796049100625,
5408355005344261120,150.20502323970817,-47.29413935011593,15.519078,1.3059397,0.0708186430283254,-5.002809131806466,2.413327055300852,
5408349988822643200,150.24693366162913,-47.40699055549329,15.519354,1.0145597,0.31701740614617496,-6.761906693531736,4.275459564933317,5523.7134
5407973509170568064,150.10181291006427,-47.5666421446688,15.519706,0.9405947,0.4673458755671837,-4.218262302119129,2.049536591706461,5512.205
5408350572938215808,150.32543379050196,-47.39972743221284,15.52802,1.0344353,1.0229528295639962,-0.4559334182147299,9.726387704108745,5166.952
5407969626519871488,149.89563683356684,-47.591285239853526,15.528278,2.2820892,4.7083789358833625,-29.101594518981116,1.331259899157609,3608.1956
5407978074712823040,149.99518186533294,-47.427641336711226,15.533635,1.4198341,0.03711039993787919,-4.093164791342459,3.8867352639403174,
5408354352509206144,150.10394423371218,-47.32022089727513,15.536888,1.0328684,0.5586171593174605,-5.474877153681222,-2.699397114024823,5396.2007
5408350607297954688,150.3336801225783,-47.40250364323406,15.53837,1.2463255,0.18331226060995384,-4.604353210995626,3.0642821199823134,5356.659
5408157849165765120,149.82465117358194,-47.53940671666146,15.542985,1.4262505,0.12981540329485908,-3.950774716386346,3.009314075035449,5111.1064
5408348163454222464,150.25640109481822,-47.54222358086735,15.545912,0.99766827,0.5579049484675209,-9.685917991113078,-2.6978663650698866,5137.158
5407973028134258432,150.18092233372636,-47.555692286070204,15.546923,0.84905624,0.3569061261746171,-5.481602770737313,3.3720983252231806,6829.2046
5408166267301700992,149.94328684346632,-47.38751210262275,15.547268,0.8820839,0.21229439538005462,-4.164245568268965,1.6569374016002287,6203.1504
5407975429012741120,149.928045889785,-47.5827347051268,15.549362,0.82331276,0.41042248490047706,-8.79716664249925,4.086138551971086,6392.6333
5408166610898968832,149.95243980489948,-47.34560190641663,15.556637,1.3957386,0.15403872408408484,-3.9220418116885933,2.9226000082516075,4945.672
5408166301661440640,149.95672595741658,-47.37227217237443,15.561739,0.9615116,0.36117367113512594,-4.5379467800597,2.37361833483048,5600.4795
5408166679618447488,149.93530216940906,-47.33200440962836,15.56274,1.0599346,0.316670194088047,-0.8643292350406033,2.3397791941677166,5351.568
5408355074063726976,150.16501740764394,-47.30519562068599,15.563683,1.2679558,0.33946307434967643,-6.933317770594916,3.9273051968915897,5834.3906
5407973436147976192,150.11981195922883,-47.55076656032374,15.564823,1.240881,1.385737759787544,-11.30692940140258,-0.9832403051377985,
5407972203500499200,150.17273379338272,-47.62014151419686,15.566611,1.4025621,0.12884182513638254,-4.90438209235993,3.3830959740528597,
5408351260132997760,150.30893488143326,-47.359095970884894,15.568214,0.74607086,0.28288989158401706,-6.694699401570451,4.928904444977876,7337.8066
5408166232941963520,149.96155838067043,-47.382575571709395,15.5732155,0.85007954,0.3861628408881752,-6.316503205656867,6.497270296040832,6524.9307
5408164514954889344,149.87119336168973,-47.41687717786282,15.57397,1.3445997,0.2674308279181989,-7.6648356150513255,6.718295381789961,4916.2876
5407976635906550144,150.05346219168337,-47.51236088751759,15.574837,1.3449526,0.08687190670431807,-6.5712309606176635,4.1958603698302985,
5407974471243306624,150.01572440982576,-47.62540782283986,15.585237,0.9218006,0.3820526973068417,-6.824979478792711,1.7942036468502056,6152.3164
5408353184278085760,150.1343618113519,-47.37991322017239,15.585611,1.558258,0.03093783631032945,-3.7627058583172373,1.1574456160791033,4827.555
5407975845632534144,149.9153487869036,-47.540756271755036,15.586866,0.8968687,0.459730393037978,-8.702620931827447,5.136446456680697,6070.7617
5408348476994104576,150.22614778563116,-47.505087426661184,15.599112,0.9115963,0.18315224759097487,-5.16356445311833,3.63039010859678,6222.267
5408354038969933952,150.02483391719412,-47.351429644080476,15.599356,1.2221575,0.9517005000218162,-16.78930057489551,2.439735776039308,4937.2246
5407977048223423488,150.03414261728713,-47.464681708415846,15.60379,1.0611401,1.1371518209597746,-20.71414699432455,-5.183044233719537,4930.453
5407974574322423936,150.00960818700594,-47.58993181464356,15.608552,1.0169506,0.4049839547367865,-5.110618856335638,4.137201583432212,5279.2656
5407978319533759104,150.0510071415384,-47.42496131139908,15.613875,0.7815075,-0.8136802541316911,-3.635395967982642,3.2411468073623477,6686.7246
5408541681800450176,149.98855304662058,-47.34082731612044,15.615395,1.0260191,0.6453886762147439,-6.052112668872058,5.537464188232195,5375.902
5407978456972707072,149.99985923745766,-47.416316753629715,15.61625,0.8841791,0.444839321996205,0.7029316347551255,-0.037561275223696754,6010.4146
5407961105306009600,150.26143373129864,-47.567186577200296,15.617739,1.083314,,,,
5407973165573227392,150.19912507525436,-47.533466395011374,15.6197,0.96947575,0.2945018932401661,-5.707201763663209,1.908344927661545,6011.563
5408164446237812608,149.88622745970432,-47.43130270523534,15.620856,1.3708124,0.2567805014033233,-8.636609680365137,5.8720263664864,4867.9487
5408354386868948352,150.11391061817898,-47.313577761263815,15.625217,0.85055256,0.15968240362214806,-5.657874254088318,3.90338237841935,6825.6665
5408348167756453760,150.26368270953193,-47.539130013570315,15.626144,1.4390659,0.12364429343255744,-3.6211329995318695,2.0457503886607338,4865.015
5407971516305691392,150.03051644027948,-47.63356030139102,15.629852,1.0527334,0.629324569838384,-6.726878789079617,5.3423101778855795,5182.6646
5408167366813206272,149.88048566642777,-47.327137439669826,15.635282,0.9126091,0.6211071517755815,-5.006483398847335,3.3464775476400552,5669.6626
5408338615749478528,150.33145777508358,-47.45326499188797,15.635485,1.1663847,0.434218163130892,-8.397948843951555,9.30935936695253,5745.665
5408166817057364992,149.84653243030897,-47.3902612476175,15.635628,0.9393883,0.3278018856605861,-2.5783776393202436,3.92768007067766,5867.9287
5408353493515739392,150.12034377713465,-47.348795386199114,15.636549,0.9216671,0.21512674916861724,-4.1421221459166055,2.3319393636033006,6082.3203
5408355589460044800,150.20053442668092,-47.27260966322503,15.636875,1.0783968,0.8414803480348969,-7.224710327287303,2.2149608833452525,5229.3584
5408350194980852736,150.18754767288937,-47.38833229034083,15.641001,0.99620247,0.5604376889912216,-3.6890217424187375,1.1714339401459586,5796.393
5408163999558952192,149.89474103377654,-47.482395956560254,15.641093,0.93904305,0.3337811169774997,-6.476027432890186,7.6412460251475185,6008.465
5407978044655833600,149.9736774687694,-47.44362465549204,15.642113,1.0554037,0.47322905788862113,-1.985059366110689,-0.8173354356198376,5658.9595
5407976803402394880,150.03460716965458,-47.51851180366691,15.645,0.94762135,0.5349914826982208,-5.249767567964149,-1.029604129896316,5518.085
5408157436848899328,149.83765307193593,-47.568193387254425,15.646314,1.0587902,0.5155597350703168,-6.33069078802856,-0.4479922786450866,5397.1694
5408336932122276864,150.33913909255855,-47.5016273172027,15.646622,1.0553493,0.5661115104062985,-16.55379921134241,3.475107941316096,5497.669
5407977460534995840,150.06147685000658,-47.44479063885258,15.6562605,1.4459496,0.10641573101952279,-2.9325421922090715,1.6837833985680568,5078.5947
5408167710410603520,149.89203865484376,-47.2963679689404,15.656382,1.2482386,0.3585172508428049,-5.095718748666065,4.563508115614406,5142.09
5408166026783388416,149.89876269747828,-47.39413054524041,15.659099,0.9474716,0.4987723671843732,-4.4589163664768625,-0.9291319473962685,5803.988
5408165992423643392,149.88662657002064,-47.412316030607464,15.659917,1.1283388,1.21852331199224,-18.800604922630853,8.099730073422608,5020.178
5408349645225224576,150.1621574063736,-47.443657475111124,15.6682205,1.0071316,0.5816623513758337,-14.32812311656622,4.762771527988447,5647.3584
5407974677401413888,149.9440364776492,-47.60781487138315,15.671344,1.135149,0.9802263633176319,10.282782641273949,-3.5252631422652856,4849.5757
5407972444018677120,150.1778607997622,-47.605968525019684,15.671664,0.842226,0.37616690237843015,-6.643460342308398,5.292908548736829,6734.343
5408350676017426816,150.29642089220252,-47.39580343200114,15.673584,1.332469,1.5723583867591324,-7.79557454173937,5.378707902890294,4735.324
5408350160621321472,150.1759747814845,-47.40834292219634,15.681698,1.334609,0.24970407444580167,-4.269514211849968,1.5155744656897883,5174.9883
5408337103920738176,150.3307359790009,-47.49016922066724,15.681859,0.5861435,0.1720883284404039,-5.84577798353011,3.8634893981839116,8137.7144
5408350572938210432,150.32083814900426,-47.410121704566755,15.683016,0.6361265,0.1891038861794107,-4.944515316528371,3.8971745936760414,7919.819
5408353523573875584,150.14328813040626,-47.341158927536284,15.684286,1.1006451,0.44385735948547866,-2.5763531805011914,1.5635309615277548,5485.6973
5407976464107847424,149.92937869189302,-47.48830588502641,15.68549,1.123435,0.9520295885725163,-6.45705454704756,7.233259016063309,5057.958
5407973058190864128,150.19122221851802,-47.54305521870105,15.687062,1.0739899,0.39015987066822616,-9.405782003916707,3.6487627032896937,5470.9062
5408166782697772416,149.86923164779344,-47.381161200303474,15.692803,1.032548,0.39995915599719445,-5.941259813740784,3.569792989151777,5349.832
5407975673833847424,149.94623038717796,-47.542368900791956,15.6933155,1.2526417,0.3274932077903164,-5.19416508691145,2.852500205616156,5321.63
5407971619384927744,150.10915202905514,-47.63212795540265,15.694151,1.1137562,1.002277989735263,-5.017668512816839,-2.1819273620040365,4949.0234
5408353081198868480,150.1101103804207,-47.37318717616565,15.694961,1.101162,0.8393899870308542,-12.17562843910972,9.392829979908306,5511.5273
5408348958030487552,150.30100060967604,-47.44477886781403,15.69685,0.9643574,0.31032742560275395,-3.816294623886363,3.1009987941500867,5862.2266
5407973990206958464,150.1638426432085,-47.49935917688653,15.697926,1.2860861,1.0801350055449888,-11.659672630188421,5.3486472147419075,
5408164514954884864,149.8622575884516,-47.420043900945146,15.704407,0.88635826,0.6270484832863086,-11.614167410931703,5.721137042081805,5949.0376
5408542128476923392,149.97977729593364,-47.28223791754054,15.704511,1.4404459,0.1389086039025187,-3.3947278860108057,3.668565331154044,4855.114
5408166267301701376,149.95585142677047,-47.38493333313437,15.706597,1.4729395,0.08905390495390213,-4.80336066421415,3.2632577872746067,4776.5396
5407976945144201216,150.04296009133876,-47.48881547656078,15.706929,0.9523735,0.6189467909632833,-7.007554590548428,3.7862919392374454,5593.738
5407978147735057280,149.96953966253892,-47.413855850969966,15.711068,0.8424034,0.29820680973315433,-6.297295087311027,2.8263683283335186,6633.73
5407971619384926464,150.10613653870763,-47.63279771882934,15.711435,1.2984047,0.38721803524865717,-3.0023824627568576,1.5379328515300328,5055.834
5408355967416930688,150.11877858722798,-47.26527904257015,15.714572,0.8965807,0.31043703979372755,-3.2017394635740826,4.225331935702091,5995.6177
5408356207935095936,150.08679500284907,-47.25872069174807,15.7189455,0.86005783,0.33485892986855526,-5.8523405398417925,0.26188164202187136,6591.2324
5408338650108985472,150.3393162872772,-47.441475290984165,15.725356,1.0528278,0.7734904710425899,-13.988479236948855,-0.7655241876930402,5227.2715
5408541681800450304,150.0056427260617,-47.347631542161,15.72809,0.6842222,0.1475255934557565,-5.083974608762399,3.54989254946891,7731.6855
5408352703241733760,150.1407619881825,-47.423614589304464,15.732242,1.0860386,0.7361239467071174,-2.147696821974856,-3.967256321225067,5101.225
5408165648826401792,149.92571012297626,-47.448588935818194,15.734373,1.1005878,-0.025666426022099467,-4.974345176239149,4.631808706926272,5511.951
5407973680969286528,150.11830567766125,-47.52698200822381,15.736657,0.89275646,0.5831457441293587,-7.949000450355802,2.512056321626818,6304.009
5408164343156172800,149.85032597893021,-47.465346327912165,15.737003,1.0315704,0.5391750877951543,-19.834516936102748,4.428618276601188,5461.1567
5407972237860243840,150.18559375112423,-47.61520176715811,15.73944,1.2034178,0.10946200401847676,-4.750126501427482,3.2467457569431595,6297.15
5407972547097905152,150.18762400782444,-47.589417225298426,15.740047,1.4798574,0.1040771156564359,-4.642190990067448,3.7071644048126933,4882.6206
5408336897762728704,150.33311813774912,-47.51367007223773,15.740154,0.99857235,0.5054196393884838,-12.605593808097748,3.304930702419849,5331.9995
5407971619384928128,150.1046734027184,-47.62835047236158,15.740641,1.3725567,0.29844382552765814,-5.3022308988602305,1.213890159482935,5046.331
5408542467774200832,150.03856085252087,-47.25054450422634,15.741622,0.9374428,0.5932831335321387,-8.357505777797103,7.8262219810104,5480.228
5408353665314406016,150.0580341132318,-47.390513653014274,15.743641,0.84904575,0.24793396766251213,-5.499072321934415,6.085768052743999,6680.0137
5408542850031414912,149.9128762728165,-47.287737250523485,15.745238,0.905323,0.5862129228589611,-5.083328533803307,8.259385243564823,5989.3804
5407974368163972096,150.00578868965368,-47.62807569948943,15.745623,1.0222006,0.5088364437890496,0.6426983999298563,-0.0710766925802593,5383.2705
5408166026783527936,149.89878643964803,-47.39764172085849,15.747474,1.3604059,0.34783727147744564,-5.547028405681069,3.2950275438427115,4995.337
5408352875040636544,150.10809965496682,-47.40798878621365,15.758513,1.1821508,0.24322946713393467,-4.158332728943041,-3.129422680944884,6031.6685
5408166061134721408,149.92148046803746,-47.39304364482104,15.764118,0.6327219,0.23376124322903633,-5.3887433249075745,2.3259423492270876,7045.798
5408352394004149120,150.24280085478875,-47.29800522872556,15.766559,0.893754,0.40007650220684904,-6.415595241164926,1.265887306323016,6557.753
5408352840680683904,150.09337844024432,-47.413035153624186,15.76686,1.3610687,0.23500471742348672,-4.2362907788158894,2.981469171729786,4853.1074
5407975467675404288,149.93068957796274,-47.574927174137194,15.768601,1.0257797,0.4498593251464041,-8.382451238320956,5.6404013700921105,5368.75
5407972925055066112,150.23880133658437,-47.53983437686248,15.770348,0.90340424,0.32418911676856843,-4.7157638040659124,1.8487349071815904,6370.587
5408348889311010048,150.32597312722703,-47.459010038202855,15.770694,1.034236,0.7265211848486842,-12.457971638733541,7.8331789027438585,5600.916
5407977769777923712,150.01030630542587,-47.46878064962908,15.770991,1.2612514,1.2048295869817116,-4.488627697474295,-2.0027931858810186,5000.915
5407974024566697472,150.17026968944222,-47.50094424050014,15.77664,1.2028761,1.1046810533709563,0.9730713254142067,-15.822527724558663,
5407974333804227968,149.99382876129138,-47.63452118060916,15.777,1.0568495,0.37609543948554897,-10.683141067629965,7.4855696783850405,5764.65
5407977563619514112,150.05191273911367,-47.42924069460256,15.778116,1.1082144,1.0215801733365775,-5.981211042893423,2.3938762044743402,5141.6724
5407977426180790144,150.0531189089851,-47.45347433229505,15.785546,0.96937275,0.5793995964187254,-8.807875325205652,5.1677952403384815,5793.6353
5407977975936346240,149.94661170780083,-47.46261154398006,15.788507,0.73998547,0.3027991230612686,-4.280495320913462,2.914855704158234,7281.2266
5407973303012133504,150.10494125578538,-47.57573648364192,15.791427,1.3662214,0.26803006131769147,-10.609339201541529,2.646472466788759,5016.1475
5407978388253236864,150.02598450612604,-47.40954279382244,15.793187,0.6689768,0.1175692938569153,-5.101099958633865,3.5149713750630385,7723.0107
5408354730466337536,150.06843251007626,-47.27411843522036,15.796228,1.0566378,0.47762616328828367,-1.5208779949834819,2.411603737534965,5216.9023
5407974436883452928,149.9973515249261,-47.617014044887355,15.797934,1.2052307,0.2039873784561074,9.77051734474543,-3.6846511843229717,5887.848
5407971859903094400,150.06417259024713,-47.61407726872653,15.798456,0.9961977,0.486765826329032,-3.071696018071515,5.140907756038342,5405.3057
5408355280222169728,150.17616226890817,-47.27235102445199,15.800883,0.9469099,0.32124090988201326,-9.60413127678083,4.925367469174626,5394.832
5407972547097899904,150.16879752025918,-47.58837181206566,15.802558,1.3131323,0.3030553521452904,-4.595420876171587,0.615761812226574,5233.7812
5407972787616093824,150.2104383168383,-47.56426774266127,15.803251,0.8482523,0.4499055415729122,-4.781207959189501,2.578206914660573,6581.9614
5408337103920737664,150.32826366305795,-47.49025539635815,15.803606,1.2759218,0.17623085717310524,-4.0797889077681795,1.365703476609003,5184.1187
5408167504252169472,149.90404550501773,-47.31312296394096,15.808441,0.93686295,0.4854245530161111,-8.186388612755355,3.8232522166081555,5711.455
5408349885743411712,150.2042689052304,-47.427483206844684,15.809596,0.9588232,0.43593598368723163,-0.05763825385426924,1.9927813068205285,6139.7515
5408350469858987648,150.3123632382993,-47.42031177567099,15.809924,1.4388857,0.09632934264361372,-2.1363862932429876,2.630385566265317,5742.158
5408336588524644864,150.3049531742261,-47.51166629171778,15.814019,0.9441128,0.30942814740603264,-6.608594468732078,2.055019932107934,5891.2104
5408163823457766784,149.83004358016268,-47.49443005238591,15.815221,0.86102295,0.38797531964020027,-5.8517076029166954,4.503050374599368,6357.7295
5408168569404074752,149.79796756992366,-47.36221268471844,15.817194,1.1288776,1.0259215946833657,-23.645107931379734,30.050878181715028,4885.4814
5408336378072160768,150.30427544717827,-47.559064203425145,15.81735,1.0139542,0.5045909888685165,-10.46294993503814,10.012664871343095,5733.257
5408351260132999296,150.31264585815345,-47.35188135425242,15.818343,1.4264259,0.33744533790447023,-6.4485999384137696,5.7649592038882975,4799.4126
5408354313847911552,150.08175948391198,-47.3199781521916,15.819485,0.9250717,0.5137940047179682,-2.394502501050082,0.3149661729784151,5958.752
5408352630220469760,150.11323878581152,-47.43114240172057,15.821026,0.9379215,0.5642609992292565,-2.171623700118802,-1.1662002258062145,5831.6753
5408542128476922112,149.97614243104445,-47.28351006109929,15.822716,1.007657,0.41920766662354925,-8.175862547529926,5.133370858014566,5432.66
5407971447586218880,150.05398011666517,-47.63807022445661,15.824935,1.3385191,0.20026217192582021,-5.219740527004949,5.171543738253231,5000.643
5407975124078049152,150.02923476107804,-47.5401361680684,15.825817,1.1512918,0.23691438975200638,-4.331415227349508,1.5377852159953846,6291.355
5408348683152555136,150.23717516320067,-47.470849481853165,15.825912,0.92950344,0.34252334478716234,-4.919769773397396,2.729814925821455,5963.029
5408351191413517184,150.32154443495185,-47.37194505464701,15.827264,1.0923328,0.4270255172030038,-8.357706295392488,0.8745930027292168,5318.119
5408348270835671424,150.2554993928467,-47.526485984568204,15.830208,1.0299406,0.6295282707865698,-7.309288668195516,7.591854768279424,5445.966
5408167332453471104,149.903364288928,-47.328520551167266,15.833926,1.4539337,1.1943232073901402,-7.9003961721000335,-7.2983569171656875,
5407977838497402880,149.98812394915197,-47.45086931541364,15.833985,1.2156525,0.35905069904288767,-7.8656373619338025,0.027914793552312918,5104.64
5408349301627831424,150.20501737789934,-47.4827765633656,15.834497,1.3188295,0.23901525163370382,-3.8313718989102936,0.9334863630187895,4935.715
5408350469858992768,150.31830945081143,-47.41304803208169,15.843727,0.7756796,0.1168947601317124,-5.396221777613139,3.6069535921270157,7779.1147
5408167366813204992,149.88560843841714,-47.33223077581653,15.849192,1.1499271,0.7230038180521517,-10.665459038928322,9.654106619613518,4933.9756
5407972856335587968,150.25945820208136,-47.55196209309374,15.849515,1.3569927,0.09696963398336436,-3.970592308641731,2.3823984319774043,4919.19
5408164274436696704,149.85476099283034,-47.466008713758335,15.852206,1.1295805,0.8926890543276186,-12.92862738463869,4.17534017010705,5375.701
5408352840680682624,150.0911190331999,-47.42463372274353,15.854314,0.9207363,0.23680776208414284,-6.768760061973509,4.384660447952628,6340.034
5407975983071493248,149.95580392050027,-47.5445799240321,15.857245,1.0529995,0.43829544689796657,-6.91811918770513,3.2416008134412366,5283.661
5408351981687281664,150.2313353958815,-47.31368275759798,15.8584385,1.1618748,0.9675718953868566,-8.319519962226302,5.682474104658478,5075.219
5408165992423641984,149.8779683615588,-47.41137888282808,15.858608,0.9352207,0.2535973900712933,-3.0298431549764464,2.8177602207469414,5921.0303
5408354421228686976,150.1040554201258,-47.30756232087237,15.861184,1.3642225,0.04548994705509033,-3.540351580602334,2.103263857334497,5114.056
5408349885743407488,150.211001417442,-47.439057156766346,15.8638315,1.2710047,1.0938731336472234,-11.276341590844035,8.047216741309784,4886.9917
5407975124078266368,150.0324531748141,-47.54277915912636,15.867231,1.313693,0.3857289271223188,-13.027508539889581,10.592702989219344,5163.141
5408163690321303552,149.86997643653444,-47.49171120845329,15.869065,1.6076212,0.13546115332521222,-3.715183018340052,2.5839717538241693,4603.3403
5408157643007335168,149.83468743875835,-47.54159610289428,15.869138,0.84074306,0.28452395364163174,-5.3373913726455475,5.029986820940025,6826.8584
5408336554165129344,150.29645369680443,-47.53353459796591,15.870374,0.81594086,0.34623545953936097,-2.2711949247914567,0.6867703200824786,6340.619
5408167091935278336,149.8256577447589,-47.35747119538289,15.871976,1.024746,0.49278365115629663,-6.230576919683753,8.821590119591553,5318.8433
5408158673799310208,149.78156618739726,-47.50182022454636,15.872766,1.2949457,0.24130372552277266,-4.51419942096395,0.7277927901619765,
5407975295876735104,150.01278304551988,-47.5496422327458,15.873461,0.76721954,0.19562038553009153,-5.328847963013535,4.009535814915518,7464.814
5408353493515741312,150.11755011098433,-47.34386877797628,15.874596,0.8797293,0.25617938375917226,-6.754117927383596,2.7970927144639024,6404.2744
5407978044655833984,149.97041172269294,-47.44014443797157,15.876679,1.400404,0.22900159898688177,-4.665731208871825,3.365667944576189,4859.1
5407974505602945152,150.02622260637355,-47.60159819148838,15.87716,0.99191093,0.4295273263717729,-6.156656014581633,3.270394573711168,5404.9556
5408354902265038080,150.21222130140538,-47.318940390056206,15.878183,0.9738569,0.4293122983488917,-4.869544178982763,0.7344242404540509,5489.02
5407972031701811200,150.08780125505868,-47.57323511507005,15.879262,1.1059141,0.7624726969270309,-14.861861841562291,4.664775766985354,5126.537
5408354696106595840,150.0665116087141,-47.28082100241775,15.890613,1.0960646,0.3486636375866669,-9.252017570860577,2.5005853446219155,5172.1226
5408541853590144256,150.02222581366865,-47.30276391166116,15.896691,0.95686436,0.5342520002497994,-4.71110698755044,4.578402498619967,5949.139
5408356139215747968,150.08821016270932,-47.272408876156284,15.897589,1.241231,0.3664386203147972,-7.939129035452036,2.54701813464857,4985.8516
5407971653744658304,150.08277436578334,-47.63424155380335,15.898791,0.95139027,0.37207505476924757,-5.628232758174509,6.828314206304089,6025.893
5408164549314575104,149.79831551206152,-47.49990177393954,15.9036455,0.92810726,0.525346837427794,-5.194886894801977,-0.08114101876050017,5381.8667
5408542094117178880,149.980709042231,-47.29947959552111,15.904351,0.80300045,0.2850860154823468,-3.3947648224415223,3.648815503830507,6764.9424
5407975914346663296,149.90445834307414,-47.526233623939916,15.904606,1.1890717,,,,
5407971275787531648,150.07203072299558,-47.635819191340346,15.906037,0.9565706,0.4548330411602318,-3.4935924167536565,1.5711299089419013,5957.666
5408165408308077568,149.80884586830496,-47.40566512631566,15.9064245,1.6381283,1.9380298590200604,1.91274130133395,-3.9817808435680666,4441.046
5408164274436857600,149.85621595011975,-47.47118655879712,15.908479,1.0788593,0.3065090391270797,-3.0019974803699174,-1.255970461027043,5717.127
5408166439100282752,149.9699281251263,-47.33924559172977,15.909693,1.0734863,0.4163275884669911,-4.059820806870481,3.24546622515127,5195.176
5408164618034054400,149.78045849925482,-47.48524174472584,15.915481,1.0096903,0.6141666622052879,-9.916015843960974,4.564624422958612,5252.038
5407978422612979456,150.03178667012975,-47.39204331741482,15.918709,0.88551044,0.15059239276670822,-4.041689853902195,4.069812775382099,6471.1187
5407972478378659968,150.15146565544686,-47.60839867711349,15.919568,1.0460806,0.4663588476981114,-13.59810705028813,4.376494287617706,5700.041
5408355383301384064,150.21520059184456,-47.293715808304825,15.919607,1.1553326,0.992665229148492,-17.85788876538541,8.717399735418745,5002.9526
5407978216454541312,150.04139246892694,-47.427677007687116,15.921349,1.3004942,1.3280948912961579,-15.640005364298819,9.47862955758544,4748.353
5408337035201494912,150.34281630310917,-47.49668661917381,15.932653,0.96898746,0.34134261836254526,-7.28838038082839,1.9931956145040248,5530.4736
5408166095502875392,149.92567753315194,-47.37916861667248,15.932964,1.118227,0.47834291184287175,-6.46742482918369,0.5228638029190935,5146.2866
5407969832678303360,149.87881402939237,-47.57789138082462,15.935933,1.2152386,1.0521871664448557,-6.440535484369046,4.602361157844491,4788.948
5408355589459818752,150.187780644429,-47.26871031007732,15.938354,1.1017189,0.5726362059160586,-5.131674349938214,3.3216388210683627,5342.4067
5407974333804228864,149.99442084074548,-47.632329332960744,15.938668,1.3996668,0.18067159675932587,-5.567677724955946,3.6098867793446976,4979.18
5407976464107848832,149.92676047766764,-47.4831250817183,15.939216,0.87622833,0.18713710993720684,-6.404672336655654,4.502968147136656,6459.7607
5408353390436516352,150.12359601521482,-47.373209285707745,15.941224,1.2162895,0.8991565959305133,-14.065897630843157,10.36562122596289,5085.2793
5407974093286158464,150.14055373003274,-47.5153600305091,15.941228,0.8991461,0.4313605218317552,-10.293410102767789,6.357056020016667,6050.403
5407975948712288512,149.9046649607052,-47.52101587284305,15.941649,0.87958145,0.220164023608728,-5.897377918095821,4.569278939101098,6642.4033
5408165408308078464,149.8135612725797,-47.40630061965295,15.943184,0.8698273,0.32030305803745,-5.708682324160685,3.1612253022338637,6134.4956
5407978182094793472,150.02150554057445,-47.44711568230934,15.946076,0.93933964,0.4411470148289068,-10.027729110027018,3.4338575274820577,5862.6772
5408354008911791872,150.00864551961658,-47.35968620386999,15.946751,1.1532803,0.566655719676207,-14.46164643944406,5.177965429678671,5596.315
5408164240077128576,149.9056014641251,-47.440763672286664,15.947987,1.2041407,0.7625890946451601,-6.455289522157666,3.683449544936362,
5408349473426534016,150.19919934413394,-47.45871690306871,15.948929,1.0101671,0.4186565833517802,-3.87538210022218,-1.354414822382401,5735.341
5408164480595145600,149.8652996527434,-47.42385272844937,15.950486,1.0822077,0.683328382005553,-7.072043945397741,3.9072924485679152,5577.0513
5408353356076798080,150.16565386147735,-47.33446591901558,15.950918,1.0222301,0.5366467782626663,-8.185006291106625,0.5511502977902252,5393.257
5407977907216870912,149.96708663315079,-47.467030031514625,15.952317,1.383771,0.14290692816202488,-3.201271383776463,1.9321581448894745,4956.057
5407975295876739200,150.00900156654862,-47.536048076063636,15.953413,1.4839048,1.393003839742098,-7.4506808636527975,0.288084188586327,
5408351736866380800,150.23162303071115,-47.37302164904177,15.956172,1.1152487,0.754015500659231,-1.5154815459472684,-3.008725580412361,5303.7046
5408354318152658432,150.08816361568822,-47.3191421482045,15.958183,1.2595806,0.23081904581007898,-6.001412541579012,4.11668390693386,5000.6377
5408166610899087616,149.94572679107125,-47.33938786470699,15.958978,0.8538637,0.3624077386711038,-6.103117742802189,6.092574371107236,6373.924
5407974230725132416,150.15974704295817,-47.47831557855624,15.959288,0.98368835,0.45501297032472326,-8.711843179061628,4.946701110053028,5141.091
5408352703241947008,150.14149726434061,-47.418841751950275,15.962592,0.623394,0.1353403818960172,-3.9653954208503723,2.005674879731908,8312.253
5408165992423645696,149.88112620897496,-47.40024659227812,15.964785,0.99626637,0.7730395237591794,-11.031390678998575,4.721361856424705,5051.958
5407975433315661312,149.92220757507553,-47.58647864985585,15.966627,1.1913366,0.29666505609301536,-4.933621566638255,2.075640162335791,5212.4194
5408353734033884416,150.04580962489118,-47.37819647189901,15.967311,1.0349035,0.44809030293022484,-4.752500495722513,2.0596914729071063,5225.4585
5408349851377003264,150.22602189204264,-47.43246472925018,15.972176,0.9862757,0.8610091973280921,-13.732753353515502,-2.704303922476159,5726.3994
5408167469892436992,149.92620346889922,-47.30668475301589,15.977624,0.9646597,0.33235521952493563,-4.744117863779138,3.9960563687725985,5907.6694
5408353390436518528,150.13456547908794,-47.37299341392278,15.977728,1.0354548,0.6362011691288701,-16.169436942569693,8.698174667130068,5638.759
5408165270869132800,149.8447946843568,-47.40546609180034,15.981924,1.0810804,0.47464389275550106,-3.588290156213763,-3.0283240213702696,5580.267
5408165923704309504,149.88975210997185,-47.42177502099693,15.982123,0.86746216,0.32192767438281816,-4.804993614170399,2.5611254882707426,6332.82
5408350259409104256,150.22392354712284,-47.377719779926764,15.98291,0.8889265,0.3835862965680835,-9.010408672285447,4.914908676817253,6367.576
5408166817057367040,149.84193258853833,-47.37806327129744,15.9840555,0.99108124,0.3428029753759745,-7.826394034864958,2.3291106272966777,5782.479
5408348580073329536,150.2400496135226,-47.49223721171427,15.986876,1.1001673,0.5977150987496656,-13.645628047775118,4.52754725779091,5294.881
5407976429748113408,149.94580643721446,-47.48099501400571,15.989512,1.0210638,0.8009701732327216,-1.969567959876048,8.317687968743801,5017.2905
5408355348941650048,150.23476342497023,-47.291426407912596,15.98965,1.1748409,0.29175369532470224,-5.799961753726702,2.7354239026359415,5670.9326
5407976635901225856,150.05605731443111,-47.512490545762375,15.990938,0.9932661,0.34285498945089643,-4.284918262670693,0.5906255833311065,5408.476
5408338547029764096,150.35301946844115,-47.46471858160395,15.991392,0.96419334,0.4324185767806029,-4.108675325309431,2.1944747281660733,5772.849
5408350985255084544,150.3368007841469,-47.384294433827954,15.998201,1.0389595,0.6234635914666289,3.9168845981817952,3.135537964290587,6005.962
5408337103920742016,150.32461872924938,-47.479483955206085,16.002363,1.2778397,1.216188923182073,-18.787054041051306,10.151150026223913,4823.751
5408348683152557056,150.24025640517078,-47.468105505121976,16.00266,1.0250292,0.4240969758100611,0.29862145191918876,4.135511355237248,5248.746
5408166954496332672,149.8731472069695,-47.356416517182055,16.00532,1.5494404,0.13594358729098865,-2.7101526806719325,1.7358014537165667,
5408542506434050688,150.00026055124002,-47.274524869882484,16.006,1.1281643,0.5819515838513285,-13.401472976725122,11.521541457116404,5369.8936
5408350641657676160,150.28421614635837,-47.41466685213674,16.006187,1.2500792,0.682987082843542,11.353974481887134,-5.7651059385584595,4977.8086
5408349129829177472,150.28619125120008,-47.44358671727709,16.006897,1.2031193,1.0707024920002643,-2.3298981698299914,2.1039696740332454,4818.9473
5407975948711754112,149.90045945179708,-47.520618206456014,16.008728,0.7453861,0.15833613431345506,-3.8415435418342008,2.3225428065520832,7116.603
5408354730466339840,150.06969998650774,-47.268543069998806,16.01096,0.90328217,0.13094113025643203,-3.9633167129435773,3.805762237958825,5970.111
5408164033918692736,149.90455394455057,-47.475502553136295,16.014616,1.3159122,0.3084269735406076,-7.145573447971556,5.999799318628433,5149.729
5407977357461070336,150.06322958179754,-47.47233959403639,16.014654,0.88716316,0.1629450089539827,-5.9709950606801065,3.6719397730604224,6543.1924
5408166920136598656,149.8948770583508,-47.357260035450835,16.014671,1.0940046,0.41162795958466136,-7.404276196525418,4.962592304469624,
5408542368995106560,150.04317912764762,-47.26671691167064,16.017303,1.1822786,1.0139271000943355,-11.526046634247471,8.65336077538178,5009.6943
5408356207935094400,150.0847519183035,-47.26243291352045,16.020992,0.91755867,0.44889269722998815,-5.062588648439126,-0.768288256800402,5799.971
5407978525692184960,149.97668443289388,-47.40197948369146,16.021069,0.99765205,0.3558105897270897,-5.637705420644736,4.071812380799839,5427.6074
5408338650108988928,150.353749286657,-47.440521979367794,16.022722,1.3052988,0.24855000592517076,-5.999616197405981,5.732975176812286,5181.7515
5408348717512297984,150.30244373304777,-47.4925465996765,16.026272,1.0515156,0.43802943024994057,-4.499669993505922,2.119584762441551,5959.2915
5407975330236482432,150.0256441063969,-47.53152132536288,16.030853,0.9596567,0.35370157938239294,-8.287717107703134,5.2063400913516436,6042.9243
5408352320990669952,150.27142120814048,-47.30540544598502,16.030996,0.49845314,0.13805602673070944,-3.671215031530969,1.679659068268045,9560.638
5408164136997910784,149.91682652958323,-47.464882197764666,16.032028,1.2024794,1.112587149661068,-5.5159660788448965,1.863292823006275,5033.1504
5408349439066797824,150.22031832264847,-47.46464703159031,16.036371,1.260149,0.23920232733202193,-5.712828762058832,3.792712644610217,5321.054
5408163930839299200,149.83400259408495,-47.48560264015439,16.03753,1.0239916,0.4084015076200519,-9.969661434716148,6.282848342644864,5784.4473
5407973268652399232,150.13532608047382,-47.583180615888175,16.03818,1.0915222,0.8975642956848708,-19.693590828391287,1.7818324078663157,5436.84
5408351981687277952,150.23570935338273,-47.32839014810939,16.038551,1.0743628,0.6979270187834065,-13.538914838214993,6.480013683682175,5631.8906
5408166503517835008,149.9403918915928,-47.3649864371271,16.042843,0.93524647,0.45039277478083706,-7.2131974476325755,4.140541958774838,5863.0215
5408350607297956224,150.3311943647933,-47.397538260539804,16.047705,1.0151978,0.2773996313697385,-4.90015982793456,5.0240227812448985,6099.089
5407973096853750528,150.20413122461656,-47.53602200292752,16.049118,1.2988224,1.3677141155183659,-4.819622076044401,7.848457532254638,4712.736
5408349301627832960,150.20758397839094,-47.48082753910841,16.049671,0.9659357,0.4610065007075162,-2.0063828660356364,4.24063397423826,6199.2217
5408165408308078720,149.80883768420898,-47.40306639455563,16.052,1.526865,0.06808383449285965,-3.5229971069409847,2.508967729771866,4779.7373
5407976773345512448,150.06537408519887,-47.49274514795003,16.052225,1.0630884,0.6656772558648711,-5.86426472940635,3.581094590043027,5238.7715
5407973680970183936,150.1105840294384,-47.52439522977795,16.052507,0.8349676,0.3562215413291047,-3.668431836050435,1.085948262194429,6695.798
5407978628771410304,150.0231085263876,-47.38503604983774,16.05579,0.9739685,0.4229977026744882,-9.762842640777983,3.219457882131911,5772.9126
5407974604378961152,149.96232620290635,-47.60595263841477,16.057709,1.1031122,0.23862358121238056,-4.490711546218482,1.7360370870996622,5731.2866
5408350263703549568,150.21872542661384,-47.390580343218204,16.058496,0.97376156,0.4040416827174796,-9.291546776628095,5.069182304494635,5313.6807
5408167504252170752,149.89763485026097,-47.305768538270826,16.060585,0.8844366,0.34105165843559254,-6.882993459207302,2.8443297774392278,6017.163
5408348305195416192,150.2705121761585,-47.51893521554742,16.062273,1.1296349,0.7439336311437129,-14.670719991601366,8.419164006480212,5043.966
5408355864337705856,150.13017566743576,-47.29788355393051,16.06316,0.93648815,0.5208834581672591,-12.568632168878308,2.1162759537755726,5259.9785
5408165167789902592,149.82235429839605,-47.43008698607249,16.06361,1.1666985,0.32029078207384665,0.25677861020041703,8.805850008744416,
5408349473426536448,150.19435743519705,-47.451913930771674,16.0689,1.1091013,0.6965152557797326,-7.6382887561688655,0.7798870334488404,5228.345
5408165614466522496,149.80002303243947,-47.366799969609595,16.070179,0.8364496,0.18002944590830497,-5.08545503842328,4.362581396567926,
5408348511353838336,150.2132453097318,-47.51150638970648,16.071554,0.97330856,0.22449733402755567,-5.570676110815591,2.0329262358117544,5824.694
5407973784048508416,150.16167842802463,-47.53721739921074,16.072018,0.8517628,0.2294066926361835,-6.20540224698408,4.876414301191508,6588.7324
5407973199932977792,150.1991949709271,-47.510427217148845,16.072979,1.2432566,0.21164836620536542,-5.050118909703525,2.8054122536563213,5487.435
5407977460540295680,150.06095880869984,-47.44244741844938,16.073097,1.048789,0.48376084260096064,-7.046616699987129,-0.19142465394742525,5296.416
5408164308796599936,149.87857131337296,-47.460355592175326,16.075075,0.76836777,0.13958143010731638,-4.0603815078491055,1.6883351131392792,7181.5054
5408163552882344576,149.86389533497712,-47.5140703737687,16.076782,1.2458286,0.3167430471463031,-7.505557179656423,5.783076367826091,5144.479
5408350985255089152,150.33423425835153,-47.37479816122886,16.077335,0.946496,0.3459125175803173,-8.487882402180592,5.705966936802467,5990.275
5408350259398672896,150.2163228088148,-47.377177929725406,16.077871,1.1164036,0.46089615305708703,-8.24265492332129,5.272644351683917,5254.0684
5408337035201496576,150.3442265861241,-47.49527074979193,16.089725,0.9794426,0.48811002457891195,-6.9083527819910575,-4.846284722684261,5861.055
5408166954496329856,149.8576804474247,-47.360075512248876,16.093334,1.256875,0.6665393838335611,-3.0963237654213325,0.4375825723304801,5168.1577
5408163621601825024,149.89233222077638,-47.50908884108355,16.093727,0.84867764,0.4203413085338884,-5.281502500602594,3.427353833296144,6598.466
5408166336021180160,149.98720566251149,-47.37151280213304,16.097261,0.84154224,0.306494497506987,-5.063160940423569,1.4153827903832141,6376.906
5408167706108906368,149.87940700898204,-47.30325778204577,16.09792,1.1661539,0.8472447821672919,-6.819025006535828,5.39480343336661,5179.8203
5408354593027376640,150.06268009184305,-47.29498997975166,16.098639,1.9400969,2.77409621606062,-0.7245493651159514,-23.00362062679244,4034.4507
5407971928622572032,150.05426488280062,-47.607661934902815,16.101389,1.1797886,0.8914180879385524,-6.646853731211161,5.366611128971902,5154.6533
5408163827760079488,149.82075669718063,-47.48804155198608,16.102459,1.0030317,0.3674581422510387,-6.845102867926943,1.454389219299631,5701.34
5408352290924928256,150.25328960821255,-47.32016323504521,16.103582,1.026331,0.4900283566812621,-15.667403125607082,9.19329428773105,5694.8955
5408163621601825664,149.89478192908095,-47.509464079941246,16.104334,0.97146034,0.5512296135274476,-5.789435912565003,1.49683527797401,5397.2437
5407975845632535424,149.92098063893965,-47.54005790737253,16.105034,0.8967743,-0.6337911576232186,-5.610239203103469,4.669091580584604,
5407976120510462976,149.98337151883433,-47.51574629842064,16.107231,1.1365099,0.889186065074604,-4.8320824833642115,5.99986210317506,5015.7207
5408163484162903168,149.87059964792272,-47.526618053076426,16.108086,1.0043287,0.4167293235224254,-3.598409342119732,1.6610712657478726,5859.202
5407972512738160896,150.15234142799287,-47.580978575082426,16.110565,1.1721029,0.9421254781984665,-8.186754763217163,5.136400613788201,5070.4297
5407974917919816704,150.04078487873682,-47.587855229427674,16.112392,0.9098129,0.2251325666557844,-6.880574352502769,4.435006129333941,6466.2783
5408165580106779008,149.80615006089943,-47.38484177342053,16.112709,1.0082369,0.4315767066902282,-7.605798962542591,6.489017074328396,5085.7373
5407977597979256704,150.0672583814356,-47.42112112680843,16.113405,1.1609821,0.6396442688049913,-5.396460448426072,4.223451994877281,5198.0117
5408542364694971136,150.04157296565253,-47.268462395902084,16.115015,0.96912384,0.4786815271511217,-9.245130218008269,5.195221740015061,5181.729
5408354180710502784,150.03929111669305,-47.31874030736224,16.115118,0.72733593,0.18356923582815868,-4.290934073160748,3.714748875133215,7456.8804
5407973917184376192,150.18274740602888,-47.51257955241597,16.117817,0.9144325,0.3279321526161993,-8.129540881023107,3.655680015916167,6054.4634
5408353695372490880,150.07370986968306,-47.37896221206066,16.122116,1.0892229,0.7720273161443284,-12.120205669097118,-0.5912531979117288,5335.4136
5408354146350761216,150.0243717646862,-47.323233645935744,16.12395,1.1586666,0.2580147456284935,-2.8597790595452217,0.6007352218268074,
5407975673833842944,149.94190463209102,-47.55197401167206,16.125217,1.0457134,0.4945778372738714,-0.16150314801695465,4.908337012728304,5814.7
5408166782697634816,149.87527965500007,-47.37758695978335,16.125366,1.2175694,1.295817349148906,1.2404231514397148,2.331277230553249,
5408542231556140288,150.02825728658388,-47.29857591163752,16.129072,1.067049,-0.11063630714953106,-2.9565833082383706,7.200935922842826,5279.845
5408167469892435328,149.9292121656573,-47.313162715118494,16.130526,0.79543114,0.3269318016871798,-6.478280267460422,3.59106594253079,6804.3525
5408542059757440128,149.95398042282736,-47.287153504721395,16.130796,1.4648027,0.11100201998263677,-2.6761841391565415,1.573103449105818,4993.124
5408164240077128192,149.90216189208428,-47.44064164814594,16.131788,1.0303087,0.2953073010579342,-11.958730052580695,-2.0461558506812683,5379.046
5408166336021180032,149.9886341358071,-47.373938979409836,16.131962,1.3736687,0.7879888682859424,-10.766138060200324,0.3890044268826382,
5408166507819743232,149.94314197792923,-47.36783164806636,16.139214,1.0891199,0.2946862383250791,-8.257506162941336,5.734454685709398,5758.893
5407975879992279424,149.92178803282738,-47.524581115953474,16.144238,0.969944,0.35920814630018844,-6.373191227725836,2.0990930475830964,5952.0303
5408354627387118976,150.0793244053491,-47.28807889253101,16.14664,1.0704775,0.7409283980878667,-10.436435426988764,1.512926347515778,5404.0625
5408354764826289280,150.18378948815175,-47.34698622660153,16.147123,1.0908499,0.4879761278709929,-11.137139921197077,5.69775536356457,5453.9004
5407972753256342912,150.20939647841405,-47.58509417094654,16.149916,2.4584694,4.0710586817078624,15.501360009333688,-16.53363122164066,3642.0833
5408336554165125376,150.29215340554774,-47.537479940368904,16.153042,0.9236307,0.19479650107649749,-4.658746251082092,2.065701346770611,6111.9297
5408353081198870144,150.10901901278055,-47.37007887992324,16.153929,1.1801157,0.7754265546533858,-9.08454521625099,6.319817812201798,4977.087
5408350607297958912,150.34040302184107,-47.39529907121948,16.154303,1.0772104,0.6236887848847732,-9.925406724841213,0.9235629452804763,5268.1943
5407971928622570624,150.04725917525707,-47.606508297534674,16.157936,0.47469902,0.13510110625771868,-3.602151522489711,2.1576237962657716,9103.302
5408354593027374592,150.0525568902185,-47.29537924886074,16.163837,0.8780079,0.25027701556512083,-6.6562514477523695,5.507189797108397,6467.915
5408163651659012480,149.8694099348406,-47.51052701989389,16.164202,1.016202,0.596076208596965,-8.306532464219096,6.359275304878933,5500.081
5407973990206950784,150.1559594484834,-47.50836289926835,16.166254,0.760067,0.2484189894377745,-5.924485734504747,3.5875070864762035,7227.321
5408542506434052736,149.99655461941308,-47.26640351393295,16.166887,1.0812273,0.39797052556922236,-8.255843401541824,2.7624482304817697,5062.8223
5408165099070421888,149.83121263424223,-47.442884362922584,16.170336,0.9569073,0.4074651051483777,-4.337195019771559,5.6440897593744275,5716.1353
5407974020263614208,150.16650617009947,-47.49683358233216,16.17049,0.88467693,0.3132501593550249,-6.487664750503273,2.238178780091904,6321.552
5408542368995219840,150.04433104582523,-47.272991261833575,16.171707,1.1174192,0.8193262208535829,-11.682900270788757,6.178582155775824,5340.4214
5407971447586214144,150.03656017851353,-47.637795994517305,16.171974,1.0392132,0.5132012611615375,-8.83985236117678,1.4969055861826135,5360.819
5408166091200950400,149.91821761002635,-47.37115993564246,16.172369,0.80292416,0.18531733698755792,-6.2929969090240645,5.628985224656738,7162.0557
5408350057542270976,150.232372530901,-47.396912845292846,16.17759,1.0758877,0.3556924374671594,-8.725351344269253,-0.36218014168352797,5808.7847
5408352119126463616,150.27248502425704,-47.32176258312631,16.184086,1.3934345,0.051533431049881895,-2.3374711094103606,0.8207074251368861,
5407973406091373824,150.16013118490866,-47.556189948834955,16.184101,0.93101406,0.39177074914373783,-6.269214448362209,7.914670101054448,6083.8867
5408354833545552384,150.17775799157963,-47.32719113260587,16.18471,0.8158264,0.20167630449544627,-4.822595572863005,2.4032727313147983,6840.9795
5408356207935005952,150.0760421748479,-47.2489682428151,16.186058,0.76881695,0.15333756103118917,-3.8260935015094324,3.329166558826423,7133.575
5408354558667628288,150.03626540041566,-47.309430975384146,16.18671,0.9608154,0.297642705054816,-7.702402029826553,3.5408549185658256,5889.306
5408167091935278976,149.8221615440949,-47.35407042002361,16.187447,0.88925934,0.27994302500120477,-4.735792483963655,4.3210034997012,5940.36
5407977082583396992,150.09122827846457,-47.49090695471655,16.187798,1.335659,0.12875506612244036,-3.574049696401209,0.30473767153375264,
5408353699674146816,150.05949566384012,-47.382425746585774,16.187893,0.9218035,0.22069396856513107,-6.158299361206443,3.9343820083328964,5952.1772
5407969626519871360,149.89492821342787,-47.591033320538074,16.188547,,4.680146198023077,-28.229527468723717,1.2989395066567098,
5408157849165768960,149.83035258700482,-47.5292473192555,16.19046,1.2525377,0.8928093090533961,-9.117223044616091,2.2660822013833983,4931.9395
5407970897830426624,150.1356567999874,-47.6358708544449,16.190636,1.7958536,2.090796383121373,-10.462867572589975,-10.647780210097057,4395.4272
5407975673833847680,149.9381324111631,-47.53768857621407,16.190912,1.0235424,0.48688454785470353,-7.2305756498521685,-2.823985222206778,5382.281
5408352595860750336,150.13898516057463,-47.427313654102534,16.191593,1.3539152,0.3486089283018936,-6.903208106589665,4.526734161904656,4978.776
5408355074063728768,150.1745522850435,-47.30479280923456,16.193995,1.5378847,-0.009301616435330635,-2.3399419722389907,1.1788670646987258,4920.6646
5408166954496332032,149.86712858332012,-47.3573798056796,16.196362,1.0326548,0.38107268487349355,3.935811716107329,1.13067592355788,5900.72
5408336519805401472,150.32450984173272,-47.52594422559654,16.196924,0.9775753,0.4432160233686919,-2.4711384884546144,3.819427929550098,5371.822
5408354627387115776,150.08520230510211,-47.30374231886998,16.198772,0.9122267,0.23477590932170753,-7.2590537034814115,3.9923465189131484,6524.5405
5407975295876951936,150.0111099372759,-47.54277418390676,16.201014,1.1731558,0.2512512568575077,-3.1548407262561047,0.7222110542411188,5390.844
5407970927886864896,150.15413924044537,-47.63546071006752,16.201782,1.0297918,0.5135281944567467,-1.8443571932923226,2.6668458335233085,5276.4463
5408349778362205184,150.16111070875493,-47.42115798129795,16.203114,1.0422821,0.28560109526381616,-3.278426112273042,1.806910759763366,5612.736
5408543915183342720,150.07287640667494,-47.24610898655502,16.203438,1.5706806,1.626616870744413,-13.587985876110213,11.252592687888963,4386.7344
5408167396871196544,149.89987952425977,-47.31996700532352,16.203882,0.97807026,0.4751865488271722,-9.012373334408931,4.897274831202258,5715.0464
5407973268652653824,150.1406331877114,-47.573480143137765,16.20454,0.92544365,0.37445018981840317,-8.545632548030696,5.196952515277688,5808.836
5408351878601311872,150.2493329953427,-47.34809585734725,16.20465,1.2266092,0.9388888312251185,-2.678213944712451,9.745758922796288,4774.804
5408158669496938368,149.79475169587755,-47.512816764351626,16.205317,1.3409042,1.0441765159718235,-0.937068933107168,0.6347003211935509,4867.951
5407972959414780160,150.19696201518107,-47.56609965829509,16.205677,1.4318466,0.2528733199266056,-2.593410966445539,0.1993025048134367,4842.539
5408353287357316992,150.1936819892069,-47.36204325050235,16.206055,0.9482031,0.3236989371601123,-6.672215256884364,4.046689854777118,5869.124
5407972890695316864,150.23415844000988,-47.558327396652594,16.206436,1.071518,0.3562674396893114,-2.083988132553957,-0.6053542103397257,5043.4316
5407972100421361792,150.0794164506496,-47.56714658947613,16.208097,1.597825,0.12430157172916645,-5.476982053984833,2.972707720085358,4902.0713
5408165717545879424,149.90639507397435,-47.42666903090994,16.209297,0.9006405,0.2646786384731805,-6.129400988029347,3.7635693791624085,6026.36
5407975673833844736,149.93976417196055,-47.54645125675115,16.210688,1.064249,0.27058453381902814,-6.169452912422683,3.0278369764651036,5224.5977
5408166782700026368,149.87825895083958,-47.3776853519889,16.210915,0.7807312,0.17380763845944153,-6.105861445071142,4.099292102336804,
5408157574287857536,149.84510120357595,-47.55175726029379,16.211967,1.083664,0.4153051431742303,-5.36187743111239,5.546453301289705,5334.637
5408349439066805504,150.22426628254095,-47.451970679238464,16.212326,0.83665276,0.3919433555995795,-5.145551772308652,1.7466983974553885,6474.779
5408350298060075264,150.19608350604204,-47.375053788591316,16.218334,1.3653059,0.21508491539806085,-5.01067722244485,3.488625819407149,4938.428
5408352393997037824,150.25065936905818,-47.29279640967348,16.22143,0.9116049,0.3732472089394362,-6.411483682434303,3.470722612292035,6342.5684
5408351535010877184,150.23347410877267,-47.38161537236811,16.222675,1.0394707,0.23052257506596768,-4.440745978093731,3.591233972071252,5959.017
5408352737601482880,150.15339041177208,-47.39940990914228,16.22449,1.4473104,0.20736234724517383,-5.627493244263973,3.3405441379818552,5070.872
5407969763958821504,149.85398722511457,-47.58480783635859,16.233286,1.1409235,0.5624717270265139,-11.833202596976113,3.3420952254408185,5357.1616
5408164343156172544,149.84670922669596,-47.46406577566774,16.234915,1.0426607,0.6632509452305124,0.9795362144273618,-0.3290856402278536,5291.403
5408542540793794560,150.0034657701363,-47.257395527740215,16.235527,0.8723564,0.2485858358644467,-3.7726156291268165,2.107541889240146,6474.8354
5407972547097904768,150.18093227478974,-47.587000349943715,16.23974,0.9694319,0.253439862797156,-3.3099232169092816,1.0179749462083578,6064.306
5408163655961560576,149.8616861823365,-47.50864323220672,16.24002,1.2295504,0.3858601783581201,-7.24278533468038,5.242825455880962,5655.7666
5407976154870205824,149.9952132413523,-47.50832678855474,16.244848,0.9792509,0.30042076983840105,-6.8655799305673595,2.5590999202263185,5368.187
5408352943759904512,150.08431715065387,-47.38822548897023,16.246395,1.0621862,0.6317768816699343,-6.738833930511816,4.735673866995541,5695.049
5408165717545879808,149.90726402643674,-47.42206746749582,16.247736,1.2930775,0.14900049991910982,-3.9218028330989907,1.4434556744367257,5109.3447
5408353699666961792,150.06680049906663,-47.37916326978605,16.247929,0.6341095,0.2139208875483383,-5.838744140837742,3.710220747800353,7580.2617
5407977082578280960,150.0957954060797,-47.50060348459339,16.24932,0.9578533,0.4603019082020048,-4.8290306767884505,2.873521395078696,5904.3755
5408165786265359232,149.9486508546495,-47.422722496501876,16.249823,1.0031366,0.4791059388581617,-8.692418064171543,5.330212010116627,5174.889
5407974058926450304,150.12899987785093,-47.52310468863863,16.250248,1.0950127,0.7340461158863706,-9.800503481276735,9.133290655162048,4903.751
5408167568669896960,149.86279023995397,-47.31857594614315,16.253187,0.93853474,0.35998570231172045,-10.690930882024576,7.9464677334410485,6010.946
5407975708193572352,149.90292468031205,-47.56496503018364,16.25773,1.4017668,0.1917208901392131,-6.644685385426273,2.2691597291222765,4953.9546
5408350229340809088,150.21683664485522,-47.399063676453935,16.258593,0.8578062,0.3329684056627437,-5.890811432414536,4.133886167302188,6350.4146
5407972615817378048,150.15072635328949,-47.578503023821966,16.260786,1.1453295,0.18852024336634868,-3.9417712673827627,1.7290898408840432,5192.7266
5407977872857144192,150.00479073745925,-47.45071176407862,16.26167,0.97953415,0.29730949140602864,-5.135984071714611,1.7052696538983043,5984.135
5408355898697453440,150.13705696319846,-47.27670953082285,16.263645,1.4360046,0.2059923311738856,-4.502650921864379,2.544812247336874,4738.3823
5408352806320958592,150.13566102400517,-47.393345877284666,16.264685,1.7753296,1.8780646052267607,-3.6249607537456208,2.024867868065804,4301.038
5408165167792312960,149.81178544074103,-47.43619454530548,16.264717,0.96506405,0.15766877004231022,-4.245356703420254,1.539465979151068,5527.314
5407972444018674176,150.17029302247843,-47.60754898571655,16.265919,0.9037838,0.27563739071565535,-5.437456168042064,3.5224922497619904,6223.1143
5408351225773260160,150.32848388464134,-47.36231663888487,16.27067,1.2538443,0.9288882405478385,-9.376237944747558,7.346123359753557,4888.3896
5408166439100281728,149.96644366712883,-47.338876768438,16.270699,0.87273693,0.21306587253871626,-3.773128430218374,2.5470739667392603,6579.588
5407969798318758400,149.8890804306982,-47.59477513740539,16.271297,1.168684,0.7652226068551671,-2.387177997719509,-5.526067047460124,4813.889
5407974162000541824,150.1150303211294,-47.48411370801958,16.271986,1.0013571,0.33293977493705995,-5.088541238679224,5.321898967064298,5404.4126
5407974127640789248,150.11876919350772,-47.5023014645812,16.272459,1.0705147,0.5585605452709509,0.9930503094509271,0.7910373173505302,5176.2217
5407976464107851520,149.94093053376577,-47.48036088755994,16.273409,1.1265993,0.7756820837630323,-18.05446689490219,6.46440899368852,5237.5093
5408352703241734272,150.14378237565109,-47.422368993228275,16.273922,1.0562773,0.4371716018365823,-10.614928146118482,3.304367075265143,5731.3594
5408167023215796992,149.83723998511792,-47.37725646835151,16.276262,1.4233904,1.4346317674345936,-21.440798547341036,7.929732526032442,4684.4165
5408350877873951488,150.30234019145763,-47.36797977987492,16.279497,1.1587076,0.5009810560006721,-10.693857191873558,7.21025552935907,5555.011
5407978422612980608,150.03827292098268,-47.38660645472495,16.280136,1.3301916,0.13246978937067716,-4.362101390773739,2.3327723743561677,5189.563
5407978388253238656,150.03559635636054,-47.40861215030955,16.282684,0.89268875,0.3390987132131587,-9.325593076694771,3.520108362039113,6341.399
5408349748304444032,150.16726103977322,-47.43774496593814,16.283726,1.1944656,0.26538506714647336,-0.8514695813421491,0.7138518152558904,
5408163548586170624,149.8542611096776,-47.52444537279372,16.284267,0.9015217,0.5674579394297059,-8.33472670444628,3.435949147407058,6051.443
5408348958030487936,150.296462143104,-47.44227096637641,16.288717,1.1401196,0.7867250687363732,21.98746915725855,-32.17810672951174,5285.2134
5408167332453473408,149.90804906467207,-47.32620602230358,16.289879,1.0754681,0.35503894598193536,-6.697597575766596,5.651118679141952,5701.18
5408542231556265600,150.03398149836667,-47.30330591016708,16.294878,1.2537212,0.07027100183134474,-3.9607228141424744,2.263939898582348,5869.485
5407977941576615808,149.96618179971355,-47.44716963029141,16.295914,1.1885281,0.19499560772420035,-6.374610598581503,1.4097080592943654,5139.282
5408167396871174016,149.89420128296686,-47.32630491739811,16.297087,1.0633211,0.6930389921558398,-1.0719766700540156,1.5343453652114452,5496.4165
5408354249433139072,150.10143697381602,-47.34092434031133,16.297544,0.8760662,-0.09817497290838548,-4.730382288075558,7.845234871445348,
5408164549314575872,149.7872278116043,-47.49224036316497,16.298325,1.2419748,0.07064201482850929,-0.9531080707745125,-0.035398856871904125,5878.4336
5408157917885245312,149.80504652308431,-47.518078992354376,16.298525,0.94577885,0.15855110228015093,-4.796727068990918,3.3414326547879316,5720.1533
5408355864337841152,150.1304049888533,-47.29260216608952,16.300892,0.9515314,0.30883188978615667,-7.57471786143577,3.734189382998543,5834.6406
5407976086150721408,149.96372733558763,-47.51496137294099,16.301125,0.891016,0.16691626024310285,-7.160201373850477,4.219281704362937,5382.585
5407975433315861376,149.9226033439491,-47.58793280921198,16.301737,1.2850151,1.0253627076734353,-6.126629057767403,-0.2517782989604204,4816.9478
5407972375299219584,150.19873426560838,-47.58196720212182,16.302912,1.106082,0.39394254209352375,-11.679576473473853,3.8969886726947855,5732.555
5408354520006365440,150.0689434694476,-47.30816339847681,16.303045,1.0108852,0.3271388686468538,-3.6620707045586056,3.587404262453633,5813.4043
5407970863471617664,150.11136298378045,-47.63654323655007,16.306574,1.0212698,0.404598259210303,-2.1528204715362445,2.609922070382873,5559.902
5408166851417110144,149.85634757805795,-47.37169321162806,16.306993,1.1308155,0.48586354634378937,-9.737699854523523,3.423997803397061,5090.8184
5408350298063226496,150.18738154300823,-47.385189079731155,16.30783,1.1272936,0.5615011241842779,-4.902695121717153,4.738381229221339,5349.0244
5408336446783408896,150.28638788708784,-47.55097023584831,16.311968,0.99061966,0.431959629523008,-4.997223725862034,5.053376054463727,5246.7124
5407973028134260096,150.17561154504784,-47.5507509879319,16.31348,0.9243574,0.2813858669224607,-3.2604070163508103,1.799157372414919,6433.7656
5408355245862427264,150.1624468523852,-47.27803781296391,16.31591,0.9435482,0.2024291627312847,-5.957787801299225,1.4293507508773715,5822.7305
5408163759040774016,149.8343832441695,-47.504570240959,16.31608,1.045497,0.5660739987949686,-4.7185256346515505,-0.6683044292753454,5676.8696
5408349232911399296,150.26725071520443,-47.41065369407988,16.316256,1.4325943,0.7582842898564385,-10.574274950717628,-1.00812412965661,
5408164308796599168,149.86630575367514,-47.45852232137942,16.317041,0.90582275,0.39730071544544854,-10.61881575351699,7.626982417379534,5326.663
5408348442634363008,150.22330994193175,-47.51165387639258,16.318232,0.8691149,0.43634776513191614,-6.202525619078734,6.916248626203828,5990.7583
5408542437714583040,150.03022554309723,-47.26108385209964,16.318924,0.8642235,0.2889527942371496,-8.481355872207702,4.762543003147956,5956.5347
5408164755473022848,149.79342137188522,-47.46031586487994,16.320072,1.1597061,0.6186124826579639,-6.132606017696131,-1.2184693417645125,5287.323
5407971722464152448,150.1071071359769,-47.60794823422434,16.323355,1.1657228,0.33929143408949314,-5.436520408142508,6.384555031215175,5634.971
5407974711761156992,149.94674047112352,-47.59283355629147,16.331667,0.9557915,0.3080861538744208,-6.074896020750466,8.030872709902207,5967.5645
5408350332420031104,150.20795696650072,-47.37634894741137,16.335596,1.0427761,0.4770555393628873,-7.652833458312538,3.782288035570681,5306.652
5408355108423457152,150.1426406957915,-47.31439313377857,16.337868,1.1251678,0.4792814269081522,-6.964504703591234,6.62202045419105,5319.258
5408157849157501312,149.82675391037156,-47.53646962688787,16.338655,1.3761158,0.112330676322396,-5.130728322522968,2.686274681645976,5287.5234
5408353184278084480,150.13940874977507,-47.386152689195995,16.33972,1.049428,0.4907886029721907,-9.244271812647574,8.55595630175132,5166.43
5408542021097563392,149.9417615315953,-47.30265266200402,16.340776,1.0544987,0.7502787205509657,-8.39166174209926,0.9144719975515867,5355.527
5407960555549464576,150.23411400443493,-47.605083135185275,16.341076,1.3042927,0.3360439889502496,-6.413902146743903,0.3550555331552744,4934.222
5408541681800449920,149.98588984654134,-47.34501801214674,16.34258,0.67595863,0.16879638367316044,-5.483729325410228,4.166826194950501,7674.508
5408164686753551744,149.8108935817784,-47.45741216363809,16.34339,0.73442554,0.19795147852992456,-4.116781103472964,2.3596077541861353,7349.619
5408166129862610816,149.89659415130473,-47.3739595604869,16.344051,0.988575,0.48303847622585666,-6.372280398974843,4.571682319176865,5605.8564
5407974471243193984,150.01088231793838,-47.619805124315626,16.346724,1.0358124,0.3689506097199409,-6.967418683997623,3.2524829260545243,5667.6147
5408353012479390336,150.11536716509423,-47.37996633615197,16.348948,2.099308,2.5287346508640174,-19.57897427394307,16.38959517026789,3982.719
5407976086151800576,149.95937880860762,-47.51366476947623,16.349222,0.94768333,1.0861893795554072,-5.339360460060712,-1.256957983680095,
5407976361028629504,149.92368109501993,-47.49198676930601,16.35085,1.0214882,0.5472733056903646,-1.4578399366058015,-1.2646815962617706,4994.7993
5408354249429984128,150.097168905828,-47.33590117229279,16.353176,0.65547657,0.12385442832059879,-4.726887399061177,3.1074248812078187,8777.827
5408350607297954432,150.33512074411794,-47.403208700259285,16.353477,1.1062937,0.7572453137377235,-7.346047912251761,-4.243377795884472,4779.307
5407973028134257152,150.17999642772418,-47.55767946266529,16.354563,1.0298262,0.399195375347694,-6.28584145434374,4.98847053504868,5307.127
5407977323101348736,150.10858780398843,-47.44573261694477,16.357388,0.9894533,0.5655336177700194,-2.7935340100013617,-5.763257833433087,5137.773
5408166129862744704,149.89880865750666,-47.38496697207367,16.357899,1.0395947,0.5580479227119168,0.259454748848867,6.334776026655975,5450.159
5408354318149465088,150.09433761522348,-47.32243752577773,16.358883,1.0256119,0.37390874591849776,-6.853985046911087,3.9927219075434865,5631.084
5407977078280336128,150.0964892269019,-47.49624945283507,16.361353,1.8243885,2.03404445728934,-47.03629634460455,23.921215122326082,4292.299
5407972233556987904,150.18421543724534,-47.619058595841466,16.361996,1.3649178,0.1975471699330303,-4.323961895329532,1.5882466475988026,4770.4497
5408542506425189760,149.99721783107884,-47.26853748684654,16.363338,0.93618774,0.3006287856564089,-4.302684573097355,0.6906077205066822,5266.416
5407978319533758592,150.03461731502725,-47.41793064401723,16.36421,0.9045296,0.11873351711858332,-4.3559213828522845,3.167376823012114,6572.288
5408350985255089536,150.3364243963918,-47.37545379799384,16.365095,0.97066975,0.31116497891527006,-4.944420589269313,4.328646011222343,5967.286
5407977735418184064,149.98569892449643,-47.45987954842084,16.369253,1.3401461,0.9518893500060625,-19.904150288364832,13.683084446790659,4687.8535
5408353287360527488,150.17890089942765,-47.3565234095715,16.371353,1.028945,,,,
5408349542145998720,150.1669213011541,-47.46684492569818,16.374205,0.9753752,0.48093012383946704,-6.173094493541929,2.533763051112804,5169.582
5408542437714582912,150.02923796320283,-47.26081820036896,16.375336,1.2098103,0.30797862500322376,-4.603242877608786,0.5226693133422811,5079.7715
5408349232908400896,150.27861571138766,-47.41865190020013,16.375874,1.3826475,0.17456153109341438,-4.479456360892664,3.326140611293224,5136.143
5408167126295019264,149.81116988124933,-47.34518426629925,16.376583,1.0264263,0.5500705963591193,-8.451873947577575,8.592958300759726,6023.4126
5407974539962677632,150.00308670998393,-47.60127261926538,16.387978,1.0439167,0.2738027317810372,-3.465957553906721,0.5083620174117383,5622.089
5408166129862608000,149.88991134314105,-47.37930675419059,16.390797,1.6123934,0.4472561886582706,-4.858187870514239,0.5864140840926488,4680.013
5407976979503944448,150.053265798682,-47.48087880247932,16.39391,0.9447508,0.36267668112364965,-7.037160321440234,3.7835579156693475,5700.3286
5407968801886149760,149.94120266934326,-47.617156057957736,16.396421,1.2968388,0.687566463321798,-7.137382469976414,3.717577094546877,4898.8857
5408157883525501568,149.80223081429813,-47.53515829573244,16.396435,1.3806086,1.1729616362527355,-7.557914987882625,4.528463471954042,4859.7563
5407974711761157632,149.95486763869422,-47.59497670694977,16.39736,0.94981,0.32995290951236245,-5.030255428643114,1.3385407247751044,5671.3184
5408349370347309056,150.18113058671906,-47.469534474508684,16.397505,1.5995121,1.2339821543184368,3.1970571746122127,-19.32086858193285,4260.975
5408353184278088448,150.1517420789724,-47.38042337234061,16.401775,1.1713982,0.7694831980757544,-16.19491465240753,3.0391888895887096,5107.8696
5408165373948329600,149.79151742108004,-47.422175941836784,16.40345,1.8924913,1.617074966385525,-3.361300709815773,2.634124373093913,4216.8516
5408167676050859904,149.86589504141992,-47.29981424549253,16.406212,1.4033308,0.17600030399216904,-5.838322806581105,3.2419796868261583,5027.2686
5407972615817384064,150.168192465393,-47.57522304544285,16.4063,1.1504669,0.6694573671264166,-4.9476134059631764,4.021826418617349,5090.9385
5407973199927880448,150.21172023028217,-47.51544841817447,16.406895,1.0253506,0.36094864509917607,-6.356539997545836,-8.28892368334303,5386.963
5407976395389449856,149.955342408238,-47.4902041863714,16.408201,1.2597446,-0.9483987162794261,-0.34445497060189656,3.13523814100078,
5408348163455407232,150.2575981033766,-47.538011504983885,16.410421,1.1165657,0.4498910886183679,-5.53052876842001,4.327316464159701,
5408166301661311872,149.94489077973796,-47.371551504539845,16.410608,1.1810741,0.6056404626680132,-6.449379484384039,7.056475610458701,5081.6763
5408158669496994816,149.78347702328014,-47.49627928455535,16.411804,1.5038357,0.1207260690952967,-3.895265327358694,2.880893661829939,4904.4185
5407976184927133824,149.96593681186852,-47.49958122579501,16.413496,1.002265,0.5079071125350804,-3.0689135312983473,4.564298790936641,5037.0674
5407975502035139968,149.91315511442258,-47.575404194314956,16.416483,1.122839,0.5331236666326368,-2.6722086248309624,-2.3077855858573306,5141.2715
5408167091935277952,149.81046783114905,-47.35127474974841,16.418982,1.2817221,0.20803428194415854,-3.275557771840419,1.8829446515862038,5678.0664
5408165305228869376,149.8352151639799,-47.403528148971525,16.41914,0.90895844,0.20242214667291317,-5.450822064324391,4.014035686734613,6571.682
5408157917885244416,149.8058465940609,-47.52207302346831,16.419163,0.87410736,0.3063195673561796,-6.056106527043737,3.788317974000901,6082.03
5407974505602940672,150.02146590552022,-47.60800374482264,16.422333,1.0447216,0.23611201425134654,-5.2729327796621375,5.77889482346051,5150.566
5407973096853746560,150.20537702640883,-47.545457079702814,16.423271,1.0106735,0.6189159213954797,-17.701615038282576,9.52016441036276,5486.5615
5408542059757434624,149.94426475233755,-47.29660027924577,16.424192,1.4087992,0.03101819048534478,-2.689128209678921,2.3846859924423383,5085.1675
5407972444018677504,150.17114676408946,-47.60201897491572,16.428572,1.2606573,0.9289052135187059,-5.688692409580394,1.569951603377349,4974.088
5407977563619512960,150.05984611154796,-47.43506500767548,16.428713,1.7329597,1.0797885900234505,-10.842445164440074,9.002452396310101,
5408349675282957312,150.16854253811928,-47.44039323535159,16.429195,1.1210947,0.7126031909139908,-9.943921816533287,22.238116343501254,5282.8345
5408167504252167552,149.89188762938426,-47.31298514152285,16.429682,1.0164967,0.14960313637914419,-4.944150868281816,2.5559281691568576,5171.035
5407972890695318272,150.2288764044534,-47.552921491276166,16.434254,1.2275763,0.1422623620000609,-5.231678621930491,2.5722226482605093,5302.5283
5408166782697630848,149.86945874918578,-47.38329948049675,16.435024,1.5603762,1.3306585606863635,-1.2502058763457677,7.131845911406904,4528.271
5407977048223422592,150.0425755615709,-47.4704180000701,16.435177,1.1124067,0.708238299473791,6.01217872689649,-3.1337271166984517,4857.42
5408348958030487296,150.29838938514956,-47.4445561159499,16.435669,0.99211407,0.21510791944908209,-6.443201184376584,7.774038819874278,6023.717
5407975124078264960,150.04043621788816,-47.548752571362606,16.437538,1.0221786,0.48417829423160264,-6.898544541755637,0.903920185798414,4987.979
5408351912968022400,150.24301443811424,-47.33516548517832,16.439184,1.0295944,0.308704887673321,-4.6469891591809,3.2026410587507215,5645.768
5408351741169309184,150.23045948548435,-47.376631385975315,16.44304,0.99018574,0.4993928168320117,-4.836083483813637,0.9078239753107608,5507.435
5408164343156176896,149.84879899972606,-47.45312414932416,16.445553,0.9411125,0.13057485619243175,-6.3220000177665865,4.997055973282306,5958.9546
5408348781929681792,150.27356963110262,-47.47093461252441,16.44565,1.0045881,0.3022195905713704,0.6642791790997069,4.816355213459108,
5408165820625100160,149.95939612853832,-47.41143661677292,16.44726,1.2582645,0.6206821633783717,3.0535924780900574,-2.849821413774536,5637.564
5407974539962675840,149.99495180439223,-47.600373204778656,16.447554,1.1249971,0.7127875473435041,-12.926441396880668,0.4964301003943258,5155.086
5408356169273950464,150.09751292735749,-47.254897733487795,16.448631,1.5981226,1.47913314918843,-24.081310462100795,8.198478380663616,4458.211
5408542265915884288,150.03828919928924,-47.286209609609884,16.44864,1.1245022,0.571986387784718,-5.324370613690002,2.4655198151579096,4864.7534
5407978491332690432,150.0053833975533,-47.40062854980807,16.449268,0.8942766,0.3290357395774989,-6.173654394713988,4.28912716492884,5777.567
5407972955111614080,150.19827359873324,-47.56162476059508,16.451366,1.3546658,0.11485061772915078,-3.4152935204137655,2.541494912230188,5096.2207
5408354210768655232,150.08781674286283,-47.34013582045768,16.451693,1.3051567,0.1934177526625599,-5.603649969544521,2.1568123740513774,5005.0293
5408170046872774656,149.8003051377347,-47.35504634401768,16.455828,0.99054337,0.2526724891794452,-5.517917368740523,2.9441647659299424,5516.0376
5408164716811083904,149.81705019309965,-47.459290976523796,16.45622,0.997241,0.5415743393079824,-9.750601741712531,1.9617774429695392,5038.489
5407978250814273152,150.01830911568385,-47.43487725252612,16.45708,0.889966,0.3990749169811701,-7.072017416064487,3.891509274038671,6360.1626
5408353493515738368,150.10805229244193,-47.345740329115465,16.457336,1.4451666,1.4337095991388307,-2.6753592655102274,-10.512921301649756,4447.736
5408165820625101440,149.9550008953376,-47.39970131055245,16.4574,0.9509945,0.3886112950667645,-7.994167858481268,3.738950038458076,5616.6626
5408353179983801856,150.13748621574257,-47.37685769107442,16.4584,1.0810966,0.49192494259483627,-10.351558076705558,2.7148976758361156,5420.511
5408165958063909760,149.91307889337062,-47.40591118569992,16.45961,0.9431248,0.38300948339479307,-2.1876435715067624,1.7580571502009676,5798.201
5408167744770343040,149.8922491037278,-47.29409135598611,16.461721,0.8176365,0.27798958125272827,-6.564559029153302,5.10670740402056,7002.5674
5407977529259778432,150.07694087914635,-47.43310512478616,16.463875,0.9113817,0.15079412969123168,-6.4751690714491135,5.719740860727373,6223.2886
5408165305228866688,149.83005334481808,-47.40602892116525,16.464188,0.7562008,0.11093892804320694,-5.590822959508761,3.406629162377767,7394.9683
5408353012479391360,150.11205732398784,-47.37519054754962,16.464598,1.111599,0.3353617208754555,-7.3582032530342,3.7262503496522354,4948.912
5407975742553312640,149.91152333280095,-47.56086934183811,16.464745,0.9807663,0.42784361725169956,-8.315265563584404,4.722700065323546,5363.6357
5408167229374243072,149.8269293737534,-47.32802271995389,16.465693,0.97570896,0.4751301974215272,-4.343882360763578,1.990792772261468,5651.3623
5407976910784457728,150.02154748173373,-47.49576005621525,16.466364,1.4848728,0.05796204494622295,-2.3946165506219854,1.959477225884814,4987.0537
5407976979503946880,150.05070070685883,-47.472500889733794,16.466642,1.1461401,0.5961300493923896,-4.3483143152243215,5.473182593621094,4758.081
5407977288741845888,150.0947783164007,-47.4534550558142,16.466955,1.3069563,0.9298718019663587,6.068106488329281,-5.257164070114408,4953.31
5408157643007334528,149.83543330050904,-47.54584931275085,16.467073,1.0218868,0.06720502374606017,-6.682490837630035,4.186190960099867,6363.093
5408349301627834496,150.21065174477937,-47.47860687555043,16.47527,0.90402794,0.20241326246300545,-6.693756000853342,5.349683456568464,6237.0415
5408158742518791424,149.77903519134938,-47.48883391379821,16.475521,0.95897293,0.24913632301720365,-7.3814635829795625,4.705875650599039,5741.361
5408353424796264192,150.13466808991262,-47.352683273462596,16.477665,1.0501299,0.28164044110219594,-5.308905666993789,1.8400992657029944,5017.0425
5408348648792804608,150.22772610775783,-47.48955648872409,16.481138,0.5957451,0.17320724724401645,-5.360286173015029,3.801182843807834,8125.612
5408164308796598784,149.86619350358148,-47.459513441964745,16.481155,1.0039463,0.3887029650741722,-1.8646707010899566,2.558852772183325,
5408338650108984064,150.3555594230291,-47.453776066615205,16.484184,1.0009308,0.29738342083805974,-7.04593510749858,3.6730952075726204,5154.922
5408356207935005696,150.07047669466039,-47.252248918522795,16.48654,1.0165215,0.45951583324406764,-7.197916309580248,3.3549516534184973,5297.3525
5408350263700553088,150.2253776166449,-47.3895719977596,16.488749,1.0728436,0.2542741471280334,-5.357191729053077,1.9873530442455873,5754.4277
5408167195014509056,149.85830409037672,-47.330640265018886,16.490036,1.3544989,0.16946923589483706,-4.008338289636338,3.579021739370842,4994.355
5407974402523708032,149.98864931868502,-47.62496552249222,16.492556,0.95639133,0.16279942178009627,-4.960420268569605,3.856587281330703,6145.518
5408348992390207488,150.26701677843107,-47.471156691104746,16.493849,1.3490458,0.06014776047044813,-3.6598194476592667,2.671482585500546,5457.51
5408164514954889472,149.8750190471763,-47.4185069190478,16.494429,1.3814363,0.23511363206729297,-2.6546843049416595,2.6930285839361012,4755.4434
5408157917885066624,149.80589637381075,-47.51148921010142,16.497824,0.8943615,0.29628556026615327,-5.1412587242988534,4.179217583238082,6227.304
5407971756823899136,150.12453058357022,-47.59890323965596,16.49804,1.2649994,0.8881308868871922,-22.367382219023586,0.5749724661883026,5086.1084
5407973062494006784,150.19009769952243,-47.539988540680106,16.501043,0.98972225,0.3753072941860549,-3.1212509041971552,5.2438725004288305,5067.758
5407969626519875328,149.91145698558103,-47.58739656386193,16.501722,0.97850037,0.29064675502337767,-4.476122695816199,3.020852369646618,
5407974505602942592,150.0177886873546,-47.60301368598882,16.504711,0.99022007,0.4470255200580038,-9.036822123125306,7.071979519861904,5140.295
5408355280222166144,150.1730674074753,-47.28201843741249,16.507282,0.9515028,0.20043654516675377,-5.76422296768926,4.296558516400953,5707.03
5407972684536869504,150.2198723010496,-47.58401541302296,16.507505,1.1813049,0.6988601347674532,-7.814773119789607,3.049725379382089,4997.1084
5408167572971635712,149.86547409605336,-47.321816902863915,16.508333,1.0412798,0.40373814543002845,-9.022218153695173,2.6403958429531023,5316.9136
5407973543530315904,150.112144688102,-47.55662428999838,16.508486,1.2961683,0.26308406819118635,-3.4537072265000934,1.3037662792580482,5089.4546
5407972817672650880,150.24932801847265,-47.56563752762971,16.51096,0.88885117,0.19601080357065187,-6.995043635014858,7.263563261311637,6066.4307
5408542094117180800,149.97363601197486,-47.28868284151846,16.511097,1.0226965,0.4403014808351842,-0.16918324075906166,-4.742278298866072,4980.9053
5407974024566699776,150.16604298628494,-47.49124054337621,16.512648,1.4080219,0.09692488514623915,-4.569900547523291,2.868351231877928,4852.079
5408163552882342656,149.85270557335417,-47.51840516963236,16.514511,1.0452242,0.2952265899622078,-6.142277254237228,2.2806203642394887,5680.7163
5407977185662385152,150.08968849162324,-47.46755285041038,16.515339,1.0934916,0.3682382631956875,-4.52713334844866,2.301843906567246,4867.211
5408350263700555776,150.22235060488302,-47.3795448918595,16.515894,1.338481,0.34009550630569785,-1.5681002077210462,2.4822512201234366,5130.901
5407975845632535936,149.91644096170018,-47.53661936400138,16.519844,1.1017084,0.5580603369147665,-5.498441420834801,-1.0219687763561784,4991.1836
5407974230725128576,150.15014108006125,-47.4871307271022,16.520443,1.0985346,0.22647068154879205,-3.4860619052188886,0.9859698882722604,5140.507
5408336966481775232,150.31322970846904,-47.50011083625794,16.523687,1.0209665,0.5368747611853223,-4.083631632734003,3.0135599946148837,5513.071
5407972993774523904,150.2057015227262,-47.562360173685356,16.52503,0.9738884,0.2467824445788055,-5.609436924114705,3.9673797755698166,5635.361
5408542265915885056,150.0295763539922,-47.279778851099074,16.526121,0.81435585,0.20255756016102047,-4.174310142680367,2.577997622573888,7031.312
5407971275787528960,150.07465439921432,-47.64428689942362,16.52617,1.1471434,0.23749631870109178,7.572689378871029,-5.850552254051109,5865.3906
5407975364590870400,149.9879048901156,-47.53177340553252,16.527767,,,,,
5407972989471356800,150.20839833310828,-47.56040878454772,16.52791,1.0704889,0.35977477725633206,0.2006238871525824,2.0185463744194494,5317.7983
5407969901397781760,149.86116650899194,-47.564580144401376,16.530188,0.97267056,0.3239877250338528,-3.9613222540857933,6.073580969507626,5210.757
5408353837113117056,150.0891029249802,-47.35186089786037,16.53047,1.2211037,0.8382127721763862,-5.397658614514803,-0.007668241288099521,5013.356
5408164652393805056,149.7945066112038,-47.466065632424694,16.534277,1.0071974,0.5822938274252408,-4.885624142573761,4.824798238270477,5020.9966
5407975605114579200,149.9465019651347,-47.5510350610464,16.53562,1.378231,0.11207585673499501,-3.494716764745994,3.3643655089917717,4996.3325
5408351260133240064,150.30140470554835,-47.35783961031803,16.537302,0.95848846,0.21338055396273775,-6.086381956331198,1.9953321217042952,5228.239
5408167121993184512,149.82502932912178,-47.35579118993146,16.53768,0.9274759,0.3488612263817469,-6.320139573791379,3.6643172217599504,5324.9614
5407973131213498624,150.22383911042598,-47.528760561749245,16.53882,1.0610428,0.30109353453641036,-4.705782590617429,1.6938007430174857,5126.0474
5407975845632534528,149.91057230738974,-47.53737376837351,16.53883,1.193511,0.526165857275634,-4.476567014939427,5.159600258794095,5288.6904
5408166164222352256,149.91059052574613,-47.37145848989612,16.5398,1.0431232,0.3181327681971161,-6.370168013283576,6.234068554938375,5260.3022
5408352668881993984,150.12009539995182,-47.418124917964384,16.543968,1.0762568,0.5140292774574204,-3.426387640705332,2.7655786152913695,5092.948
5407972237860247040,150.19123251157333,-47.61235593000336,16.547045,0.86227226,0.19565700014280024,-3.8880630240904077,3.167955956498976,6511.2974
5407977666698702080,150.00816449809793,-47.48870243276254,16.548933,0.9457016,0.1726416754306733,-6.467274711191564,4.1934838310130775,5352.2466
5408165408308075136,149.79653609638032,-47.407999674126565,16.554424,0.8987236,0.1746860501288062,-5.352409091369645,3.1164367920511857,6495.6987
5408354485646603008,150.07184057556125,-47.32170240147852,16.55527,0.82627106,0.22065029921491738,-6.003435782449417,2.4899478914904876,6144.7725
5407978182094795392,150.01992445461343,-47.439440952534966,16.555674,1.1376066,0.2062087923489464,-6.753831700336127,5.098566966485368,4919.063
5408337138280486784,150.34079692114165,-47.47098216885986,16.555935,1.5793991,1.0034247379552987,2.211177335773769,-2.7658172573223148,4469.177
5408352737601479680,150.15097305086246,-47.4060756042091,16.555937,0.98121166,0.43747872945336175,-7.021892773792567,0.6785734149226119,5567.232
5408350298063288064,150.20332759384186,-47.38264845919498,16.555965,1.0316753,0.41972505662697085,-8.234559923355691,6.066019496549375,5110.795
5407978079015579264,149.9811474824331,-47.42512065450887,16.557568,0.9296818,0.4033070236973815,-7.359931427259544,6.315651025727378,5704.6426
5407974574322421504,149.99624948976208,-47.58914051274337,16.557926,1.459691,0.13799704423180112,-4.34306131207484,1.4127294955275702,5094.324
5407976670266517504,150.07121914307868,-47.515834110918235,16.56039,1.0658836,0.48626418511281677,-9.714591552840373,6.390941034942488,5176.4463
5408166984554285696,149.8683431802653,-47.33464696716119,16.562902,0.9484043,0.04700747256646862,-4.191778209294875,2.7640350259471322,6778.9985
5408353356076796544,150.17430699110642,-47.34514761488393,16.565453,1.2782631,0.06431162094912189,-2.9880696653247494,1.1549226846795488,
5408348339555161216,150.28431898346668,-47.513385360516544,16.56753,1.2263584,0.23749196032303063,-7.113789783062499,3.202604037884239,5230.0215
5407972547097900416,150.17386935765262,-47.59071616376134,16.567749,1.0361862,0.5311329498374145,-2.347592391077031,0.4497547509396631,5060.3687
5408164308796446592,149.8697587561584,-47.445213935281714,16.56829,0.99063873,0.31177211133367155,-7.743747694038953,3.9233968561987713,5094.036
5408167607331380864,149.86370155386544,-47.30372438209838,16.570393,0.97461224,0.14963530709623749,-4.956631170871453,3.7784867238170925,5742.6787
5407976189229938304,149.96406016760136,-47.510067045933546,16.572704,1.0687046,0.5840318649500836,-5.370667926034465,5.7318060390577426,5234.7065
5407977597979258240,150.07462432809206,-47.41744606216571,16.573874,0.89834595,0.31447671480238976,-8.052452636961608,5.773129045450106,5907.41
5408157574287856000,149.85529936785358,-47.56205993800097,16.577879,1.1568727,0.6147093467791757,-10.510045476227813,5.719873920476197,4808.105
5408349748304446208,150.17019937479432,-47.434776128550844,16.57842,1.2382393,0.29300529011101323,-6.609574946927802,3.4689282603935494,4927.6147
5408542815671684096,149.93883530031462,-47.280087790791555,16.582819,1.0486116,0.4219195027295508,-4.305527815740854,5.364084612401092,5364.216
5407973406091371392,150.14678372904604,-47.55552523752098,16.58284,1.0885429,0.5752147382695548,-3.362396577742383,0.8751766456507587,4979.574
5408349851383675264,150.2324282544147,-47.43710042519104,16.58511,1.2422371,0.9244598669829374,-9.545224928760256,3.89677481653919,4844.4297
5407969832678305920,149.8850689682327,-47.57260148254764,16.58668,1.0822258,0.6508430874159027,-5.433378079018571,-2.7421655542054957,5270.1704
5407972306579734144,150.21202056927905,-47.60551346880341,16.587662,1.0866632,0.7068097363112585,-2.2279908870610123,-0.9649625637793605,5136.9126
5408542506434179200,149.99324379666626,-47.26350704213405,16.589811,1.3614149,0.2694580321558044,-3.9548929908408175,2.8675722605185996,5040.6167
5408166782697634304,149.87638745016739,-47.3790104618023,16.590263,0.92814636,0.3761617949125723,-3.616100482780821,-1.029994417075246,5611.5986
5408348751872040704,150.30426324688054,-47.48575427996967,16.590694,0.86774254,0.33923989448446623,-5.671785340958013,2.104225821862585,6032.5264
5408542330335223936,150.02058799111757,-47.277952817450036,16.591713,1.0150042,0.47736554103260403,-8.499358717586322,5.692177952020922,5398.6006
5407978285174017408,150.024083165249,-47.42264403825958,16.594362,0.84907913,0.31723007705613243,-5.936035212202288,3.7212719337467783,6562.237
5407978456972703872,149.98563211371612,-47.41859165073231,16.594696,1.0608606,0.5958618702591555,-4.982037211958213,7.175012598100112,4961.774
5408165958064049664,149.90921489826064,-47.414338853311506,16.595068,0.9382763,0.3984067972157431,-7.999738312240876,6.037307482017047,5858.1567
5407977632338961152,149.99588761739096,-47.493915331807095,16.597399,1.3099546,0.148356862677292,-5.504289175303746,4.056976338330868,5147.841
5408541922318492800,150.00600117173965,-47.296172075674164,16.599068,1.1299238,0.5297445130600206,-8.194307517886969,3.96844662869666,4897.5522
5408337138280486656,150.3326478697594,-47.467377182293745,16.599207,1.3277044,0.1637294674150288,-3.6762878628369853,1.5299192999888787,
5408353111264354048,150.15407954853092,-47.39299463418836,16.600609,1.4371367,1.0069855278926363,-7.855709871683214,4.690823795835822,4442.6846
5407976391085585792,149.94812836302893,-47.48534813839664,16.602224,1.165617,0.5492021980558216,-4.7563565444433085,9.523927460045883,5607.1797
5407972615817384960,150.15784087739175,-47.56899744179431,16.602884,1.0390797,0.40407798196506095,-0.40749429139415316,-1.6419959810218194,5062.08
5407974505602943232,150.02469038176304,-47.60586625047627,16.603441,0.9750824,0.26760875336017476,-1.9698921718190936,1.1257410198561688,6326.273
5408355245865563520,150.1627296432633,-47.29322850471075,16.604351,0.9820175,0.4901959378352497,-7.92495178681652,6.623757097147096,5848.504
5407978353893502592,150.05039575539124,-47.40172767046065,16.605421,1.1370955,0.5804607713574722,-7.683162931878694,4.520058396869724,5151.8438
5407978697490887424,150.00633436768666,-47.3728626886257,16.606628,1.1785622,0.6383174911352655,-1.8073833994044206,1.2602903334530557,4837.95
5407969798318560768,149.87072444758857,-47.588210455154886,16.607641,0.9842167,0.298403349276172,-2.8803416733069347,3.126459841659259,5103.7407
5408164755473022336,149.79373925207642,-47.46093955769718,16.608503,1.3752928,0.6292365076652581,-5.796951589477138,2.1122834133964234,
5407971000909651712,150.1427342725615,-47.615231011287115,16.609089,0.9662018,0.25979518307627725,-8.969939786977552,4.566236996975329,5913.536
5408353837113112832,150.08754575105007,-47.362198014456204,16.610863,0.6743679,0.11634805658801851,-4.7551946092033015,3.4593224046348565,8190.7676
5407973749688768512,150.10415345881083,-47.5112037502994,16.611618,0.9294319,0.1641492567306767,-5.61628499956596,5.760602132596484,5903.293
5408355108423460736,150.1373703684692,-47.303425006487196,16.612362,1.1687002,0.7146538549150807,-2.1767586358422903,0.8659205343113092,5047.894
5408353459155996288,150.11078050012495,-47.3564046598347,16.61248,0.92061615,0.18718872897813577,-4.328802394345869,2.5556892341815036,6671.354
5408350843514180352,150.29609061301738,-47.385148489760645,16.613947,1.0516853,0.4656363617202773,-5.964666159780189,4.264256094101938,5178.524
5407977082583394048,150.09709553939368,-47.49969366298007,16.614077,0.90722656,0.3000931968498295,-5.208291349870139,2.8719490601792916,5902.029
5408542953110648448,149.96275311299038,-47.26038604640404,16.614952,1.1914301,0.5564494284256958,-4.675095100837654,4.189385758153117,5011.6226
5407971447586214400,150.04028429981705,-47.638768329666625,16.614983,1.5291882,0.03687655340914865,-1.8153348589739946,1.3797300662110328,5012.8555
5407970863470680704,150.11590489242573,-47.63995455452509,16.617426,0.8156719,0.17391929725978084,-4.8811963651351835,3.5206354914447844,7044.622
5408166507819871232,149.94039665438495,-47.35903155966094,16.617495,1.3708982,1.0854071595839514,-6.1304922614632655,5.184461671241395,4654.6313
5407975914352012544,149.89600799900495,-47.52726889628003,16.618206,0.8291912,0.2846415744526931,-5.057137639387152,2.386469395014558,6103.557
5408167465590726016,149.9180979091236,-47.305936549433795,16.61921,1.013483,0.3046997182023391,-6.975610799523296,5.142429415274311,5482.2017
5408164721113292416,149.824342561774,-47.45826444526445,16.620218,1.0731153,0.3996614074962661,-7.259420233643529,4.9823405460736705,4931.211
5408350023182377472,150.22524503515078,-47.40759202808183,16.621616,1.266324,0.14045974102545034,-6.114723292251913,3.8645021980056757,
5408350091901842048,150.2005530495256,-47.42561749498344,16.626581,0.9418278,0.2921403233225638,-5.1741985721921075,1.815255974112131,5661.619
5407976086150720000,149.94951968247767,-47.513715509203955,16.62795,1.070137,0.578622204649517,-3.1648272075504424,3.168368651578371,5485.2725
5408354627387259392,150.0743545041492,-47.299836660244495,16.627993,1.1371574,0.2859159984697105,-5.395665814622561,2.6029898644471765,4891.415
5408157917885243520,149.80495612072883,-47.525313342341285,16.628342,1.3284864,0.1361203418518029,-4.765980726331639,0.7385223699282906,
5407972925055061248,150.23247446927724,-47.545407727116576,16.630287,1.0835075,0.5908633957315358,-13.010226510317198,11.268861329802963,5344.331
5407971683801181056,150.0825645123077,-47.614863275510224,16.634848,1.2957544,0.21935525812200876,-2.22690795058775,0.803643886519988,5150.792
5408167744770345600,149.8924008490255,-47.28416916819504,16.63501,0.924757,0.3871083159351018,-6.686818652965432,3.257907706100193,5877.9946
5407973784048507776,150.1558079942196,-47.535284505053006,16.636679,0.9197941,0.2989830518973569,-4.57534319931509,3.812204385193178,6215.33
5408355039703982464,150.16693382600397,-47.322734002088865,16.637352,1.0317879,0.27502963890449855,-8.811845354003616,6.924213674378317,5289.875
5407978250814275840,150.0227668088824,-47.430369882268984,16.638226,0.9447918,0.23991532633917412,-6.289187675056798,4.083690949681033,5668.909
5407973818408248576,150.17002732685077,-47.536759816577224,16.63877,1.2250938,0.6439200409435719,-11.546579154475694,0.5493513289096212,4975.6226
5408542128476922752,149.9942869506001,-47.29102107957649,16.63948,0.7868748,0.12342812083712479,-5.178716586358251,4.111256548493033,6373.6895
5407975914352013824,149.9045168941573,-47.528588211781404,16.639757,1.2441463,0.7883546102351644,-9.454300373380304,6.845348572676172,4978.978
5408542506434050176,150.00349246519448,-47.2786563948584,16.640766,0.8119507,0.18922166401003243,-5.854633697122356,3.0054294693315557,6522.395
5408167504252172032,149.89340733134176,-47.30258322006882,16.640953,1.0236893,0.4253044729209115,-2.8515286303702605,3.6380240476913093,5351.815
5408164721113293952,149.81692285534797,-47.45083116262919,16.64104,1.2988682,1.0121422626413699,-10.253760887520999,11.95580398235942,4722.9272
5408166198582238208,149.96148411612907,-47.38457635838243,16.64123,1.9841385,1.5845477156996528,-20.85015845649526,-3.6824964101048083,4171.52
5408349507786281600,150.20533570827283,-47.444012999014795,16.642244,0.9976673,0.45436046304356015,-7.788043325326104,5.587683129186162,5441.295
5408165099070420224,149.83256028227927,-47.447103872868254,16.644308,1.0827608,0.07823622633547554,-8.596837122552264,3.08271441463405,
5408355967416930304,150.12313484018085,-47.2699416076102,16.64443,1.3226223,0.07463286718915937,-3.8469417198996876,1.7124750513579436,
5407976257949402624,149.93147000753822,-47.526819967009764,16.644852,0.9915142,0.3863854739369031,-9.062456694998602,5.488227058232025,5168.7876
5407976047488140288,149.94801572000605,-47.527786582427815,16.649996,1.6613483,1.4250742090874151,-6.308765504113495,-0.6922095813126901,4380.4365
5408167740468687104,149.89339563175662,-47.290897183705376,16.65061,0.9205189,0.31982239667901546,-5.524333993590991,1.2119579898900152,5743.432
5408348958030488320,150.29968875758883,-47.441765292989615,16.65206,1.3264265,0.596177001725227,-3.643205273588328,3.176012515827911,4747.613
5408349129829174656,150.28279827764328,-47.449414636870344,16.653582,1.0832901,0.21146858134529045,-2.7901345088991643,3.0344174801299655,5096.022
5407972615817376256,150.15832836958216,-47.58361520527694,16.65375,1.0874081,0.5017107666108115,-7.154579422864833,7.541434419335485,5304.5317
5408352668881994880,150.12439925729745,-47.41622154541744,16.653847,0.7389164,0.17797959558376733,-5.698570837244695,3.4506242347866465,7712.592
5408351565068725120,150.24289385346964,-47.365999523284145,16.655245,1.356616,0.1381088531050513,-3.9828277887774823,1.9860004713572326,4943.1855
5407978491332451712,150.01210538014178,-47.40349567021757,16.657164,0.85206413,0.16287955939988225,-3.9086658002789045,2.7895456832441967,6369.499
5407975502035138816,149.91720178760903,-47.58077650785937,16.65724,1.1440239,0.2596153138890577,-8.248805467822862,3.9053513194677647,5204.468
5408354283789723648,150.076461054648,-47.32418044173043,16.657555,1.3536282,0.33268406084740376,-4.234569871024874,3.023322959538879,4981.4937
5408355280222169088,150.16727592235645,-47.2705925584481,16.659689,1.4930544,0.21858464423595714,-3.1836437339093613,2.2085850521246653,5020.4287
5408158673799308672,149.7914678212584,-47.51078578712842,16.660357,1.0852394,0.6195058586240694,-10.442518306259199,5.293296314442839,5296.5063
5407977426180551936,150.04186031998802,-47.448430630191865,16.66072,1.0926781,0.4601861629424279,-4.430298878507653,1.01067858823397,5262.393
5407973268652401536,150.141698032271,-47.58281754819666,16.664286,1.0488987,0.2509612964538163,-3.717433221987878,0.968616750248924,5842.3745
5407977907216870272,149.96513152653458,-47.468534315315125,16.665827,0.9962101,0.12665994022754662,-3.7767930801118546,2.549277108692271,
5408542399054721280,150.0471065446039,-47.25316315308743,16.668673,1.0018387,0.308840816867091,-8.161661228828628,6.010981705645834,5064.415
5407975536394880896,149.9241722831358,-47.57194210918047,16.673115,1.0169582,0.5158217313956923,-5.1753266512301765,4.749695046876424,5502.409
5408348648792813056,150.22613924945966,-47.47194730480867,16.673222,1.0810041,0.21023962981137634,-4.393297604182081,1.60072657939486,5100.6206
5407961070945849984,150.25258462817698,-47.577364927732205,16.674223,1.158596,0.5906491702901284,-6.4597107988804625,3.0825523345808503,
5408353351775165056,150.16618845789623,-47.34914832324509,16.6765,0.9739971,0.28227245700699366,-8.748458410293187,5.265005260541673,5663.8794
5407977666698702592,149.9975653834727,-47.47994643649879,16.679668,1.0922756,0.33517788521625835,-8.026235890316377,3.8201552336269664,4936.466
5408542953110648832,149.96451955930732,-47.25993948737702,16.680002,1.2294235,0.4919105617123123,-6.948711822490653,2.7187231612914715,4921.321
5408542231556143360,150.02970299929106,-47.290856948164624,16.681953,1.2257805,0.6475448251516795,8.576640069371045,-5.861919093927957,4834.541
5408163896479734016,149.8454069375804,-47.47778196458551,16.68334,1.1046419,,,,
5408163999558949376,149.8872142581775,-47.494288136631624,16.683683,1.1281013,0.33642876673137795,-7.677774317700444,5.719042363846112,4920.9644
5407973921482369280,150.1751645016531,-47.517547020353604,16.684786,2.4049702,2.6699752216332295,-24.242092166725868,11.016273602818485,
5407976670266523136,150.08059854047144,-47.511219945701335,16.686125,1.0043678,0.25195182878545375,-6.488043153656494,1.7840265361788816,5685.577
5408348644490711424,150.22686593588037,-47.471978894930515,16.690607,0.9908047,0.32127146986515454,-5.804871825486593,3.807549667546549,5478.4893
5408352119126464000,150.28739736498306,-47.32822743905279,16.690847,0.9198017,0.2853636761936857,-6.290862525221035,3.242508833091109,5726.198
5408353974552229760,150.04580930195758,-47.356619239982734,16.690928,1.0841331,0.2305632656846567,-3.3440430465847606,3.4425177412045187,5714.535
5408165064702224128,149.77462949032903,-47.42086143386432,16.693064,1.280653,0.15676921187917964,-4.078070550705037,3.281614013694039,5423.9526
5407973680969285248,150.11413711254357,-47.526854509197854,16.693172,0.95616055,0.2091709957071135,-4.194770638431005,2.865278494967191,5301.5825
5408353596594962560,150.12439298430456,-47.32813994476055,16.693693,1.746747,1.7641149634144286,-3.834221668546171,1.564274610533524,4245.245
5408348683152556544,150.24072930893064,-47.46987423309003,16.693895,1.1447468,0.6376262002760229,-5.622375616750485,3.8940230680072316,4857.7188
5407961070945563392,150.2531018401116,-47.57324008911172,16.698805,0.98552513,0.5196791358128493,-5.269070608483604,1.7365520885864227,5065.313
5408337103920740608,150.32053813611859,-47.47961939220968,16.699879,0.9283314,0.24002348574172622,-5.365982687252498,4.456166813020088,5799.7163
5408348717512294272,150.2815227157355,-47.491333433005146,16.699905,1.2571726,0.2848944028271501,-7.027068542194425,2.331780313853745,5711.038
5408542777011814144,149.92996936122847,-47.292677879918195,16.700453,0.9806175,0.20775196408096236,-6.072197065046506,5.1236660280442425,5605.2593
5408351741162336896,150.23432725660493,-47.36987379956801,16.701715,0.97030544,0.23803202641588952,-3.1299484194190565,2.22169475776059,6081.4893
5408165438367137024,149.78418710801145,-47.41379799240815,16.702148,1.1133728,0.5511401560475054,-8.973512842255131,5.072461926553572,5148.0527
5407978491332452096,150.0057970116502,-47.39976977421481,16.70237,0.8983078,0.16729553772362074,-7.218341464937165,5.434380169586472,5429.219
5408165511387469312,149.81779672424756,-47.404067175775914,16.702614,1.5327682,1.1493554201539213,-12.746668732441126,17.706386077404645,4345.1406
5407978422612979584,150.03029736240063,-47.389613454344534,16.703846,0.90707207,0.22150942620276004,-4.41405981488585,3.589603040161509,6584.4043
5408164033918692608,149.9052516536138,-47.475126233307314,16.7041,1.0007095,0.21206281821142356,-2.8420541262722616,1.7344879928444428,
5408353527875483776,150.1417859148549,-47.34134478084863,16.70602,1.5547924,1.0424342607192838,-10.983315332184741,5.973543428632981,4310.548
5408353699674150912,150.0711896161863,-47.376812008846706,16.707232,0.82671165,0.24037306084016724,-6.140240191943755,3.617637263360427,6173.6787
5408354593027372928,150.05710915931655,-47.30167428299556,16.710709,0.9343357,0.0940003235945241,-5.657477194757101,3.6801411341493733,
5407974505602939520,150.0189030499638,-47.60876276872586,16.713837,1.1496906,0.14516575395827497,-6.279685406126687,5.182022249000421,5073.498
5407977146999831680,150.08833537543697,-47.48161723590925,16.716547,0.86197853,0.1551844265144961,-3.233788021057042,2.162257716176758,6999.331
5408348648792806400,150.21642331875574,-47.48074418883274,16.716686,1.0961151,0.4395075631938813,-6.377485812363698,-3.6433723325809924,5049.5127
5407978182094798208,150.0366106230111,-47.440199964309976,16.717192,0.98986626,0.24503075175103634,-4.823330793183872,1.4231021745951669,5506.9814
5408348889311012352,150.31643907608006,-47.44787692739566,16.717527,1.0318298,0.3349451906587179,-9.751131550901052,4.1810336730483435,6031.953
5407972753257247488,150.20782580605712,-47.57514376296829,16.717997,1.0007858,0.3476710988966467,-10.10899339994192,4.422528175642004,5091.5894
5408349267268088064,150.20386413890517,-47.49143205855562,16.720219,1.0114555,0.17742512280211648,-4.491804223257636,3.4710671930816495,5458.831
5408163827760252544,149.83081562347834,-47.491812799992886,16.721416,1.052103,0.2906128813597234,-3.9945719661943304,3.753768221036852,5518.394
5408353729732201344,150.04795428209442,-47.38864107371048,16.721733,1.5279398,1.2185404577037593,-12.18518581739419,11.911743561877074,4285.6636
5408354249429984640,150.09805195622678,-47.335585576861455,16.721748,1.1660957,0.7698744920146994,-4.516323233132852,7.251153473548002,5163.192
5407977666698704384,150.01414616471695,-47.48328881012626,16.721819,0.90239906,0.4149990390877545,-4.010768372339001,2.719201701275818,6351.0005
5407972753256343040,150.20759294271753,-47.58396286185885,16.72199,0.9742317,0.09288833114075627,-4.712082338332472,3.449341716112802,5841.8457
5408351771226117888,150.22496369211152,-47.3570046623141,16.726229,1.0381927,0.38043535383280325,-9.549266987838395,3.6592247319291635,5313.31
5407975811272789632,149.88771748303913,-47.548363347162294,16.731367,0.97444344,0.4962511959386676,-7.315699051664787,-0.28786294517226674,5641.2417
5408165236509389056,149.83955877221203,-47.41356758375959,16.7332,1.1084042,0.35826721484706225,0.8440370618039612,2.30536804343906,5093.018
5408166129862609792,149.89139873527571,-47.37315580733256,16.733376,1.033617,0.3136251657162532,-4.055493266002794,2.603614893968098,5365.8154
5407975398955959680,149.99542522825033,-47.51570179260534,16.733461,1.044775,0.4154387295622625,-5.775972136564247,4.285849563077432,5262.2144
5408166679618444160,149.92746587424543,-47.33567950266888,16.733807,0.9957924,0.3510112814956067,-6.509397394456745,1.0343794348837831,5491.078
5408166640958344320,149.95559186002384,-47.32468909197028,16.734081,1.2690191,0.3459491559447073,-6.844488992402564,1.6404482344865952,4708.9497
5408542815671679488,149.9311795826106,-47.28768094038781,16.73566,1.2785435,0.746975561775539,-10.383753100354099,3.2925531317182575,4818.712
5407969832678304128,149.8856806378883,-47.57877064167143,16.736357,1.1910725,0.7171781967778029,-10.090575240558307,6.217188896697198,4843.3286
5407977735418179200,149.99242728809784,-47.47881806175472,16.737648,1.3539581,0.7887772665393574,-11.869226655383711,5.695164840473009,4742.9365
5408165889336359168,149.94489613524152,-47.391144783809146,16.73775,,0.28923598437021175,-5.405040679805498,1.9918365146154966,
5408353802753370496,150.07914923143449,-47.36780331797194,16.738005,0.8474808,0.24659391627453708,-6.000020036701924,4.671372482994601,6119.672
5407974780480855552,149.9919541322931,-47.579251548217684,16.738377,0.93829346,0.22820750654313848,-7.799291539387629,3.1219165759556486,5394.7905
5407975776913047424,149.8793956587646,-47.55753230956753,16.738861,1.0776653,0.31085470547908284,-6.48535674027399,3.5164623728467204,5453.9814
5408348163454222848,150.25227555886812,-47.54182293489898,16.739038,1.1957645,0.5504826194807023,-7.190335816845096,3.4905618509466416,4983.482
5408348683152554880,150.23120343692707,-47.46845431399611,16.740341,1.172512,0.633104610128603,-6.099980316865683,2.0222034286577997,4823.828
5408166537877599872,149.90772698995798,-47.35816287965957,16.740417,1.0148354,0.486241428152047,-4.685349182166595,1.9147866454518359,5282.3823
5407973680969280384,150.1191744490348,-47.53685780397204,16.742779,1.0633392,0.35467565002814194,-5.485588685721145,4.3464621473044565,5115.8086
5408166915834687744,149.89382578625015,-47.36807986254693,16.74514,1.4336033,-6.527641810368592E-4,-2.748926209161007,1.2116483680810166,5080.834
5408542918750903808,149.9485344636162,-47.27135940322859,16.74633,1.0732479,0.3896154008063214,-1.0921264905818444,-2.3456171469912492,5111.6704
5408350366779766272,150.3170808807209,-47.43770995559692,16.747135,1.0503368,,,,
5407973646609538304,150.1023751543731,-47.53813336588112,16.747711,1.1197491,0.5044616723284195,-3.4458665667444017,3.6555837981120733,4894.0312
5408164652393804288,149.79030512137044,-47.46622723199462,16.74776,1.3102856,0.1384295297649172,-4.855975653446842,2.990538299250683,5056.32
5408352325284676096,150.27011490810483,-47.30419320125852,16.748285,1.017479,0.38858981115251623,-7.073639629643036,3.1076639641765853,5291.092
5408542265915883136,150.03275737105648,-47.28730219767687,16.750479,1.2470322,0.2787547342704173,-6.759549356932924,3.493342876052945,5351.4976
5407977426180547840,150.03908053358566,-47.45987716408799,16.751747,1.5902004,1.23589208108629,-1.478854952999228,1.629982706973177,4477.7085
5407976395388372864,149.9552142960392,-47.494920811018886,16.754164,1.3487282,0.8625447380434594,-6.053431215028295,4.393533703554,4747.3755
5408351500651145216,150.26602093010956,-47.385373105144474,16.755959,1.4853773,1.0783170864724005,-8.801418494761785,2.52027088572529,4584.75
5408348648793047296,150.221250005188,-47.47186401738431,16.75908,1.441699,0.28615779110280243,-4.108858788307174,2.1326998005024915,4843.0283
5408542506437510784,149.99239299005245,-47.27011823650749,16.759188,0.98256683,0.29077318445971945,-7.708514773628536,4.790203574568004,5082.519
5408351672449846272,150.25198008758687,-47.35674608947818,16.761583,1.0353794,0.30699948159046175,-7.353277201252579,2.854543385274341,5270.26
5407972890695315840,150.2173298782801,-47.55202829253305,16.762623,1.3011951,0.8289905573115445,-16.243961938278634,5.45461030833378,4786.6353
5408351741169552384,150.22670265712037,-47.37222287324291,16.763166,0.96878624,0.3042696076642902,-7.327387948391446,3.9973692916186288,5144.702
5408542368986253184,150.04299707989614,-47.26923446510977,16.766737,1.2806978,0.17586830270947168,-6.783186287830723,4.012514506858321,
5408352978119647872,150.11045316399807,-47.38737181429957,16.767027,1.4949608,1.1183227677437655,-14.039646106480307,14.994437345516676,4523.3267
5407974402523706752,149.98264265026714,-47.62472230639617,16.76708,1.3963709,0.1831287954085164,-4.233378969113117,2.468286853478058,5102.9673
5407975502035139584,149.91764452687275,-47.578355317871825,16.767374,1.5025291,0.8607946282041251,-3.2652376983206413,-0.020682429125117405,4533.2383
5408166129862610176,149.9043728824577,-47.378672581098094,16.767965,0.82971764,0.1388486651660779,-4.356480302138941,4.244761784660936,6525.7153
5408348270835905792,150.24988330260166,-47.523559678768855,16.768013,0.9001217,0.24630939971578317,-6.472769492049708,4.446451642400131,5810.8965
5408349267268085376,150.19039457050042,-47.49134957987802,16.768698,1.1963596,0.1767167019330107,-3.642157132422433,2.932657862344379,5590.1157
5407976498462266624,149.93076659989887,-47.46315860809245,16.769083,1.0940247,0.2653601020181018,-4.0717730908333865,-0.8935598216669314,4912.7075
5408164755473027456,149.80609581772808,-47.45727066698332,16.771572,0.7591343,0.18219529088610292,-4.577409255396814,3.5909452892958686,7044.7656
5408338542727659008,150.35733713967815,-47.45835161637667,16.772257,0.93525887,0.27049874568838495,-4.891078559808577,3.102240187787566,5600.0615
5407978147735057152,149.96770143793592,-47.41359120894283,16.772676,1.0225697,0.3471856919563431,-4.832385122264085,0.6695265699281034,5382.4253
5408157814806024704,149.80546826655439,-47.53740871350151,16.772734,1.5157194,1.0806255163765397,-18.337259117193646,10.905442225160588,4512.8745
5407975020999043328,150.0548299372382,-47.567422838368515,16.77293,1.395462,0.8520708651805728,-11.612500124621269,7.484559659461282,4723.5884
5408349267268085888,150.1962041176213,-47.49256232489924,16.773014,1.2709122,0.2942097606283952,-8.042246588320973,1.7887138783060204,5106.7817
5408157432546124672,149.8394435002762,-47.571130018621204,16.773403,0.99978447,0.28358942542135246,-4.886183065200675,2.4206353380783807,5642.0596
5408336588524873984,150.30687337331415,-47.525704471753556,16.77653,1.345027,0.5433571532755938,-7.921337798178489,3.0522984480675026,5052.9204
5408541780579383936,149.98833439866092,-47.32968378829044,16.778885,0.9564743,0.2107388901743271,-5.325799532105577,3.4728172642439743,5437.1626
5408348270835673984,150.24981763765365,-47.5167812639574,16.77938,1.0954723,0.2668902354786736,-3.56496427967466,3.429592121463181,5484.7725
5408354799185815552,150.19554986380928,-47.33137478845736,16.782465,1.0541,0.2880827559849873,-4.950805858518831,3.7975111752827666,5335.3315
5408165889344578048,149.94780467951355,-47.397251911145844,16.78265,0.8549824,0.27677220324268786,-5.927721290998178,5.4447241801964275,6119.9575
5408356207935092352,150.08284455526072,-47.26775076415856,16.783804,1.2561779,0.5182574990144001,-16.117881043298127,7.696963707584361,5132.7437
5408167504252171776,149.9064705336087,-47.308947543879526,16.784578,1.1028824,0.5265898080596395,2.5460515700820654,-0.21793896107797078,5261.856
5407972684537110400,150.22610522239484,-47.5979797554726,16.785635,1.1143589,0.45380606999111855,-14.241903625046131,3.336098047368103,5457.923
5407976498467592576,149.9350250026373,-47.46908585313604,16.787794,1.1873512,0.6914153662618836,-0.5476180145167615,-5.461645630081797,4728.269
5408351736867429504,150.22398400339017,-47.36123872642578,16.789629,1.3357182,0.8387302895401317,-5.493998527954437,-4.873560092804765,4545.012
5407976876424712704,150.01808458494156,-47.51393000799285,16.792599,0.8575611,0.12914846438090535,-6.675082943190888,4.471993947819883,6527.6504
5407972718896619264,150.23489571394109,-47.57148791881863,16.792742,1.0943756,0.5057877510200841,3.027757177391312,0.42020062110823075,5154.9473
5407977426180548096,150.03662939743947,-47.45753228964949,16.794237,1.0174141,0.37158519282754277,-12.595426509418706,1.945979295024332,4991.4443
5408164240079426176,149.90258984418853,-47.4421275240542,16.796284,1.3386049,-0.894505999746468,-6.726450845645161,3.3296037208160527,
5407976223589685504,149.97207245550717,-47.48702471204023,16.797245,0.8394089,0.18506636033051474,-4.659311462185463,2.715111504156579,6271.255
5407975119775192576,150.0372028198833,-47.5330164742469,16.797445,0.88038826,0.15856338461719083,-3.7230304495923856,2.1351299539541815,6368.842
5408355005344259584,150.20856236372353,-47.2981467937471,16.797897,1.3366909,0.0447396098933033,-3.244223826065629,1.4726799882731034,
5407977151302638976,150.0826120074112,-47.48740433433343,16.798832,1.0102062,0.3481023112305337,-4.269445311944213,3.2747969898396834,5473.2017
5408542575153527168,149.98013887003572,-47.265958098965754,16.802662,1.1791611,0.2956674521015332,-6.437426594697555,3.6246805397062265,5272.7056
5407974849200121216,149.97161989788012,-47.56818182900507,16.80333,0.99313354,0.28068082799570826,-7.810592623009985,5.104306405511778,5076.8384
5408349434764726912,150.22694459510396,-47.459654690807014,16.803661,1.1512585,0.3509010687667339,-5.641516715407225,3.2570723805665978,5245.028
5408348167756452224,150.25736226889444,-47.54251538303739,16.803745,1.0531197,0.48489491185119965,-9.765228592389239,6.891376610210807,5024.97
5408353871472844288,150.05751798684133,-47.36305903078304,16.806164,1.1271591,0.3441216562121939,-7.136218111909222,1.4808037853336493,5149.7715
5408167087633393920,149.81435522082123,-47.365082121336634,16.806442,1.0181274,0.4326253042659183,-4.655254759984557,4.389019092941579,5300.3633
5408541922318492288,150.012723921038,-47.300829072464225,16.806553,1.097971,0.42239213865253344,-6.732639850285454,6.22551898513696,5295.736
5407971516305807104,150.0173407291708,-47.62602491172631,16.807861,1.0960197,0.5396930873075172,1.508054177557192,-1.7850320052282371,4822.0938
5408336416726157568,150.27254225324273,-47.55670639351931,16.808542,0.6907425,0.08136035812900039,-4.86096939470657,2.8183988613714046,7373.2725
5407976051790971136,149.95079166204744,-47.53875272645665,16.809278,0.9716091,0.47198655306865556,-7.860615913670012,5.711017880814914,5655.7603
5408355898697452416,150.14104562095542,-47.281966511430205,16.809633,1.0942822,0.6152601572342098,-3.7694000581781024,-1.3640728585508362,5153.8354
5408349645218215296,150.1412092322775,-47.443441804048405,16.812603,0.9421005,0.12543170946509194,-5.331122360043559,3.2809830637519117,6104.3076
5408336996539340416,150.3187922579705,-47.50020547246634,16.814129,1.007679,0.3132588473767473,-7.222784410846602,3.8686161371167533,5484.357
5408164721113289856,149.82383568920037,-47.46394906564345,16.814287,1.1355133,-0.027281457403008164,0.32794630393758606,0.5372622355305441,6082.274
5407975983071495040,149.9641210176938,-47.54418668654813,16.814848,0.92593575,0.10857791545944705,-3.9197524894729336,1.835911216746399,
5407972409658926592,150.1585921650025,-47.61862824434347,16.81546,1.4529667,0.9462748732771407,-11.889061977118912,12.695555490396211,4654.621
5408164411875663104,149.87727569159648,-47.44469675512092,16.81552,0.9441185,0.4049821779437643,-5.986761246823483,3.7780910386897,5343.8853
5407968801886344064,149.9434506620623,-47.62432911859484,16.816198,0.86821556,0.23546227498211936,-8.959394853100823,4.7336384583657,6167.2935
5408348167756451456,150.25744822362947,-47.54725391113866,16.816387,0.80656433,0.1829625086994861,-4.98345894409146,3.6682265461876016,7376.062
5407977426180549248,150.03970625615753,-47.456527633805024,16.819016,1.1950674,0.7957160482013107,-3.296838940003316,1.8288885072059995,
5408352561500960768,150.1221501585656,-47.44542781946614,16.819906,1.0394249,0.240285790315758,-4.841632302705872,0.4578029936369392,5092.7974
5408354283789875328,150.0804103087605,-47.32729668320748,16.820217,1.0338402,0.5181528218002128,-4.467847832450968,0.20211238487772842,5427.2915
5408350401139512064,150.33370079481526,-47.427126920365595,16.820757,0.94997025,0.3132883445701874,-7.943421573162193,4.992058304425612,5603.272
5407971619384925184,150.10885378999095,-47.636324706329354,16.821053,1.5832682,1.2974100711294343,-7.906046339522912,-0.07385308013072736,4507.6006
5407975330237559168,150.0136197018735,-47.52257546432793,16.825315,1.236908,0.63277364945766,-8.04389886174042,4.541009156669304,4740.232
5408167126295018368,149.82821672670133,-47.3551829488448,16.825514,1.3164463,0.8942081252871373,-12.626086902822534,1.2783546847789005,4727.0283
5407977460540296960,150.04985205978548,-47.43432829274474,16.8278,1.0619411,0.37368870039369867,-6.884302458087229,5.624437249288054,5253.347
5408166988856073472,149.86794834763148,-47.349407243342306,16.829216,1.7165747,1.0169113928742333,-3.0269148861589246,6.368712161897095,4431.548
5408351741169311616,150.23251022946354,-47.37258315290126,16.829405,1.3706226,0.9764851588937085,-8.30908608716561,6.0310964589555445,4595.699
5407973676666189824,150.11084581215513,-47.52688825809214,16.83003,1.0937138,0.21211634058843643,-6.616645865337335,5.637953511758359,5488.9595
5408355280222165888,150.16987118110168,-47.28131878959533,16.83027,1.0500851,0.34922663483632155,-2.7910612201771854,0.8700780999016203,5215.4106
5408351500651147904,150.266355102382,-47.38009709705832,16.832151,0.9926548,0.36020244397849893,-3.1858854207451404,1.1826926816790244,5359.7856
5408157917885246336,149.80739246563516,-47.51459117055496,16.833055,1.1300411,0.7261483812754636,-3.4912590717278795,1.759132699036672,4946.8286
5408542368995106432,150.0547973059367,-47.27273462305532,16.833353,1.260128,0.18726117332843642,-5.213506459476053,4.141526527943398,5440.5186
5407972577154455296,150.17923793896517,-47.57773029390211,16.83509,0.98835564,0.39769085915458424,-9.651484683760744,5.502848132962502,5270.491
5407973715329020800,150.10173047050122,-47.52630940144975,16.836731,0.9789562,0.26288487755846035,-4.791968707962612,1.8275599333391548,5108.8594
5407961105305066368,150.26545424295887,-47.55466198827238,16.837542,1.0589314,0.3412558615717819,-7.924704015563696,4.452001901745133,5228.787
5408351809888570368,150.20170421329723,-47.3568636669242,16.837648,1.5175724,-0.003764222014661355,-2.5534023821054186,1.1456511094266264,5038.3257
5408351255838865024,150.30085914113192,-47.354246217948166,16.837688,1.0784111,0.3328275770870104,-6.571067553148039,6.240470077076809,5412.768
5407969763958821376,149.85445522106127,-47.58672928903803,16.837736,1.0237312,0.47182743601098676,-3.909366014936135,2.1750199031394257,5335.6714
5408163793400510720,149.82311219187864,-47.50570282701512,16.839048,1.9878407,1.6608841383043207,-22.740127682968307,15.664464744469209,4192.3496
5408163484162866816,149.87430189585533,-47.52448442910661,16.839325,2.2592058,2.240670653298605,-1.5315264757801357,11.70381632829012,
5407975983071494272,149.96849454460218,-47.54839178723251,16.840054,0.9627075,0.20335607775303263,-4.772350063952466,0.07307674878858374,5704.4517
5408356203633644928,150.06920460308348,-47.2552677525142,16.840094,1.0600967,0.40615832564478943,-9.67601259498044,8.581164662290035,5386.7114
5408167396871168256,149.88975586645608,-47.32735990793213,16.840471,1.0436268,0.23396402978901334,-4.831087241712717,2.0530850284295115,5239.7783
5408163449803126016,149.86020399388937,-47.5301432191002,16.841938,1.1043835,0.607726856654849,-20.731353166045395,10.841534952094603,5155.4937
5407977151302641024,150.07847894647293,-47.477846664656134,16.847181,0.29789352,0.0901183531796983,-4.218779622639125,2.2591283975535004,8262.431
5408352600162517376,150.13595942639884,-47.42491111511958,16.851103,1.3240757,0.8744086190572643,-6.422210061980204,0.21559038621229376,4698.3833
5408349748304446720,150.1630279790955,-47.43038910807286,16.853947,1.3749714,0.19565353769962746,-6.753514089670564,3.863091169463293,4922.156
5408350225038854656,150.21330154311033,-47.401853910670305,16.854134,1.126131,0.3395848792868171,-5.932990548369522,3.1580860932358403,5341.679
5407972615817379072,150.1504628480954,-47.576431711124386,16.855,1.1055145,0.26534119077834506,-3.036057761006203,2.8029611056335435,4962.496
5408353695372500992,150.06584846203668,-47.373339868600304,16.855312,1.0316811,0.21479465746233087,-3.1409429951743473,2.911871699840633,5358.506
5407971585020031872,150.0838540697819,-47.6387278188334,16.856276,1.3447666,0.20121894221219355,-4.238020747630248,1.738127409714285,4717.8096
5408354799185817728,150.20813619833092,-47.33253353169555,16.856796,1.4351883,0.020690589363088145,-2.5271528974701942,2.1272838668190994,5041.74
5407976567187299072,150.0773595240333,-47.52643525921191,16.856812,1.4682178,0.989785042262893,-6.555520683768913,2.4473175584603357,4580.446
5408163514219953152,149.8483364487194,-47.53535186085893,16.8574,1.3330364,0.2875097091148323,-4.810046884538942,3.1619751227719473,4917.807
5407976940841377408,150.04757950996188,-47.50015594681878,16.85749,0.9000778,0.16633632126463938,-5.6214529173010535,3.4860337545536275,6265.7593
5407976464107848704,149.9255696746744,-47.483204617168504,16.857796,1.040535,0.32065976351308717,-4.31836725081452,5.4748316745293995,5305.9062
5408167744770343168,149.89334085330148,-47.294111331968296,16.858036,1.1116352,0.6751532788309409,-6.285973122969419,0.7963731703078716,4750.6084
5407977318798567936,150.11096588307893,-47.44354431695425,16.858307,0.811718,0.18405468618717222,-4.258739534269449,2.4634507131249044,6323.9604
5407972508434941184,150.15604683248642,-47.593095862577535,16.858358,1.0119762,0.35843404767651743,-7.533203814810233,5.457965062788851,5569.5464
5408165545747043072,149.82476725779173,-47.38599509897073,16.859138,1.4484844,0.9130125006884244,-1.0775572581254935,0.6629821817598451,4464.8315
5408348202116194816,150.27293857297207,-47.53416927963981,16.85943,0.98518944,0.4427992919011107,-8.492648710017871,1.8362322557025572,5362.788
5407975330236481024,150.0169982325413,-47.53076951837613,16.86125,0.95290565,0.20020016265468824,-5.403574644504089,5.252105004015013,5488.0557
5407976429748114560,149.94976071910747,-47.479044024032866,16.862833,0.9251499,1.764398683910516,-10.367284784222345,-2.432754356545316,
5408164549314576896,149.79671660143637,-47.494095736818494,16.863169,0.93494034,0.3006979056673986,-5.361056528314816,3.0128254680498543,5378.9546
5407973680969283584,150.1247164151041,-47.53504225144203,16.864397,1.0547428,0.4621779512279309,0.5536082346415527,-0.6386518194259645,6008.175
5408352565802775040,150.11948746860045,-47.442340962220136,16.864819,0.93510246,0.2848708475071476,-3.793924492740353,-0.6876513815940414,5677.499
5407972478378408192,150.13485889382946,-47.59931569104801,16.865295,0.99671364,0.4319504411323149,-2.5184202014135506,3.3770777064524546,5380.747
5407973577890048128,150.08448103524591,-47.55270774981507,16.865505,0.9315071,0.23858670285460398,-4.373014237670383,2.8189536874553767,5724.1367
5408351706802631552,150.27196243845293,-47.352782255150764,16.865618,,2.8187483305428542,-40.179165463380144,25.91367399398999,
5408351878608059648,150.2410490307842,-47.33890790617349,16.868738,0.9919586,0.2372341168558895,-2.59689377555376,-0.7592499477803174,5070.3877
5407974741817955968,149.97644912738843,-47.592243130189715,16.868813,1.2145119,0.6435863105133652,-4.742216617906713,-1.1208775437055005,4729.9307
5407978212151770496,150.04243602792917,-47.4339630667051,16.86901,0.9763546,0.33442220328913425,-2.646282568751075,2.2046640246048055,5097.6753
5408353390436516864,150.12500299726287,-47.372552667483696,16.86976,1.1381931,0.2955932745542003,-6.546499248378457,1.3166071188563615,4743.666
5407976738985994368,150.0656116903528,-47.5127698198323,16.871096,1.17033,0.47998664078982867,-9.60515189296551,7.367042262001295,5150.9077
5407975570754626176,149.94627481384953,-47.55902443353169,16.8718,0.9984131,0.22069156733114825,-2.61938739160319,2.4670242196389705,5499.8667
5407976051790974464,149.946790981174,-47.5298416786334,16.871859,0.9941673,0.21748885609610943,-9.64547698278561,5.71438805620744,5070.101
5408353596598117120,150.12797208012788,-47.33006638408051,16.873783,1.1560535,0.07919892926802961,-0.8368101210333047,0.511492525577424,
5407977078285122816,150.09912057870713,-47.503103501453495,16.879082,1.6504688,1.218025434571659,-9.956834703009083,5.410753712924713,4392.5977
5408166336021179520,149.96808458213644,-47.37004120546559,16.88005,1.3760529,-0.29580040904849547,-2.583084243650587,2.216622169443739,
5408164514954885632,149.86443966404343,-47.41963153757941,16.880135,1.1935482,0.5061326821610302,-4.03435586567624,5.381064793411621,4998.0522
5408348408274642816,150.26995165240083,-47.496908420670444,16.881136,1.1582489,0.22149166205227525,-5.247854712170199,5.87337982339178,5250.441
5408167298093724288,149.89090310813117,-47.34576063222195,16.883245,1.0231152,0.4113543904373214,-7.59669328802346,3.6070795792993446,5381.698
5408354799185812736,150.20119552835214,-47.340720726245834,16.886631,1.0675488,0.44064216175218,-8.686516851885868,2.1920515937106893,5150.5376
5408353802746191232,150.0720146137637,-47.36588681667887,16.886927,0.8197403,0.19597835720660467,-4.253402459922545,3.1950197945991663,5936.6177
5408163724681032704,149.8361642983279,-47.51874884088675,16.88716,1.4495926,0.6966201616477739,-7.219494332827609,2.0236917750559105,4642.7773
5407974814840377856,149.95194921339603,-47.57729731464131,16.889288,1.081995,0.498600178093751,-3.5535389281261627,0.9232381890706911,4875.699
5407977151302639104,150.08090725341268,-47.486147684608945,16.891163,1.1341782,0.625736977819115,-0.19639184394112202,-0.3987141808766045,4747.042
5408165266567118464,149.8481380140162,-47.40129811472829,16.893335,1.09968,0.2890794854936431,-5.421775773015281,0.2729898112285581,5086.3765
5407973577890046208,150.08625361532847,-47.556634242354136,16.893597,1.2290993,0.5169621878282445,-17.159826165404322,8.667627018662778,4724.81
5408349679584971008,150.17755029722085,-47.435254048536486,16.89582,1.2978859,0.2424207153740639,-4.393332121572651,2.389520326444521,4740.9946
5407976154870208128,149.98948851119997,-47.49748941241506,16.895922,0.8485508,0.15558425891649302,-5.112264985646498,4.663555759183003,5839.867
5408348545713588992,150.22147551645335,-47.487315473586264,16.897306,0.9634476,0.28597871073138414,-4.343343650588181,4.655730919267979,5197.8315
5408166851417108352,149.8517601808576,-47.37387252772871,16.897589,0.7807827,0.20065987113627398,-4.373433049415193,5.3577838277540515,6072.455
5407973990206956032,150.16579784461123,-47.503327618553925,16.900227,1.318203,0.1591397050427163,-4.667697003580022,2.811504131708988,5185.505
5407974295141561984,150.14388700060044,-47.46836182880583,16.903269,1.1009789,0.3723892552295487,-7.225103241913613,4.8547736744987375,5182.133
5408163587242082304,149.87923678100577,-47.52524192039164,16.90364,1.0508194,0.29018316354494395,-17.746618626415188,8.03217295330365,5646.4907
5407960963562858240,150.2586002277944,-47.58805002641804,16.904005,0.9899883,0.30548046236131043,-9.482934244320516,3.834497701314132,5101.057
5407977563619514880,150.05943991774603,-47.429063402295505,16.904613,1.0250587,0.34711285317308244,-7.3346286822341,4.240307727765462,5251.493
5408353974552061952,150.0353548803157,-47.347427041550084,16.905735,1.0292072,0.32529905377871393,-1.2390718152247207,-1.889219501604448,5368.5674
5408167607331379328,149.86432356181416,-47.307958444283166,16.909525,0.8288784,0.24339642546780177,-6.188490288746203,3.777791926262144,6348.825
5408165373948334720,149.8096007924651,-47.419795598693455,16.909548,0.9021301,0.18376143670994063,-6.618049100805424,5.93102855224903,6014.2036
5408352016047244672,150.2990847575082,-47.3417646710761,16.910082,1.0416183,0.33584108336740026,-5.214662874875776,3.612970144321484,5259.687
5408164377515923968,149.8537203625186,-47.43582932327271,16.910854,1.5898991,1.1094905733299176,-5.925955897719236,4.570519368944586,4502.827
5407974333804226816,149.9900162055813,-47.63530838319939,16.913101,0.7712326,0.1509145956248207,-4.080442646751661,2.176784359129126,6373.6196
5408353081198871424,150.1087074718199,-47.36575126368133,16.914814,0.9328785,0.203645711570396,-4.860810590193144,3.756647162965782,5634.8657
5407976979503944704,150.05056215760916,-47.478616051484366,16.915318,1.022192,0.18963585135874833,-6.900140491439359,3.01804072581172,5443.5747
5407976498467593088,149.9383006859742,-47.469400166554905,16.916132,1.0606117,0.24770919796893612,-6.6934126658686655,5.304608357861419,
5407977872857145216,150.00534301068882,-47.44762136054236,16.916237,1.0259857,0.49755656414668953,-5.687038660659729,3.270617763101666,5134.3105
5408167057575543808,149.84256747226675,-47.356563658437956,16.91706,1.2842102,0.6891394842983535,-3.128207997050476,2.2497871929004267,4763.266
5407975055358788096,150.049601943236,-47.55376860483438,16.918087,1.0749035,0.4971765290017276,-5.998071810409504,9.108033179301746,4921.664
5408336554164893568,150.29479264196513,-47.532459322892024,16.918097,1.0075626,0.3145425191333324,-3.7650803310850582,4.715828595257806,5298.5156
5408163793400334976,149.80885033617795,-47.49565728013272,16.918459,2.1056948,1.962487902115416,-14.422808429480536,8.916473108614305,3644.5154
5408354558667630080,150.04018006705883,-47.30750346818969,16.91978,1.0895576,0.29874358491184655,-6.161637823239322,3.4853538587958526,5087.069
5407978555749176448,149.99211943770436,-47.39485185763775,16.91993,1.0276031,0.4941094612611916,-10.658888609699167,5.897099280010069,5243.9194
5408166748340286592,149.86131860729557,-47.38737219961868,16.920424,1.0321388,0.5035961844864625,-1.9537107308049284,1.8395516735599702,
5407976532827551872,150.06372019696633,-47.53638763373951,16.920927,1.0426712,0.3854419867883715,-2.597581991661982,4.611246030719184,5172.8325
5408349473426532608,150.1984098007997,-47.462150903704114,16.922808,1.0900726,0.346928069567128,-12.24059120816646,4.815256140158899,5286.2695
5408350366779766016,150.32665804561987,-47.4430622991291,16.92467,1.3815479,0.29357967215100755,-6.3010690808796515,3.9522791722665898,4504.2515
5407974368163970432,150.00168925807534,-47.62979474085023,16.92503,1.0191097,0.24047411376418995,-4.612091265678933,1.4667090928520476,5431.7295
5408350190679145728,150.17901544741827,-47.388122531900095,16.925056,0.8585224,0.1874737734827231,-5.304372037284668,2.8126387861037223,5809.5757
5408348202119234944,150.26618370082832,-47.52869623919783,16.927444,1.7409267,0.3828725453359437,-6.958830530330836,4.83962027228875,
5408350023182380160,150.22144877139897,-47.39853002088029,16.927507,0.9180584,0.12300986693080208,-3.949219875702817,1.5837480030298612,5772.2725
5408167057575542272,149.8416151372343,-47.360461404880674,16.928135,0.8463211,0.21367729976116112,-4.561701310176499,1.5567854347311139,5851.574
5407976567187293952,150.07684832929417,-47.536352030572154,16.93041,0.9547577,0.16034961102268136,-4.493588419483521,2.1042097992091406,5438.1235
5407972340934346368,150.2019852492047,-47.60196709588137,16.931526,1.316843,0.07342379451130449,-5.918235095970798,5.191268525126091,
5408166709676461440,149.93058250685587,-47.31567465530793,16.932766,0.9450302,0.21226565192785127,-8.091660612584015,4.573310437061476,5648.89
5408541784879529728,149.98434087759006,-47.30964326653684,16.932983,2.2379313,2.8649009705642037,10.471390173424366,-15.138089936910978,3717.2327
5407973642311340928,150.11017275602913,-47.54212999528682,16.933699,1.0208302,0.44169841939130955,-5.85612017265892,1.6159546824486295,5415.449
5408348992390204416,150.26549973872434,-47.47677506144334,16.934278,1.061079,0.48706820103180976,-7.9887778597758725,5.462921105518384,5422.6724
5407976670266519808,150.07051014068412,-47.512019088639164,16.934774,1.0840397,0.42738529490234434,-7.758110116089103,5.95574816460795,4853.219
5408351844248317568,150.2190634338584,-47.33928243912513,16.93667,1.1234818,0.460845434722189,-6.174755197849173,2.173415777200574,4986.112
5408350809154452096,150.3105708548616,-47.37913651357177,16.937601,1.1100864,0.327963548893961,-4.552919484471187,5.723444058479499,5476.3784
5408353562235224704,150.1517735248359,-47.34078111485787,16.938013,1.1452103,0.39100798145021703,-5.672702941291229,-0.14039392493910463,5170.5273
5408355967416927232,150.11099225789766,-47.27064432410858,16.938807,1.0357456,0.42300878684804033,-8.472085212207055,4.0034817168410655,5098.297
5408165167789902464,149.8090808766585,-47.42374434627155,16.939016,0.9544258,0.29105519772842764,-7.182777721354279,5.713730288126481,5233.83
5408349026749951744,150.25969373294006,-47.4563550090696,16.939035,0.9993229,0.13515188404187536,-5.532175884973728,3.37749101654759,5551.1304
5408350126261588864,150.19290850967556,-47.4024959120083,16.939613,1.1472721,0.4067648023956559,-8.537588831939091,6.465688795474841,4902.2944
5408349885743410432,150.20573184649095,-47.43124920139875,16.940456,2.0669003,1.627389567985793,-8.050200787991084,4.653635480655525,4024.0742
5407978010296089728,149.94522701923333,-47.44476576747177,16.940718,0.95350075,0.3323649874501103,-6.960181114470072,5.128607445256005,5438.1895
5407973990206958592,150.15984140728608,-47.49697772928938,16.941122,1.2981892,0.26723452637116446,-3.680028064092058,1.0696830344877655,4911.615
5408165339588609664,149.83886028647717,-47.402445009242115,16.941141,0.94786835,0.27073227396440885,-7.617833467651335,4.185669944466767,5384.228
5407977838497400960,149.99361412448715,-47.46005515707467,16.942713,1.0314331,0.29400440830022323,-5.701975751879172,1.304525778754663,5413.942
5407971546370299392,150.03418924274013,-47.61562431532574,16.943096,1.0642643,0.20798999104951132,-4.037055864663843,1.716550139979927,4988.4224
5407977628036158080,149.99317926928,-47.489749001520316,16.94577,0.8828106,0.17014185232742557,-4.018291266737601,3.6407685755773604,6096.3643
5407976670266521216,150.08072778327934,-47.514401498247416,16.947727,1.0098896,0.12055127115331606,-3.815539699790364,2.0390919799651948,5577.2534
5407972821975840384,150.2476960558132,-47.56450229168686,16.948288,1.1980343,-0.0456492109018453,-2.310920135624734,1.5715727631112841,6328.8057
5408542334635364224,150.02538912414892,-47.26868641824472,16.95238,1.0882568,0.09187073843587132,-3.9696531950138705,3.2032164294327075,5340.401
5407976429748119040,149.9506183307005,-47.46864486960483,16.952682,0.90213966,0.5056891732883001,-3.2501155504779717,2.640754561125486,5489.7734
5407975364596213504,150.00100424600612,-47.5396226444684,16.953245,1.142973,0.46168992440690815,-17.90805932793496,5.364110357545329,4971.022
5408164789832775168,149.80392661097866,-47.43249141582693,16.953669,1.004528,0.43292840872007954,-9.728209013919095,2.7739473556796934,5050.3276
5407971447581056896,150.0349361492136,-47.63901510579116,16.954193,1.0905876,0.42249998404861305,-5.274365717292707,1.9221757310581724,5058.233
5407977288741606272,150.09769546889126,-47.453074126524065,16.954388,0.9901295,0.3156694152108951,-4.614996913921178,2.52164880119379,5046.37
5407974643041887872,149.97774432321054,-47.599826123243695,16.954426,0.8578453,0.2803900297634468,-5.040589765274362,3.2822645454773918,5816.871
5407977559316743936,150.0565579574382,-47.4290185262391,16.955215,1.1627598,0.49559757103374796,-2.0466904011823854,0.12531618090567231,5018.8306
5408351638090110976,150.27737094017044,-47.36185617334628,16.95544,0.9528713,0.28351876789363456,-4.315120893146656,4.84408235255115,5330.331
5407973199932971776,150.20565107345007,-47.525998538470695,16.956242,0.9203682,0.15657965792969497,-5.757116606744941,4.826628330472909,5610.6963
5408349679584967424,150.18571115214098,-47.446446191524714,16.956377,1.3029556,0.11747972288565425,-4.9528821157765925,4.068220546261527,5134.7954
5407976807705237248,150.02093052990418,-47.51181753662275,16.96136,1.1233025,0.5288538605880064,-9.126921484558192,4.3754549382445544,5313.097
5408354520006374912,150.06874123775913,-47.30385521563866,16.964268,0.9970436,0.22001196222807445,-9.364951137497343,7.318617271150673,5123.183
5408166404740536704,149.96706549481894,-47.356048142246884,16.964846,1.2225704,0.22377525657254882,-7.535500145256317,4.051442599266949,5348.9395
5408157604344886528,149.83736381682698,-47.55210771615809,16.965008,0.95038795,-0.30259666470165336,-9.14826303627013,7.281344239559353,
5407974643041888128,149.97241598421635,-47.59689320409856,16.965853,1.3531265,0.09842118851856864,-4.9318288177442176,3.401770647210789,
5407973161270100096,150.19813839472596,-47.5306163599272,16.96759,1.3712921,0.2269815216891754,-4.513200943636257,2.9234257832264268,4351.9966
5408352737601481728,150.1545290009356,-47.40291834169787,16.968323,1.003046,0.3970535013726775,-4.0839290341697225,4.123872195505119,5723.7656
5407978388253236480,150.02903967278922,-47.412969915436705,16.968714,1.421072,0.35083824709030487,-2.025490081986378,0.46682577978388584,5040.5254
5408354970984515584,150.1844196922492,-47.30465570981293,16.968723,0.8437462,0.21078008418366023,-6.19696589042127,2.879017047221807,5707.3086
5408164171357650432,149.9199378856559,-47.45916700500488,16.969288,1.2516174,0.4780112155765479,-15.131399630082544,12.697272493282417,4967.942
5408336348006684672,150.28675936343973,-47.55907231065106,16.971014,0.91350746,0.1968232242709814,-3.622488068701431,1.8216127123283272,5548.5317
5407975566451736576,149.95072901173157,-47.56350534953404,16.971264,0.8465767,0.13425244349016255,-5.355871932447471,3.3799986310432404,5899.6836
5407975398955962752,150.00269013705574,-47.50668232668327,16.975962,1.2660179,0.44774593565593623,-4.809306578153298,1.7510731454170294,4658.4585
5408167607331384064,149.87132415015245,-47.29964715733598,16.976582,0.9862404,0.19169928511512097,-5.795693421599089,4.0834647493365495,5369.1597
5408165781963127040,149.9559164230381,-47.41999975844521,16.9768,0.70944405,0.2568270556898791,-4.441562600461773,3.0511059564091387,7560.583
5407971688104407168,150.0804322308803,-47.61298531029041,16.97691,1.0602074,0.3477285682893951,-7.588515052850475,1.5938199693059332,5238.861
5408350298060074368,150.19508500703225,-47.37719782797781,16.977015,1.1370068,0.23988841801686356,-4.264218779513849,1.2629821693792227,5115.3984
5408350534276478080,150.3461169998905,-47.404591374985046,16.978348,1.0000267,0.13168096319971262,-5.953559023270419,4.484877516791011,5133.2563
5408353390436517632,150.11777214261838,-47.36775479715365,16.979551,1.1240292,0.38281525565786206,-6.158879198096456,7.63849126559506,5083.1523
5408353283056446080,150.18171702055963,-47.356244310451864,16.97997,1.2363663,0.0862241825290246,-5.578522998394101,6.100137689930563,5438.8193
5408349885743413376,150.22115674138155,-47.43172695500729,16.98026,1.0103283,0.1784082393846264,-3.0346463986760726,1.474284224736647,5401.9536
5407974127645899264,150.10713077726808,-47.49469621461019,16.981506,0.9163246,0.25666221684428925,-3.998727062315507,1.981553864279789,5403.9795
5408353287357318784,150.1956204963915,-47.358748298248706,16.98156,1.0790882,0.18746677319094698,-4.4960111875702085,2.846247852585436,5370.728
5408336382366430848,150.296016757487,-47.54525055196165,16.982641,0.9956951,0.10991669144632094,-5.0381657111774425,1.6510652898897775,5568.21
5407971653744659840,150.0685377639448,-47.62535737268224,16.98357,0.7631359,0.110547260395118,-3.9610898450582144,2.6909473342807733,7654.467
5408336897762525568,150.3244927633361,-47.521599157427595,16.98397,1.3182468,0.16349047019193105,-2.793309972387654,1.8025254034306086,
5408166370380918912,149.98319592031442,-47.36023435379689,16.985058,0.9592743,0.2670377982096398,-5.813872305077165,1.2888994638680151,5455.817
5407975295876737152,150.012843147246,-47.54493237856726,16.986666,1.268465,0.15590958491957124,-3.0179924145524897,1.7123938427932472,6312.4795
5408164343156178688,149.84337923083993,-47.446284406095614,16.987,0.844429,0.11078907344753293,-4.423739233015011,2.7008905860911883,6601.4917
5408350401139513216,150.33052323003028,-47.42468257366298,16.988935,1.1717167,0.3968014568685473,-4.537772063831721,-0.9303054376636897,5078.67
5407972684531746176,150.21998886935845,-47.590256622274865,16.989202,1.5435181,,,,
5407974471243197952,150.01262945921144,-47.612103855907804,16.989716,1.064743,0.2688457803548891,-4.284776568975002,-0.8392264430875913,5215.668
5407970966549905664,150.12689742242108,-47.62429713196548,16.991709,1.3276062,0.8019938095191556,-6.569480244153501,3.152359491656159,4716.24
5408351878608059520,150.242095530115,-47.33965819577652,16.991793,1.0024986,0.2661029698780184,-8.987923816431138,3.5515910993704525,5045.8823
5408165820625100288,149.95962536014162,-47.41095682747223,16.991985,1.4965048,0.07894214863091131,-3.0637611542936467,1.6518460343019965,
5408355967416928896,150.11881575094574,-47.27159900865134,16.99288,1.4888172,1.0905048060448894,-8.250126843803745,3.2118061700855933,4513.162
5407970859167378304,150.12582401029192,-47.63994693475868,16.99307,1.0307846,0.20196868654377387,-6.244344587644242,4.156570231497188,5293.271
5407976532822414464,150.06227271957962,-47.54476416171686,16.993153,0.8740139,0.29798167921476915,-4.354068120477132,2.431387560108071,5652.743
5408164171357649664,149.91936817634536,-47.462979643548174,16.993727,1.2594032,0.42902874939852886,-4.803980396461646,-1.48674238400632,5159.0894
5408166129862608768,149.89211000289012,-47.37677272128917,16.994059,1.278677,0.20236443920834646,-4.102167362234776,3.3698896290049674,5263.7715
5408166129864998400,149.90631865089904,-47.38448945925028,16.994362,1.0903339,0.33324845121124236,-8.847962724225132,6.043731538586579,5007.621
5408348163454222720,150.25254713678385,-47.538381186417745,16.995695,1.0339928,0.3469889391115145,-7.430195270737945,2.998247483653401,5260.103
5408542300275618304,150.00956680975986,-47.285515050977416,16.995872,0.9530792,0.3467963767333536,-9.159987337891335,6.702386531564171,5400.3022
5407977357461072256,150.06904232443873,-47.4715242562306,16.999342,1.2020321,0.2221115528055696,-7.30630623934452,2.922206534621851,4886.2837
5408350293758387456,150.1867148486432,-47.37651621640525,16.99967,1.2179165,0.7227236782907147,-4.744300903222742,8.049475343012402,4917.1323
5407974814840381056,149.96067479619302,-47.569131733980775,16.999779,1.0211105,0.3493644655835124,-8.23675242053258,5.662104207211815,5277.188
