source_id,ra,dec,g,bp_rp,parallax,pmra,pmdec,teff_gspphot
5724110452500605952,121.31101518130501,-16.624857677114683,8.8789625,1.7741942,0.7497571424754005,-5.358702230403326,2.924876694054597,
5721107823683491072,121.30550565343232,-16.658491209904184,8.885087,0.40729427,3.8923929211376618,8.265711714292346,-1.6989332044008387,7138.2407
5721079683058081024,121.41718347352949,-16.765884659571142,9.349703,1.3226385,1.6496403330354195,-8.666587774649765,-5.606761966896647,
5721106758531913344,121.36981657227776,-16.6893853789061,10.690317,3.0229826,0.17929957512515574,-2.3973213529103727,2.322991273613926,3591.536
5721107617525389696,121.32465523553473,-16.67060755102541,10.712184,1.6512985,0.42385388273964253,-2.6641617020858344,-0.7829283897917292,
5724114850547139968,121.21980642009895,-16.537901640476843,10.759321,0.53116703,1.436895666283681,4.535478966506764,-6.47614793347503,
5724117358807944192,121.2909339902714,-16.431233256121057,11.229243,1.1546679,0.7306715341990545,-1.749628619405913,-0.11325599274781525,4786.483
5721110052768267776,121.41099919453032,-16.569636826406654,11.253152,1.0336294,2.7413906416925515,-21.917223849867117,13.384575631968264,
5721108373439302912,121.36077529619108,-16.618161248053916,11.309635,1.9166374,0.3347374735048256,-2.1502948987793866,0.9489943914947425,4805.1284
5721109816548310528,121.41719174515242,-16.58828551721728,11.334507,1.4025984,0.8023765005051743,-8.242368852592852,1.344444082863928,
5721109472951146752,121.4823833383028,-16.57813516521055,11.396326,2.1350594,0.3410532248396363,-1.3636787536632977,1.1323806505229719,4812.182
5724111238472939264,121.30745560196438,-16.561691221826692,11.397067,0.6931143,2.24589332999062,-22.872309230462324,-0.6307739353685173,6298.391
5721106586733212032,121.3976579206117,-16.700882060784917,11.41473,0.36595058,1.5791186023652228,0.5143643728872523,-0.5391031686810848,7513.7026
5721082083942375552,121.1890354076389,-16.753876491529116,11.520178,1.0065784,2.49377616277363,20.39940369276055,-40.70262405508244,
5724114193410436992,121.3957177315882,-16.470320859101744,11.643002,0.36038303,0.853424371845495,-3.9669479020857294,-0.33452894637676905,7877.498
5724113471861324416,121.42307309747534,-16.475787524256138,11.787202,1.426693,0.3640920759366688,-2.524437069563558,4.362971973669272,4770.7637
5721106930330596480,121.3723576275988,-16.665181656570457,11.811667,0.76056576,1.3615305051508388,-4.856661269466116,-6.008620908633836,
5724112612863309824,121.37953910858953,-16.532605469785114,11.920154,1.1187944,2.4628687912202136,-0.43708121372243935,-22.39923758438783,
5724114090331222272,121.32095253143186,-16.479338867211528,11.962293,0.49771595,1.238252849369736,-1.8104420445940292,-5.243091438609476,7124.37
5721104009752798720,121.45616219134726,-16.690722765673982,12.092599,1.3482523,0.283018204438586,-0.9276591200914475,1.7315368415821424,
5724114953626342912,121.22770363546958,-16.52136240486417,12.11377,1.2298899,0.4735184539292804,-4.82595786910614,4.014085141674224,4778.1655
5724118217801423744,121.25389683178653,-16.413352168985384,12.115092,1.2384615,0.4766646953761867,-3.057297061062393,0.759642496855357,4768.2554
5724111105335573248,121.36058188910847,-16.56259199188964,12.164406,0.27140808,0.9950551097331188,-4.22441020615696,3.802593315116869,8166.54
5721104177253011712,121.46135668138493,-16.666148009936606,12.188437,0.2676344,0.7414853356233846,-2.948029013105466,-1.810095652277559,8651.642
5724087702053133312,121.14316181864415,-16.623422760687095,12.204384,1.3253174,0.24073340681300123,-2.4243980730806105,2.4967317168721403,4392.0405
5724087362756529280,121.17963094519203,-16.657921863534625,12.226347,1.138896,0.3958965704056385,-6.130730539087742,3.587910341595288,
5724111002256366592,121.35894749450537,-16.57516762307813,12.299077,1.2631998,0.5513317524880211,-2.928822571552332,3.2326785023359483,
5721107995482181376,121.34109405631939,-16.62846713000779,12.31518,1.5033159,0.2754993123947335,-2.531249994127304,1.9413849181954586,
5721107407068416128,121.41734653397506,-16.63160039865929,12.319343,1.030879,1.2590132491630175,-3.175141648286578,-15.0543181503915,5182.133
5724114777526962816,121.18504841797063,-16.552600784175038,12.382463,0.8311367,3.086451552487563,5.379627809153041,-6.836938726258517,5718.656
5724091378545135104,121.14716439178804,-16.56873292213949,12.403046,0.7045965,1.8667395305157979,-11.878463046906502,5.255765310722442,6077.8843
5724117324448799872,121.27875241497057,-16.441321938162318,12.406575,1.1746387,0.3818396336390735,-1.3645012545915238,3.580003310748807,
5721108506580042496,121.36933311393952,-16.599308345838512,12.414568,0.8193245,2.3679261964606573,-21.075005389877262,-10.253331557102788,5688.768
5721116684197769984,121.47217672530667,-16.485939448703764,12.416978,1.5434074,0.2162979570685414,-0.6714911692248593,2.019850232059973,4720.0815
5724092207479621504,121.13183517486858,-16.546775726111907,12.482709,0.4923401,0.6772980662861586,-4.245915351869894,0.7680006044941692,7305.9033
5724087809433083648,121.2173996655377,-16.62266660482639,12.522884,0.6637211,,,,
5721081916441190656,121.20693693456333,-16.763051644398548,12.55311,0.7310076,2.1218491142870204,-1.2451153134885624,-13.317182881517779,6034.265
5724114262129913472,121.37231678831034,-16.46507681775045,12.601159,1.2030039,0.8420112601815419,-4.383932978995984,4.938109310829402,4844.169
5721082431837204736,121.32252709991693,-16.76820405768168,12.666729,0.5876236,1.1701771189875985,-6.192736487225664,1.1502219039465227,6822.5386
5724113609294885888,121.33016573304542,-16.524947116205627,12.683115,0.6786089,1.0812240658048362,-0.08643347560728354,-3.391549477043166,6201.036
5724112720243239296,121.3917761281215,-16.533870725543164,12.704167,1.3117771,0.40183227404332966,-0.049977748812820175,0.4421683101335577,4501.8633
5724110448199793152,121.30801638944425,-16.621309223447575,12.766282,1.152729,0.8558683949621075,-3.12270112527488,0.42800700914391343,
5721107342647442048,121.38601279886795,-16.64608319917212,12.798681,0.7042866,1.2994617906559853,3.3745419884178167,-6.059550597479845,6221.1743
5721108304719824256,121.39148645505546,-16.60271401277944,12.885712,1.5471926,0.12803106250723126,-1.2080717359437416,1.422655159167101,
5721083355250919680,121.25119407177165,-16.75254938657696,12.913048,1.433259,0.2752123200541356,-2.4452533309133853,1.675744411611358,
5724117496246857984,121.34438494644368,-16.42957272021169,12.963089,0.9312887,2.5003202086320435,-10.765795539881529,-12.252423355977522,5511.688
5724113132561974656,121.41777963340851,-16.510060448427065,12.967362,0.61939144,0.1416646987945978,0.4859615059915585,1.5558249500570733,
5724117595024680448,121.35616889884845,-16.42135956515618,12.995211,1.1854734,0.23669668580727726,-2.642512216774179,2.686924093985455,
5724086331964360064,121.22238958035638,-16.685220034663768,13.0015955,0.8033438,0.784576797962144,-5.064315286532603,2.2481427520321424,5637.3564
5724087603274724480,121.1325790135229,-16.64031727061295,13.038496,1.2278976,0.397861835760651,-1.5052893195338615,3.926085779757815,
5721084287262709760,121.27335571886607,-16.67243047702928,13.05676,1.3984108,-0.26007419351322747,-0.7126533805922903,-0.23670234204907878,
5724115159784775552,121.21563643047266,-16.508700227699684,13.120495,0.62540436,1.0122960942543122,0.4050487023459912,-1.122869301218091,
5724111169758841984,121.3201887318238,-16.562446340602715,13.1646185,1.2669563,0.2993684002798541,-2.490402546838374,2.196087407828707,4642.2397
5724117152649495680,121.32177761083533,-16.441677466669255,13.172087,1.1297274,3.808171444710528,16.654153657742818,-46.12151765573314,5022.678
5721080026655476352,121.37518926097822,-16.73763049757189,13.1742525,0.7655554,0.9563933251889115,-4.8521471341044995,-1.2083848208406887,5943.3936
5724113510517837824,121.43703659813477,-16.466596326233073,13.197086,1.0656767,3.4860799507738864,-25.106702647488873,12.104575576062128,5163.1694
5724111380213494784,121.32542818024342,-16.538684242020622,13.228744,0.51406956,0.9042806407448882,-3.3086125343414596,1.4340150212922869,7031.59
5724119179873985408,121.45811422660552,-16.474245300129347,13.247025,0.7990961,0.9952688339240666,-5.960200606021283,-8.990464441105154,5697.344
5721106586733205504,121.40487995604164,-16.695567473382017,13.250691,0.5187607,0.6523591333815307,-0.6118188077850043,1.5754382478077829,7231.1465
5724090764370632192,121.13810990578345,-16.601297979281444,13.25949,0.7917261,1.47600898703248,-4.507327778037377,-2.28696372862789,5846.0576
5724113334416978304,121.3936686455851,-16.504006599578513,13.262433,0.35323048,0.6407519989747784,-3.3801175850605425,1.7085775205223268,7873.862
5724112342286199680,121.26715667761692,-16.524762831605724,13.300492,0.5424652,0.7787310176840045,0.6701138598480924,-3.448813813390107,6977.869
5724087981231772288,121.21066091948686,-16.605678608128073,13.31666,0.67741966,0.6328464856836261,-1.6038937291030102,1.711159178452237,6316.4487
5721110435023594496,121.4863377610826,-16.543542904777627,13.340097,1.1669121,0.2644566464340401,-2.7063631706554907,1.4900600885548814,5375.0347
5721082775434595328,121.29255844078959,-16.738732660184436,13.370308,0.6076889,1.0467720407644416,-3.7840887762404973,3.3894152584921846,6547.2744
5724114884906868480,121.22978750208623,-16.530355823159493,13.384975,1.2399092,0.23714836226353775,-1.7549085868976586,0.20189611175542288,4999.7153
5724087465835736704,121.17761215192024,-16.637808836918065,13.436707,1.2849026,0.2329042815020698,-0.5051130925566292,0.9412492944751254,4640.884
5724110555579806336,121.31131900934282,-16.595308712806638,13.448417,0.70773315,1.2023270800994887,-10.528271199529843,-0.010649416726833585,6098.8916
5724110727378516096,121.28567482546445,-16.591012417660007,13.453605,0.84412193,1.9836367177730398,1.4748774234845263,9.570778725298736,5536.6797
5724116083197016832,121.13295608921155,-16.496656251134137,13.47505,1.1939774,0.20459974060611402,-1.0951659567282868,1.004903169788905,5094.148
5724091107967981824,121.16794770837939,-16.57912085063201,13.499737,0.7602129,0.9614007744934503,-5.532756295596252,0.401091885155143,6239.257
5724113476157435776,121.42597509144301,-16.47664605574793,13.50227,1.0596046,2.7963761362417814,-20.38008092913435,0.06207055004633181,5152.93
5724112204847219328,121.31227694101251,-16.527031571466924,13.508766,0.61334515,0.5572256920913647,-3.9484538866609813,-0.3269711888105823,6677.473
5724111929969357824,121.25108196438099,-16.536520571359027,13.509786,0.75936127,1.3403884256075405,2.938114151732574,-14.470955829814537,5995.805
5721107754964327808,121.34390378916012,-16.65352641621367,13.550634,0.8295984,1.9311561741027725,-21.409889933003196,8.95224613708735,5702.642
5721083840586112384,121.22866767633316,-16.70270861556207,13.554798,0.5700779,0.880084685200327,-1.7895234109185938,2.489941940997063,6741.852
5724115365943180928,121.24209827962771,-16.49522511986569,13.574692,1.3423767,0.21189724151717468,-0.8594077642312135,1.228430686481251,4855.5566
5724086984799356928,121.23752963441486,-16.64086357145666,13.599302,0.9186611,0.5548262335463413,1.2097785941752823,-3.6453843934587002,5863.1084
5721083046011076992,121.36334693414564,-16.715843280657147,13.610479,0.59487724,0.6740526429956444,-5.599621492406558,5.320175270544413,6790.806
5721106792891666304,121.33648718646667,-16.682527820935626,13.618187,0.99108887,0.7342140180778107,-4.10882186427423,-2.88595142439791,
5724091485925104000,121.15557212695452,-16.560119066771072,13.620645,0.75760937,0.7300756057215725,-2.739310293884036,-5.424040141921195,5796.3296
5724119386032416128,121.44910745357461,-16.46172432762698,13.623206,1.1598234,2.8423477854283927,-8.235847327341716,0.5078479525973422,4977.355
5721109713469289728,121.51029785371182,-16.541974072593376,13.623292,1.3409834,0.20200661394438732,-2.1216101030072334,1.3054597705365547,
5724115434662630016,121.28085959399199,-16.485958323869138,13.650354,0.8708935,1.2822324852687126,-1.0752897189293038,-3.183981588916408,
5724116392433692672,121.20666713480597,-16.474591841341923,13.693173,1.5284014,2.9099315996337145,-0.10127293390553693,2.5566828015691314,4481.8325
5721083531348837760,121.2840926186768,-16.720444395827318,13.701096,0.7364216,0.6419575711931162,-6.285471899875281,6.289614754142301,6049.1274
5724111689451220224,121.22982545090814,-16.577606694819227,13.708121,0.85134125,1.7998115775623122,-14.293392489354268,19.844935671393923,5719.968
5721106758531918848,121.35731951700556,-16.685029943385175,13.755579,1.2816992,0.22127250051652247,-1.7261191307284118,-2.359148653848232,5187.4014
5724118183441667840,121.27918069437361,-16.418824121108887,13.766683,0.69540405,0.9959141918271641,2.3393382976617323,-9.253295762503074,6061.0312
5724117427527421696,121.28540616041766,-16.425138140503613,13.771997,0.5456352,0.4677482341365983,-1.1336934515754171,1.1301824859801566,7139.2207
5724091279766665984,121.17519072848576,-16.571290953291413,13.798724,0.66565037,0.5430580698804912,-0.3590386762120601,0.888971779453316,6356.365
5724090626931706624,121.10859989799143,-16.613845606608894,13.818762,0.57098675,0.5154037523006684,-1.080659554654134,2.1394594031085337,7003.29
5724092374978018688,121.12092898779926,-16.523735632489288,13.83373,0.35681915,0.18604858489812212,-2.609038100782734,3.1389589850262634,9250.64
5724114850547134464,121.23011641899349,-16.541271478916826,13.841148,1.3083858,0.20096271531609078,-3.1567128782726965,1.5237910173354763,4690.4946
5721110057066478336,121.40774631278143,-16.565798647963675,13.846826,0.6413126,1.0178234336636922,-7.849377151006481,1.6065899834695963,6405.8706
5724086435043594880,121.1955741634492,-16.68527054481268,13.864639,0.5014343,0.4215093725515281,-5.314597024741892,0.9328610221649241,
5724117152649502592,121.31159544649961,-16.440292155092926,13.87686,0.7099352,0.6216199135495285,-0.940567241809226,0.6162987656585216,
5724117010908983040,121.28373859956275,-16.46581004039573,13.893404,0.7485285,0.7418317996856248,-3.149704447104628,-1.6310505195399316,5936.865
5721084012385167104,121.28281132958575,-16.698791267133988,13.925313,0.9154291,1.4689325907527748,-9.16801087001148,7.451950195959788,5330.5596
5721107132190681600,121.4386469726108,-16.651223000209797,13.939811,0.8372574,1.4649195061933216,2.001235284647829,-4.513380929307667,6180.6577
5721109541670624768,121.47150354556585,-16.564607226701025,13.943126,0.7558651,1.1903209004949808,-7.834451871243201,-2.6801212407343122,5992.9062
5724086813000655872,121.25994611341228,-16.658085502430954,13.943942,0.73843575,1.0877476666554537,-7.649295245662845,1.8941301308199128,5910.4463
5721109026274578048,121.44175454423865,-16.601923584499904,13.946104,0.78526115,1.3663943832835685,-11.488421555729284,-7.7324654023204875,5725.557
5724112445365405440,121.27699991388236,-16.516353246100113,13.985111,0.5760622,0.6412765420636457,-5.118046801851466,0.8781131779874309,6814.049
5721103494356771200,121.38553414530826,-16.72015075157824,13.993087,0.7212362,1.150757095257355,-2.180836215640163,-3.8843840814078825,6003.8784
5724085713489137536,121.13513275167632,-16.689996568072704,14.002493,0.23573971,0.2793699373896689,-3.6305871892448955,2.197406006422515,8774.483
5721103803594367872,121.46500146833598,-16.702997173948475,14.004549,1.0447836,0.5429075102683765,2.1284153964325734,0.6566013080725754,5092.1123
5721108648317453568,121.46622641422574,-16.63651857179546,14.011731,1.1578064,2.2468346765131666,2.4200897879053036,-6.571325762393886,4863.2983
5721103391277521024,121.44535937865669,-16.709032150322514,14.01889,1.2060881,-0.9012480591219447,-4.733597018280841,2.452543123732725,5841.948
5724112548444562944,121.37970092229334,-16.546834627761765,14.025873,0.40857506,0.4949617076905866,-1.4333544328669596,0.4046402832079511,7648.427
5724112926401672448,121.37870369861187,-16.52047859980769,14.0537615,0.44443607,0.5139489602591112,-4.957602452772326,3.9325900545857664,
5724087294037075456,121.14748853843716,-16.656992270789846,14.062502,0.12815952,0.30009596704976405,-2.773138482825554,1.980967611502726,9350.642
5724116843411940992,121.18863659266815,-16.433802278112974,14.072321,0.78205967,0.799400705789501,-4.760685724305476,-2.2050933525266134,6057.2324
5724113716675679360,121.33078418437384,-16.497174182530085,14.07328,0.7190685,0.487585520921763,-0.9066320342470107,-3.859519834850704,6145.9697
5721103700515156608,121.46633929967626,-16.717267580838826,14.077165,0.48932648,0.40762698815602105,-1.5417965423476674,4.8594981455456,7403.531
5721104112831998592,121.4718292216147,-16.67445400804586,14.097982,0.86722565,0.5116512789684663,-5.546464611124497,4.756479409394622,5852.217
5724114983685825920,121.17893802016108,-16.53700678789928,14.102303,1.053915,2.0211067322458667,6.105901145235082,-11.1941188846879,
5721084149824097792,121.31075717929181,-16.68175361349463,14.102398,0.63681316,0.6520729736743971,-0.941263145174771,-1.4946357578223346,6573.8037
5724118114722220800,121.24114732185345,-16.42233424687063,14.135067,0.5604944,0.3098898855383562,-1.171908158717408,-0.12214395002404994,7177.4062
5724117358807934848,121.30092427373087,-16.42633314321206,14.147332,1.8918009,0.11222980145579527,-0.5438730017353138,-0.37201426506277846,
5724116362375612160,121.2082470350372,-16.481516391086927,14.147908,1.1891708,0.44727233168327757,1.2530113819110649,-1.5702655335247038,4869.17
5724116465454827392,121.19342173240173,-16.45927776137355,14.156459,1.2115898,0.15282971860464878,-2.126224435684352,1.5235166516821042,
5721106243135729280,121.517371344396,-16.600831593689975,14.161475,0.55006695,0.4026399716762102,-2.445922386761872,2.3132687240706713,7259.3267
5724116018778256896,121.16554606759554,-16.485474632880496,14.165018,0.74596214,0.9381668437221482,-7.65564050866257,-1.436692760121426,5976.8267
5721083943665681024,121.30461883399231,-16.706006194651255,14.172637,0.7966986,0.5864096900575619,-6.644433357736892,7.318935393887049,5975.475
5721083325190366720,121.33274967367245,-16.691811304844034,14.177329,1.1441193,0.5007849596404813,-1.8380851667074076,-4.027875352306077,4836.455
5724086916079858176,121.2646487326085,-16.6362439587543,14.191063,0.73326206,1.0006195528969815,1.4623974273765994,1.523155708842773,5934.5615
5721109988346998528,121.44295523004233,-16.55674217926333,14.191688,0.5522804,0.5061966853418317,-2.43368446746094,2.347203430552641,7105.9727
5724116568534024576,121.20980438650756,-16.448123754775576,14.192432,1.2160692,0.2207074360202584,-2.409219584943003,1.1074090459574102,5457.357
5721082363117748352,121.28751861128057,-16.773457262567998,14.194293,0.8226719,0.7195840652485151,-6.816533787435131,-1.4985779131788501,5639.2817
5724116740332732800,121.18449216294376,-16.440956642301913,14.196572,0.7963457,1.2616659119321934,-2.2569851556914973,7.069797091870752,5679.3945
5721083531348839040,121.28233655988396,-16.721238223833527,14.204249,0.9038,0.27778387917375,-2.2623150626433075,1.4741111641879825,5704.035
5724112582804311168,121.36933308075038,-16.551972508624907,14.204408,0.8507385,0.42882518088233007,-4.136303906550826,1.2239551724285607,
5724113957193869568,121.29835790618739,-16.490216183447323,14.2159195,0.8992224,1.0644358425698208,-8.379973248862592,2.5440021456420494,5773.5083
5724111174055076864,121.32165301546145,-16.560984659447556,14.216044,1.283164,0.1795282652273448,-1.2151718543215442,1.6104865311502874,4765.1753
5724115396001356032,121.25918186054754,-16.497997329120533,14.22403,0.4294243,0.44992576694181824,-5.5959184893780325,3.014851066584355,7609.69
5724113991553599488,121.304411686472,-16.48230920580842,14.224234,1.2297173,0.19124460947320712,-3.2286962220412074,-0.7258003925824408,5159.5396
5721107858043229312,121.31447372612901,-16.64574674744928,14.232501,0.81727314,0.6494522382830865,-2.496785411871145,-2.855316947442164,5874.833
5724087087878559232,121.24869823125806,-16.633331787110816,14.242033,0.37350655,0.4682597440506335,-1.6919878648510365,2.3700714604826216,8085.5107
5724113166919800448,121.42037213670382,-16.493839793301863,14.243363,0.8780632,1.1484547886891048,-10.767273552524925,-10.49032386596378,5619.0156
5724116087497763072,121.13173430697812,-16.49586512318774,14.262541,1.2658443,0.24109337254655824,-1.130167766079137,0.9819390899321223,4738.5176
5721109850908046848,121.42174848050298,-16.56908748394548,14.271192,0.58636,0.4748225894393266,-0.5777755588200324,2.174083290285367,6964.4976
5724090523852501248,121.11559907602123,-16.643899946212056,14.27315,0.9272976,1.5890969746693095,-10.99138191742817,1.8631665619196192,5502.8413
5721084012387246848,121.29718183939389,-16.69622473498185,14.276735,1.2077036,0.13501602779997435,-1.4978373286809652,1.8478987505577567,5605.4995
5724113544876917888,121.41514627526303,-16.473847201063407,14.290022,1.1032238,0.9108970279441602,-2.7181942106423023,3.2868909381884674,5194.523
5721083909305950720,121.29043758342523,-16.7060227978764,14.303285,0.886899,0.6044039638887532,-3.978469160725121,0.869393861668425,
5721079820497059328,121.36617473412853,-16.7571821060214,14.307882,1.2570782,0.19865442081984808,-0.8077260926921133,1.0054865978702352,4792.541
5724116465454817280,121.20972730066293,-16.462389719046474,14.315679,0.060881615,0.26604329434481766,-1.5545819398663105,0.38486183845273136,10024.603
5721081091807460864,121.23796968521634,-16.778979843806365,14.319979,1.1630354,0.27894222142998937,-3.043664401297028,5.382285893968399,4994.695
5724113441798361856,121.40222125758588,-16.486604518604864,14.320667,1.2635078,0.1598513497639652,-0.07447061536201965,1.805732501934066,4662.437
5721110812980716800,121.45664078641586,-16.499630709979424,14.329545,1.3243284,0.2507220490435639,-1.16262023267368,1.0831788050942937,
5721106483654004864,121.38354935487101,-16.706210031672555,14.337645,0.7515297,0.7855214942542277,-1.5506947071302892,2.260107717071866,6103.8486
5721109679109557888,121.50220051281826,-16.550948985355575,14.355265,0.9235821,1.56200761524816,-9.671938159868173,5.25860180684601,5462.7344
5721108888835597312,121.49156550834718,-16.597560947576824,14.355594,0.71370125,0.90416977266495,-5.609849023631513,-3.1325290296335675,6026.657
5724114197711967872,121.38251289272017,-16.472843783136284,14.358745,0.92876816,1.3356592371177625,-5.720958871676527,-5.711227954924221,5397.771
5724087225317596032,121.15975392757021,-16.671453042844128,14.362126,0.8121872,0.6826568277393813,-0.7954840803901806,6.532288705490221,5653.286
5724111998688806016,121.30010904461565,-16.551322202303844,14.36705,1.0319824,0.20939324967869766,-0.854342066996369,0.8124871030744834,5865.568
5721110675541764224,121.4431005528806,-16.511099967344187,14.368576,0.7351179,0.7008516717614439,0.22141034972527493,-1.2299904100136674,6053.1904
5724114541309353216,121.3539594457424,-16.434922352667456,14.372112,0.8975744,1.0910159569946736,-6.910176419369094,8.859629856800005,5582.6113
5724090970529061376,121.12698929072756,-16.582681429339384,14.384353,0.90154076,1.2599476108053238,-11.822587218822624,3.726512332872747,5410.8784
5721107136488985984,121.44417430434146,-16.659833671300863,14.408077,0.7177143,0.46930773541053905,-6.010467302682728,6.7612508477851225,6168.3535
5721082363117744512,121.29331248498092,-16.770801298182075,14.41969,0.7546196,0.9681610248688044,-1.5596297421588274,-4.340275387914406,5967.9087
5724085816568348928,121.12960025240085,-16.6732017974259,14.443032,1.0062265,0.2266842099499418,-1.1000900344703768,2.710626969538813,5139.33
5721110400663857408,121.45852212196174,-16.53519632857831,14.446468,0.8595867,0.4868268003588023,-3.3915426879892507,2.3147406977479217,5708.872
5724087981231768576,121.21468704343556,-16.601396054309948,14.453707,1.0072441,1.3626674414687252,5.417400429613358,-12.257468412453669,5182.7017
5724111998688809216,121.2937162934898,-16.54678841284355,14.464529,0.7455406,0.5054907849653706,-1.0717484402734607,0.42869555274801024,
5724115606461365760,121.2175819821912,-16.488928062429306,14.469984,0.63455296,0.6488434210855694,-5.178071670682007,3.6331876238244174,6541.799
5724112479725129088,121.29101664171094,-16.499247506351132,14.523744,0.89341354,0.9992323857587171,0.3470681586553297,-10.188919232364212,5680.604
5724111620731725056,121.2501194636042,-16.567470022036595,14.524927,1.1720972,0.14081166839300063,-1.69420392581676,0.9481604704444687,
5721110022706740992,121.39979922461706,-16.574783598230116,14.531129,0.75630474,0.8342321642427064,3.02887638770924,-3.9124181898864054,5915.335
5724117805484529664,121.29606499944346,-16.411944147293866,14.531696,0.8319521,0.7420431849744766,-13.383227298078072,10.151780290267052,5601.611
5724113716675681280,121.326652350322,-16.496201660420567,14.538723,0.733593,0.6464040216564831,-2.965019119094111,-0.3397435963736822,6165.3506
5721079408180224640,121.33815401460478,-16.78007257275001,14.542591,1.0352182,1.8408850646243797,15.588733502440636,3.6115171551822787,
5724113613596481152,121.32613826702598,-16.52247312074254,14.548519,0.63033295,0.5038894945095976,-1.0034070131070345,0.6651658115527298,6768.973
5721108613957469696,121.37684834231564,-16.58427389490378,14.568769,1.2298899,0.5753117009011134,1.029075089182659,0.1057363077695833,
5724087706353919360,121.15097784014402,-16.626201343936714,14.571889,1.504468,3.100279700123757,-18.99153519633076,5.327406700306502,4534.3013
5724111208414833280,121.30136127689859,-16.57615759041916,14.581193,1.1719933,0.35721941888556247,-4.443890043003493,1.8497253801122355,4893.959
5721083767567900672,121.25062954757647,-16.711157334428922,14.588619,0.66115284,0.30424698593832544,-4.652878218636415,2.681023950452839,6619.884
5724113922834105728,121.33014776637036,-16.487898163042615,14.651158,0.71965504,0.7146386127465363,1.3314723763989353,-1.974834334800772,6181.133
5721107342647443200,121.38933387538769,-16.65401242087022,14.657622,0.6305294,0.253980080586392,-2.0460198646623367,3.0836896339218764,7061.5005
5721082912873529088,121.32390829882519,-16.733283153279054,14.664309,0.6762667,0.49358506397913615,-2.4018411274546208,1.0714639665956982,6359.213
5724091073608267264,121.14978535465166,-16.59966310679973,14.668548,0.7071762,0.565645160433347,-1.0137510079228849,0.2749649950285451,6438.1855
5724113304358732416,121.44317384862636,-16.472417313664494,14.685213,0.86697865,0.8904855544537861,4.403171077046307,-3.8301544958945777,5520.2695
5721079786137332736,121.35933293326445,-16.775706991225746,14.689794,0.6271715,0.5380162467048818,-0.8761064509697737,0.450725387750858,6626.196
5724091039248542464,121.1161422846188,-16.575594351802266,14.696846,0.81251526,0.7267051942205001,4.557797067686032,-8.75272666693245,5658.5024
5721082294398269568,121.29899619899088,-16.784784468942522,14.705087,0.7682066,0.8159615880676474,-5.984257552229542,3.6303451796834185,6013.4414
5724113716675683456,121.33207843370806,-16.50756408432725,14.708668,0.6984596,0.635844598767349,-1.8930657846971357,0.028799256861966323,6281.9814
5724113098200324608,121.43296865623927,-16.514298617748743,14.727588,0.91595745,0.3778144733298676,-1.4975036005631877,4.620272201536805,6089.544
5721107754964322560,121.34709823443025,-16.64292823581949,14.738725,0.9240017,0.5858014966902071,-0.07574684074124954,-3.987598303028741,5737.9546
5721083050312452864,121.35808398165004,-16.71224087978144,14.74084,0.82806015,0.3944304443736424,-1.9869759641284204,-3.023415024306087,5628.664
5724086950439633920,121.22286069491979,-16.65157419737122,14.744773,1.2614517,0.142882685336585,-1.574270232490968,0.986795845397731,
5724115022345849600,121.18843115468215,-16.533416073456333,14.752642,0.8502016,0.958503989544222,-4.7208058236518715,0.22311650437062336,5632.4565
5724088187390204544,121.19818954606407,-16.590423159853945,14.752706,0.89088154,1.1974501137481257,0.09608142963502164,-11.353022459022423,5682.931
5721083325190366848,121.33036321372296,-16.688301295396755,14.765649,0.82690525,0.5584785567248708,-0.6890048587707543,2.93805524111558,5588.3237
5721106792892670080,121.34269127436387,-16.691487349968273,14.766961,1.2737122,2.153055119823582,-3.7974115674009847,-29.92728570339799,4647.344
5721083423972084864,121.24091696613972,-16.744786311548893,14.768994,1.0559206,1.1128490133009599,-0.25173300166338264,-4.4436390325743895,5097.7734
5721083634428094336,121.22189345762001,-16.740439108497824,14.769863,0.7411699,0.6034786410920939,4.915295418937127,3.906061972158351,6146.051
5724117496246854912,121.3516038435533,-16.434158709316254,14.770159,1.5715017,3.018905833870406,-9.772603668895115,-11.360605574310735,4449.118
5724115911398861696,121.15794943510691,-16.50182908897948,14.79968,0.7174187,0.766455779614588,-1.0045416501840994,0.8567548713957568,
5724117049570300800,121.31189680086082,-16.467669757222474,14.8112545,1.2938423,0.2397669764232263,-2.5450040258151665,2.7460789553169107,4794.575
5724092619796467968,121.12797427009426,-16.51385891027958,14.815343,0.7104702,0.4857744992528391,-5.098957461006933,3.023111010461531,6424.589
5721106930330602112,121.36394286668644,-16.66918231335547,14.820815,0.89132214,0.9060601985002938,0.6710362332425949,4.086820288737462,5542.6465
5721083462629388160,121.23895507848164,-16.73079502684627,14.821915,0.73113537,0.7238243118023653,-4.069957095987211,0.36531913941393496,6069.582
5721083703147569792,121.21361374805079,-16.724677162142203,14.834453,0.78391457,0.6955324984306075,-8.883088335199165,6.446330327495638,6155.458
5724117839844249600,121.31199802302143,-16.39670494674642,14.834589,0.6514225,0.4654900001382405,-2.391809236992911,2.057199003564413,6440.7734
5724086503763076736,121.18402408843326,-16.677926642356876,14.853422,1.5153494,2.859234730361435,9.330836326349592,-23.68963312931031,4480.546
5724110555579806720,121.31444419400479,-16.60082441920262,14.854974,1.359376,2.4277690042954427,5.587808729375909,-31.46148655237869,4535.227
5724114266431443584,121.37564512687526,-16.456303173288475,14.863309,1.2351456,0.3388497314779291,0.21548166077079844,-4.9600749417988474,4697.1094
5724116912131366400,121.29167323606119,-16.47369143634831,14.866816,2.1524153,6.500428891558351,-0.5063865724134948,0.7365900736827286,3770.3005
5724117771125396864,121.32207537971006,-16.418243301211998,14.869107,1.6191702,3.1001403177268254,-4.507624383526984,3.7324922480970364,4428.0337
5724091206746741376,121.17787209409981,-16.58438885225325,14.87241,0.6681366,0.21840418357351515,-2.623799121450246,1.9009796778964723,6598.6978
5724114369510649472,121.3810893282594,-16.448479065526325,14.873791,0.8041458,0.5520520721558746,-3.0957370967968707,6.294885725785625,5679.101
5721084008086614912,121.28717844526106,-16.70225612103233,14.874211,1.0459852,1.769477892862384,-8.207496817808103,20.13365949193449,5005.6504
5724087362756528000,121.1808219602636,-16.657918361854815,14.881472,0.84222984,0.6426613479576199,-5.746191849481285,7.859736407476295,5757.8276
5721083943665687296,121.29524209215653,-16.708171057899374,14.881547,0.84875965,0.7705938983545009,-0.23695028770699988,1.8873743821467501,6032.8345
5721103150759380608,121.41777447638708,-16.749816671716314,14.88268,0.87661934,0.8602186422088003,-5.6983216953890725,5.482519660979794,5572.4976
5724111792530430336,121.22256090206544,-16.553345437579924,14.89182,1.0146399,1.203264719807677,-9.218693064746734,-4.184484917419971,5300.0054
5724111758170704768,121.20863617042475,-16.56451006848282,14.893126,1.121171,0.32931795082670984,-2.228684012487082,1.5535381853155714,5341.9287
5724110486860323712,121.3261804139347,-16.602348751927366,14.8947,1.2235413,0.1487519381621765,-2.2646654848073555,2.0026815463717953,4830.1323
5724111105335575296,121.35585550766751,-16.558227902501265,14.895125,0.7659416,0.8255440860966405,-7.939386180665933,2.1085197501112645,6224.416
5721107583165638784,121.34393186057905,-16.663625080231576,14.910061,0.73784256,0.38771370484179984,-0.5211193571798581,-1.4878739883220713,6108.726
5724113269999010560,121.42663455355229,-16.491380619085447,14.924786,0.7307663,0.7316033693014925,-2.174442640543585,-0.3938441840227953,6122.814
5721108923195368064,121.44247970671088,-16.622750010482736,14.926767,0.53069305,0.39505770777290383,-2.085851676204204,1.893778451802778,7326.0977
5721110057066478720,121.4063831114691,-16.564541287701434,14.929156,0.40966034,0.2739409273903269,-1.5857689829120125,1.3648941296668777,8037.833
5721103219478859264,121.40718486068857,-16.740208684462687,14.937186,0.65933037,0.530883464798837,-4.352509957031705,1.6160150510301219,6584.4946
5721082672355381888,121.29666571862877,-16.752078084701733,14.956844,1.3399706,0.17199051849131916,-0.8917972343856058,1.3760403903289096,5014.889
5724091348486178816,121.1345859429837,-16.587002126461726,14.964608,1.1847973,0.20521731833643328,-1.390037459113249,2.2949447283264233,4903.2446
5721103356917793024,121.43260060898466,-16.721918764843984,14.965114,0.9735966,0.603169799445541,-1.3357898519230378,-6.437714466246259,5322.991
5721079992295742208,121.36776863982432,-16.737586517590866,14.96546,1.2643833,0.15323373455551978,-1.2186005773524506,-0.011054533481709455,4893.3867
5724115743900836352,121.2302575218419,-16.473600876131297,14.969558,0.9016733,0.48733395107227645,2.594712060546098,0.9376156537120521,5811.636
5724115121123436032,121.20508969281032,-16.5163291704672,14.972882,0.79227257,0.7010487978892725,-3.3255595901684933,1.2888200147074096,5967.2075
5724117118289779328,121.2966286943981,-16.448000383104688,14.975276,1.0487242,1.3151513677379738,0.6542824735505923,-3.8169881991018006,5106.975
5724116946486184064,121.30013516921908,-16.47169895815356,14.977865,0.4083109,0.3465873552090756,-1.1234279561545155,3.4800659235213813,7845.1343
5724116362375616256,121.19712349311136,-16.474851188558763,14.97862,0.84317875,0.871649794345369,-2.8147946291948576,0.8395905923978553,5739.341
5724086675563471104,121.24515101361311,-16.676463185711757,14.985792,0.6782017,0.6000531494579456,-6.900281731472909,4.117199142251,
5724084613977498496,121.17810892899668,-16.730591869863026,14.986475,0.5926714,0.33580527382094466,-3.8902634971546415,2.2842767199333696,6943.1997
5721110400663857664,121.4572620108874,-16.536361716271177,14.992312,0.61085415,0.3299063328950808,-0.17979357543866234,1.1344725984594686,6966.681
5724114846245467392,121.2160810078663,-16.53770873215246,14.992799,0.8413782,-0.31459252751399397,-0.3734493593502289,4.856841645467685,6076.75
5721104181551484160,121.45457708738753,-16.667780419287123,14.997055,0.7807617,0.7247909984367981,-2.396728771759837,-1.011414702087244,5815.23
5724086847362153216,121.27989557975069,-16.643749329277735,14.998338,0.14969444,0.22613181404264449,-1.378688013687943,1.222430101183148,9453.531
5724111174055084672,121.31169607903797,-16.568737086609737,14.99854,1.1318302,0.25525160283682014,-2.803542657933082,1.0394967071880845,5056.445
5721108098561684352,121.3789148983972,-16.629754124448862,15.003387,0.75763226,0.6708075292503431,-7.271912220821568,-2.1479420024314937,5978.323
5721109094994031360,121.47833924580446,-16.5889258688374,15.018488,1.2033567,0.32627975097624307,-4.478374966515229,2.3546731334725903,4902.9243
5721108545237992192,121.39170963451205,-16.5868184578187,15.024095,0.9010086,0.8613850185070846,5.632624357703422,-7.500519722282983,5634.733
5724111552012239616,121.26821122416669,-16.570881000752603,15.034789,0.6952076,0.3634395562098181,-2.518802937473581,0.6367577200448609,6177.8286
5721110194505428864,121.43243757843493,-16.54242271348707,15.053177,1.0804615,1.164802809386533,3.0424377414224155,0.178962799579601,5307.6953
5721107136488984064,121.44848332065295,-16.65925684760977,15.063833,1.0175838,0.472376638392084,-5.143044324159956,3.6226828202054993,5305.2393
5724117221369006592,121.28082998575996,-16.447182107078614,15.064062,0.59098816,0.23220029922544025,-3.347556794591107,3.5984830880191074,7009.3325
5724117049570296448,121.30987377531055,-16.455600778156064,15.06648,0.81599426,0.41784086642323287,0.6880701810512521,-1.1801524198339315,5955.7397
5724087740713650304,121.15848965564415,-16.62402875026736,15.070128,0.6979189,0.3437524162091071,-5.479062005668095,2.391382242222292,6480.4937
5721108888835600640,121.48152117912814,-16.592975753592338,15.07369,1.1687746,0.20528596896793821,-2.021781057939093,2.0254597298575208,4948.6543
5724112445365404416,121.27234903257894,-16.50844302305595,15.087512,1.5421925,2.613785112585452,5.617628931474523,7.343238102121399,4467.332
5724110418140877312,121.28917696314949,-16.612397993717696,15.08829,0.5318823,0.3970483482362259,-4.768399225767539,2.380203461906636,7260.6978
5721108888835602432,121.48226201831235,-16.597524003825903,15.097856,1.000042,0.9400155721968777,-0.054793854832436345,-0.7578049792280034,
5724091348486167936,121.14232992211285,-16.57560307369209,15.100017,1.033001,,,,
5724114816187414784,121.20023068637605,-16.540136027766945,15.101239,1.1240025,0.42674778795918433,-0.924070106941302,-1.3643976767347235,5139.6206
5724115499080589952,121.2706179748479,-16.475136169634023,15.106451,0.84950733,0.9944025404668428,-7.875509538163289,9.034796202515126,
5721084184183869696,121.26062921779534,-16.694133951257246,15.114692,0.7781601,0.5521791627954297,-1.1710259500583045,1.2435847528022084,5961.903
5721109919627521408,121.45209083020197,-16.563512679548204,15.116349,1.1279058,0.22451240045321538,-3.1384805340107205,2.6808887229493896,5156.79
5721108369141089408,121.35949568703793,-16.61540772903124,15.117539,0.49429226,,,,
5721084287262709888,121.26614304250461,-16.6722438849163,15.122162,0.67399216,0.43975763016319885,-2.229162326585203,-0.18086052261897895,6356.267
5721106758531908224,121.37620231282071,-16.684416968977235,15.126176,0.7000618,0.39532015126946224,-3.5224766708834894,2.956432887319178,6450.8584
5721107411367959552,121.42901983309693,-16.638291265320007,15.131016,0.77871037,0.4286515101008992,-2.10331545380778,1.743490190838648,6263.2695
5724115503382115200,121.26202261753349,-16.481072452616363,15.138942,0.6818552,0.6024220093555098,-2.1911968725082644,1.743603342685936,6435.73
5724114575669075712,121.38176640193349,-16.43897093755854,15.142408,0.466959,0.26238025194889036,-3.241880340634763,3.385243412104621,7707.627
5721079614340733440,121.3756843724134,-16.77795560914454,15.156326,1.2304153,0.2879584922197578,-2.9154781669730765,0.8133096602574927,4739.902
5724119420392150144,121.45356045424224,-16.460050614742787,15.171966,0.7422619,0.385890918652548,-3.1672550399321415,2.017014625247554,
5721082706715112192,121.30148879299287,-16.737758422567104,15.172968,0.7674551,0.3287491545551997,-3.731855322620987,3.2910786962725798,6773.705
5721106792891666432,121.33802558837932,-16.684947553958445,15.175556,0.75815487,0.5409987376911313,-5.5953388234980475,4.3564830157126195,6169.0205
5724114953626346880,121.21942054593295,-16.52058197192515,15.176612,0.7288189,0.5733608049181644,-0.06961949464612,-1.1817706796045806,6261.956
5724113751035401728,121.3554314912584,-16.50220196136132,15.182811,1.0012217,1.3515880962721472,-0.5295635007665238,-13.391738097738639,5197.361
5724115159784772608,121.21889753486946,-16.506445246255844,15.193723,0.6605196,0.43005980617158823,-0.6327469130609953,0.3329097762509679,6350.3486
5724112853380695040,121.34432152000552,-16.5306511957116,15.199903,0.97461605,1.0371662793210796,-9.209874175795818,3.8134659269833233,5348.493
5724115846981338368,121.1677217240368,-16.50332133018164,15.200581,0.6881008,0.367054793342899,-4.911625788968644,2.3662240163068113,6429.695
5721106999050050944,121.42240652460323,-16.67573481779235,15.203031,0.7593975,0.49064617534686955,-2.2060677932942045,-0.1628764930906438,6349.8115
5724088084311001728,121.19220321550618,-16.607909613320956,15.205119,1.0468512,0.88080930304868,5.334068465743451,-5.6145257970492315,5110.7754
5724115675180818560,121.24142677328032,-16.47687679786953,15.207589,1.0815516,0.23434918468079313,-3.403757719662213,1.2480384287050295,5571.6167
5724086297604612352,121.2307333601432,-16.678869807822522,15.210736,0.91708565,0.5555539203814306,3.520051523889132,-2.0967924192421354,5906.5376
5724115503382111104,121.27214418161462,-16.484876444548817,15.212662,1.2025146,0.32451159644550465,0.01485860048392616,0.13496508601127932,
5721109301152444544,121.505661706897,-16.583898517519042,15.219512,0.8162098,0.41718653971628894,-0.9454689843696533,-2.784704046686755,6025.5093
5724115915699054592,121.15907876643503,-16.50449063470832,15.221643,0.61266994,0.20608605457100795,-0.7384933855764749,1.1069367104644514,6821.7295
5721109782188569728,121.43039066918708,-16.58027100788687,15.2224455,0.744689,0.31098136945292765,-1.6645133048993372,1.3468980804974826,6271.6304
5724110658659069312,121.24896881528049,-16.60720742046353,15.2256775,0.7281456,0.5288114874946723,-4.879031438222726,-2.2074363546592486,6149.9224
5724110383781149312,121.27709056194361,-16.621376769418124,15.227868,0.9560213,1.1222797386054313,-3.7346750535595934,0.06272381713172565,5247.974
5724115640821093632,121.22437839446431,-16.47959314135247,15.234718,0.78232384,0.3005539367241386,-3.176610496453207,4.673891315934014,6204.8774
5721107583165635456,121.35194228976584,-16.665570174035377,15.235761,0.5221939,0.26000691212665045,-2.5299844471208974,4.105247567635842,7244.497
5724118080362491008,121.22992533768895,-16.42837491527283,15.237733,0.75729847,0.6536431625936752,-3.2801155508519906,0.2879728260930529,5944.6143
5721110331944380288,121.47620248979763,-16.55062178574708,15.237814,0.4357643,0.3715653214886392,-0.12554552254322016,2.4222387865493,7916.285
5724111620731719552,121.25868725410533,-16.564443035504222,15.245879,1.0377665,1.328798389521007,7.087672087872985,-7.070864063434428,5039.9136
5724110486862137600,121.32282076593509,-16.599710345765377,15.246109,0.80394936,0.40738961245860916,-3.870097662036497,1.585818402044789,5924.659
5721103837954091136,121.48419761752852,-16.69135908445361,15.247147,1.1906214,0.2351317343614251,-0.5393102171117955,1.1873612518400478,4860.405
5721108167281169280,121.36460063915123,-16.63140900914368,15.251829,0.74753094,0.4242123904773369,-2.816617195794965,-0.13955973494728385,6173.289
5721108304719825152,121.37963944021416,-16.60726752966777,15.254864,0.7084446,0.5037843633906494,-2.223913215413407,6.945861105505963,6449.2437
5724111826890157824,121.24265021936172,-16.560220656736657,15.258374,0.6859493,0.36309161439840293,-3.1588103060133346,1.4154583194569046,6477.4736
5721103734874886528,121.4789963826584,-16.708442261116847,15.263292,0.6549406,0.4908546641846014,-5.0662836628063985,3.3434660436278345,6653.4287
5724092379278306176,121.12621070400523,-16.52384801404699,15.263595,0.69183826,0.23668778441942884,-1.4072742090859494,0.18080425403193398,6631.8076
5724086916079860480,121.2630368062192,-16.63808503943423,15.26443,0.6259661,0.37058880051410104,-4.878678675451481,2.4255926120648716,6654.9517
5724116053137989760,121.17300227395897,-16.481491992347436,15.266357,0.8925228,0.6609881067435331,-7.938917850941495,4.927466074972922,5531.1387
5724111174055080576,121.31919869328283,-16.568051258162484,15.267272,0.75984573,0.49580710269015016,-4.265945527159036,1.7819752152249497,6086.7397
5721082294398264064,121.30638737549887,-16.780002806230858,15.270069,0.73940754,0.4433486230790423,-1.3869917314102085,0.02834153628856557,5983.0737
5724117771124776960,121.3137717309305,-16.410845505317468,15.271765,0.9975605,1.1991069032354882,3.3164377841190316,-0.6216493272344343,5265.0923
5721108785756387840,121.49318752039584,-16.616370014204666,15.272324,0.75576687,0.3336499660678557,-5.325827749912364,4.352857374413089,6029.3677
5724113029481501952,121.37611145487057,-16.499946077167444,15.275418,0.74599266,0.48941443402146534,2.391173610204964,-2.3250468744806945,5887.3696
5724110967896640768,121.34077585656337,-16.57558262716188,15.276504,1.1030378,0.21464948715077128,-2.027166637608927,3.4277330497219047,5233.583
5724086916079859712,121.26401753308758,-16.63778374411031,15.283341,0.83792114,0.3645609464397176,-5.017400516369142,3.7246079979182656,5670.59
5724115537741884672,121.22869926733459,-16.49890544578373,15.28639,0.57277775,0.25798615087876353,-2.602442148183358,3.2785736792438236,7054.2935
5721083084672230272,121.30650135912548,-16.73310528634666,15.286814,1.1697178,0.47432199983600815,-6.332464905717318,6.748591272770708,5003.9414
5724112445365402880,121.27939806883255,-16.515357605938362,15.296025,0.7090254,0.5842680062874542,-1.1756072290144395,0.4959703057422015,6206.6963
5721084424701662848,121.2866722550667,-16.655597241401235,15.296928,0.8338051,0.40758423066473654,-3.0868356991564667,3.9470640992617176,5861.5312
5721109301152441216,121.50931690946157,-16.581227227631032,15.299707,0.8259001,0.7892399844227661,-4.998508534549952,5.480503147966237,5920.185
5724087568914995456,121.12452142398848,-16.64312574898249,15.306167,0.7350702,0.3785422876674205,-1.8384942273855827,3.6263482820647885,6223.845
5724112754602960768,121.40155548055608,-16.512885184250266,15.310259,1.1263723,0.2190042075717486,-1.6645885320465577,2.5496626621203493,5772.789
5724120245025875584,121.4332140549969,-16.437384437324177,15.314005,0.8970785,0.7528182405492476,-1.734836186267731,2.578596772011712,
5724114713108208256,121.1966482701055,-16.555383846621613,15.314964,0.93093395,1.0527677921339105,-1.387528926708234,-17.041555124266317,5411.2705
5721083806226751360,121.25521666986151,-16.69696874410756,15.315518,0.73430157,0.48465830239871077,-1.7219073227615338,5.465885501977065,6363.6064
5721104215911214080,121.46450478569407,-16.663882188423468,15.31578,0.74048996,0.2914767068019771,-3.300629991614681,3.1897728625876898,6230.8364
5721084390341924736,121.27540943356999,-16.669748487957737,15.31914,0.7496424,0.5039618650932878,-2.314001005654304,4.940023030868116,6321.7183
5724113063840597120,121.4226669211528,-16.522520951597624,15.32018,0.60762596,0.3619254283393649,-4.448427213101308,2.3883472434074857,7004.951
5724116946491089920,121.30698460470835,-16.46893334334151,15.324058,0.8338661,0.7078810201924601,-1.280468362484506,-4.093934639216835,5574.327
5721103627497222784,121.40717756008131,-16.701989321764795,15.325159,0.48768997,0.19506545189845795,-1.8318546234123532,1.94318773003924,7796.789
5724116568534031360,121.20351626984679,-16.450279304278393,15.333183,1.0880575,0.34093952728200727,-4.026687011530807,2.5581847498586834,5203.896
5724111998689353856,121.29599459009596,-16.54989325840258,15.336446,0.9004688,0.8134452745144294,5.184897669028018,-8.258277752385464,5671.9165
5721082397477473408,121.31541949828917,-16.77402412147358,15.337959,0.72865963,0.5449307640381938,-3.9599827359304873,-0.5276590184860697,6087.057
5721109163713508352,121.47062919076299,-16.577589774254577,15.341853,1.177494,0.3634807949115197,-2.8121572069075595,-3.516008938180781,5025.4033
5721108236000623360,121.39493947275255,-16.61177353957008,15.346867,0.80032825,0.5823492761920104,-3.6494837484469826,0.4112711548899663,5785.9146
5721109266792715904,121.49347436603107,-16.593208789980963,15.347715,0.734293,0.5078534832097696,-2.8998621244243106,1.6446638272532212,6135.5464
5721106655452686592,121.38945184015392,-16.682700804620527,15.348569,0.5192585,0.2698117773637788,-3.0578730365009292,3.3382490749802196,7452.3457
5724116465454827520,121.1957491052477,-16.463610164511167,15.361162,0.6409502,0.2474885139241022,-2.2182739929406434,0.8684040619427026,6656.936
5724084923215139712,121.16626476974236,-16.705013253528076,15.362541,0.8327637,0.5556837296611488,-6.392945547469019,1.5232962389001878,5799.363
5721079820497057024,121.3726003723268,-16.763080040126418,15.37048,0.8758173,0.7835581009433273,-2.0038277912867533,3.6020924174363698,5626.2295
5724115056705598464,121.16942333528634,-16.524498730543804,15.373121,0.45179653,0.26224642230221984,-2.323484362742528,1.287131308557044,7810.6226
5724087667693569408,121.16589401134118,-16.629400722171233,15.375613,1.3561811,1.3380055946049387,-10.569460155221876,-0.8466142456939707,4780.3696
5724084957574894336,121.14300126926842,-16.704847743701162,15.376914,0.7444744,0.34026990221725,-1.0132160335484137,2.8223190260499096,6310.692
5724111311494014976,121.34026447199254,-16.554314362592606,15.380303,0.9939766,0.816154944052399,-6.095832923897288,1.661132557047356,5301.556
5721083187751434880,121.31243608811148,-16.71332158583452,15.383225,0.71852875,0.44208029681268396,-1.1300142018121744,3.983941631084825,6337.9463
5724114232071719552,121.36720966300503,-16.47868974029713,15.3833,0.47076416,0.3112347372688554,-3.5233712198351608,2.708554945654076,7665.5054
5721083496990057728,121.26178326903225,-16.738352253956393,15.385052,0.93937397,0.8630649810427731,0.1426414119125765,-5.190658581833563,5659.096
5721084046744883840,121.3144586426976,-16.689782774660976,15.390458,0.87415886,0.6861138972538774,-6.38817265896241,-0.4459111084708869,5577.728
5721103356917789696,121.43756613004486,-16.721243244125105,15.392723,0.94381714,0.7507212715798548,3.598233074696628,0.3224373794543723,5422.988
5724110727378511360,121.29394357231662,-16.595537903566743,15.393272,0.72776127,-0.16466282528754067,-0.34666577490824635,3.343367592987663,6667.6924
5724091004888815872,121.10322325164178,-16.583808714380865,15.40122,0.7040844,0.3073321552571269,-2.892750200541786,4.432344139032616,6529.492
5724118423959856000,121.24695928242791,-16.408208599499023,15.402759,0.7254734,0.5014226691154504,-5.04362194052078,1.7041787035714493,6010.078
5724091554644584192,121.14437956072139,-16.550757889638056,15.409157,0.85938454,0.6954954467869034,-2.288882273228955,0.35987228486440836,5730.5693
5721108820116117632,121.49970119749091,-16.604186802962456,15.411571,0.9548912,1.7704927184875248,-6.99896506026113,-2.7577007775788216,5271.652
5724084991934610944,121.16361322289477,-16.69174156430327,15.412297,0.712245,0.27980875609784717,-3.840751385402342,0.8854282798710642,6336.85
5724087362756534784,121.17525142449604,-16.66039487084048,15.420918,0.9221754,0.534874715455038,-0.45901187830222717,-2.767691623797353,5588.845
5724111964329081216,121.28947436695016,-16.565271361090463,15.428085,1.0833368,1.4611531954325767,1.3662870859793652,-0.04261341483975389,5111.654
5724116568534023424,121.21598150213654,-16.454422994715745,15.429796,0.9480095,0.5222585854061359,-4.1213105171596025,-0.6546689511995466,5548.8604
5721084321622806016,121.28153598648946,-16.67815232498532,15.435016,0.7621355,0.5855471448210965,-2.3737761441453555,3.43865320390199,6176.54
5724116774692458624,121.20374590429856,-16.4459317985279,15.443175,0.77093697,0.39383700989343523,-4.4390930207347985,1.8620932154786258,6019.7466
5724087087878561280,121.24584922591947,-16.632351455023116,15.443628,0.82073975,0.5651527357184564,-3.0412420542523075,2.019514866078158,5623.691
5724113888474387840,121.31248873772512,-16.501353084819563,15.444876,1.1582718,0.36834662133035323,-0.5318113321617062,2.3976105055532715,5041.0425
5721109541672813824,121.47451958940061,-16.570043775657922,15.449947,1.2195177,0.12850760228660835,-1.466931095745048,2.2383585266557557,5068.4146
5721106518013754240,121.36657717601364,-16.712203012851983,15.452198,1.0542908,0.43901836212765966,-2.4127379740189383,1.7679051505147036,5218.876
5724087087878562176,121.24960277585834,-16.639376653328217,15.45227,0.8333473,0.5667802810573139,-2.9379333239926573,2.193600182304156,5957.0215
5721110606822287360,121.45267980866342,-16.52200051958365,15.457228,1.3139124,1.2863044320473158,-1.0645420913887453,-8.545318161553888,
5724088045650722048,121.17301254788993,-16.61897388881528,15.458028,0.65004444,0.3587140535080832,-3.5990689709419357,3.87021827443162,6768.9136
5721082225678827648,121.20856910725381,-16.73497456950692,15.463102,0.75723934,0.21916789208455914,-1.546830530748604,2.8617629419019424,
5724117530606611456,121.3216121666483,-16.427382615016057,15.4720745,0.5098467,0.6391601478746995,-2.2374894299649206,2.8667763728660556,7545.859
5724110315061670912,121.28956292939648,-16.635520361691377,15.472226,0.8301048,0.361904898871229,-2.4959446688899853,1.4578003087443427,5927.6978
5724110761738240256,121.29960481268989,-16.586031870952286,15.474093,0.7429247,0.18451013117463042,-3.4280015724304227,2.190833887540451,6599.9263
5721110366304119680,121.45422291932424,-16.548255434268558,15.47528,0.60808945,0.3093477420420275,-3.295765595552694,1.1679629661174693,6984.0317
5724090523852495744,121.11756472671185,-16.632344433237982,15.4753685,0.6877184,0.20245153220971673,-2.3718183558074495,1.5906214559086864,6655.1196
5721083565708596096,121.25029183059284,-16.72813825896702,15.4831505,0.6313925,0.27183296211983055,-3.006471753508814,1.8632461250445405,6194.296
5724090833090131456,121.10855701585733,-16.60407388275753,15.485897,1.2217531,1.4724143672129786,-11.462662892988586,2.2400837511498457,4728.6973
5721105418502038272,121.49990326354428,-16.658651402661313,15.4909315,0.7250576,0.4200344967225292,-2.659356106896149,5.045530373438405,6271.265
5724117835542873344,121.31908679523059,-16.402671799035897,15.492466,1.0162668,0.30563778025759875,-3.019600571917344,4.374394998386993,5700.576
5721079854856817664,121.34373340069423,-16.7715687359981,15.49256,1.1976309,0.20341447025671083,-1.3803889018995823,0.37458913105854,
5724091795164502144,121.11201047564111,-16.567675832572814,15.492818,1.1155853,0.37754867181665647,-1.3288508064372744,1.6905093081021816,5132.0083
5724090764370625280,121.13993867103842,-16.592396278620814,15.4986315,0.86170864,0.8248528941234058,-4.213757548827167,11.823642131751024,5562.0938
5724090833090132992,121.10995936930173,-16.608689784628865,15.5023365,0.7715578,0.5290987505688634,-1.4706399874162055,0.8864821470405301,5987.329
5724112651523754112,121.40640671574904,-16.536332229696097,15.503047,0.7397251,0.29151621574457875,-4.840253591245492,2.6384018483543716,5995.9536
5724092168819490688,121.11473458732313,-16.555999061797227,15.506468,0.95526314,0.47485005681016773,-0.8670251458119947,3.967054729054395,5424.691
5724091279766672000,121.1679794709474,-16.575446019723103,15.512292,0.7287817,0.5155857225691418,-1.9936295246710893,-0.053738017980332606,6129.7153
5724091142327744256,121.14216676665806,-16.589066768463496,15.521261,0.5924854,0.20384662301198886,-2.5775732555364663,3.273806368922713,7231.702
5721082260038534784,121.29532919939405,-16.78842738042846,15.523953,0.7116108,0.3479428749042116,-4.544431057613961,2.2330258776243106,6530.446
5724112548444562176,121.38170151330831,-16.548745496559828,15.531059,0.8785572,0.7179389028534666,-3.877111123503866,-1.9275556984890136,5633.61
5724115881339327232,121.14414429628808,-16.503618133021916,15.532578,1.1414709,0.1733535986091737,-2.3014391257145546,3.048127068187431,5235.747
5721108648317452032,121.46669117695842,-16.62970770779133,15.534761,0.731287,0.23432453957583768,-1.3828044547362377,0.0958837935026154,6364.0537
5724116328015892864,121.16544254791918,-16.46053249448274,15.539829,0.45713234,0.17704611304904225,-2.691055110369753,3.181206931995215,7656.0513
5724117736765041792,121.31551203317872,-16.418193981293193,15.540942,1.0761776,0.33311125670840225,-4.300261080155301,1.1869719820937343,5300.2207
5721108167281161728,121.37551742269575,-16.627408034949575,15.541375,0.7031784,0.3787542351003748,-2.521999399334852,2.8677481012226713,6628.255
5721080026655475968,121.37535819295162,-16.736465967666252,15.543503,1.1369476,0.9215013488030864,-4.959794381183556,-1.2257881567350934,5667.621
5724087809433083392,121.21721517888372,-16.621471645286945,15.546136,0.8676834,0.8306117198691093,-3.8197831083089637,2.3291038321030326,5491.98
5724115469022389632,121.2493993586868,-16.493823350347633,15.548899,1.3028259,0.12871285852790737,0.04344996629410079,0.8704801583545789,5093.3706
5724117221369016832,121.27028737278143,-16.453073807095723,15.552524,0.76265335,0.3024267367651915,-1.2182388583573276,5.791496611947385,6228.186
5721107480086377984,121.4076487290694,-16.628943884642304,15.553462,0.5560589,0.23807242144662405,-2.215992408817351,1.9030679353563078,7317.6523
5724117083930022272,121.32556653415696,-16.453849208621214,15.554446,0.7935524,0.6154004575182788,-2.504308019066404,2.6817716301250245,5679.8716
5721104181551484800,121.45245525713271,-16.666048804058505,15.559913,0.6532793,0.33055447549388,-1.8989997768392866,2.093726672380011,6808.945
5724114919266616064,121.2157656461927,-16.530338924604994,15.565109,0.8307295,0.5146779290726265,-1.833944871259964,3.400217598886036,5852.673
5724112479725132672,121.28417864063904,-16.496109381102304,15.568881,0.73063946,0.4799385174733417,-3.314917018994759,2.039636369581178,6132.6367
5724090558212221184,121.12199595968794,-16.618925354246556,15.580368,0.72110367,0.4618393098482464,-3.3438931283986193,1.3812069344076183,6081.853
5724113338718507904,121.40437082176545,-16.501575478740268,15.586055,0.90317726,0.41015124961684557,-2.8610114505342095,2.394611299082718,5769.3706
5721110469383331456,121.49887302109703,-16.530026655681926,15.586819,0.87685585,0.7363220350159431,-0.13632344349158876,-5.171782104775998,5644.129
5724118252161153664,121.2572574403362,-16.40353707222642,15.588978,0.7868309,0.5159602036748702,-0.634262676765888,5.109089026294337,5919.8374
5724115091065333504,121.17008031171464,-16.520299670801073,15.592375,0.59149647,0.22661243155087446,-1.2107944029548685,-0.25644631479027097,7030.7407
5721108270360351232,121.40897745239815,-16.601096664154824,15.593559,0.79147625,0.5039325154042632,-3.8187813471652534,0.35809841844560225,6230.276
5721079614338628608,121.3730273461833,-16.76725314928436,15.59542,0.83297634,0.3472196627730778,-1.6230889751645603,2.3003012361659705,5687.338
5724087259677326080,121.17132968949682,-16.66917648648171,15.597582,0.71293926,0.37425077416427777,-3.595187385958786,2.8264735218549624,6073.3584
5724113235639255424,121.45098127860811,-16.484066730265504,15.59884,0.92509365,0.668816661601696,-10.047232598236658,4.125234933664096,5458.3906
5721107033409779712,121.4333773620894,-16.668863139526813,15.604287,0.9993162,0.29438772873060637,1.0946584233028627,1.7544888361541862,5291.6904
5724086263244887040,121.22618020028197,-16.700435100820282,15.615707,1.9907007,3.5034328225267743,-6.744020380309771,-11.181207839566536,
5721108888835600896,121.48565440213461,-16.599692284965933,15.621841,0.6700802,0.43725217039569303,-4.032838571806051,1.2081445718343207,6646.952
5721084184183865984,121.26374788065039,-16.68825994180383,15.622539,0.7481842,0.5219709024796665,-5.0302230116606905,2.7236765624003585,6316.896
5724114884906864640,121.23790766205296,-16.53298817206901,15.627152,0.6180172,0.2589754067250096,-1.167026347274425,1.3566852249232915,6967.4575
5721084218543595904,121.27388470273635,-16.680564983875215,15.630435,0.69906235,0.4205470993347663,-3.818859573233728,2.674508991818176,6359.695
5724110452500607872,121.30333514346259,-16.61661540716476,15.638028,1.0121717,0.9164874434038431,-2.614954647197291,-1.2021129746414656,5409.967
5721109953987261312,121.43279377516352,-16.576737243739053,15.648846,0.6563988,0.21628304858909095,-1.3985399915094594,1.0224983974877526,6671.9033
5724088256109680896,121.19765998051743,-16.5885541222323,15.64943,0.8421221,0.371818863592404,-1.1442922175324122,3.8803473752313615,5893.329
5721105418502041472,121.49568505562084,-16.663689532392368,15.651808,0.7216387,0.48151546044290655,-2.9688899495108716,1.4821286486623155,6236.952
5721109782188822272,121.43254115660005,-16.58946678942723,15.657319,1.0687275,0.32534459291750173,-1.6131334128570098,2.1269677242371428,5218.5923
5724087568915376512,121.13330167205305,-16.64535831539792,15.658687,0.5830641,0.21410671514151985,-2.500595049272909,2.8238314718720847,7368.3237
5724114468288460928,121.35706848629434,-16.45055417095817,15.659791,0.520957,0.2352308834194932,-3.1915649389577423,3.0567541095112496,7603.873
5721083359551143680,121.2393159674468,-16.752470211502594,15.661829,0.90840244,0.22744666479057246,-3.098075988717529,2.700105704249654,5723.5522
5724086469403354240,121.16364851038469,-16.68154004427828,15.666181,0.83854866,0.20123119873253037,-3.8730092142104864,0.6790070884924407,5808.632
5721082809794315648,121.33043248542177,-16.74858183590089,15.674833,0.67056084,0.29602478994816434,-2.487275848393223,1.3165127088207786,6494.526
5721083217812078080,121.33987524143726,-16.714427900448143,15.674855,0.5001745,0.27418332838252274,-1.8905221170030417,2.946662499675561,7655.076
5724086194525439872,121.18565057894774,-16.69993754682236,15.68406,0.9162979,0.5368472060070276,-11.993377072564396,1.6620748821514704,5403.668
5724110448199795328,121.31676658181264,-16.61408344994326,15.68547,0.67663956,0.40293279848938457,-1.232556320430819,-1.0214986589183186,6580.8374
5721107136488985600,121.44064997782483,-16.653013626629836,15.702738,1.8546448,2.084989242052266,10.374031056179145,-16.062773352780564,4252.2144
5721107548805906816,121.33707103901052,-16.673609163475433,15.705225,1.945775,3.684948617719075,0.5658707991609,6.520930749798703,4021.857
5724114987986120320,121.17571930584431,-16.532390483612755,15.705912,0.77992535,0.3762049799004389,-2.1478086392639684,5.1253708673984,6132.2363
5724112067408280704,121.29369919404546,-16.536471018518192,15.706884,0.7029505,0.2591277238471413,-3.5177643382382966,3.4657023306394126,6558.8223
5721108545237992320,121.39009905864646,-16.584696013449935,15.708677,0.70155144,0.34709362220235784,-3.733345805017951,1.256765787895659,6324.4814
5724112995121764608,121.36120758574027,-16.50961365794021,15.709494,0.52525234,0.26142409047786,-2.48917496212351,3.469335919395423,7288.8696
5724111586372493952,121.27156891813418,-16.56603207303636,15.712472,0.84227276,0.5969114958441075,-1.4248410639402915,-3.271222180552825,5582.8716
5724118080362488576,121.2369092516489,-16.429576216160328,15.71854,0.84803677,0.45813053820283106,-4.143608837986367,2.532598069464014,5692.0044
5724115950058780032,121.17374436703219,-16.497748462304234,15.722773,1.2101574,1.3662449786888555,-0.0451854742162765,-16.395962592483002,
5721103288198319488,121.43403028229152,-16.733794676325292,15.725748,1.0945959,0.2211829622640875,-2.712956051118998,4.0424227292728405,5282.5996
5724113957193870336,121.29744083017366,-16.49057561837884,15.72631,0.8045368,0.3747841994985193,-4.258433935371536,-2.901000327854737,5578.824
5724115400302910592,121.26270709506382,-16.50525356754327,15.727979,0.92838,0.3861849116025528,-3.1776277634877,-6.324650909076807,5759.75
5721108094263401600,121.37346222247567,-16.63234852193763,15.729399,0.72297573,0.32112601822796394,-3.0011876566101154,1.0952649178048062,6213.133
5724111448933043200,121.24954184795749,-16.587769468748196,15.734317,0.77539635,0.3138982781356345,-3.822839603567708,0.2751923202878545,6298.5225
5724119386032421248,121.43831492213727,-16.46010319825932,15.74037,0.7032089,0.56955200810871,-2.256641989858017,2.865828736942554,6355.4297
5724084888855416064,121.15220636349261,-16.715221599948272,15.750313,0.8940544,0.5562465528728371,-3.4928711159856167,1.403284820710665,5496.2866
5724116328015897856,121.1597140538729,-16.463966909159673,15.769088,0.8367958,0.6625516086986512,1.9814727560764425,-9.403165750965865,5571.837
5721107583160310912,121.34302162143673,-16.67108616062487,15.770722,0.66419697,0.3670705605468039,-4.360684786784967,3.5487392284000263,6584.003
5724110830457726720,121.28591342792748,-16.58382804426288,15.775986,0.85311794,0.4227651038179397,-2.6449761861189076,0.36445238183406586,5692.4106
5724117049570295808,121.31042097632114,-16.453295579091932,15.782675,0.8059349,0.6024414832305856,-3.233694496762874,0.5470167239062371,5742.4863
5724113510517170304,121.43134632755763,-16.475640056393527,15.783528,0.74906635,0.4801700847293718,-6.521432187959894,4.606272726887126,6305.1753
5724086950439633024,121.22617266875184,-16.65365739104455,15.785773,0.80521774,0.4133762677506298,-1.0848022926282046,-3.382052557625149,5830.4585
5721107720604573696,121.3716442707638,-16.649665561860097,15.788224,0.5982065,0.2169110421475562,-2.6981940409989065,2.525374510505655,7134.061
5721104009752795648,121.4553574970255,-16.68015902531544,15.791444,0.71870327,0.3256538620491828,0.430544752346147,0.45745341143844825,6367.646
5721084184183869824,121.25934695172381,-16.692718975299996,15.7921505,0.7770481,0.30915879113907424,-5.176096347755296,-1.1722257034946035,6363.484
5721079648698356864,121.39337757006464,-16.773978169725787,15.796492,0.6565466,0.3037656706329469,-2.940022677850041,1.4535557812058295,7081.509
5721105624660471040,121.48912660401848,-16.65264704756741,15.799252,0.7773123,1.3070817958718182,-3.7012124943932037,3.95407620131047,6522.807
5721082500556678528,121.3159622661595,-16.748730598381286,15.8032675,0.8902321,0.4388156285452458,-0.9573516133289761,-8.728398076928746,5907.0176
5721082466196954880,121.30232298182239,-16.7691281751748,15.80335,0.99240685,0.6766057048428656,-1.8666081188973456,-0.41570790033911575,5149.2935
5724086671260007424,121.24529525773764,-16.67660726357178,15.80474,,,,,
5721082947233246720,121.35448950077864,-16.731349286363745,15.80752,0.70014,0.36581121532150485,-2.9508243345165406,3.4410357018964377,6526.6255
5721103391277524608,121.43960499436106,-16.709274159719804,15.80999,1.1617975,9.600667473744842E-4,-1.8270720581971294,1.0533306375472158,
5724111620731727488,121.25066054090956,-16.572405143757273,15.813015,0.7556248,0.2590973211431284,-1.2709966332119782,4.828848582854672,6359.2236
5721083153392673280,121.29690038810848,-16.71768925608428,15.815814,0.7481861,0.3668107147042759,-4.256690419244822,4.649832531835111,6587.456
5721103253838591872,121.41470297907313,-16.73348752415386,15.817817,0.7469549,0.22348451795511382,-0.796376752285277,1.0095566637113622,5931.0957
5724092310558832256,121.13501905742257,-16.544171436196834,15.821874,0.7287092,0.36704448052380445,-1.8221855285653832,0.40758189287819047,6186.544
5724087603274715904,121.14079232586933,-16.638464909781355,15.826869,1.0327387,0.2844752943112862,-3.4727283691703597,2.3625928234527787,5765.2607
5724092207479628288,121.12352158330386,-16.547730257293704,15.832246,0.9176073,0.338828945889955,-3.009825865022931,2.7957035253743867,5715.1562
5721110709901501568,121.47187779289197,-16.521749463438546,15.834177,0.82506084,0.29581878002571244,-2.1581834771748163,-0.21340515926465453,5796.953
5724086538122799744,121.20171335210667,-16.671503016798592,15.834795,1.1362276,0.19126263746662386,-1.6453793560021686,1.5192359841485423,5150.085
5721116688495976704,121.4657574102015,-16.490400629944695,15.836801,0.8942957,0.24352794694207053,-4.705518508345978,2.6211349616823068,5327.3354
5721109301152440960,121.50562927162586,-16.57505615701721,15.839429,0.6967964,0.3752623481423024,-3.242270140274056,0.7393572775126409,6374.6064
5724114919266619136,121.20970857396779,-16.527717356656616,15.841574,0.88255405,0.551508589176293,4.914308844015954,-2.100317356500414,5510.6377
5724117702405263744,121.3639992175878,-16.403417664655567,15.842278,0.9706478,0.8387705251850724,-2.379117474313847,-0.34197294026153424,5166.379
5724087328396808064,121.15417474824,-16.65632642277378,15.847273,0.79103565,0.34501236924849554,-3.038042681764458,2.398997010404867,6014.3657
5724117496246856192,121.34929816210423,-16.4336762998938,15.851046,0.9412031,0.8038219872275416,-2.9759496968823522,-3.691414386199324,5365.4146
5724111895609633920,121.23261088954177,-16.543928713360806,15.85179,0.8252773,0.5019199911741282,-0.7460869464941471,-0.9581746080360983,5684.7812
5721109198073232640,121.50873542546334,-16.59566930773464,15.853455,1.222723,0.28235912687064035,-1.2413075106718212,1.278996677228014,5024.203
5724115331583452160,121.2365810836805,-16.50655271098083,15.853972,1.3104496,1.095210541196417,-4.15555500846007,-14.618996664906428,4683.794
5721081057447715712,121.24960804278686,-16.780403766941657,15.859575,0.7108307,0.4026305148485676,-3.1004367987031585,-0.7283120964681478,6360.5747
5721083050312456192,121.35098510651251,-16.71018202705331,15.867592,0.7372055,0.22143549069899005,-1.7140471728095705,1.8507548037739774,6787.113
5721103700509732224,121.46563784132047,-16.71650258879008,15.869228,0.5296402,0.33930413780074586,-2.226684896370205,3.7113441567777588,6978.7734
5721109094988532224,121.47019125824869,-16.59035836690434,15.870566,1.0688658,0.4128341582672581,0.16824766267193383,-2.5508016955258643,4754.316
5721103597435955456,121.43559375156413,-16.704598244805577,15.871856,0.84972,0.518169606628319,-0.3324168271484665,1.8592959249584062,5552.0327
5721110538102808576,121.48789755780912,-16.516872997801432,15.872921,0.91192913,0.44667515388865,-5.439821596930523,-2.480969110220439,5356.0386
5721079476899704192,121.32753160982239,-16.772151819936084,15.879137,0.8119688,0.2544602579680094,-0.8748465158608341,-0.4745868572736572,5869.7876
5724091417205657856,121.12179848425578,-16.5710368593996,15.883978,0.60505295,0.2228979216982858,-2.345709619416162,1.3273806499847043,7161.159
5724117874204611456,121.34294748615464,-16.40372860431997,15.884876,0.8876333,0.21970683758783804,-1.3470883729324044,2.2832820483559573,5803.8633
5724087225317594880,121.16109293455199,-16.67181260963365,15.889611,1.0345535,0.23182161436760396,-2.9226912423675095,2.986785503885595,5299.1704
5721106483654004608,121.38404048480027,-16.70625535272809,15.891755,,0.5552684883483546,-1.7084275365702535,1.9763955932619042,
5724117599326062464,121.35230788005022,-16.41545658694542,15.894569,0.93725014,0.7496067784627667,-1.909234318395182,1.353153670704866,5382.904
5724115503377264512,121.25878605652125,-16.482332352335877,15.900125,0.9365673,0.7120585727058042,-3.8348763224158327,-3.7978940814989772,5341.556
5721108751397755392,121.46087488693377,-16.617669835084467,15.905741,1.3885307,1.45936033544386,-15.604413235059122,10.350719490954283,4554.364
5724116018778256512,121.17136042921686,-16.493309024868616,15.906964,0.7920008,0.5175925132353352,-2.860559740395785,5.091947522102766,5930.1226
5724114094632792320,121.32758783574224,-16.47228625231662,15.910226,0.82629013,0.3743055861551368,-3.3197740243990306,5.265652558930403,5971.114
5724115812620313984,121.14944128529842,-16.521985226414277,15.915153,0.73002625,0.37809299274733166,-5.366168801632685,2.927041122941521,6297.6997
5724114850547131520,121.23139716984471,-16.538632814932843,15.91848,0.75486755,0.1443774989982785,-2.438297439734335,1.8707609718482896,6325.1064
5721083771867020672,121.24477133199724,-16.70651594071472,15.920546,0.74024296,0.3117194993298847,-0.4368122657575306,-2.2121571781662253,6235.624
5724111036616090368,121.36896966674279,-16.56352676696193,15.925692,1.0741615,0.31166153884391834,-2.9184305168841087,-0.9259641146762156,5188.7144
5724115056705596160,121.17569007669772,-16.531099987788412,15.928442,0.6829462,0.30180976830196715,-2.6069799072016098,0.6824612447477862,6370.765
5724111998688805760,121.30135275154156,-16.553075269529103,15.933403,0.36132908,0.281677304210185,-2.530959189705147,1.8327571609818383,8149.025
5721104078472273536,121.45079399379615,-16.6764386527866,15.935354,0.9889269,0.23060576829716506,-3.135265082836102,2.9575033478285446,5206.3423
5721106964690331392,121.37663540194147,-16.662047591351048,15.94242,0.69834423,0.3500787788174236,-3.1626433818370163,3.347043458445563,6373.193
5721083771867020416,121.24616416791507,-16.707275101014933,15.950717,0.8272848,0.54186693779856,3.5920384970184056,-5.459005645576639,5736.0903
5721084287262710016,121.2599583727791,-16.677032089058894,15.95612,0.6789055,0.2923562385643326,-0.24133367934226863,-0.30658366785650015,6661.8457
5724086572482524416,121.21588620148789,-16.667970712011748,15.958257,0.62629414,0.2494612863278638,-0.9423860494865782,2.237973864318827,6971.4097
5721079476899697280,121.33959084774781,-16.768854285529823,15.963133,0.7822037,0.4546187921472361,-2.4587983894953025,-0.8016635815681057,6035.488
5724111723810956928,121.22799497006717,-16.570264301707546,15.968085,0.97120094,0.5672370676756112,5.153444665004066,-1.4361937003672254,5286.2637
5724113991553599360,121.30393005089,-16.482550200169225,15.969892,,0.4594540854978018,1.4650218757333295,-4.1232572560727645,
5724113166919805696,121.41740494249794,-16.50194851033536,15.97892,0.6251316,0.25178574466455494,-2.951133866814894,3.8727514477891845,7065.661
5721083050312451968,121.36219683291978,-16.715671557860883,15.980865,1.30692,1.0568931246841176,-2.805255664090182,2.165104328633376,
5721083256470889856,121.34577744894705,-16.711694697741986,15.984312,0.6582279,0.18483367237756185,-1.5681513952609576,1.5938440713965372,6971.5015
5721110091426217984,121.38768327207677,-16.562083166755958,15.985844,1.2338057,1.1275879758117595,4.534549272204476,-6.746713775346086,4746.9976
5724090553911417600,121.12084483044023,-16.62077432662892,15.986455,1.045372,,,,
5721109713469290624,121.51035016260252,-16.544982844039854,15.987117,0.72798157,0.25319881388284343,-2.5804651143522888,1.4762881799531775,6371.4683
5721107136483545984,121.43841242589893,-16.651311414875206,15.98716,,0.9687830441356858,2.119345424085369,-5.668948717243816,
5721084012385162240,121.28718586700091,-16.689915019091096,15.988036,1.1980038,0.21459543561304387,-0.11112023380068278,-0.24422917481238576,5004.6943
5721083668787821184,121.23552942544153,-16.730741317152525,15.996147,0.6258354,0.17626013381767447,-2.442612416850407,0.7707652386218693,6348.644
5724117427527417088,121.28870601405235,-16.418234696927758,15.997593,1.0330753,0.8747042283560085,-4.967732472245824,-4.595102642250135,5086.7227
5721108957555093760,121.45889489832328,-16.607694666834792,15.998499,1.0306473,0.94165789949653,-8.526258329020555,3.21305901031402,5102.7124
5721107926762705920,121.30739703516737,-16.633418295719277,15.998584,1.0929642,0.6455959438490695,2.3669203977933773,-3.468910122730845,4959.1953
5724117255729323648,121.2585152326564,-16.453471573037113,16.002954,0.72071457,0.27192431519089505,-0.932539422219351,1.0341826265805292,6462.421
5724117805484530048,121.2977576637496,-16.414781292926296,16.009005,0.9950571,0.7607137357502366,6.647778061123789,-10.548421168279992,5154.4014
5724115159784774272,121.21414379926027,-16.503821748769624,16.011343,0.87671185,0.6321212328413279,-3.340246046734837,2.041404347469117,5587.5015
5721084252902972288,121.24974434418563,-16.68717388348821,16.01245,0.7125292,0.3168541730698258,-1.7546092111275884,-0.38340213794706646,6579.2266
5724087122238292992,121.24999696284875,-16.624179220881736,16.013052,0.90069103,0.6071652716944422,-6.537068389281183,-2.3325315160485127,5441.9434
5724119454751893760,121.4411604567338,-16.4522937477994,16.015696,0.6060667,0.19545588450812373,-2.239858292106219,3.6159140112443886,7221.6333
5724111998688810112,121.29270684900571,-16.54690591424461,16.01603,0.8568201,0.40816028758276546,-1.13548737794695,0.29683485315166197,5544.5215
5724091589006058624,121.15615476882262,-16.545534982397797,16.01956,0.90885353,0.9386680160322962,-1.455873835522557,-0.9920813967893053,
5721109816548310656,121.41157117636142,-16.587127220658186,16.020405,0.857893,0.48175375612184695,-2.0647305667263187,2.0779211899837904,5677.8857
5724116121857492480,121.14013744310769,-16.48825711346737,16.022856,0.5362377,0.29025243683096735,-3.2934433375214445,3.5758332241346604,7436.146
5724111925667757312,121.24026058238837,-16.534159033280947,16.027443,0.72429657,0.5882221485692813,-4.702991387786932,4.668404037866602,5955.5635
5721106792891667072,121.3390749794523,-16.688592911662486,16.027851,0.70560074,0.17856563021480296,-3.4018910781770857,1.4678590280254669,6506.156
5724117702405268480,121.3592311710612,-16.408102024189834,16.03035,0.96753216,0.8255164622970563,0.737753693197029,-1.6678680393834933,5293.7534
5724087362756528384,121.17933566130233,-16.656448711184865,16.031624,0.70455647,0.32706141069959477,-3.3954797747668364,1.1001375605362216,6040.3438
5721105865178622336,121.50294261531242,-16.619142959214578,16.03293,0.7146206,0.3381712202012325,-3.7157291595498703,4.980776090021607,6354.4775
5721083634428092544,121.223063996515,-16.737520178453366,16.033869,0.49382114,0.2180744119763876,-1.906663595599945,2.4282069586043726,7659.4355
5721103494356774784,121.38472692393326,-16.730053936967856,16.035479,0.7324829,0.2734959624152664,-1.383357532842675,2.203118102347433,6323.95
5721108785756392832,121.48772180703776,-16.622043862548633,16.041588,0.6931877,0.30976200258994774,-1.340494373120062,1.6951403313305902,6590.1616
5724090970529069312,121.12083041652551,-16.591026359947026,16.046032,1.2814083,1.0912412732108734,1.2794001457979436,0.38900212572967824,4613.09
5721110778620978816,121.45049788805271,-16.506312096783763,16.04626,1.1220179,0.8111263805623437,1.6227674315286027,-9.794690931058376,5051.5947
5721110057066478976,121.41021023817652,-16.57444115622881,16.047798,0.7463398,0.25088511730516305,-2.2172176607829943,1.45481730041452,6356.075
5721083050312453632,121.35819481023675,-16.713693880144664,16.05816,0.66376114,0.28321345231689327,-2.4757788751959224,0.7393008303467632,6381.9805
5724114403870378496,121.39478538636075,-16.44550314468734,16.05865,0.7085018,0.32826674420870877,0.3658230284285762,1.7056577344541237,6087.6484
5724116362375617920,121.19767305634868,-16.480073253411323,16.058874,0.7255125,0.21398182952093237,-0.8286055171803647,0.8168763308127303,6247.819
5721107166550413440,121.45211903444387,-16.65249218125277,16.066402,0.88467026,0.5436832942183721,-1.362182095907111,4.702362737918006,5571.5127
5724110452500602112,121.31441439368396,-16.62130593956481,16.069624,0.68383884,0.26929663201645027,-2.224433375310786,2.431038761295543,6361.203
5724092207479634048,121.1176818375141,-16.552030716803372,16.070646,1.3224621,1.2572585467866773,-4.202084844526215,3.15919176478488,4575.334
5721109816548311424,121.40392984137235,-16.589950512482307,16.07539,1.0108919,0.6126362674615432,-5.044498291112365,2.4205126530894443,6004.7485
5724110761738240768,121.29748527478866,-16.58342735287959,16.076752,0.8282299,0.2550323535826377,-1.0211895140047773,0.760109834602728,5687.2725
5721083771867021952,121.25078277389167,-16.718191223541204,16.07919,1.3060207,0.9331235699690358,-0.06898165628355118,-2.552981993609266,4683.141
5721108888835597056,121.4900446386307,-16.59479190764748,16.08152,0.7616606,0.37301086847647286,-2.7596157363782945,0.6233137248593845,6038.5137
5724113647956202112,121.34219169415712,-16.513736956227998,16.084476,0.81463337,0.5128602362511175,-1.1713989399408433,-1.4032883488529642,5644.073
5721106999050049920,121.4211026400096,-16.67214957663317,16.092024,0.67292404,0.31662054026289005,-3.554472115194538,3.3381114705737396,6515.4204
5724110589939581056,121.2705644673117,-16.61389870832168,16.092384,0.7947426,0.29873367182682936,-3.3793815931604705,4.393651433711428,5714.1743
5721079816197850112,121.36865058062983,-16.756598954467638,16.094393,0.7713194,0.2615775191698342,-1.9232920006536869,-0.8131782245430469,6027.488
5724088118670760448,121.16511477098523,-16.609629850922794,16.094467,0.7113304,0.30059008525055575,-1.8554370633019681,-0.44961084061598516,6360.781
5724087259677322880,121.16879374401098,-16.658239477617997,16.09557,1.537714,1.6209351645872772,-13.278675197620402,4.457568923548642,4464.6597
5724119111154510336,121.46074032714597,-16.48364742482644,16.101398,0.7426529,0.2697528036470077,0.3940634439750652,0.24097608890968686,6049.6255
5721082706715117696,121.29576993355717,-16.740553169221307,16.10413,0.91677666,0.4616660570890765,0.8095987083723031,-0.22457839446948608,5550.253
5724115778260020608,121.24828200278614,-16.45729331196693,16.10765,0.68861294,0.2233705601357316,-1.3294656690919493,2.2992164140776783,6463.695
5724118149081942400,121.26892771620984,-16.428801933603808,16.108618,1.9476528,2.569570430569398,-0.6340433839657935,-0.7899616015142279,
5724087431476006144,121.17310528321546,-16.648162428605023,16.109686,0.81686306,0.494823239566139,-6.54533602875638,2.7575595693575226,5649.011
5724111655091454464,121.26332268247064,-16.562917186969035,16.11644,1.1170931,0.2853362441374873,-2.2892028365703174,2.6413121807752904,5052.5903
5724116843411933568,121.19774564576548,-16.433035687471786,16.119463,0.87072563,0.513451460877956,-7.839673335440879,2.615307834873443,5533.593
5724091107967980416,121.17559520584311,-16.58745422003324,16.119484,0.89635754,0.3251495703883243,-0.11882841986989559,0.11449305069730609,5602.2017
5724091142327739520,121.14957592944644,-16.58882926595555,16.121138,0.738842,0.22570120626822066,-3.2351348784980365,1.943678548010117,6377.312
5721110057066477824,121.41193110525296,-16.570344943412277,16.123352,1.16856,0.2775314083297801,-1.7139232885882825,3.583260002503956,
5721109541670621312,121.47713680909087,-16.56306636706356,16.124327,0.6689863,0.27609051986405275,-2.698903551575107,3.5807688000187725,7037.313
5724086228885168128,121.20042178610483,-16.698577726690903,16.124632,0.63714504,0.23607466245833092,-3.457009744680268,2.6915598814395563,6598.897
5721103563076231936,121.41423919400698,-16.7158801711346,16.128977,0.75925636,0.2790366469566542,-2.319691446935515,3.010469915707257,6320.233
5724115159784774400,121.2182359059721,-16.510386425013525,16.131924,0.91521835,0.2993142429931906,0.16849020359664224,5.588014930425478,5490.204
5721107681946500864,121.3537440771011,-16.648853212911796,16.13258,0.8161888,0.3883273404905463,-4.718555010474049,3.7417480769433182,5643.5
5721110091426218112,121.39264041283388,-16.570296251316424,16.135788,0.6610069,0.2662656422461865,-2.2693514109665056,1.149758363454006,7021.3906
5721084424701662976,121.28480064158651,-16.656533321730468,16.14315,0.7655792,0.4731241979214891,-4.780743110361701,2.7059479182339707,5808.4023
5724110791796364288,121.27086597353524,-16.59027981010676,16.143251,0.9177027,0.3434494346793612,-0.23172133473577955,0.4704412127162363,5572.283
5724114850547141760,121.2157320010094,-16.53606341015458,16.145124,0.80076885,0.41067204283997466,-3.594361578229525,1.7592670591352828,5651.673
5724117015210581888,121.28520130565805,-16.46451335232952,16.151325,0.7266083,0.45979241205859644,-2.957745413170411,0.4374639881864965,6373.0176
5724114713108210560,121.20069133830482,-16.56576100303317,16.151678,0.7921362,0.4433738261875031,-0.032281179772150836,-2.506120211543782,5689.237
5724091382845897984,121.14523156027573,-16.564020735628997,16.152033,0.5935583,0.2559870014925127,-1.8052725678701007,3.3851255944533825,7046.63
5721108029841920768,121.32410988391554,-16.631245279884293,16.156853,0.8820152,0.22516042169097714,0.8411470994392354,-4.443626302767355,5885.56
5724111448933036416,121.25721582371054,-16.58411866156515,16.172585,0.99131966,0.46658576325538964,-0.11074290470346981,3.037709971291177,5139.962
5724115056705593600,121.17695126834589,-16.527358437552525,16.17265,0.9131098,0.5157150356255099,-1.1850002982442853,-2.723799081300995,5290.671
5721108613957469312,121.38042843266194,-16.578106884909975,16.172806,1.2505589,-0.134621686032092,-0.997300292600477,-0.11632945276237419,4914.8438
5721083874945850496,121.24220437668177,-16.69354230631984,16.17355,0.7280998,0.40358833027686347,-1.7539061341997075,4.622839134463654,6007.0503
5724114472589876224,121.36656684892574,-16.454029340211797,16.175602,0.9362087,0.7126424892247415,-2.1004835209401613,0.9644285709547494,5379.631
5721110057066477696,121.414457349529,-16.57338303866192,16.183554,0.7172985,0.24543957448640805,-0.4308578203299834,0.20538979619480305,6366.706
5724087667693578112,121.16028396755917,-16.626380591022556,16.18459,0.85125446,0.5459119186533156,-0.11947973641145199,-0.9174797125694649,5567.513
5724090626931706752,121.110256370644,-16.61642276358413,16.185234,0.62276936,0.17961555851810002,-1.954001842969176,3.539592963453012,7161.0845
5724115709540548096,121.25315011555335,-16.47556996688413,16.186388,0.9687624,0.6253732893811876,-6.489390374222218,5.112054318360578,5250.011
5724118183441668480,121.27593433631016,-16.415160083744976,16.189161,1.4937048,1.4673009432060866,-1.7614380609586258,-10.188630249887753,4555.7114
5724086366324087296,121.22946072104172,-16.67374663492597,16.18942,0.8930559,0.4293051284130204,-4.297101882109562,-0.4409540733735949,5502.331
5721109988346999296,121.43825344694113,-16.563584982450053,16.189592,0.74235916,0.2097623338063999,-2.6020872010962797,2.106314801374303,5998.4097
5724112754602967168,121.4005326160111,-16.52403230794287,16.189896,1.1496286,-0.0034523814766098185,-0.8743298281296636,0.7326821657565182,5375.672
5724113098200323200,121.43005473079666,-16.506475371864493,16.192991,1.1358585,-0.011333939295996222,-1.2528551527784182,0.31629528670442164,
5721083767567891200,121.24320145864904,-16.714595467742086,16.19316,0.7671499,0.23386346201511254,-2.985283988047231,4.759155565645624,6335.9355
5721083252172364544,121.3489232534304,-16.703597290679127,16.194292,0.7477808,0.21593556099110217,0.6361264760703322,2.101589724722838,6167.446
5724111311494008064,121.34120276518763,-16.541901548976025,16.197493,0.7922821,0.4461319146225762,-0.7402304947442353,2.810762591651726,5953.87
5724110555579805312,121.30949413308853,-16.590789407626634,16.198797,0.86654663,0.38447931194888285,-5.691831234951631,6.864119289868018,5497.3823
5721082294398269056,121.30021547271684,-16.784249094975287,16.200127,1.03934,0.537839649613484,-3.5058032709636153,2.43262614395787,5169.6104
5724117324448216448,121.28774985976267,-16.447911687057207,16.203527,0.74229527,0.32819677769238614,-0.673970919779441,1.9197810198072958,6118.9565
5724117393167692800,121.27959273246613,-16.434273140832733,16.206032,0.70225525,0.35319312942421766,-1.903693120580561,2.490393275449584,6548.195
5721110022700774656,121.3967945356625,-16.584285930056044,16.208721,0.89458084,0.40344526598118213,-0.8708797589379565,-1.7041744792120188,5431.014
5724090764370628224,121.13824246239962,-16.594806804457694,16.208826,0.87807655,0.4490313006476586,0.8239468774069474,-3.155153172290989,5516.916
5721107239568193536,121.44055916845431,-16.63514371958215,16.208948,0.9623213,0.7142202839856798,-4.050781113688714,-2.716801061775453,5242.06
5721102394845132160,121.4316436527638,-16.757592702831946,16.209055,0.7899208,0.26272338612887425,-2.1934514438267163,0.1493590744156324,5747.6206
5721103631795704320,121.40849523082457,-16.69855570143212,16.210342,0.78277206,0.24145446320132918,-3.080450217857618,1.5271899271528608,6253.2373
5724114777527354752,121.19919490918109,-16.549509038621554,16.214613,1.5580044,1.4545505269233812,-4.931038588227132,5.414620551030421,4490.233
5724086709921455232,121.24632757159489,-16.66477456332883,16.215448,0.7803211,0.3085357170433961,-2.9577487881278426,-0.2298172366940526,6240.302
5724114438230152064,121.35081781085447,-16.458203141837604,16.215923,1.2368479,0.2806801498255816,-1.4401157637280813,2.163058386206976,5253.8604
5724119420392151424,121.4473331307187,-16.45256557993317,16.219963,0.914711,0.5299504749130463,-0.2631465475396171,-2.0973841631370314,5406.2764
5721081950800914432,121.22682737557744,-16.74868260280633,16.229527,0.9473238,0.7016952457902901,-3.5557934959983726,-3.564759894820683,5268.799
5724111070975850240,121.34020113132817,-16.564168435025543,16.230476,0.9501734,0.39237620288094704,-3.9907203156781073,1.0973131390660906,5350.161
5721109094994035840,121.46999330158887,-16.590000537264658,16.23697,,0.8171479788212439,0.2633062424226777,-2.4254008918982133,
5724118217801423232,121.25374867314247,-16.412648395013452,16.23977,0.97340965,0.48915611591172825,-3.0745220753004627,0.6591956331518022,
5721110194505428480,121.43770470965417,-16.544851513157223,16.240967,0.8392601,0.42917829030453314,-0.5293083785704672,3.2066567416553067,5650.624
5724086778640934400,121.23773904137391,-16.657861456494675,16.242588,0.21376228,-0.02886184382984487,-1.888693328367243,1.2824985793594952,
5724086435043604096,121.18687503859792,-16.6913936090233,16.24508,0.7321024,0.22960959805801112,-1.138425307026159,3.9552655801259444,6339.0073
5724118046002738688,121.25507293121554,-16.432520621632847,16.245571,0.52768993,0.2801677109722227,-2.4114262598012237,2.208836970398107,7296.328
5724086675561720320,121.24390026263202,-16.669119757329387,16.250961,0.8983402,0.4295382670414084,-1.4626422295406738,1.9276210397045834,5465.1187
5721110538102809088,121.48439537705431,-16.5249367228785,16.251982,0.717988,0.34618741682110854,-1.0045988170212716,3.3402215190720397,6374.949
5724112136127730944,121.32843148046184,-16.525551161984392,16.25237,0.7440672,0.27454010128400563,-2.8151401308477206,2.4698061457661256,5951.386
5724113338718510464,121.39981201122899,-16.505758990175917,16.258142,0.8112831,0.4526989346098036,0.6774732848029649,2.120275492552927,5905.39
5724086263246615936,121.22617760901161,-16.700233584597683,16.260263,,3.2229942942092977,-5.517332688952043,-10.936244524353308,
5721107823683820160,121.31457206889178,-16.655885368641993,16.262442,0.85394764,0.3050454257158032,-1.184017855096601,1.419990876754439,5704.2324
5724110933536912128,121.33162616921493,-16.58785720929625,16.263798,1.0044003,0.22326749854706995,-5.006104018266838,1.0284533947470118,
5724117874203979648,121.3268840218735,-16.40243181460309,16.26562,0.7782078,0.3179970831420476,-1.9035715925294072,1.297494578618749,5870.987
5724115915700816512,121.15195412756594,-16.49929343325845,16.268946,1.3289328,0.8484789924968681,10.337334470521451,-4.3441515633437815,4587.4893
5721108167280872320,121.36855545101267,-16.620484530827433,16.270523,0.9165659,0.4840516907133148,-6.504427890321098,-2.00708045014024,5457.153
5721109266792706048,121.50768959530382,-16.586885832590966,16.277094,1.1064243,0.44416579878423573,0.7356208755575238,-0.6624998574442521,4943.8315
5724114678748290688,121.3750002933364,-16.42777597855726,16.277924,0.881938,0.2971518890438318,-0.8251152842829999,2.5849873705285455,5651.831
5721106655452689152,121.38899803964384,-16.68871120027138,16.278036,1.1470566,0.0943552988139478,3.535087684306728,-1.8070749928079715,
5724117702405270016,121.35211506290901,-16.40147309452652,16.278055,0.9158535,0.47249221015632176,-2.4051927094210224,-0.11881913927379835,5404.8877
5721079472600435968,121.33051175162898,-16.766976071539275,16.27854,0.7938385,0.36733106280276945,-3.0803254197674126,2.6538363071353386,5722.968
5724112514084835584,121.37341215751734,-16.56081199177161,16.279295,1.4131584,1.3680292091845643,-3.55903508022872,5.872484114523161,4506.012
5721083836288947840,121.23524047648719,-16.706181599320605,16.282724,0.8441677,0.4670172677527308,0.7113902024542442,-0.932852313108214,5549.7837
5724116018778255744,121.16549404564937,-16.483868913009257,16.291155,0.8864937,0.2936861233287762,1.9070049277750944,-0.47670557388396584,5618.177
5724117736765048704,121.31212716544546,-16.428374111524743,16.295418,0.70223045,0.2566386364032126,-2.1527378507857744,0.9723075165520314,5963.5034
5721081882081442688,121.22943855658079,-16.764426913712743,16.297285,1.0056887,1.1743788694561044,0.8342168250888113,-0.3333390165401441,5052.197
5724084991934620800,121.15146564316531,-16.69029943002229,16.297304,0.7955179,0.3048728682692047,-1.144703468692571,0.9210891963853922,5745.8413
5724114987986121600,121.17530992875494,-16.533288182617696,16.297342,0.8961382,0.5468136430209942,-1.7589364271700207,1.8696390609736742,5425.5576
5724110555579808512,121.30990595637996,-16.597773676648256,16.301416,0.853981,0.45517548247313017,-1.1666630847694468,7.368679225210633,5561.1196
5721103459997022848,121.40892333784367,-16.725871719069524,16.302773,1.0420065,0.32029684481131565,2.933257964444629,1.7491171396387195,5055.218
5724112922100969344,121.38008916157034,-16.524396607209294,16.306625,0.6264391,0.3444736108013043,-1.0612314749356444,3.712430372144711,6965.392
5724115262863974784,121.24448178391563,-16.51772078517723,16.309034,0.6423006,0.4240727029882566,-1.3137927047617368,3.3183651385241517,
5724088049951279104,121.17578214810354,-16.615713191117276,16.310255,0.7808533,0.37009830152011336,-3.9512554798002784,2.144126372590039,5773.5337
5724086950439641472,121.2195403846431,-16.661937704559037,16.310438,0.98795414,0.8023851664495714,-3.008383367219308,2.9166866458485328,5189.6943
5724087637634441856,121.15475578224049,-16.629063857139524,16.311522,0.9305906,0.5182497781531668,-4.324301614806663,1.8342572052761486,5330.934
5721082981592978944,121.36339645353883,-16.728685773041104,16.311712,0.93113995,0.458774716192816,-5.038279184751899,4.196984014188718,5354.4243
5721106724172182784,121.35756068348043,-16.692670557631466,16.313242,0.6254902,0.2518118993463142,-1.2260237816377357,1.2711074152847361,6871.3315
5724116946491096064,121.2981468724839,-16.467694955863443,16.314587,0.69573116,0.16464807405808202,-2.4876155339555925,1.68071062207868,6341.4683
5721103352618715776,121.43695650312806,-16.72906417844784,16.317623,0.97956276,0.3165994399089027,-4.24399138082058,1.720098654876889,5481.51
5724112269265141888,121.27402519019498,-16.531117705697177,16.318447,1.0438528,0.7079876360539249,-3.8460661127702496,-2.0211834620853018,5083.2056
5724091073608257920,121.15721927634351,-16.592193744682877,16.319513,0.7825842,0.5470035369357186,-1.8222074805881492,2.543126377263168,5852.8433
5721079442539968128,121.32889795754535,-16.78098437620431,16.320406,0.5892334,0.18485871561276424,-2.558825425405912,1.8193248939847784,7133.4185
5724085782208616576,121.12528533681316,-16.681437742502414,16.323164,0.73286915,0.20142424744987178,-1.894232668086263,0.46141093901052127,5927.063
5724114163352236416,121.3766712014994,-16.47972559818058,16.325632,1.1545534,0.8856973677964979,-3.482454489481218,1.721868433732137,4805.8354
5724115709535693568,121.25461857214604,-16.475043935554293,16.332258,0.81691265,0.4536426684903759,-6.504805368978557,2.1306810936717815,
5724115709542368000,121.25460628997307,-16.474732292259866,16.333643,0.86819077,0.4389295692866588,-6.119773728013983,2.3229148314930805,
5721083080373068288,121.3111685465332,-16.732266921129,16.336346,0.9626312,0.41023262612496086,-2.9581893850044585,2.150025125428766,5201.02
5724114266431440128,121.38409332216125,-16.463948948738633,16.33796,0.4032879,0.1480898825040932,-1.759314121356696,2.7660262982958574,8221.667
5724114369510651008,121.3838776016788,-16.45706969900121,16.338787,0.88663197,0.35427584547241714,-5.173927261492322,1.3762605866305395,5464.456
5724113991553593600,121.31321623099731,-16.4840611391539,16.339453,0.72181225,0.27918071632897434,0.1956367586954804,0.16399042920787685,6202.3877
5721083737507295872,121.22771707401715,-16.71473771067139,16.340528,0.8520832,0.21116306656117276,-2.1092082697977244,0.5998506377449728,5746.4536
5724114472589879936,121.3646262550759,-16.45767982915861,16.344028,1.049778,0.663534314782503,0.26140308448791055,-3.651976181930043,5144.479
5721107617525388672,121.3240760225888,-16.668114705617565,16.354391,0.8297291,0.34216360823404457,6.3328328958534446,-13.687311280674392,6032.6787
5721080026655473920,121.38061086045195,-16.739244325844876,16.358974,1.1773262,0.8556978875592852,1.1163168553070437,-0.03817477242358533,4756.7983
5724120485544057088,121.39643351784743,-16.417138398080898,16.362188,0.6615114,0.13321005974643296,-1.8882708796127654,2.320017598041285,6582.984
5721102532284066560,121.45382813310468,-16.734295264495813,16.363964,0.9734106,0.25699229370267446,-3.9734635495338093,1.6131866850058905,5680.0957
5724091589004312192,121.1549481298547,-16.543533042081627,16.36405,1.1989851,0.6610267780985353,-2.6402786897417396,2.7738636001390304,4823.661
5721082706717191040,121.304412225022,-16.74248432870085,16.365751,1.6170006,1.6640449929865186,-2.3994820512083868,1.8347858511085642,4413.5522
5724115812619849216,121.15831354846168,-16.52238418132809,16.366796,0.7221441,0.1921097208052414,-2.1846454322554196,1.2735349496747301,5959.8477
5724111204113233280,121.29414369591531,-16.569902064308106,16.368324,0.9679594,0.6907885288476877,-7.7009877232338555,9.588461640394327,5239.9736
5724088221749925504,121.21318676167326,-16.578924603044996,16.369883,0.99710274,0.7368046614855989,-7.034288196356675,3.0789236529394923,5151.5327
5724116534174270976,121.23467858017553,-16.451233712929753,16.373264,0.81282234,0.3732384195262187,-2.3188545019015185,0.5286098684935009,5634.167
5721107102129255168,121.4235803107758,-16.65172017591612,16.37584,1.0112734,0.5349342551696099,0.03267802606600145,-3.4301739139074927,5060.0435
5724086400683866112,121.18764687115497,-16.69300570053487,16.385704,0.7086592,0.30475780502319705,-3.2011127437533773,1.8575080265071837,6364.7524
5724088290469409280,121.20198197334095,-16.573846500627898,16.387438,1.0207729,0.3222086819607443,-0.8578718318228201,-2.500439788820837,5203.3076
5721110744261239680,121.4675435750054,-16.509267520560076,16.39274,0.82583714,0.20700827968461494,-2.279395189838223,0.28677630059082965,5676.782
5724113957193870592,121.30057934780145,-16.495589318829413,16.393044,0.9055481,0.4233415102762899,-1.8571989930495292,1.7582017958082174,5452.9185
5721106930330601856,121.36330873065903,-16.667914002099806,16.394775,0.72699547,0.28685938527782756,-1.13001771917984,1.9306844105123642,5945.9556
5721103975393074176,121.43614699516897,-16.696302395961084,16.396078,0.9772072,0.5200189498634854,-3.456552534138634,3.256436769754081,5223.382
5721079957935990528,121.39365600830219,-16.739446998008493,16.397661,0.89292717,0.21115806364258757,-1.8181898640475986,1.863801756833366,5715.52
5721109850908047104,121.41955408435885,-16.5753934061103,16.397978,1.1105833,0.7112812122194339,-5.024173891035755,4.343141042966621,5005.9224
5721108167280872960,121.35663857895237,-16.626880781271332,16.398882,1.2668095,0.039994122857716016,-1.1102015722807272,0.7737747782386788,5037.7227
5721103150760405888,121.42238290287355,-16.758747971993728,16.400188,1.1249475,0.7663661674272061,1.6983974938766888,-10.050915818971708,4979.809
5721082912873527040,121.33096415065721,-16.739695517615335,16.413212,0.83251953,0.39677994067181943,-4.456953139751384,3.2321033441868527,5593.2744
5721108712738704768,121.45890218584873,-16.626407389128165,16.414803,0.74428177,0.19645494731190907,-1.0936928991145232,-0.3117842477809256,5939.0327
5721110366304119552,121.4570575089663,-16.54661436659299,16.415464,0.8308258,0.1415448369949479,-0.5073083920502597,-0.29026925856107294,5604.072
5724087564614305408,121.1257067632305,-16.648593035597553,16.416454,0.8555403,0.334835130290797,0.5975640541721235,0.6723234347473761,5639.505
5721108987616657792,121.42743411275795,-16.605827557573676,16.42146,0.9956064,0.1901290344306051,-1.7836029281977588,2.109676085037525,
5721103356917793152,121.43565418079835,-16.726794845548625,16.423134,1.15411,0.707051909928116,-0.6024134206332983,-4.171486781199088,4984.9707
5724115228504259072,121.19925460387134,-16.501506267921823,16.424633,0.7430334,0.3030542105968319,-2.188779848040685,-0.6288915638871901,6365.64
5724087809433093760,121.20689283737393,-16.62816918270978,16.425135,1.2188988,0.9118157899746874,5.719113113435565,-7.649215695453486,4752.069
5724110555579802880,121.31306879817745,-16.591099330998926,16.427393,2.0028858,2.204860188710649,-3.105125144627663,3.171153925073954,4150.183
5724117423225983104,121.2937596081131,-16.426989380019155,16.429562,0.9507408,0.4849552867772785,-3.0499523491841583,-0.3777662317760195,5279.309
5721082805495108480,121.33628782799755,-16.752310604366148,16.430824,0.6349449,0.15858346320959776,-2.781985161691668,2.6589526633050538,6377.7285
5721082225680860800,121.20058054683928,-16.740529916328928,16.431532,1.533062,1.326665435500729,-3.6535963103195273,3.5773305526113837,4335.5547
5724091279768414592,121.16650739870875,-16.566555017733847,16.435772,0.8553581,0.3320065308479882,-3.0539752991625435,1.9097483344334187,5651.3594
5724115159784776704,121.21106261677524,-16.506652583064447,16.439047,0.5293293,0.16032870819751813,-1.936122061486855,2.549747033550748,7412.6733
5721109679109557760,121.50098952553876,-16.54875776316386,16.440277,0.96255684,0.2659477189118856,-1.620673009199478,1.953788323849392,5183.436
5721106758531910912,121.36821018472257,-16.67883434908516,16.440304,0.74623966,0.22406265576660617,-1.5989344304487942,3.222877221435072,5917.6733
5724114335150891264,121.41253808294901,-16.447066839061726,16.44039,0.82940483,0.35690342908717954,-1.1863995123647932,2.7872378684270416,5604.0596
5721110469383332224,121.49260491317291,-16.531549079636108,16.441528,0.59934235,0.25825822892823114,-1.5139306492338545,1.795572509975113,7370.306
5721110774325626880,121.45469752689631,-16.50639804591962,16.442898,0.9406929,0.5467526145350836,-0.9702923179404702,-1.3281786423503323,5237.7334
5721084184183864448,121.27231215219008,-16.697065711760654,16.44785,1.2086554,0.778502802474955,2.3071721930151394,-3.2393155400118414,4807.1177
5724086121508112896,121.19979380106196,-16.707835285255058,16.451736,1.2801418,0.048833948194325336,-0.5372526008150914,0.48726322183065474,5249.7607
5724110899177161472,121.34964209909054,-16.584444869591614,16.452986,1.2211418,0.20197904146161322,-1.5322153077263483,1.099985920695458,4936.585
5724086297604613632,121.23350171193812,-16.686862521549855,16.454388,0.66640854,0.2521315391114465,-0.7566708364616543,1.0299793758888702,6610.8013
5724116358073954432,121.2068303162984,-16.47666080954174,16.459476,0.69950485,0.1767903982329666,-2.19983599609119,3.1744927036098094,6377.6797
5721107686244844672,121.35709069706662,-16.655577501244103,16.461744,0.8007765,0.3621928379893566,-2.0548611530862417,0.896812709536253,5681.4805
5724113751035405568,121.3539716048965,-16.507033527494904,16.46447,0.8628168,0.4298688317948089,-6.184314988273465,2.022907371958384,5530.07
5724110555579811712,121.30713955195901,-16.600367794091746,16.466705,0.8262749,0.5578527810165195,-9.448419008385898,3.0209733310802784,5882.007
5724110933536921600,121.32156319367739,-16.593035658900938,16.469175,1.2112856,-1.7247225650662834E-4,-0.6887861053801528,0.2872079725492034,5147.832
5721083015952726912,121.34367458744528,-16.72218975459286,16.469797,1.6170683,1.636764753960792,-22.48782941362203,-9.545810456926734,4351.101
5721079614338629760,121.37599294263399,-16.773050555358648,16.470795,1.0837746,0.837302288383703,-3.7531675817053847,-1.5793068938563581,4924.783
5724110761738244736,121.2963748894469,-16.588931796470636,16.471079,0.87350273,0.48380558539926244,-5.03974209459719,2.554461794964605,5467.7266
5721107686244840960,121.36375327333332,-16.6547147437411,16.474308,0.99532795,0.24783173449596635,0.4732667580245644,-1.7093015835947252,5365.3765
5724086538122796288,121.20861403975199,-16.677369814746054,16.47481,0.8382559,0.45563788192100385,2.343849975744186,-0.2324910405739711,5564.143
5724086675561718528,121.24969614218668,-16.673818979709665,16.47562,0.84007263,0.29985147927972966,-2.6313834935050235,1.108712859970654,5568.7847
5721079545620148480,121.38426354074947,-16.780210165851997,16.476088,0.800272,0.2790716391541639,-1.485488830754743,0.1990022462129856,5741.484
5724115056705606016,121.1615921380212,-16.529194558784127,16.477884,1.0787067,0.6873107129371436,-3.9317687787017155,6.653417540861955,5042.565
5724113888474382848,121.31405743936014,-16.493968100851877,16.478142,2.481392,4.97057073463003,-23.27965466353157,10.720875761469518,3513.8987
5724113854114608256,121.35540904031195,-16.484609694107153,16.47823,0.8476515,0.271111041299214,-3.29690474951905,3.8024805637056796,5547.563
5724113991553588096,121.31094724198793,-16.47114558343554,16.480642,0.92075634,0.5664684105575526,-1.0686759192564124,0.6869526991429726,5308.24
5721103322558044160,121.45422354680728,-16.72255139968069,16.483105,1.1494122,0.7759858438415081,-1.5190562374594154,1.4457948152184221,4831.3306
5721103975393069312,121.44446008434069,-16.698755847186238,16.484777,0.7164211,0.15232768433561522,-2.31509949750427,2.3115781304323293,6375.17
5724086400683868416,121.1796311940613,-16.68581908301566,16.49178,1.2378197,0.8227128474066697,-2.7752705757596625,1.3446314090555804,
5724112101768568704,121.30855669801299,-16.543229611526233,16.493847,0.86868286,0.23341633780609927,-0.23812939594995045,2.339601650781943,5472.2974
5724117187009289344,121.2602200360338,-16.459837257435133,16.495771,0.80817986,0.2738799061150863,-1.6317463919066042,-1.0384126790751913,5690.87
5724113093899663104,121.42503133613644,-16.513218416230007,16.496338,0.75187874,0.18660688635423983,-3.7044620260176946,3.199673169671084,5865.0786
5724087568914993024,121.12785750096465,-16.644834745160235,16.499249,0.79434013,0.3604579997799856,-2.960755768468146,3.671766427577435,5665.26
5724115194144531456,121.18825656160872,-16.507666896313367,16.504475,0.87948227,0.17524768249219366,-2.441633153913551,1.2216640126669527,5478.453
5721082706715112832,121.302117809657,-16.73963708570353,16.505018,0.7779484,0.2357584966891992,-3.7725054823851303,2.683288653348634,6112.2485
5721103185119113472,121.42697764696281,-16.745658027358548,16.505621,1.1772909,0.034639327314155983,-2.0024907171211708,0.3078623268461826,5554.426
5724114232071715072,121.36515754727121,-16.465580221639563,16.505749,0.8352108,0.5076959078191552,-5.327400173436159,-2.2357060493426606,5653.252
5721103253838593024,121.41201114540611,-16.732488585430573,16.505817,0.6995945,0.19231641629772486,-1.8181508931242962,2.0357301668719554,6261.341
5724112617164038528,121.37359293422574,-16.535910591871456,16.50592,1.9773684,2.3960444774927803,1.4202256862101734,-1.5781409021574566,
5721107308287695104,121.40554320095816,-16.648139503565712,16.506567,0.6139126,0.20690144652053585,-2.3979643791261944,2.8330031945921896,6861.301
5721107583165642880,121.34169570586045,-16.67087720498692,16.507145,0.7125778,0.3123020321364229,-2.1556746443400168,-0.2952729407620761,6070.5283
5724114987986126464,121.17804574255051,-16.54770269148635,16.507805,0.9816294,0.479981454214292,-1.3859938696388252,-2.950733868192912,5187.7744
5724117736765045760,121.3109243914772,-16.421033180235046,16.508652,1.0704517,0.729767222670198,1.7085615296676488,-4.5810886843112435,4953.4814
5724111929969361536,121.25057600778273,-16.543553565602643,16.510609,1.1364155,0.052267557638077736,-0.5697922508725431,0.22434243247283348,
5724112342286194560,121.27367988042553,-16.519432294115227,16.510849,0.95457935,0.4634865477579676,-2.7627200896865034,1.6473741819608252,5286.2783
5724091554644577920,121.15191129270377,-16.54777020566657,16.511417,0.7444353,1.1624174746498552,-3.087439504428626,0.9665791418397004,5887.5605
5721110331944601472,121.47610706923463,-16.557613929025056,16.517797,1.0449524,0.7213780240069168,-2.5021341366674834,3.664336344956477,5089.7646
5724091211047193728,121.17715819759397,-16.58558033915277,16.52472,1.0816278,0.6516232554142776,2.739458508272307,-5.105526877165679,5088.3315
5724115499080590080,121.26606470832103,-16.474936681700193,16.532871,0.8986368,0.2960661351589028,3.597345422038431,-4.657958206340425,5425.346
5724112960761398272,121.39305381611786,-16.51419078790557,16.538471,0.7775059,0.3010480985324471,-0.9527743755487537,1.1520895884873008,5797.036
5721084386043828864,121.28334168552385,-16.669666563063934,16.544067,0.9582033,0.5488369421585293,-3.057839955255403,-4.210373757099066,5222.751
5724115091065323392,121.18540760182246,-16.52103966244771,16.544119,1.001873,0.6244377983224288,-1.8877141790986232,0.6767522649655192,5142.0674
5724112995121152000,121.37000744221703,-16.512641874102187,16.551954,0.52192307,0.0637420385370634,-0.5431981707100217,1.7640207736646942,7390.7188
5721103837954096640,121.47845795102067,-16.696683422084167,16.55245,0.8183079,0.44503936265021954,-3.0834355738359784,4.823509871125864,5592.633
5721107922464689280,121.3096375391286,-16.640871320055258,16.552637,0.87677956,0.566005633655426,-2.659769427831093,-2.861574218072306,5502.7114
5724110310760014208,121.28875210093777,-16.627187932276566,16.554668,0.8953209,0.48968252024440767,-2.393169770970913,2.4365582700809876,5462.3022
5721083531343596928,121.28265849646921,-16.721443105163427,16.556871,,0.35259458611032085,-1.8749058204917444,1.5063665230570489,
5724117942923460992,121.31878245452899,-16.399555488311233,16.557922,0.7172184,0.2344447805495534,-2.0775688854300736,1.9159050061752958,6033.725
5724116362377408512,121.19232013904923,-16.481786959194885,16.558285,0.79692936,-0.41928655254519426,-1.6556026878155743,0.9506535859463052,
5724115262863979008,121.24256267574187,-16.52256272346055,16.561607,0.8776283,0.3291260756253213,-2.13782582921551,1.9397773357478345,5493.5566
5724111135393751040,121.30741851634723,-16.58367894693846,16.565666,0.6077652,0.23501052868920164,-1.2309259830682309,1.471092920729341,6930.294
5721079545619153280,121.38058940996437,-16.78031757412149,16.567257,0.8851681,-0.1396056319086751,-1.4846543393043472,3.392942746019952,5613.5864
5724087843792845696,121.18927358131995,-16.631526306046652,16.57023,0.6841755,0.08770275712082698,-2.2430438397348924,1.0058569716508954,6374.3755
5721103425637287680,121.40671231292262,-16.73314094931979,16.572006,0.7070217,0.2951380290377718,-3.945941531460397,-0.09135276252954183,6280.1367
5724111414568568576,121.25249373465674,-16.596685874733573,16.573215,0.83226204,0.21611008867222506,-1.4432815029369552,1.2892656209359206,5696.368
5724084888855413248,121.15474930747448,-16.712533280819848,16.575008,0.6677456,-0.7727992789315905,-2.578153095710444,2.0556468250753213,
5724113854114612736,121.34652859691515,-16.48017422283118,16.58295,1.59554,1.4921053666257005,-20.131081310506207,17.506586077047785,4346.6196
5724117255728767232,121.25137480211491,-16.44942319132348,16.58331,0.82025146,0.37530217240237307,-2.976402930008814,3.01593005263916,5607.666
5721105762099414656,121.50084040601601,-16.638349586583036,16.583382,0.8223095,0.162902802727917,-2.934716637231236,1.561284747964459,5654.86
5724110864817445376,121.3237651762432,-16.597095735716405,16.584234,1.1923466,0.6821788582543793,1.2891355320057185,-0.9098248978175676,4862.468
5721109679109561600,121.49234383273796,-16.55002716084238,16.58846,0.8921051,0.2837191401792656,-2.438074542209537,4.197344908228862,5465.6377
5721109537372555392,121.47459821796193,-16.567283585644127,16.590923,0.80978584,0.3385200448952992,-0.4574959158648423,1.6790471744173734,5628.296
5721109507310873216,121.50034603022674,-16.572930689911924,16.591091,0.6945114,0.2768170336170315,-2.0333240761388165,2.5299286086168,6313.4463
5724114644388554240,121.37315789380183,-16.43167923792473,16.596302,0.86161804,0.39078240177987816,-1.1910719869342603,-0.5516842581460627,5515.1714
5724092619796465664,121.12983998298247,-16.510393532362087,16.59671,0.95142746,0.46820938675020446,3.2218766572779174,-3.536453009553826,5227.814
5721116688495975936,121.47935345757068,-16.491599001071307,16.60549,1.1807766,0.6186842182914415,3.6405501096325135,-4.777796355643497,4818.6455
5721106861611121408,121.37908333989859,-16.680944362208113,16.608742,0.8908329,0.3286569744139423,-3.0605646017464205,-0.8526740437937307,5445.2666
5724114094632794496,121.32066980909745,-16.46541581933292,16.608873,0.7849827,0.13930265172815548,-0.5273473163804008,0.1981365205861327,5872.447
5721083565708593024,121.25274846673193,-16.723080955547548,16.609535,1.3996916,1.2905920969943439,3.056544875355155,-0.14862964793670905,4356.8564
5724118595758498560,121.30431847399558,-16.39716829945789,16.611967,0.71489716,0.2619540312109953,-3.532411297654985,2.9640575871359673,5995.236
5724118149077012608,121.27160931513518,-16.41795540721313,16.615202,0.904089,0.35450838510945126,-2.697592617528845,2.995319110041821,5466.826
5721108785756387200,121.4930626340922,-16.61408980695802,16.616354,1.0586739,0.6503659877825346,-1.201653007834821,-1.242779524079985,5003.436
5721103941033299840,121.49122216689064,-16.679814991306955,16.616983,1.033083,0.5774013305007354,0.38950228064104475,-2.6939132314482728,5086.706
5724114919266618112,121.21075144319455,-16.527322390485995,16.61755,0.7611122,0.3842749120749905,-5.086468718276608,2.8246175231430026,6003.292
5721082431837206016,121.31867244171684,-16.76511436383673,16.620382,1.1342783,0.32237794065467756,-2.2549892767208455,1.151470924775987,4931.26
5721106792891664384,121.34249102906108,-16.685986151551173,16.62379,0.74653625,0.22843989753598068,-1.0583446700087968,0.31125093848397084,5872.6694
5724112823322474496,121.35996901017612,-16.525156639077803,16.625223,0.9484825,0.4212268267901873,-5.01384434193905,4.496371647592764,5227.309
5721079953636856448,121.38023813279483,-16.740789331478403,16.626278,0.96520424,0.4826857706596972,-0.30806826084538774,6.783499670344263,5250.3228
5721079820497058304,121.3669359805569,-16.756275651951594,16.627085,0.7584095,0.394663761331051,-3.0392946324516243,3.7778566898466672,5913.023
5721103906673573248,121.4752935768331,-16.691683974783402,16.629627,0.74142265,0.16130956649040085,-3.124313758186732,3.260672449370773,5917.9595
5724111414573307136,121.25301002920664,-16.597817983395668,16.633778,0.66474915,0.22134777369666678,-1.6230055380472392,0.3868507012601807,6318.731
5724113544876921088,121.4104943037155,-16.473082191503977,16.634647,1.227561,0.18692624750594225,-1.3209423115748007,0.014250779486429608,5122.9443
5724086606842286464,121.18369812544297,-16.666243785376132,16.634901,0.91877174,0.39790309782340794,-3.0831714901409306,2.475716070521432,5325.429
5724118423959856128,121.24766728331079,-16.40953865814983,16.641768,0.6878567,0.20515427506931913,-0.6278755549505813,0.3436023979344237,6095.929
5724091485925103104,121.15939863215169,-16.563954819912897,16.64629,1.1432934,0.23468489443868912,2.998922221935052,-5.832940720164097,5362.87
5724115670879270016,121.2466184492461,-16.48870087727295,16.647257,0.7793274,0.20835747403933175,-0.7805544797615374,1.7695524462961725,5814.62
5724112342286194816,121.27050851203303,-16.515181910925868,16.64937,1.035614,0.4780458979666769,-2.6255927808268194,-1.5693588052545175,5064.2705
5724085816568343936,121.13441223648981,-16.671287352806527,16.651352,1.2223835,0.8516114698404248,-4.865575576718639,0.2954673031661186,4807.619
5724113751035394688,121.362454303571,-16.49885495220665,16.651487,0.9235153,0.6218254481428604,-0.9558234557989118,-0.7345874038042088,5343.3716
5721083978025433984,121.28075271732466,-16.70950048927894,16.651964,2.8900309,4.191616922736253,-1.8385962085618606,-3.1969731932812473,
5724110761738248064,121.29289741027242,-16.58994004836944,16.652473,0.7077904,0.7787991778166983,-2.411214925755294,3.7247527164372043,
5721107235269947264,121.44033578532422,-16.629878294450826,16.652763,1.0227909,0.666287398026919,-3.016968684864895,-3.5880348921040293,5075.1025
5724092207479629056,121.12248349260608,-16.54747664750684,16.657412,1.2098246,0.8503984186844313,-7.862077719639977,-6.8876670911810844,4713.481
5721103936734925440,121.48418240858558,-16.68111585769443,16.657612,0.99474525,0.654108035504652,-6.199758420142047,3.5775551732791357,5138.3086
5721082397477475072,121.3136332238182,-16.77830910276814,16.659122,1.116539,0.12217962291797481,-0.8696423532875104,0.7049642506817402,4997.693
5721109163713512832,121.46512187600159,-16.583166150166637,16.661364,0.8251133,0.2275485962033962,-1.5876152323684343,1.6737209291858055,5591.3926
5724119420392150400,121.44761531604627,-16.451657924554883,16.662249,0.75977707,0.3169568011382384,-2.1263479458004775,2.7967563211115403,
5724114816187412480,121.20182445758256,-16.536880607893064,16.664394,0.7378254,0.14427480060546605,-1.95469164792358,0.802343715528905,5920.7993
5724086847360378240,121.2814299293566,-16.651480623462994,16.667143,1.3542776,0.8851270933353644,-10.819536462684022,-1.9960833932022524,4561.3574
5724084579617771776,121.15978902219621,-16.728703259228745,16.6672,0.8661537,0.29346733948054393,-3.07006516898027,2.134634651032941,5504.24
5724115950058779520,121.17652481870053,-16.501132288722122,16.671665,0.9762554,0.5005309997611118,-4.216383996139309,3.871709214897257,5120.8325
5721109610390077440,121.51387226653621,-16.55700948634397,16.674433,0.8221321,0.3531871221451642,-3.3619116512086054,1.1133157994591443,5592.181
5724091417205655936,121.11990413613138,-16.565116867276522,16.674732,0.775547,0.20618249354090312,-1.563126470213486,0.5490286847216785,5824.748
5724086881720135808,121.2512094974125,-16.649210711992065,16.67565,0.73454475,0.2744922975960699,6.068257614834346,-21.126623790971554,6670.856
5724084510898662272,121.17164209187698,-16.743438663936526,16.675747,1.2512236,0.9226834317231765,-0.7068337143961391,-1.7532210514055055,4676.7334
5724091069307756160,121.1648930239393,-16.595677956059365,16.677086,0.83550835,0.3214773323639336,-0.206494516780684,0.33471848620067124,5598.9795
5724116259296419328,121.16646477160995,-16.4696117680771,16.67766,0.8136654,0.3252386669126666,-2.665238540178245,0.4661753211676233,5588.3174
5724086469403360000,121.1608484479034,-16.686571617422743,16.678795,0.7657776,0.12926132638892637,-2.6974165752977672,0.5045133887163271,5812.7085
5724090833090130688,121.1113140669626,-16.607188374030095,16.685005,0.78414536,0.4838067025805415,-2.9179865241235188,0.46479806366072596,5733.4395
5724087083576875008,121.24884933927216,-16.64132128359279,16.68828,1.1980114,0.8132258986091355,-4.7066889566883106,0.026966662068444832,4774.9536
5721109129348304256,121.44650576858572,-16.590806273846606,16.688988,0.6493778,0.14728846116221608,-1.6196255769689332,1.7733510895286917,7133.7476
5721079339460761344,121.31932529351958,-16.790169041201107,16.689697,0.7998848,0.294072576863175,-2.7102076699089213,1.1616791678942997,5663.1426
5721082908574379008,121.33250525993898,-16.731634707038545,16.6907,1.1784248,0.7720310158998825,-2.2806693428306786,0.4316369140866539,4824.7944
5724110933536915200,121.32344767755554,-16.58452271673695,16.691072,0.872942,0.36793417240340553,-5.013787322661896,3.6859215229342226,5497.391
5724087014858510976,121.2105277115239,-16.64071806741762,16.691807,1.1042213,0.7471994304122136,-13.804866716276798,7.974105489506064,4896.7617
5721079786137334400,121.35866433972389,-16.778298764534473,16.69711,0.97369194,0.5779074435472743,-2.741135247516979,1.2758778485688549,5188.1504
5721082878513795968,121.31886981852838,-16.73770026501333,16.702538,0.87602425,0.30334858101924206,-4.798531805163625,0.9726826638253145,5466.247
5721107789324056832,121.35482782683019,-16.642383904599168,16.707453,1.0923138,0.5420511638150648,-2.6876034777295947,1.7821479283288553,4860.8213
5721107892402967936,121.30048030375693,-16.653331437482997,16.709005,0.99710846,0.5815795606937493,-4.5686439932965826,3.2997661017083995,5221.8564
5724115365943187840,121.2365718353011,-16.49997101635607,16.715662,0.7641678,0.2973776246748899,-3.1785116534208964,1.030811842512834,5804.9497
5721084355977222528,121.3049512929181,-16.66037955022868,16.716492,0.68555737,2.3493848233615844,-1.4075731510256482,3.0462331881603144,
5721109812250418304,121.40496125571963,-16.587343933255127,16.720268,1.7165909,1.2868148133656416,-16.21795378810221,16.97315918939363,4394.9565
5724118183441660416,121.28583531885988,-16.412544270905574,16.721468,1.0036144,0.5858714810722184,-5.673625898773772,-2.150796431550877,5080.257
5721109129353779456,121.45412539004361,-16.582400718104306,16.721876,0.8129921,0.29557324451364153,-1.8928884621032611,2.789706893173281,5860.1704
5721110808682987776,121.46081504036204,-16.500238625878797,16.723423,1.2402592,0.7779928214275097,-2.6634667385390807,-1.306962238067997,4650.379
5721104078472277760,121.44166812825769,-16.676806848642766,16.728327,0.6849308,0.22306030782336034,-2.698745116240806,1.9903561572526254,6138.5854
5721083256470891008,121.33704584810583,-16.702853596197,16.729733,1.0111523,0.620396813993591,-5.885871919078601,0.14320658321168905,5081.414
5724090966228545536,121.12507577589105,-16.59440654524953,16.73146,0.87817955,0.4336218481642684,-5.613252105819464,6.069328361916421,5594.122
5724115159784781568,121.20496726403026,-16.508210439819564,16.73221,0.91817474,0.22621990767179795,-1.6419295887102805,0.6412739538288551,5388.983
5724119386033098624,121.43930212715057,-16.464908910729392,16.732893,0.83743477,0.21222892239741012,-0.9874273201068822,0.15954834175290744,5603.7734
5724088153030481024,121.18095166508094,-16.596564377493287,16.73508,1.3138304,0.9539918675086106,-3.94990449717461,2.362319262681821,4521.835
5721083320891867008,121.34022799360008,-16.69503122068142,16.736265,1.1227303,0.7192872983752878,1.5706675521808426,-2.57996193963004,4929.062
5721103352618730368,121.4370549683052,-16.72434356117229,16.736448,1.0213928,0.12812318729543817,-0.43524792125243805,0.747896749431033,5378.42
5724115056705594496,121.17230851872029,-16.523472501001695,16.74291,0.84235764,0.2011082222983981,-2.594331119144919,0.7742489891447659,5563.7124
5724111586371964928,121.2840186927584,-16.568773490823897,16.743563,0.83913994,0.1767021386719137,-3.2300302943425545,1.8641038157168384,5836.348
5721083565708591488,121.25844411445937,-16.72916275380374,16.744106,0.77015495,0.2723326820561045,-1.237944975681048,1.2469878662149185,5793.021
5721082947233248256,121.35335268299968,-16.73296271331008,16.74666,0.87333584,5.509231344025899,-4.4249096033722655,-1.1518881322171186,
5721106449294273024,121.37737601939024,-16.715418370008862,16.755451,0.7884102,0.37963970852339995,-4.032264122214336,2.30877474742291,5736.0522
5724112685883485440,121.41138987558806,-16.531174967533453,16.756594,0.7771759,0.18001695135194823,-1.9362064781412562,1.8714324794577157,5765.0205
5721106724172180352,121.36297922950851,-16.693570600862557,16.757032,0.71455956,0.20614008981682716,-1.73895214967006,0.47234331253002637,6143.612
5721079472600417664,121.32388872933866,-16.77201203560013,16.75788,1.026022,0.6989138419792812,-0.7680514512063432,0.0027394826766787214,5071.27
5724087564617195520,121.12819910962273,-16.643713466182874,16.761744,0.794178,0.26201724520002173,-1.5307941939020084,0.8471741630410577,5667.484
5724114919266618240,121.2141467962003,-16.53299681883163,16.762224,0.8171921,0.3692353143568406,-2.278990666920555,1.3554057226688978,5642.2827
5724115469022382720,121.25590665898639,-16.485528058800647,16.763508,1.7926874,1.435656400785235,-16.330472168409162,-2.082106071003785,4360.233
5724084682696970752,121.17885822801739,-16.724127943247495,16.764042,0.73797226,0.18053881243638575,-1.7581784509980531,0.9371818368229795,5910.8486
5724117118289779968,121.29518430698879,-16.448639649996725,16.765034,0.76176643,0.24460925579431717,-0.39281956421429876,2.4622069134811837,5797.908
5724091142327743872,121.14495924397606,-16.59213041293637,16.765114,0.64762115,-0.2584944882120722,-2.1478392130018826,-0.24035231605414153,
5721110744261239552,121.47287235013874,-16.51404952519288,16.765594,0.91186714,0.4513329963712609,-4.420811295477138,6.976379455204756,5350.0845
5724113991553589376,121.31715524305153,-16.483151936723246,16.76681,0.8093033,0.20669733181144923,0.39621015183982955,-0.47166207787730124,5643.54
5721079579978898944,121.36635126128601,-16.778587211812543,16.766949,0.92638206,0.19699833222234242,-2.8779692876092953,6.37022721987381,5276.7246
5724087221016870144,121.16048855582973,-16.669706687367864,16.77349,1.137579,0.7062496543022464,-0.19187662307758235,-2.5327479931375665,4856.0654
5724086675561719680,121.25137199981684,-16.679220811749797,16.77397,0.80041504,0.3408506588422787,-1.74437276286124,-0.3706273314991547,5702.3413
5721110091426218624,121.3832414528118,-16.564887416563238,16.774664,0.9429035,0.4482721469599136,-5.841980857237678,5.733987557922766,5376.2207
5724090626927157888,121.11324101591151,-16.612878200601966,16.775692,0.8728199,0.26406499939847905,-1.9630808830090851,0.8523488550176515,
5724113201279526400,121.4454740690753,-16.50116681378103,16.7801,0.8404217,0.4317236340710092,0.29652922280832383,-0.04322191950769692,5525.254
5724087706353922048,121.15078609543103,-16.631223644910026,16.780947,1.4838934,1.1471243845342634,-15.642660225494975,-13.356635120638916,4417.2534
5724086125805964032,121.19465742301226,-16.71478896553963,16.781046,0.75964737,0.27980795961702226,-2.708364805905007,2.860267124682065,5821.7207
5721108201640610560,121.3682129044244,-16.617266051538913,16.781633,0.65216637,0.23132122369021316,-3.27801309363735,3.534404540908739,6307.235
5724087736413079040,121.16148341775917,-16.6171884772312,16.79364,0.6977329,0.17732864639673024,-1.6892351348810228,1.2961296748823632,6039.9424
5724110521220084480,121.29565774351286,-16.60449535782941,16.795506,0.8496113,0.5130952994574028,-1.5573270808713517,0.021754115787204126,5484.4414
5724110486860328192,121.318643771891,-16.604580045370277,16.795732,0.7057743,0.26250854368799037,-2.1185126343202914,0.4700750654602394,6000.6064
5724113854114605056,121.35452898989713,-16.476108583293378,16.801126,0.9066353,0.6060637575862817,-2.5744425681844585,-3.9588278997977375,5379.3945
5724115262863976576,121.24453741648975,-16.52100963848982,16.802801,0.9320755,0.4795282285176205,-3.7171421455027542,-0.9121337849810649,5320.4263
5724112514084831744,121.37719729375478,-16.55883488712915,16.803904,0.8659897,0.28769268535008985,-2.1814463276391245,-0.8242443575760952,5483.978
5721103734874882816,121.48039381663452,-16.70255898752165,16.80479,0.8959694,0.18255514374423562,1.2076360061807443,-2.1863317074647433,5401.447
5724112136127743744,121.3119121060361,-16.528571074105244,16.80641,0.8657665,0.4177022639196209,-2.5827098729870976,5.575269574435359,5424.9976
5721081912143592576,121.22048406826474,-16.764732067842235,16.810644,0.7753544,0.28509685347505487,-3.1328337467374157,1.6944981730601496,5778.379
5724087809433092992,121.2103646716639,-16.63229753254578,16.81194,0.8395729,0.24245452658266037,-1.728563067268039,1.119617943837907,5580.077
5721108472220610944,121.35830071307285,-16.59311627235377,16.81291,0.92466545,0.4119247594517068,-8.175278635918023,5.259911265242294,5340.6123
5724111242774558720,121.30914061163048,-16.557792420629593,16.814741,1.0461826,0.3951377135260411,-1.7328617947879685,2.621532963905298,5029.527
5724114025913312896,121.33679893695361,-16.481062677556142,16.819435,0.8422928,0.3989267740351633,-0.6409720428475718,2.222379408188634,5567.11
5724123504899698176,121.3722452926701,-16.404040073208204,16.820143,0.6920929,0.1529063427531372,-1.1113272005357338,1.0278385507539824,6088.2437
5721109541670621952,121.47945993642473,-16.56936113158797,16.820385,1.1091423,0.6920922543707834,-4.1521667131376265,4.024492957692804,4882.5645
5721109094994034816,121.47637796654861,-16.595688549743038,16.823559,0.6975517,0.16933155462364236,-2.2051136194315273,4.224391878274647,6134.2397
5721107651885118592,121.33036387283609,-16.650849944338265,16.82451,1.4405861,0.969907622484928,-7.055388362135543,1.3721075996380139,4551.8794
5724114163352231040,121.37940368940976,-16.473758011952874,16.824524,1.0815144,0.3693826631686016,-2.175919734255978,2.6379674292900086,4906.4463
5724117908563705984,121.34430617924767,-16.401081211763973,16.824728,0.7338371,0.20181657543093565,-1.0512458102939028,-0.32100362140081734,5929.8687
5721105865178620800,121.50257177848245,-16.61422384433007,16.825954,1.2651978,0.6332103455071442,-0.41165239773338147,-0.35468103954277597,4856.556
5724114713108202368,121.20328987790312,-16.55224894050424,16.826805,1.2049751,0.08196407170078186,-0.5428657739315921,-0.04043581934639107,5123.3687
5721084179885327104,121.27109380562361,-16.69515704994052,16.834389,0.8219509,0.3265544969256684,-3.327711433577288,1.1070011319804747,5582.8594
5721104181551479168,121.4594769934756,-16.664734975580288,16.836914,1.0066795,0.44903174444800975,0.16146463613449263,-1.1938056383351656,5155.1826
5724087740713646976,121.15749571693496,-16.61479503218262,16.839085,0.81557655,0.1508089085895997,-1.012642554812523,2.0594218453936786,5643.593
5721083187752411520,121.30504435361176,-16.713256757731195,16.844635,1.2091236,0.091556491823296,-0.5112799085367956,0.1507119994610742,
5724120554263537280,121.38967860753478,-16.416680977058935,16.844715,1.1384926,0.21816573901140082,-1.242865790337438,0.45876654512298526,5202.4565
5721106964690324608,121.38160661550104,-16.65252708896221,16.845556,0.7900467,0.25965450692071945,-2.889149398717011,1.116802023287251,5713.2427
5721081916441188992,121.208889463653,-16.760373937319525,16.846333,0.8789978,0.2034626792420424,-2.3592666479349487,-0.058673473698005886,5486.929
5724112303624882176,121.24709347057174,-16.52956318396318,16.846992,0.6141968,0.18937731600492155,-2.53990230744261,2.167546277471094,6867.021
5724117668045544320,121.34284940002084,-16.417259931051994,16.849438,0.8501282,0.2643525640524491,-5.252616485903523,0.9344852333803396,5551.1484
5724117118289771904,121.30878460947926,-16.4495190125723,16.8495,0.8115444,0.16305444275003078,-1.6465891722174826,1.2256435458395365,5700.2065
5721108888835601920,121.48331705387463,-16.598125933052554,16.851883,0.6904316,0.2506995292069249,-2.9924662904818264,3.0909887812997496,6079.246
5724087495894810752,121.14449560711978,-16.65616725134333,16.855022,0.8291817,0.19713760207438483,-1.8017289121537208,0.24359113390172774,5593.2837
5724112922100177792,121.38216417580416,-16.52051489548338,16.860216,0.80514145,0.41386814550932216,-2.017897062658145,1.4569076468388769,5650.652
5724087500195521280,121.13554687622286,-16.665194032513014,16.86053,1.1532993,0.655625474957555,-0.07244979184054895,-3.902760827787762,4898.9937
5724087259677321728,121.17221713107251,-16.661290484055463,16.860676,0.9630985,0.5004300222604694,-2.578722584192368,-0.2837865546643792,5264.202
5724118286520918400,121.23241200976676,-16.420901556306724,16.86504,0.8561096,0.03038985148363946,-1.8778605719394343,-0.1670475640861419,
5724117354506502016,121.303974547388,-16.431337639408685,16.865213,1.4940853,1.0407257348943582,-4.345045298461833,-5.65567014222183,4490.3906
5721103253838591616,121.41358026668085,-16.73165784388887,16.86579,0.7970371,0.20775573921095328,1.3710941559027676,2.0287678524292314,5708.5586
5721084252902972416,121.24781170683544,-16.685016204565645,16.8683,0.9412365,0.4110594965092569,-3.649341601899458,7.619078867370221,5233.623
5724115430361098880,121.28506757780043,-16.489693281187133,16.870928,0.871212,0.26080156799510246,-4.2866160915848,4.287444507177022,5441.31
5721083600068320000,121.27063988039926,-16.717516234050308,16.87139,0.92136,0.4104785762662799,-2.374787695808405,1.9976700618396288,5361.861
5724091314126392064,121.1783040087106,-16.55102057398765,16.871614,0.7293606,0.17044050224432902,-3.483031904364707,-2.4266488274634277,5905.9575
5721082672355384832,121.29454941074017,-16.756564084858102,16.871704,0.8068695,0.30638947508479497,-2.349986970412196,1.2569610705127232,5744.52
5724116362377408000,121.19891207930586,-16.487292286759015,16.872551,1.1339073,0.10450499534441401,-1.4767818252369902,0.3793814645297018,4845.733
5721107445726625792,121.43491605537578,-16.6312461519523,16.874472,0.7000809,0.18581646981021935,-1.818375139982519,2.849982710393057,6077.017
5721108613957469184,121.37823389679794,-16.5709031582189,16.87543,0.7675228,0.23883557845371706,-1.8357482789064563,2.2424253513291124,5811.4385
5721083015952729216,121.34182953903706,-16.721668429519173,16.875525,0.5995598,0.16038060010663666,-2.3525670971283845,2.883457645014683,7035.2734
5724110555579809664,121.31132666375147,-16.602210588977744,16.876486,1.0868702,0.5679185189855995,-4.985495957684176,5.890596423431431,4921.6587
5724087294037088384,121.14217907589958,-16.669744613810238,16.87772,0.8257847,1.379193455157706,-2.700599975394616,4.169364801698646,5645.945
5724088015591498368,121.22196374684461,-16.598311994603716,16.881443,0.70817757,0.224758049116179,-0.646859863892056,0.35920878395272726,6042.307
5721079923576265600,121.37659210237432,-16.751313145723657,16.884005,0.9752865,0.4220206145259903,-3.055246379299252,2.036572719679047,5189.452
5724088049951281664,121.17378408564475,-16.61789778294656,16.885077,0.98054695,0.5557697053314197,-5.3674850310848,3.575442021492458,5140.329
5724114266431448064,121.37212831020295,-16.46481834971727,16.887516,,0.6666302138534357,-4.084014124457316,5.078141689370017,
5724118217801418368,121.2590716606043,-16.412321697450306,16.887577,0.7161751,0.193352103762049,-1.1556630590204744,1.7906860154861297,5942.252
5721103563076230656,121.41469033506134,-16.715429252426517,16.889843,0.74160576,0.2916804590980993,-1.1480073548775116,1.184393223328033,
5721107205208462080,121.43761303875812,-16.646709493772075,16.8902,0.98456764,0.4772024422414119,2.5093023439884994,3.1384002269003037,5137.7617
5724087053518839168,121.22892126061112,-16.639360237371747,16.891697,1.2266579,0.7187656421625788,-2.0695319086219968,1.5413644253451164,5010.5
5721084252902972160,121.25617826820981,-16.68420271646115,16.897743,0.91902924,0.1837316754617096,-2.411603498134923,1.1258802367310083,5367.589
5724118183441665408,121.28126813939788,-16.41794987746116,16.899586,0.72403336,0.20071560427316062,-3.4170664033372593,1.8307820588062196,5898.1875
5721079442539969024,121.32886919337895,-16.783073757944322,16.901089,0.73337936,0.48803144134347154,-1.9574083923355734,2.2409167992151726,5928.508
5724087809433089408,121.210607895024,-16.62261874133923,16.901995,0.8723049,0.21752759676463035,-3.4500494942828945,2.736656975449239,5469.2637
5724086641202003328,121.20610472974278,-16.657842766285366,16.903994,0.7522526,0.19117076182923337,-3.5422089107186374,1.9985047951705424,5894.206
5721082500556678656,121.31890064299886,-16.7536608106669,16.913973,0.80703926,0.14799115852042474,-2.672788037320851,1.5539598829238135,5632.305
5724120275084263424,121.40042175085638,-16.43084224527028,16.914074,0.9739437,0.4790938488562869,-1.9316717392510925,0.6285927311872629,5234.284
5724116396735347584,121.2103677895767,-16.47647037478947,16.916485,0.7996788,0.33767956511414454,-1.6641002336122779,0.2145536530484278,5683.2773
5724112170487491456,121.29519119673154,-16.52782029130001,16.917387,0.8620262,0.43056691315535495,-2.76557201140795,3.5463508387945986,5464.21
5721108682677180416,121.48083362383953,-16.623236206946288,16.919035,1.0226917,0.49890742406090816,-2.072830982592095,-0.039729779349090624,5074.707
5724117083930020224,121.32284973710483,-16.44599239490717,16.919481,1.5000896,1.073271459131389,-5.991218711594516,-2.163264465151829,4369.2617
5721084248604817792,121.25392124401829,-16.690892757108898,16.921007,0.9377384,0.367555915502579,-3.1803080691092607,2.699237833175692,5331.0396
5721110602524510720,121.44958251737503,-16.530369013022653,16.921812,0.8895016,0.353379711864534,1.0090419587344477,0.7584720782268537,5393.7896
5724090626931701632,121.11344658300781,-16.612582048663388,16.925764,1.1996632,0.16121895575864814,-1.5526369157559308,0.37973607583925134,
5724110555579813760,121.3051796107219,-16.601041667730946,16.926466,0.89762497,0.43917246750416666,-1.593473965899523,0.617796803608466,5426.755
5721110774323236864,121.46256892499194,-16.508918870626566,16.927996,0.7774048,0.25367668826174955,-3.357612394521308,0.5911083579277321,5772.2026
5721106857312723968,121.375207525372,-16.668132762620452,16.92943,1.1510811,0.49544103936804323,-0.30653095637590505,-3.4716477748925247,4957.279
5721110194505429760,121.42375769360132,-16.548807924041615,16.932688,0.72447586,0.2078299796730547,-0.9112043136533001,1.2617502859380354,5955.331
5721107097832015744,121.42473959171086,-16.652275858785337,16.933186,1.8771839,1.9011936333789758,7.865305286714887,-25.191920303692243,3690.0833
5724117393167700608,121.26960917732853,-16.433971010118928,16.939157,1.0216465,0.48281433448452027,-1.532092185736029,6.363440647648236,5181.865
5724112651518772864,121.40237267331973,-16.541090444802133,16.942024,1.0168133,0.013618213822925669,-3.9088862919610534,2.7146376118880555,5142.237
5721107995482181760,121.33459645112927,-16.625258827544954,16.944296,0.88843346,0.27048932050314234,-5.078149706122593,5.177364871881772,5414.911
5724111517652522752,121.24367619843453,-16.584447177186995,16.945663,1.8014603,1.742978472156961,-0.9791662901437251,-0.07014030676494644,4195.7437
5724111277134289408,121.32691220439773,-16.56096332393392,16.9465,0.9049053,0.4869902615270947,-3.2725337403907013,7.2613195892320705,5347.5356
5721079442539974016,121.31827970927881,-16.779741835279964,16.948267,0.9064827,0.3408256594500575,-2.887486106716939,4.51280172603839,5410.047
5724087294032567168,121.13567090352385,-16.66574079897489,16.949467,0.9695282,0.26154980972548225,-3.4957070630556695,0.6542428067327358,
5721079889216539904,121.35459428973046,-16.748633675943175,16.949776,1.2915859,0.8487001130661626,-2.825968629369574,-0.8853841537724492,4544.9126
5724090828789577984,121.10307318630892,-16.59991948703527,16.950016,0.7050972,0.06333180024843704,-2.1828520299252103,0.794994289210694,6058.18
5721082912873519360,121.33643720635652,-16.728456799344283,16.952463,0.72838783,0.17165883690094577,-0.8713650079317471,1.3295074181822237,5960.4565
5721083080373057280,121.3147460981204,-16.73568823289862,16.95506,2.1001844,1.798791906394417,-3.269117582403844,2.5257205202028863,3814.9417
5724113746733910144,121.35880474095569,-16.502340054799355,16.956802,0.8303242,0.19148650728147998,-0.059704520401395705,-1.1417176239057658,5554.767
5724091554644586240,121.14608173487998,-16.556373290388425,16.957071,0.85549164,0.2550100700802761,-0.7822242839778164,2.904220571099314,5525.8306
5721082775434593152,121.28798576763707,-16.726058027525855,16.957226,0.8454075,0.23612298271830537,-2.2279077149986692,3.764328260420945,5572.883
5724086916079856512,121.27242735421164,-16.640770887552268,16.958162,0.765295,0.2382560626759851,-2.083260421817335,1.3057551200959252,5855.1924
5724117461887136512,121.33074252710342,-16.445709290660613,16.958723,1.0535145,0.5252522401493772,-4.403906912239983,2.0117891277709914,4966.8403
5721082637995655168,121.27296957570462,-16.750749964139775,16.962925,0.8733368,0.25726401734256216,-2.9252531729158573,1.461243262574283,5485.5435
5721108648317452288,121.46803495224947,-16.632206545888415,16.963493,0.9634342,0.4533113095080979,-3.8476206397469523,3.8103511728729114,5185.172
5721105757801193984,121.50445951116706,-16.63268331929036,16.965351,0.21269417,0.005424732749543715,0.5952853396123338,-1.8531436761199571,
5721083771867030016,121.2358413711968,-16.715158487915343,16.967186,1.4555054,0.9259657312760843,-2.1375744643257004,2.872686251668606,4483.2773
5721106861611116928,121.38250709886658,-16.672595814434832,16.967564,0.79232025,0.18600088787462424,-0.5401306444806917,1.3302268429233963,5677.3994
5724111792530426112,121.22964996843423,-16.555092023006907,16.968967,0.7563648,0.15854096328344106,-2.3532029751978847,2.226704283773398,5822.9033
5724113304358740864,121.4349531878071,-16.48298051405782,16.97097,1.11446,0.7768191947667428,-6.328460332531124,0.9749347238115827,4852.6704
5721108236000626048,121.39599664510807,-16.620432214389094,16.973145,0.76137924,0.15362511792526967,-2.3468502386152537,2.914908182186938,5801.127
5724117010909097984,121.28743707683977,-16.453098877064406,16.973886,0.8861637,0.23246005556002014,-1.9417763773524177,0.5306621062817797,5429.029
5721110362006309120,121.45030611118732,-16.55052201297837,16.976423,1.0371399,0.6333261959324324,-2.4190665675459617,2.4725593237395262,5030.493
5721110155847857920,121.42814589162425,-16.56078757484615,16.977785,0.87908936,0.2718397768447843,10.38768191701254,-10.472440689131812,5417.0786
5721106586727843328,121.39913600345675,-16.70044535359209,16.978054,0.78728485,0.3536238538636284,-1.4899109509366828,0.7603906800867846,5480.246
5724117942923460480,121.31942558617696,-16.39842186718542,16.979967,0.8735142,0.3468800715133661,-2.3018307455181923,1.6918857571113866,5437.2847
5721107995482181248,121.3508556039906,-16.626935039543298,16.980669,0.7830696,0.4445565042214592,-3.0889420006423585,2.4982332631585846,5752.2104
5724115194144528384,121.19399715437608,-16.50848566178074,16.985237,0.652462,0.1501977035181282,-1.125674170238166,1.4026960719115371,6359.726
5724117801183121024,121.30279906734724,-16.410713915334682,16.988272,0.9457283,0.352645576264924,-3.921921989887694,3.4767509562234378,5248.0435
5721104181551483136,121.45696926862306,-16.66967100208989,16.988806,1.0992432,0.7293131189934817,-4.512991824808888,2.0786387070107604,5012.195
5721084012385163008,121.28890204170081,-16.69531790161281,16.989788,0.8053894,0.25942578692306023,-3.0841748750314766,1.672878494131859,5666.616
5721106548075010944,121.3844342842799,-16.69218577732697,16.990858,1.0279865,0.4487520498803469,0.369049135013895,5.148854965474141,5107.5864
5724087946872015360,121.23940037200013,-16.610996021173058,16.991823,0.9020481,0.2800896518596044,-1.520968235698783,2.291588587401887,5343.674
5724115915699048704,121.16317595055425,-16.498601799722046,16.993132,0.8398857,0.4521827399124562,-1.8469664852331258,1.8721069702056496,5527.5747
5724114197711960960,121.38637020805464,-16.462776506929796,16.994053,0.77303886,0.22404555891756592,-1.3327120110639412,1.9123293332651798,5757.689
5721083286532100736,121.31378075473651,-16.704268685001743,16.995277,1.0324173,0.5664277958237898,-0.2208736138034777,-1.3484612844612862,5030.1313
5721079854856813696,121.34714362728661,-16.767307962592145,16.997433,1.297636,0.8912178925173792,-7.507029708540908,-3.0817111937572084,4551.5845
5724110452500601728,121.31121122693881,-16.615352919395153,16.99816,0.7612133,0.19249632296566777,-2.9033852667444977,1.9480368068818585,5792.8687
5721107102129262592,121.41903465459835,-16.663038979952216,16.9997,0.8722553,0.27357999844271097,-1.1220063603607793,0.15357282944967587,5470.891
