source_id,ra,dec,g,bp_rp,parallax,pmra,pmdec,teff_gspphot
4043902886768306176,270.075424559773,-31.44386318039438,8.568666,3.0043163,1.013378783375138,-4.713190478109036,-15.9569588029409,
4043796857008206720,269.88266117364157,-31.694777339193426,8.739214,2.1105857,0.9279624294131087,8.850122220500694,-5.930876955280746,4652.9043
4043801014536965760,269.8248685722238,-31.62333217829014,8.851316,1.2473984,1.6788633496805445,4.596775149015696,-9.562787607416654,4931.03
4043801662983166976,270.0022839242333,-31.696851124182096,9.242243,4.27113,1.0371015312585874,2.9974076853303346,-6.243422163713742,
4043801766060562560,269.98461122136626,-31.69030929188052,9.77435,1.3582029,1.5334161994711841,6.518490087348613,0.48579655375576786,4767.5957
4043899553873686656,270.1511419790789,-31.462462465806844,9.808829,0.5950146,2.687746034662343,3.769513703017327,-16.75643917792456,6784.468
4043804003836877056,270.051172335908,-31.608594734466685,10.156477,0.41617393,2.885935975713673,-2.7861101663892427,-10.007851375486634,
4043899970569148288,270.17310550150546,-31.446534637357452,10.181926,3.927205,0.23711355007567597,-1.5536807402339081,0.7084208790346954,
4043885054064109568,270.2781317547889,-31.62501221201729,10.212083,0.10160732,1.5623878048454274,3.72529113718404,-1.109318713463188,
4043808195724185088,270.02169502831174,-31.530416170809374,10.3732395,0.50785065,0.8391193738359646,-1.1246126714409141,-2.0225185624848825,
4043795585698498688,269.98894444070294,-31.734058950494425,10.891169,2.9360085,0.4349796064036499,1.7258782341738534,-0.5294322363810648,
4043810051154643584,269.96134242804914,-31.428485571852786,11.04458,1.3960438,0.8641890337436898,-0.8599898649524536,-3.4370746890967534,4523.0986
4043803763317475456,270.09392756971613,-31.61866571627048,11.116806,2.2861109,0.7449927048305325,-3.621079448885393,-5.651601827406726,4518.2266
4043795718746611072,269.94443172662443,-31.741825043969506,11.251634,1.2129421,10.102558886777402,66.47324503633956,-12.778234190811983,4736.2056
4043788026586819200,270.24940182107736,-31.69022102354971,11.287958,0.7597971,0.9020391290445807,2.028868660529563,-2.7352569774600934,6660.917
4043800288591812224,269.85888231808923,-31.63089790367767,11.392111,0.18650532,0.7948054074857989,-0.6447859798360154,-1.7850996339861103,10254.248
4043886291014686720,270.26062424113485,-31.565814933930874,11.561582,3.3774529,0.3409882992999278,3.975381632145496,0.4447222423638012,3577.0378
4043805137707383936,270.0193454507984,-31.55685126304595,11.69563,1.9421186,0.6781454519139263,3.4062471573733264,-3.481246280198004,
4043808294412670080,270.02233095172846,-31.511023450882078,11.779186,1.5621567,0.7868521853896008,1.039278373246898,-5.22191251301571,
4043809393922006784,269.9808797559314,-31.458052039488074,11.811352,2.8711843,0.39279601354402166,5.780101912883993,2.2986236929807786,30869.23
4043789980672122368,270.0757930219528,-31.718936253127612,11.81806,0.43831444,1.0541991997716427,-1.2475580695275788,-3.8486408119336266,
4043789087318925184,270.11141012515634,-31.746823897310172,11.823351,0.5788622,1.4610480671888402,5.190720084208551,-5.261825156256074,
4043803415327448320,269.9888363399654,-31.61075172659586,11.906421,2.8383923,0.4756390677934982,0.016337466114912248,-1.8381697955990477,3783.095
4043806473344184704,269.94261006830527,-31.58322748450801,11.92324,3.700632,0.47621827327491234,0.011086896323917099,-0.5692946988556982,
4043805030238940800,270.02330984150666,-31.574628997474452,11.931972,2.7994375,0.4960274078966739,2.1739065171344394,-3.272210492795718,
4043789396556571136,270.0553220161551,-31.757667892333146,11.961163,1.7899733,0.7804405654279727,-0.4157653585379576,-3.843476462043128,
4043802217134564608,270.05370927148743,-31.656173153392995,12.02547,0.6020441,1.59078374060628,-0.5470083274235322,-4.1371669154838875,
4043805579993339392,270.06260267936057,-31.531285897261505,12.06056,0.36243057,1.1625655056885384,0.1801302399877415,-3.374510721112318,
4043898248203636608,270.19268992292086,-31.53791096140524,12.079638,0.22511864,0.9035754589776737,-0.6900892760862566,-2.6041700290355028,9508.995
4043886256656187136,270.24338444962154,-31.568245149840166,12.086465,2.6587439,0.4665767062165578,0.9544528368212156,-1.2934578478416077,
4043804244353814400,270.133793274913,-31.583594779160883,12.118072,1.8364716,0.7825368652667932,-2.049293874855196,-0.7044077459386108,4982.147
4043809874960634624,270.03384230390856,-31.43772884397601,12.123798,2.6402264,0.3784204566204965,-5.961889302939278,-0.3073325144087201,4622.2188
4043808917278872448,270.0250919572031,-31.475815271727004,12.127674,3.397872,0.3846132097899277,-3.726917409335439,-0.8219284325701894,
4043995761142630272,269.8951864323664,-31.46177244650297,12.132009,4.577984,0.4389109814389823,0.0708557732956723,-1.8239958025925802,
4043898694880231552,270.16904438745195,-31.493181927812426,12.138877,2.3820057,0.3873699597451975,-1.1385039853317915,0.5670678020535165,
4043790289911046528,270.06439866522214,-31.68748831475919,12.166041,4.81336,0.2940195139775049,-0.9788013384202663,-1.9909973102141425,
4043789396556571392,270.0618967355412,-31.759925218726583,12.176512,1.8351536,0.499579981074505,-1.2565339317941095,-3.4862161612991,4558.3457
4043802418897410560,270.04745108734284,-31.63886024017164,12.204507,1.7950497,0.7449536555760592,-1.123572468295161,-1.2040911597941997,4706.655
4043795615667395840,269.96375732488593,-31.736591191582605,12.273535,1.7734928,0.7488762056962932,-5.123314739544183,-2.3100582020162763,
4043807091820008704,269.88700768026433,-31.57840511916448,12.293057,1.2730255,1.2967542932519813,3.3386627804008517,-7.920800288155708,
4043802590694283264,269.97457156829506,-31.67349162747096,12.306251,0.5460892,1.1001068510372818,3.328763275800819,-2.350936630613621,
4043898866680790528,270.22128804457196,-31.481088875529288,12.313968,4.4344654,0.04476497540040206,-1.8275742643472581,-6.901878504741139,3508.224
4043791806123609472,270.1451518879194,-31.63871727468542,12.3198185,2.1490917,0.49250616398528074,-4.115860980952664,-4.390532878557336,
4043808676760620416,270.0322390469576,-31.493309706570617,12.355348,1.7950659,0.745171946355892,-0.20940676795192195,-3.716112466091675,4711.797
4043788400125243520,270.10591870532403,-31.787730788213008,12.368269,1.6978445,0.6843519852179182,1.4673657595515914,0.8823613009956286,5119.545
4043795684386872832,269.92685759079274,-31.746167555808153,12.372298,0.8925371,0.8208400436198585,0.744224799896872,6.67185388095154,6342.468
4043805305116872320,270.0878105256162,-31.549227904688767,12.375143,3.006774,0.35076599238301764,1.5254127601705776,-0.684127904767453,
4043796852617976064,269.8768073165147,-31.69303020558611,12.387499,2.0187654,0.4436600694019813,-1.9030030064399943,4.102018722512867,
4043807366697915520,269.8708902689029,-31.546823392308728,12.437111,0.77253914,1.5704001461053507,0.26600530932827465,-9.934059488915704,6331.8564
4043796612099160448,269.90913929409874,-31.697945719738414,12.456588,2.3637714,0.17603697673393248,5.4095229700439065,1.2897297273478936,4725.8945
4043789430916309888,270.0272958330827,-31.7618015031112,12.463743,1.0300131,1.1067847728334712,-6.32177418992503,-4.882797409256554,
4043885505112929408,270.2562108005349,-31.58883876712352,12.486814,0.6277027,0.6255104052454359,1.9338542857708843,-1.4447655297552424,12612.121
4043806580817545472,269.9962386827837,-31.56054576452205,12.495681,2.7363882,0.32326074232928254,0.4523539840464433,-3.161339853400304,
4043802453257148800,270.0586632422953,-31.632997651523137,12.513886,0.6388006,1.3563809920537728,1.845219920809663,-5.150068637651321,
4043899626971921408,270.1211932647767,-31.4678615118255,12.535004,2.3556547,0.49376893056927107,-0.10290541450524435,-0.5960265842727986,4528.925
4043792145336985344,270.1800384551192,-31.631800236547768,12.538613,1.6318703,0.8020558344771381,-1.3423447909514408,-0.9299402911540933,
4043790466094645632,270.1779605775387,-31.7221689886636,12.561809,1.7994452,0.7319281932143762,3.5450613943564058,0.28661145713895136,
4043899656952903936,270.0905733527722,-31.47574287280175,12.574308,1.8891783,0.7394140507404628,-0.9407537700478992,-4.038890373138293,4610.9175
4043887051301809664,270.24208218415686,-31.50897445376545,12.594871,1.2676516,0.9724743266395942,-0.5915739577621087,-2.5912920458167212,
4043809050326913920,270.05774200892245,-31.455417693632423,12.599229,1.3893423,1.2238724083985364,7.56691634573841,-10.75292373673486,
4043782700790921472,270.03894258145715,-31.8023419887755,12.640793,4.6533594,0.7251163178049381,-2.243774131883797,-3.7343125544092035,
4043900172351147264,270.16232066250944,-31.438691338026608,12.662127,1.8471489,0.580390946006673,4.26837592623073,-8.029472788475056,
4043789156038401664,270.0948017937555,-31.73829128828311,12.6703005,0.6562414,1.0431166559445806,1.637932632836503,-5.521535354320184,7232.258
4043807744654547456,269.9299667671363,-31.50799274746055,12.685598,1.9779692,0.7923443743857479,0.040733387998729866,-3.4983471242883675,5128.0796
4043804789719357184,270.05581542592347,-31.579578532169297,12.695095,1.8022184,0.10379379202622539,-1.7256223431154831,-3.33014569177455,5126.1567
4043788679455382656,270.0861171833248,-31.778300962938772,12.69764,0.715847,1.1837710880654269,-8.998492845179205,5.712301297712515,9393.077
4043899794393913344,270.1141049395878,-31.453486536153253,12.717671,2.5437822,0.4231478687172552,2.5442845052430716,-4.237567666961584,4620.559
4043788370150561280,270.0891138349766,-31.79135577260501,12.735996,4.1945953,0.3414635976841255,-1.7528720226558732,-4.851071030682084,
4043790392990280320,270.0827674175055,-31.671927378304513,12.741703,1.8614244,0.7490929975417959,-2.8296264320343365,-4.851195782898494,4609.2524
4043790191217085440,270.0706100814479,-31.70120828220093,12.761505,1.8623562,0.11765320060658335,-3.6757914114995796,-5.67239529887712,4887.7593
4043782460272638336,270.0661901012781,-31.804962605869296,12.777453,2.8454905,0.35686410227646315,1.7974529242147177,0.0778394141890029,4720.7886
4043886256656152704,270.24455276888284,-31.573125611382373,12.784148,1.7259502,0.515958052934691,-0.4265699738861345,-4.325773465787935,4745.317
4043898282564782720,270.16587947423454,-31.54473057381832,12.798587,1.783412,0.519550497189937,1.6481407936849441,3.8183642941975795,5023.0063
4043809634440174720,269.94538671602794,-31.460806961538427,12.8065,5.3866196,0.14643827092395054,-2.699294837305399,-3.2135235906397845,
4043791526860347648,270.22812104647033,-31.62024477043163,12.809733,0.8600197,1.461787889320123,-0.13841414558180554,-5.551389172724641,5935.6465
4043809428281734912,269.92967643920605,-31.486629688888456,12.826094,2.31783,0.4834836548134773,-4.219062861994044,-2.5958387875535425,4611.51
4043886634612067072,270.21596414080193,-31.52749531645137,12.827109,0.78799057,1.070799220789007,1.1522003127798541,-7.617770872737953,
4043807405456673024,269.8752652294427,-31.547016861963527,12.835163,2.3607502,0.38984452334417835,-1.49932680246907,-4.474972203929315,4591.0366
4043790942746083968,270.1639659791621,-31.67901629838528,12.847645,2.6739864,0.31875319542261893,0.5288420399333233,-0.1287178646824066,
4043791565606526720,270.1366752120854,-31.682824021720858,12.856946,1.8231249,0.5594684090304115,-3.6766622827708897,-11.875452765089502,4954.988
4043790363015830528,270.09900997285615,-31.668445169363046,12.858835,2.9821358,0.2752656443565882,-3.3980115774747364,-6.966971049226589,3737.4514
4043788125247539456,270.26131862628483,-31.678455953994163,12.872327,1.9410028,0.45249172105069,3.703568203089835,5.19899909965115,4987.6943
4043783521041311488,270.01335917263947,-31.784832380355276,12.875581,1.8871269,0.5666123116485164,-2.345244427472258,-8.254035098419296,4838.266
4043791629939563264,270.11394104413466,-31.6721422774507,12.877494,1.9191647,0.36225370099162846,-0.23193628359037793,-2.5540147212001267,
4043799979353574016,269.9007186751676,-31.65241184427333,12.882231,0.7554035,0.6653037061770416,1.7981821419960393,-1.6115401615292781,
4043783727197181056,269.99736342771934,-31.765287477822028,12.893046,3.4620914,0.47067476562683486,-3.2046283365967754,-5.060215893011563,
4043792351495467136,270.1928092603697,-31.590586101250196,12.895877,2.6333685,0.29304965793882354,-2.1412952044177587,-3.5337749693602936,
4043801456825932800,270.0013919683711,-31.735422711352587,12.896353,1.7562084,0.5280570834331983,-1.1444764786231563,-3.3558508482652836,
4043898488723288576,270.1537162111142,-31.531993630896032,12.896511,2.063034,0.43927047207348435,0.3466385008951238,-1.1786320160660304,4534.2563
4043898626162371200,270.1701970002709,-31.513435652696792,12.897546,3.2437906,0.2759799834360889,2.647310976731229,-3.8579273115108013,
4043788232710564992,270.2615073875942,-31.658112386389742,12.900855,0.75256157,0.9529376893193795,1.5020255863736796,-5.970900457932925,6267.056
4043806404624698112,269.96331642361685,-31.594991898783345,12.904604,2.0856771,0.6322799947527911,-6.26165032137136,0.7945636360038729,
4043789946312383872,270.0989496886493,-31.708594047494156,12.907239,0.6650696,1.043794931374868,-1.3831197036138192,-6.156608546077209,7036.9033
4043791909204102272,270.0961923553169,-31.6469539532729,12.925492,2.129363,0.415181979899961,-2.040089904659132,-8.003122009298876,
4043791320703235584,270.2061254698649,-31.65736135458907,12.938531,2.561696,0.3703620071504281,0.9070955520500527,-3.876365009408574,4388.5483
4043796509045657984,269.9150222518595,-31.733723001366396,12.958004,4.948804,0.1929027650055989,0.19961472395052696,-1.5811981455304538,
4043804862829340416,270.0483898402831,-31.574433312458122,12.959963,1.8439388,0.6267074134460157,0.2309756996361057,-0.2234767650846826,
4043791698660342656,270.15315123181773,-31.669090077022766,12.999524,3.0355377,0.191359246396588,2.306258408105161,-4.854640298296006,4751.297
4043799979353584640,269.9002288152027,-31.640869690184793,13.005978,2.033638,0.6582762735278181,-3.860064140943382,-11.93254063983606,
4043790770947374208,270.1569465462951,-31.69285808306392,13.006501,1.8882723,0.5842434668936937,1.9066838995250348,-1.756922523349818,
4043801078865241728,269.84670181890783,-31.606882922459523,13.011035,1.2431374,0.9891046337199733,10.188537675180184,-27.810587582382766,
4043802693772889344,269.97879971077305,-31.670419459371175,13.020021,4.4070063,0.06777388342413429,-4.003973872474919,-2.079914987271587,3625.1953
4043807847733756672,269.8822804465431,-31.52130695164815,13.021173,2.3447561,0.3511790104656137,2.617127438662664,-1.4780235029887716,4528.5747
4043807710295299072,269.9191621789832,-31.520771299395307,13.033433,0.9193535,,,,
4043899897473082880,270.1916727395563,-31.45977964750906,13.039608,4.539691,0.07063842266525641,-1.5139602768972888,-5.646709740458879,
4043808878529704448,270.017281651868,-31.483719027151306,13.046997,2.9633093,0.1348368420891736,2.5274639565206587,-7.726531926550263,4680.478
4043803041765049088,269.9438933302684,-31.623007377831936,13.051787,1.4030428,0.8344451025568057,0.39681637740785103,-2.39313138362517,
4043790942746091264,270.17240383602154,-31.674027702267807,13.054758,0.93018913,0.7207908886167864,2.5871317128283344,-0.8867593190241783,
4043801662984432640,270.0125487602191,-31.695388696528394,13.063165,2.0715885,0.36593535333362853,2.274710123007839,-6.5383196740456775,4665.1636
4043898802372596992,270.2302050341564,-31.492548865786706,13.066028,2.4395351,0.04931345611429526,-1.9858332067504065,-5.784921858860301,4858.5186
4043886187936605952,270.2123494323865,-31.58456777655193,13.080126,1.9062662,0.5328705994904491,0.5392661135119838,1.7059985710102477,
4043804068166246784,270.0899316583917,-31.59350322454495,13.083788,0.9205551,0.8732075066359225,-0.43481613417827014,-8.620815483871166,5802.681
4043997346049461888,269.9429086650209,-31.435214761383165,13.087755,0.5980921,0.8190019239961305,2.649425624662306,-10.049172587777328,8463.39
4043898316924658304,270.1723930161481,-31.52320755387159,13.090035,1.6954803,0.5053533983364547,0.6171567122374573,-2.195589994356231,4966.6987
4043804171245484544,270.08196502524845,-31.57193741503813,13.091008,4.7184362,-0.0020282847609637174,-0.558786652336013,-5.222126489448101,
4043804136885729920,270.0817427896686,-31.587915995329443,13.0956135,1.8682394,0.675972117623615,0.9073219460429451,-7.205740819569928,4869.3276
4043795478227712000,269.94447963660576,-31.75637730042249,13.106061,2.9853468,0.26428999605391,1.7300474349058397,0.43754659768104753,3735.6484
4043807435416883456,269.8606729972099,-31.548026152550847,13.107872,2.1558018,0.43475633128605917,-2.565379025480991,-3.737991821457923,
4043804965857656960,270.0577143661207,-31.56684515758188,13.110232,0.7832632,1.2569138783660483,2.2802887494841233,-4.738887017427869,
4043805957948077696,269.9169930746654,-31.62106729637256,13.117679,2.279337,0.38847465317564717,-1.8490527747379562,-7.218743668267268,4556.932
4043803041764354176,269.9458609864185,-31.63369300347963,13.121956,1.5384998,6.34443067798551,-10.474601024909251,-9.70214729613873,4469.7607
4043791668684620800,270.12907644265965,-31.666973422612703,13.124416,1.0812263,2.9156265635244756,-17.773918136870016,-27.36133440319278,5187.9424
4043792248416210560,270.2016404148262,-31.623788052701972,13.128985,3.615821,0.1108566702217922,2.6842339564984,-5.314194780586161,3636.601
4043790942746100352,270.16496303020733,-31.66741113205394,13.131793,3.7524452,0.0660626538529794,-4.237918111000606,-1.0647834568239045,3553.0066
4043886428481404544,270.20856468655325,-31.567612602100624,13.13289,0.98035717,1.2043012746027486,-2.409677495552827,-11.300850567407116,
4043792355879389824,270.1991518251312,-31.605457518464252,13.148669,1.864461,0.46154059016329896,0.2985031741385036,-1.290916819319711,
4043900137991387904,270.16016341316276,-31.44125905807306,13.149222,2.4909248,0.1040348868751659,0.6717393706542709,-3.4684530118175307,
4043886604625212928,270.20139643467564,-31.544493400133533,13.18911,1.7030563,0.4036230463960393,-0.43102066192295185,-1.8612232874179795,4654.151
4043801010145758336,269.82834341724373,-31.615509340737855,13.1891165,1.1516886,3.455555889720397,4.296835160034493,-6.877325869047618,5039.637
4043898866680718592,270.2201446584791,-31.490860303061282,13.190347,3.1999788,0.17531831697589398,-1.086572628743969,-3.162606939025657,
4043783727197171584,269.99454165076065,-31.773170510171095,13.192507,1.7933626,0.4408073697293591,3.1084085087252014,5.445865702468055,4341.9976
4043799949384766336,269.8899812961936,-31.657438127282294,13.200356,3.0098276,0.22097913789402235,-0.5457007168299458,-2.164425893756986,29998.062
4043791222007884032,270.23048586351547,-31.645677676798215,13.204165,2.1374016,0.332924435129081,-13.052227563268616,-10.13262978334924,6003.068
4043787575491648384,270.22464873999417,-31.728546711491852,13.21526,3.2472486,0.05720854949062648,-4.133756568898478,0.8997138399282416,
4043898797961179776,270.22530580273553,-31.49763738551104,13.223729,2.7632074,0.1209357071553345,-7.501530431412516,-4.796846521689303,4818.6587
4043808912889925632,270.0347644583068,-31.481421007354903,13.225681,5.535166,0.298659145597431,-3.766896434030547,-6.680990530602621,
4043885260223640192,270.2805770517424,-31.59040963114115,13.249609,2.6845102,0.08281291487517818,-0.21896952359196445,-7.305781971549115,
4043898420003913344,270.1955668834749,-31.51768691594502,13.251376,2.1644402,0.3121663269259529,0.11925950688187385,-2.6221109665434823,4572.0146
4043803965087008256,270.07318946060684,-31.611958474351386,13.252263,0.8293543,0.7154302507645491,0.546093797622369,-1.3787096024919792,
4043803415327445504,269.9890900040193,-31.614633130192612,13.263358,2.8184671,0.24714717488991303,-0.9209530688923449,1.4131592245582696,
4043792042257762560,270.1210138777971,-31.638045783352975,13.265568,1.7827959,0.4543188062643763,0.6127655253018401,3.027799304034442,4965.4443
4043790259936616192,270.0604950908424,-31.693652181940738,13.271668,0.8241558,0.7095067498978057,1.167565441692908,-1.8699503408775056,
4043787678570902016,270.22396258036997,-31.705622277361503,13.271747,1.8657217,0.47712528902915213,-0.1186547848026919,0.1747259572947351,
4043885402033794560,270.2364446889106,-31.593719057493267,13.280557,0.8656435,1.0620329377560502,-2.6323064599866033,-7.769346609069693,6113.765
4043902611892423680,270.089352477008,-31.457888165599233,13.290016,3.2485847,0.05720753979300374,-6.788238078134389,-3.6361098106096597,3587.8074
4043807263618186624,269.8548393542689,-31.559388549083966,13.307551,2.3979282,0.2609748211940083,3.7801716146842406,0.26083466013272233,4616.287
4043782730768408192,270.0391121789722,-31.789388456565977,13.316053,1.782444,0.42488289481802055,-0.11291639069506212,-4.572164196149563,
4043806649537060224,269.9804911105424,-31.558859255579033,13.33369,0.8728857,1.2421839223254045,-4.871022504205297,-7.715922012023402,
4043806305939731712,269.9222030485122,-31.581515856134843,13.34121,2.0741615,0.5409424951889676,1.4933297518504096,-5.146661080933419,4419.4536
4043805515664418048,270.1024043593555,-31.5138292875346,13.342519,0.8477907,0.4033896444274857,1.2557915307628322,1.186065727634273,8991.944
4043791629940855296,270.11632855523726,-31.677377333132313,13.344255,1.0256004,1.5101854923219271,-0.72197733782424,-12.890160331742111,
4043885230234790144,270.27152891280116,-31.60943496387163,13.346047,2.6097689,0.2165773616350925,-1.2339461802242546,-2.8186065823188153,4849.5625
4043886261027332736,270.2380600454071,-31.58074403525305,13.346121,2.273013,0.20497162110610562,1.7691260214337194,-0.5855942971689416,
4043805068987846912,270.03380299698784,-31.56413515861603,13.349448,2.772542,0.21635566183966817,2.8963944203008354,-2.650910397087041,5254.9683
4043783731583361152,270.00011373270655,-31.76672435870115,13.352099,0.8471966,1.2637175489855792,-3.8325356118794245,-2.0125595341701894,5920.198
4043805034628133760,270.01732323593745,-31.569744133317343,13.3638115,4.2572355,0.032259033290279404,0.9178728986964849,-1.8773763028793262,
4043782662048894080,270.05947410129977,-31.80685418214457,13.369575,1.0841208,1.1711155029226443,-5.4228221342108975,-16.36974085678844,
4043804691030557696,270.118112341429,-31.54487968418168,13.37113,1.292119,0.8537222769095393,5.543388595013842,4.5797269024943805,
4043899450796308480,270.15944635278703,-31.484739962513803,13.383673,1.8127899,0.39454119343681404,-0.4099071706877987,-1.9627792145672647,
4043807371041355264,269.8701615575935,-31.546833800961,13.392098,0.8716507,1.5463946205170838,0.3111142667677949,-9.663942556808095,5906.69
4043788159607281792,270.2704385140806,-31.675446069135308,13.395191,3.9853878,-0.01704750914391744,-0.3937321889970402,-6.554674355095453,
4043898321301111296,270.1727270333906,-31.526287856762647,13.395242,3.1943398,0.1419513437747658,-0.326889409195391,-1.394445611617524,3615.836
4043801220695478656,269.8184338819473,-31.603993944621497,13.396425,5.9134893,0.7965480431002887,-0.5069893080844201,-5.6672888053754855,3517.3284
4043886119217096832,270.2157644381584,-31.589606401531857,13.408154,0.97328854,1.3328940468004293,-4.9167343022795,-12.472624690876028,5696.7373
4043792214056482048,270.1677431153079,-31.61604457187182,13.413448,2.9468622,0.12628804325918797,0.8668508145652333,-5.952554994053187,28036.904
4043806920020817408,269.96298802507795,-31.529261616679847,13.415634,2.077672,0.48146922249958546,-1.1793475389120778,-2.1583047701485913,4850.902
4043791458142218624,270.2264495988727,-31.632209000074777,13.417265,2.086753,0.4635851192138137,6.136995817573003,-0.08664906764142186,
4043807405451616896,269.87067304142704,-31.540336555734015,13.417362,0.92973614,0.8727204608393623,1.7908209056947864,-0.8083482130295241,5777.1133
4043806507703924736,269.9553006601293,-31.581134904012256,13.422133,0.77097034,1.0268192799442182,1.1061401494379577,-1.5385106454324036,6442.729
4043885539472786560,270.262609524506,-31.565128798062474,13.432233,2.9169235,0.03060368834268762,-0.9851884621677537,-5.995926318923111,3787.5088
4043801873533957760,269.99626945145684,-31.681563997364545,13.434514,3.4621773,0.18340586399896755,-0.20838945237398124,-2.3981167661846747,
4043802457648577664,270.0532376653492,-31.630913052487003,13.437902,1.8833485,0.5804618410350397,0.6871024914597688,-12.197316510776481,
4043886737692725504,270.24598307742156,-31.53858208143639,13.444609,1.8185644,0.44949090566750466,-5.011560423113617,-6.079418060445697,
4043790191217083392,270.0603340419852,-31.708625727457434,13.445705,0.8904762,0.9255601544229058,1.4703088349184747,2.238171883467021,
4043787609851416448,270.22560440979026,-31.712848932058282,13.445735,0.8134489,1.0529911735067419,9.110706223989935,-3.3166563166375878,
4043799979353569152,269.89986030904976,-31.656791459302383,13.44846,4.5030766,0.10888358412403186,2.5309692475420924,-3.250272664748457,
4043808431849314304,269.98754575512027,-31.50895735182509,13.455606,2.0148888,0.4786637546304548,-5.663583537157191,3.7259248276056267,
4043805481255097472,270.1197652473735,-31.52347221556691,13.455992,3.0042982,0.07234252183222646,-2.047118282391521,-2.3252830713649417,
4043790530429159552,270.1637545353943,-31.721257915735197,13.459874,2.1553583,0.20181816929850152,-6.719745659436389,-1.808080874357858,
4043795890545302400,269.941038416141,-31.721101361817347,13.460387,0.9784193,0.6054617127831972,1.25984749075706,-2.2314394247957807,
4043804691030548608,270.12828484116994,-31.538734506115347,13.477574,3.854823,0.05775240955860881,-3.978881691054091,-3.503471732936034,
4043898836697112832,270.214824601636,-31.499939324396852,13.4779415,2.9022503,0.08364209130358291,-5.0516993274873006,0.21638598030093054,
4043886982582204672,270.2570201805689,-31.513957318552013,13.478203,1.0517044,0.6119119278328919,0.7180873411331475,-3.180343549932923,
4043792149720930944,270.18542087190696,-31.629188329287057,13.481946,0.9361782,1.7886080454789615,2.0077845370406293,-3.2930014866937607,
4043806649537088128,269.9749575508963,-31.554643107411554,13.483101,1.2181358,1.9245149963326886,-23.44015399275828,-21.428383449357494,5068.3115
4043790083752592000,270.12240333901866,-31.701778705245964,13.48729,0.92649937,1.1742839391547977,-0.4680539246428655,-8.836965081929627,
4043805339476616704,270.09603373457713,-31.540979091824884,13.495834,0.9086046,0.8451441613448988,-1.312875315077623,-5.832263350333197,
4043903715781603968,270.04523530778084,-31.42252057811995,13.502544,3.3141375,0.1258863189272269,-5.269335593512328,-1.6972011160288079,
4043807817768485760,269.8989265150979,-31.519625753629597,13.510649,0.962327,1.491920971856473,1.7351521285262292,-8.02832613340658,6011.517
4043903711404330880,270.0451452586344,-31.420569562740198,13.514007,2.5977144,0.08188537341254679,-0.7036384081177501,-8.812261052673485,4401.7295
4043886123588322432,270.22617590138657,-31.599287016523824,13.532548,1.8290291,0.5178538333801364,2.485676750789331,-3.435840584278172,
4043803380967702656,269.9815529919456,-31.619060447252124,13.53572,2.7769194,0.06673112847823195,-1.416066973761104,-2.1087943725418707,4643.9014
4043792317135708416,270.188520285098,-31.60731415718088,13.543403,2.0497265,0.3281894683146773,0.31520915823882895,-2.955333859812588,4726.961
4043792115361180544,270.1732179866781,-31.647355336928786,13.548481,0.8293686,1.10372993948406,-2.361839931872276,-5.975015970447688,6139.8896
4043885470793257856,270.2749179910188,-31.582910105267143,13.549919,2.553277,0.07150323069373361,-6.3497474269525584,-6.84714396806857,4530.556
4043791114544808832,270.21884776082385,-31.65422685477388,13.550105,0.94862175,0.7247921080808869,-0.5998332139794676,-3.4184065042989618,7970.406
4043886295387073152,270.25088500523907,-31.569415660963255,13.556942,0.757144,0.3338609061151674,3.330776943644403,-4.176210355466482,
4043809119047886336,270.04144064372144,-31.448378416666216,13.557377,5.301284,0.1016123076849571,-2.5080216300038813,-5.250157477285089,3579.24
4043809467034924928,269.94736473118655,-31.473428258012106,13.563372,2.1544695,0.5208902834691576,-1.3545186910227842,-2.811070951362069,
4043789087320104064,270.11511217478903,-31.744931724863072,13.580208,1.0260782,0.7259924498012859,-0.5020353769783066,-1.7741582674325502,7002.917
4043796405940705920,269.88379020321366,-31.71446340911715,13.5807495,0.9225321,0.5359325164972399,1.741269743165272,-2.0624172009108155,
4043802457597822208,270.0568716986257,-31.629326278902386,13.585241,1.775691,0.371924822933895,1.6472847147577918,-4.924512554938015,4911.642
4043787270638770944,270.2138691080058,-31.747046459413596,13.594705,1.7788916,0.3855154167815749,1.5719697052536363,-0.4708770344077695,4962.8228
4043809570114160640,269.9559128360645,-31.460759908785892,13.595467,4.813347,0.015028862377630516,-1.365171532224284,-7.7919266233516185,
4043800288591236992,269.85001860107724,-31.630809275967863,13.59689,2.0116758,0.466053749192527,1.371767594875297,-0.2974243991011373,4928.878
4043808706731012864,270.04698364492936,-31.483816214767657,13.603023,3.0953236,0.04172025037636198,-1.105664907358217,-6.015916482651484,3760.907
4043886192308023552,270.20784969644285,-31.58326605435559,13.603414,0.83307076,1.2862681588067277,2.8420718527294375,-6.7395429460128575,6256.118
4043902955489995008,270.04432035447576,-31.432199747089406,13.60443,2.4292831,0.2961560361875838,0.5833177908593894,-0.6796461472285819,4396.885
4043785483932429696,270.1328288369437,-31.78664331590829,13.614238,2.3114204,0.20469567644820408,-1.4261643107287985,-4.960743883302628,
4043899077215441408,270.2085495570755,-31.482719094658556,13.614787,3.846713,0.03551721776381222,-2.6595718225900438,-7.520536734713788,
4043788129578984192,270.2602736810548,-31.690384074837027,13.616526,4.6890125,0.031172988857643184,0.26154428056950163,-9.700871815889009,
4043788365765479424,270.08910448409233,-31.798404676632103,13.617421,2.0944986,0.34005670029740825,-6.700038258529795,-2.019878690013848,
4043789533996716416,270.076013503221,-31.737072627896787,13.617955,2.2816582,0.2995679106347399,0.3529845411147729,-9.37893513380965,4541.0146
4043886604625125248,270.214309549774,-31.5449798361116,13.620378,4.251486,0.10316041299178681,-2.7513033835741547,-4.303044277911043,
4043789637075906432,270.017137018889,-31.749072712873634,13.620749,2.8607645,0.08264740033263789,-4.649883194993468,-8.693573672002215,
4043789435302683008,270.03239370135157,-31.76834847809919,13.623732,2.227829,0.3751031686223377,2.507167761902456,-0.23515265653590517,
4043795585697388032,269.98603694994637,-31.746039283650017,13.62505,0.9459019,0.5323094367902131,1.0925746545721469,-1.9171555910655467,
4043902955490053632,270.05342954828427,-31.42458951198916,13.626906,2.6552858,0.1467638046415354,-1.9444253099556061,-5.364584856513467,
4043899352093721856,270.1426123046454,-31.491331481722643,13.6548395,0.87102795,0.789465194390307,3.3533541378817247,-0.9878275146575575,8985.401
4043805820512986880,270.0800518611667,-31.48882360835513,13.660067,2.2927303,0.32613702832547703,0.34082352445926506,2.536733446826502,4672.5786
4043796410331520256,269.8860309299103,-31.71890361998844,13.674706,3.0934134,0.1110200898814313,-6.035264622135471,-8.156523639159163,
4043898664847177344,270.19249680266347,-31.4955768816745,13.675453,1.8703604,0.345859947296076,1.6235198723228126,-1.5070161683080818,4830.9385
4043898699258581632,270.16259240610293,-31.488840176597865,13.679454,3.308053,0.08288646332183555,-5.579497495616503,-0.7946488613172364,
4043800322950981504,269.8648768630452,-31.624841796410166,13.683336,1.0298042,0.9673208072960156,-2.1293489828199132,-7.916097838343635,5545.4043
4043788778082458240,270.0905905648033,-31.74413108385415,13.688468,1.5081081,0.09416204730325288,-7.188213372148931,-3.2718364115155802,
4043902749331538944,270.1144229003009,-31.43641178717315,13.689955,2.052472,0.33292968358979524,0.0627972270852319,-4.377603064380871,4745.536
4043795512587461248,269.96222781737475,-31.75351830608012,13.696876,2.6965437,0.15946513021252073,0.610063287802344,-0.038989380241021776,4846.8877
4043804278713600384,270.11422441425935,-31.582412067627818,13.698278,0.800519,0.6123476201337384,0.3956650870298781,-2.3408271385282315,8929.906
4043796886977086208,269.8975498575518,-31.68424457787698,13.700616,2.1467485,0.574272771162965,-0.8955172343694721,-1.6155762640781726,
4043804652281849856,270.1434098041744,-31.54072423979667,13.701585,3.6231604,-0.015237568197852228,-5.1984315473519676,-9.863209811404694,
4043902818051001984,270.10169436577,-31.43810565921194,13.704089,3.127781,0.031738009807991234,-4.884409544547044,-7.970629929378406,
4043886742063909120,270.2516257596414,-31.53578380685734,13.706891,0.80871487,0.8925298323967956,-5.674310518620822,0.7028969376934908,6286.384
4043790427350038144,270.08781690321996,-31.656209901475794,13.711654,0.87828445,1.404585634134597,-1.5944742819057907,-7.4224272083913,5783.9297
4043789950698780416,270.1033830696905,-31.71606703622206,13.714,3.1301289,0.03363654467129134,0.8970358860468303,-7.696663283043442,3668.2373
4043806954380513152,269.87197817467177,-31.59517107040675,13.716683,4.0676546,0.09083372848864346,-0.7198832334887049,-2.8934142616139105,
4043804892799988096,270.06087751255063,-31.572810643441915,13.717022,3.916648,-0.0043310796961877444,-1.7196659382245187,-2.80513763250414,
4043787541131915008,270.19332750232724,-31.726229250436543,13.7181015,1.7343941,0.3500960777095186,4.178489269555932,1.5436854780784575,5275.656
4043885917429921920,270.2742274039207,-31.55270867021301,13.725065,4.833475,0.024848321863934812,-2.750732093232386,-6.337689968439313,
4043804102525994112,270.10826813603103,-31.58508530136717,13.727181,0.92404747,0.6603892726481068,-0.21094278127596097,-3.505375388214855,
4043806374659282432,269.90888894526586,-31.568012784091238,13.731619,1.237072,0.5505711239202237,0.8410265300570853,-2.346226314454369,8772.557
4043886329746999680,270.2280625324721,-31.562756136422617,13.732819,3.037178,0.1150233213493627,-2.1981123376559353,-3.6044393728608193,
4043796135453471232,269.9029101817778,-31.74478177769303,13.74426,5.155323,0.1529953321013694,1.2359263090627632,-5.823559131062007,3547.5474
4043802629447371904,269.94911948928086,-31.66618250964568,13.747808,3.535346,0.0558534972810857,-0.5314690117566211,-4.2226525557870085,
4043886359735530752,270.23897481116103,-31.54920519746449,13.7502,1.9288139,0.34718907037721863,5.718659394064603,-1.2571383038598796,4528.48
4043807989567244544,269.906147623467,-31.492856476075556,13.751781,2.0486164,0.428297365469582,-3.08350243351156,-3.70660405073745,
4043788198350821120,270.2498275336139,-31.670892653271522,13.757757,3.5561771,0.008115345785596487,-4.9260513278188185,-3.4437159926827823,
4043791767379839360,270.1448884871788,-31.65210790588664,13.759504,1.0493593,0.40593085267565254,-1.1810858362723131,-3.141149132967282,6702.8003
4043995112667669632,269.847786141723,-31.531319732099092,13.7654085,2.094079,0.4557634001213743,1.2991529215097635,-5.024018679884416,4785.65
4043997311689731072,269.93613048653054,-31.438943510696678,13.7677765,2.8968039,0.14733614669738296,-3.609486656842743,-2.181837478735771,4772.8594
4043796852642845952,269.8828029268328,-31.691951350465853,13.76866,0.9934435,0.6150016528811371,-8.379088603961307,1.8977682409015595,
4043796818257608704,269.90174828473687,-31.685490813693114,13.77151,2.330739,0.32543694541213547,-2.2721842501383165,1.6411099967900868,4749.4873
4043805957948080384,269.90475318175663,-31.6183826746465,13.772179,1.3869419,0.5625415617319828,1.258910297245333,-2.823728955043326,
4043795310819635840,269.92053519782127,-31.76066607421607,13.773319,4.408716,0.19217414668861432,-3.8917366964604656,-3.74732189761558,
4043788949881154688,270.15397320127136,-31.74261121767101,13.775138,1.9937954,0.3742760217770849,-0.5141897328741056,-5.36221158876151,4588.3457
4043803037370309504,269.9522750632837,-31.627838897561386,13.7783,4.2765036,0.11689233562321959,-2.8743430428292362,1.665600329410973,
4043799399628947328,269.84299322785,-31.699480749633622,13.7787695,2.0356655,0.3192428422237111,-1.1015457912295759,-5.366155840337992,4848.7026
4043788129631281920,270.26352864534397,-31.689602628051695,13.782428,2.768755,0.05604950357681707,-3.6907120495759993,-11.747198666875478,4382.214
4043792282775978368,270.2127650712226,-31.6012641352177,13.782748,1.9524813,0.42574080693615246,1.4632988979514105,-1.2585401054708565,
4043789881979464320,270.0447905126197,-31.712188052278965,13.790402,1.8522711,0.3706049260296794,0.04202711029434311,1.6688604881103686,4920.797
4043792252800132992,270.207448426596,-31.61841143901573,13.801391,1.1613855,0.46799564288545603,-1.726031310900428,-4.559204914216948,9153.65
4043788541949284736,270.0701192372271,-31.795986927160225,13.808086,2.1381235,0.30422611516870846,1.4064684159963288,-2.3745378961550183,4879.2046
4043809501394730624,269.9173346677273,-31.478987951287962,13.810271,3.0026512,0.04409918225766789,-8.86808867262078,-4.145020619561344,4368.477
4043801598654983424,270.0211232813265,-31.69596137039396,13.816894,2.6581926,0.18286752228605094,-2.5105337583884744,-3.5275403402327967,
4043804033806502784,270.0580409887475,-31.59767228578639,13.818952,1.8973627,0.4769344344536846,-2.1185621364464504,0.20768794814695501,4648.6763
4043788988574135808,270.1575787439448,-31.74004135422069,13.823087,4.0768995,0.025418033545582266,-3.6979633917271877,-9.370508463617686,
4043795104661111552,269.94004422995266,-31.769765549313753,13.82428,0.8472023,1.2821423452845349,-4.4112265469002345,-8.117631554604401,5877.204
4043800189903099264,269.8447273688729,-31.6465305340003,13.824481,1.0400419,1.093383936328238,-1.9350696538426422,-10.269941658340807,5326.087
4043791870459053184,270.1220709787131,-31.65433926643696,13.828226,2.1595726,0.307797658062332,0.32855493586742207,-5.359876548541696,4515.1597
4043805721822893568,270.0929846548272,-31.506886597146558,13.828513,3.326583,0.05726499891345058,-5.024880202703965,-4.6519235454220205,
4043806580766945408,269.98655506786105,-31.567340997663685,13.833371,4.7613363,0.03172499998450179,-0.10925017551385004,-4.293526923791471,
4043899863113337600,270.17968009934685,-31.46032766694107,13.83411,2.6537552,0.08371540402885962,-6.637952229994707,-6.652173505876373,4438.862
4043804446123411712,270.1631232303589,-31.55201447247994,13.83541,1.9500751,0.41540723838592586,0.026130800766841975,-4.545623408053421,4767.6064
4043788400125241984,270.1115488362983,-31.789053758703677,13.839223,2.7717285,0.11456832610072003,-4.7822396073538,-8.198784614218273,5194.9507
4043886226667697408,270.224648754367,-31.577621317914158,13.839923,3.462016,0.06351488441144318,-3.538775029389427,-7.961922167903793,3598.3052
4043789293478578688,270.1261232285905,-31.721197921247878,13.840267,0.9713974,0.7801917994363791,0.5458147161197076,-4.398198783448029,6888.8457
4043808127004800128,269.9831250555493,-31.538114482439617,13.840566,1.2596464,0.5089666560564201,2.039315726861919,-9.273306229800575,7798.998
4043898424380284160,270.19199384967425,-31.5154402298418,13.841519,0.7609415,0.6597310004720114,2.318178774338838,-0.39987571174666187,8912.256
4043809737523172864,270.01019692824036,-31.459408513879737,13.844689,0.9430418,1.1650842517573894,3.3808608419615975,1.1362561816635184,
4043903745764134912,270.05810989899084,-31.411948878823683,13.844755,2.0041447,0.39955728381457756,-0.9360725148763722,-4.210885139237878,4684.0977
4043801697344185728,270.0239048398305,-31.684564035685984,13.848623,0.845273,0.8836420873263557,0.2236642070918215,-4.750749410306119,6136.503
4043809840602393856,270.01913842419333,-31.443851685002752,13.849575,2.7845602,0.23350771150352861,-1.5573705671340319,-3.2569354128706616,
4043787545515781888,270.19855508779716,-31.72079662062823,13.853491,1.6505394,0.6403807962529199,-5.597650016690669,2.496415499240392,5096.5786
4043800048073061632,269.8907062249855,-31.639849464429027,13.860922,1.9696283,0.38429722239389674,-0.08003155142945856,-4.594897251801781,4750.5117
4043803076124103424,269.95587204383736,-31.62404603860165,13.864396,4.2972956,0.04056570106339505,-3.062830640999769,-7.669355878525681,
4043804381792752896,270.16839530412017,-31.559417025254138,13.866867,4.157216,0.04113111823263054,-1.3163128709324994,-7.330885200862224,
4043885539472724736,270.262705321027,-31.57439690483461,13.867882,3.6302319,-1.2003052364381277,-2.4049100897948645,-4.723737209063598,
4043806576423420800,269.98830784008857,-31.556202911774143,13.869393,2.7935057,0.1916514049936637,0.2794107048946699,-1.5040473316055591,4733.188
4043809222123300736,269.9499144376481,-31.49568655196135,13.871122,2.7172203,0.11036949763062726,-7.060574328489691,-6.939428680624668,
4043788060911863040,270.2319559042556,-31.6888793165994,13.874937,2.4809198,0.20993752418927486,-0.3064302909863817,-2.841386001943075,4565.09
4043807297977923328,269.83781778236687,-31.55883208754145,13.876483,2.8671293,0.16900163149080333,2.4671611396314304,-1.083867136646351,4706.1353
4043791393806631296,270.1985029266392,-31.64450049187624,13.8780985,5.3952713,0.1095302143618277,-0.2348025483682712,0.44085049110764235,3932.0154
4043806954559424768,269.8720777734361,-31.59339591455246,13.879992,0.81610584,0.9632627508849314,1.927725715545141,-5.884349046436512,6047.517
4043804209994063744,270.13147318079376,-31.59001059444066,13.881058,0.96975994,1.0834515905140107,3.1102390289376527,-5.524635879948956,
4043791187648115456,270.2425330200283,-31.65031220643648,13.882329,3.9240599,0.02341971327139788,-2.8781690326618206,-9.420848154019232,
4043801976612246656,270.0011376911436,-31.66291135372599,13.882598,3.9039812,0.011822077276082324,-3.6732714115721823,-3.151637458849235,
4043788919854728448,270.12619701448966,-31.746844080995395,13.883042,1.6684208,0.3966943950924823,-0.034920717274703444,4.377858842840933,5229.895
4043791698660354432,270.15685593732724,-31.659422970081017,13.887193,2.4878979,0.06250617413430405,-2.41710793667431,-3.2547661871181353,4899.639
4043802526317373440,270.04718617538794,-31.6192929903997,13.890614,4.986389,-0.012937665691762322,-1.9938153636271945,-1.5766094432821232,
4043808951638615424,270.01154301728235,-31.48584478900124,13.8908205,2.533884,0.2878346352871397,1.322522868847315,-3.039414992234236,4654.113
4043903097306235264,270.0717284030661,-31.40974190971816,13.892425,3.8269567,0.020947197987602355,-2.2860252557173317,-2.674231518710151,
4043790156857327616,270.10760581334216,-31.682122799089615,13.893564,3.1617308,0.060642701609454314,-5.375539266302495,1.1859924420902896,3824.8857
4043806477738379008,269.9373831946159,-31.5843287406983,13.897573,5.1481695,-0.013884321139337418,-4.612720705885402,-6.067483063902415,3385.9868
4043805721824066816,270.0929337703144,-31.50272521864271,13.903226,3.8569584,0.03511465871253972,-4.30760616190237,-8.360071836527295,
4043800288591237504,269.8620855000776,-31.630096091020683,13.9106655,2.923809,0.09372925469709101,-5.894200082835723,-3.0920843501436313,4329.877
4043792592013644288,270.16996344524955,-31.580904263541445,13.910761,3.0031662,0.08552194020753308,1.0106828767402198,-3.064112448203224,
4043795723084955776,269.94893647846004,-31.741820293718444,13.911043,1.0122337,1.0593688616033372,2.7239357822860844,-7.198055747440066,5170.181
4043807951023191296,269.92372306682506,-31.487171947039116,13.911864,0.9894848,1.2015722657272465,-1.6204184235887076,-6.340547755074024,5738.1406
4043804965908584064,270.0547304747426,-31.5604772134133,13.914143,3.447669,0.1273444828872335,-1.6081436054769318,-1.289939583248437,34998.6
4043789675820985472,270.0266301468147,-31.736225947545037,13.926936,2.3023462,0.20299048101909423,-4.916298666352856,-6.156927908029702,4709.167
4043789843234402816,270.03322581829923,-31.713970371612564,13.927738,1.9513531,0.3623548968111727,-2.319706575881867,-3.9220144574611764,4642.194
4043788434484989952,270.1210508883716,-31.7844333528206,13.927759,3.2807932,0.008725174419427589,-0.08616170114578207,-8.55109512569343,3689.7632
4043885401983660928,270.2380064152097,-31.594666831162474,13.930925,3.092657,-0.1130893856370731,-3.5430112779642,-6.963220573969446,
4043886325433623168,270.2259125744831,-31.558543632606643,13.93151,0.8531952,1.173802342990392,-3.5722122424787437,-10.927701821773894,6230.758
4043801044505492352,269.8432462281393,-31.61938960171252,13.939558,2.1351976,0.37649569442858277,-0.6435335633199935,-1.716131896845376,4756.0073
4043788129631287808,270.26385681153675,-31.68637174663733,13.940668,0.86961746,1.106611846616063,5.588936781629378,-3.4422195217643794,6090.467
4043787614235187968,270.23104090931065,-31.726248829137614,13.945018,1.6590338,0.7103928615105114,-1.3834505840300424,0.3851498149386541,
4043789641409669888,270.0203003880045,-31.74112639411154,13.9471035,4.1421127,-0.10905098117318443,-4.453926732465717,-8.479738507793181,
4043796375971824000,269.8658538446911,-31.72354681991391,13.947947,2.7677774,0.20165837311868368,-1.911777226148177,-0.6133284589869004,
4043803965087019136,270.0836087031094,-31.603528425621846,13.950311,2.8859148,0.07588598591937276,-0.218797314550991,-7.322130876253938,4713.7915
4043803282282396416,270.0301007153533,-31.614481634528126,13.952695,1.9737406,0.4272187055899594,0.8352424230017823,-1.5661299933019013,4931.7554
4043882069138520320,270.2794935140027,-31.65467850313742,13.953579,2.0688076,0.3692610840648187,2.16632398916066,6.181117612914999,4661.162
4043802178380571264,270.07306573743074,-31.645823565341555,13.954085,2.7151709,0.05440426219535639,-4.748188526729544,-5.024778017116137,5149.9326
4043788846802713984,270.1343968947079,-31.759286284734582,13.961481,4.806797,-0.05742539328198733,-6.723339044885116,-6.0366006803355825,3349.6367
4043808848559300736,270.064710365155,-31.4690338781105,13.964957,4.5406322,0.019851344144700203,-2.3818616590033943,-10.665266070163389,
4043806993134594816,269.87881424987603,-31.580996631964563,13.965121,3.2901182,0.050258177886797144,-6.810683010583497,-2.3314020603801087,4886.761
4043886325375685888,270.23904563411406,-31.56469965490611,13.968357,2.7910824,0.07980481040175569,-1.6388347126851162,-6.081140048401838,
4043808912889445504,270.03278810114097,-31.478994926708246,13.9710245,6.1827507,0.35110465005188973,-8.99465071623356,-4.651985447179214,
4043898286941251584,270.16942241654095,-31.545644176893052,13.971236,0.9626646,1.1076358525344416,-2.784481071822228,-8.327865680856101,5234.1836
4043809466984070912,269.94584626004905,-31.466272897076777,13.973628,3.475997,0.02712740908739488,-0.408692005636406,-3.118388411897553,3771.0208
4043789465277211776,270.03501032492323,-31.75069508245847,13.975574,2.765544,0.11572267274094689,-1.491137859382855,-9.994340059746273,
4043783624117932544,269.98748096082346,-31.78720563797338,13.975652,3.0186272,0.1044336559818599,-1.458668997038058,-5.7649897387077536,3957.826
4043790633508411392,270.2141382321827,-31.70003431341995,13.984439,1.628583,0.6939227189834503,1.3051781446203747,-3.57291832308499,
4043808294414142080,270.0243870379364,-31.50219214639907,13.985394,1.9828472,0.3644476541168562,1.4702095284280956,-2.253135405487626,5036.2324
4043789710180766080,270.003132253392,-31.74112619640397,13.985945,3.0326157,0.1061304163248064,-5.59135792776455,-10.039799922096206,3754.8953
4043785827477944576,270.15712792550767,-31.78529742792795,13.990262,2.1879263,0.41479770969015795,-1.254001249779941,-1.79299330923955,4680.9946
4043799395237958400,269.8465276252526,-31.703649202525792,13.991401,4.08512,0.15112501795423774,-6.883238665380526,-1.990811806028848,
4043808019532461696,269.9132439803183,-31.486705417303405,13.9917,0.89015293,0.8749626629014647,1.1707428553542398,-6.5147435847988575,6125.275
4043792115362391680,270.176861889396,-31.642494883571544,13.992984,2.2158995,0.3399095859386629,-1.8558702239125022,-6.0418206945577655,4540.1294
4043792592013647488,270.1656404716899,-31.57824143472368,13.993012,3.1191053,0.06374486182989311,-2.565054974709859,-4.608015008749115,3809.6047
4043995112668893952,269.83890327376923,-31.533916161938695,13.9949875,1.4747505,0.45816131759488143,0.529301672724177,-0.8003850507936848,
4043796685210159616,269.94082998221705,-31.68950809285724,13.995649,0.90728855,0.6683624804195867,-1.7483908809023758,-3.452247145454001,
4043804828469616384,270.03805373808507,-31.57920259008751,13.996618,1.8696604,0.37097551333700207,1.4182205474585532,-9.73612706175006,5439.894
4043791664300612224,270.13278086893297,-31.662248661949242,13.998353,1.1645718,0.5437344891460546,-0.10986182411000578,-2.4666542825925544,
4043898351284368896,270.1927507168346,-31.526540911660017,13.998702,2.525631,0.049152161464667124,0.8787486945640113,-3.692388538058281,4610.581
4043800258623015552,269.8748020636101,-31.6233966637388,13.999024,2.6219301,0.2952935812080575,0.8250302704078127,-2.9469194159043592,4294.434
4043808676760577408,270.04254104467856,-31.496699520525173,13.9990835,1.9877625,0.34199757222771865,0.9161503180305899,0.031075616369596708,4719.089
4043898213845268096,270.17957339706754,-31.54936481291448,14.006581,3.345726,0.045031133900980645,-3.898961903494176,-0.862390806350753,
4043805133318182400,270.01847097299805,-31.54598791055403,14.006945,2.5153065,0.06205512254327312,2.004034767269923,-1.2639370663409295,
4043801976612221696,270.00145388387574,-31.67022600125006,14.007278,5.4582825,-0.05504434500825191,2.063229989811446,-5.627926685485215,3727.0654
4043789813208340224,270.05771658438755,-31.720177465173972,14.007788,2.9244366,0.04017272397453292,-6.32764743319903,-8.494534535411542,5306.09
4043783555402185344,270.0223588548806,-31.764284988922956,14.010421,1.6882753,0.4096080996951704,2.2823097334060005,-4.9931029643751055,5083.5234
4043805550024162304,270.10912033122287,-31.505877969698524,14.01204,2.8286104,0.1329377570377245,0.9312724409021745,-4.497662497108368,4997.7095
4043804622311024256,270.1331285922649,-31.55230254106798,14.012577,1.1212511,0.669943333961449,-2.920815190175436,-4.071931944497147,7046.5757
4043800911457662976,269.83046293371797,-31.64324295693444,14.013613,2.7676,0.10198632673917982,-4.615629656696512,-9.797513953828695,
4043800082432784384,269.8458804462167,-31.65658525391073,14.014168,2.2189178,0.37692329411008735,-0.7252365524884972,0.32378665510880605,
4043804484821136000,270.11376029756593,-31.567784460178466,14.016382,2.942998,0.04839393652192771,-4.194994603877785,-3.128964849240204,3738.6602
4043783624117934592,269.98518041629535,-31.785311541364678,14.019303,3.1088886,0.060376505147727064,1.4707931184821006,-5.69771225993842,4524.569
4043791599965118848,270.14174106206167,-31.666749228885134,14.019743,2.0563717,0.33635681914134913,-2.557051033837525,-0.5169135415642759,4649.1484
4043790637892258176,270.21187528180803,-31.697654271429865,14.021119,1.9052362,0.37083763964171435,-3.34929423516658,-3.602935675853103,4934.8535
4043791153288370944,270.2382042151395,-31.656847210976355,14.023738,2.0739193,0.37557872192891695,0.6312879785951874,1.9392221065305522,4592.809
4043805721822894592,270.0908993345779,-31.508458285217852,14.024187,2.822153,0.09409309069770225,-1.2164497001399879,-3.14909935587084,4564.1504
4043787472418544384,270.2164175034776,-31.741515570439596,14.02618,3.9884367,0.1171844015447184,-5.282916459516604,-3.207426613031219,
4043899489481332096,270.15699648682346,-31.476375901133533,14.029964,4.1196632,-0.02154382170624842,-3.7653336325110844,-4.8618884312225985,
4043899386453530752,270.1257175761612,-31.49617392867961,14.03089,1.0075788,0.38324659366887026,0.3666878333320217,0.6116107301413274,6343.3345
4043807405451619840,269.8761125851227,-31.535981851174444,14.033438,3.185605,0.06118454380016421,-2.5691465220090715,-7.939830622430726,5021.752
4043789057345415168,270.1516511687656,-31.728649734821033,14.035546,3.6772957,0.07959575856005988,-8.24549654157085,-1.4919662886293024,
4043805030238935552,270.02586235431596,-31.578692017472758,14.035883,1.4170732,0.48577187936295163,-0.513597751931608,-0.8696318443512014,5903.9185
4043796375971828224,269.8651122860543,-31.722905123167042,14.037925,3.8134909,0.12048491304872348,-2.5708229790037636,-9.314744934670284,
4043898218221687808,270.17619624217144,-31.560240072427874,14.0404005,1.4612322,0.7460340583988928,0.570391640049824,-5.054380670838634,6364.6475
4043803179203251072,269.9817715495352,-31.62569889106905,14.041027,3.2104454,0.018893149873414818,0.5985104138443619,-4.734607474806274,
4043886535905623552,270.210417431761,-31.55184370641042,14.041411,1.7301111,0.05606335034837827,-5.081112952086092,-4.720291464997428,
4043809703163435520,270.0028754584539,-31.456539185422987,14.046146,2.5781326,0.14761987784881567,-0.6752859322066412,-4.670252124192587,4650.246
4043795379539186816,269.9160986138772,-31.74354840697269,14.04743,2.7241306,0.11730133476518141,-1.9833621134639874,-7.738480435782617,4844.778
4043783589758185856,269.9684673421224,-31.792436831478373,14.048422,0.94063187,1.1398929410787866,-2.734812358341247,-13.656818615843104,5385.4727
4043788778082447616,270.0961063554351,-31.749308694474514,14.050998,3.2313175,0.11105920381222849,-3.4158910071336033,-8.751857255901644,
4043783456705236352,270.02056824627033,-31.80237312126814,14.053177,1.485426,0.825021487993088,-10.103315105165152,-16.57348038748288,4824.784
4043801667374477312,270.0078272550578,-31.698008003058714,14.053893,4.3175545,0.045295107962737224,-2.5075139193794986,-2.338629303068717,
4043997169891912704,269.91010568743457,-31.46000525057227,14.054713,0.9392443,0.35865140064874723,0.22402075583590203,-3.2498253667498895,10437.6875
4043802285849851392,270.01546217000333,-31.66553946281513,14.055406,3.705989,0.004571069996660106,1.5602252496142055,-5.499012028652469,
4043997307360967040,269.93583169304196,-31.44516936345711,14.056786,4.056141,0.022273394529465307,-4.9898976196816625,-4.326212790233386,
4043792287159910912,270.20477086796205,-31.601661789039788,14.058024,1.042489,1.0270489348379404,1.6283439053475726,-9.529530632234435,5250.565
4043799915025083136,269.8673820443915,-31.659907308164634,14.059468,2.5599165,0.08347778020451926,-3.0731851922315805,-4.051023449725404,
4043792184080713216,270.16459583204454,-31.629220650362292,14.059501,0.89118195,1.3775037536280554,-4.047508033569847,-4.675287937223561,5553.188
4043804931548783872,270.07338544123706,-31.564818591148395,14.060018,1.5515871,0.758863086337719,2.4723937235875306,-0.33380160488102895,
4043801839173287808,269.97987604336765,-31.678707328451324,14.060055,1.047266,0.5264583166079341,2.672900563811599,1.2747522327635428,
4043804515020869504,270.1273669178722,-31.564770668897566,14.061404,1.5227232,0.3906936161584409,0.8246103707381489,-3.551062660436132,6510.1323
4043803728957763968,270.07907857814087,-31.620912348824533,14.061839,0.91568565,1.3045125112078015,15.094843635661695,-38.503924798260485,5656.3564
4043900137991357440,270.1593444270883,-31.44485283297859,14.06398,2.7007046,0.05627322664633003,-1.5402844743360826,-3.817873548240521,4027.6858
4043801048897012224,269.8538816447931,-31.61924513892281,14.068134,4.344961,0.11341148817786112,-0.8023346677968791,3.6417013573196195,
4043801942252509440,269.9835302655611,-31.674194483279777,14.068993,2.0007572,0.4131670708307238,0.783115718149131,-7.419546473833701,4733.25
4043789160424753152,270.09999189828267,-31.730336721417466,14.069766,3.1844978,0.07057713146337925,-6.911148697242603,-4.052914370610615,3604.343
4043805309505930880,270.07910279301643,-31.551178528682737,14.071125,4.3332624,0.09246230358312581,-2.5665313747816314,-4.929311198401796,
4043789985058577536,270.07404693939156,-31.719621406747283,14.072298,4.639372,0.019143144526275954,0.19871516219696597,-2.822243341682244,
4043898866680712192,270.21443954152977,-31.49006955559394,14.07331,0.9559164,0.7570142874875505,-0.46050316326462254,-0.7910396623963944,9303.136
4043791977922316032,270.1308449282756,-31.644455355157344,14.073386,3.2701654,0.0638748257214237,-4.238466011327834,-5.273327279550261,3737.2114
4043805305116868480,270.08674227265186,-31.553024425156586,14.074213,2.5605574,0.10513130802774973,-4.554954212675883,-3.6255558464793447,4442.6016
4043788198350791680,270.25296582437636,-31.68295478783119,14.075034,0.86088467,1.0616150595029,-0.45579509467376905,-2.8940575059685303,5744.87
4043796474660204288,269.87123420005076,-31.698712104449783,14.075286,1.9125099,0.3549950828871396,-0.07418220429125046,-1.0288713408077579,5821.4937
4043790324270786688,270.07810032050116,-31.68420468812174,14.07537,0.78406334,0.6611519973533563,1.8160289256961206,-1.4029559106888736,
4043809844993009536,270.02575349226146,-31.446231857200317,14.077782,3.0673752,0.11019733871272254,-4.052494602366816,-6.109422704458108,30005.441
4043805446893965056,270.1042774969105,-31.535299386479263,14.078665,3.8959284,-0.1493902992467511,-2.7901799335890307,-5.876163820255114,
4043799949384735872,269.89431393923263,-31.661249204851643,14.079397,1.1964502,2.6991172267520773,-6.377693704588721,-4.955113586442785,5031.7554
4043902989849776128,270.06332705941105,-31.427032009662504,14.08134,1.2131233,0.6544324396685367,-3.693595738604842,-10.490045967150662,
4043809192156855424,269.9726737708392,-31.49970871951211,14.082035,3.6672964,0.11246444530811356,-5.562073215034588,-5.022071813259477,
4043806065421476480,269.9177289173348,-31.610117783635733,14.082039,2.8340178,0.05669824963206186,-1.055550756764515,-9.911236014538641,
4043788468844721280,270.1010915839305,-31.787089969331593,14.083283,3.803794,0.09121628582340868,-5.050509401047642,-2.825444802641841,
4043808814199592576,270.0509924957346,-31.471092864618758,14.084496,3.9342718,0.07733595235163832,-1.931834815741989,-1.76867865153749,3689.1392
4043796509019901440,269.9176942029033,-31.729879816854098,14.085432,2.5161972,0.04049015730719588,-0.7875203958961495,-3.5735964457664617,4701.99
4043790981489790336,270.1684957407838,-31.661523817936658,14.086819,4.6860437,-0.013077327050440514,-2.408954140140729,-0.3271810396003834,
4043898458740105344,270.19685758797607,-31.499691011243556,14.088043,1.9416904,0.37357376854190083,-6.249640688177827,0.7865601015703658,5036.6304
4043899695691443968,270.11846621048807,-31.46325783577911,14.090069,2.6794329,0.06907321158407546,-5.3209067935148875,-11.44587096811258,4899.4883
4043808848559322624,270.0620069163886,-31.464875432164412,14.090658,1.2433777,0.2381964185956998,0.0883721259474884,-1.6537121363064737,
4043801594264938368,270.02765128729897,-31.707056125329874,14.093336,2.8682222,0.10003645679675759,1.8316437421747145,-4.705173344120299,6627.9785
4043801529884684288,269.98889592515303,-31.71638770085938,14.094867,3.1143932,0.6127850330668994,-1.5692186030974864,-6.813485281345792,5503.068
4043803728957732480,270.08497875806574,-31.62787458761894,14.095109,1.093502,2.1374904975192193,2.04034984677843,0.024789030324852617,
4043995142667081088,269.85793510006,-31.515930755053535,14.097942,1.2435217,2.176257648242957,-4.6099061431294075,-29.28793357976727,4939.464
4043782735150662400,270.045530317752,-31.795159736546065,14.099119,2.071004,0.24699286968142872,-0.4906745456396227,-5.826055086822141,4656.316
4043808161364503552,269.996907788354,-31.535596062135436,14.102151,1.0102415,0.4632214598050825,0.21017519475983484,-2.9653295680609295,8215.766
4043790534814148736,270.17264404940414,-31.718667802011478,14.106182,2.4998407,0.09705221789538951,0.20245986401567773,-7.3574490667032695,5054.083
4043808608041085440,270.0420355584615,-31.50081755596243,14.107196,2.0762663,0.22052395557151605,1.5851928829166386,-3.0936533955457683,6096.94
4043805481253739904,270.11992892640046,-31.511192971819558,14.108828,2.6428099,0.04339851959109691,-4.339526630328751,-11.027252444232342,4171.715
4043800018104299648,269.87506047820347,-31.65255264731405,14.109156,0.9225197,1.2640501638001163,4.951389921516272,-1.8436626958802766,5732.2373
4043795688776721792,269.9416257244649,-31.752796070077814,14.111004,2.2549458,0.2442159359203399,2.0233883140916142,-1.1119227515799688,4630.7676
4043787476743968896,270.2093363246801,-31.73057882593159,14.113113,1.1878719,,,,
4043795860576419456,269.9672201334386,-31.71221556254425,14.114,3.064084,0.06083732519103473,-6.219169752039829,-3.6850017636523957,
4043783731583357824,269.9956408051142,-31.771182005109093,14.114622,3.2794647,0.12487524084465584,0.6849059052657174,-6.141844296454446,3619.5735
4043803316642189952,270.00984821822965,-31.611755020051827,14.115304,2.4205847,0.08011987083395214,-8.481324291959258,-6.906551546781767,
4043802663807130368,269.95052468409983,-31.659347814013053,14.115622,4.317135,-0.008447980631501624,-6.933653791624197,-1.0404009907598297,
4043899485156065024,270.16327767658726,-31.48087143351007,14.119406,4.533119,0.024595574834517707,-5.397054688404462,-4.994320923801484,
4043782700790979712,270.03146445034514,-31.795180088144367,14.12281,2.2748156,0.17721681568435235,-0.6111511578356376,-4.3000518285348495,4791.699
4043903750090144000,270.05401541187376,-31.41546244646927,14.12508,2.6940365,0.04487956004961617,-4.327845234267351,1.0042593102175892,4540.152
4043789366583186688,270.0366926872867,-31.771104641942678,14.134366,3.033414,0.08529581852957738,1.1849546861975928,-9.19235643173386,3829.6406
4043788297045998592,270.09537809245774,-31.801772103448997,14.135492,2.686037,0.13646563175156948,-6.962932150115586,-5.225072480374362,5129.8223
4043788816827137408,270.1346023259449,-31.76673809033424,14.135952,0.9710274,1.1560184721779547,-0.7787631965722656,-2.618219179575224,5569.5674
4043809943681616128,270.02233505337205,-31.411689467770053,14.136375,3.0531883,0.07382358466965477,-1.7504899551918733,-4.707071654631874,3819.5059
4043898561819473408,270.141059821146,-31.528121778806195,14.138622,2.1002436,0.37838072732367123,4.139600228247752,-1.0354862917352368,4612.001
4043886467186218880,270.1814960534201,-31.56699258290042,14.138879,3.7892523,0.03933289148906484,-2.557546183016338,-5.356188053358733,
4043792218388393600,270.17586550764247,-31.61358540510893,14.139081,3.2761383,0.059802382364106114,1.793479323614981,-5.242216241705834,
4043802281459756928,270.02364314232506,-31.670147913227538,14.13973,1.1347809,2.243859233140612,2.0629977947834974,-42.64496057864416,
4043783422345633920,269.9934984470107,-31.792353391462502,14.140648,2.7570658,0.1324585018838283,-2.0094987715206076,-3.947848669615948,
4043796925727663616,269.9028493386012,-31.683653885062842,14.141271,0.9428196,1.0006209375453423,-6.648791409976021,2.203960178491993,5835.1177
4043789778900210432,270.0388290042151,-31.725991759819767,14.142553,1.1302814,2.4675858977258827,-23.508593693219147,10.414065003117672,5472.5044
4043795723136505984,269.94272417706367,-31.738457590960298,14.149542,2.3570871,0.04146967678880736,-1.3798386758586827,-6.210484817776198,
4043796577739402880,269.8985594662595,-31.713826613085647,14.151845,3.1072273,0.21026716525539976,-2.2459207982944283,-6.338133689272946,4920.7563
4043803419721506688,269.98546031945205,-31.599913201175575,14.154689,2.7045631,0.10774994438943025,-1.9250133990041185,-3.9683590953605092,4454.705
4043804416152525440,270.1474685185629,-31.564408944864667,14.160348,2.0427713,0.38020390859002734,-1.0638360941066338,-2.629402200284746,4811.136
4043808608041075072,270.03751155607154,-31.50800861232994,14.161065,2.7131824,0.06271965911926988,-0.23367268523712764,-6.539914516259724,4443.6797
4043788335790837504,270.0709415133944,-31.799871442411302,14.161366,3.1597128,0.09863977062623396,-5.354097987144979,-5.89568446307455,3756.7593
4043795688776777216,269.9351928292524,-31.74249236457165,14.162878,2.5015717,0.30724258316813163,-0.5148904228281251,-3.045384509396108,
4043805893622722816,269.9203664280355,-31.627431068890793,14.163145,1.0038614,0.47760076163121346,1.2460146670658954,-1.6119480930019265,8956.988
4043791977870271616,270.13272424971336,-31.637986593088183,14.16615,3.8333263,0.012245924640014779,-4.07655475244921,-2.040197678160718,
4043790255551291520,270.0520286277299,-31.69663484177034,14.170358,4.7520266,-0.03959913342643093,-0.3889414950190048,-4.825606310749015,
4043803896367559808,270.109777686571,-31.58870820449672,14.171734,1.0042458,0.6103492645267631,-0.11587171071590908,-3.4986312156824875,
4043799949384770432,269.8884356016622,-31.657327958836063,14.1725445,0.91831017,0.8730171271761871,-2.677492125474386,-7.950537925630607,5755.401
4043802869965626880,269.947626423616,-31.642380411172304,14.1739025,4.1532907,0.12015424972764027,-7.448077601608638,-2.1034882367063137,
4043795413847052032,269.96489284242614,-31.770913682903945,14.177837,2.7022133,0.10998638241402227,0.4973982401259717,-1.7591483798090026,4745.429
4043792214056471936,270.17288979360643,-31.623548897564547,14.178322,3.171215,0.07210412801797389,-3.4082686116720007,-5.477055414354633,
4043885054064977280,270.2807510238063,-31.630081628559406,14.178711,2.6245832,0.07090725038071478,-1.285060463232848,-8.651583014992704,4540.06
4043804519231823104,270.12187189755974,-31.557268401757312,14.1835165,1.0383987,1.6536119932498166,2.4914631395182374,-5.496701615895147,5235.9565
4043805854868847872,269.905015347751,-31.637295623216193,14.185693,2.8315039,0.041791005924150436,0.8445781771463863,-5.671142778146085,4946.6035
4043792527678146048,270.17562338805203,-31.59937585717077,14.186948,1.9831009,0.3458545462616866,0.796498290619779,-2.139627832376881,4730.4966
4043789263503939840,270.1355487755345,-31.714857567055667,14.187636,1.7710238,0.3963457849098514,-0.7710428536316689,-6.065463819810235,
4043808058285258752,269.99799673769496,-31.543311267592227,14.191055,2.903943,0.0839816116262765,2.8752193207316736,-5.096149197615948,4911.386
4043885917429913088,270.27464565436287,-31.554097254771662,14.194877,2.5292816,0.08581414145823318,0.1494896120167848,-8.007529213422181,4666.498
4043886432826412928,270.2074995710814,-31.553771237514784,14.196414,4.0787144,0.04552021481522392,-0.43053550100006754,-7.383903844467236,
4043795345179467904,269.89729200426234,-31.755250489240098,14.200621,3.335391,0.10958228680272833,0.5877922322290401,-2.3920541630728698,
4043792385855165184,270.15203512206824,-31.622824793948134,14.204043,2.5700893,0.07766129896055356,-2.470346774860234,-9.104604245844264,4622.815
4043807164933335168,269.87858588337735,-31.567931781672147,14.20416,2.9041939,0.2280706263126408,-0.16169018802702012,-3.8709935948693865,4626.0186
4043805167677917056,270.04268716681804,-31.55132710490654,14.208552,1.5041828,0.44643773139917525,-0.16084308831690988,-1.5774135460761332,5865.368
4043788988626404736,270.17181968020464,-31.73630303484634,14.209372,4.591444,0.039901463329829474,-1.1261872631094259,-3.7780776628340185,
4043808882919107456,270.01921191233725,-31.487768104958544,14.210383,2.561019,0.11077194381352934,-1.3920585425628014,-7.2469000997087285,
4043788335790806272,270.07087599047463,-31.807207996778125,14.213057,2.112359,0.5131185952808155,0.4044091880574537,-0.38618328454733464,5113.969
4043899248965178496,270.19970100737686,-31.454599973629293,14.215424,5.1724386,0.0015495956809018167,-4.544645683162751,-8.662295315973322,3667.8767
4043791290727373056,270.207124588605,-31.660069749616845,14.215807,2.5125933,0.26876954951511317,3.415205161774129,-2.6914755411289084,4544.0044
4043803758928566400,270.0919869359941,-31.621079462381065,14.217109,3.8247213,-0.2657114195312371,-2.1101324926216884,-6.503417612655102,3874.1228
4043810081116781568,269.9732642382542,-31.422400748642257,14.218094,4.1434135,0.09200430146330855,1.909657966736369,-1.939955501315994,3551.4893
4043804965908599424,270.0501309928755,-31.56022926139024,14.218964,3.646453,0.07720957878822034,-1.4597471875662609,-0.8810181765692646,
4043795581306956800,269.99444765156045,-31.73507953847818,14.220264,1.7485466,0.6689341689555938,2.777355442923668,-2.4500880691404685,4683.0483
4043796921336819328,269.91091826118264,-31.687901227938926,14.225602,2.8077927,0.10442624052878494,-5.509631122196065,-10.142045257610347,4542.8623
4043803896367554688,270.10974144888786,-31.5934483536904,14.227961,2.6924477,0.09757033975217022,-2.188012590572536,-9.498600956308954,4545.3267
4043801701734233728,270.0259887542906,-31.679700434996608,14.228713,4.2066317,0.07860957113563002,-0.9380826917332029,-9.5966841669728,3708.8325
4043795512597150720,269.960620144002,-31.752321900147408,14.232432,4.8046293,0.09514225767451998,0.26456611081649334,-6.659251229917382,
4043790740920958720,270.1638328795937,-31.70537563119877,14.23333,3.249175,0.0625530913781585,1.5007573294938321,-2.9876986451354366,
4043807577250242432,269.90298348801497,-31.53804722550858,14.236053,0.8492632,0.8244753990000242,0.04760021189348246,-1.751286647578779,5996.5195
4043806786976114688,269.9422516613876,-31.554508288897843,14.240525,2.7198982,0.09965489620944909,-11.109362994196218,-6.18749889327624,5016.0264
4043796788288668928,269.8909410424292,-31.706256856958124,14.241113,5.379634,0.08819673973410622,-6.103003464437607,1.8363558670138482,
4043795929295904768,269.9521788323897,-31.707684012968652,14.241205,0.85465145,0.5450300335583228,0.9528701588190293,0.08072209237106974,
4043795757496328832,269.92142996879954,-31.734100767556725,14.241991,0.9880314,0.9523172903555072,-5.217296000117197,-5.056830801130777,5249.5244
4043796852617329664,269.8747455722038,-31.695671566961206,14.242895,1.2589283,0.5980066385398906,2.4462734005691207,0.09102320159874058,6597.459
4043902955489994880,270.054645281331,-31.432260680215435,14.246082,3.2435036,0.25516161107055224,-1.2032715861982863,-6.303373017543746,3828.5286
4043899485156050048,270.16532150535915,-31.483380021932152,14.247958,4.455799,9.154105251474969E-4,-3.5305783783891047,-5.881638294382309,
4043804003836858368,270.0518176378954,-31.613870574182197,14.249049,4.0045805,0.0654420700475114,-8.388031983157486,-9.146460445545763,
4043802217130341376,270.06025389242774,-31.64644094575273,14.249928,4.501191,0.051071593609603345,-3.5831391160120996,-1.5139481945691213,
4043786029303383936,270.18107650273794,-31.74663821302653,14.251702,3.1272478,0.02772867303464475,-2.6232693143809507,-10.57724345780765,
4043789744488965504,270.0159245769635,-31.731229296061148,14.257063,4.125291,0.07505617538839422,3.7535941293269883,-6.388753699654851,
4043790191217068416,270.0742742647553,-31.703402119905608,14.257886,4.2135477,0.012624556621495166,-3.830182011531655,-10.890911912258215,
4043788816827091712,270.1299607314323,-31.78034285447921,14.258516,2.8478794,0.058036599485256656,-2.940537784585401,-8.131738554809811,
4043789808880647040,270.05906304153,-31.72091317312243,14.259279,4.4945936,-0.026428070326711208,-1.2136910029887513,-8.638209974948749,
4043790324270779776,270.0853329902728,-31.688985554809033,14.261541,3.0383081,0.07795358423886693,-3.7944726790672414,-8.91918084284306,3780.7302
4043789504022161024,270.06596589301296,-31.746019465924874,14.2620535,1.9692459,0.32269923925677446,0.5902210892655946,1.3561933977851093,4714.6094
4043788541949316864,270.06781431995967,-31.78864252136677,14.26297,2.9385958,0.07362876500622836,3.5930475767386683,-5.814953451908759,
4043806202860500864,269.88935280667846,-31.60765856862758,14.266799,0.9500208,1.3991679638476668,-1.5369170700574741,1.4046259666345138,5458.256
4043803694597978112,270.09853850916795,-31.62144169104897,14.267667,3.1084929,0.014333021096042758,-8.21323551576703,-1.7555461203152807,
4043886187936594560,270.2157452853119,-31.586084265417735,14.268311,1.6102076,0.34178506690137234,0.517830406211334,-1.1364687355083525,5815.8013
4043885402033743488,270.2471312136045,-31.592289434714978,14.268982,2.4519777,0.06258917719725984,1.685814738783901,1.0558296786540762,
4043791286343499264,270.20143553117566,-31.654629637762998,14.269396,3.6676607,-0.0011471575980493455,-0.9143554207995317,-3.6222129784247463,
4043795826215704064,269.96405846267845,-31.725159464259807,14.271644,1.7756758,0.4765814650157136,-0.5924892794855512,-0.9634993188815646,4833.193
4043796891367932160,269.8953977730896,-31.688239495451697,14.27301,2.6647997,0.0525209603247406,0.6476944130696572,-13.57575651642326,4915.0894
4043810149840046080,270.0102491061108,-31.415120434217002,14.274413,4.0003853,-0.06506701433880166,-2.5307405304065993,-6.828438414450186,
4043802732526574592,269.9853726633349,-31.645716359333914,14.275236,1.6999264,0.5002569284893894,2.472308919795267,0.12756866715950432,5082.4214
4043785960583888896,270.1852062914837,-31.756175884038253,14.275533,2.2107,0.1561464472416368,-4.928186873969239,-1.816773583992118,4563.336
4043789847619721088,270.0321072077535,-31.72142569013153,14.275609,4.501567,0.10760052792658395,2.182375572268633,-2.5069136829839422,
4043886943851194368,270.241228663599,-31.532224676342082,14.276456,2.9070244,0.05332301973737462,-1.628234307493729,-4.940333115232006,
4043788056528035200,270.2376864063367,-31.698411846850043,14.277892,1.9896526,0.4037473233359908,-3.5466961160306734,-5.724924379712448,
4043789705795395456,270.01123910232036,-31.742523579119727,14.279031,3.5548525,0.090911183299406,-1.0832804210070925,-5.198114048661375,
4043788022168297216,270.2589102932917,-31.697970304713564,14.279933,3.634388,0.06712643984813221,-2.8388005370788743,-8.957854503405489,3737.0166
4043802045331569664,270.06343179469735,-31.674325791240758,14.280019,3.6133394,-0.0747963808489422,-4.914108710647545,-4.838483683471306,
4043788919906434816,270.1354730466964,-31.746124113446978,14.282214,1.1341448,1.3697234808918421,-1.170806828006864,-10.552279062958911,5063.631
4043790225576829696,270.0757038816595,-31.695900723223275,14.282671,1.2424955,0.3858779086690419,1.5419709519495801,0.3447047104737856,
4043789740155179008,270.0228846151309,-31.71955046835752,14.283942,2.600171,0.18967688800302446,-1.3008764372126411,-1.8969168462605648,4523.692
4043804450512302848,270.151032232694,-31.547105589147378,14.285974,4.2677298,0.058329053041558894,-2.232843728469473,-3.757354832018504,
4043808741090748544,270.05936414586677,-31.488055473244714,14.286194,2.7869768,0.07090788470261598,-2.2085926658624784,-1.9564549992687899,4704.8022
4043790259936609024,270.0516448309148,-31.70160925692182,14.287198,1.1844778,0.5340498999786252,0.7334502844507426,-3.8000132668178113,6857.1665
4043898424380293632,270.1889848297898,-31.51696189818621,14.289017,4.568801,-0.07188886504773323,0.7479468310398039,-3.38324562582116,
4043795482618224768,269.95189723886364,-31.761974596628335,14.290146,3.0378323,0.12830954440104353,-2.0345108046098734,-5.5786702404580195,
4043802109661076736,270.03950479053924,-31.662153137295288,14.291769,2.0832663,0.3185616100271354,-5.304084836925283,-9.849202839770449,4904.968
4043899764410780160,270.1488941263907,-31.458484150933522,14.292024,2.4517403,0.12853094179605115,3.023507067569975,-5.322102019324005,4515.5464
4043799949385343744,269.8884101403102,-31.654570731320053,14.293829,0.8799658,1.0279638655004493,-0.8385443469797703,-5.104196226553116,6053.0674
4043807577250215040,269.9047738156414,-31.54521550728113,14.298319,3.0192165,0.32757527370932726,0.9035307689457241,-6.593999380283567,
4043789637075898368,270.01894035653953,-31.75267798165225,14.298817,2.1417475,0.17512788765108478,5.414024814221187,-2.6620623542163617,
4043788748107855488,270.08023975154316,-31.753378648958098,14.301467,2.4560175,0.1485047070656944,4.671519117980187,-9.755884928231094,
4043808367523011328,269.9892754538327,-31.52035257331268,14.301558,4.376877,-0.00973811822619272,-3.2794777428751187,0.16266912247914755,
4043790191217096064,270.0649895586359,-31.702052716794718,14.301629,1.2046814,0.7889151054534046,-0.6067142639778892,-1.6455565363911229,6034.5234
4043802698166780416,269.978858653732,-31.668733425595356,14.302217,2.8819466,0.20606171778454077,2.3117223452773494,-4.897507521596382,4988.1953
4043792149720921472,270.1880187647352,-31.631916080033466,14.305669,4.843094,0.08750343646590904,-1.8150489167908526,-7.6259614235901,
4043795826215700352,269.9577389014695,-31.731641907097508,14.305785,2.465063,-0.002650231058826207,-5.407418061636817,-6.174858801579093,4676.9004
4043802663807945088,269.9571410917833,-31.665568074057813,14.309181,3.4184246,0.060721659904276665,-2.727811419841952,-6.681749768270513,
4043796479051088512,269.86439514915276,-31.70907462780119,14.3100395,4.2879524,0.18210171542298442,-3.537982577804164,-3.536212124902106,
4043806851301336576,269.9740139108223,-31.53869396468764,14.316545,4.6555223,0.3824644929140799,-2.0209398823464984,-6.582074874337876,
4043792355879418240,270.193471096385,-31.599006708558257,14.318682,2.0587912,0.34345037723156346,-1.479263952064954,-1.6064837329287975,4671.786
4043806409018800000,269.96512991594494,-31.597668007378704,14.319568,3.2737846,0.04106520473679513,-3.5358891846574183,-6.408181968106355,
4043792042258385024,270.1299782640643,-31.629116065198883,14.32112,5.87646,-0.10441440277798787,-3.163604279349197,-9.374574578178745,3559.6367
4043791050209135872,270.23678055611055,-31.667890146860653,14.32163,2.1272478,0.2666942580787485,-1.343581752792599,-1.7150149878106566,4622.9214
4043886948222432256,270.2445789524667,-31.529800076329327,14.321725,2.7403574,0.0746825944555203,-2.3337069158842123,-6.92802030945113,4946.799
4043886432826388992,270.19957421420673,-31.564003253325993,14.322581,4.510105,-0.033027709490562294,0.5003324119019513,-7.468054287546574,
4043800018104315520,269.8700013020932,-31.652271489392483,14.327732,5.456893,0.7117067357686029,-2.5892619315041077,-5.311582983922895,
4043803999453050240,270.050238812881,-31.607438307890504,14.328065,2.6205244,0.032619866287906245,-2.865096360139402,-4.726670462463586,
4043803690209073280,270.0992300389421,-31.633953649756997,14.331818,3.1155548,0.04382730460576759,0.29482604717472527,-1.8289985623345766,3797.7754
4043789297863703680,270.11975633828393,-31.718022777940988,14.334686,3.1923265,0.07157449994865174,-2.037672364705377,-1.8451150206994706,
4043886123588419200,270.2142713685384,-31.59530081392143,14.33506,3.0656385,0.03996150265940761,0.4002103638286574,-2.7989652998133043,
4043782735150704768,270.0445549973315,-31.787184248980402,14.337407,2.1565962,0.2858826635236561,0.533309639554792,2.1635371794530505,5362.358
4043803454081244672,269.9690926473556,-31.61082857315304,14.339223,0.8361702,0.8966275469937538,7.132226028115319,-2.6009583615251284,
4043802865571603968,269.9414844603695,-31.644412533372435,14.340357,2.9700289,0.06418158521495443,0.5370560017563247,-5.655224206103225,
4043899175918510080,270.21692011314457,-31.46865845040539,14.341076,1.0225353,0.7828906450483671,-0.2232088655643634,-0.20261346401875005,5323.4883
4043788984240897152,270.15769696152546,-31.74072040171929,14.343035,3.1902733,0.12274639057947573,-2.9139835387950392,-4.799723328693671,
4043806821335804800,269.95968799157237,-31.557524782783364,14.344642,3.587863,0.04444912963187167,-5.5107768363345455,-6.126946692833686,
4043795100270568832,269.9400760542354,-31.772447278109244,14.349011,2.520255,0.09818220361319235,-4.741036877887082,-8.188829677536955,4856.012
4043796513410636928,269.91443695785665,-31.720592140398058,14.351288,1.0406046,0.2540541826123349,-0.6548001900039189,-2.2822450535096803,
4043796788288659840,269.89643136014024,-31.704497575433944,14.352615,2.6680565,0.15714770007647194,-5.802393177069309,-8.098315447712872,4714.7983
4043899313520910336,270.1323035728646,-31.515302144735315,14.355032,2.2889957,0.1375607917170738,-3.7815457579537632,0.6171895303257522,5127.635
4043802968650826240,269.95136466957234,-31.63558828167504,14.355823,5.1592884,0.05150501936794693,-2.9136154543342183,-3.365497857876683,
4043885298954444800,270.23495621528417,-31.61534221776138,14.355929,5.659852,0.15710256025091224,-0.743483239357382,-4.281994250142741,
4043809913662061824,270.0117664447486,-31.43433985474236,14.357469,4.6916285,0.03731372175487757,-5.190940072525415,-5.227761490917644,
4043808122611654784,269.9819253587875,-31.540374851378218,14.357513,2.167779,0.2931722244704204,-2.9818265486327333,-5.878319029193334,4686.7393
4043803896367550848,270.11758114895986,-31.59580452640928,14.358877,3.4107265,0.06487290953056016,-4.966722433572881,-2.6579794353417916,
4043802491957657216,270.03528827107726,-31.621844085451677,14.360331,1.2914515,0.8592831144107438,-10.550176699145494,-13.805706519614127,5490.0986
4043790672252048000,270.1816619815204,-31.699535709405033,14.361468,2.453825,0.12392542361968378,-0.7405262789219466,-4.137571652613867,4680.4604
4043783800302854400,269.99092227718404,-31.769272496447268,14.3638115,1.1995487,0.8116379553685527,1.372997283584825,-3.7808185324365233,6321.4473
4043783559784530560,270.02281555795673,-31.78095262532499,14.366903,1.9957399,0.33793826699470053,-0.27862305310613006,-1.0440665797747233,4821.347
4043801667323699584,270.01202848863636,-31.68728082362112,14.371868,4.1014633,0.13235308361277062,-3.636376231815469,-8.730505025991237,
4043899626971940480,270.117270805705,-31.468461038118818,14.376005,1.9317131,0.3961222487113396,-0.1963399475721712,-2.423887030399851,4673.051
4043791943627684352,270.1078641286114,-31.640162511224442,14.376126,3.072217,3.7065479412586657,3.3544746384738917,-4.278614599249751,9062.639
4043792080949567232,270.1296616828677,-31.61762567301163,14.3775215,2.9289398,0.027383459122031238,-2.377548756905977,-3.15828543757688,
4043804656670795648,270.13762053514125,-31.53630445952724,14.377819,1.7659931,0.654544462943272,2.3018369382997568,-3.024312312414086,4900.898
4043886565894031872,270.22541773752346,-31.53803230284163,14.378157,2.0536556,0.31054797434153136,-5.491244878610281,-2.9954122012079383,4538.0737
4043802526368094592,270.04946039681846,-31.62031306785213,14.378267,3.637374,0.07555480542575738,-5.103575698238362,-6.635726734805931,
4043805683074022272,270.0633663063012,-31.508653954484707,14.381264,1.8245354,0.4382061468177705,4.990590579153512,0.06745264426613465,5011.2266
4043885328943065600,270.25239816206516,-31.598192103853627,14.382278,2.228385,0.16201988888977825,-6.539412520269349,-1.141844377234684,
4043788846986609152,270.1453939460714,-31.752614429087558,14.382786,1.1114511,0.5739270549215838,-1.9366205892859834,-3.198184975522804,5998.548
4043806649537091072,269.9722767797821,-31.555073004495195,14.383801,3.1940107,0.001897645070251433,-4.966330514378524,-4.92166976685161,3720.7688
4043791084568911488,270.2051527784116,-31.677625543221342,14.384598,1.3495684,0.7035244850120358,-0.9846295907816027,-1.967366139738112,
4043787609851402112,270.2275667995423,-31.7193955485361,14.385611,3.8689013,0.02037232349439205,-1.341328277571887,-4.0127514640173185,
4043899420813286784,270.13699380356167,-31.48304387632812,14.389322,5.3593683,-0.01130384678050124,-1.5701111312700715,-8.271061853611947,
4043886153632098560,270.23266766459716,-31.585405447019035,14.389891,2.041853,0.295024028715461,-2.8908227849431127,-4.3058317695958355,4591.682
4043789259118841216,270.14903040560023,-31.72028986206033,14.393618,4.0088634,0.03743965301994844,-2.4481307572729873,-5.749743514375812,
4043886295387049600,270.25922746904916,-31.565278026388338,14.394707,2.4747639,0.08135142702615383,-1.9109718679357197,-7.364858926735117,
4043787614182938240,270.2270282357396,-31.71036647361591,14.394824,4.4326077,-0.015233853551123722,-5.83373378387362,-4.337836243581062,
4043791909204097920,270.1028407145146,-31.64809843491717,14.39604,2.030344,0.29895743120787927,1.991671743104435,-0.9680121957714979,4934.688
4043790225576854784,270.0763542935505,-31.69000625587664,14.399198,2.110612,0.33200800297823,-3.089251723363407,-2.9658390554434693,4637.316
4043785994943619712,270.16827619263967,-31.75929366515218,14.400907,3.1129627,0.01295998296136866,1.4823646067875493,-9.00174478046678,3756.2024
4043903024209568768,270.0947959625661,-31.41982752219506,14.405926,3.1867485,0.01894573743258099,-6.8484234070246846,-5.230194344665305,
4043808230083906816,270.03195451779374,-31.5266805202015,14.406486,2.6941853,0.07451911771144426,0.5936060450894862,-4.212761727376713,4687.3438
4043810016739888384,269.9849700943532,-31.43119039642563,14.409938,4.6255093,-0.03438425279597306,-4.288159612105577,-8.67917765579601,
4043806512098112000,269.9492081518089,-31.577936959722656,14.41097,3.8645353,0.0587287973707526,-2.219025110207094,-8.030401900026982,
4043789568356460928,270.0503674438798,-31.734024117583292,14.415723,2.163701,0.19587776371025076,-1.7984936478573759,0.6441404959694911,4682.0303
4043795615666687616,269.97277240775844,-31.740123107626648,14.417469,2.6710224,0.12949675920775772,-6.794810201598304,-8.660049581833572,4479.8994
4043886982532122240,270.244605592641,-31.519768707392814,14.420318,2.768157,0.07166226389117289,-2.538133552561217,-4.835234593562962,4590.9487
4043899764410900992,270.14367757592686,-31.444497873513644,14.421136,1.7613668,0.6473153289457667,-2.410230585640275,-11.062292618013394,4831.458
4043995662423527552,269.8921666958431,-31.484846005503126,14.423811,3.7853107,0.14440127784483986,-2.9231550326095848,-5.850764952873025,
4043899863113300608,270.16631967707144,-31.46493182433195,14.424674,4.249736,-0.2666610670158984,-4.219682034858723,-7.368582666947601,
4043809948071244288,270.0169033860846,-31.418710379980922,14.427661,1.9071026,0.4488076252412346,-4.156627656523891,-3.9643138969731293,4578.113
4043791462473918336,270.23213414919667,-31.631112007853446,14.427757,4.701025,-0.08733505279475295,-4.998767185996983,-2.9088458544667986,4322.0825
4043792115361173888,270.17602306493154,-31.647746935000495,14.430865,5.129238,0.035360787962067916,-1.8241786299277236,-2.5133691185418012,
4043808466419914112,269.99404781663293,-31.510377303549852,14.432557,1.0210085,0.8591086065849443,4.274222790604806,-13.620800814298539,5450.2817
4043795516977965056,269.96540790636215,-31.749984253701548,14.435161,0.9425316,1.0489809107414956,1.2517646770216955,-6.893478103860289,5415.155
4043788026552062976,270.2552212655026,-31.698347820797157,14.43526,3.4885015,0.015170354848711872,-0.5777906079178269,-0.6202412310383061,
4043898969873932288,270.22529784382886,-31.475045939465968,14.437567,2.0580568,0.3191484959807327,-3.0054604424218088,0.6067837730154186,5585.7593
4043805446948258432,270.11507486645326,-31.531664944108883,14.437649,1.6904631,1.2352915872278394,0.43442560433352473,3.7774437681057584,
4043788571923958400,270.07711624984057,-31.77739640224196,14.439124,0.9472561,0.5299378557862067,2.0145420188766083,-0.7488407512777405,8697.577
4043807336732188032,269.84273228823184,-31.545316483637112,14.44871,2.2088928,0.28488680158710583,-2.2902799187330998,-2.458557547015074,4613.746
4043899038479414912,270.1991784683349,-31.489067304797576,14.449949,1.4275484,0.5608204252562707,1.8530904503825252,-3.821399738018832,5546.683
4043802212740304128,270.0608822378279,-31.65281637199461,14.456053,2.455243,0.08347321556030493,0.19788292204161823,-1.215661518080066,4444.9824
4043795654417981056,269.9775245872818,-31.723266017580006,14.456865,2.8977098,0.0962030280289589,0.3258236844847386,-11.641911131709513,5579.5625
4043782730768415744,270.04245473309453,-31.786057995922718,14.460067,2.845625,-0.004286386949524549,3.301915036470953,-5.893082210522953,
4043789881979497472,270.0489704789223,-31.700415504337755,14.461216,1.0092773,0.844724253577177,11.402181737980106,-5.107283241742622,5735.278
4043795894883792128,269.9433053860438,-31.718571508477133,14.461415,3.1034842,0.12643305456998877,-1.0313539386496517,-5.0005686406489005,3771.174
4043783456705249152,270.0261211586259,-31.79415075808732,14.464509,2.4416428,0.08159608957760706,-7.0138754470711735,-4.37424769156415,4529.932
4043795409693153408,269.94983951644804,-31.769842171451756,14.465378,1.7723589,4.238391270303221,12.356173016058776,4.55556397820107,4317.553
4043995662423534336,269.8915057517396,-31.48270881172131,14.465917,2.173298,0.326995699103195,0.8026914050254517,-3.8125088225655954,4644.427
4043899730051069312,270.13640914907427,-31.465521229006093,14.466056,1.0283661,1.6525244085778823,-11.445886607805898,9.748494324599736,4992.028
4043899798770678528,270.1245202919982,-31.455027482587248,14.466644,1.8618307,0.2864646092856068,-1.302348349854237,-5.9530541706478175,5240.929
4043803625880022144,269.99921174478413,-31.565674785961594,14.466808,3.3589754,0.07212091454983116,-1.5246922123210385,-6.15768185576491,
4043790667868151680,270.18408074356705,-31.697715845535186,14.468017,2.6901588,0.11574867452536342,1.9741810704641163,-4.689101445165247,4768.7764
4043903715781641728,270.04703116929664,-31.415502003519855,14.469082,4.8427362,0.08304811700206316,-5.428267206618488,-1.2184955879775101,
4043806615177361024,269.9644709496084,-31.558333359725545,14.470232,3.6328382,0.1649016854939759,1.5009576551847692,-3.0222058899871085,
4043795929244907904,269.96154853927715,-31.705255662455837,14.47111,0.93340874,0.4562032536635422,-0.47235310973576206,1.3482321357769806,8657.353
4043789916339040256,270.0937547865623,-31.72299568054041,14.4711485,3.9694824,0.06304582529467992,-7.335262246951388,-8.273691571825495,
4043788571923958528,270.07521002074213,-31.77833522615906,14.474062,2.5441456,0.5258956823401982,-3.6466298950854767,-5.751821339047144,6190.536
4043804961519470848,270.0489516168275,-31.567676241271144,14.476937,0.9735203,0.8956348172068439,-3.4328922703504587,3.384713053558908,5831.1694
4043806404624695040,269.9516595452811,-31.59994317620442,14.477159,4.682374,0.05611791377071798,-5.014805273956091,-2.2987126908332893,
4043801598604108160,270.0261296932639,-31.70628320873167,14.478927,1.9097986,0.3783216653708137,-3.9523408223656094,-7.884870908475834,6206.0796
4043803831985906816,270.121343386524,-31.613147011320304,14.479691,1.9968796,0.29499333652816523,-2.829817264273517,-6.407631516949908,5113.801
4043902684937824640,270.07634461782493,-31.44705633967289,14.480115,3.640171,0.09170263367520218,-1.8222509838820868,-7.563714360537495,3518.211
4043902788016852608,270.1163974040218,-31.43431776528286,14.482123,1.0296974,0.791081072102772,3.080130678209896,-0.8319814564836457,6441.226
4043804446301693440,270.1453284416828,-31.550012285838264,14.483978,2.2758055,0.07607746865531115,0.3202644805666534,1.05159275002131,5795.3433
4043792287161163392,270.2083445504167,-31.601037868959434,14.488982,2.1070852,0.23236517642629084,-1.8026884743145752,-4.190968390972793,4641.4546
4043808779839770112,270.07364787204887,-31.475714048591346,14.489476,2.5108843,0.08764260803536494,-4.904642178280168,-4.670613659427643,4485.473
4043783525424813696,270.0112298730151,-31.785876471046034,14.490052,2.6757946,0.07064725448737744,-0.9801796475879674,-6.567416485192609,4703.111
4043799915025039616,269.8754132203485,-31.66480249417665,14.493294,1.0260782,0.819008620170699,-4.495153084889955,-7.804256314114689,5788.733
4043789705795399936,270.01467325223985,-31.740753898423016,14.493705,3.2971048,0.04217620089325952,-1.8713139075149734,-7.081478090144704,3718.3206
4043802418924259584,270.0344476967466,-31.640108973954078,14.493828,4.047389,0.046621154055776874,2.308019840917121,-5.473538238909027,
4043902959816069760,270.04957262083786,-31.430338674448944,14.495637,4.6665382,0.13801669187987006,-9.399574967726796,-5.836437704619928,
4043782666431107328,270.0610436805032,-31.8008381982383,14.496205,2.3102531,0.07031178463222175,-3.9089719955004782,-10.427264516130181,
4043885328943045888,270.2523513281532,-31.601225640917885,14.497195,2.2479124,0.15930958086057595,-3.6835403616216555,0.31209246114152267,4637.5273
4043783662863917824,269.9677306938093,-31.785124523210953,14.497649,4.535471,0.15793348434736412,1.466901535031491,-5.400409817730527,
4043801529935519744,269.990931435558,-31.710611939567862,14.502142,3.481203,0.06352836424007505,-0.28970231356453635,-1.87196531311549,
4043885913058807168,270.2746405801923,-31.567509056388065,14.502278,2.507988,0.055281749956670796,-3.8104729668311004,-3.930274198210123,
4043802212740304512,270.0610478968007,-31.65120698893887,14.50334,2.518736,0.09630552742814172,-5.361792015758821,-7.2176280897481355,4507.465
4043899794393960448,270.11807729314097,-31.447050250808434,14.503712,1.0241508,,,,
4043810115689962752,270.0029674980653,-31.41957528383718,14.506005,3.512269,0.04508450838636293,-3.4466882354487196,-7.834111085810389,
4043899558252260096,270.1490692828782,-31.47030188554307,14.507047,1.284977,0.5846997279340135,5.550931498996857,1.4466337205709474,6879.348
4043789637075901056,270.0232791344814,-31.751599091572054,14.507728,2.5162392,0.15985165063148027,0.5127761968446743,-5.9269200299494695,4537.782
4043800048073059840,269.8890293712679,-31.642934388035744,14.510248,2.8433104,0.6341939848582889,-1.5160246529833488,-2.2716763252895364,4598.8237
4043806507703938048,269.95600707756495,-31.56617883436036,14.510895,2.7080374,0.13242184680357796,-2.1574058380668144,-1.240838993203179,4933.3906
4043785754608211200,270.1936675711422,-31.765424726779838,14.51134,0.94264126,0.6192433611149075,2.37930519226044,-1.7255803914524317,
4043885230234825088,270.27327638777257,-31.602746268135313,14.513047,2.5526724,0.09623478959759242,-1.1022707996773813,-5.056986068061313,4954.3105
4043783589758192128,269.9778877109531,-31.787897854505143,14.51496,3.484643,0.13246005647489298,-3.3458784523765233,-8.968953950300092,
4043795787465401600,269.9359856639392,-31.726536503572813,14.517506,2.8536272,0.129804398259576,-0.5092096831333,-4.055856083423201,5804.679
4043808401882846080,269.9647551861265,-31.51377560432954,14.5188875,4.8223333,0.028403536829507074,-5.08407413086078,-9.489952997304444,3682.8765
4043898802337305344,270.22807985179486,-31.498069586227153,14.519595,2.2963123,0.23513240245186345,-0.07797308193676321,-2.4463223341621547,4544.204
4043802457648588928,270.0487327994384,-31.62988651008064,14.521984,2.0529833,0.27234565864016064,0.2394053160980876,-2.006893219836588,4643.496
4043809123437333248,270.05187435067216,-31.443252744977986,14.522084,3.6016989,-0.12828879711740676,-0.607435008147821,-7.688015465437345,
4043899072844779136,270.2184437756422,-31.476882943516,14.523913,4.0646725,0.04943474185912475,-0.18316966955401304,-6.729957064405642,
4043801770404253696,269.98254662936137,-31.69015739883974,14.524516,2.6009178,0.029173645023072327,-1.4314984634323455,-8.0562768067977,
4043899553881073024,270.1501214031346,-31.460401320226012,14.530334,2.785533,-0.060241167675834095,-2.653680215173078,-9.057818614346404,4896.6865
4043790053778030848,270.1074113402834,-31.704322262310317,14.53109,2.2573948,0.12676732828578063,-0.512617463844152,-5.989084584316738,4806.2393
4043899489481201664,270.1695985561697,-31.480175579504092,14.531245,0.9973078,0.9606800195990338,0.2552054609116914,-7.024475994641193,5547.7305
4043783589758195456,269.97991150756167,-31.785789965977873,14.531954,3.3140917,0.018341429925918494,-1.7531395926320767,-7.48532099621017,3611.7114
4043810119871030528,269.99930206153545,-31.42512182250435,14.535462,2.4380236,0.12237357394780624,-1.9022785187747855,-4.053924837419179,4629.7964
4043803557160437120,270.00960216213815,-31.589533050546372,14.545183,3.4903088,0.05700191294431993,-3.7333255040482274,-5.77024428471717,
4043790358630545280,270.093243281802,-31.668863312770103,14.545724,3.2631664,-0.08478271490209016,-1.7050302469125593,-8.148166928936238,
4043809260876423296,269.95460468998635,-31.48732082917149,14.546029,2.9870815,0.07286529106009575,-2.7050432543362866,-5.814091363797414,4715.083
4043808092644954624,270.0169991288393,-31.538678750507778,14.546212,3.097227,0.07626529133636989,-0.1644569115400565,-2.3633144848915784,
4043799464106654336,269.84110233877465,-31.69093942841024,14.551566,1.8321476,0.5260618740865811,-1.9679071134716675,-4.134476961809015,4881.581
4043804553540657152,270.10225025890423,-31.56613608293588,14.552035,1.1117039,0.9182371969034844,-0.7906234837193044,-1.949772460321141,5589.999
4043898557442851072,270.1343818522222,-31.518939585792364,14.553503,2.4590874,0.11193650234939563,-4.7058802667191015,-5.425239526114023,4799.1704
4043898733618237056,270.17179833494106,-31.491867886590953,14.554264,4.5182896,-0.009416740624314919,-4.815090427725467,-4.765579759572942,
4043790363015839360,270.089208461077,-31.672404912036185,14.554304,2.4029608,0.16751953537075948,-1.1299925072037402,-2.628749764354232,4563.386
4043804553591614464,270.0942250804004,-31.562022557332917,14.55824,1.4117155,0.7757669986399591,0.8390834300445833,-2.2251252552582192,5725.601
4043899626971919360,270.1148353102147,-31.47376675106596,14.559167,2.7546816,0.0844894776733418,-5.941078745396647,-7.834016741271098,4888.2075
4043792012282089216,270.14118236439015,-31.62222101924346,14.559503,2.9713087,0.21429295623581426,-1.840191091731878,0.8986769754329126,5552.892
4043808230083901952,270.0363347323615,-31.523802217585725,14.560022,2.7249517,0.10215890295036206,-3.0843391764029278,-3.730423649137166,5150.9897
4043802281459768064,270.0253984818239,-31.66122850437491,14.561211,2.4296494,0.033096310068082314,6.787277701220674,-3.374034432290122,5200.5063
4043801564296326400,269.9993064645949,-31.711103801665814,14.561218,1.4844751,0.705479479937385,4.195183718969152,-1.825238808396885,5835.544
4043783456705284480,270.0241620879172,-31.787686540303756,14.56126,4.516754,0.2008348781483341,-3.3206343264037064,-7.781853112886411,
4043885505112951040,270.2578207962607,-31.58401597238715,14.562814,2.4450674,-0.010258571652832154,0.8355815915981697,-7.282832105904619,
4043995658063307264,269.8883767674053,-31.482623321468946,14.563242,3.7132835,0.13268025315136528,-1.784562896704684,-5.528603717032843,
4043802663807092992,269.9562780875138,-31.666891566915314,14.563947,1.0903559,0.8018482748541385,4.03305598416011,4.253152636523568,5724.63
4043808023926994176,269.90306523441427,-31.48581246941157,14.564326,2.937869,0.05804369502104597,-3.424119706698678,-5.718906423980623,4730.3096
4043801594264930944,270.0228301452883,-31.71034909949971,14.566932,2.4443483,0.01708459306869745,-1.2342647705408591,-9.436672551350107,
4043792046641843712,270.1184757090952,-31.635865893091477,14.567108,1.1511173,0.47096495127103805,1.0256104385228244,-1.4804226417341058,7067.7754
4043997346049457280,269.94572385614714,-31.433893559748032,14.567162,2.3080912,0.26240584849420434,-7.605917799341853,-6.612704183628619,4502.1157
4043783525424839296,270.00571936002495,-31.784177949784908,14.568531,2.4283686,0.10397652986167835,-1.7263373862125655,-5.512075858969351,4842.7065
4043804622311002880,270.1353756075682,-31.557710188093413,14.568984,2.4913502,0.04396575930977557,4.285192019136444,-5.624872501210559,4869.833
4043796994447170816,269.90644586243894,-31.67069362313288,14.571295,2.4940853,0.22548529073402637,-2.0383956791596236,-2.522201748766255,4690.384
4043805206426842752,270.0554361837832,-31.531643410593603,14.571985,2.608841,0.0493947538572618,-6.702313673103399,-6.787651448163825,4467.7983
4043807336732144128,269.8447543662909,-31.556388466563835,14.57394,2.513792,0.23312423167605575,-2.7527925751844133,-1.461367760581974,4533.2036
4043787476796229504,270.2169704426768,-31.74072060004376,14.576392,2.821828,0.035056329177320815,-6.31807076494376,-4.941378543311102,5228.5117
4043789121679851648,270.12002381367046,-31.73930838085552,14.577373,2.3554783,0.039256372112348635,-1.4473051368004042,-5.714689620282061,
4043788571923940992,270.0720171015614,-31.78466750510669,14.57928,3.0451298,0.04500035879244861,-2.662188356115359,-3.7690637718745377,
4043804583562363520,270.102654383114,-31.552070284128366,14.581509,2.63093,0.00835264704289552,-5.9551591679548075,-3.036123688058223,4567.6567
4043899489567813632,270.16801758834987,-31.478910940946857,14.581922,2.5252,-0.04504211207756443,-2.312260621897432,-3.1962836893377404,4854.6714
4043898901040450432,270.2366192860507,-31.490257818007716,14.5820875,2.0516415,0.10974138380110807,-1.8659009103745616,-2.5509859998301394,4952.3286
4043805717433757824,270.08839357218994,-31.514011469745807,14.58386,2.6636467,0.18468825759918553,-1.0897515526627497,-2.9343848304647944,4667.323
4043783456705258368,270.02689924725223,-31.791409110951722,14.583964,1.6557074,0.5402184037813382,-1.0991652629218975,-6.695652350370707,4927.2197
4043782666431154560,270.0483184986829,-31.80110585709512,14.584754,3.2213907,-0.05919297495579169,-1.8751815724183303,-6.501955729386848,3743.5132
4043788228326775680,270.2569768135604,-31.662003111549282,14.585506,4.1446953,0.09024707127440526,1.9350511320883905,-4.6749104820227885,
4043783662811811840,269.96312037438787,-31.78413380140295,14.591223,3.4458466,0.30325542956575147,-5.465301541521968,-6.850445601076455,
4043789607101451264,270.0646422540899,-31.726735661435406,14.591514,1.7663956,0.4669600606591629,2.710563952683841,-1.9102048533040246,5229.8003
4043886329746978560,270.2253222779946,-31.567972933490246,14.593008,5.087494,0.06761418283118494,1.6373782072379912,-4.716099592909668,3732.3318
4043806134140959360,269.88946949789243,-31.626734582583776,14.593461,1.189146,1.9124545442794132,3.0566335701358374,-5.193533852594055,4930.9053
4043805374014041088,270.07648031975657,-31.54664818545209,14.5947075,1.166523,0.8195958276993152,10.537079871674662,-8.501329430410387,5316.0938
4043805408196102144,270.09622554848266,-31.52996042255817,14.59567,3.2864408,0.0867828909325163,-5.424651589678148,-2.5772409603809936,
4043805481304581120,270.1251078379437,-31.525448567331217,14.595949,4.2280397,0.06486588573205083,-4.481147284980937,-9.32904796650711,
4043795894935260160,269.94218013665676,-31.721555707276867,14.598671,0.960515,0.7950991560228006,1.5272365772751277,-2.0698570233560654,5537.8564
4043803655849329920,270.084281664198,-31.638511119418084,14.599843,1.9663696,0.30166435222813803,-2.237274559817391,-6.315948749903958,5023.5166
4043898561819482240,270.15118676609706,-31.518218885352006,14.60076,4.5989923,-0.07003554383879987,-2.628616726794029,-4.963207506231179,
4043899867489795456,270.17839602848653,-31.460585001154623,14.602844,4.966693,-0.04161673546753568,-2.6176291797410505,-9.073027838444565,
4043806615177325056,269.9660201947826,-31.567585127222745,14.60342,3.9947062,0.0027995381330929436,-2.7248272537498472,-7.060224055771069,3573.1753
4043809673194442624,269.9476153888636,-31.440569965341272,14.603932,4.464259,0.023631372377111604,-0.510630170894907,-2.601650483072961,
4043806786976146432,269.93482062944935,-31.54977109604775,14.604352,2.2598972,0.3028377413139197,1.9658216494515433,-0.2545420620136175,
4043788228326771200,270.2603657059017,-31.66621749525839,14.604422,3.165924,-0.04810210377111586,-3.597681669449322,-8.251270275899067,
4043789808874651392,270.0512445928679,-31.722354853217556,14.604938,3.0485468,0.0951413920025756,-2.5314106828539837,-5.3788318895793745,3742.5435
4043792596397663488,270.1695148566804,-31.589830368486744,14.606866,5.076071,-0.2989664943256051,-4.83969328068432,-7.376444830853767,
4043804794109806976,270.0534151051927,-31.589290071568165,14.606872,4.221588,-0.32902034137804786,-2.8953146367657285,-6.868068830573748,3371.0598
4043886295387091840,270.253219537879,-31.5646662789682,14.607114,2.4841347,0.06313964344442034,-4.9566883455758495,-6.794701885897435,4580.089
4043782662230959744,270.05790716537706,-31.79794373394872,14.607142,2.0426607,0.16119827679083512,-0.43313723494815154,-2.370268969278646,4740.016
4043899111524049024,270.17917947639853,-31.47508810556378,14.608813,2.2431889,1.0946129510777998,-4.72238007211684,-6.649299894992596,6379.508
4043805717433765248,270.0909025130662,-31.5021353701974,14.608814,2.0786839,0.28275336882953683,-2.1393557383991637,-2.112573376280263,4779.157
4043807474171151104,269.8661120380156,-31.526921878460595,14.609871,4.7080708,0.08480085055725987,-7.345872573893935,-2.4419820891912907,
4043805820512986624,270.0875916617051,-31.489611360018106,14.612074,2.392789,0.15336087801003878,0.38550899167844666,-6.018934478560242,4349.7637
4043898355660656512,270.196341552071,-31.53562115126288,14.613409,2.9366665,0.1223762691764962,-4.1791693329127675,-9.57167086516224,
4043783353626057088,270.01216941067645,-31.800977691352106,14.614489,1.9502935,0.31933833594713584,0.4384844129393952,-4.009249626783544,4690.152
4043808539321776768,269.9876357705067,-31.500827011265475,14.61452,2.9566374,-0.013437171325713027,0.12141262892766842,-10.83019630533252,6210.446
4043790225525285504,270.07056939640285,-31.69778869793169,14.614994,2.354991,0.1205314370328956,1.2256711207122244,-0.9919180989506327,
4043899558252309376,270.1554666413828,-31.4585062883294,14.615786,1.0364704,0.8083374062508685,-1.2610892332560166,-9.262257672742635,5355.994
4043806340248992128,269.90282548519144,-31.577748566578535,14.616835,3.9792519,0.13058778841955454,-5.097651525540695,-8.67843771096027,
4043806477738362112,269.9475748084022,-31.58305992393848,14.61713,4.5795774,0.029606801752568277,0.8632643680574625,-7.255989279760418,3519.7642
4043805859262944896,269.91483228090004,-31.641743456425505,14.61875,0.98855114,0.8997083442771503,-0.6821844593696128,-4.983622130274533,5659.2324
4043805511310393856,270.1015830010677,-31.520440528552093,14.622148,2.6916428,0.12177918040001745,-4.825284337765748,-5.154097927452505,4675.637
4043790569122178688,270.177030691259,-31.712745000495996,14.622219,2.1234808,0.3125906582786967,-1.2211382617697493,-3.93136744365239,4457.071
4043898488723225856,270.1527633421105,-31.540171875353806,14.624026,4.7119036,-0.04184976020885093,-2.9285544463007174,-3.2523434950510897,
4043795104661083776,269.93504519431326,-31.781155999880085,14.62421,1.0152159,0.8203751001256601,8.459252379999798,-5.939872492423062,5889.1377
4043788473229821056,270.09135988582085,-31.779121882891612,14.625128,4.105569,0.05844290927211443,-3.801329956356108,-3.3701592380392285,
4043789224759104768,270.1331329249199,-31.721212947065993,14.626211,2.4573116,0.06788851328666962,-7.326408090537464,-4.458932475555721,4590.0264
4043789778900197504,270.0457263798149,-31.72481659135002,14.626713,3.6466541,0.12863855938094604,2.033164195424529,-5.984225502619387,
4043898699258575488,270.1572174960433,-31.494226902628654,14.627043,1.8904505,0.32492489963627885,-1.5665132967237705,-3.400771877957669,4730.559
4043790500454386816,270.1840894428155,-31.71758387708165,14.62799,2.6965818,0.05799073369321092,-2.0126488565716363,-4.742390367512318,5330.249
4043898699258474880,270.1628424093574,-31.5024396846538,14.629012,2.4129343,0.09762898913402687,-1.8647577145295353,-1.978557729300869,4720.11
4043803728959714432,270.0780661620787,-31.63186562486997,14.629069,1.2564697,0.41244314318256314,-0.37741723540900085,-1.7915668154474085,
4043808912896135424,270.0253519539422,-31.477339950854603,14.629807,3.317153,0.06228956384117339,-0.17586339429683745,-4.224620817285771,
4043808848559294080,270.06732486015966,-31.466939456675224,14.630843,1.488594,0.742578826974386,3.5847918579594658,-3.9494508801725257,5443.255
4043806031061669632,269.9426858215016,-31.61446285195684,14.630981,3.6340237,0.12796427557857032,-1.2449788956600223,-1.805787591277656,
4043789469662467328,270.04622329709395,-31.747639635721068,14.633319,2.3679295,0.07183818883041519,3.9515020236499803,-6.668171134896177,4869.456
4043790431735328640,270.0959591702597,-31.66260801099888,14.634328,2.7362118,0.12483457538313969,-0.7298011542206118,-3.157144444477132,
4043785823144886784,270.16138652047925,-31.77872921778335,14.634512,3.4797373,0.08521741889256756,-1.9505226771228001,-6.803397381800881,
4043803832036900480,270.1270356369839,-31.609587054185834,14.636464,1.1612148,1.0128405698685232,-3.2704668353690307,-6.606415501685097,5059.6685
4043795345179437952,269.9034817497399,-31.757846104114552,14.636943,2.1055975,0.30276856940252084,-0.4062764874066529,-3.596538147091401,4771.8013
4043995696783264000,269.8985090943392,-31.481555293400884,14.638293,2.6139612,0.07604327335092687,2.15910069352817,-8.257748869462858,4580.3
4043795826215724160,269.9570600246556,-31.725143545748065,14.638362,1.7957544,0.39366645085873964,-5.559679907643846,3.535602699183307,5116.067
4043791492501956224,270.2111723257917,-31.631622060287146,14.641078,1.4176998,0.8094693288353134,-1.0513425537434478,-2.2049162383778564,5132.1914
4043788438869978112,270.1201427666046,-31.784962086747427,14.642201,2.5991201,0.06026868454735312,-1.555702248355429,-5.562675858540212,4937.704
4043807164933316224,269.8799662864264,-31.572151116974748,14.648186,2.9051085,0.113309470196808,-6.3735679147444815,-3.7409661151890443,
4043808500572577280,270.0073444469189,-31.4928044876789,14.649057,2.727561,0.05801732619300115,-3.343333301103039,-5.245904003906719,4644.855
4043810119869950080,269.9999682562793,-31.429381569785644,14.649066,1.9951706,0.22498492568620057,-5.185874282177637,-5.103474452128902,
4043886673344195072,270.26247914981883,-31.55938295749518,14.649486,1.4056358,0.45934013791599176,-0.6948601871080565,-1.0600752921691277,6024.299
4043795104661154944,269.92422286942804,-31.771789047400183,14.650278,1.0381231,1.1133110173192615,-2.310691145970872,-7.195169977073059,5381.8105
4043805721822929152,270.0794099132028,-31.50694532265584,14.651585,4.692622,0.0071211883327203145,1.0002902239023197,-4.725119277701999,3572.934
4043785483880579584,270.14123464331084,-31.792982017549896,14.651602,3.178769,0.15443160224670371,-6.111610212608508,-3.626204799773765,
4043804209994071168,270.12809020362295,-31.59015212375911,14.653168,2.192852,0.1850503209543948,-0.009122615813535788,1.1055530462410712,4617.3237
4043885432022329344,270.26192295824035,-31.58942802665283,14.653204,2.1473083,0.07327418324742828,-1.6081916743724987,-0.66689920373335,4807.664
4043785926224136320,270.17539377261795,-31.76278760227422,14.653838,2.9591446,-0.05875260705242974,-2.5402448282173955,-7.193977582691595,
4043796547770356352,269.92487933519726,-31.718697748373582,14.654637,1.1579399,0.6936650812925647,0.03010666078892686,1.3908454259464462,7137.3984
4043803316591501568,270.0078621864676,-31.61272730487866,14.656983,4.911891,0.03472342788229063,0.36192593269445933,-6.2990498217554,
4043788606465624320,270.0481782952144,-31.77975427227475,14.658586,2.4036808,0.11405131963275346,-2.0202655645848004,-3.015885576661706,4425.946
4043899141558830464,270.1983352098215,-31.46078620878739,14.659159,1.3754358,2.4618450439725574,3.5326839166920005,-26.52020545402001,4744.395
4043803419670812544,269.99079537611357,-31.604213963779063,14.659323,4.9261103,-0.015967667664533967,0.6110185742702322,-5.079807052806594,
4043886226667714816,270.2185648624649,-31.58055747475585,14.65978,2.1588793,0.32226173982452005,-5.5956405505816615,-1.5072723736286326,4846.1533
4043885397662494592,270.24183594288746,-31.605298271913085,14.660971,3.2078972,-0.024700193901686922,-3.5338712856618266,-10.189919791036381,
4043804313022392064,270.1292134460781,-31.56695623832893,14.66178,1.200531,0.9848100292648916,-5.0865087287664394,-2.8787353328646876,5850.8833
4043809948071253760,270.0173018948075,-31.415891715402118,14.662751,1.9727945,0.3819761920477721,0.3673845445419622,-0.7258323090780316,4883.0176
4043886638984872960,270.22168424912576,-31.537303073752305,14.663658,2.4395237,0.1355300781995014,-0.40230438602783136,-9.607351572082091,4412.6245
4043809703163434240,270.0000814091718,-31.46054283290603,14.664205,2.2268553,0.24624821165964647,1.282247018092216,-1.6535381882197457,4766.6875
4043802423288833024,270.0427068058317,-31.639754482402196,14.665431,1.1818857,1.6843565327168073,-14.093261130513168,-9.274264815077808,5034.1562
4043804381792729344,270.16769457717083,-31.568559577458217,14.666602,2.6146622,0.03134835547687671,-7.460976317148903,-2.8514588233174756,5183.416
4043903715781559040,270.0444775461768,-31.429132186774797,14.666893,1.945673,0.457586371218693,-1.8554092472319395,-2.863826395320345,4587.86
4043796479051091584,269.86944359919585,-31.70386716388634,14.669514,1.369813,0.7500673926789809,-1.78246763314324,-5.314120599470526,
4043886462814588800,270.186262210786,-31.572916774101625,14.669764,2.023388,0.1735958473745921,-0.5287059364221833,-0.5712026514374885,4643.9473
4043792218440473600,270.17487026847255,-31.61129865056901,14.670384,4.4758673,-0.006903548550368229,0.15431045033504062,-4.380878696115229,
4043802629447334400,269.94464227236614,-31.680874900918024,14.670868,2.7373962,0.05955857699557458,-1.0256432495868422,-0.045131367956915455,5035.088
4043898248368704896,270.19238136521574,-31.546305853777994,14.671198,3.416232,-0.24832641378363499,2.2314272658811785,-5.637855372891883,
4043809535754448512,269.9328500567164,-31.472756837980075,14.672017,3.5500078,0.027271427509901913,-6.508485406249129,-5.703221493789195,
4043802526368134400,270.03690773834705,-31.614951678324566,14.672434,1.4602079,0.7256242718356348,-2.1700368359039417,-0.4496901931437776,
4043886226667704320,270.2262376717647,-31.57523063055662,14.672859,2.270895,0.08412381034431163,0.4336212805344931,-3.689207134069438,5142.6377
4043809943681614464,270.0167275912598,-31.424060321939233,14.673255,4.1309643,0.09039232947003187,-0.2162440675353971,-0.8096232762605865,
4043801736043242880,269.9787621286752,-31.695995497843416,14.67428,2.0177298,0.27203077764483585,-1.091262490594613,-2.0132358053400528,4804.2183
4043809638833657344,269.9465862104608,-31.462785657715447,14.674389,1.4311743,1.6860255449767505,2.0505446738595174,0.6694940079485788,
4043886501545995520,270.1976099152516,-31.54809708020632,14.674729,1.9664888,0.2592520598585034,-0.6430455256710481,-4.433013144569261,4602.726
4043799498467198464,269.8520852011766,-31.677703903366044,14.675057,1.143651,1.5564501804081885,-12.399122368446827,7.717899577528045,5242.7188
4043804721001340800,270.1298236151092,-31.522084712701524,14.675241,4.5118637,0.017899829770071277,-6.75974262889648,-7.6495734926678,3615.3892
4043898871056874624,270.2179242474244,-31.494038724564366,14.675321,1.4221764,1.787462269793992,-6.907922405064229,-11.741423551398714,6197.885
4043808092594085888,270.0071578515863,-31.541516399510503,14.677349,2.6591463,0.06782434322231039,-4.001511313242739,-7.013410447149255,4885.2026
4043807233652828416,269.84755518210164,-31.583647444853007,14.6776285,3.8308468,0.13187773086390606,-0.40808610668809825,-3.3615985049839106,
4043796857008867200,269.8824316341105,-31.69905197802948,14.67842,0.88899994,0.8309440427667789,3.714007030724754,1.9178985410515308,5863.443
4043790667868155136,270.1857054862194,-31.695313922863694,14.679107,3.1708307,0.8112501178979705,0.6400820840332407,-0.6550236655540939,3673.9426
4043789469662448256,270.048973910866,-31.75060154522414,14.68045,2.549468,0.08411788699401457,-5.7353481174122045,-1.4776145661659883,
4043808058235716352,269.9941701650112,-31.556649675012565,14.681211,1.2965679,0.6452112371137364,-1.5030446836496676,-1.1222062108225517,
4043796199782257408,269.88192935811804,-31.72831170168561,14.683372,2.4109983,0.13647922177065858,-3.5407577508941896,-12.259445375207846,4636.916
4043790603480264064,270.1972816165014,-31.71186497075199,14.683496,2.3597631,0.06809617940060682,-4.2842089821716005,-8.81060500245042,
4043804171245481856,270.07801720611684,-31.574990623638826,14.683615,3.003191,0.11810801244218691,-0.4057477624317585,-0.2174954431919992,
4043899970569150592,270.17497154930584,-31.444459021067328,14.683756,2.3838453,0.12944228299287713,0.41200156531247456,-3.2398782059915314,4696.271
4043803797677169280,270.10670389476286,-31.624509510225252,14.685663,4.011098,-0.11092009522330099,-1.7686092139208185,-4.9292770545205915,
4043902994226971008,270.06812432009724,-31.41900339165224,14.686068,3.7261705,0.13364942340673167,-1.375950757654988,-1.6172658085879155,3518.5837
4043796509019893888,269.9141851328765,-31.733677287989597,14.686454,2.4233618,,,,
4043795585698497920,269.99138166677335,-31.734468871246083,14.688091,3.8722296,0.15212385881149096,-1.9044253670874536,-4.517335263270628,
4043809054666947968,270.05091875964337,-31.450520148738402,14.689989,2.979597,-0.14530327614102723,-8.388196195473473,-6.981469910826005,
4043791015849380864,270.2290339516101,-31.682449997735972,14.690765,3.4784575,-0.023177739722707886,-6.589090859401009,-6.802979169291353,
4043791355062989568,270.1883002604932,-31.642875798828445,14.692504,2.9317303,0.3590044289539035,-3.223430274333393,-5.29006621624664,5251.77
4043803728958846848,270.0724688725863,-31.633072407454502,14.69299,0.9182186,0.8971391584165266,-12.301559349763531,-10.206190607325103,5621.4067
4043788541897616640,270.0573049477322,-31.79125922036647,14.693077,2.3417597,0.11551124966873036,-1.1310943843151018,-6.615307701518109,4612.0923
4043788473229769088,270.1057736951292,-31.782063410360696,14.69504,2.2912197,0.16000602150805873,-4.2327374272966125,-1.528525743057168,4522.15
4043799708866686208,269.84103084508035,-31.67256399248626,14.695248,2.2903566,0.4350201329373966,-2.2291784968922292,3.246560891894951,4954.2944
4043885127155635968,270.2632200715765,-31.60766107239019,14.696469,2.4482021,0.02906541629745212,-3.733155224396993,-2.93761759882461,4929.4785
4043789091705214080,270.1086711404382,-31.741116370135956,14.696807,,0.28184146373133956,-2.3065895417787137,-3.4798432567104607,
4043806649537080576,269.981249626348,-31.552548957896143,14.697876,3.1987114,-0.04358686919743049,-5.781123874006848,-4.736796173328245,3831.7183
4043790805307107968,270.1465829601645,-31.69553847461634,14.698417,1.246047,0.7451598125896757,-3.2393071845030907,-4.639051791392506,6785.3765
4043788438869966336,270.1213661618015,-31.78684977649792,14.698422,0.9257097,0.8686241626591332,0.10203358282108897,-2.5609911678448496,5917.154
4043803896367554560,270.1088410869825,-31.595131723976753,14.700736,2.4197578,0.07863608790455151,-7.419988263071484,-3.4008936953218445,4872.6567
4043899519515849344,270.15167309820833,-31.474444707342922,14.703186,2.7106667,0.07104249821569461,-6.606080745113493,-8.57935204023899,
4043803690209085568,270.10038055443346,-31.62428850381999,14.704205,3.7641182,0.07202306870631128,-3.7264463713962024,-3.8721473503655317,
4043806988740260864,269.87828912163616,-31.58224886226008,14.704309,1.7407312,0.4173676637851024,-2.8446785838565183,-2.721552587584557,5851.2754
4043886982532078336,270.2565270259393,-31.51631785993084,14.705182,4.871991,-0.06700447823409457,0.17560189003592136,-8.004309239453846,
4043795516977971712,269.95727221213696,-31.754961203140038,14.705379,1.9222078,0.24784729615616885,-0.6102416348772025,-2.3229941499709708,4854.589
4043805378225460736,270.07698595963285,-31.536681263326138,14.707945,0.99167156,1.0867969359593659,1.023530875560573,-4.928406342726108,5641.7344
4043799502708220544,269.8435751554874,-31.68114466598648,14.708856,2.0769024,0.37584530761898916,-0.03909629392311367,-1.5421085638365648,4735.849
4043802698166821760,269.9702089145779,-31.66058304431341,14.709252,3.6654615,0.12372589219937571,0.6691158216901543,-5.102771501800359,
4043804794109816320,270.05477653814216,-31.585286687772776,14.710213,0.92908955,0.8384166614838386,-3.293516548386972,-2.7364087165661726,5891.3203
4043802212740304256,270.0613616468726,-31.65438126117932,14.711348,1.7872849,0.9995207547636602,1.0527021101398546,-1.2187256418411307,7068.0625
4043899455172927872,270.14754873573776,-31.48822438350368,14.714069,1.9705906,0.33454242002882745,-0.8184576275856338,-0.5882779934268252,5089.1387
4043808466419861632,270.00143231038794,-31.50432194222819,14.716002,2.546874,0.270796213798019,-1.916303167837634,-6.657805637557166,4872.13
4043898420003892608,270.19404301863113,-31.519805354383728,14.716468,2.7410965,0.04216325271731994,-2.624271588588705,-7.335214470278537,
4043792012282042368,270.14882520142055,-31.633755790125964,14.716763,4.558235,-0.061796831164901755,-4.321096447917218,-6.794195978313262,
4043788473229773312,270.1070691959394,-31.779682469475105,14.716945,2.2070684,0.047353804352061726,0.3857923548155914,-1.746290041812701,
4043795723136512512,269.938785307697,-31.739891847894402,14.720134,1.0704355,0.49692792882801845,-1.3336042521148785,-2.551971375899395,7153.1357
4043800911457726208,269.82547697158793,-31.631396146225892,14.72044,2.3412685,0.28269244670123267,1.0259231140393046,2.1440321276260956,4740.797
4043788507589539328,270.1163900685861,-31.767423937960782,14.720477,2.340065,0.21621120046733763,3.2707304162678645,-4.065749408296875,4880.5034
4043809467034889984,269.95161522159515,-31.479603199287475,14.721069,3.7155905,0.011055593978999478,-2.249374517362768,-8.127044542471014,
4043805034628083584,270.0236193149955,-31.57973772951928,14.721858,2.6415691,0.04433587434944871,-5.40223693946672,-4.77558013972962,4883.476
4043795757496312960,269.92111345253517,-31.738300571912347,14.7237835,1.9886255,0.5926523002179972,0.8030074665366894,-3.0331041743531926,
4043803557160422656,270.00971941511614,-31.593624662315175,14.726623,2.0790777,0.24938562163313396,-1.2802771043001284,-1.6628561563833602,4509.873
4043785960583876480,270.1950215778074,-31.762307769777845,14.727517,2.5810728,0.13887951126077616,-1.1156408794124355,-2.939589692831424,6178.5513
4043804892975851776,270.0724605275607,-31.57655384368224,14.728792,1.9847431,0.35664997731616815,1.772758267329843,-0.06559333172914521,5286.0605
4043803591586618624,269.99313842707056,-31.57962314656762,14.729937,2.3768787,0.08121138576820064,-1.8441459280410546,-0.16275090142305962,4954.172
4043795585645790976,269.9912828569864,-31.741027986731734,14.730758,2.543068,0.16156504123915963,0.8144038677989062,-4.058447059691061,4628.775
4043796547771199104,269.9185649252109,-31.719798119285343,14.732036,5.548644,0.1328780894544865,-1.4618567047887705,-8.73583517201903,
4043786029303382016,270.17699861685185,-31.74871666809415,14.733661,2.4361725,-0.021647197032825537,1.5202555725322962,-3.6627757599688717,4660.945
4043789022985673088,270.1469203201466,-31.732583098213965,14.734132,2.4275293,0.143174055321732,-1.370845357790463,-6.022109828017774,4912.945
4043805309505887104,270.09120149084,-31.55507973537607,14.735732,2.4515352,4.130977815616543,-3.8601214977695184,-0.2630450153947479,4903.382
4043805683074024960,270.06471421985907,-31.504275660915567,14.735992,3.4549484,-0.15698690514027464,-0.21450061614520466,-7.6505704944300295,
4043802251490109440,270.0626175685155,-31.635367822325154,14.736324,2.6810694,0.013827793455669549,-1.258131434488765,-1.9620861716954883,4695.8047
4043791389423355904,270.19263902011033,-31.64338543593707,14.73679,4.358655,-0.03633158389119228,1.8678688799885543,-6.416493477958382,
4043801529884716800,269.98732478616165,-31.709798528674998,14.737124,3.8183556,0.06335762699147021,-1.874753698051545,-4.831960634545372,3574.8745
4043788537746162432,270.06517765456726,-31.793706187550114,14.738126,1.9625893,0.33861622595852514,-0.6128999179672696,-4.718793062837362,4755.997
4043785861889533056,270.1428706351751,-31.785681892110475,14.738168,1.2077074,0.41479966636488685,-1.2062945082919714,-4.857225830643931,6302.528
4043796925727619328,269.9124202101221,-31.688840857045637,14.738783,2.4541035,0.1055104441706281,-0.14328626444275594,-1.6173642705610907,4655.002
4043789813208429696,270.050982348057,-31.710034682901927,14.740731,3.8048792,0.04384367386811526,-0.8182789170162461,-4.687119537313224,
4043899111523964160,270.1930326508133,-31.47292439804642,14.741237,1.9245281,0.4405437408042273,-1.7607520070702374,-6.299988776520089,4915.969
4043801633014717184,270.03127881195957,-31.691722801375825,14.741355,3.3542528,0.2812664737172097,-1.320244608624541,-6.569783710070748,
4043796474660197632,269.871432544975,-31.7033481498449,14.741933,2.7806692,0.07297212889239447,-4.297758811665589,-5.7295931738282215,4938.9624
4043803965087019264,270.080878057416,-31.603411180434442,14.742545,1.2769661,0.7543302507194439,-1.0098575662783793,-3.382576073021273,7069.3237
4043789126064897280,270.12078793434335,-31.74734828351037,14.742556,2.3515015,0.1409126658476617,4.373421121560049,-7.181855981578498,
4043792626373400320,270.17375789033355,-31.565764448097436,14.743834,4.778426,-0.04867409326698493,-4.89513734698141,-3.02042626569778,
4043899450801862528,270.1557143925148,-31.494495528150374,14.744044,2.6340313,0.05635535557013273,-4.8341192930638215,-5.62651668412617,4650.394
4043795826215725440,269.951802460768,-31.727644495524075,14.744701,2.5854015,0.08049376674000616,-3.0322706105462287,-9.959839616142318,4663.4146
4043796719569149568,269.91905462968344,-31.69512246225235,14.745178,3.0108137,0.09909239201995544,-3.065942577951768,-10.968828741297207,
4043805648714280064,270.0567388416087,-31.51508462504149,14.746133,5.0154257,0.14023748821152257,1.684786080506858,-2.4963989842851397,3445.558
4043887046930617856,270.2405157140236,-31.50464048886623,14.746739,1.1270943,0.4583117167312092,0.9121161601374826,-0.3690489054833105,6859.606
4043790466094629376,270.16986993332483,-31.731357231874632,14.746943,1.0177364,1.1023949907210242,6.989775598384506,-6.9313489618277515,5429.118
4043803346611737728,270.0290301182323,-31.595790026511935,14.747298,1.1933041,1.8162224413678099,6.2317947511343865,-4.670016531851346,5115.564
4043807091855562496,269.8891670990804,-31.574322321123383,14.748619,4.4379406,0.061505951337117816,-4.432788773669126,-3.722800803127398,
4043805550025305344,270.1058267365324,-31.514263282629134,14.748879,1.974309,0.23345413579963872,0.18663983216879867,-0.6922383289450795,5588.646
4043995524984557312,269.8674290265548,-31.5073548655607,14.748912,4.216484,0.13160613096926616,0.7970542921368242,-4.118563013396921,
4043804553540660864,270.10031159742863,-31.567479154182255,14.74923,3.9999962,0.023352502656900954,-3.777152846824082,-5.29882782320993,
4043806546457802112,269.98359310057833,-31.56988092288914,14.749634,2.9315891,-0.02371088446916372,-4.156849511323078,-8.295160228763445,5111.8613
4043792214056485120,270.17693359703327,-31.613479862576575,14.750126,2.0880766,0.22760454180086578,-3.4214732437578124,0.09711123651625822,4941.4653
4043802388929134080,270.0203335116936,-31.642108785273308,14.751132,2.6113815,0.06437076886065195,-7.728074457774411,-6.68530810934184,4666.3726
4043795276459872512,269.91785888812205,-31.769865701439482,14.752308,2.0416183,0.31527578145884705,-0.5168607329704625,-3.7621158092924123,5064.376
4043899931832817152,270.1654688940818,-31.461443976698167,14.75385,1.29286,0.5429441004295588,1.8979190455242385,-5.235343664849584,6222.7896
4043995108307295616,269.8484255355996,-31.525617595628567,14.754217,3.1208515,0.0833859854985847,-1.0303561467015567,-6.649905564875279,4850.497
4043885161515122560,270.2846346037922,-31.627061699587244,14.754872,1.033598,0.3339618745956393,-0.7692085531205693,-2.808991350200734,6947.184
4043803621485910784,269.99615586376734,-31.569972320012017,14.756905,1.1851377,0.552244026266862,-0.03339023118180907,-1.1779566283890628,7384.5625
4043886501545984384,270.193818609224,-31.55263612354291,14.758249,2.5335255,0.006503859787929885,-6.3806439786810065,-6.303193658033129,4823.4414
4043902753708303616,270.1184689606974,-31.44204227085913,14.758898,2.09828,0.21587738372893714,2.593027377495038,-2.39238500189746,4520.1025
4043898969760055552,270.2216478500775,-31.474144634402712,14.759029,3.27209,-0.04585200906384519,-3.5466757722188054,-7.952313496536062,
4043791050209144576,270.2285365546158,-31.670459679806832,14.759269,0.9054241,0.9033331211921324,-1.39094703851778,-0.5908531093145497,5511.939
4043789126064909696,270.12560714516104,-31.741760567737785,14.760873,2.34208,0.014981057491918148,0.261362913250577,-1.9987217406739624,
4043810046757041152,269.97068158662927,-31.43231258019497,14.761794,1.2889929,0.5521873369279764,0.661387042634648,-0.21222276926918565,8403.439
4043807229258433536,269.8381444984895,-31.57616604347089,14.763181,2.1903,0.2807916547807962,3.240188990219404,-3.466416399469779,5115.6514
4043997307330917760,269.93203010292126,-31.450113012904723,14.763706,1.4996767,0.5405716847882475,1.2251160610920853,-3.5331442150910526,6350.261
4043807268012585344,269.8587242656305,-31.57041654659772,14.764381,2.1726112,0.5291661213701466,-3.6829220969109513,-2.7559391835691534,4689.071
4043792458958720640,270.1393169525384,-31.611780015123216,14.765293,4.2254333,-0.023564043508179415,0.33652912484694386,-3.51754048074197,
4043900142368037248,270.15451997327386,-31.432964975610886,14.765447,3.7362576,0.03405085413768767,-4.5848077765188675,-4.6403663248421525,3534.7363
4043796135402097152,269.8957995665522,-31.73374474382193,14.766649,1.2798109,1.6235296737852543,9.347617935431224,-28.10096657603834,4840.8804
4043788881346249216,270.12140475078763,-31.756164306828,14.766711,1.013855,1.2145758151100479,2.930959120300555,-6.695363117056834,5073.072
4043803243532498944,270.0191494007874,-31.613556212244536,14.766747,4.828436,0.038761667165719674,-4.984236129239712,-4.576592737651229,
4043808023926991872,269.9072051761033,-31.484601085057047,14.767648,2.011839,0.44257106877968927,-4.098760585311787,0.038143344424741786,4662.58
4043806752616383872,269.9288877456867,-31.561111580091712,14.768397,2.7718372,0.0432050984423477,-4.777898016422696,-13.373003161096083,4735.3945
4043899695691417856,270.11021238061363,-31.474446804434262,14.768411,4.7076674,0.21195620867829348,-2.302374082999874,-8.411070356378747,
4043809325202523776,269.98053662425826,-31.474377785814696,14.772979,3.9594975,-0.07687441432264756,-3.8131845750801303,-7.77044410427148,
4043810081116781440,269.9761775569332,-31.423062473845462,14.776294,3.2219906,0.06213260083486119,-5.5905763235567445,-3.45768733047848,
4043799498317199744,269.83733572747377,-31.684950627885893,14.776546,2.3181696,0.3817349319705766,4.586436552935726,-1.9673701926893197,4612.989
4043804691030534784,270.12050830373744,-31.55079364704662,14.778532,2.0714073,0.3911565045995087,-2.468342728868048,-7.825994874442363,4817.281
4043789297863688576,270.1224693995681,-31.720597266647978,14.77962,5.198449,0.010293056990216543,-2.1948313656883416,-8.651675547853557,
4043795516978021760,269.9470154311821,-31.750304309209017,14.779826,3.0785303,0.14442111330704607,-1.3675870594899702,-7.025193121179535,
4043790912770254848,270.19110127020537,-31.671289978325586,14.781689,2.822219,-0.002266350912256531,-8.539607661406903,-2.0164989700158973,5825.3364
4043789916338999936,270.0898573928107,-31.736264287139896,14.783493,2.6387644,0.04875985862195891,-6.933890793392316,-7.808460217968689,4552.389
4043796543379660800,269.9273063876962,-31.7153554934907,14.784841,2.293764,0.06543073286799818,-2.9877655787218953,-3.520695990724034,5256.359
4043885225863765376,270.2758734661676,-31.612115900291368,14.785695,2.5588179,0.06626427007928896,4.341644218747982,-7.220725113724483,4984.1577
4043885436393290752,270.27060786447026,-31.59987705220679,14.786721,1.9893456,0.2062333277629893,-0.21920117789671412,-2.738130942799666,4438.3525
4043801048897018368,269.8457655910336,-31.615196736919835,14.788406,2.740985,0.15948931484751158,-2.0648789442165176,-2.178615176267849,5659.22
4043809084896862336,270.02850040480695,-31.448671116336183,14.788974,1.2980375,0.695213005259231,-3.309116045495932,-1.0172829065681894,5749.5176
4043886256711414016,270.23861217058777,-31.576771000258624,14.789078,1.1817436,0.7505089481086723,-1.354951018099015,-4.239221638130861,6530.984
4043809913711444096,270.01880947234554,-31.434372109488834,14.789629,1.2473278,0.7047972802801247,0.3109283526482745,-2.3519208642413063,7240.1675
4043898458740058880,270.1967475346606,-31.506145045065633,14.789714,2.1977863,0.16621696847837533,0.6818887368827733,0.44139793055475185,
4043792287159904256,270.20794865691744,-31.60189415710212,14.78972,3.7942142,0.11961410457943873,-1.2613893067175974,-3.2051883013939237,3517.6992
4043804759751883392,270.0462728091924,-31.599421764196173,14.790636,1.095851,0.3709826408700401,0.8150458819611267,0.7260319287291476,7474.643
4043802972994146816,269.9527081175946,-31.64279522036257,14.79122,4.439851,0.06330600729749042,-4.422016201717694,-5.394452750454708,
4043807474171156352,269.8641108980278,-31.526459229941267,14.79132,2.7451677,0.08880616296075541,-1.7674391784704124,-3.1018482435021126,4915.427
4043795310768073344,269.92880795355256,-31.76245483939037,14.791433,2.9644299,0.15324689494387178,0.6569797018114878,-7.158908629492942,
4043898488723256832,270.1507133859699,-31.535734118056844,14.792525,2.346881,-0.023267543691632676,-1.1172547350374633,-2.8026313109127776,4908.6177
4043791801739586688,270.1564445455777,-31.64407553800738,14.793085,2.1395159,0.21904324002868691,1.2616842320202968,-8.247460956750592,
4043789843234399744,270.0272028026721,-31.71598384285473,14.794917,2.678316,0.0643731346917119,1.3473654922973104,-3.3164221502366718,5805.6606
4043790259936638592,270.04998803746736,-31.692138825998704,14.795417,5.3142023,0.009202048752753081,-5.26955322025095,-5.114924152463205,
4043902753708334208,270.11449831779674,-31.44117441306717,14.795591,2.6853886,0.06839379376155322,-8.159567977219623,-6.419256006016267,4980.096
4043801491186434304,270.0170068586935,-31.71373901825849,14.797098,4.5716467,0.0061864024911546175,-3.496938252144876,-4.494463195671267,
4043802350179254528,270.0177339410682,-31.65339219236835,14.798214,2.7431002,0.09552866514376843,-1.4634475455934943,-3.644239132614054,4595.5986
4043799777586232064,269.83180607905985,-31.65923575148165,14.7990265,3.010045,0.126606678905641,0.03144603168689663,-4.369983377689179,
4043789813208418304,270.0509897049436,-31.711392298310383,14.799905,1.8914089,0.28299339052204336,-10.945045040176268,-1.8600629507144149,6081.673
4043800155543398400,269.8263815694825,-31.6525810213635,14.799952,3.5635967,0.12743839040986513,0.3844646618546801,-7.518999729904642,
4043788198350825088,270.2532064712275,-31.666017966654934,14.803579,3.4746933,0.04306084466523036,-1.548206758175577,-4.673960790235112,
4043788713748070912,270.0933216899234,-31.7567286822649,14.804092,4.433836,0.06213152709889084,-4.348379539172677,-7.771347794750736,
4043790844050830720,270.1522390264907,-31.678070893073173,14.804177,2.088214,0.3409649894930074,1.020461519668014,-0.9822567728646161,4906.4087
4043805442590916480,270.1070228641549,-31.52979694005735,14.804853,2.2761106,-0.07046435838195932,-4.3844981267594685,-5.556585626899644,5278.2773
4043791599913002112,270.1473140212515,-31.669061124489343,14.8051,3.7709856,0.10730953525486361,-2.1603376032593182,-6.26636375440467,
4043800224263263104,269.8757832522703,-31.642036654469575,14.805286,2.9058094,0.08947431876432534,-5.909714083596692,-5.145585976973548,5141.4097
4043796509206596992,269.9077168615189,-31.732106811327608,14.806358,2.3920832,0.1252587424485258,-2.970633372367645,-7.9930865512705465,4605.16
4043802762492375424,269.965337710283,-31.659773855197272,14.806906,1.147049,1.6088427318332699,6.817013681651012,4.660669305840518,5223.6313
4043797028807563776,269.9123412019248,-31.670435919392578,14.808007,2.7484274,0.092151812330948,-2.2991590321948805,0.912225063387394,5208.6177
4043802526368112896,270.0390541120413,-31.620908291169957,14.808499,3.7746754,0.15633977768651786,-0.9513346276160778,-0.27361334530065085,
4043803557160456064,270.013500927255,-31.58221615692198,14.8090515,2.4225616,0.11538412853901178,-4.359992917131812,-6.211000800033879,4739.129
4043808947274403328,270.0144678432733,-31.477974906782322,14.810035,3.5660658,0.03809492900479801,-3.884608246305989,-4.181192962902224,
4043803522800698624,269.99811103735834,-31.596522895317417,14.8111925,2.3778296,0.21164315646564266,-0.2342106442903466,-2.2532078561281788,4610.391
4043801800429735936,269.9700587000629,-31.698036201172744,14.811377,2.338068,0.09298661623917306,-0.9424019485323881,-4.423468029206654,
4043790874199513472,270.1774026786674,-31.67938402355684,14.81205,4.6594687,0.014632856432553744,-2.932228478836909,-8.598535852855175,
4043783834610533504,269.99425036516243,-31.747093327063265,14.812781,4.9129963,0.12544193981559248,-2.7717951689009,-6.214168408199585,
4043796650849594496,269.9285106814028,-31.708737698522953,14.813265,2.0799294,0.20684211969286792,-0.4308606792033881,-2.5475100723604,5216.046
4043787476797264512,270.2047411163535,-31.738019313367086,14.814503,2.8316746,0.16453743498895448,-3.7886560220503687,-9.042869593436247,3824.6191
4043788919906465280,270.12872716849495,-31.743197293257186,14.81511,3.1537962,0.01911937426864003,-2.6153431143383714,-7.132524768300607,
4043898836697233024,270.2088564201916,-31.488598920902838,14.815468,2.821494,0.06893512350754254,-0.9330636968747023,-1.910315171967203,4861.339
4043787369333193088,270.2260841091255,-31.74084626208077,14.816432,2.8505297,0.0716286641561638,-1.3771071857237773,-6.191564951301337,
4043783800302896640,269.99161635334445,-31.754689719509884,14.816946,4.5113955,0.09294399832895445,-8.981883082135282,-8.658303544187353,
4043802590729772672,269.96969778845107,-31.665350067960006,14.81929,3.3058405,0.022816754626675956,-6.468465261582764,-5.41370170837434,
4043808092594089088,270.009841971254,-31.538402481535314,14.823087,1.1430578,1.4900024239742142,1.814633315060195,-0.2568202322089275,5173.2925
4043795894935304192,269.9426056248715,-31.709648676451433,14.823602,2.3444862,0.3027697937330859,-0.7629561822471337,-2.276440958383274,4545.856
4043783280520541312,269.957399409634,-31.79162274954805,14.8243885,2.4391193,0.13540161754797667,-1.8003554628010716,-3.6075599081316274,4638.5586
4043885054064972032,270.27513796774554,-31.630095319414558,14.824492,4.261382,0.024701790263063413,-2.8318190351419323,-4.557324716867859,
4043804480483120256,270.1139078018745,-31.579583612376638,14.82483,1.7565975,0.4710917677151416,0.5583386478750847,1.5820108500230408,4902.2407
4043804931548793600,270.0767860539102,-31.557648857924274,14.826039,1.158351,1.0220767012559593,6.9826990920705745,-1.8684160627937922,4999.5205
4043805270757151872,270.03809700091546,-31.525525402462787,14.826427,3.1061049,0.06640868817387742,-4.793157941321035,-4.6729514990567305,
4043808191335419136,270.0269732247098,-31.53575155364486,14.826607,4.549077,-0.1020955797404273,-4.374026398373484,-7.173597282695065,
4043885913058823040,270.27881373244537,-31.564938168688094,14.827417,2.0166636,0.29452452444916943,-2.261629138853782,-0.17398966592079615,4620.0825
4043788537570336000,270.0691132447147,-31.78785849714367,14.828361,3.4831781,0.13292049888986832,-2.2272224074056197,-6.635416266870978,
4043805133318172288,270.0248868840339,-31.559723113539714,14.82909,2.9352055,0.03954679180512367,0.33758209749289053,0.7240556487230584,4883.618
4043803351001973376,270.01286239783093,-31.596725968737253,14.831155,4.525669,-0.013845029711716555,-7.822027931778958,-1.2645429008098372,
4043799910634081152,269.8687662898907,-31.667615931183747,14.831801,5.055912,0.16571382867598689,-0.4642848926585459,-10.802372400307664,
4043792317135702016,270.1914257484268,-31.61213403527474,14.833163,1.8550406,0.43210017514588805,3.6725431007109597,-0.7811820341978823,5034.151
4043899523892577408,270.1417694135445,-31.46947922376929,14.835523,5.202052,0.011835604414336672,-0.4238578685448652,-4.859130560311527,
4043886467186208128,270.1851218190542,-31.564867869736965,14.835731,4.3037357,0.027250471220963007,-0.45126427098476296,-0.38219660975371705,
4043803969475954944,270.08218988207915,-31.609985574357353,14.835993,2.6711483,0.18902201257537266,0.8391381672740045,-4.001317908354047,
4043806542063665280,269.98346170972985,-31.578077137844037,14.838802,1.4282312,2.483402368493095,1.501754049048118,-2.186725371132943,7187.3857
4043899107198969984,270.1837036739171,-31.477302124319735,14.839347,4.035825,0.03299703303399664,-5.602995318218344,-5.5909844157516435,
4043886261027303552,270.24512393326137,-31.57851802298531,14.839687,2.1818962,0.1332076049949588,-1.5452761290483803,-1.679235728104378,5021.5063
4043792110977229184,270.1780869042645,-31.64603182592349,14.841807,3.1152887,0.08780064578574355,-1.962945514350859,-1.5397521543536314,
4043899244638046848,270.2063411232698,-31.46031141829823,14.841859,1.0964546,0.6850151159670108,1.2991287794585682,0.4758612889627114,6631.181
4043790186831813504,270.0665323177556,-31.697353394099018,14.841887,3.8982878,0.0707018896756813,0.8742217925416906,-5.610206556524968,
4043803316591479296,270.0134916111626,-31.61402986923596,14.842415,3.641693,0.09314165650426323,-3.369084017457286,-10.705381398689191,3623.711
4043886467136085632,270.1927608485774,-31.559387105437516,14.842759,3.6240501,0.037110880778839894,-0.5728565112440491,-8.403279351940265,4563.108
4043804308860543872,270.1266772235089,-31.574384518738277,14.843189,2.0037413,0.3728990403785723,-0.43486923933640526,-2.543563789029849,
4043805756182628736,270.10146273172666,-31.501178531320093,14.8432865,6.009557,-0.23636654775489693,-1.6412324877277382,-7.4199037239839125,3884.9187
4043782700790974208,270.02794659054223,-31.800013254643854,14.844804,2.6118956,0.029887500303720366,-8.24978026846575,-7.661175665708041,
4043783624127692928,269.9873621134046,-31.785313157963287,14.845182,5.5166016,0.21305341228769487,0.7737715590950086,-1.3281439097014829,3563.5686
4043805446944834560,270.10996025693305,-31.540870300371715,14.845686,2.5325136,0.10572500099043107,-4.418600341831564,-2.870574076720141,5096.674
4043790259936641280,270.05385068028227,-31.688024093648085,14.8491,4.2459726,0.10413566491655625,1.7902209203336563,1.8866458045901269,3760.5623
4043809428292146432,269.9350321660093,-31.48007116880487,14.850759,5.0666027,-0.07486540796390923,-4.987365859472243,-8.143196391096767,
4043783456705260672,270.0229776747815,-31.794128935811376,14.851476,2.5499296,0.09264337104685103,-0.40907192923933894,-1.954097051354359,
4043902994227019008,270.0571143165158,-31.422517204653793,14.85169,4.417632,0.13297792169176487,-3.0124323323118003,-1.9988029337357687,
4043803277892250112,270.0329131804169,-31.604603669859245,14.853337,3.3684855,0.04572998766257738,-2.3947769741989373,-7.6950784876086775,
4043886669082757248,270.25560055657326,-31.550508724268294,14.853858,3.003415,0.09459713473940276,1.156495986982862,-6.806069833919422,
4043804927160273920,270.07554825426314,-31.55371698318945,14.854017,5.034523,-0.07519823501387173,-4.426516888414047,-5.090237495821505,
4043803793462728704,270.11308196320266,-31.6254518123394,14.854137,3.2464418,0.23393661388614756,-2.7398207633630878,-6.392775437972113,
4043796582130140288,269.90883094220453,-31.719681467920324,14.854158,4.301403,0.1737810114586481,0.16547720799221782,-7.387438119008194,
4043808985998367232,270.02340413907064,-31.47202716502721,14.854416,2.2937584,1.0624678048753469,-7.553079936519942,-2.2586899277292236,5265.5054
4043788365765485568,270.08609091452144,-31.7959538507303,14.855832,2.1527843,0.09930247398881743,-4.766713357716428,-5.337992371114989,6010.669
4043804862778481024,270.03684488683126,-31.573940949021985,14.856028,3.2650118,0.013577979155383333,-4.315072575966334,-4.270334526513492,
4043886776373485312,270.26208527245836,-31.5341034172718,14.85694,2.9050741,-0.00837336288619566,-0.3556184823567277,-7.3906966761338335,
4043899386453518336,270.1245582188962,-31.498954875852018,14.857446,3.1073847,0.08878188508555374,-2.6593003226594187,-8.486307434409726,33135.805
4043808504962011392,270.01071781503805,-31.488250405248174,14.857807,4.127242,-0.1567167046458862,-3.4554514764736464,-5.785877876071363,
4043886742063791616,270.2607297215013,-31.543889525538145,14.858051,2.7100468,0.052129895607191966,-3.421891998950578,-3.6029706997410575,4541.8574
4043790431735345920,270.0856201929277,-31.66143402518804,14.858061,1.1466084,0.32185627569451514,2.141936506146156,-1.6088339703836074,7549.385
4043801804813534336,269.96382687560225,-31.69289177617828,14.858417,0.9782324,0.8546443118022886,-0.9214769272943355,-6.9149252632270475,5162.9453
4043799811945780864,269.865087449839,-31.686938720170463,14.858654,2.6955376,0.10457541479793546,-2.9298255208891097,-6.817043475478945,
4043788507589505152,270.1094017221917,-31.78013512811367,14.860976,1.2072392,0.3840060670912238,-1.1690500714966265,-3.0737780250821154,6797.005
4043803655849329280,270.0786265309112,-31.639109858974273,14.862738,2.7478065,0.11822425067914694,-3.238638744206091,-9.709268265960954,
4043792385855172096,270.1466691878345,-31.616571368446717,14.864091,3.0103521,0.0661202685264752,-4.865907505479494,-0.4855982635964136,
4043808436242599936,269.9774432873869,-31.49850808113897,14.865713,4.6058025,0.07627553694355188,-4.105614164725756,-8.471058020901776,3486.0002
4043801869142881408,270.0047714899163,-31.680902072927328,14.867722,1.2639427,0.6301589716098795,2.097157270285139,-1.4153466454163555,6661.484
4043804858440796800,270.05228365347193,-31.57199268769666,14.86903,4.725727,-0.03575056872067655,-4.062946818071077,-7.6108020010020265,3679.144
4043791943510602624,270.10755162334544,-31.64030914115835,14.870787,,,,,
4043803900756454144,270.10664459673546,-31.597651281293366,14.871329,2.852929,0.018295306259511427,0.6065785330998125,-4.712282236383733,
4043809982431034624,269.9743654395091,-31.440805746655453,14.871805,3.5260658,0.04798153764936927,-1.5419667760590197,-9.36171241744481,
4043804347433022208,270.1548948806592,-31.567793643900053,14.8727865,4.0193167,-0.00667516518704437,-4.6637161050778415,-4.244027941040964,
4043802831211848832,269.9382958359376,-31.663480081842756,14.874836,2.1623755,0.29228518584186575,-1.4399756245399566,-2.1568380601982566,4448.5786
4043898316927653376,270.17775790738045,-31.534752745943376,14.87615,5.089198,-0.06030858151495899,-5.286180909649395,-2.9064645576328494,
4043997311689708160,269.93928940177767,-31.44249932992075,14.877473,2.1621695,0.10169835418373271,0.5659099017847632,1.3863893516124486,
4043902753708351488,270.1140986682192,-31.438922133817975,14.878108,2.3597221,0.03852925244486896,-4.125682652970775,-7.492808352499854,
4043902616269303680,270.0894160121236,-31.47314221284457,14.87931,1.422368,1.0347716607671367,2.155140563394959,0.5916575891432222,5817.28
4043995112667668608,269.85348508628834,-31.529042219399187,14.87972,2.9754858,0.032690524167048624,-5.348246520148323,-3.1053213747650337,4538.652
4043789297863711360,270.122950138798,-31.713850372754724,14.880429,1.4207706,1.0493150901255832,3.7284421391006344,-1.7407521869815745,
4043788090887786752,270.24623311629614,-31.689831915512222,14.8812,1.4255829,0.45643998941791614,-2.1839665694912247,-5.027526821152916,6610.9536
4043899661350072832,270.0930931338501,-31.477943214340392,14.881652,2.256816,0.05343137891006208,-0.275793921163992,-5.858699184643763,4570.1577
4043885470753070592,270.27899722108066,-31.586441701251886,14.884558,3.18186,-0.10711103915064919,0.702310153704909,-9.088013601393587,
4043886261067520768,270.2419166959156,-31.56846751538005,14.884575,3.4427795,0.164733281071187,-3.5706670101658604,-6.181326444503728,
4043886359793062400,270.24140704947223,-31.542243764220984,14.885154,2.9597893,0.1576368908509344,-4.010837511229229,-3.775049482808667,3772.435
4043806473344182144,269.94767949044933,-31.58587354406675,14.885946,3.0135908,0.13719972391212282,-4.355228648545236,-6.960400427319211,4921.599
4043900138156063360,270.15173241921684,-31.44361705288033,14.887106,2.195016,-0.2332790335088348,0.45053789511491077,-1.18167900558565,
4043805446944838528,270.1142560572056,-31.535924165481973,14.888207,2.7402925,0.1172245792418172,0.4465061461285251,-7.265839326213031,4706.2466
4043898802285804544,270.2364189726386,-31.5009697556952,14.888761,2.3311052,0.17627290826894113,0.5253824425736163,-5.343473532342135,4851.1733
4043804141274710656,270.0787436966886,-31.59121583947846,14.888791,2.4797878,0.11366805007223676,1.3600942204393622,-1.9581914898401025,4825.5044
4043801048897021568,269.84612731081995,-31.611052755671665,14.889142,1.5407066,0.7596299379017134,7.137478643826415,-1.694536320700306,5048.8696
4043795546973341440,269.9730257645809,-31.748101843632806,14.890153,3.1000595,0.05384584166551927,-2.359904271659484,-7.902492109102852,
4043801942252492288,269.9964018286337,-31.670900654791648,14.890731,2.0702028,0.3496412469264936,2.0518462688834966,1.0915816448154096,4627.1084
4043787682954737280,270.21825385595554,-31.70245158314339,14.890998,2.2502365,0.2229283350551493,-3.6960028022794,-2.2324129405134827,4607.8027
4043792317310565632,270.18644531378294,-31.616834540034134,14.891215,3.4160318,0.10966893162173873,-0.37101998138256637,-8.67480681608416,
4043808023925993216,269.91022059848945,-31.48174533847755,14.891269,1.0365305,0.8610412190202601,-3.3730835711617986,-3.8341567003646886,5397.1934
4043800288741639936,269.86614209359385,-31.626967639447223,14.89255,2.463089,0.186038301018163,-5.320270083875914,-4.590373385618489,6350.572
4043802079695553536,270.03402984162574,-31.669808221886964,14.893197,2.3391037,,,,
4043790775279101696,270.1709087413504,-31.696586899414367,14.8932705,4.6450434,-0.0017708252391662738,-2.0519109720813913,-4.597715398457057,3935.6372
4043805992307824896,269.93676345004786,-31.611623238009134,14.89528,1.8221617,0.6479983822451884,-2.4889479190318595,-6.454009420653756,4987.327
4043803862007798400,270.09990558616647,-31.60732975830291,14.895443,1.9210577,0.3958494931423637,1.714980607145089,-1.16165344601746,4842.6665
4043997169891879424,269.91618349278156,-31.466951562899343,14.895869,2.5124445,0.10900948226539581,-6.659013772641433,-4.3367527812486335,4878.1626
4043898389968939648,270.21537334504075,-31.520984392024804,14.896181,0.9972563,1.1356100702893455,3.0013626222599474,-2.613527731413744,5504.458
4043803179203249920,269.98836289831695,-31.621069509974664,14.896815,3.496148,0.06283086357778433,-3.612037945537888,-5.6968439843288685,
4043782735150670976,270.04387281759097,-31.795504424076277,14.897354,2.262186,0.2631018534634352,1.7635092587424004,-6.2800645927992385,6039.959
4043800013713312896,269.88763926447814,-31.650947882324246,14.898141,2.9162445,0.09914994774668684,-3.0073291668390767,-3.1472906295757106,5057.9854
4043885505112914688,270.2600560993465,-31.587675019440212,14.898855,2.2399569,0.10684009064344653,-7.428043090964376,-6.340986475451176,
4043899695691448320,270.1126983035807,-31.467693368550446,14.899177,1.9259396,0.37339553143166637,-3.286634359183425,-5.561028235347905,5374.347
4043803690215434496,270.10190200282125,-31.624388419435697,14.900576,5.936742,-0.2358196739829725,-3.0030788437632268,-8.240502016957297,3466.797
4043803522750080256,269.9902894108744,-31.595010010934054,14.901602,4.877616,0.09305937975010062,2.368907094546039,-8.59460987421576,
4043799846305502208,269.8809283578199,-31.67799176898035,14.901616,0.9253931,0.9302736129153674,3.8991050411214196,-13.038074364331962,5863.6426
4043898493099883392,270.1566201318262,-31.529055630861567,14.901776,2.0682316,0.23482070223527607,-0.016205479786841014,-1.141709355551639,4845.2646
4043787579875480192,270.21312829985425,-31.72567723971699,14.902513,2.0079403,0.25934014846083914,1.2195853320170824,0.6185216611263991,4834.058
4043808127004769536,269.98898612546594,-31.540905565874223,14.903202,3.500825,0.021812687655835994,-3.471375690736951,-4.719088454839705,
4043795375148512256,269.91010442126014,-31.744855231556265,14.903798,3.1885147,0.00956783060650157,-0.6170577634990771,-6.703075465564514,4136.6445
4043802492008365184,270.02819266582594,-31.63090308982685,14.904522,4.6615076,-0.02814151889035392,-4.541487198757188,-8.620926666775407,
4043808333163284224,269.9760461671486,-31.528906194696212,14.905707,4.28384,0.02409744988250391,-3.2482877416839973,-6.632969852982927,
4043885397717854592,270.2377797385679,-31.59458093808996,14.90701,1.9970093,,,,
4043802457648587904,270.0572974391615,-31.62457299933938,14.907129,1.2134714,0.7443909823737828,2.2499305229232576,-1.9291699328186138,6636.5127
4043898763619331200,270.22870151098664,-31.507408903701666,14.907261,2.8167086,0.024772271269523208,-4.856761906687247,-6.462690071480452,5149.339
4043805751793505920,270.0920739176834,-31.49706261941373,14.908283,2.24683,0.2289346129293391,-4.916282359529703,-5.467115029542003,4562.6797
4043792081001585408,270.12928280714914,-31.625558720168264,14.908722,1.0519371,0.47868311015066134,-3.2063137868321667,-5.71603885582431,7322.531
4043790427356426240,270.09684094279163,-31.661787073108435,14.909324,5.2192698,-0.1425418728199756,-1.9231621548065228,-8.396313017453476,3740.6064
4043783525424825216,270.0170989949302,-31.77777521477352,14.909459,2.717516,0.14985142411734884,-1.8376571372919064,-2.4105513190127903,
4043802938685846144,269.934203165809,-31.63980515887845,14.910207,1.0001383,1.034146251258342,-12.38396468454513,9.666671578158285,5254.8613
4043795723136473728,269.9534658654349,-31.73903190987386,14.912569,2.2970457,0.1477689896428221,-3.1717795275504037,-9.644250450827522,5408.5977
4043808260054395648,270.01837174176194,-31.517243582815045,14.912836,1.3428841,0.31393200252326964,-2.8439569973132617,-6.4136438776695615,
4043809844993063680,270.0184685252943,-31.436946276593975,14.914352,1.944273,0.2767944550800758,0.2839203410473166,1.8314085908509117,4932.8516
4043804141223832064,270.07611438902467,-31.57953215395461,14.914571,5.7789574,-0.111878000234702,-4.334612945431003,-10.145825504288792,
4043802526368110080,270.04314219685716,-31.61911385782439,14.915098,3.2968826,0.04154457383891129,-3.492693260305242,-1.3633715575257148,
4043802453258500608,270.0481523231266,-31.627709570600782,14.916214,2.21029,6.041855923239122,-16.731205718374426,-30.08606332658872,3789.5574
4043803728957746176,270.0793409229253,-31.62629939665499,14.916375,2.5885057,0.9011044744611217,0.12236222923584673,-7.249782390188081,5338.1675
4043805477121826304,270.12073727189994,-31.521675688127473,14.916965,2.5511513,0.08968814046302769,-8.270813664357025,-6.179949382342633,4805.9146
4043803797677204608,270.1085932326872,-31.609206079822293,14.917534,4.305914,-0.07612941024475689,-1.9707228592138222,-1.754540260258777,
4043886570265369984,270.2306964377541,-31.533078816161936,14.917597,1.4441004,0.29385506198444467,0.8218878429629337,-0.3696719268111216,5886.3096
4043885058435966976,270.2697686556477,-31.630483214771203,14.917732,3.4719906,0.08480705365402769,-0.3725929472649323,-7.838641880658047,
4043791428114189568,270.2220695940597,-31.637045682517414,14.918141,4.819812,-0.01653543392257864,-0.525546628973979,-2.734470014447016,
4043785964968737408,270.1918587931875,-31.756188068067956,14.9184885,2.1318655,0.16866221338804793,-5.640917120374178,-1.1733793303446207,4491.111
4043899970569107968,270.1808073787366,-31.445162698331327,14.918813,2.2766972,0.08555859266755955,-2.7683282793347486,-7.5200812031603945,
4043801147584729600,269.8414391172786,-31.59195975622583,14.918816,6.123556,0.16383639815953327,-4.115365880971948,-6.829244295427268,
4043810016790734464,269.9919833512925,-31.435876532562713,14.919919,1.0733318,1.0400263881231904,-2.9342097900304975,-19.50812918732489,5099.282
4043808814199575168,270.0498911854369,-31.47788635795933,14.921967,5.3750772,0.15150723711440925,-0.8047395533709425,-7.762984733498637,3566.9429
4043803419670810368,269.9934451844665,-31.604025449714534,14.922112,1.0798254,0.6186388882905305,6.036084560336048,3.443493016795634,7580.3325
4043808328950982528,269.9798356605598,-31.538808079086653,14.923003,4.267703,0.03285220864644106,-3.22673752749406,-4.199820883389447,
4043804480483138176,270.11104504624046,-31.56473054356516,14.923549,2.432065,0.11648108129144366,-3.302732492866499,-6.701961897597373,4567.715
4043787682954733824,270.2133260618398,-31.708919937110966,14.923765,2.2550058,0.08667957001905673,-3.5276173035739182,-3.7123962316611276,
4043803071730059136,269.95401877886195,-31.61828725928172,14.923868,2.5381012,0.1422270557306658,-0.008945584485646953,-2.626740499673464,4659.438
4043802693772894464,269.9711076600432,-31.663283456039927,14.924209,2.5652037,0.14790888004500524,-7.810598669895305,-2.602161213528075,4925.2427
4043788988625869696,270.1657750809413,-31.7363855122678,14.924224,3.5430698,0.03669844531393236,0.8971113238082046,-4.151985399020881,
4043807508530697472,269.90929120881043,-31.553536065119143,14.924318,2.6671476,0.11716569758629328,-3.0553555772946277,-5.535548689999462,4866.781
4043885230234847872,270.266957689246,-31.604662886229114,14.924818,2.4948454,-1.9722534920302668,0.3227838055865478,-7.225147908173414,
4043899107364366208,270.1807092360086,-31.47363142768752,14.924994,3.1417542,0.038878016594552686,-4.836129788327514,-7.09017753037058,3607.423
4043791531246845440,270.2204222930285,-31.61221384790272,14.92515,3.0397682,0.03413219540822987,-2.4984752879978855,-3.7656521892022132,5083.211
4043795551337689600,269.9690578528867,-31.749885172603527,14.925412,2.822134,0.09560841385835878,-2.3795195470196226,-3.90518734159555,4904.728
4043789297863671808,270.12338711703484,-31.72431975304384,14.927304,2.081689,0.24071053280843982,1.1459500024866651,2.286192453053194,4535.068
4043789572741672192,270.0630490542313,-31.73918740390593,14.927426,4.030381,-0.03647142296438463,-1.185938558547226,-8.448882145609183,
4043902783691355264,270.1206547841631,-31.427066508218203,14.927584,2.2357836,0.2349943617880665,-2.948186301666184,-1.2288053211324825,5189.7173
4043886982582183680,270.25748695366235,-31.516580461940706,14.928497,1.9379854,0.27640255528231256,3.173264774974032,-4.60282172549995,5304.6772
4043808294414137216,270.02542286850434,-31.509576790007674,14.930298,4.434126,0.0019941819337288627,-5.946483189772587,-7.4899625510471655,
4043807813374513024,269.89663794824827,-31.518492480025525,14.93134,3.8241377,0.04256242926756516,-3.205599389189624,-7.079895693294651,3481.5076
4043795443867959552,269.96447361124086,-31.767045665070857,14.93219,2.4809904,0.07916385827195366,-3.038412265271522,-5.454790407230169,4636.618
4043790637892251264,270.20863182267215,-31.703633421801744,14.93289,2.5196562,0.06217581392376739,-4.279807984361939,-0.8382412367770765,4676.89
4043804656670777856,270.14440008922656,-31.537300233395282,14.934198,3.047491,0.05576010632596194,-6.444649712334728,-8.27467981405195,
4043800911457679488,269.82124149610024,-31.64700379544403,14.936448,3.182045,0.05870301960046419,-0.7821651879690859,-4.560337774930189,
4043791668684651648,270.12223760250293,-31.660335402141055,14.936896,1.1311264,1.2460540430411076,4.193456649581382,0.9652075172054775,6158.781
4043791870465454336,270.1223308688774,-31.659335251495946,14.9374485,2.9001188,0.017111316703535065,-2.357171679048242,-4.66151997656037,4914.995
4043803862007798144,270.10587842251573,-31.607477192612322,14.9379225,1.4454556,0.7445518633214302,-4.945194439334139,-4.300188248067595,5974.8027
4043886329747030912,270.2291616299943,-31.557197455369696,14.9381895,2.899189,0.0661937266828581,-2.9424103393323717,-7.568936422293737,30098.754
4043807817768491136,269.89772463737705,-31.518983085057354,14.938234,1.9484873,0.4534518255389207,0.40541914253348443,-3.517049313436178,4766.651
4043886982582215296,270.25561780859965,-31.51362373182547,14.938367,2.56734,0.11420556341982162,-2.567615107530501,-7.8044643773529465,
4043790019366689152,270.09517202794444,-31.708766000051817,14.939913,2.1018953,0.2376609731838691,-1.0967301592873335,-4.307907833480734,4432.677
4043801044505492480,269.84170343125714,-31.621034876759992,14.9402075,2.4691153,0.15947308693359913,-8.004004766652505,-9.689656252438038,6093.798
4043898866680718720,270.2213943276466,-31.489089206522202,14.941031,2.7295437,-0.006485407449315795,-3.374820726454832,-6.829530334417193,5580.8984
4043800292982760064,269.86038578156393,-31.626086186793536,14.942372,2.079255,0.39799718634051984,-0.48353071316715285,-5.448037076904899,4681.678
4043802693772898432,269.9861716549785,-31.660193453846073,14.943319,3.485404,0.10908437838431172,-1.4929888874488746,-7.325157174890729,
4043805962342239488,269.9191076068851,-31.6159635558591,14.943887,2.3694582,-1.0316442382940134,-1.1096657089673987,-4.488780304425793,
4043903784501182208,270.0423485251231,-31.411099890340683,14.944318,2.6801424,0.11878859880264711,-0.2720353121271404,-1.9534892448293948,4492.1216
4043803591520254976,269.9844713811509,-31.584136185213953,14.944751,3.5210571,0.03749328277835014,-1.1342902300570927,-8.522492892561104,
4043802148360019584,270.05722171281866,-31.66221161157633,14.944983,2.5970058,0.05023225620593264,-4.408507758718763,-3.078598354259558,4414.9263
4043808745479985792,270.0663664257147,-31.49593364299751,14.946619,2.011876,0.40582379973931054,-3.8394595814942507,-1.5220635533803357,
4043898630538916096,270.1698776246482,-31.50731170971817,14.946739,1.2254696,0.7164069270807307,0.9739738290507884,-2.602993740573184,6419.752
4043796479051081088,269.86727303726565,-31.70953191435251,14.948054,3.5034313,0.14303820724132305,-4.3953505288614485,-6.225396787806284,3876.9377
4043809260876443776,269.94718686685525,-31.48783027587791,14.948464,5.022931,-0.0935842072951984,-2.3334014494792026,-11.2613344514221,
4043806546457808512,269.9813736841546,-31.56987397903168,14.949707,3.0403776,0.15834843877025048,3.017716035769048,-7.024472364085465,4247.583
4043886295336972928,270.2529466488977,-31.566358341939896,14.950699,1.2346354,0.4675393342574255,1.0419154667723183,-3.005448638883258,6439.953
4043795448258476928,269.96782474844287,-31.75044906593275,14.951626,2.523242,0.21853494955555236,1.4294932173148227,-1.8285089147878306,4722.925
4043806232826546432,269.8935119905367,-31.59237511118252,14.951863,5.324359,0.017537050668819342,2.599240064639814,-2.6738536422635875,
4043788851186846976,270.14440898466546,-31.76677713046659,14.952318,3.2095547,0.00459489276480371,-2.222331664339279,-6.928437180551496,
4043810085510298368,269.9736031065037,-31.426116662906548,14.953309,4.1221066,0.03494057339239152,-0.23669550323477118,-7.2384588943512345,
4043806271579979136,269.91324140740403,-31.591547721289363,14.95383,3.3060942,0.04447736067255733,-3.478150233200755,-3.714405569599121,4706.7837
4043809634440176896,269.9502543386196,-31.450855231543407,14.953954,4.035738,-0.012517771729808383,-4.964362507272063,-5.808675758161401,
4043899553881072768,270.14990455811136,-31.457775140137095,14.954588,3.1067448,0.1352120514408102,0.5667381332820194,-2.406573439968427,3740.2224
4043886295387097984,270.25209052645715,-31.56428713938036,14.955092,1.3520012,0.6306173457904563,-2.5667617811007197,-3.1547995733019567,6354.4463
4043886462814703488,270.18412984943194,-31.55574071747217,14.95518,2.7897167,0.036927819129306795,-2.2073964400823542,-5.339871021208903,5152.432
4043795929295904384,269.9545171316296,-31.706260060133804,14.955658,1.3630276,0.4165702817657417,0.9466481251447554,0.6574391647245954,12878.144
4043899730051091712,270.1273318667525,-31.468806334141295,14.955689,2.1695042,0.24581012049494547,0.262698625638696,-3.4419130673538794,4795.586
4043885917429889536,270.2709449997691,-31.560936342456444,14.956299,3.1611404,0.1292467312459627,-5.894101880963398,-1.6348959693430647,
4043795413898663168,269.9610807657461,-31.775348925231835,14.956656,1.3165665,1.8477389619342321,-6.750948543011657,-11.847170411471453,4797.845
4043802904325417472,269.91441701294946,-31.64964810568614,14.957132,3.3479347,0.13702308410832326,0.5036505082425843,-10.99082041734551,32090.59
4043789881927939584,270.04862586295417,-31.706583458545808,14.957242,3.7382374,0.06995614574808104,-3.2305068009155646,-7.330129141834494,
4043792149720912000,270.1910472888011,-31.634163733192892,14.957889,2.9518242,0.030240891136656185,-3.8986493144221486,-2.7190354317236753,30036.69
4043789641461201536,270.02877715596634,-31.746912406743082,14.959224,3.048378,0.1060892636869285,-2.6007490272085785,-5.45239800715852,3917.7278
4043809840602393600,270.0255744093261,-31.44474675303579,14.959674,3.8182192,0.08347390588822903,-2.3080115977100495,-1.7251696994394705,
4043805859262992000,269.911473884373,-31.6298511142804,14.960185,1.4957228,0.7908955274932162,-1.0941508279455097,-3.8663649170645993,6365.2134
4043885432022251392,270.26068500609296,-31.60254767442916,14.960439,3.3083668,0.15070101685741208,3.0245950059162365,-7.489974452219354,
4043805309454998272,270.08550344766445,-31.554003060930825,14.961383,4.449086,0.020038560214222057,-4.701112551129001,-8.337304154876641,3606.0925
4043899038479428480,270.20460822877396,-31.486208351855947,14.96185,3.9425983,-0.0018877742742824423,-5.437693188431458,-5.520480005589725,
4043805618743711488,270.0669851043709,-31.51889208356775,14.9622345,2.6641693,0.07898017076944762,0.35505991601848313,-7.204481890788946,4693.256
4043805854868851072,269.91216169620054,-31.63277887656712,14.962341,3.719922,0.0250699832072047,-7.073124980496561,-8.756127383273082,
4043809054666896384,270.05952522328414,-31.456099552124666,14.962607,1.4674997,1.308530132380434,-2.963987902910221,1.5320031315269058,8602.315
4043790186831797376,270.0706371125766,-31.708082565446865,14.962698,3.7255392,0.12291368895991826,-2.224173536138197,-8.336908586437517,
4043801461216005376,269.99543391406047,-31.725820827438312,14.963908,2.6769838,-1.2475067007259788,-1.9773632149240596,-1.815526245763701,4313.374
4043806232826006144,269.8885827904071,-31.594156960416107,14.96482,3.0459862,-0.08097739580336971,-5.5398797924531085,-5.8180406194956475,
4043802766886343424,269.96359150687346,-31.651851940628774,14.965878,2.4728317,-0.014126841184334077,2.350578290286761,-3.559745828762218,
4043804381743151104,270.16438160613035,-31.56265429483218,14.966804,1.0692778,1.1706842954804773,1.2444127640529725,2.0366542556438407,5920.0225
4043796547770364544,269.9287916499858,-31.71343908883497,14.967701,3.4322758,0.11904844152836326,-7.00303962206845,-7.865969811559067,
4043791045825315328,270.22495052814537,-31.668280773879026,14.968736,2.4278831,0.18585180455467096,-3.884718776178981,-5.048305538633748,4633.168
4043902650629198080,270.09933707710366,-31.443511092955067,14.969137,0.924881,0.950396287161906,-2.5641296792136363,2.302336522655346,5719.9272
4043899347716965632,270.14519332721886,-31.50371458987021,14.970505,1.9604282,0.39530474590123155,2.971188848726367,-2.067396025655409,4599.359
4043789022933979392,270.1406094799548,-31.731933891828543,14.9709835,2.3453465,-0.14410032762428981,-0.8108463286352535,-0.0896322689176067,5082.823
4043898699207091840,270.16934979507306,-31.495283464152585,14.97218,2.9151106,0.1070250897901709,-2.541340649406475,-6.118076562491773,
4043792184080699392,270.1665880219068,-31.632836772430075,14.972661,2.814744,0.07104235327140923,-4.034952744088856,-3.9194995987667616,4783.3647
4043788331405734144,270.08434895414615,-31.80081437893091,14.973419,2.0542202,0.25994609697890947,0.1885865492447419,-5.183316229340703,4775.475
4043803213562990720,269.99075872976755,-31.619534588495064,14.973514,4.3885965,-0.13066215680349405,-2.963258977741188,-7.182113069375244,3481.5076
4043801632963914368,270.0330249196034,-31.68378258929114,14.973535,1.2515316,0.5107007517137643,1.5940351105404333,-0.2546470703436303,6769.523
4043801770453726976,269.99181320406086,-31.696357756813395,14.976092,4.22235,0.09192951760292131,-6.544856014144893,-11.031656125785798,
4043809737731969280,270.0057262263609,-31.453190933582903,14.978383,2.8863497,0.1323030211345191,-4.6814510897314925,-4.433087426632026,4725.845
4043995662374810368,269.8926862660085,-31.480748863856068,14.979247,3.0610828,-0.030287997289374827,0.782116880189151,-2.115423895636262,
4043788026499796736,270.25107092063564,-31.69074372778672,14.979281,1.5876703,2.855626281005754,-1.821607566563926,-13.984583086078404,4512.2827
4043806890055354112,269.94862255852394,-31.543021380445616,14.979534,2.5991955,0.07584711275681863,-3.095189446089925,-5.117075256405094,5174.241
4043795620005673344,269.96177075594215,-31.741899341647994,14.980527,3.081849,,,,
4043899798719412864,270.11870222299547,-31.456353001705857,14.9809,4.2704964,0.39153180963076495,-2.182094522089465,-6.875304448294208,
4043803965087015296,270.0733251807479,-31.606299442608396,14.981155,3.1832113,0.033832266055649846,-5.138237283544361,-3.122798012934522,
4043809329595842944,269.987764129292,-31.475657638604833,14.981566,2.2455492,0.45883160820890523,-1.2965218585108795,0.4344437931841487,4743.0254
4043789572741688960,270.05772977030466,-31.738276926547403,14.981568,2.8032188,0.004799357269874261,-4.534214239002061,-5.424611919025569,5818.436
4043803694546964096,270.09616248117965,-31.632190830874567,14.981585,3.6992178,0.02922147953630515,-2.6400822297980815,-9.724542119865196,
4043790874027279616,270.176013609145,-31.680704194977892,14.9826565,4.848815,0.03540092547211358,-4.247111004537224,-9.156253824766445,
4043795585647496704,269.98956944108255,-31.734427242756148,14.983099,1.7876825,1.3313795754641484,-2.6698439910909912,-1.764664599138686,
4043788438870002816,270.11444457275434,-31.782919467090235,14.983321,4.605586,0.027336691145663897,-4.884795258760443,-8.899963315307662,
4043803724742900224,270.07893253421844,-31.62662213993159,14.983382,1.1450415,0.5940077333995082,-7.186134549976202,-9.597131629572903,
4043898596127950336,270.15029773053044,-31.501971308334333,14.983671,2.42529,0.16374504061346823,-1.9510067131986932,-4.455088055896528,4347.5073
4043902856787657344,270.111453223532,-31.429057239483207,14.984441,4.8699083,-0.00562838239266026,-1.8108204313619998,-7.324444278178152,
4043801151976252672,269.8472127906725,-31.586336303299827,14.984525,3.4807844,0.10348439419349417,1.2953485275919088,-4.694240461947098,3941.131
4043899626971865984,270.1179123358928,-31.479578443692045,14.984974,2.4292984,0.3116317487247756,-0.706054322927533,-3.641580467631798,
4043791256367628928,270.239636318924,-31.634681584323904,14.985934,2.441862,0.06483131559502327,-2.254811969682656,-7.8113768481879475,4953.0435
4043796681007665792,269.9496546957561,-31.69033949483998,14.985947,2.5580769,-0.02605635964005095,-4.311659170575554,-8.002569420156277,5134.144
4043902616269336192,270.0908169697777,-31.46785532572093,14.987201,2.1839743,0.4702115455053458,0.3629149859026672,-2.258005215835055,4530.457
4043810012397302016,269.98290926997777,-31.435254772963177,14.987307,3.254817,0.10151753645397658,-1.356348784810209,-3.674952056868471,
4043803763317472256,270.09205261927303,-31.62134705641983,14.987907,,-0.013556507478200513,-0.9536764194767663,-4.259054706780865,
4043803351001932032,270.0208088388978,-31.602585889794508,14.988033,0.99670506,0.880712612805218,0.7458637429520939,-8.046931150536599,5445.4277
4043789465277219584,270.03709219020226,-31.74589292623564,14.988369,2.306243,-0.05114264262809953,-4.028264419525409,-3.601903147798544,4435.661
4043789087320083200,270.1127174692942,-31.754022886795692,14.988405,3.3877983,0.0635221785907459,1.9357212312625813,-8.221284337041743,
4043795654416966528,269.9740027401075,-31.72948890367862,14.988473,2.432417,0.021660474123830094,-7.665610159638119,-7.535886473110826,5034.0596
4043788370150519040,270.0873284274016,-31.80230517457387,14.988933,0.97926426,1.0514530453554523,-2.5470021810997774,0.025032753966806667,5369.1006
4043804171421331840,270.08721940685933,-31.576938503032824,14.989728,3.85425,-0.01644874658877296,-6.692852994684317,-7.736560127153554,
4043802934291092224,269.9357590176443,-31.631202425438108,14.990948,2.7937784,0.16912076812659002,-0.6829432634866923,-11.343465471547173,4978.093
4043885054064949376,270.27180909898453,-31.634907877870564,14.992206,1.5293121,0.5768198715032506,-2.0174867278491573,-1.3242243308443038,5955.0303
4043898626162413568,270.1672231324346,-31.50744250767511,14.993643,1.039814,0.5324962922999487,2.3896719111607108,1.1453117392598142,
4043885397717891328,270.2432300951179,-31.588289907163933,14.996523,5.6061363,-0.014241417007654151,-3.2286372701032926,-7.44697641827884,3743.6284
4043886291073586048,270.25708459368184,-31.563533556295972,14.996549,1.1158466,1.2448755652590733,-7.2185127676676695,-5.036333026758458,
4043898763711843200,270.21841946256177,-31.50041785720911,14.996636,3.070591,0.019596159056832284,1.2570665398468706,-4.791171874531188,3781.8657
4043805614355041792,270.075122085005,-31.514591723045207,14.996888,5.4762306,-0.10233915070060816,-2.9758731135862213,-9.2990190873676,
4043785960583884288,270.18125791084975,-31.75824264408104,14.999001,2.4281397,0.11515408562465027,-0.4025489868577532,-0.018598426506022413,
4043802595087577600,269.96758515502376,-31.671011584130852,14.999014,2.6310415,0.08753203646361288,-0.3448366326903332,-3.22540983417316,4745.395
4043900137991420800,270.1575332004132,-31.436576489238558,15.000407,2.200326,0.17957468290448264,-0.2696900632887672,0.15916145758215144,6097.4385
4043796375971782400,269.8729371871922,-31.72918514730268,15.001066,3.3092432,-0.01295154614983803,-5.018360316043399,-7.67271661461667,
4043792390239203968,270.15496640596956,-31.612423529329998,15.001235,3.0640612,0.014837515355944249,-4.821711359451628,-6.745599002413457,3723.143
4043806202860535808,269.8824504532828,-31.60191405858214,15.001344,3.320219,0.015078242927441464,-4.0130915332978745,-1.3670226929149596,3609.4458
4043802148410814848,270.0655883506363,-31.659906700164694,15.002121,2.29745,0.13179298856823496,-5.683684728718345,-4.186836436736706,
4043806752616406784,269.9225630872411,-31.55826252881021,15.002816,2.795473,0.061962432629682054,-3.7281163714672094,-3.322858282494753,4802.9077
4043789224943705088,270.1350446679396,-31.726260922582952,15.006049,2.5992537,0.014448635218530476,-2.8767364054474207,-6.80305562691237,5051.8525
4043809497001215744,269.93083123181964,-31.474299117876004,15.007201,3.6370687,0.10899597090034982,-0.7243802035297731,-6.251697888783731,
4043790637892282752,270.20245631269125,-31.694381468790088,15.008133,2.4427452,0.014261539293277609,-2.6318341736090383,-7.820235112277796,4869.026
4043802762668092672,269.965415488166,-31.656803304814126,15.008234,3.159998,0.1807520797414873,-5.298149351516104,-4.282388437383319,
4043795821825131904,269.9503416853391,-31.731793861404494,15.008581,3.7346563,0.13503310799138352,-5.123548912298637,-3.701215653922965,
4043797024416063232,269.9083601779498,-31.66329581312345,15.008593,4.127967,0.1336888155822099,-0.07836120221973103,-6.599791816415052,
4043789263452254464,270.1409194106457,-31.71240184920176,15.011136,1.8105974,0.30313990862109197,0.4363075461685564,-0.15477063767219942,4919.9946
4043898252581441024,270.18427645996223,-31.546296609423777,15.011838,1.4746304,0.42823532907197664,4.820819457443039,0.2190027448313951,5673.869
4043790805307106432,270.1372842694932,-31.69629565936095,15.012996,3.886876,-0.08827826399045965,-2.6034640903033477,-3.8406524493496708,
4043803277892247552,270.0293452634132,-31.606032627345922,15.013443,2.9678555,0.10806003406093988,-4.639281564227502,-4.753165864684073,3839.1257
4043808127004782976,269.98156626063076,-31.543518112706153,15.014701,2.9447403,0.06166416030810703,-3.050168608597346,-2.5258741080960405,
4043809432624302720,269.9303068542637,-31.487365508678852,15.016123,3.3092823,0.11270313275538904,-6.329339596356365,-1.2809757962621404,
4043807302372406400,269.83161054061026,-31.564906693578042,15.017964,4.1817713,0.10512804153351508,-0.6762656779715207,-7.129857310417056,
4043902749495747328,270.1132052553686,-31.440784085363163,15.0181675,1.8868494,-0.040133284829497344,-0.8260591885839549,-7.666050924690456,5423.9556
4043801323774674304,269.82551361804065,-31.603902445516912,15.018988,2.2016697,0.36218027738584146,-0.019770474326016908,-2.1288150204626093,5325.309
4043802178380559360,270.07851570228394,-31.656573626402015,15.019136,3.5036278,0.08998877545171374,-4.15765539710687,-6.84788295488791,
4043801633014707072,270.03385725210296,-31.69471787331018,15.020616,2.3279877,0.05373823762777134,-7.601375094646589,-4.6036981225084235,5989.6665
4043803346618342400,270.02320648154097,-31.597615478850667,15.020823,2.5108604,0.09337162242965169,0.43667584447664465,-6.507179884514548,4659.1846
4043791496833733376,270.2048149576777,-31.633930150343335,15.021455,1.0747375,0.9467197137138735,-4.421101902189362,-0.7435058618861673,5640.375
4043805614354543744,270.0747082444511,-31.511077960807587,15.022558,1.7462101,0.49515789744911226,-2.4140160295631334,-4.313845065046818,4906.9795
4043804897189005312,270.06775299109785,-31.58216360321357,15.023556,3.415533,-0.03208267572200562,-0.9286784155649729,-8.372899327839926,
4043804931548753280,270.08530047956276,-31.56402455995833,15.024957,2.728384,0.262652101237698,-2.092131214156495,-4.476811293359241,5062.5747
4043791462526085504,270.22811194570437,-31.63082588486464,15.024989,1.7552662,0.5875197162805883,6.052424824194944,0.12968619055846278,5207.68
4043788537746390912,270.05531067120137,-31.79309466789692,15.025499,1.1476393,0.6385660028794896,2.2699102879629818,-2.5765606146664113,7102.6694
4043787236227212928,270.2070746293022,-31.753208347294517,15.025712,1.8871717,0.223082194742793,-4.173446371022207,0.9195766156553785,
4043802762668092800,269.9660478862296,-31.659553367232835,15.026441,2.9719238,-0.0772183293895886,-2.953981866088954,-2.2008831278325136,4729.7617
4043804553591589504,270.0984363234692,-31.56716384425645,15.027266,1.3044739,0.6064761571938861,0.2944472424894077,1.69719882984243,7341.0137
4043800155543406720,269.8362724336764,-31.642214420942416,15.02727,5.309328,0.21054362285351216,-2.5412673942516166,-5.2856291881661015,
4043898252581427072,270.1913778998661,-31.546161576684952,15.027698,1.021347,0.9771183005231957,-2.603424082161102,-30.474718562033978,5235.0024
4043804102702178432,270.09512747131095,-31.578869194790286,15.027703,2.7830648,0.04007434945955138,-5.8697599903468785,-9.195800328698846,
4043792454574656384,270.1355424424835,-31.61046563431043,15.028563,2.490717,0.02590359588482736,-5.425278445243461,-4.882077865618233,4651.1704
4043995009589681024,269.83787877561764,-31.542799507188455,15.029008,3.0175009,0.08419968898951039,-1.524309656354756,-4.321439503750041,5001.456
4043886570215214592,270.2264958104588,-31.542126995681226,15.02952,2.126583,0.18159432415875734,1.4500527212056964,-9.20571587004854,6089.3936
4043792081001577600,270.1372444125557,-31.62020410566337,15.030256,1.0081587,0.8523735958337316,0.7120962123695501,-1.2133712747637593,5394.5864
4043886157898039936,270.2303771912394,-31.582826582969364,15.030405,3.022108,0.0969872099377392,-4.624122520845808,-6.171992533167632,
4043790363015823360,270.09407794524657,-31.67382915193413,15.030406,1.7701054,0.5737916568816861,-3.3809459642620405,-4.718644104357818,5034.7314
4043791943562615424,270.1133108811079,-31.645056660849182,15.030496,4.783597,-0.07171724783124311,-3.9070150895113263,-6.786525687880456,
4043995005228006912,269.829417951556,-31.54316319372264,15.031763,3.1265602,0.10312108158110878,-0.04222200903311245,-6.66520889238054,4907.039
4043787472412413440,270.21390206678615,-31.738070873207707,15.031856,2.3066664,0.010290957360444997,-0.13653207892407415,-10.941461438670641,
4043809295236114560,269.9736016143978,-31.4846493673557,15.032767,2.9591246,0.1099053225475781,0.5596253465685928,-2.063577588558605,4579.591
4043808504961974784,270.0147078014259,-31.49514224700504,15.032999,4.8183002,0.018413548882732753,-4.699245591249855,-9.662074623851451,
4043789533996699392,270.0783066697542,-31.746009942978713,15.033062,1.3754168,0.4411067688527764,-2.012074758886849,-8.311244646019574,5847.9165
4043785896249335168,270.15299173952076,-31.76417118571364,15.033108,2.1272392,0.09600298789372372,-1.6981729665282044,-1.496335871219284,5110.29
4043795894935252608,269.94468697774766,-31.721967356081112,15.033231,4.9981413,0.46444061677871634,-4.824065058679876,-5.493483867302071,3867.5608
4043802006618129920,270.0439507967845,-31.689980691164415,15.034092,2.627551,0.0065476080495015,-1.0109075241724634,-6.381487793265178,5023.0176
4043800258623009792,269.8787646910135,-31.628382213244524,15.034098,2.5168114,0.18132473072974348,-1.681227560740943,-1.3165415065656036,4650.0034
4043789400942901120,270.06425510280604,-31.759626633234657,15.034491,3.331211,0.027388712505733152,-0.35716171586290885,-5.826422479875111,
4043787442437456384,270.1986814169381,-31.75866264474641,15.034796,1.1791372,0.33760199419184406,0.03541641230961554,-0.754118816615157,7285.233
4043796646458875648,269.935997708604,-31.71410597894437,15.034815,1.2156973,0.5031950956904984,-1.7001187381065463,-4.216472408134227,6009.748
4043802045331580288,270.05819549570424,-31.67215051912102,15.03491,1.3321638,0.5552765926921227,-1.3006296065103757,-0.37240603429034896,6366.975
4043808603651788416,270.04607076196686,-31.501213025307717,15.035361,4.234973,0.08176821399444843,-2.6956984038211704,-6.428979365061936,
4043885913116789760,270.2702980624984,-31.561739401878217,15.035653,1.9848938,0.19368648238736133,3.5318398668320463,-3.3000406744922346,4815.922
4043804755536882048,270.0411510763512,-31.599275120202833,15.0357895,3.2827377,0.022696707289854477,-0.9926529718845016,-8.182754980022816,
4043899798770718080,270.1163290965102,-31.45618612121248,15.035791,2.4321356,0.09819324971262125,-1.7351664693305568,-3.394687057192594,4501.599
4043789327838344960,270.1275057995116,-31.70377683139414,15.03596,1.1829634,0.5540200911897747,1.1787182425828568,-0.9954260040205787,6931.3667
4043797028807575552,269.9135545332752,-31.652222381252425,15.036617,2.5780106,0.1621831328801448,0.28496299981692963,-0.6698931643552172,
4043801804813519232,269.961550211463,-31.699161315716207,15.036702,3.0187511,-0.06897144990816131,-6.35969162231404,-3.8022119202722493,3777.8691
4043790599148672000,270.1990283779155,-31.699604898001486,15.037004,2.7803154,-0.016611068267183154,-4.914863828873551,-8.678034923302818,4648.3853
4043995211386568576,269.84785287009976,-31.512264887877866,15.037268,4.5528564,0.04209205314224499,-2.4284871596942095,-6.441310357806891,
4043809187974037632,269.97295950324815,-31.501511726661658,15.038264,1.4965229,2.0522835226036085,-4.473517261280636,-8.551697292598064,
4043805957948083968,269.91366500571905,-31.615079871779564,15.038978,2.5030355,0.19846047143001974,-3.9456145238325924,-11.782335817441496,4891.9175
4043898832320918400,270.203133070117,-31.497183166068428,15.039122,1.1621494,0.9644269092457501,0.2767947458945641,0.8030721682689739,5072.8906
4043886359735519104,270.24619939257195,-31.550350629896563,15.040964,0.963892,0.5199139815674145,-0.22279180361973913,1.9791690062060272,8311.591
4043808195724204416,270.02103604980596,-31.525378105994132,15.043259,2.6013641,0.11231004528307612,-3.2337418034677192,-3.4853108839546847,4673.5254
4043803385361692288,269.9758605885017,-31.626283030683624,15.043649,2.6710176,0.09422872497635297,-1.4576323395246238,-4.252407190710946,4659.1616
4043809673193427968,269.9601826164789,-31.440895837382634,15.044021,4.37864,0.19143988216511224,-2.7614449972348,-5.211674080879071,
4043806885661576704,269.9486802815604,-31.539916417739974,15.044233,6.278407,0.06993008564299857,-5.614393778652787,-4.122854440599554,
4043797028807573120,269.9092943137928,-31.6569779211605,15.044345,5.122877,-0.09558671633966542,-3.3212400339119457,-8.820031713477132,
4043886187936623744,270.21528114750026,-31.58123732938664,15.044524,2.439787,0.0821417608330737,-2.3632229945943837,-1.9559279990978733,
4043806409018817408,269.95569468573325,-31.59791976620729,15.045481,2.4841757,0.2702304882630005,-3.3851977978539085,-1.143153654646631,4479.668
4043789881979510016,270.04094050860573,-31.7006410255066,15.045663,2.2505226,0.12300569432080066,-3.484289679725389,-3.784446048277178,5100.472
4043804789720755712,270.0521476120591,-31.590360672576047,15.046251,3.2297554,-0.004585661552467354,-3.65222108651347,-4.61144598104619,
4043787476797257856,270.20281585880343,-31.74106308237825,15.046548,2.7855873,-0.008132980691369052,-8.163775357600985,-8.910215023361438,
4043799915025072896,269.8694826858673,-31.661034940198277,15.048456,4.1300545,0.0706937156626685,-3.071871527508309,-5.715697040343381,
4043791045825306240,270.23567633463665,-31.673589492179282,15.049923,3.7410336,0.07121562924850582,-1.6574330208899928,-0.13259153881043564,3526.8413
4043900211087557888,270.140605759604,-31.438146976283008,15.050188,2.1844769,0.29547894608829534,-1.38160859024216,-3.0461456888233673,4595.6084
4043800292982817536,269.85982995260287,-31.630010424747443,15.050773,2.6869135,0.02033932173989529,1.4470877900853296,-8.910948389190875,
4043807542839953152,269.91570804542636,-31.54081920441989,15.051136,5.452342,0.03237599175537758,-0.6671364833018802,-5.592704758689459,
4043789362197969792,270.04712017969587,-31.76386736437528,15.052052,2.5684862,0.04962729548816757,1.9221532399587056,-3.5814575167662204,4808.807
4043788331585721344,270.072153190114,-31.806241860975163,15.0527525,1.0141201,0.22325860643187526,0.9318940774471662,-0.7933619563385006,7193.6543
4043791149075908352,270.24008492235413,-31.670543229408707,15.052935,1.2993937,0.5872634388920812,-0.9892321141490152,-4.877556449805416,6683.37
4043790015033106176,270.09346079924126,-31.709021318133516,15.053186,3.7228708,0.032764701296906396,-5.578458544472528,-2.7747816191356502,
4043806409018813184,269.9618198141918,-31.59511315289422,15.053673,5.40051,-0.12825724084103798,-1.9756933748660324,-8.629280064420126,3668.4326
4043791428166331392,270.2275927674621,-31.639271741503467,15.055125,1.1883402,0.3326225464371627,0.7517220849484655,-0.373770882777634,
4043899901849477888,270.195009562131,-31.453383559724966,15.055594,2.031475,0.5542699516155338,-0.7526285925320623,-3.4631714502247544,4769.9126
4043809570114125696,269.96127961633,-31.465846029295374,15.056621,3.1745768,0.0985844638426005,-3.6247604411530228,-3.86549200131019,4243.628
4043790672252036096,270.19423294910086,-31.693829475751407,15.056647,3.3282232,0.10427113788351765,-0.11474674267403616,-3.6231141927960215,35153.766
4043795100455348224,269.9404036125173,-31.773376060875833,15.05706,2.2714338,0.24642713332771515,-1.112655827723042,-2.339257276624644,4581.296
4043790015219117824,270.0820489964034,-31.701180932872827,15.057217,2.83356,0.07284502134162221,-1.099836256912309,-8.659851276081447,5131.5376
4043789293478588416,270.1203312936939,-31.71449874760219,15.057693,2.6035519,0.05476011978755405,-2.6125580156454995,-3.2569640693992357,4974.186
4043899901849529088,270.1905336582371,-31.450658908858827,15.058402,2.6225653,0.16833249654068774,-2.9896548644936676,-9.09824037520261,4727.5264
4043809089077615872,270.03773607719035,-31.449980529501886,15.058844,4.439348,0.012909308342848475,-3.510801745571346,-6.076543601800891,
4043899970569192832,270.1719847632542,-31.440776847563793,15.058897,2.390236,0.13586906538925675,-5.107393333689075,-3.1407984500310495,6353.651
4043788915521399680,270.12559319860264,-31.75008081392288,15.059856,3.3033075,0.13693126384469054,-5.1832650606499096,-4.3624713623263,
4043808058285249408,270.0012282538889,-31.543020927444438,15.059872,2.2563162,0.014142365129598908,-4.361340796240766,-4.686566886900204,
4043899111575450880,270.1761380705312,-31.475685754617416,15.060191,1.386795,0.7063394274001213,1.3640647128557006,-3.5237884187073747,5779.14
4043885535157065216,270.2645966004167,-31.58126234850881,15.060352,2.2000961,0.07591906538857829,-3.1177893616395886,-2.6210873037599574,4914.601
4043803007404555264,269.9691418519074,-31.634796445663824,15.060541,1.1433372,0.3954707714522158,-0.41216432474279296,-0.5845859010892067,6957.886
4043887012570785408,270.226063161656,-31.515698243493283,15.061583,3.2686625,0.020336480906498915,-5.120748138790343,-9.878955940071158,
4043898523083064192,270.16648067121304,-31.525656673073463,15.061871,2.586012,0.10095241704864737,-0.45575161359455796,-6.475388749784197,
4043899558200980480,270.15157796699566,-31.4627594171463,15.0649185,,,,,
4043804274324684800,270.13023797365344,-31.585907303703628,15.06576,1.4136238,0.7636844414411567,5.238769133725954,-5.1815365047212945,6453.033
4043995524984563712,269.87120917513005,-31.502213257643604,15.066316,2.37988,0.2056275541854261,-0.22960554235028888,-2.035251700857555,4483.415
4043795894935250432,269.94815691698506,-31.71951379264468,15.067079,5.228201,0.35243703580945623,-3.673299415279067,-3.5994846486900895,
4043899141558857984,270.1966895688756,-31.45660579804513,15.069108,2.9663095,0.04991037828578219,-4.031026465676442,-6.99730964783365,3757.4812
4043898316924658176,270.1769238823456,-31.522366277712095,15.069186,2.3501902,0.2193447883470933,-0.4411170699352798,-1.4417511963061789,5142.646
4043802285849839872,270.02592971820656,-31.66163411393266,15.069412,5.076269,0.029620811262671708,-3.781952585854324,-7.966364644332378,
4043800082432775296,269.84388734458105,-31.666051203794833,15.070028,2.4949665,0.1306473670715968,1.4490042239584395,-9.823888744712615,6097.013
4043790530615424896,270.17109135555637,-31.714703286259283,15.070194,1.3145161,0.8453212668546255,3.9109701904231273,5.926066793645862,5558.019
4043787678757358592,270.2177637739765,-31.713837570884436,15.0726385,4.362237,-0.15988932769030184,-4.489175106638186,-10.5014707995792,3666.063
4043796444691345408,269.85994629824245,-31.714928681555648,15.073732,1.576931,0.6283735153910167,-0.7067409850350753,-1.8354698726776453,5305.656
4043790740972713344,270.1509108537819,-31.697998128917703,15.073782,4.908187,0.03124112185479922,-0.9812804575342969,-3.4257916158589827,
4043806851301331840,269.9648543764293,-31.54691066700417,15.075753,2.8041935,0.06338874970046551,-2.6478111444959476,-3.8329793152388927,4826.697
4043886432826329984,270.2127899147507,-31.560499380686363,15.075827,2.081623,0.17903485589196108,1.0434513496986675,1.2231489696358468,
4043808711120338560,270.04254808950384,-31.490080353380367,15.076129,2.6968832,0.09652654505534802,-4.174585223228145,-3.876376762443442,4194.0073
4043809844993031040,270.02437533263,-31.441351263116708,15.076297,3.1896448,0.060040909339511686,-2.758305346444684,-9.353787651728823,
4043809806451562240,270.0059601690042,-31.445418078073416,15.076521,1.0281868,0.8581871273578003,1.9595933317715104,-0.6040655967638027,5813.436
4043796204173048832,269.8853362438126,-31.73157010055872,15.076729,1.4632235,0.6586278943908347,4.594760977145317,-1.9836693685519675,6338.6006
4043995524984562944,269.86025932321996,-31.509794454041472,15.076778,2.7557163,0.08412246803519766,-1.257709181425904,-10.188143526059928,5502.844
4043795306429012864,269.9265364745169,-31.764018596730345,15.077296,1.2880526,0.38976263939907596,4.255798099160722,2.172913370802376,6427.122
4043902989849841280,270.07104484016315,-31.417907441564243,15.077927,1.2981539,0.25313018180494834,-1.9988775784477668,-3.727704425247448,6969.026
4043899553875641472,270.1578637070188,-31.466986173428616,15.078417,2.3236551,-0.03671504008498764,-4.694955976435204,-4.080272860938887,5517.861
4043783834662629888,269.9986365741219,-31.751297325702684,15.078483,2.6009083,0.09927285749083534,-4.601712219357116,-11.88024949778368,
4043796582078801408,269.89349486633085,-31.715373188823317,15.078894,4.494545,0.10430038897734464,-4.016147966134791,-8.54520616112277,
4043788778108445440,270.0857192008849,-31.752170134198106,15.079577,2.4176283,0.06594881574062794,-6.002246246409005,-4.958501171284328,4606.7783
4043803316591473920,270.01217712278867,-31.616571355527324,15.081926,3.0281086,0.12493139660668279,-3.1278605544268436,-6.43580959221072,5642.434
4043790942746090496,270.16248335950837,-31.67488977540676,15.082839,2.8625212,0.10190663701722019,-0.9509705877733649,-1.4843039650347951,5204.199
4043805275146350080,270.043632830535,-31.532335763617745,15.083626,2.4870634,0.1607912142676509,-2.0956548052243353,-1.1861457622868543,4452.974
4043997307570624256,269.92523084077067,-31.44267937444761,15.083841,5.6625175,0.09177062309060177,-1.3021031475166696,-10.674318679627326,
4043804308684445312,270.12915773408986,-31.566539532619014,15.084513,0.913805,0.9275437079598483,-4.841855994467146,-2.931194480849848,
4043783834662767488,270.00416905049366,-31.743910369047267,15.085,2.6476421,0.16068564049639256,-1.6145798342728337,-2.707367031492548,4704.8384
4043804824256072576,270.0303933697298,-31.58784082004301,15.085462,5.0813885,-0.05887788800229005,-4.614665884600946,-8.222620281815765,
4043804072555187840,270.08843721256034,-31.598148584522143,15.085615,3.5152407,0.10179900401926179,-5.340838230191161,-5.71074137483902,
4043806954381051904,269.8657383615621,-31.593286970889814,15.085838,5.4764757,0.03940855072172891,-2.018172572496332,-8.706019153175838,
4043802182770568320,270.0755900198944,-31.647772175447688,15.086094,2.6793556,-0.39031742473902326,-0.4847283190173174,-6.2847160307653835,
4043808913098694784,270.03643039169066,-31.47528324339447,15.086296,1.5589361,0.9726191362759266,-1.8888591898119227,-2.750871940142444,10313.199
4043789057293697792,270.1466457486377,-31.730664712155352,15.087415,1.2974377,0.9309694660597216,-3.246719052602475,-2.994622790076412,
4043800327342500992,269.87297686372057,-31.614352382181867,15.087863,1.7017393,0.264074077352203,-0.17260220849816724,-1.9450414666320426,11785.725
4043808569292055552,270.00571456031605,-31.489797023125774,15.087874,3.045579,0.0025690315044770134,-0.9504181253028263,-7.297955390108109,
4043804484821124224,270.1045342635014,-31.578459191483905,15.089255,2.8625088,0.03492350187310442,-3.1938937196380928,-6.168316784767939,27612.78
4043800288591243264,269.85486716777655,-31.62479602539778,15.08948,4.388053,0.21724997094587672,-4.715515732671692,-7.427239682722245,
4043788541949303552,270.0691209535562,-31.792283188787586,15.089649,2.710884,0.04820072001329035,-1.5382202792892012,-4.3654190981477345,6056.8867
4043805408374006656,270.0827871307456,-31.533081100506234,15.089763,2.399002,-0.022185268460195917,-2.9789070490245044,-7.109041773161964,6293.9014
4043789400891221120,270.057386442944,-31.76470618262598,15.090076,2.3420277,0.09196163660004004,-0.861107108309692,-4.049835536057866,6767.758
4043887046930637824,270.23915327648433,-31.50034063056126,15.090848,1.412653,0.6621648268605795,-4.286112819840033,-6.9304472619546535,5381.4326
4043791698660348160,270.1481515104712,-31.664449959570778,15.090902,2.2360516,0.22699046511993423,3.27281742646858,-5.780773780005941,4622.9214
4043804828469629312,270.0305735841825,-31.581982129908383,15.091106,1.4857435,0.7182273607116116,-0.11080722069221201,-5.067027366067634,
4043809879351648256,270.03571580461414,-31.436627455311196,15.091183,3.4941673,0.14659852165498918,-1.853188928398565,-5.305380115599069,
4043803071730056448,269.9508245639252,-31.619594775741476,15.09179,2.9009333,0.056062477762651095,-4.441590741223663,-4.993103958427609,4540.294
4043796715178392192,269.9248011836695,-31.685404682925594,15.092765,2.6968307,0.08422812826634882,0.18345036634729653,-6.0121448160294575,4875.327
4043788198350806144,270.2597411227252,-31.669812995734766,15.092905,2.227478,0.2878114454068502,0.7301432516580026,1.2143129781125266,4495.62
4043809810632221440,270.00781283364637,-31.445659753489775,15.093281,5.917776,0.17756627954762189,-2.3618902438362137,-5.452829859939583,3976.3376
4043804759751166208,270.0416201705171,-31.60014073635846,15.09338,2.2360468,,,,
4043803655849322880,270.0832593356776,-31.644791070658304,15.093487,1.9898729,0.2797027435238386,-4.934600654636589,-3.544314561675861,6830.513
4043792081001623168,270.1326523055678,-31.60795197521268,15.093947,3.3490934,0.08703927669039782,-2.2225815095764325,-3.6105250632859645,
4043803969425037440,270.0754756414707,-31.606564347950517,15.094034,2.5227308,0.10003912560053686,0.476032776006322,-5.888629938442163,4896.6436
4043788297045988096,270.08989953449236,-31.80447024028662,15.094737,2.301159,0.12664463432331946,-2.4925737911203583,-2.9038229892881597,4447.184
4043803522800696576,269.9989443555003,-31.597209138634778,15.096075,2.5607967,0.18327149448445876,-0.3839581447793586,-1.4409366669511778,4530.631
4043804652281844864,270.1457997766385,-31.547276198827067,15.096812,2.9590464,0.033238966520318707,-3.661756568166776,-6.6364710588810425,
4043899760034160000,270.14778844254255,-31.45490495870515,15.0979595,3.3173714,0.038087677658376784,-2.272134015782512,-1.1197310706887014,
4043783731583338240,269.99714954239295,-31.77483458206159,15.098543,2.419589,-0.02939911374404808,-0.5964555228960254,-7.482102376509356,4373.8887
4043902959867156992,270.0577256045923,-31.438156434309363,15.09871,2.3155212,0.18675201063828664,0.4451348678266573,0.9528712751425923,
4043802526368126336,270.035161783842,-31.619501777539373,15.09882,1.0278025,0.976595177858692,-4.325849782031892,-16.87158081730029,5572.314
4043783658477675520,269.9620993262614,-31.782176677245456,15.098846,2.4725084,0.07984841092404922,2.106872240971519,-3.028418879764498,4809.871
4043898767926158592,270.219059234458,-31.499931055386195,15.098961,2.2914095,0.2908410704029947,2.573891566188927,-3.752561146308424,5068.835
4043789534180998912,270.07005905686236,-31.73558202971137,15.099049,1.2899008,0.5967539288155803,1.4129708352750956,-4.662761249601952,6908.6187
4043802865571605248,269.9454981533779,-31.64326400939795,15.09963,2.4317398,0.36368679233188284,0.15966501827300733,1.398971199037979,4470.2812
4043898871056876288,270.2261783418163,-31.48670210992291,15.09965,2.040845,-0.8091538064428924,-1.3094727886066018,-6.632806763241293,7056.044
4043789057345445120,270.14588602561355,-31.725088432871775,15.100293,1.9721956,0.32957541910272803,-1.7608520753044041,-1.3102364116430145,4782.3486
4043795620057222144,269.9668071685458,-31.736647558053185,15.101045,1.2086945,0.8820203278909393,-1.8009271148945998,-4.181824396793098,5771.1475
4043790053778026496,270.1116925151428,-31.702277806650194,15.101755,2.4783993,-0.005417822849109757,-7.451585146988948,-7.854555210332634,6483.052
4043795620057201536,269.9701303342925,-31.738924917335087,15.101809,2.2114458,0.3468633470638186,-1.3563605642017842,-1.1302081841031568,4693.6963
4043804381793918080,270.1632118260388,-31.560627786149517,15.102321,3.8519688,0.023944529121883575,-1.0381345097213528,-5.0115421519445205,
4043803041713751936,269.94382481934537,-31.623783223364786,15.103689,2.464655,0.0916798860141637,-1.1799777338528894,-9.301389347805934,
4043886467136157440,270.1856764627864,-31.555103204207605,15.1045,2.01303,0.2231690318554192,-6.023064801985871,-4.557138247239718,5247.545
4043899485156121856,270.16212381701837,-31.47329103426714,15.105258,2.6072617,0.03180348401184,-5.7841616172627575,-0.20612076282934944,4616.8877
4043790878410531968,270.1727712548856,-31.679912087559178,15.105613,3.460987,0.0980595467001106,-5.8184706435512155,-8.409046743281085,
4043903715781592448,270.0460806696342,-31.422993346064498,15.105666,2.4279861,-0.030788570371558827,-3.286957252127534,-11.759532497222075,4644.855
4043882064767593856,270.27194376261576,-31.657552508491264,15.105987,2.6366644,0.06248631524289754,-7.108628504076808,-5.860595141901819,4788.73
4043995112618934272,269.85143127690606,-31.533017939453856,15.10677,1.6019058,0.5277757406755245,0.20598110818056467,-2.774863213201581,5784.263
4043886638984879360,270.227166368997,-31.531564046440003,15.10771,2.8240519,0.06321275522398495,-0.5666243352435872,-3.512325111515162,4728.471
4043902852410889600,270.1039690412298,-31.41795178358733,15.107959,2.1250048,0.1835774020338109,0.7704646594967132,-0.6366173221243147,4456.1045
4043886187936573696,270.2135404883649,-31.58911013903565,15.108964,2.103508,0.1732946424972977,2.0777863433084707,-3.3827774465147145,5075.771
4043806198466807168,269.87702671771444,-31.603047334660953,15.109516,5.316229,-0.006942836456379426,-3.9791300601535835,-8.190542723482864,3761.2952
4043809084694831232,270.03256577609807,-31.449045363235978,15.10974,4.8452215,0.14362022797991364,-2.729601709370528,-5.390627214811328,
4043806546407214848,269.9803207835267,-31.56922981476166,15.110158,3.1272335,0.0039008937915716232,-4.9800045864046805,-2.2513476843892946,
4043800292982372224,269.8503554176839,-31.626088561727222,15.110229,3.497817,0.09825633799529337,-3.0307044490170614,-2.876276387472312,
4043788851186848512,270.15136055005746,-31.76161750029187,15.111118,1.2435522,1.0389639581561703,-0.8927330869807647,-4.216238340206884,6225.766
4043792390239166720,270.15592169035256,-31.626522260876474,15.111225,1.4367218,0.45502507967014394,0.8179340584954784,-4.744910548054452,7186.056
4043792351495451520,270.1942689564669,-31.603331465505335,15.111565,2.3799,0.141364100940957,-0.32839407917474717,-6.968380123193214,5053.9526
4043804755361008128,270.03815257218,-31.59782468197142,15.111651,2.4635868,0.22229236302442898,-0.6595560414999664,-9.42871896522356,4471.805
4043898660522248320,270.18619829730494,-31.49429635569407,15.112249,2.4439106,0.07342374198971961,-1.465551503603636,-7.075796200600655,4550.7246
4043807091819480320,269.8819301687539,-31.575083469677438,15.112434,4.0396414,0.11153474274507946,-5.747773720533284,-5.747710560032547,
4043796199782261120,269.8840275620524,-31.725677897785214,15.113098,2.0214663,0.3687710258593212,0.4167225323987022,-5.796620762792784,6566.5356
4043790152478527744,270.1120148512621,-31.690382189789023,15.114557,4.9794064,0.030312168585775255,0.7582234995771181,-6.611776382375146,
4043791458142222464,270.22849694843677,-31.62849485719765,15.114702,3.5464764,0.03697444167972386,0.22476285044711594,-8.13871571241412,
4043997204491293824,269.9177575285054,-31.456019637189627,15.115285,2.483739,0.2231111986840301,2.1631261625428806,-1.5520105001518252,4519.8965
4043805034628101120,270.0223763404697,-31.576128946796413,15.115308,3.849679,0.02276191650369217,-5.378209728916704,-7.430718223640578,
4043803896367550976,270.11613233318053,-31.595935722034074,15.115746,2.5987358,0.12839856801292016,-1.5992781002208913,-5.5229015197785305,4672.7505
4043805103347683712,270.00561522116095,-31.558377200608124,15.116699,4.209302,-0.03582363731153649,-5.47118342945059,-7.332641176654115,
4043885264594490624,270.2837187344142,-31.604729328486126,15.117012,1.9252539,0.5476996062555587,-1.55996252543485,-3.3663261873518424,4596.1914
4043789778900168064,270.04149936728186,-31.73434820870986,15.117328,2.5816584,0.09936283309954312,-0.8527273820408409,-5.58660026700044,4930.402
4043792493318457984,270.1538906932326,-31.59957773408218,15.117536,1.1705027,1.264735080904232,-7.474505666467085,-6.273363705507682,4990.477
4043791771763826048,270.14801102930863,-31.65538752078868,15.1178255,2.4999924,0.08468017330339424,-1.5898597466856024,-8.333492596479905,4688.8315
4043801972218397184,269.99787979034005,-31.654710820144963,15.118109,1.3623018,2.156867160141837,-1.8675211111210537,-34.74805102083481,4655.9653
4043783284906823296,269.95672311677254,-31.783800170954205,15.121245,4.484584,0.1319669285783504,-1.800696773494279,-6.043840285642589,
4043790019418325248,270.09248526302014,-31.704265374717895,15.122909,2.2239704,0.20247480643246268,-2.4934313355516866,-6.116787228864993,
4043899794558679296,270.1269532908041,-31.45272489311069,15.123013,3.9534569,3.345626453710193E-5,0.17863668217112846,-1.2030368446162827,
4043801628624697216,270.0406687540731,-31.692397845118556,15.1230345,2.3518314,0.12386980445840316,-3.4431085336994127,-5.9758431245375485,4730.8447
4043802831211848960,269.93546685040025,-31.66450753721657,15.123304,3.644764,0.15748123112977092,-3.111186033859349,-5.772241663836693,
4043808917227974272,270.02838505657576,-31.474930252033214,15.123732,2.5785122,0.05068584762516744,-4.149567397435697,-5.476761964762435,4447.328
4043796891367947520,269.89430882743954,-31.68350172785432,15.124643,2.862877,0.09612007849460155,-5.379971106240476,-6.359735765514564,5191.521
4043790878358334592,270.17345338434507,-31.69024538170287,15.125029,2.3725777,0.16357895330772476,-1.6633237771888116,-5.275557731630352,4695.312
4043804102526552576,270.0904645133047,-31.5837658436235,15.12508,4.8486214,0.042889137836243735,-5.0818341223500365,-5.078569148012289,
4043785994944429056,270.16557495415805,-31.76832384667372,15.125513,4.5521584,0.08854068817609509,0.6306068077218311,-7.769743128529283,
4043795310819593600,269.92881582959797,-31.765268466317515,15.1274185,2.6452656,0.04163169182782732,-3.8714508555889604,-3.0457688158863125,4716.411
4043802732526559360,269.99391813096565,-31.645681143103292,15.127559,1.8059292,0.811584547974259,3.432415256049436,-6.324139300082995,5014.4243
4043806752616358144,269.92452190392277,-31.571827301624634,15.128453,4.276142,0.05101195190424989,-2.79057807332675,-4.13756962564229,
4043809153403818112,269.95962055495767,-31.512431836189158,15.128889,4.071995,0.11569049534791087,-2.741359511517709,-5.8596320579679455,
4043795375148497280,269.9094084196523,-31.755907048990263,15.129332,2.3813276,0.12932022880624502,-0.03226874871798814,-3.336896890681153,4598.6724
4043802178552963456,270.0777004274376,-31.65845596818191,15.129437,2.3925514,-0.07405884374321806,-2.852072351545111,-7.523615433050754,5025.9604
4043802251439296512,270.0683040040964,-31.64212676597141,15.129766,2.466672,0.05737153523729858,-0.17289789731351504,-0.815689324080234,4413.455
4043804927159737088,270.0769215599229,-31.56457158257537,15.130373,3.0952673,0.09828751103801434,-4.777460336480863,-4.402643701697157,4190.6426
4043788645028619136,270.0679361762775,-31.766960853649206,15.130673,3.7316055,0.1402659390467912,-0.3481090064980122,-6.5319877349356785,
4043802148410834688,270.06344050183935,-31.654079604691375,15.130903,2.6501293,0.06248457626859408,0.5861966883035905,-4.419912593216598,4606.333
4043803213563724800,270.00020406687736,-31.623431642074284,15.130908,1.3081589,0.7770854941966191,0.16313786731629182,-2.547329629211348,6830.7944
4043789121679865728,270.1163704984199,-31.732409833576288,15.132279,3.0794106,0.08306253517931364,-5.388807710048433,-7.946950227458863,
4043807336732177664,269.83715459181815,-31.55247958809336,15.132626,3.467926,0.049295246131630326,1.1627642086377825,-5.7066821143939945,37482.14
4043783624117932672,269.98488025597993,-31.788168111608176,15.134037,2.515419,0.1527135916406481,-2.5143064777319153,-2.7098654090038394,4716.6387
4043790740973078400,270.14401039566144,-31.705262054061972,15.134537,4.100502,0.00929702980446906,-2.575448122579443,-3.7609498971231856,
4043809359562261632,269.96095001254093,-31.476526187558203,15.135362,2.2681904,0.41142261473265623,0.24897152832773833,-6.431849113495974,
4043902955495122304,270.06096643202363,-31.428690896833302,15.136413,5.8543854,0.19432941955840233,-1.7846156432416815,-5.2998900690775566,
4043898733566817920,270.1735139718663,-31.493221721689302,15.136901,2.2428217,-0.17321224435947108,-0.10804251881765739,-10.993313543485632,
4043808844169974656,270.0660306143317,-31.46157478341917,15.137124,1.9554672,0.22751453171614813,0.2872041346410647,-3.716553845057649,7864.85
4043899588235262336,270.1084844004533,-31.483580768605126,15.137318,0.9331846,0.9346329585436929,5.377657081121656,-7.9238187273545435,5741.723
4043899901849464832,270.18943088486196,-31.459734692428945,15.137532,2.70965,0.14520969922390592,0.7980876222014412,-6.315053815609953,
4043809226516695680,269.94707013978734,-31.491127202376525,15.137975,3.139041,0.1652594784755689,-4.374159462864951,-4.90132672945929,4963.695
4043801804813501184,269.9691180420781,-31.699545596079027,15.138316,3.6371965,0.11585009897718523,-6.082651385707308,-3.651975306230506,
4043783559784570240,270.02258448834607,-31.77152470105756,15.139355,2.4489603,0.08066330291221853,-5.696847264059897,-7.782193376333865,4513.764
4043789843234398720,270.0388911058721,-31.717774037017055,15.140626,2.1326265,0.28280155550407166,-0.7512862063637821,-0.8473051489757122,4749.3696
4043887012570726272,270.2338182709726,-31.52407154783194,15.141073,2.2506256,0.15273406543608306,-2.6779811838504335,1.5718707553572406,4598.806
4043795757496296704,269.92719467840965,-31.737781380318722,15.142158,3.004074,0.10998106595159976,-3.307355063382023,-6.186751240492462,3863.478
4043789224759075328,270.13178024793507,-31.73526117144095,15.143683,2.4355955,0.10839543385218166,-1.4467972275764287,-5.941292330557156,4566.852
4043791943562610048,270.1111530001584,-31.648906095780703,15.143749,2.2896404,0.18157774181925726,-1.7222501473558085,-1.7812669737567393,4575.8013
4043805172067088768,270.0381474309307,-31.551534188183414,15.143776,1.026454,0.8888586424118592,6.012528794639797,1.612440170935432,5594.604
4043801736093983744,269.9815958877896,-31.704559952841457,15.143905,1.8527374,0.371413399937539,1.3669632027974554,-0.1412238993703242,4818.8413
4043789877600112256,270.041995953095,-31.70011308173751,15.144834,2.7131052,0.06262671869501835,-2.362613725566655,-6.309208591983755,5922.2886
4043803454081294208,269.96714216650093,-31.59771377805313,15.145696,3.2827168,0.05949358917652047,-6.393757920850701,-7.349831973492037,
4043806890004851328,269.93770251991344,-31.54387888514695,15.14589,4.075116,-0.07861791408843781,-3.355317193364967,-2.057544991085814,
4043899695691495040,270.112878902299,-31.46021078214233,15.146198,2.1745272,0.22364707402428363,-1.720488471033606,-3.0013996795392126,4502.1055
4043805378225446784,270.081889856072,-31.5364965554639,15.146241,1.8210163,0.46650313413872674,-2.241561233676825,-0.27924200085826056,4724.636
4043790599335218816,270.1989491803558,-31.709622184474025,15.14735,1.301444,0.481197700490309,-0.6435108670372965,-0.9403379362618185,7202.6997
4043810081116781184,269.98590505350523,-31.42370567242464,15.147894,2.7329893,0.1028986033491354,-7.015389497781541,-1.7019703574917986,
4043795379539162496,269.91371682178305,-31.752666496799645,15.149499,0.99268055,0.9829586169675346,0.42754711605565854,-4.715270497803012,5450.8564
4043802384539015040,270.0201179839704,-31.63387246745343,15.149785,1.0254316,1.0615557656251304,6.611548161284952,-6.574563434490354,5283.3276
4043808985998405632,270.01691911680416,-31.466519967755666,15.150089,1.5611181,0.4825787297384333,1.228828123958567,-0.566575694286584,5592.034
4043802693772901504,269.97416344465927,-31.657693464145968,15.150432,2.8836555,0.15695072280215855,-6.373633675563955,-9.002957135085596,4978.478
4043899695691476608,270.11507520758335,-31.461287444960522,15.151109,2.5265093,0.14328721196894734,-1.5346341167105724,-3.158134761185993,4790.229
4043805030238946816,270.02003630035597,-31.568384667478526,15.152007,2.4366016,0.018102314275987554,-1.9549831488847653,-4.322003853697283,4559.147
4043807164933318528,269.88122248121977,-31.57048982229242,15.152365,2.2834282,0.2797688281963985,0.5081234569303402,0.3460990878131647,4749.3174
4043809943681615488,270.0231196706182,-31.417109815991452,15.152549,1.5174026,0.4298619018646773,1.4604284569391228,-4.34361850710084,6268.584
4043808844176678656,270.0650439424756,-31.470017935291306,15.152556,3.4631014,-0.04047497796214415,-1.4772029718634923,-8.356307775786682,3720.7688
4043799429597718912,269.86157830905483,-31.688829097372267,15.15296,1.3188791,0.4199050157309649,-0.24690669567459922,-1.7201732345410474,6358.85
4043805820512991744,270.09130534934604,-31.480430967239005,15.15485,1.3124037,0.5202455619750685,-1.1175630766663818,-3.4961978393530186,6472.4863
4043902925507259648,270.07772513568045,-31.440984911587503,15.155061,1.932333,0.3444274178070952,2.000583872150502,-4.274091267345138,4904.09
4043899798770675456,270.12260829246884,-31.45727214199845,15.155382,2.6156998,0.13401367954701898,-1.412369310106987,-5.932311489745641,4641.554
4043885230234722304,270.2787527108444,-31.613204752170486,15.1554985,2.309598,0.0753643130931013,0.16182675208613312,-5.34596065826654,5465.794
4043795104609623168,269.927022609242,-31.76760460539337,15.156513,2.3022127,0.09275380696790954,-1.5481572625410662,-2.0201630432471918,
4043791114718073472,270.2184772342325,-31.65545582594826,15.157048,2.1602802,0.4881998401794661,-4.435036709776434,-0.4059082879445127,4902.701
4043804209994035456,270.13518377264853,-31.59754300038376,15.157265,2.1631145,0.2913577342851708,-2.5832672116426147,-3.084948605622454,4674.372
4043790878410538368,270.16886927994165,-31.679664414186348,15.158613,1.169671,0.43186979501365874,-2.561301940415579,-3.8924061214351076,6613.3164
4043789160424757504,270.09692360917165,-31.73125233800514,15.159358,2.8018484,0.10345534927464224,-7.29098624573681,-6.106613988042748,5028.646
4043791634326098048,270.1159244734197,-31.67104397119966,15.159892,2.3268185,0.27647282146491714,-1.4371179342336913,-3.6638109353007007,5117.0586
4043796955706584448,269.91823875192284,-31.667509351343302,15.161034,4.914092,0.23553884444680984,-0.8825962709717954,-7.312194989824535,
4043790878475081728,270.17414312192716,-31.680842670315517,15.161192,2.5345106,0.07743658400796698,-2.07998332184416,-5.8325594412074615,
4043898248368704768,270.1918215956551,-31.54690984850202,15.162185,4.440875,-0.2130794443916273,-4.769825814754349,-9.972390906069753,
4043809260876392704,269.95604483969953,-31.494916318061268,15.162637,3.0321388,0.026291402357491285,-7.736092779441936,-3.117963133459728,
4043805721822907520,270.0817016981297,-31.51220026407561,15.16311,4.9673185,-0.028654934886388813,-3.5747765411789296,-4.447254894905305,
4043807268012608640,269.8558741338126,-31.565487338071794,15.163178,5.1250334,0.06786867482474859,-0.4364933364218018,-7.176458579799968,
4043804480483130496,270.102374159013,-31.570891765532448,15.164617,2.446021,0.08059654889674855,1.7305177482431198,-4.089817171977077,4401.2075
4043790186831800064,270.0609177812619,-31.706116022959673,15.164657,3.684411,0.05062859293432909,-7.437784849345504,-4.997937016141483,
4043801628624692096,270.03729862244626,-31.696256969972005,15.16512,2.5681515,0.05465063229687612,-0.9461647006025299,-6.415105306116796,4724.6284
4043791904818792576,270.0991751117379,-31.651777660043372,15.165804,2.8523731,-0.13390469272870686,-2.695187149240648,-7.888750809128449,5458.786
4043898767977591936,270.2169758830601,-31.50396774766015,15.167217,2.2799854,0.034514031711006705,-2.3537956651652827,-4.8631810494532255,5240.178
4043790015033114496,270.09197762196465,-31.701809356482634,15.168119,2.571518,0.12629879385522264,1.550668417889109,-6.616280566925815,4763.6504
4043808333163272576,269.97439235682333,-31.533238653658437,15.168129,3.706089,-0.025977176023284504,-8.854704049752028,-5.22211718852399,
4043801525541711744,269.99125329327677,-31.724043342949603,15.168848,2.9024582,0.1851951073112405,-0.5355499929519456,-6.422350885907829,6044.832
4043807435427065728,269.8591713813477,-31.549113514341556,15.16966,2.7131128,0.21566224631871214,-0.8209730891589884,-2.99477451759026,4552.9688
4043899725674302080,270.1351117944177,-31.47119581696059,15.170341,2.5443754,0.19543124278310925,-2.3253952162409837,-3.943880068998966,4553.044
4043785892046995328,270.16181105832544,-31.771750265701257,15.172806,1.9394588,0.15623636488450843,-0.9899952326750057,1.3352157112628413,4605.676
4043809428492097664,269.93605125123145,-31.481656262909716,15.1735525,1.1307077,1.2006731922382343,-3.371821486612936,-11.521713531988317,5269.094
4043787442437467008,270.1996679043868,-31.75566344038043,15.1750345,2.2288609,0.1397302991638843,-4.6072832684918765,-1.1542879410797655,4635.402
4043898733566838400,270.1727658752699,-31.491421017938922,15.175264,1.8781347,0.336144302780318,-3.1192142437666113,-4.630259269722656,4855.7295
4043808260054896000,270.0096068051658,-31.51815412408509,15.17535,5.155916,-0.07401874806511739,-1.6327191919837034,-8.946198250738666,
4043785994943624832,270.1573895120284,-31.75702052939444,15.177326,3.1010332,0.06316962036088725,-6.683957081143741,-4.104590822229582,
4043804416152547456,270.1382604393962,-31.563961420094614,15.177796,2.8295803,0.07976495286356933,0.7393055520214535,-7.769136843246837,4836.978
4043885225863822592,270.2799644560394,-31.602036002996797,15.178612,2.784896,0.1281247958083075,-7.64189071792668,-3.087799481864212,4795.204
4043809879352814464,270.0295972165575,-31.426338903246418,15.179797,4.7534,0.07171276059295653,-0.1973678276816423,-7.281795348135526,
4043796509019902592,269.9143925074425,-31.728460185482522,15.18031,2.6574612,0.050590187511170615,-4.864686632822389,-3.48390575817098,4416.068
4043803350951261952,270.02441310244393,-31.596800721859765,15.18034,1.2553873,0.732937519699986,-0.48979287945763844,-2.244599165794671,7482.44
4043808225900502912,270.0366931231399,-31.523563880308853,15.180395,,,,,
4043791015849410560,270.22157777995017,-31.674620812210822,15.180623,4.485614,-0.10609432921484503,-5.177588935575646,-4.6579227252676025,3732.2314
4043802595088466944,269.96245089186976,-31.666358222780765,15.181678,3.2215214,0.10125929307686059,-1.5823441929076394,-7.545642713966103,3661.9878
4043804858440252672,270.0411048269491,-31.57050755938678,15.181873,2.2837162,0.27569888661963027,1.3794341338821046,-5.932969326895648,5054.108
4043899382076721664,270.11363309708935,-31.49801108863025,15.182017,2.8513794,0.010937228457341961,-1.4085842047401465,-5.4613766238481425,5227.55
4043899313520910208,270.12846308571363,-31.511752915636524,15.182241,3.0971327,0.15801087407899594,0.7858824514270704,-1.2879971849391123,
4043788679388279040,270.08501998771067,-31.775905904388416,15.182945,1.7311754,0.4347175787519282,-2.8088946239420953,-5.498061425510072,4763.98
4043805957948070656,269.9119576204605,-31.627968977185976,15.183564,3.1352348,0.09751648900567514,-2.635303107289034,-8.577074415744509,4540.533
4043885466437588864,270.27853340864743,-31.59120734390881,15.184206,1.3869152,0.5319134725247886,-3.479547649696855,-5.163404717640219,6013.735
4043808917227988864,270.0244902935616,-31.474700192565937,15.184783,2.901744,0.07044167357782224,-3.0413418302085837,-9.54587848130796,6024.408
4043791393806663296,270.18937337412245,-31.638134714064822,15.184851,2.8690672,0.09318221973384527,-4.41986882072446,-7.96389025449656,5070.8584
4043795757547101184,269.9251433258597,-31.74289728855157,15.185016,2.0303288,0.18850236950490123,-0.12281056475434056,-3.368778992110781,5873.2495
4043808844379090432,270.06574846958256,-31.46395243444933,15.185028,3.5708818,-0.03557627355352857,-6.135597437044412,-8.883857290860188,
4043808500572574592,270.00260048818086,-31.497425939808238,15.185203,2.848609,0.12019869704209594,-6.131667340798647,-4.2185168223862055,4979.503
4043899107364366464,270.19390809283897,-31.477590398182734,15.185904,1.4956398,0.8991400131573396,1.0983500090919347,-2.857602101614181,
4043789469662471296,270.04004192666946,-31.750745994653197,15.185984,2.1804838,-1.119670711011769,3.915765296627995,-3.694903153250471,
4043808672377976064,270.04129872283863,-31.497987800366463,15.186245,4.9958467,0.09208697523548942,-4.629558133832112,-6.936662557297465,3861.6606
4043886157897960320,270.23491549507054,-31.590208292615692,15.186839,4.314781,0.11270575058865775,-3.3549827216514276,-7.209943688527522,
4043807401057147904,269.8801296537108,-31.54302989042945,15.187856,3.4811935,0.1027620782818834,-0.7218613170054436,-7.353382856064972,37414.094
4043788090888471680,270.246753591337,-31.680228488267215,15.189556,4.1201544,0.0098055504216695,-6.287794390965242,-5.250030432739398,
4043803007404593280,269.96955802804763,-31.62416725482048,15.189719,3.5105324,0.19684437714662845,-0.9907685964250669,-3.971415281432642,
4043783486864302976,270.0423570069725,-31.78158105471748,15.19105,3.828065,0.5303972375431679,-2.018713664781102,-5.888916631198364,3345.6248
4043788056528040320,270.2410268274438,-31.69508171875071,15.191315,2.351861,0.15130564543993202,-0.7482083583714958,-3.6157675691049103,
4043806645142900608,269.9756192352659,-31.549079335221432,15.192529,3.1721926,0.06807325228923612,-7.253451719664589,-7.51395757079022,3919.04
4043899072953105536,270.21732300553145,-31.47662266943551,15.192892,3.324566,0.11275454454685399,-2.156213411088249,-3.873952554183822,
4043997346049457408,269.9406623797891,-31.43823288101045,15.193111,3.0627384,0.045594789797937574,-5.921664060018038,-5.428893827570579,
4043789710129160064,270.02083423985704,-31.739045632583164,15.193304,2.346098,0.09312426742306426,-2.786789335208413,-7.3786116613693915,4640.772
4043791015849409152,270.2121534428455,-31.682940382951518,15.193674,1.2028637,0.4767830233139099,1.5855281322710313,-6.148618474494916,7627.3735
4043809741912692992,270.0125542705834,-31.457136491021142,15.193974,3.2282057,0.09551033701352978,-5.319140815995893,-4.903443102201339,
4043791496885854208,270.2052291356281,-31.634857746572155,15.194212,2.4244223,0.039049272511503204,-2.0853041267525403,-4.090213971890071,4968.717
4043791703044344704,270.1510261895829,-31.654350959435124,15.194754,4.521099,0.0345783680080997,-4.05861929729668,-7.064504290963934,
4043801800608832512,269.9695887761892,-31.697035826625243,15.194861,2.365881,-0.011816704072515411,-7.739284028206548,-8.021894896516987,
4043803488441030784,269.98003052974383,-31.589647750919887,15.194909,2.2602386,0.2523631913598802,2.3205347664562455,-1.2176044152504146,4518.348
4043804961519476096,270.04913919486165,-31.563786043662923,15.194989,3.8693295,0.05995041891352132,-4.402553755213106,-6.387330526758016,
4043783624117952768,269.99031916538405,-31.7734667342552,15.195322,2.8596735,0.04451027205150508,-2.52415295195008,-8.42163122367098,
4043790324270798720,270.0889342403905,-31.67438001350698,15.195524,2.5146465,-0.12096409818406371,-0.783406891481089,-9.033413716582919,4573.1895
4043785891864388992,270.15648360522573,-31.7668771467504,15.19563,2.7208862,0.025103384329732206,-6.376467101472304,-2.6636890990651736,5041.508
4043801903502629376,270.0098538560819,-31.673503986412808,15.195671,2.5319605,0.11840459443214439,2.8558808637085003,-4.7989405626734465,4458.9136
4043783521224039296,270.0155502308609,-31.78305384911389,15.1957445,2.317256,-0.010477783135072777,-3.5004244323990132,-6.226110804377959,4517.2915
4043886497174412160,270.1998639857788,-31.559385556099468,15.196445,2.2179089,0.11190194262908955,-3.1454185419437914,-10.972687022158045,4774.7095
4043788571923930496,270.0790561980741,-31.789024762542343,15.196487,2.682579,0.06985074257241491,-1.0684941356667055,-0.6158916398179564,4672.44
4043995628063832320,269.86498674168166,-31.487851426702104,15.19658,3.519143,0.016591560687850886,0.6013855610773813,-8.902813490267368,
4043808401882779264,269.9670980214123,-31.529955250229552,15.198293,4.1410675,0.12048018816333221,-2.7873606912230873,-4.769439986679359,
4043803415327454080,269.99278543772823,-31.605890787609745,15.198407,2.4754677,0.1134123659107964,-1.708254565311993,-5.967368382956,4500.821
4043804725340767360,270.13075530412505,-31.532751803143885,15.199497,2.3482962,0.10506387696832539,-1.8005172635895965,-5.278571466040566,4818.5215
4043788507589509376,270.1188330257416,-31.773038998092094,15.200387,2.4982662,0.20078105552486797,-3.2227996515797086,-11.77518629142831,4232.8247
4043804961519465856,270.05588591499986,-31.572994760196952,15.200684,1.025464,0.9108567319273245,0.9008499106622825,-4.719978454643595,5416.5254
4043788228498262272,270.269561854611,-31.66299871409976,15.200831,1.3209496,0.5545495267131975,-2.198396625878585,-4.077893665557965,6376.2515
4043801903502624128,270.01479605240957,-31.67722212872098,15.201453,2.8082075,0.04542817785431029,-6.413909803376376,-8.751954316327208,4742.606
4043788851186843008,270.14630942226637,-31.766612885415107,15.202279,2.4355211,0.1482832636570642,0.06310939440346452,-6.268403466562984,4665.353
4043796891367944320,269.8972970640098,-31.68255142443771,15.202607,2.7133284,0.18000983972914295,-11.013289472831902,-5.871739490013016,5083.9365
4043802698166788224,269.97615576658694,-31.66741738352371,15.202655,2.290392,0.10000923057972336,-3.9440136893909354,-3.184938303303293,4939.8813
4043808981817768704,270.0260594941968,-31.460219991911934,15.202796,2.0395975,0.29850895168467817,-2.1578743539800005,-4.828652008714394,6093.513
4043801907892710400,270.0057852879601,-31.677343483826995,15.203447,2.7090797,0.07103707158079586,-2.776274739262519,-7.481042481248907,
4043807336732337408,269.8513095011559,-31.547713016566288,15.2045555,2.7103825,0.1299142205973189,-0.6578282780666759,-5.229741126379007,4550.365
4043790500453292032,270.1913504982573,-31.721248843562776,15.20467,2.4356976,0.04089574595732467,-2.2765629425460876,-6.841161205636346,4555.509
4043791286516567552,270.19641985550936,-31.660530277407645,15.205252,2.567566,0.1977790638384078,-1.6302407935388852,-3.4370250466035115,4383.4077
4043809222333792896,269.9494682857318,-31.497052543579212,15.20618,3.4163055,0.0162073306067198,-2.501749546635139,-4.26643473911057,34989.227
4043790500454383360,270.1838969085152,-31.718321599093308,15.206214,2.620184,0.04933854441411025,0.013207248929030725,-4.794353550461394,
4043805717433764096,270.08811653900784,-31.502782801024406,15.20625,3.0933933,0.08735311476665394,-4.524465702583334,-6.805666313735292,
4043804755386520960,270.04302932931995,-31.588958255454433,15.20633,2.4167013,0.28799829660537757,-2.6042181842381815,-7.940499950090139,4464.596
4043804416101540480,270.14254503164636,-31.572001240714116,15.206497,1.7543993,0.6928546283426179,6.817875489765774,-2.0484832477549815,5744.965
4043808573681542400,269.9943850297158,-31.486142912083988,15.207885,2.639244,0.2765981214997428,-4.924584313039198,-7.0082551917356115,4705.549
4043805202037658880,270.05575059502485,-31.546617711962202,15.208786,2.6120405,0.13443862633539466,-0.47939667760092153,-2.176203525297045,4668.738
4043902994226968704,270.06461648865945,-31.42269985416307,15.209363,2.423274,0.09596172019950097,-7.85518116388189,-7.4099154369840825,4545.5312
4043902856736461184,270.1069395526894,-31.426350695356717,15.2095785,2.1557484,0.2882920504813263,-1.4633087821617095,-6.78043990076042,7383.841
4043805648714274304,270.04990980694186,-31.52526450250685,15.210283,3.0120163,0.04038550584048227,3.0403743280207944,-2.3073445704979174,5040.644
4043898282564744960,270.1611884434447,-31.547845622785683,15.210646,2.4750042,0.10545703629471086,-5.122035880657461,-6.576072603425644,4707.285
4043898355660646784,270.2020699081058,-31.53388188863789,15.211373,1.0006332,1.044966940974363,-2.0712267714292922,2.8193944148563914,5444.6597
4043807783358243584,269.8923364094036,-31.52519144698288,15.211462,4.662264,0.29018848296392263,-5.140014370853703,-4.808460194299991,3508.8599
4043898871056972032,270.21493598129706,-31.48327220003308,15.212016,2.48664,0.1621751153978092,-0.2882948518340852,-5.844594413187748,4294.227
4043806409018831744,269.94802075196446,-31.598746396185277,15.212258,4.6473703,0.03951918546797337,-1.2089118865065132,-6.041319933192078,
4043804862778447232,270.0452086700946,-31.573971817728584,15.212311,2.2878323,0.11404694250356123,-0.8268764732588334,-8.266659414407421,4967.124
4043803041764396416,269.94630704330075,-31.62206397423128,15.212463,2.64435,-0.0032517495231566404,-5.217345787784186,-3.281399792066573,4724.1123
4043789572690029952,270.06037922024774,-31.741620908623474,15.212531,1.1612597,0.8188805300560577,-3.238198095104482,2.362013125235224,6011.365
4043885466382108672,270.28073613196545,-31.58299796020049,15.212575,2.569107,0.11395388236643478,-3.264687795589359,-6.139265948305693,
4043807985172718080,269.8949705334629,-31.499984280985892,15.21261,2.5323915,0.24397972379332264,-2.9100600874030604,-1.4235750900325619,4540.177
4043898218221688960,270.17506489736564,-31.559773584051182,15.212956,3.615426,-0.9806795028934074,-2.262693283138642,-5.679033694934539,
4043783456705232768,270.02784687435036,-31.79679002486738,15.213324,2.159113,0.6991128527607471,-5.4180583081052704,-3.8503239539405247,4860.4663
4043902822428027520,270.09191647222104,-31.431317057939854,15.214309,1.193119,0.5810356991325578,1.6736100952505213,-1.1042326910791584,7667.681
4043789774514902528,270.0449734426779,-31.728196055318335,15.214657,2.1370077,0.23129110356109545,-4.6757582221048075,-3.2697952329341264,4883.8135
4043809982431005568,269.9783245395377,-31.44463786517505,15.214899,1.5012398,0.7202455415654508,2.995213166117904,-3.6208161698675148,6419.1177
4043803140453262848,270.00331469146835,-31.630386123935846,15.215198,2.5800714,0.14567560796233495,-2.5293284768888524,-2.8343398105081787,4596.875
4043885127155630336,270.26063008910415,-31.610035171974467,15.215745,2.3417616,1.077519858632398,0.26901553849110493,-4.66870962503936,
4043807920847685376,269.9184593589238,-31.510441554549132,15.216686,4.001048,0.052075414603773976,-5.363601009744431,-7.012170930488817,
4043808363129830656,269.9922932318807,-31.526762840495252,15.2170315,3.3143215,0.08027802472101486,-5.667452629046396,-2.0289481795068665,
4043801594450603136,270.0293360338171,-31.705555909990863,15.217076,2.6002073,0.15356565486581567,-2.733671877231662,-11.333312526626488,4981.392
4043791359394769408,270.1881086760602,-31.650898690854884,15.217916,3.2333002,-0.004736486076067567,-3.8775016479202487,-4.925414843739773,
4043791771763853952,270.13580149252505,-31.653893967199817,15.218492,2.669304,-4.987193612573694E-4,-1.849926141534033,-8.450754750896486,4742.731
4043801834779404288,269.9731964845143,-31.68895159504025,15.219685,1.1954384,0.5675937710304264,-0.2875464858066219,2.6288255988993354,6637.4385
4043898660686518912,270.18551294864096,-31.495997115339375,15.219882,1.347374,0.4078131202082439,0.06657500332408427,1.6618513829508283,7364.3525
4043802148359976064,270.0705275782032,-31.66213577770385,15.220494,2.6783838,0.206228621565097,-0.8169762411927322,-2.862226492033883,4774.075
4043809398315415808,269.96996147325785,-31.463150354578136,15.220511,2.9088974,0.06725506658501665,-2.011974054632603,-4.30731285782575,
4043898316924559872,270.17707858621776,-31.53641942392285,15.220719,3.7852583,0.13648387231963316,-4.027548239427105,-5.753328550362669,
4043795413847114752,269.96017825340533,-31.764822395547213,15.220881,2.7270622,0.1098157233744617,-0.8661093734068409,-7.76432779743451,4957.17
4043790363015816320,270.10508392071984,-31.66885760415447,15.220932,2.3639069,0.21348011849938017,-2.2209434140646698,-3.6940486951815377,4426.4683
4043802521977991168,270.04998364207734,-31.615752989264983,15.221642,1.2251616,0.8104439583613153,1.4596891401882808,5.10385299139117,
4043792493318471552,270.15415934704544,-31.594926938312728,15.221923,2.995965,0.09816939565939622,-3.7442752528242655,-3.024983627564306,
4043994975228710912,269.8290020508061,-31.548270323191893,15.222014,2.666274,0.07454081859585054,-1.9036879849002932,-4.6787865628622365,4997.298
4043886462875267840,270.17783797671865,-31.56255045855479,15.22213,2.3085709,0.13437253096643875,-2.897572767327515,-4.1245109798491795,4714.891
4043788537570331648,270.0639869171984,-31.790437342656567,15.222281,4.3167877,0.05610111462636772,-3.392079983574367,-8.176040292935681,
4043898282582836608,270.1657795521253,-31.532882012483423,15.222308,2.1187859,0.09225735568362503,-3.441767434589303,-3.437857651721365,4464.9883
4043886364106743680,270.24559142037293,-31.546850772205325,15.22231,2.4161396,0.04673318033346553,-3.149062307900911,-3.8893823080113563,4576.0073
4043898871056974208,270.2200429718687,-31.478052152740883,15.223383,2.3769321,0.1128880667691715,-4.830449585233526,-4.062278964840768,4484.341
4043898454363749120,270.19793855921756,-31.503553966005555,15.224528,2.9400492,-0.01591113293132773,-2.057553186821035,-9.225206617935317,
4043800945817439488,269.8326401778726,-31.631928421456568,15.224697,2.2601118,0.31548242863914105,-3.1109108774898853,-1.5986889129065707,5521.2183
4043802968650816640,269.9535365423002,-31.64763496690655,15.224792,2.4152355,0.14038724584853915,1.0496281968462986,-6.936763295230832,5088.7754
4043803316642220032,270.0082101022923,-31.60347121015351,15.224883,2.0478325,0.23023746836031414,1.5480757236630263,-1.1451481128476,4890.1343
4043805481305765888,270.11890851884516,-31.523066696547012,15.225209,2.369563,0.22030614893098885,-4.591775217949967,-0.9982759432683999,4762.56
4043898836697230208,270.1988058902336,-31.497742855819045,15.225521,2.2539444,0.09389195860478,-3.7165784221088276,1.2200539596676017,4950.344
4043802663807091968,269.9619592059509,-31.663482622810083,15.225737,2.6346264,0.22697023270387787,-3.9726978103101342,-6.808358338267276,4714.6997
4043804106863955840,270.101323621569,-31.592142862893535,15.2258,2.6207361,0.13254542702866892,0.9208751706474311,-3.369836627980395,6017.196
4043802010971851904,270.0422290739588,-31.678431576322797,15.22641,1.2243185,0.46536236728612723,2.701102497627484,1.1591096548595492,15040.088
4043802148410790784,270.073492202771,-31.664783192940522,15.22805,3.8812323,0.06583846343702397,-1.5281183001295884,-4.672218438783487,
4043903745769102976,270.05500478916497,-31.416034261423228,15.2281065,2.554531,0.07013634147257258,0.19535215268648903,-1.8946034892182362,4550.48
4043800052464569856,269.8923257895318,-31.63304929724658,15.229277,3.01678,0.052291980819366236,-7.61293300627763,-0.7992239145399107,4338.6167
4043791874843131392,270.1147195297905,-31.646508470632266,15.229405,1.3194818,0.4311380659539282,-2.206528830082753,-4.869207810556137,6622.843
4043789018600635136,270.13773430627816,-31.740423263492115,15.229945,2.5142841,0.03886527108251508,-1.9913313633834024,-2.39955674021246,4665.3223
4043803312251975808,270.0135645794433,-31.613397320679677,15.232129,,0.15380884912092935,-1.2369573365354176,-3.4427251634633538,
4043796891367960320,269.89022088726534,-31.68343358828895,15.232862,5.5137253,0.035006353597724485,-5.660728798134296,-7.187091806485401,4159.9736
4043902650629046784,270.099381210503,-31.46395675457883,15.232927,2.232088,0.13057402372300977,-5.92717004539358,-6.980604734733303,4847.558
4043801701734254720,270.02010563720984,-31.67619599797027,15.233197,4.785368,-0.010436005783953851,-3.6728186109825542,-6.364077442417477,
4043898733618281088,270.1701860529137,-31.486943509646895,15.233473,0.93819714,0.3780073392349653,-0.22280345191817855,-3.3213077872898236,8978.828
4043795826216679040,269.9570206009028,-31.72111537967663,15.233605,2.5835905,0.07709206430328525,-4.405709444796601,-5.18070045755368,4665.3657
4043783456705290496,270.02440328391947,-31.786039992780672,15.233803,2.25111,0.102652431723848,-4.110064572116055,-9.178603939794904,4994.0425
4043788232710542976,270.2641316188056,-31.66647263245881,15.234182,3.0290403,0.04412433503076674,-1.7777706641425732,-0.29490526521237215,5567.5225
4043804824080499200,270.04115360339625,-31.584998731546744,15.235186,2.5601587,0.09149418573355227,-1.653245930759375,-7.84875554751092,4958.2886
4043886668973209344,270.2608720875312,-31.545459116228532,15.23573,2.5290852,0.07925090762072867,-3.6392411451678255,-5.584259480023262,4382.2188
4043789705795405824,270.00463560558285,-31.737791565417435,15.235909,1.3299723,0.7744606326128922,1.00083294777727,-4.323328424810874,5436.574
4043796410331541504,269.8763962449365,-31.720759687708735,15.236893,2.854189,0.05371897498366512,-7.522401293055668,-2.1264773159570183,4849.113
4043803007404566912,269.9649101419835,-31.634294016046635,15.237368,3.4308205,0.11173079657011759,-3.798253413938984,-6.4202608380829,
4043792630757440384,270.17817909029765,-31.566286822897204,15.2375555,2.2137089,0.21341558594018045,-1.400593245715722,1.009610927622997,4669.6963
4043902921130305280,270.0743510470889,-31.42581265158975,15.2383175,1.8692436,0.413349574811102,-5.049665870650254,-1.85185800107528,4911.1436
4043806645323898880,269.9807775528516,-31.559547427975488,15.2392025,3.1029139,0.07086497334294468,-3.3183938803011843,-4.536717686280035,
4043899072953183104,270.21209781285864,-31.47437572952189,15.240365,2.5914516,0.20891422544576851,-7.129907613465146,-3.0202426425091486,4898.8267
4043799433988688640,269.85362699865334,-31.68923380821334,15.241445,5.4685497,0.1372609080784472,-2.381167539305167,-6.770487940305101,3938.8857
4043805550024167936,270.11119172501037,-31.502065321902077,15.242158,2.6137009,0.10857423811374943,1.8105260066456892,-4.363473378700033,4531.101
4043788713748016256,270.10574796192844,-31.7621502959717,15.2428055,1.3885756,0.6158735319467252,0.9208982397955251,-5.5801341917895275,5747.567
4043807194898711680,269.8889488162698,-31.554306231158606,15.243223,2.4957867,0.2670588029198208,-2.326637802344223,-0.7840512528207861,5029.449
4043805992308376704,269.9391068195038,-31.622441295857207,15.243433,3.9715042,0.09370652153196907,-0.07323824445532505,-5.9559212297610795,
4043885024076160768,270.26570764719713,-31.644835455540022,15.243725,1.2858133,0.5191543811567948,1.300843159329932,-2.0867950217889426,
4043801869139135872,269.9993207075582,-31.693914678335542,15.244283,2.6800203,0.13276127256450312,-2.0263479583737127,-6.389706905137806,4787.04
4043809020308638336,270.049505381229,-31.467958274307637,15.244389,2.493434,0.12376615518706058,-1.602053960132068,-5.883303170243254,4896.369
4043791492676779904,270.20531126754685,-31.626604456076745,15.244471,4.239296,0.0390762148574576,-3.310199717353094,0.08199919894296047,
4043791733020104448,270.1659680976267,-31.648867448715432,15.244555,2.843359,0.0923301705491055,2.397348938489058,-7.927725852693467,4947.8716
4043788469027020544,270.09993347612186,-31.778715471748047,15.245493,2.0741587,-0.06041971757088604,-2.7336226637007326,0.10654419096795466,6096.545
4043804343044182528,270.1553218096525,-31.566400488662783,15.245618,2.2778358,0.18978890085571862,0.018523384689635793,-4.4660618725614025,4966.033
4043789160373064064,270.09864161207,-31.73547846932501,15.246238,3.5728369,0.10141378874575854,-1.3984726666182827,-6.442731719663327,
4043808775450496640,270.0780312519331,-31.46576923345953,15.246651,3.2667732,0.05942156208886555,-2.5144603035045052,-1.85050531716315,
4043804519231811584,270.11854535555426,-31.56395658534183,15.246761,2.4492102,0.06057586123423953,-4.933290563877913,-5.2405132715195695,4597.0874
4043886260977226112,270.2373248698178,-31.580447914935757,15.248693,2.746129,0.050755200970723696,-3.1156881657157665,-4.776102457389271,5034.825
4043802006581828352,270.0496518436617,-31.686394704750217,15.248814,1.440711,-0.34470065965981267,0.376827238535636,-3.0541441212476013,6244.9834
4043785896249320832,270.1493629328873,-31.769926621904165,15.249017,1.3247089,0.34680325286430547,-0.40198675222078234,-3.772349348950285,6352.824
4043886600363013632,270.20870506774145,-31.536630908841197,15.249329,1.3300056,0.43196458911007535,-0.14547968313954182,-0.09923212917446851,6001.796
4043802934291661312,269.9424013501235,-31.641661498444723,15.249348,4.5030355,0.06016288289415101,-1.7854237849751744,-5.186820384792218,
4043801903502622080,270.00842199026835,-31.679543784389033,15.250586,3.1728258,0.018012520331607888,-4.339945401242973,-6.014659347627517,
4043803999446755200,270.0618096048417,-31.60514937686704,15.250862,2.2440462,0.3163184649447007,-0.7700698252950527,-1.3125884579699891,4506.1855
4043790740920978304,270.15426049686533,-31.708580882609585,15.251113,1.3865538,0.5345606661310965,-1.5248640595204095,-5.382319021274274,7091.2383
4043796994447206272,269.89716993461326,-31.66667259012514,15.251449,2.4325829,0.5030036642031356,-3.5744886973420287,-2.6897079542547293,4931.016
4043790500454359040,270.1885100354138,-31.72114903205479,15.251512,2.194213,0.22606108495299412,-0.6838426844869157,-4.192244346560138,4818.267
4043790289911046656,270.06293134112906,-31.686205098470754,15.253094,2.4593096,0.15915152688697126,-1.3594276097771298,-12.062279688769967,4606.596
4043790294296353536,270.076359010785,-31.68340137781238,15.253296,2.8861856,0.07626032488470619,-5.179319597794631,-2.4515739639127285,4708.249
4043899661331682432,270.10054210654243,-31.48224183201257,15.25333,4.2466917,0.09276644989814176,-1.7060575659106416,-4.5073196840137495,
4043902650629167360,270.09893356769334,-31.448124181956096,15.253336,1.5310907,0.6552050735124413,-0.2651407207097376,-3.02745219906643,5504.497
4043795100270562048,269.9308058774234,-31.775963718503608,15.253717,2.3077536,0.01872229261954925,1.3344588565794124,-8.691215435023478,4950.798
4043807886488026112,269.8827708844408,-31.509632886903674,15.253738,2.4943218,0.02654093306792427,-2.7628611492906305,-2.3874078435872335,4899.736
4043810081116780544,269.9832171258265,-31.426839261619257,15.25428,2.1071959,0.1768747115065738,-4.724951633908086,-5.294908111540982,5872.605
4043801083256760064,269.8566908788063,-31.60401016961392,15.25439,4.4074497,0.05615235930823016,3.702325219460211,-6.655066350475135,
4043783731583346304,269.99649355877375,-31.77345227557872,15.254647,2.8313522,0.13490829147232875,-2.66064427766535,-2.1817056696757424,
4043899038479482624,270.1960041647214,-31.478970592311082,15.255127,2.8154526,0.17950265078823457,0.3687250702385251,-5.135164428446182,
4043789091705152768,270.10781905859784,-31.757697518978773,15.256166,2.6802301,0.07766095182397152,-5.072047269867885,-8.0123317892939,5170.715
4043806271579982976,269.90576969271297,-31.595175754445023,15.256569,2.433793,0.22211881044718657,-1.429734005583805,-4.65206605603103,4517.8076
4043806374659253248,269.91713650129225,-31.57098381416675,15.25689,3.2298412,0.02799680752732338,-4.307172173715583,-4.555330511085564,
4043805030238948096,270.02460090253646,-31.566792822243873,15.257669,4.0711403,0.08067300801687158,-1.0369558163753065,-3.926369932333197,
4043790702227910016,270.2007592620939,-31.68309930361001,15.258163,3.0411348,0.033340494679178934,0.520976310547389,-0.29423968055660654,5056.597
4043899382076754432,270.1187421567388,-31.493815735250145,15.258495,2.4275951,1.0176467422182127,-8.441182117142606,-4.729397015940776,8758.361
4043808260054393600,270.00739281879686,-31.520500065128957,15.258505,3.3501968,0.009586347571853487,-1.1894711242698837,-7.332723623167731,
4043885333263963520,270.2514707590386,-31.614884755695478,15.25873,2.6944008,0.05735270152643825,-4.0483832222165175,-7.96917368639446,4613.1533
4043804652460132736,270.14128391763387,-31.5376967585613,15.260345,2.7737532,0.11962632463058764,-6.906206353905013,-8.248632971890167,5125.4
4043898317088215680,270.18406258981577,-31.529065254157384,15.261673,2.458603,0.22298647467432817,-0.12104655699683717,-11.322911232260513,7016.2046
4043886187955034496,270.20925717676744,-31.593566701179718,15.263851,2.896597,-0.010155680429061235,0.09068510413496945,-4.17935771431589,
4043802698166828032,269.97414964536694,-31.656143084708077,15.264115,1.082449,1.1807075466136232,3.5355798498171516,-9.440466727286044,5155.6606
4043792012282088704,270.13634056317665,-31.626655460612508,15.266072,2.4424305,0.05043948476201579,-5.406419369559049,-5.583660641206205,4804.2104
4043796543568672384,269.9298763089977,-31.715861269653963,15.266467,2.7554817,0.13768497847658095,0.7791153672707455,-8.46103061776196,4802.499
4043791462473915648,270.2326774163938,-31.63174182249011,15.266606,3.1094027,0.12500095397116698,1.1591868079578065,-3.7781414840250562,
4043898523246524800,270.16018582731795,-31.524223796685504,15.266799,1.2034664,0.38320688083127824,0.7363308978591677,-0.8645225718241585,5785.2764
4043789091705138176,270.11117766067815,-31.758785634742267,15.267577,2.1073809,0.3051856321822822,-3.1124545656680356,-5.8021029890006695,4924.648
4043806237220299008,269.88402665724334,-31.593251909686135,15.268205,4.1110125,0.0293560617331009,-3.043078710027121,-7.443709290728867,
4043803247922666752,270.02436897250203,-31.615625685721646,15.268313,1.3852816,0.6377461569358092,1.4318677979165972,-3.8579662070890617,5759.576
4043886187936617856,270.20113532114004,-31.58211487803462,15.268371,1.8781109,0.56933289338854,-1.2870685190903595,2.3227421298948343,5089.639
4043804549202619776,270.0938398976448,-31.559710118069283,15.268495,2.6435566,-0.028760443054017683,-2.4554428491353018,-9.420640830845882,4977.833
4043791084568916480,270.21255419888695,-31.668381116286856,15.268967,2.7756758,0.07060440451847402,-1.993876781422502,-8.256855649542668,5088.4404
4043788365765509248,270.0900023626632,-31.786886444648086,15.269187,1.3940535,0.38074269455549514,-1.936759809363456,-4.141058521305539,6793.8564
4043791977922311680,270.1336915913677,-31.643761937712924,15.270303,2.4351425,0.10182183030119432,-4.085281970617758,-9.598411604235883,4726.286
4043886157948080000,270.238730693506,-31.585470400235206,15.2705345,3.0913763,0.08015228228077037,-4.844776367389735,-7.3128573067963405,
4043788851186885248,270.14271163456624,-31.759138060758673,15.270808,2.615569,0.08356302654554539,0.10414439078751403,-7.238993133944371,4610.2773
4043788129578986752,270.26087504548184,-31.689533565731583,15.270904,2.5465908,0.05034832269789996,-2.231650736827826,-4.343592423991391,4812.8477
4043789607101471744,270.0639334831859,-31.721898260983984,15.270949,2.0451536,0.21820594196937976,-5.954211124411679,-3.637063640697131,4933.1685
4043899175918538752,270.2127692649427,-31.464732412862602,15.271038,2.303938,0.01686877790111709,-0.6771677944135679,-7.2836088470545555,
4043787442385677568,270.1972189991648,-31.75439901176397,15.271165,5.5406914,-0.06038880431947245,-3.5693694396110445,-9.11701508252137,4421.521
4043899072844770944,270.2062028316974,-31.4726657032175,15.27132,1.319953,0.4025778252964412,2.662307033310809,1.1423265421200024,6416.7676
4043803896374216448,270.1078757285728,-31.59575028562575,15.2715645,2.0274696,0.24431314173549987,-2.0283110197591854,-3.246196663869109,4977.9014
4043898385754745984,270.20932235746943,-31.515264241898162,15.271765,1.9801502,0.061980246280529075,2.7989062355822365,-0.7961576020338803,5203.545
4043899111575333632,270.19465415589633,-31.474893532989864,15.273494,1.5551825,1.6030475383721952,-6.447509345038356,-5.599707680803141,
4043802457648557312,270.05241609498506,-31.636906357496727,15.273613,2.0402575,0.28240176170704495,-1.1741785135871798,-3.429253022726841,4736.2134
4043790775331312896,270.1646287361263,-31.688793317899684,15.27365,3.5199995,-0.11924205755413878,1.852408072482625,-3.253947835194521,
4043803003010571904,269.9684154630267,-31.6276636596944,15.273687,1.3811388,0.7235871610244214,3.040109971345586,1.2900052014343464,6552.247
4043898729405976704,270.17650726577216,-31.47945270598719,15.273694,2.304926,0.030609410356946257,-3.944582769978174,-5.23800489514502,4818.254
4043790530429162624,270.16935391474726,-31.71993312696466,15.273811,2.5303879,-0.008421512252616923,0.039667478987770385,-4.131421381276252,4949.7246
4043785892046844032,270.1569679754907,-31.773470862970502,15.27424,2.3104124,0.16627072126076897,-3.690174686026622,-6.897797143873254,
4043806546457830528,269.9770832477246,-31.56598828826076,15.274544,3.1921616,0.11173898693678866,-4.737520229262847,-1.7967333890762107,3767.16
4043899656954794752,270.10872631435836,-31.475743739330714,15.275036,2.571742,0.09276114123984895,-8.310199272057593,-7.657820615065219,
4043808127004801536,269.98853234515985,-31.532888960969487,15.276049,2.3482208,0.149912438807764,0.024494250282030016,-2.9757995779942994,4647.181
4043803625880004864,269.9988317096142,-31.57099058636117,15.276241,2.5956812,0.1274271775384055,-3.3874792804522564,-5.404945607956452,4489.213
4043802904325389952,269.9173914213736,-31.65537053177834,15.276316,1.9897375,0.43670505720851005,-0.09922216582822313,-0.6023597510607248,4730.894
4043801869315105152,270.0003261792225,-31.673594719354394,15.276507,2.2056036,0.20938099473780297,1.3749222169903774,-1.7343421017814917,4706.435
4043792081001610240,270.1322115839701,-31.61360809744032,15.27697,3.23417,0.10727890534415827,-7.285438940756681,-1.6378340143613015,
4043808642400767744,270.0616073023897,-31.50089539135046,15.276975,3.1746626,0.17574790535821527,2.5734578004279616,-4.610307593833785,
4043782696445014272,270.03341424739,-31.798374536742994,15.277766,3.2137814,-0.0025255015741545775,-1.0454856108998005,-7.6951300903210385,
4043902891147668224,270.0635196006714,-31.434586217012264,15.278268,2.3602123,0.1311632486826359,-3.8950297910505745,-0.6691888441310775,6001.3413
4043791840484553216,270.1189564215093,-31.662628816000158,15.279066,2.7503862,0.07353076009563478,-2.3637539374996424,-4.993772179586423,3927.7654
4043799502708178944,269.8533721605302,-31.68471416181424,15.279386,5.579302,0.435613829211751,-0.08823953203959714,-6.245079210373771,3368.1372
4043800086823796992,269.8492057153722,-31.66882375421405,15.279544,4.325695,0.23195595889450002,-2.850001833444124,-5.6571013187714625,
4043795379539159552,269.9155815302619,-31.751643344749134,15.279837,1.5000868,0.40875010440079534,0.9654971419347647,0.5521542595028855,5594.0483
4043791531246846976,270.22164168005855,-31.61085105500424,15.280474,1.1730995,0.8497605465681797,-12.563842596200969,2.0231284725076772,5982.578
4043805786153243136,270.082283754789,-31.498754954842322,15.280543,2.241435,0.22723231741952254,-4.444668736226645,-4.271952729542603,6075.616
4043805339654589952,270.10063649927963,-31.54462435671556,15.281028,5.119586,0.09658601756788975,-6.038680061263141,-6.036693286554679,3788.2595
4043805481304623360,270.12074125195267,-31.514621209745346,15.282093,2.5409565,0.13829092583336894,-3.808681097237717,-7.498385762395088,4516.3965
4043805236397408512,270.03256124966424,-31.531670032117944,15.282242,2.4180546,0.11029239459471121,-2.272367732679018,-1.2183628414962944,5273.3105
4043783658477673088,269.97131249513524,-31.784896871146273,15.282937,2.4556808,0.11268496412488493,0.253006083583836,-9.415451962193996,5023.1084
4043995005228014592,269.83558794403575,-31.54049454613047,15.283455,2.8375292,0.29958396546391103,-5.1887651764182685,-0.6066803663050806,4566.787
4043790019418363776,270.0894415842831,-31.69685109624111,15.283583,2.6375208,0.09910165657725933,1.7304521164307363,-4.7829646557957215,4702.0986
4043795718745903616,269.93687417909496,-31.73929288636901,15.283643,2.4624834,0.09251721703715826,-4.718361422723756,-7.924912886000883,4512.84
4043803797626169600,270.1118462168163,-31.62147185408197,15.284047,3.4846573,0.06561405937568679,-4.147860792733738,-4.357236602831611,
4043803655849330048,270.0823949872189,-31.64058241770103,15.284068,2.5783691,0.04935813342640212,-1.2611311293871654,-2.5185624488032974,
4043802251490069632,270.0656378204714,-31.64579566053911,15.284987,1.949996,0.4681248426689683,3.397026500606098,-2.064304909918894,4672.353
4043789121864143872,270.117405160146,-31.744012132473877,15.284992,3.1965399,0.12069487668648674,-4.74413438175438,-2.1346037196964396,
4043803999620806912,270.0617561700178,-31.60993354225594,15.2855,3.9388485,-0.04818182581991122,-5.825141125059317,-6.050695643804384,
4043809844941011712,270.0316183146858,-31.44375998237821,15.286466,2.9390593,0.12352278346175873,-8.306413889246723,-3.9719122478746858,4985.9204
4043808912889445632,270.0301172366861,-31.4790045778982,15.286822,2.5033503,0.17610045684405523,-3.174317585374663,-3.4652422319231877,4704.371
4043788301431024512,270.0893659464887,-31.80523599334967,15.286823,3.4968128,-0.06298574811323497,-1.8396035537639381,-4.726508452513828,
4043804480483131520,270.1094714629423,-31.57078848481008,15.288144,2.1751251,0.20022819634622144,-0.7950425886181399,-1.94093053577915,4835.858
4043806683846251136,269.94163918897834,-31.57704408132786,15.288321,3.2935085,0.06429218122134747,-5.97236726208035,-7.996846433343217,4930.5317
4043885913116897280,270.2784466055058,-31.559048783358655,15.289969,1.4813185,0.19717841515448042,-0.8290356129099042,-4.340433406523602,6502.392
4043791909204091264,270.1012329188581,-31.652677665410646,15.2906275,2.568678,0.25703780943933496,-1.730731658711047,-4.469374603363546,4943.9023
4043803488441024384,269.9768793961071,-31.593726570967995,15.291064,3.8511982,0.03588910223426239,-0.7058590919216278,-8.012433276603732,
4043791629940855424,270.11779310162245,-31.675647643700277,15.291485,2.1399612,0.2613199462819374,-3.349708183816136,-3.690163490374296,4501.5493
4043898385644098176,270.20848871610116,-31.527942425395114,15.292124,2.2736702,-0.06964619836858738,3.75733401369323,-0.5445392561559,4575.698
4043800224262764160,269.8724119195841,-31.644498909876866,15.292233,1.3584242,0.6931481819094507,1.9567109011473485,-1.8720146870249654,6620.16
4043803621489662976,270.00292320536363,-31.577485728611105,15.292643,2.868578,0.0046495272579589395,-3.9140135070465183,-6.450393648562144,4983.244
4043782662049806976,270.0573717568677,-31.800758305539027,15.292994,4.370879,0.12675052692136923,-3.5461846756035786,-6.969418345620399,
4043886222296387840,270.2228749684405,-31.577951058340567,15.293048,2.4701061,0.08031254783029144,-3.733999854473393,-2.5558333459744773,
4043790740972679168,270.1593227562807,-31.70105881163506,15.293464,2.6392574,0.06180908550253327,-5.540705936729588,-4.786176809459073,4616.3857
4043792214231302784,270.179325503301,-31.625480744404506,15.293525,3.244979,-0.140098503163646,-0.4190902161624209,-7.608291834665845,
4043788919906450304,270.13468054267736,-31.742755886962154,15.293645,2.6104012,0.10290008746396996,-3.9040649590689966,-6.330680548435531,
4043782666431101440,270.05757159654297,-31.805232132131728,15.295081,2.3215322,0.021845783460070843,0.6789019419468643,-7.594501641276992,4778.525
4043789022985659520,270.1466691069438,-31.735650172273324,15.295129,4.3385143,0.02741860605719721,-4.485255838709358,-4.075257867823607,
4043804411763653632,270.1447779665592,-31.571832164435644,15.295481,2.8768034,0.07785287661950413,-3.6334823612940497,-1.2727019730837994,
4043803243706358528,270.0252397214712,-31.61680097683179,15.295492,3.4205456,-0.028447911065201573,-2.6243153161885844,-5.419109620762652,37464.285
4043899111575447552,270.1781695805217,-31.474646188775406,15.295909,2.3669157,0.16212039590544863,-5.505095315087981,-1.185942039491633,4927.1196
4043808951587737728,270.0160932452977,-31.479243438596523,15.295961,1.279563,0.5051080836731532,-1.3687909358931585,-2.477636779114463,6561.862
4043809531360957696,269.93979762358754,-31.46583739099351,15.29806,2.490697,0.06969969267834478,0.00655274889217055,-1.9654144326444745,5028.7427
4043802388929163520,270.0213820828934,-31.63098942536426,15.298302,2.6294432,0.1704386038402319,1.6223440048870328,-5.813612227370077,4721.53
4043807336732335616,269.85053701009934,-31.546179909557722,15.298476,2.8608913,0.15201357150453268,-2.3047707513953064,-3.932101444522022,4713.0205
4043809874962137216,270.0285483282654,-31.427246182368847,15.298936,1.4370842,0.6682374209285915,1.4133699673632156,0.9755451158299457,15148.092
4043807268012635776,269.8549503251103,-31.557722658012302,15.299186,2.935007,0.1062089614677346,-5.893543444726518,-8.103209255607208,4712.987
4043788950065936000,270.143958344451,-31.749440743149066,15.300177,2.1224394,-8.048008120709396E-5,-5.221617649244178,-8.345637383516083,6895.6562
4043795443867959680,269.96376559538805,-31.768147059481432,15.300336,2.5977173,0.12427472248379698,-6.0791641288772205,-2.9163721159379046,5343.5215
4043802595088468864,269.9701611421052,-31.674703693185315,15.300824,1.1378355,0.9894710606887768,-0.7657797036034143,-1.9204770432080243,5097.4854
4043800052464572416,269.88690678157155,-31.633928760403116,15.300903,1.0390234,1.025952647309397,0.9854476855753566,1.3510452041491718,5217.478
4043804617922100224,270.12860481819246,-31.554788770165214,15.302081,3.5938616,-0.0233344333201811,-2.4661416109548893,-6.955551574946491,
4043799979353577088,269.90875343790265,-31.64942258654025,15.302259,3.3877792,0.0606078949780026,-0.16158851235436716,-2.086422330485577,32280.816
4043809600080438400,269.96154754068334,-31.45174714797479,15.303879,3.5714064,0.12674691137497132,-0.6619706988991487,-2.0703683786267835,30007.188
4043898832431319424,270.21339744522874,-31.4923683011412,15.305121,2.211712,0.18406096022185636,0.7019260485060241,-1.7501500719449161,4562.592
4043886565951492480,270.22406917007106,-31.540689405613982,15.305646,2.2479696,0.11359621688520387,-3.013024378582439,-9.326010333580875,4728.762
4043806988740790784,269.8783004308698,-31.58895191966056,15.305686,5.412506,0.033409177340202836,-1.626082419740889,-4.288526934125268,3784.7983
4043783731583308544,270.00040229114074,-31.78010383218157,15.306085,2.0393639,0.23784459104548844,-5.202696406116352,-5.582331161952727,6090.8813
4043804274324689024,270.1268552009883,-31.581227478226573,15.30624,3.0570107,0.019046858493594367,-2.4928176628634433,-3.565843268518667,3838.3965
4043796719569147904,269.9208677081261,-31.69332446314335,15.306482,3.2195997,0.14346586669404213,-2.279339309478693,-8.458629441307728,
4043804347433032576,270.15455819999084,-31.564077023538303,15.306809,4.578685,-0.9993450653742719,0.16807580627010046,-9.152714557266908,
4043808985998372736,270.0279892004994,-31.46675440619662,15.306966,2.6818275,0.1347456878862548,-3.502938118349292,-8.211186383158628,4724.071
4043796577739389568,269.90461525227744,-31.721014783599053,15.307172,1.8204956,0.412754127780533,-3.426503401923057,-9.515643697846418,4937.3276
4043790019418322944,270.0834927647758,-31.711139424640002,15.307523,2.5271158,0.03308985729605961,-2.1057620705560574,-9.847846507006842,4365.2695
4043796199782265088,269.8921943468654,-31.723316457426616,15.308561,2.163293,0.34317291225387403,-1.6600698459016643,-5.7682334589050255,4866.8423
4043801358083753088,269.8329956404629,-31.592595992953587,15.309263,2.8546104,0.10528702122679079,-2.2629528862675716,-3.5866552568243737,4909.817
4043802865571598976,269.9471559980312,-31.650072053679526,15.3099,1.8960485,0.3741065897803053,-2.4147500209764416,0.6679959638515083,5367.3735
4043803724568818944,270.0729978050398,-31.62774901945456,15.310548,1.075635,0.5172138898641621,1.3075163809522732,0.8789471624560912,
4043995554984032256,269.8721471963856,-31.49467157759503,15.310708,3.3280735,0.08064833892206048,-6.467765991616415,-2.6226466850219126,34958.777
4043807645919179648,269.9322770544544,-31.527478420670366,15.311848,2.951354,0.06144728326456832,-2.7945468913719833,-5.231070780149954,4819.828
4043788434484982784,270.1271049275969,-31.787140007090635,15.31296,2.0652084,0.21304601668595166,0.18534728636748335,-2.9487181243284937,4593.1167
4043800082458067968,269.84890661739456,-31.661612839492086,15.313344,3.3415194,0.1540144060997074,-1.5292125230706193,-8.974628833712485,3929.0723
4043899656954770048,270.0974031962255,-31.478797960227602,15.313678,2.1840715,-0.05812102012504608,-0.39497336510583075,-1.873263857835946,6378.8984
4043790839666861184,270.16181906789814,-31.685416869799745,15.313743,2.9547043,0.04321638637560873,1.184688201154739,-4.172508978795488,4704.0767
4043787545463513728,270.195662625978,-31.722847020452747,15.314944,2.5804892,0.0636445962987981,-2.3519230297893423,-3.263826264461857,
4043805545641656704,270.105953634651,-31.512986987154964,15.315536,1.2739401,0.7012616726006319,0.775436526723203,-0.4273179133834104,5845.14
4043792630757423232,270.1824354724688,-31.5711838723551,15.316121,2.3479223,0.07755773832377744,-1.2212009811855833,-5.539100588752165,
4043804480489766272,270.1036587224117,-31.5711372451813,15.316149,3.4384394,-0.01251205561359213,-3.6723727175068315,-10.484372912524588,
4043801873533954048,270.00260717396816,-31.67828500753083,15.316157,2.610385,0.09837958962050049,-8.278663107859083,-4.810452900662928,4706.4297
4043805584333037440,270.0654966030431,-31.533945583797262,15.316247,1.5012074,0.7337276540386292,-0.8127352144447199,-5.149427060940432,
4043796616489935872,269.91000797479444,-31.702539830800458,15.316446,2.4227371,-0.08556793294590026,-3.6143071854393596,-2.093857557131222,
4043791222007858432,270.2312697188969,-31.657521401449905,15.3168125,2.2119312,-0.011205477060447763,-0.3728146575709853,-4.257501500052079,8382.705
4043804755536777472,270.0429315575093,-31.600246938767963,15.317004,2.7745066,0.1044838873898936,3.3626306220017046,-4.91868361298739,5194.8335
4043790358636950784,270.0999247662829,-31.678699635565124,15.317551,2.4528532,0.10286493048943582,-5.767487692493285,-2.1290381138503536,4718.413
4043808711120307968,270.0458055288292,-31.49528642575448,15.319223,1.1339836,0.9942574662812725,4.054878343640533,2.3833111659649577,5451.332
4043800048250104960,269.8824339036545,-31.639228023994256,15.320441,1.4157591,0.5645433444275231,-0.3958675702552337,-2.388632315075606,
4043788469027211520,270.10277001286926,-31.781229671646596,15.321554,2.1489782,0.07277862062938746,-1.122029185989608,-6.2803371471932845,4546.108
4043806920021315200,269.9617582454183,-31.53435291779645,15.321905,3.9602957,-0.025223272835271315,-2.737810082309254,-3.646013862272714,
4043898974087229184,270.229034109402,-31.479467696065505,15.32233,2.9949722,-0.21329120682131225,-1.5183251161032698,-8.542143329964993,
4043799807554844416,269.87443614730375,-31.686283934519302,15.32244,2.746292,0.05600547977081008,-3.2413670245338855,-7.979455622584734,4929.917
4043806301545485312,269.91986933990745,-31.59172208464794,15.322974,3.0483456,0.07647254650157262,-6.878779013308059,-5.305239313060227,5093.8486
4043886261027299456,270.24653051846013,-31.578129079618762,15.32307,2.0663567,0.07619652157286674,-0.7912463137645487,-3.0539417623791216,5355.5947
4043806855695580928,269.9681258376376,-31.540684201340504,15.323235,3.073844,0.035539831771011436,-3.338933389949605,-11.566449120471622,
4043791325087126016,270.2086346412369,-31.65152405276627,15.323718,1.2144098,1.4564768389381275,12.798660092677355,-3.221001416623908,4912.589
4043900206710919296,270.15096032419285,-31.433260507298648,15.324107,2.32195,0.1353171262385891,-3.205753975665961,-4.801704233893825,4813.059
4043790461894220544,270.1725608283188,-31.728458478725102,15.324281,2.1645575,0.19108742853171978,-3.6115134737838352,-3.6003589944142664,5915.8022
4043885470702987904,270.27578501070445,-31.58405104642354,15.324397,2.0996284,0.0755872630255983,-9.760935809000829,-7.8197607522118755,5172.594
4043789607101407872,270.0666740716526,-31.737474096575852,15.324659,3.0210905,0.051492077150323626,-3.3197169558938473,-2.6547204720592914,3789.4617
4043805068936957440,270.032802985107,-31.563945558764377,15.324841,2.4179182,0.18372142761555565,-1.1287296595632759,-3.2794118982366434,
4043809325415030272,269.98843985422144,-31.473868039803087,15.325729,3.0883598,0.05330595964272139,-8.566857797961424,-3.153261677785387,4643.761
4043902680611886848,270.0731864456928,-31.45912307864542,15.325927,2.5754738,0.0639104302947996,1.037933381688732,-3.9182401166231715,4707.7866
4043809089077651072,270.0240929829859,-31.451880970376134,15.326756,2.7282362,0.07233846726292711,-2.196069208244457,-5.517925422424386,4982.21
4043802590694276480,269.9665709336026,-31.673059434405907,15.327892,4.95045,-1.3564314989411574E-4,-1.8933863149406804,-6.950241732531891,3733.2786
4043898836697137792,270.2080480943884,-31.502414862557742,15.328111,2.2736835,0.6014849488737852,1.6617412701725658,-7.418251561766526,
4043804416152539136,270.14046546033586,-31.565218717722633,15.328166,2.852294,0.06381170198589356,-6.330535606981042,-4.516876635393276,4158.2607
4043807749048967808,269.92863385623866,-31.510663296803173,15.32855,2.9366617,0.08258009364471024,-4.100206086865783,-5.09317773874531,4424.578
4043791325087140480,270.2061608394448,-31.64545767401821,15.328648,2.4737673,0.029375776591786446,-7.92830883661852,-2.430519669316335,
4043789534180741888,270.0748551686322,-31.73191515458555,15.328898,2.2624912,0.05302740910016575,-6.806333545298178,-6.542512159159519,4858.428
4043805893622706816,269.9180247546513,-31.633206007315724,15.328927,2.4295464,0.17461669284735126,-0.3547188271588612,-3.442052481451565,4673.6484
4043790259936597248,270.0599017517149,-31.699714532920666,15.328946,2.784153,-0.10399761621158839,-2.481473971880497,-8.484920006795921,
4043809879351680128,270.03070211991485,-31.431486392907768,15.329815,3.2531738,0.09876419506083767,-6.761039892769926,-4.805675483377227,
4043801628624705280,270.03424819936623,-31.686616579359303,15.329836,2.229001,0.3015061475370932,-3.594980400090151,-4.03912353751248,4807.6694
4043899519515846528,270.149403936739,-31.474626276856004,15.33024,2.9660196,0.17095766418016461,-3.0088357016244833,-8.447878879225522,4143.201
4043795929244906880,269.96012077133344,-31.706859914657016,15.330758,4.777359,0.14263518000751113,-1.4647357277948372,-6.016005849826091,
4043887150009868672,270.2435642256046,-31.498369029540676,15.331035,3.0595865,0.16140373834515515,-6.675642914852689,-4.975891377296391,
4043804858615835520,270.0407879115521,-31.57580957109924,15.331083,1.6703682,0.5952562338522127,0.5708027746133777,-2.8729945763547717,5003.598
4043807233652849664,269.8421517772945,-31.580141628838795,15.33128,5.9960356,0.1701908617664728,-0.23133548612764976,-3.6198696585458063,
4043787648594972288,270.2154558234629,-31.71828271381832,15.331525,2.931038,0.16674160901765933,-3.578073108546739,-6.59968347408829,6010.662
4043804038195517568,270.0632184247574,-31.59551682505827,15.331784,2.0741673,0.09220174645996908,-0.6802315256909638,-2.2592747367445374,4700.0806
4043809084688148352,270.026661429604,-31.450494810875266,15.332378,1.2920256,0.3403417490759691,2.5021536373964364,-1.42692375434691,12383.871
4043789881927986688,270.03524555621084,-31.704680700473176,15.332875,2.3607006,0.10270770532463454,-2.0095356273059872,-2.9562261573970403,5216.1807
4043785793170029440,270.1479331571182,-31.78860982833965,15.3334255,2.4763002,0.10708219429937287,-4.528541653149378,-3.754083535341606,4625.1553
4043807233652886400,269.845616745633,-31.566603610437536,15.333463,1.6564016,0.5586789501834042,0.7798955605206062,-1.7739456177954869,5571.9165
4043803969475998720,270.0674659813061,-31.607595483642772,15.333584,5.472144,-0.19694578270426735,-1.1230681880371076,-6.9124975400317155,3687.807
4043806374659276544,269.91435966588745,-31.565666381719087,15.333994,2.2953806,0.24203447299868597,-1.18313238147429,-3.2870502729700375,5312.1406
4043803316642194816,270.01718516440974,-31.605664119950074,15.334086,1.4267998,0.5505925455598207,-1.470960133932679,-1.7172226531284576,6331.7803
4043807027494398848,269.8563523501921,-31.576846236702213,15.335011,2.745676,0.31537570149815475,-6.566581856136126,-0.4789557801548019,4883.768
4043801834789483520,269.9829293640752,-31.687433910384666,15.335338,3.8764477,0.13571251157462047,-0.31280413319132655,-5.4613211867513405,
4043809535754459392,269.93911270168223,-31.464425272781977,15.335536,5.3122387,-0.09417946454633891,-4.024055176227481,-7.232100730100849,
4043791217624033920,270.2298798369402,-31.648487920019736,15.336627,2.5324135,0.018001246572599636,0.4107867675472708,-5.277294471263851,
4043789602716206976,270.0701112088716,-31.73025203995397,15.336984,3.4068613,0.004019227587208496,-0.7590239557918051,-7.385136900666984,
4043899317733973120,270.1307967578617,-31.50287096841721,15.337284,2.6358042,0.08601759963604612,-2.7167423360059053,-1.85520512714611,4639.6025
4043807405451587840,269.8792050032124,-31.542046543470118,15.337633,5.5006266,0.06769252435491896,0.4153853178175435,-7.121006736153701,3589.0898
4043790221191557248,270.075127026634,-31.69451400647344,15.338011,1.5186901,0.3347656702003633,0.5044419600944544,-0.45901692292446966,5759.4814
4043805515665582976,270.10223000108385,-31.512285233872234,15.338221,1.2090206,0.3858617032242858,0.37028426325286634,-3.4127510136877124,
4043795035941597696,269.93747000222277,-31.78162857412172,15.33856,2.386485,0.0538885120147001,-7.061950183967749,-4.689721203260431,4484.348
4043803007404615040,269.9669495285381,-31.620080082232246,15.338864,2.7099752,0.12164796486399887,-0.6506857848216111,-3.1540244913054485,5021.6416
4043805275146365440,270.04559745909285,-31.526252947905743,15.339637,3.5947561,0.009409384890194196,-3.6267291036143376,-6.473638138841596,
4043799429597706752,269.8630008054114,-31.695967021227112,15.340948,0.9862385,0.9121159397264431,-1.1262623946535861,-4.38907392211704,5647.138
4043808328770091392,269.97637904483685,-31.527782681503563,15.341599,2.6405697,0.17253097212815566,1.2466244516966005,-0.5640682839782005,4936.365
4043790191217072896,270.0610830409191,-31.709878855928206,15.342399,2.5838442,-0.30882467632414645,-2.442416463558623,-7.602082540240444,5103.528
4043886634613549184,270.21189587526226,-31.53203245660405,15.342687,1.8954773,0.19869561385848045,-1.726110541324637,-3.723977136790047,
4043799841914594432,269.8786084861585,-31.675161700264404,15.343067,2.5884857,0.1255362530098584,-1.1057103311891656,-5.882606724695694,4698.2466
4043886428454879104,270.2053716877597,-31.567350434728333,15.343295,2.150486,0.0896924092836339,-6.0362267992088245,-6.458086332408961,5123.4814
4043808058285201920,270.00081259268234,-31.557330704231354,15.344124,2.220499,0.26695904037521706,-1.0277157576268092,1.99633246722183,4759.2017
4043790805307110656,270.151969045922,-31.693440275229094,15.344291,2.6469164,0.04467077968916741,-1.039963810241996,-8.895430325846,4326.565
4043902714971716608,270.083690896056,-31.446620526377657,15.344493,1.3372984,0.25365168952689043,-2.488194569498951,-2.8909447946346463,6595.8984
4043796513359134976,269.9139996753024,-31.733775700905678,15.345629,,,,,
4043804995879227136,270.06178265798894,-31.549195586479964,15.345652,2.2549925,0.21685240496975278,0.5624777275446049,-2.749128876333284,4500.492
4043790392990284288,270.07139481951646,-31.668356095182002,15.345819,2.215765,0.22304511994054102,0.8451388262941908,-5.0072499700218165,
4043886428454903424,270.2099932077142,-31.56381970202399,15.3462515,1.9563303,0.058021488608108865,-4.9663308163771,-10.614408546460862,7165.009
4043808088255684352,270.0046691776598,-31.543616106941407,15.347559,3.4011059,-0.0032254936318961355,-6.119498641894524,-6.179610966937765,
4043803351001965056,270.016445751833,-31.596292724983854,15.34864,3.2307005,0.04323044906771989,-7.453934225097638,-3.9953237034814095,
4043792179696733312,270.1623024393208,-31.623550482165367,15.349759,2.564251,0.10417231103799521,-0.6723828857963845,-2.851421401639108,6950.583
4043792012230039808,270.1405579838546,-31.622748151660083,15.350899,3.2260838,-0.15374572360872515,-4.86028365929652,-6.5569563534840745,
4043806782581855616,269.93536876450685,-31.54606020026359,15.351031,3.21424,0.1298087884858744,-2.460951881335425,-4.277069815904275,30010.879
4043898664898631040,270.18947321016043,-31.49345803353984,15.352759,1.2984657,0.3903234763995408,-0.03603739217523911,-2.7099395471215715,6521.3066
4043995765501531520,269.89421599518465,-31.466884195874087,15.35284,1.667491,0.3903966050842254,0.7824880278166159,-0.3869129960249622,6080.017
4043800254381928704,269.8753143718321,-31.634554994953746,15.352844,3.4571524,0.15835266767745787,-6.398914852930635,-3.308061587467802,
4043802114051111936,270.041849417911,-31.662994528826516,15.353109,1.2864628,0.4852449104129372,0.6803592460857089,-3.357383940932607,15059.074
4043995628063810816,269.8740938428575,-31.489332872076147,15.3534155,3.354062,-0.016813561620659893,-4.344212279019078,-6.831030084058203,
4043803896367554816,270.1057371901389,-31.593590720630747,15.353987,2.600667,0.06285091517177639,-1.9373631338946518,-3.6765418268068792,4800.6616
4043805992307813120,269.93721179804015,-31.62471607598993,15.354838,1.1145086,0.7312671252798283,0.06416805479105148,-2.3846590676096566,5756.216
4043809844941073536,270.0225008776426,-31.434360626594486,15.354846,2.4920044,-0.2375478170708175,-2.631510639830788,-2.6791569314329284,
4043803385311030400,269.9814369254782,-31.61954170960569,15.356811,,0.04832079357950263,-3.450285094478241,-6.737817447450476,
4043789534180741632,270.07040620488385,-31.736187624041737,15.357063,2.636941,-0.012116251707876988,-2.222247370292683,-6.61782574909014,
4043790603532516096,270.20629373559916,-31.704384590484086,15.357419,2.6115875,0.09838100681961684,2.0452552840557834,-3.134830853314136,5059.1714
4043783456705245184,270.02346279338667,-31.797721543944647,15.357605,1.7870169,0.5085944303476517,-1.7401793235523786,-6.869025874116373,
4043802320209604992,270.03429951929814,-31.648669381146345,15.359073,2.8570795,0.05941205821489865,-6.416033048964067,-6.36360561930655,6174.0654
4043789327844821888,270.1311880838402,-31.699621605297317,15.359219,5.1248245,0.051987191457237764,-3.8182563985887397,-4.776749130282666,
4043803999446757120,270.0486033078659,-31.603180894705414,15.359336,3.3346052,0.1123233615881249,-3.9985644526445085,-2.190769449722789,
4043809535754496768,269.92677223927865,-31.46267636481691,15.360083,2.9771662,0.15869889785409477,-1.4449854108197229,-6.086971179398234,4475.7495
4043806615177360896,269.9662901726388,-31.55714614516292,15.360206,2.313469,0.21550117405814725,-1.5202770038243307,0.2925416662981976,4752.4136
4043790363015842688,270.0917372785929,-31.669377452907092,15.360354,3.7640047,-0.12494612177797922,-1.6342097134847253,-7.9043822969387945,
4043806512098116096,269.95978142537905,-31.56952243953401,15.362379,1.36413,0.332662943914354,0.24299862501133357,-0.20965018448544684,10282.332
4043801358134691328,269.8322623258831,-31.582921267195417,15.363327,3.0703173,0.1166337298610835,0.718453290021442,-0.9548527556991462,4433.835
4043903165974002304,270.12453941194474,-31.42442137972382,15.363624,2.314619,0.06304785408005445,-3.683311484636017,-3.7346604680004756,4573.887
4043808401882816000,269.97008240432064,-31.51743166659077,15.363771,3.0445223,-0.3473073471276232,-4.735743476977195,-8.635643301292442,
4043790324270787712,270.08859553275363,-31.682969242826452,15.364349,2.2310896,0.23761727455736,-1.3242905382628247,-4.586759155486352,4625.2773
4043788713748007552,270.1016571108425,-31.767653954190557,15.3644905,2.5452118,0.1370796451530386,-6.035932596875599,-2.5398952690919794,4797.184
4043886570265350272,270.2220365295043,-31.54336322248393,15.364735,2.7254972,0.4982147832773868,-3.0442005898463185,-0.5293434683420903,6017.797
4043801976612240896,269.99695372786084,-31.6676398180856,15.365351,2.2288055,0.15973971471232473,0.759513707959584,-1.1337751357383468,6945.003
4043809497001214720,269.9220708706964,-31.478002830049306,15.366303,2.486084,0.09997357454227958,-2.0827247618930165,-5.782212809529768,4802.9287
4043807332337663104,269.84715884435695,-31.556987982171396,15.366317,3.3586483,0.051790666320820154,-4.56570703125621,-5.128276508796153,
4043902989849753984,270.0667114935858,-31.429996025245064,15.366582,2.334628,0.09414157601874348,-5.267123403594939,-2.532714516647522,4539.706
4043790569172842880,270.17099124893474,-31.70274301319689,15.366591,3.7985783,0.5986031447113589,-2.9245835122054777,-10.442405410397821,
4043804244302770304,270.14286984870705,-31.593458486575916,15.36703,2.6408005,,,,
4043799463957454080,269.83674485868914,-31.69013640930802,15.367314,3.3761673,0.146712291214607,-5.819131778563469,-5.3850498571425485,5576.7114
4043898218221687296,270.1780042943818,-31.559471256112325,15.367521,2.4326935,0.4795289446733978,-0.37281909174346095,-11.447867608204291,5103.2056
4043899347717020288,270.1456219607168,-31.49339252916073,15.367524,2.1918764,,,,
4043898969873890560,270.2223198008823,-31.47469871338232,15.367673,2.5747519,0.20734522061087263,3.015928531761033,-4.941330953392859,
4043796685210153344,269.9530220844952,-31.69563596771304,15.36834,2.6033697,0.13629069648856248,-1.7434246445131523,-3.728433248825743,4652.9604
4043791290727369472,270.20445345026087,-31.66347554033061,15.368456,4.0683537,0.04512388907800688,-5.616860871498326,-8.301066427582093,
4043806340248921856,269.9073227358468,-31.58977447272402,15.368987,3.248581,-0.006246745787714236,-0.9334361421612021,-7.253839539313427,3649.619
4043803763317517056,270.08224155795034,-31.612823045078,15.369892,2.0447798,0.2441705604484905,-0.7256569592397679,-4.770971114506601,4818.4287
4043803484046944000,269.97865703151524,-31.585839003763695,15.369926,2.8816242,0.19662918357511397,-3.44287619146438,-4.694402015851493,
4043796685210154880,269.94950473264737,-31.695682028701654,15.370885,2.2116117,0.28641464656383775,1.644692313432168,-9.335687617072985,4940.8716
4043808333163272704,269.97290551762785,-31.53283749207128,15.370902,4.848756,0.029256882740222916,-6.517716035984958,-4.931308054489114,
4043795924904380672,269.9659550981901,-31.70651862938852,15.370909,2.5201597,0.12821865676552455,0.2578034047275518,-1.8376463847090188,4345.174
4043899695691505792,270.1085512062483,-31.462516262638722,15.371186,1.3510361,0.580743043369931,-2.423920001551726,-8.863365575128947,6485.408
4043792626549757824,270.16902315221625,-31.57315322878983,15.371234,3.067461,-0.08414044458006047,-0.8729678392468591,-4.439951767811998,
4043790328656032384,270.09700458913625,-31.684646449264697,15.371563,2.4088535,0.20691005206200577,-4.255033165599193,-2.3787211996545863,4857.7456
4043801491185721344,270.0108072639821,-31.706891529225626,15.371695,2.7670345,0.10115775888995361,-5.110353849918354,-4.998393283963199,4992.1045
4043803316642172800,270.0122609641463,-31.61523880677919,15.371755,1.2135401,0.7436928803419746,-5.785273411812622,-1.5442288714798558,5794.545
4043809192156854656,269.9652992434975,-31.506286889064082,15.371838,1.4449825,2.118667816561723,10.814485918786868,-3.271784390095131,4594.645
4043795826215726976,269.9532722257774,-31.727562340471714,15.372128,2.9730577,0.10394443061644074,-2.9611238015460675,-9.775373379035216,
4043790466094624000,270.182211377341,-31.724606486572455,15.372271,1.4912596,0.465905844047624,-1.0429689118659167,-1.5875786171139634,5521.7456
4043899455172963840,270.1483110913229,-31.482941480273702,15.372888,3.1874266,0.17279818071945358,-0.7948756006647187,-6.201082056302903,
4043809054717834368,270.0538047003704,-31.448521053980567,15.373023,2.6930122,0.11626740346594854,-5.41867676362922,-9.906067838390104,4551.882
4043803484046942720,269.97685676100986,-31.587814509925256,15.37448,2.560442,0.11479418520024888,-4.732141051292011,-5.724614509476568,4832.673
4043886364106666752,270.25022373883854,-31.55339275727288,15.375106,2.222783,0.012975112998930892,-4.410266897110569,-3.5706753080166562,5800.9966
4043899695691511168,270.1132359436088,-31.457493853805705,15.375842,3.3701973,0.046968844312433755,-4.145519841314499,-9.007694749479667,
4043805343814749824,270.1034992263053,-31.535284987078633,15.375938,1.5013208,0.636541452646431,4.547188228779012,-5.428134105866423,
4043795684386158592,269.9324007534605,-31.743422959966633,15.377326,2.8200464,0.12516934553486744,-5.13058574252891,-8.716837702830032,4968.16
4043791015849376384,270.22352431061273,-31.689584821809706,15.377682,2.8768682,0.10358594810848196,-5.147745702798436,-7.226744207389078,4953.7314
4043809982380142976,269.97185448092284,-31.44480986866107,15.378194,5.244442,0.16106671876097714,-1.7221168143136512,-7.790979481936823,3324.5076
4043788232710553984,270.267933746563,-31.658217841005595,15.379211,2.9255457,0.829041401319114,-1.7970464349650774,-6.204529814819791,6004.406
4043886153576882944,270.2277760866774,-31.582020075425053,15.379485,2.0684795,0.16737680815340278,-0.1991998541984571,-0.9372777750080354,
4043803728957746048,270.07986246902317,-31.625828170408113,15.379595,2.5509815,0.1262272168095355,-5.396890346506081,-0.2095732980339055,5428.7544
4043807882093990016,269.9006340305075,-31.508038578889597,15.380058,4.5356092,0.13903730373206824,-1.5971711005075258,-8.961239242334948,
4043809741912691456,270.0164435813912,-31.454434035369616,15.380212,3.1257048,0.10428494567382861,-5.1676894528360355,-6.466331154169968,
4043805893572044288,269.93367691333384,-31.628679132861944,15.380623,2.5282793,-5.30388983724546E-6,0.1443597190859035,-1.1078440599000907,4870.119
4043809707552951936,270.0046478659025,-31.464379619873853,15.380688,2.7410707,0.13799909197000004,-1.4499665836337583,-1.2823615174157734,5109.92
4043796165570984704,269.87654387023406,-31.73296242193198,15.380707,3.0817423,0.11612499988791432,-3.165003511112031,-7.852568091065442,3745.7705
4043807164933323648,269.88618877995907,-31.56600580640347,15.380971,1.6005764,0.6641203759505143,-4.3475002318959035,-6.744566242784824,6695.853
4043899730051039232,270.14217134545686,-31.464663537859984,15.382292,1.1474314,0.9786373547751438,2.0330841776756285,-5.327809758469773,4844.552
4043791389457833984,270.19895690125696,-31.645226080663015,15.382415,3.719967,-0.04452196652797552,-3.586890176118459,-7.046633519492969,
4043790530613993216,270.16437949381026,-31.7241604217571,15.382737,2.8633041,0.08930915995065448,0.5541837685470223,-7.0090090976763655,5008.704
4043790740972706432,270.15462172791194,-31.69728928960052,15.384525,2.0586348,0.1989459448632519,-2.592463172449904,-6.3028601592551885,6099.437
4043806512098103168,269.9525336712383,-31.578693652442976,15.384959,1.2981234,0.4153534148054954,-0.8550728328149766,-0.9388346118982092,7968.511
4043795512774691328,269.960565984624,-31.749473474934458,15.386263,1.3013821,0.709077582788238,3.2353880925466285,-4.8917750249286795,6298.9097
4043789087320102912,270.10482135417317,-31.744147873357985,15.386529,2.1000376,0.14002412780340195,-2.4759863251953456,-3.4681921917659557,
4043791771763846016,270.1401424225922,-31.653024822159384,15.387008,2.979373,0.27140458316761323,-4.328396637304018,-0.8425244616250838,5433.0894
4043898695046212352,270.16423462091876,-31.490213869181233,15.387822,2.0371857,-0.14733102001604803,0.6083612159810267,-5.954458660040567,12225.213
4043887016942046080,270.2291579304727,-31.52384116174064,15.387824,2.8699055,-0.01934658908499387,-1.992812316664865,-6.499499524084623,
4043899931832854528,270.1595920171267,-31.45456092443183,15.388018,2.4082518,0.08386355735362425,-3.714083097836049,-3.605845881602466,4513.2734
4043898694881948672,270.1720549279687,-31.499334839051752,15.388356,2.5024376,-0.028725346624191583,0.0443802746611883,-6.136460510705707,4536.709
4043795620057220352,269.96144133040565,-31.74200244270632,15.389216,,,,,
4043807336681633408,269.8526730277432,-31.553850344283447,15.390454,2.6263056,-0.47904183196697453,-1.4679240275343268,0.2900110519574386,4645.5205
4043802045331590784,270.0566715311959,-31.6692132809937,15.390609,2.4825525,0.29578411075347355,-4.029549779311145,-4.943324322998576,4697.973
4043886329746928768,270.22920946608883,-31.570918143830966,15.390914,1.2803774,0.5563190360726274,-0.9745318138208413,0.6773233983573983,6576.7925
4043804072555183104,270.0882530102142,-31.599990276873154,15.391363,2.3412943,0.12475649680074022,-3.1120092336764404,-0.2073862396175139,6740.4604
4043788988625833856,270.1675260068238,-31.743805625118817,15.391848,1.857213,0.18093899111964304,0.13896880805233316,-3.0516588080105005,5423.9404
4043796822648388736,269.9057367208709,-31.699222511337652,15.391981,1.1350088,1.1326142699161035,-5.750069413904433,2.0232400135766637,5062.2134
4043808053892680960,269.9914423174271,-31.554606990363173,15.392767,5.2448034,-0.07646940262327562,-3.726949570306266,-6.243274461493234,
4043800018104321280,269.8733933558077,-31.64776331652244,15.392792,2.7769537,0.14620614414639693,-3.5003706016389895,-6.521153417331316,5136.247
4043899760051545600,270.1427272653032,-31.456135853580445,15.39338,3.0555792,0.0471771009618706,0.8327424888712163,-5.064553409500287,
4043801972218382336,269.99783224552107,-31.669748452688264,15.394088,2.765318,0.058418381830333696,-4.818028754493707,-3.0435582577901314,4835.3027
4043886570265340160,270.2253759350653,-31.54193153045552,15.395143,2.6172895,0.06908856075520646,-4.550207397304831,-4.802576994245728,4823.2505
4043805270963065600,270.0362696798567,-31.530914805941798,15.396111,1.9449358,0.34201951369870504,-0.5479178272648619,-2.33618667675526,4872.229
4043802109661071616,270.0476651952917,-31.664847014169755,15.396601,3.6143265,0.04297119984487639,-4.36835622519344,-3.5278491441880537,
4043790225576848256,270.0780484812513,-31.69044227228765,15.396733,2.874177,0.06381220325943705,-1.5794383006887711,-4.4792508664801645,6148.3525
4043785445187721344,270.1227944837533,-31.796707260511212,15.397324,2.7964497,0.13435686948003261,-3.196662545613675,-7.186445049626438,
4043805442761874176,270.1070008535079,-31.525095079331784,15.397376,2.1823483,0.33757347364531487,-6.605679531390676,-2.4014974029294702,5169.7524
4043805206426816896,270.05459191534806,-31.5401163233632,15.399068,3.070302,0.1008484759709553,-1.9108952402922745,-5.698447895289846,3945.6404
4043806065421464320,269.92846753110433,-31.606751066507876,15.400151,3.3976946,-0.012893695940007936,-2.2287868924587837,-5.998054912801823,30005.508
4043785479547474688,270.13806563828234,-31.791112507464728,15.400203,2.1551018,0.05510302397833436,-1.758484418867547,-6.7175825897474475,4736.5176
4043808023925972864,269.9177598157613,-31.482093067933878,15.400791,3.3064184,0.04251389727339026,1.4251301309672617,-4.325859827448646,
4043898871005437568,270.217614210124,-31.49432348461239,15.401862,2.3194675,0.07782911487758475,0.25478911368929824,-5.717174554289737,
4043808156975168000,270.00250102510194,-31.533500438392917,15.401881,2.915945,0.11156357551678717,-0.5032209843048601,-5.613056627483491,4983.386
4043807989567235328,269.9051918511952,-31.497798689372168,15.402346,4.3985977,0.03379899154278333,-0.21388025261278645,-9.47455878259262,
4043886982582180480,270.24869015616116,-31.524801459612366,15.402756,2.1015196,0.11231627141507006,-3.3372520184963546,-3.5391971522326484,4740.5835
4043788056528030976,270.2323540934218,-31.70049382508583,15.402846,2.4589987,0.03245786401237795,-1.5957390807971437,-3.5236412621751128,4539.1353
4043805648749342720,270.0615579804615,-31.520170862057686,15.403141,2.9386787,0.14801524184703824,-2.6948786479150573,-3.4213923039483043,4765.487
4043795894935295744,269.9425553908638,-31.711773337941988,15.403206,2.666994,0.03537798836516207,-4.3015159919823205,-7.278605984165116,5090.88
4043788469026924160,270.1027605148099,-31.781834741472288,15.403439,2.1697264,0.4799039246346188,-3.818124537514033,-6.174009732678811,
4043899626971918208,270.1181459697975,-31.471097987755055,15.404581,2.3296623,0.08908228773061659,-2.939445920020581,-10.17519263310248,4872.7905
4043898596179324800,270.1514117633715,-31.50401536444035,15.405088,2.7309036,0.2133504712296686,-4.70824549867044,-3.726126054802375,
4043902719348707840,270.09166841963406,-31.44515954745308,15.405836,2.0913687,0.08945487163735012,-3.738573695685265,-3.876151485399496,
4043801525731109376,269.98536804963123,-31.71252438674019,15.406622,1.9911451,0.17859979526280545,-0.9432522864457622,-0.5571343541677439,4643.672
4043801147584732544,269.84805348928194,-31.588361787499608,15.406635,2.8422728,0.17143461031982268,-1.3330551429675945,-4.735676029842958,4786.01
4043899936209473664,270.1610209578343,-31.44714995295402,15.406665,2.0835695,0.12933313727046097,0.5252171690946906,-3.7050195517408993,4323.001
4043885092745633536,270.2581282856302,-31.630723757723313,15.407714,1.1908331,,,,
4043795585647499520,269.98746549415876,-31.731409120108978,15.40777,3.1161022,0.12509943953417713,-1.3355149272558202,-7.826277406026812,
4043792046641844992,270.1213604663908,-31.63300210649629,15.408365,1.0361395,0.8291847881230682,0.1879859020299492,1.1174716154193558,5313.7827
4043898286941295104,270.16528681739777,-31.542768845185623,15.409098,2.0905046,0.19754479919842075,-0.9660953430790216,-0.16747603212302328,
4043995147027437568,269.8499535113451,-31.518118009083143,15.409661,4.8648787,0.06084143500985231,-4.575111911595919,-5.14792393907721,
4043805275095478016,270.0410270879654,-31.5307339388807,15.409962,2.8409176,0.058636956836792736,-4.992562977506113,-7.612431716422641,4374.741
4043790466094634112,270.1717869765107,-31.728885333816617,15.410535,1.0735149,0.8855673383127741,-4.116435335214976,-3.539435129207839,5252.577
4043898905416567040,270.23279253862916,-31.486762193378276,15.410846,2.2933798,0.13116546969868914,-5.169126878170963,-2.7051078247479263,
4043783624117929600,269.9894701651785,-31.788838066635122,15.412571,2.3620558,0.08065089589760688,-2.4552143199414616,-6.7551693714040635,4791.533
4043807439811387776,269.85259484670433,-31.543599178639628,15.4126215,2.7576456,0.13918945138976957,-4.319506541853284,-7.063404576105648,4621.83
4043807542890476288,269.91865734369486,-31.536239756975018,15.412765,1.6818132,0.6496621025804675,1.4279817238426065,-6.618385166573008,7320.7544
4043809359562261760,269.9624406656556,-31.475518793810238,15.412844,2.705079,0.13768471391902962,1.6639103659661285,-3.321478646035424,5522.7036
4043801800608832256,269.96507801744315,-31.691062188495817,15.413076,2.5035791,0.6124199001158335,0.05351237549514755,0.576345931872561,6032.198
4043802766886334336,269.97298011244425,-31.64817377439062,15.41408,3.4022598,0.06363190047017643,-1.2299744802639954,-1.5130564644965592,
4043796101093742848,269.8929104934184,-31.75026214307625,15.414645,3.0280666,0.11767355812909522,-2.030222535713463,0.0014532190991038126,3724.6929
4043792626373391872,270.1775281180959,-31.57246254925036,15.414859,2.327098,0.17651720858631692,-0.09110388507114821,-8.624133859862308,
4043807164933374848,269.877195922289,-31.55682477100514,15.414891,3.8013363,0.05270865725372352,-2.6703766781257756,-9.33184808481601,
4043795620057200768,269.97490110068804,-31.735761233448052,15.415795,3.5337477,0.08801429174229868,-1.4280208440782887,-5.849782691517456,
4043808539321805568,269.9802432925634,-31.498655633148722,15.41625,2.546585,0.09926365083448511,-0.6051051191487791,-8.401583038812664,5001.2446
4043801117616195200,269.83430667316424,-31.611385159416336,15.41655,1.6040468,1.7964021335275613,-10.693164838372832,-29.560690530776988,4598.463
4043788095219364480,270.24020261300615,-31.674480665379374,15.416583,3.3405056,0.08171303245321875,-2.8605723538453702,-7.6321470104257205,
4043808195724154880,270.0299305283372,-31.53213031960405,15.416587,3.3507833,-0.019510320092288265,-3.7067835730864114,-5.9455835677773585,
4043810016739892608,269.9842560487883,-31.431059140686905,15.416869,3.6498318,-0.01965956802578238,-2.9097429417519853,-5.9860184923910955,
4043806507740024576,269.9565032302445,-31.564895842679242,15.417641,2.1096334,0.11478416669340662,0.3591856154616052,-5.006367692756928,6644.6753
4043805515613520640,270.0934087833439,-31.52287068420187,15.417762,2.4393768,-2.579741741767737,-9.292205873538979,-8.392288434868469,
4043790912770268032,270.18996728575877,-31.666205147882483,15.418218,2.7576265,0.0704036696216579,-4.041746113231512,-5.610484701739352,4819.2754
4043795757496274176,269.92945796331526,-31.741367435937185,15.418699,2.87889,0.140378129113781,-1.808441029542193,-5.369091463843627,
4043805515664378496,270.098270867,-31.527849353851494,15.419152,2.883338,0.061943155135863175,-3.4059918501603885,-5.882368026601735,3838.6052
4043802796852135936,269.97378269414617,-31.63350061747891,15.41938,3.2706594,0.04041103581396514,-4.975943880615122,-7.988123973059367,
4043809016177929856,270.04095540234704,-31.467195782927703,15.4196615,2.411809,0.31275411571086603,0.48465960017585263,-2.6934657261217594,4613.0645
4043789911953867648,270.08438012919,-31.72222678437004,15.421985,2.2251358,0.12024384830090444,-3.4314626596147595,-4.192385953793547,4540.045
4043801633014695040,270.03614813826226,-31.70052630244067,15.422161,2.627347,-0.017378081171113627,-4.416575011846375,-4.874819233442401,4379.602
4043795684573164800,269.93135462182437,-31.749752228326724,15.422476,2.0595016,0.1720904381556208,-2.093323086398403,2.371697545860699,5171.3477
4043902783857814144,270.12967056868933,-31.4304176479156,15.423059,2.0891094,0.16419428220185978,0.8430731574565202,-2.4536610841462987,5020.7734
4043788954266153088,270.1539182056705,-31.73882533388042,15.423415,2.8589706,-0.01102745140239876,-3.0156013663042174,-7.638664194644736,3780.8193
4043800116942503680,269.8581502376307,-31.645680254292834,15.423931,3.2169876,0.118112396746754,-0.5744631852542692,-5.536741195053089,4924.58
4043796616489902848,269.9186008596468,-31.704527794649366,15.424222,2.8769941,0.09155382322220848,0.9815356556495686,-1.0455966232207006,
4043805103348731776,270.00996215225166,-31.570743029734576,15.424483,2.394373,0.3572066561099051,-0.9183810921981853,-0.5362555934087525,4568.6274
4043898974138351360,270.22945117695866,-31.479764030341006,15.42452,,0.08997616729904548,1.3974798836024127,-8.55700341646276,
4043803999453050880,270.05130201897595,-31.606735680036177,15.42458,2.6822262,-0.04359795530209161,-0.8621585887064999,-3.834385682077122,6365.304
4043796444691364864,269.85232501742064,-31.71488742529925,15.424753,1.1461325,0.7598792307247304,0.1727254106973642,-0.8015929866255697,5811.5728
4043885092835870208,270.25808721629727,-31.630776125200196,15.42507,1.1859503,,,,
4043788679388262912,270.09288357218685,-31.775216547273715,15.426408,2.53973,0.15167956459008683,1.6482205281950821,-2.8259272515002962,4562.983
4043804003835782016,270.05465835546164,-31.602223658743057,15.427129,1.4108658,0.7078319320735651,1.7156085434933246,-0.3819267184302638,5670.092
4043789396557726464,270.04976464946077,-31.75575591365091,15.427215,2.1467,0.2926448638179509,-1.86048007670419,-1.823940889913702,4763.397
4043809015968667392,270.0484880633322,-31.459140584764654,15.428051,2.5191736,0.19541178730810718,2.765689897040115,-9.987348567484762,6114.6313
4043902749331449984,270.1080642615443,-31.447816894644472,15.4281025,1.2989845,1.2009519510134774,-7.020904972682453,-12.885045559098407,4540.673
4043801151976245504,269.8550063944204,-31.59466241845364,15.428233,3.104331,0.22354817419368772,-2.0348287893317085,-5.163135292010305,4727.8823
4043788232710540416,270.26077132477224,-31.669411465664027,15.428593,2.3079119,0.2868961869424182,-2.5631178585192322,-0.15927494907868484,4930.2637
4043809329595848320,269.99102969353544,-31.471171910448703,15.428851,2.4751863,0.2238895785447433,2.50598941025759,-0.7530741399399633,4713.517
4043800288591237632,269.8595796323483,-31.63331138466011,15.428971,2.5637732,0.2848351844406767,-1.8892374121807374,-5.678172439818058,
4043791320709705088,270.2076439432011,-31.650462698191358,15.429616,3.15129,0.16819742021081535,2.5837501201439492,-7.039502510752518,
4043809119054579328,270.04894764123014,-31.441272689795156,15.429927,3.8883924,0.13514623979924972,-5.00173304297801,-4.831915590512016,
4043792076617531264,270.12739451359715,-31.612961821335947,15.430124,3.1921482,0.06038954954237883,-5.907693269612043,-2.0940316691559806,3816.431
4043806752616402816,269.9177789017751,-31.56270218156431,15.430323,2.699338,0.07861515139918826,-1.2772418385969535,-2.858168501829622,4786.591
4043808225694654976,270.03241563311275,-31.520573948568945,15.431655,2.3503628,0.21394830471054416,-7.92186472619476,-9.901989141111684,
4043790633508420224,270.2174391379415,-31.692475838918316,15.431866,3.3675919,0.0377933121276784,-5.002699255801182,-4.182271544562162,
4043802457648586624,270.0553743546965,-31.626350840205152,15.43214,2.3817892,0.06144261215325936,-0.6742458243397864,-7.652010903177508,4459.5894
4043898871056879232,270.2171157015136,-31.492694491558733,15.432271,4.847212,-0.047309305849781595,-4.031347535537933,-5.670487814363143,
4043903024226619392,270.0898372877787,-31.420329638998908,15.432382,2.9507189,-0.6112712234848453,-4.521107682924801,-6.385256712029783,35708.69
4043783796101713536,269.9945370574894,-31.763988439228005,15.432533,2.6125126,-1.6420524831266958,-8.998691399670244,-3.075580027543204,
4043806507703929344,269.96612292795385,-31.57463077044514,15.432779,2.5521154,0.047271616732293575,-0.6009852045913973,-8.085007591005093,6695.831
4043802595036842368,269.97231583513747,-31.67034217963745,15.432911,3.971506,-0.16132189951179202,-2.96078411309906,-5.020429710540378,
4043791286344140416,270.1979814850393,-31.66504995963699,15.433034,6.202552,0.05635612112959851,-2.6439322942040535,-6.692827407418026,
4043807057459748480,269.87140067683083,-31.568310781505144,15.433775,3.3183222,-0.028381443886969705,-0.23072207397310604,-8.425696380376184,
4043898454363732480,270.1914801707035,-31.50603457225257,15.433872,2.2299004,-0.04398045084658395,-3.214737299755286,-7.6346603155537665,4631.627
4043803346787326848,270.0156009765473,-31.593023536837265,15.434284,2.1430159,-0.30732325714496567,-3.4295128412684495,-6.6804933428913875,
4043809707502121472,269.99516102393903,-31.458607767791158,15.434427,4.928913,0.179758781546428,-3.612814610127051,-5.833467582631526,4031.7495
4043792282775974656,270.2029224809791,-31.603293861913073,15.434776,2.366187,0.13514544597858563,-4.206442151034022,-0.19045461669861494,4562.369
4043795929295902080,269.957026347593,-31.70892808038538,15.435417,1.6623917,0.6318378414125206,-1.11001135325804,1.5710405306226327,4901.35
4043886359735488000,270.2409065701957,-31.55552405540308,15.435432,2.1039906,0.20441730237468292,-3.0955398243452517,-1.8779829182331695,4854.2905
4043785857504625280,270.1441983887501,-31.77846886502466,15.435659,2.8915615,-0.019600671160340477,-1.8477272343442943,-4.3140179419061315,
4043805270757148800,270.034439835871,-31.529271816803377,15.435846,2.7241478,0.17035111442676867,-5.980586845325295,-8.28621232925253,4853.6562
4043805790542482048,270.0687309287532,-31.494738281791108,15.435908,1.0530128,0.7933448840231552,5.821412532524681,-3.3946652222100897,5587.9556
4043808711069463680,270.04190415399313,-31.485026972934186,15.436156,3.7652493,0.04528970398064744,-1.3987154419151808,-3.821417696543876,
4043785999328512768,270.17017431023123,-31.761490608199633,15.436445,1.2358103,0.7031255144973555,-3.214073457748281,-2.4216661198842013,5874.6846
4043790569172838784,270.17814972506636,-31.69942674086283,15.436486,2.2662182,0.1369260026607538,-1.6846622346694367,-1.5181786475858163,5257.7295
4043902719348735488,270.093581395075,-31.43986157843425,15.436845,1.287673,0.46603726124711836,-1.270844500351822,-3.381085807524859,6760.1235
4043795345179468032,269.90045334022585,-31.752507751474962,15.437627,2.6049232,0.17595618440627836,-0.8506860333128957,-10.2699363455969,4664.121
4043790363015796224,270.10877396055514,-31.671803201694434,15.437807,2.52878,0.08207838362877785,-2.5398702450159245,-5.800990974645879,
4043804278713594752,270.1212029809724,-31.578061229320245,15.438732,2.4781542,0.15093556578077333,-1.6592813433460118,-3.4903579842663963,
4043796410331573632,269.88024466361514,-31.706975006158213,15.438967,2.8721972,0.11287849245302173,-5.188241655629538,-5.355733744908785,5261.336
4043902994227003648,270.0607210740882,-31.42152187791234,15.439416,3.3005648,0.16261938480952481,-4.632443005618196,-4.742572923220181,
4043802526368133120,270.0443026103965,-31.610890968084057,15.439449,5.4793158,-0.01000733976426674,-4.712896242212654,-7.199779821300271,4267.272
4043791423788928768,270.2170627042655,-31.635083924171933,15.439594,4.2994766,-0.13194354053672686,-3.5058380391854613,-4.546169363787456,
4043808230083906944,270.03125436810893,-31.526960146077304,15.439964,2.7500906,0.06336003301634256,-3.136318919353901,-7.7762914736207405,4830.4688
4043792420214920960,270.174196388313,-31.60829407987913,15.441599,2.8854675,-0.965383387805743,-1.388388057728397,-1.7923512432094006,6358.012
4043785994943630848,270.16109990623636,-31.753604867728754,15.442326,2.0734987,0.2677559727509054,-0.9140442750577816,-2.0171233755524556,
4043803488441002752,269.97900422228076,-31.59804457983872,15.442906,3.2333279,-0.005400849781574912,-2.1913742837187336,-5.434893436689738,3858.211
4043791256367602560,270.24621666427186,-31.642317343862832,15.443851,2.5448666,1.1478590464202671,-2.819485591928165,0.6723436273784097,
4043790324270789504,270.08369309346733,-31.681063287721383,15.444097,2.3528004,0.061982664183162076,1.6625836980369604,-8.509432264708595,4531.947
4043804209943036544,270.1298681967161,-31.603440725903575,15.444191,3.0707998,0.07071015390131954,-4.694859200559825,-9.38338647782873,
4043792420214925440,270.16048188828415,-31.60555792563554,15.444219,2.3121471,0.051625932630560076,-2.194251594577876,0.9572759875434365,5107.104
4043792454574661120,270.147834486908,-31.606863289774598,15.4450655,2.830474,0.024116936830306218,-4.7248004204666145,-5.742139540696323,4672.9917
4043796680818642560,269.93627601894366,-31.693309889975414,15.446374,2.4424782,0.14440186702240737,-2.635346609562541,-2.222999049961511,4473.0254
4043898390020428800,270.20547730635855,-31.52029605564274,15.446492,2.5431604,0.07874075743323453,-3.341929279379942,-3.4327078700330227,4664.5645
4043995658063309056,269.8851050511402,-31.48248564833501,15.446809,1.9992876,0.43507018337406783,2.1644457006241087,-3.6018701716446007,4884.768
4043796543379645952,269.92238468747775,-31.72543010271479,15.447381,2.8167334,0.0820411826209299,-1.8708055639469405,-5.0364389627957475,4780.4854
4043803282282398976,270.02955260308215,-31.61370071058263,15.44753,3.2665653,0.06721808182760652,-2.6810579361486746,-8.834652453394982,
4043808436242580224,269.9728436709105,-31.507729953602485,15.448216,3.0771904,0.03628531490362213,1.0482008988718217,-6.933985244702654,4917.802
4043806512098131072,269.9520893633638,-31.57085205932389,15.448244,2.8523932,0.0972863281715696,-1.2891972524621835,-7.912002321524389,4666.5825
4043800151152257280,269.8348523887663,-31.661071956488904,15.448628,3.171216,0.16922441987488815,-4.960750785008985,-2.853027099397139,5167.6387
4043791595587565056,270.1435854355597,-31.666989081522463,15.449418,2.9490032,0.07948820782206083,-1.495230532779137,0.5710780349613989,4800.106
4043783594144378240,269.9763502794378,-31.794801698989126,15.449628,2.3289309,0.18375810322284022,-1.1148770490357711,-3.3356649012417803,4637.0586
4043809570114177920,269.95300857753205,-31.457682516046255,15.4500475,2.6254292,-0.0771443272810149,-2.3955444740165053,-4.371078873226985,4509.9917
4043899558252311424,270.15681230780206,-31.457125601947563,15.450633,2.6919937,0.15811504843873664,-4.500564674288135,-4.371504787346108,4897.294
4043805889228589824,269.928276941268,-31.632273782961303,15.451273,2.6458902,0.03415136804142451,-3.286687686234269,-3.813827345314479,4705.213
4043790775279108480,270.1730774310807,-31.69320280902258,15.452085,4.9079266,-0.24822276295543055,-5.474795788351527,-6.372694170391785,
4043805412585196160,270.0813770950837,-31.53404458129499,15.452766,2.2980223,0.1520145423705543,2.8476648402523668,-3.538136309145706,4855.1377
4043802388878380288,270.02347362681064,-31.644334980328903,15.452872,2.7831564,0.1666913829928659,-2.60700534040012,-6.6155876132925755,4671.1733
4043783525372584960,270.0132850167388,-31.785744356374803,15.452904,2.129609,0.11131899763531783,-8.420294501349124,-1.359820358701637,
4043789637075888640,270.02232359467126,-31.75791001158916,15.453183,2.6208649,0.14806065051429607,-2.5850937321746597,-1.6807937805234747,4602.597
4043790015033112576,270.0958971271949,-31.703389818189375,15.453628,2.5123348,0.17138362148878006,-1.923795138184581,-5.294278022330811,4819.746
4043809260876439424,269.9517621665374,-31.485291903826457,15.45456,3.9273891,-0.2214356577451072,-2.12782137432613,-5.998104514864586,
4043803758928570240,270.09105587906527,-31.617833796934622,15.454881,2.3131323,0.1502137573052926,-4.004142556570619,-3.4176001374693046,5005.0513
4043788473178062080,270.0985831822162,-31.778401398808818,15.454921,2.0523386,0.10929934262651779,-3.426757868968514,-9.834262423388429,5173.1562
4043805275146393088,270.0422513032063,-31.5217990738014,15.455087,2.8395529,-0.3409238742462302,-3.4105613671582247,-3.371535749346074,
4043796577739403008,269.9000473203413,-31.711212702199028,15.455209,2.3544006,0.16654060019650174,-4.2324447501931255,-3.598757402792075,6353.1416
4043791595587564288,270.14269272426816,-31.66572830631784,15.455567,3.3169928,0.11094208604951321,-1.4285498653791515,-6.811349614365104,
4043805236603286272,270.0357838164931,-31.54672490423763,15.455911,2.5530834,0.13098264609260188,0.6500914996036973,-7.694950920030118,4548.8667
4043795856184890496,269.967964442216,-31.715325716347966,15.457186,2.454772,0.1173647906749821,-3.33206331798153,-4.3199160910542265,4494.67
4043898797961143936,270.23464716914964,-31.502374962582113,15.458249,2.1998634,0.05763442704249918,2.520796548344712,-1.713692868549354,4562.8926
4043898286941377920,270.1646734875573,-31.53249086568813,15.458789,2.2563677,-0.022538195384341236,2.698087931941805,-7.075514378322673,4755.091
4043809290853219072,269.9789276584313,-31.48893160171592,15.460024,5.395052,-0.10847435247983625,-4.652345747047735,-8.185489883398702,4640.8457
4043810016790790272,269.9815918541771,-31.429351947959915,15.460149,1.6266909,1.7945333575643665,-0.6115547335162178,-9.936811969206584,
4043807950838606080,269.92540357405136,-31.490655800626904,15.460462,2.6493902,0.08870351792503132,-2.4687815278051852,0.32696035263255835,4256.603
4043785823144877312,270.16601291371774,-31.78248623399702,15.460612,2.1104183,0.10348977341727947,1.5441757898152246,-5.290430556501488,5168.1235
4043789366583148800,270.0485379150326,-31.773479468775417,15.461108,2.4047089,0.07989432004172267,-3.752157488359015,-7.039906865769085,4596.7085
4043795684395822720,269.9338361116691,-31.74179341067696,15.461407,2.2586803,0.05812385624102353,-4.496570096260733,-7.933654792034815,4973.4326
4043902818051039104,270.10373967846505,-31.432574295249776,15.462304,2.0660667,0.07486135078981447,1.081076367111314,-9.786821391369163,
4043805378225461504,270.0783149555781,-31.533772168407886,15.462394,1.3956251,0.6270684038569239,-0.5547656741655493,-5.304700502180539,6007.9897
4043995142667090432,269.8588657370034,-31.512127194321017,15.463061,3.4845724,0.017609996079035725,-4.414091842362428,-9.923946447836034,
4043809913660623872,270.00707154759544,-31.42568527348953,15.463079,3.1075134,0.010481526108080879,-3.9196234225359805,-9.635299823045532,
4043801804813543808,269.96043171349083,-31.693531522725376,15.463503,2.9772196,0.06999082921811306,-0.520961401081087,-3.591524054394317,4630.628
4043796753929646208,269.9296475895983,-31.678812152794716,15.463916,2.3766594,0.09526088618509476,-4.620004360848083,-8.92767114218276,4789.9814
4043809703170102272,270.0045521394357,-31.46728561649465,15.464015,5.143857,-0.2131833845462122,-4.4564212994787535,-5.078272960695765,3472.1016
4043903745764137472,270.0483145377308,-31.41180595501295,15.464294,2.7928076,0.02194692113409524,-3.629631761883989,-10.723428440844247,4126.456
4043785926224104576,270.1738122098444,-31.777933517206844,15.464722,2.7248535,0.07336900726094532,-1.0431569183488851,-6.156827262353659,4552.3813
4043803930727263104,270.0722747721118,-31.61748466609426,15.465008,2.2589111,0.04101109793171914,0.892643809565214,-3.7794384130689744,5013.4746
4043886948172329088,270.24310489459197,-31.52915112142036,15.465273,2.1437826,0.3361673164259324,0.9687153768946944,-4.374681011933851,4621.0537
4043801113224981120,269.83675755989265,-31.60396662103334,15.465798,3.0291042,0.11864355591556688,1.4369184840312625,-1.7116908252776868,4357.4307
4043802938634470272,269.9316521838379,-31.644725202370065,15.466414,3.2438002,-0.03873942728611683,-0.18453831861724324,-2.6262139705522816,4882.7627
4043805687463201152,270.074822699472,-31.50799616905166,15.466767,2.2961798,0.22245569214395736,-1.268527314598086,-1.2661887798576785,
4043902822376771456,270.09482649879664,-31.431223740472,15.466842,2.325266,0.14814451806666185,-2.756936903771781,-7.259134976146773,4648.6357
4043789435302695680,270.0348979708318,-31.763722280028922,15.4678545,2.7512188,0.04470846020054895,-2.6920402426376726,-5.505441354407155,5047.1597
4043796788288655104,269.893267901457,-31.708523348394785,15.469015,2.4314127,0.21701267231274216,1.2401131771401546,1.3884052458441432,
4043804691030548864,270.12386111821695,-31.54105434233406,15.469101,2.3540277,0.11633270313943858,-7.692861888887195,-7.286821531914752,5006.8433
4043898557606235776,270.14284677026154,-31.518777686136065,15.469386,2.9474936,0.12033792661247211,-3.0868283547026483,-3.7176662879955504,6001.944
4043903711404334592,270.0418680606415,-31.41916224508395,15.469959,3.3278399,0.05332651179691371,-0.9932810680692337,-8.33677207499135,
4043801598654974080,270.0165204826909,-31.7032761952392,15.47008,2.1387472,0.3742188812944578,-1.4842984443515796,-4.257051599678681,4767.957
4043788438869954304,270.124453780334,-31.787398458665653,15.4704075,2.577855,-0.10545727193623419,-1.611541077091723,-2.2578819388514617,4269.3506
4043783589758179072,269.9823438854486,-31.79681893894003,15.470582,2.7044744,0.15546104628915125,-2.8863575075546937,-7.6782688438556175,4721.302
4043790363015820416,270.09543391272837,-31.674268379547172,15.470814,2.1965628,0.30830763011819645,-0.8182129903316983,0.5725214967291374,4604.897
4043809192156857728,269.9655617089735,-31.50527616942587,15.471071,1.6906347,0.667860625245343,1.3014307188769982,-9.102359547987913,5626.3467
4043807126179227392,269.893999966663,-31.564855794757726,15.471519,3.2000256,0.14023286346878233,-5.102775599459308,-7.249789597613909,4775.3545
4043796749538135296,269.9352906563003,-31.680415235241917,15.471586,3.266489,0.21218064937747444,-2.0757651593729354,-8.055202287911808,
4043809879351681024,270.02734501423043,-31.434167104063576,15.471611,2.6980658,0.08070580432303832,-3.763953604991709,-6.2924210420621485,
4043808225694657792,270.0395925074691,-31.515362244600105,15.472139,2.4046364,0.23577143030890868,-0.5651450210252583,-0.919502452567737,4399.7217
4043787579875454592,270.2247756848376,-31.72955311514235,15.473834,2.8710222,0.058465572523140816,-0.5426636396148857,-6.468613455959982,
4043804308691096448,270.1347661878798,-31.57792808616863,15.474111,4.792328,0.2112670133485614,-2.199338901337134,-3.2693312299100565,
4043806748222101120,269.92011105023977,-31.57089306358894,15.474449,2.656085,0.0972375054797805,-0.22329253915676642,-8.90148732821748,
4043886634618874752,270.22719262667744,-31.526872909603494,15.474559,2.4854784,0.04131810842300988,-1.691076473950561,-8.512474442534096,4970.3726
4043805756182621440,270.10737710109447,-31.498313758450955,15.475582,2.911007,0.13772332861927628,-3.3552771939187442,-4.963357254039463,4572.7476
4043803488440993920,269.9865958108611,-31.596174398006706,15.475834,1.4259949,0.3633328013311687,-2.2397866084327007,-4.024266932978061,
4043886943851228800,270.24731401234175,-31.52723295755125,15.475931,2.3482704,0.16570854934462423,3.8690013745317122,-4.982873127716487,4958.218
4043898248205036160,270.19447262300366,-31.543863226484856,15.477405,2.3293514,0.038298120374246826,-4.783803846299878,-4.625122792703553,4627.2686
4043804892799979904,270.07004791229014,-31.580231772896337,15.477519,2.4085236,0.07875840420282183,-5.5393892118788814,-7.683119487913265,4725.6323
4043788060911857792,270.23407213319825,-31.68949533479235,15.478525,4.0409374,0.08277490221065983,-0.565501697966441,-9.6273223623675,
4043805824902198912,270.08804708293576,-31.48453344292741,15.479182,1.3215122,0.8397559986369814,-1.494924106925666,-1.7529452249163051,6576.583
4043790912770262528,270.18658153732787,-31.67232976952972,15.479747,1.3145533,1.4285334789324122,-0.6297721130779806,-10.043388526690746,4665.443
4043789637075912192,270.02610036318794,-31.745414933665767,15.480495,1.4033175,0.4438032529980108,0.6710460922445709,-0.3337575499323335,5222.195
4043789946319624064,270.0914551640498,-31.719364489177934,15.481903,2.1427326,0.27704711910574975,-0.8435027238317141,-0.6813354619093406,
4043787609851422208,270.2309608796632,-31.70752533590282,15.483138,3.1148787,0.004529850991253326,-5.341038451789437,-5.72454041546785,
4043899420813337600,270.1292358727298,-31.482595187777715,15.483149,2.6864414,-0.04154355855505316,-1.7714348321786741,-5.007048646656904,
4043885505062833664,270.25834220981625,-31.58353238625022,15.483288,2.3672686,0.1444859813169296,-1.5900415636489225,-4.877215266709111,5174.4546
4043809806238872064,269.9972407347864,-31.435045865044607,15.483542,2.5578327,0.08806621307888791,-0.4006928032214412,-6.1052274184667965,4587.5728
4043789877630478464,270.0483186655843,-31.704946364494905,15.483683,2.348009,0.11426104961550113,4.069726479534812,-5.884020796393448,
4043796719569143936,269.9211483417291,-31.694818482631852,15.484094,3.0143137,0.17610703557331722,-6.627791710035906,-3.8885975348631354,4660.088
4043803174809260288,269.9957885805737,-31.63094903255849,15.484332,2.7059803,-0.16862465249008096,-2.0225629587469474,-4.380822434360169,
4043789534180741760,270.0744482407247,-31.745465295061713,15.485168,1.8510132,0.386901541482553,-5.348266582933158,-8.324070975072228,4950.0454
4043806958774831232,269.86852268621027,-31.59561821478941,15.485665,5.745409,0.12043683071525023,-2.5429921905155184,-9.500877049204123,3918.9863
4043787644211140864,270.20341462718346,-31.71929265239071,15.486239,2.2214146,0.09150343777431762,3.7185226466231405,-2.706093187068696,
4043806271579986688,269.91119001353286,-31.590656520703217,15.486574,2.9106636,0.05958880780720106,-1.3994341175268499,-6.360149286961972,4810.972
4043802487618230016,270.02918743559644,-31.63419161620679,15.487599,1.2817373,0.7935294219449466,-8.802041929456566,-4.430267157820747,5690.0454
4043882064767660032,270.273305536371,-31.64442277184788,15.489104,2.8108702,0.195207308129639,0.5819241131020639,-1.0102167693393946,7467.5024
4043902753708349056,270.11052933332945,-31.4424107071082,15.489251,2.251853,0.13071752733114061,-2.455807869829334,-5.943719808727809,4911.5317
4043783456705230208,270.02597903206754,-31.799069550433195,15.489956,2.4797325,0.053151891139878955,-3.3729904706275957,-5.4645252501136525,4816.5166
4043787644211872128,270.20531066868006,-31.711591782148556,15.490352,4.301544,-0.015247879440805027,-5.645667296561986,-6.919187395739179,
4043899077215535488,270.20689850007136,-31.47201449135761,15.490591,1.6386013,0.18564869428207834,-5.922996211677337,-1.201189326962509,15493.39
4043898213845261568,270.1744782654801,-31.54931609200918,15.490675,2.3561945,0.10472883563936412,-3.9141501369421685,-9.924751636469558,4515.9927
4043886737692675712,270.25422923356393,-31.545449327945878,15.490765,2.7947836,0.04673487301612239,-1.7084914064836316,-5.847735108318617,
4043807680329414528,269.95113297628325,-31.51932208871167,15.490786,2.5967722,0.2779231835273238,-2.801116046406621,-8.314873183677754,4647.4976
4043899725674271360,270.1317840909463,-31.475329468627912,15.490992,3.2020388,0.0665231691870061,-1.566150915650859,-6.078512416421859,
4043805343865639168,270.10596148391727,-31.537687910939166,15.491084,1.4063244,0.5660382296537537,-1.0331005781833043,-6.091492950769099,9795.242
4043804313073335552,270.1241355458287,-31.575066723504012,15.491157,2.3374681,0.1752743136634285,-7.475475951920139,-4.508633816043336,4600.3994
4043785994943617792,270.16323589435973,-31.760439503336038,15.49161,2.4469233,0.1805144797447198,-0.6132067914245369,-1.5644948174940625,4662.032
4043807607215587328,269.91452929012337,-31.523969413665693,15.492031,1.2178621,1.1458573170959072,-7.406898078618642,-1.4940838605690527,4886.8013
4043899523841132288,270.14976691828895,-31.475643455473424,15.492309,2.4851904,0.14300139252660957,-3.3923667330426674,-3.3124847061891844,4835.8867
4043790324307101568,270.095406283457,-31.682973114130213,15.492856,2.2373228,-0.1062835471306158,-1.7726628613100763,-4.521813616507288,
4043899863113274752,270.17593185574805,-31.46872163724064,15.493132,2.211012,0.20985791452851543,5.225404345068099,0.19958777319572907,4721.0996
4043886428454935296,270.2111018106583,-31.55970246263837,15.493942,1.9763184,0.12578213837309313,-0.6661250446247431,-0.48258089978193996,4695.838
4043803587126160768,269.9925520723212,-31.584349578514672,15.494007,2.4856224,0.10896314631857343,-5.832676674881757,-2.120639751138129,4811.062
4043804308684434048,270.1353974647271,-31.574806245980124,15.494469,2.8409739,0.04966056029344958,-5.310961418016933,-4.970643342739057,4787.2554
4043801800429732608,269.96505418112287,-31.690101521842784,15.494625,2.7695513,0.03401761456693411,-4.817762034266056,-7.492790694937178,
4043800155543392640,269.82836560712855,-31.652572260379188,15.495896,3.2720137,0.07139832407718255,-7.174987388178449,-1.7703976099961245,
4043809501343854464,269.9276069697979,-31.47072277786036,15.495937,3.1281738,-0.293783145338262,-5.599822650059206,-3.7395666818988653,4757.9634
4043796886977085312,269.88575562516985,-31.68385445771733,15.496362,2.792985,0.1126099059039844,-5.020560291179356,-9.158225633653686,4710.136
4043790672199838464,270.1849563987084,-31.698153128280218,15.4971895,1.1922035,0.8355495366798859,2.4290050789012234,-2.34633996424088,4951.866
4043789847687189120,270.0274430201834,-31.71104724768041,15.49755,2.382307,0.20220125475978817,-3.47340578287355,-5.471890145878074,
4043898763627752320,270.2121515051283,-31.509592302720275,15.4984255,2.243349,0.04445794063424427,-1.07886758943715,-8.464241106246803,7475.9194
4043803282282400000,270.03035836513016,-31.613092989628637,15.498539,2.7509594,0.1351513100683615,-0.8421846545046238,-7.442345257683838,4826.297
4043792557830553216,270.1955248686798,-31.586585704169273,15.49873,3.4909945,0.046602240629823835,-3.29318356768402,-4.3043490450743755,
4043807366697403776,269.86443429018993,-31.553785463464223,15.4989805,2.7580585,0.04626648263942654,1.175029601546908,-6.601561974792402,4677.3135
4043899798770705024,270.12649850085944,-31.44917284370624,15.499144,2.109271,0.10194710552028355,-1.2892470308602848,-6.49487193419107,5464.204
4043795581306948224,269.9864111847106,-31.740425320586137,15.4994135,2.5643415,0.14494041943495528,-6.257652189188546,-1.4078552097480983,4559.4995
4043805133495580416,270.0256554097145,-31.55512603359472,15.499453,2.447692,-0.006726086728763514,-17.569374020846286,-18.15724974561552,
4043789018600639360,270.1367457376303,-31.737461106075564,15.500093,2.3665667,0.08334767290780357,-1.9648664424905466,-5.360449429819253,4645.5283
4043788610668850176,270.0541867019789,-31.784126453215652,15.50045,2.3435173,0.15178030361953715,-5.483293484091841,-1.7447112466231625,4599.9473
4043788576309084544,270.0704453242242,-31.78018607336899,15.500722,1.3179169,0.7122592087870004,-1.2112747285947139,3.5292328541449884,5369.045
4043789259118853120,270.13547895486136,-31.713059410330537,15.500787,2.1628027,0.09473654257579787,-1.5708739801873297,-4.918271131668592,5944.3594
4043898286941373184,270.1629142660521,-31.53475852833277,15.501997,5.1347637,-0.028076308802966247,-5.537458016522017,-6.670085736299397,3533.4653
4043787511157051008,270.19284880797454,-31.734894531416177,15.503096,2.2375603,0.1466001444953999,-7.790755738839789,-7.234611852735023,4707.2256
4043791187648093696,270.2519040994049,-31.652857975735493,15.503135,2.7797813,0.09568229243388855,-4.948972714502383,-5.2315905013244945,4902.1196
4043886359735518976,270.24866520809826,-31.55036919240578,15.503661,2.2685375,0.13537418192709388,-1.1799344044913804,-5.746658781982426,4543.6206
4043803454030634112,269.96145601193336,-31.607094804028776,15.504154,3.0708055,0.16656644183821764,-3.4171358521898045,-7.983690184416766,
4043803380967695616,269.9792465342383,-31.6258217929931,15.504357,2.4926262,0.060933256876844144,-3.486307371811388,-8.215139886364696,4634.9614
4043801628624700288,270.03257243296747,-31.69018301990718,15.5052595,2.370123,0.10715940288020451,-6.135150138765149,-5.24420943969699,5183.4556
4043806713872638976,269.94134155647265,-31.560647041652306,15.505332,3.9862423,0.06687087903072743,-2.6941746921468934,-7.377900461372575,
4043902680611874560,270.0744417137752,-31.460676069137445,15.505517,2.1824245,0.12932805087297555,-0.907417167048898,-4.951176791502617,5094.8135
4043886943851206784,270.2382775299495,-31.53014465437005,15.506042,1.241188,0.7474304969304559,1.9004314475544257,-0.8884038113760838,6418.4233
4043790363015795456,270.0989305013254,-31.678033520260403,15.507068,1.2315159,0.7874147503602437,-0.2443804173530225,-1.0345449480937094,4970.673
4043795340788765696,269.9012563068404,-31.75126981697145,15.507403,2.2752829,0.18977567620367106,-0.7199298545037829,-1.0326725553470726,4562.4717
4043995520795178880,269.86898283974165,-31.507841795891927,15.50746,2.5797806,0.09814944892855429,3.4842783369265327,-10.520005377236409,4922.691
4043803144792738944,270.0152789676007,-31.62377371064844,15.508005,2.6884546,0.15592515956116818,-1.6460269226509958,-1.9652969949010608,
4043796891367934848,269.89552557929034,-31.68717331115474,15.508028,2.920907,0.14124640024678664,-4.6243439815791385,-4.901090651057212,4857.2305
4043886772161933824,270.26095480813666,-31.532334332102074,15.508166,2.7797728,-0.04197982578158779,2.024108258713737,-7.159062577677454,4652.2095
4043796577739386112,269.90220814154026,-31.724132779791287,15.508365,3.0555058,0.06677219927851473,-4.444056675157813,-9.793174910934678,
4043804931548783744,270.0737631189564,-31.564166783361216,15.5087595,1.4248276,0.7207409470551077,2.3855737984565493,-0.36626618725095333,5744.233
4043809810632274688,270.0006488164875,-31.437064804388687,15.509368,2.526269,0.035206732189069556,-2.712824255378887,-7.1236291686332915,
4043788915521390976,270.12779594698367,-31.754359028574978,15.509873,2.0587006,0.15877425472837928,-7.57746561624881,-6.788005739842833,
4043809123437339520,270.04285328851546,-31.45009213564402,15.509958,1.5462437,,,,
4043795516977983232,269.96057509895604,-31.748759371552275,15.51007,1.2507191,0.8645626806355712,-0.14766378714820555,-0.12424267201969216,
4043804514842872320,270.12137346385083,-31.567686317874895,15.510871,1.3022804,0.5838931381000665,-3.6444876820330134,-6.899752101763424,5541.6455
4043800911406544384,269.82218979977176,-31.648464473033933,15.512499,5.1758976,0.21834800342210986,-3.982494992910587,-10.728074862148933,
4043788228326773632,270.25875570065443,-31.66336513697181,15.512569,1.4144688,0.5272349190532067,-2.5829391305458342,-5.1027872533297955,6348.149
4043792282775974400,270.2058508609787,-31.603835874130525,15.512811,2.2996712,0.1285822648809168,-2.34477379486159,-3.430913812744901,4551.032
4043997346049446400,269.95148517708816,-31.432024771542732,15.513098,2.278304,0.13945909984164,-1.0467636116450783,1.0838245903378212,
4043796818257594880,269.8916398861321,-31.693230611668888,15.5140085,3.1167336,0.08538269400549853,-2.585226109853335,-3.639739005543054,4641.623
4043804003835755904,270.0608212433939,-31.60672654840567,15.514202,1.1149273,1.1186199385061093,1.666621907820197,0.20465399519193686,5340.8174
4043806134140972800,269.8981533513406,-31.617024198294924,15.51425,1.5370188,0.5800364849861182,0.055753648062113775,-3.463119456132023,6585.1816
4043803935117319168,270.0640091315349,-31.62607586001934,15.514568,1.0446739,0.8646634719286422,0.8136202562623733,-1.5877269327828987,5566.737
4043807950823393920,269.92724513164785,-31.498435120915623,15.514727,5.308778,0.04742832434357409,-7.362816068806854,-5.818191853086841,
4043902959867211392,270.0559522354666,-31.432468530431336,15.515077,3.6971893,0.043989596573135156,-2.0257968597034797,-5.404021570939733,
4043898596179315072,270.1475741792992,-31.508763407075026,15.515133,1.42383,0.6390900747746964,0.18538159441878052,-4.15748000605021,
4043790053778035968,270.1040577453948,-31.70544187877391,15.515399,2.3835878,0.09960286241879726,-1.5675508446297501,-5.5968832727735585,4767.1953
4043791664300603648,270.13358244524414,-31.668396555466742,15.515519,3.8894835,0.028234387583025506,-2.560824888416623,-6.04150106053088,
4043902959929627648,270.0556794228449,-31.438356834796412,15.515724,1.4985809,,,,
4043782666431148416,270.0556797268464,-31.79626249767803,15.516364,2.2786045,0.09577767467356103,-2.8625601869050143,-7.683116869408813,4785.035
4043806786976124928,269.9428231382287,-31.550918362083387,15.516966,3.320201,0.07684029895117804,-2.0778197293971137,-3.8161524706256182,33853.047
4043800185521932928,269.8501507529172,-31.63589877268476,15.517018,5.482913,0.4639620765352909,-5.281194155391088,-3.638019824177113,3519.0762
4043783830276413440,269.99779902665836,-31.75276323555669,15.51707,1.3418388,0.4449592538580444,-2.1889559696059777,1.0484999285448473,6855.755
4043806752616416384,269.9178293961063,-31.55845664470062,15.517089,2.7334328,0.03923523499117682,-0.6836838010574066,-4.6744812807973535,4790.4917
4043899863113306240,270.1741470934571,-31.46454898800723,15.51717,2.2247114,0.39585077071028235,-2.2259061050128626,-7.4860700933874185,4840.7266
4043899970569185152,270.17090323343587,-31.442897488077584,15.518153,1.9223537,0.10330519654556583,1.7088531268851939,-9.92872758125802,
4043788846984343040,270.1412758915039,-31.762579969138194,15.518983,1.609232,0.43153179674382053,3.4059741116812075,3.301061597225965,5537.4824
4043786029303387520,270.17441993793597,-31.745001793848314,15.519175,2.2401237,0.2786485083939803,1.4128682311876835,-10.885130973183657,4489.1807
4043788919906435072,270.1291520351977,-31.750256959037166,15.520112,2.0475378,0.1161664223046208,-0.5283011329691955,-8.946187925657323,6062.535
4043886153582537984,270.22774016083326,-31.58339178909994,15.52181,3.0287676,0.12289462991316982,-6.632755478295033,-3.6293435005099752,3725.014
4043789366531517824,270.04120161973236,-31.76912122229162,15.521967,1.5571308,0.7522218611063716,13.849669252618725,-3.2324942602186306,4929.4844
4043792149720911872,270.19162016788016,-31.634293373183606,15.521985,,0.5885376139525699,-1.297270460533195,0.44551823789050604,
4043801804813539584,269.96551291945224,-31.690936245266567,15.522046,3.2600622,2.891388577228489E-4,-1.8960936000043096,-5.859009642176137,
4043805064598688000,270.0362473012492,-31.566390874760415,15.5223875,2.0964584,0.15212859892993272,0.9206034446238677,-3.8527621018690423,5141.215
4043802625053411584,269.9458729198917,-31.669941649126653,15.5236435,1.4140196,0.364217176434844,-1.5730041843749236,0.5477328320593242,
4043792042264144256,270.1196742940732,-31.638601531695947,15.524109,2.4114475,0.03133526037846046,-2.4180533132387687,-0.9674154940557893,4563.8745
4043802766835605760,269.97634817766937,-31.651669871302747,15.524135,4.4622793,0.017802712189238748,-0.9824589393028498,-6.138895110718803,
4043795787475043200,269.940169170975,-31.72843994880796,15.524222,2.3990946,0.0741289955238088,-6.111952839221756,-8.654036331329,7146.981
4043791428166347264,270.2140853881602,-31.643197228250457,15.524661,1.3533401,0.49022679459576257,0.5481006298228662,-2.779663532978973,6426.709
4043809089077615360,270.03028389078116,-31.45618951852363,15.525122,3.2618847,-0.09546567721617273,-6.700214946720131,-6.874458975829846,
4043808023925959168,269.9182395793017,-31.485863616785814,15.525331,2.5180035,0.08014139447574024,-2.1122989570927024,-11.018393188440575,5065.355
4043808951638630656,270.0157003923311,-31.47814075854061,15.525443,1.8985701,0.47524822680509343,-0.9762599193229481,-1.4990614457378857,4820.7227
4043807504136356480,269.90814036162374,-31.555563244516872,15.525859,2.7084265,0.13158951798361535,-1.000740437165171,-5.0334240806491986,5119.5225
4043899764359536896,270.13688828564335,-31.458279115642505,15.526421,2.432211,0.1071656110135419,-6.585788842278681,-5.62487011206378,4551.809
4043791904853852928,270.1060298636418,-31.65427739074496,15.526754,2.133688,0.1040676041428212,-0.7616128342971865,-3.2998312628748936,
4043887047041061376,270.2359759921261,-31.503360040791467,15.52816,1.6026869,0.4284257783271335,-1.6556505567609558,-1.5694799730300382,
4043807538676814976,269.92002307731275,-31.53452028230324,15.528201,1.2235584,1.245298783248353,11.439614019368408,-10.912702096873403,4739.9043
4043802595087598848,269.964258823327,-31.66722701360563,15.528259,2.2883062,0.06607155241599122,-7.076551591776853,-7.416724305829037,5174.6704
4043792523294153600,270.18326410269003,-31.5942695603536,15.528566,1.4730101,0.5837220153371805,-1.7169444997502439,-5.327064218512449,6334.909
4043787511157045888,270.1859601243349,-31.740815901231343,15.528866,2.628067,0.13775775836316329,-3.692030961898044,-7.650385313331565,4732.598
4043807439760895360,269.8577465275944,-31.53547912003179,15.528907,3.6031227,0.33556925100834323,-3.3239662509537706,-9.260385384685462,
4043885500741816576,270.2498610374153,-31.587825118308167,15.52901,1.4003763,0.9242326947355208,-2.325251964746407,-2.826274741083433,6137.0317
4043997208610478336,269.93186400951515,-31.454367105011126,15.5293,2.4153986,0.14938319574780434,0.3420277395235144,-5.306425899558717,4677.378
4043809467034947200,269.94543109023925,-31.469313798034495,15.529724,3.495205,0.09725423179845019,-3.6859811577359327,-6.701517237082978,34993.492
4043796788288693760,269.8910274155041,-31.69863023898035,15.530089,1.5647535,,,,
4043799949384777344,269.88721195706734,-31.6555246535214,15.530676,3.0997229,-0.01816236771502529,-1.2637101349501294,-6.652631087412018,
4043807302372389504,269.83203044743607,-31.568394387812845,15.530713,2.7132683,0.09591596179076226,-2.788884004993103,-5.829947070272879,5133.6987
4043789916339060864,270.0895876963602,-31.71994798055172,15.531111,2.378353,0.010042042676061704,1.4708003154811933,-4.129559306572357,4800.8228
4043885328943004672,270.260708814072,-31.6074835508883,15.531154,2.5507183,0.254923945183829,-1.8949219940909787,0.07464234015112632,4777.127
4043809535754447872,269.9382662153295,-31.46822400550583,15.531558,1.9901829,0.753102575638827,0.9224321418261806,-0.13970066112126878,4877.161
4043790122497531264,270.10122908736344,-31.701092050856385,15.53209,1.983717,0.43967896586402405,3.28104803024027,-0.31854859879551706,18270.512
4043807813583228032,269.8986919259534,-31.51905562322856,15.53286,,0.1484557043755014,-1.9232691542506732,-1.3465092548967266,
4043899695691439616,270.10971874691234,-31.47166568762791,15.533268,3.0696325,0.10283532043838839,-0.07398469689098469,-6.894376043395454,
4043790874026596480,270.1750245061054,-31.687007731924407,15.533474,2.8013802,0.02452524261952608,-4.862070259786954,-7.335044004362676,4880.0186
4043899141558806400,270.2002614136362,-31.463394633374655,15.534116,2.571334,0.13640168372808875,-3.006865869510661,-7.2115481749631885,4146.849
4043803415506595072,269.9947776704641,-31.60434794169649,15.534462,2.287221,0.148086488276882,-4.619196936600033,-5.902859004708681,4693.6396
4043809668799915392,269.9584353574609,-31.450521902643107,15.534901,3.5289993,0.03577242775000209,-3.3146786110388473,-4.75150023291277,
4043783422293436928,269.99343632906687,-31.79273494272269,15.534967,,0.1209089295297233,0.537559140907693,-0.782975298428623,
4043801079015608960,269.84830303899696,-31.606109553966665,15.5350065,2.243761,0.8284507262098862,3.0707531860373396,-4.721151036950704,4896.149
4043809187774000000,269.9740149615566,-31.49956450797254,15.5351305,2.5976315,0.1985729137432489,-1.494582258442923,-3.016126828371421,4569.3296
4043782735150645120,270.04571061794286,-31.799350784668857,15.535465,2.783227,0.1655407534879904,-6.413986684026143,-3.654293393721219,6015.5015
4043899661331725696,270.10084371139567,-31.47443894835273,15.535993,2.7252054,0.12216340765134752,-1.7029321499773307,-7.96667573933469,4623.0635
4043807435416884480,269.85447830256635,-31.54545962493375,15.536107,2.8011274,0.07862948472078167,2.575060260477434,-6.003795728943835,4933.984
4043789813259929728,270.05490360190123,-31.720402969552666,15.537386,2.658144,-0.04836155632106015,-1.8487182856706323,-3.4412550980750005,
4043898527459623168,270.1603169709139,-31.524804195435365,15.537446,,0.4510222751064503,0.32207760559873894,-0.9337700468594445,
4043787987808554112,270.2394505183464,-31.700326808372395,15.537725,2.707508,0.06062147934593149,-2.5811359157423373,-6.1854852528591655,4914.814
4043898797961124480,270.2317833310213,-31.504993083834655,15.537972,2.3953457,0.2027925817343217,0.6009340338387098,-2.5256461176394973,4212.95
4043803003187923456,269.963969540814,-31.629648094777917,15.538771,3.04381,0.048429644735848744,1.3047487208223971,-4.126713928483145,
4043803587305413248,269.9965787390964,-31.588403805850515,15.53905,2.2427368,0.295836775435624,-2.084056117653489,-2.7952275774046327,7127.1753
4043803900756456576,270.1043638427486,-31.59875132839555,15.539178,3.0841799,0.05394782380778761,-1.306426044105191,-8.424699773837581,3847.6604
4043792076617534464,270.13443444434535,-31.611765459828757,15.539352,2.2261162,0.2128662112628797,-0.20226813240818362,-2.467408430216736,4591.4224
4043796410331578240,269.874667617179,-31.710588571914833,15.539414,1.5136833,0.43280668345331413,-0.13111271375768493,-2.107920968026007,5442.5737
4043789400942952320,270.0507932964983,-31.754327349390508,15.539587,2.335372,0.048322030265882436,-5.40050429151393,-5.484487517108942,
4043899523841113600,270.1431958826892,-31.483896338973256,15.539754,2.6881971,0.04923114887489559,-1.674460093971556,-5.55235974649597,5086.8594
4043791840484726528,270.1067576088739,-31.667186403630065,15.539959,2.5745573,0.10440797373045,-2.6059967471204475,-6.97208807450828,4572.725
4043805133318176768,270.0284593625815,-31.552423765012627,15.541817,2.9289312,0.06472661873031707,-5.23655821031522,-7.432128293539813,4654.3374
4043791286343493120,270.20271788507256,-31.6596881388147,15.542168,1.3984423,0.6494844430543211,0.39921835320482674,-2.1654461279024986,6521.8364
4043805717433762432,270.0915769729888,-31.50592437301987,15.542566,2.8168964,0.06842797718660132,-4.212414021564346,-5.5415122001689525,4680.7637
4043899077215518592,270.210448434813,-31.471942983416195,15.542633,2.5845747,0.14035101589587998,0.3415929546596589,-8.301628178866624,
4043805339476617856,270.09772999984244,-31.538517283890254,15.543027,1.1095171,0.8013832001840917,-4.372405823836407,-12.174312823516672,4917.875
4043886359735522176,270.24287145967924,-31.549575354086794,15.543288,2.8469105,0.1548079284982153,-1.0880262230456152,-6.014820422658295,
4043790152472095488,270.09930513945034,-31.68330572380952,15.543571,1.970931,0.19317703110283532,-2.6538765726057916,-3.350714890265625,5193.992
4043802835605859328,269.92759472726766,-31.66399632561521,15.543782,1.6873627,0.6800997822436129,3.919241209099272,-11.747607915901245,5371.1675
4043899798770683648,270.1175781178739,-31.460184728667613,15.544883,3.3108673,0.1670263272349156,-0.2979434232191858,-4.1691767556576576,
4043788095219318144,270.24416426096707,-31.683416217539996,15.544951,2.3301344,0.12027225036711814,-3.5855740697759777,-6.453117005673361,4974.066
4043898591966406400,270.1597405587923,-31.509441852148782,15.545428,1.8238144,0.11791583607259462,-1.0065988576783353,-5.13624246559824,
4043804721001328512,270.13347227477595,-31.537870842906745,15.545536,1.3344975,0.5840694860699557,-2.4666013069559773,-3.0045881600440376,5910.699
4043796925727649920,269.91421814712106,-31.67797914265282,15.545916,3.0447645,0.06169841890053145,-1.9840916115902782,-8.253264118351254,4967.3696
4043803282282430208,270.02782463137595,-31.60627554849714,15.545929,2.8147402,0.030176468626957824,-5.116934583717232,-8.09886886455824,5156.558
4043801564296326144,269.9936081592452,-31.70676554012616,15.546615,2.537799,0.07148000087404664,-4.930516321397545,-11.7233495522001,4667.246
4043899347716965504,270.1500964957177,-31.500686306685058,15.547673,1.9731245,0.09911144048559883,-7.365721285026524,-4.109187686959594,7743.4775
4043788640825436160,270.0584046343286,-31.768524858784698,15.547972,2.0921211,0.22575643853592708,-6.6332396981534325,-2.7490790040028283,5260.155
4043789568540664064,270.0508993975019,-31.739390126858567,15.548069,3.430231,-0.05967657692264751,-1.0226114101752244,-2.7072850498448515,
4043803557109828224,270.0112474511001,-31.579324187010133,15.548206,2.2728338,0.1400569126547824,-3.8059794976340333,-6.003765720634502,4401.5264
4043804102702108928,270.09874395450294,-31.58760957591328,15.548617,1.2838726,1.3306382435296813,0.8194121980311923,-8.258017664245813,
4043792321519683456,270.1808473694288,-31.6080546738249,15.548622,2.3039732,0.029830365485412333,-0.00895748105984154,-2.423131072466193,
4043800189903608448,269.8414839681089,-31.64489364198397,15.549019,1.1911793,,,,
4043806993084078080,269.8719991768071,-31.58449931795658,15.54992,1.7302055,0.7459257545511103,-2.2580376999369802,1.3404771932728319,6064.4062
4043806473344182912,269.9535093985333,-31.58463094996163,15.550323,2.775012,0.12781222970128756,-1.3269261409682562,-8.349730703592565,4555.677
4043899111575347584,270.1832769204844,-31.483027317947325,15.550348,2.5333204,0.47826798512579655,-6.812190698344224,-3.2025518206022947,7917.6147
4043995147027409280,269.8570927163448,-31.524786905986076,15.550963,1.7386255,0.5778071894314102,2.644625880990615,1.608796812122886,5285.753
4043806610793446144,269.9687153452934,-31.569340809516564,15.551021,4.504464,-0.07352249047334397,-3.255652735714871,-6.797169129847525,
4043785827529779456,270.1573395816123,-31.7798770337271,15.551556,2.3937464,0.03454239282056319,-3.5384383052158013,-2.4469647698240022,
4043808058285238912,269.99824660806917,-31.548528846787658,15.55184,2.372264,0.022781176467902488,-2.821721186935636,-5.346779588438965,4868.9297
4043898832347233792,270.2105113935911,-31.49673127530183,15.552002,2.510085,0.08586664959779627,-4.701172374440382,-4.3609986175838635,4539.25
4043799399577624576,269.84659037568065,-31.704170457724917,15.552292,,-0.016749817504797117,-6.3515621244942535,-2.31050767009647,
4043809157797164672,269.948895813694,-31.505064487056426,15.55249,2.3238945,0.12676653408518151,-8.368768402400793,-9.399174834573975,6028.302
4043799502708192128,269.8523881192267,-31.681909043035215,15.552513,3.0223007,-0.02934862751795658,-4.949833945128684,-6.537147252105223,
4043789641409676032,270.0204435660494,-31.740279949541602,15.552804,1.0643206,0.3823978500544546,0.2945345021387931,-2.4971551152369327,
4043886394095077632,270.1963157356492,-31.57736295801856,15.553289,2.39108,0.08074319684894751,-1.163188095562169,-2.2210590886942616,4524.591
4043807229409313792,269.8389999628284,-31.57253738773931,15.553741,1.6197004,0.5120871157773053,-0.5582140759537809,-3.1215524546920523,7272.7017
4043899386453511552,270.12222209583325,-31.50139006185201,15.554028,2.3243742,0.416625050501751,-7.472379890639812,-3.4181368735122106,8062.006
4043804347382012416,270.15991126629666,-31.570542757712857,15.554219,3.0220194,-0.06920960389087166,-4.045762034683032,-6.311005837946838,3882.4795
4043788851186870784,270.1410281774972,-31.763546425003476,15.554313,2.6437998,0.2316633876307973,-4.491094363448167,-8.419606268579939,
4043807813583169664,269.894196464782,-31.52135727493429,15.554501,2.9279337,0.06636591604027957,-3.079672171113987,-6.088924233927774,3935.3691
4043806305939725568,269.9179360073422,-31.586043338028965,15.554955,2.8029509,0.2994912402802734,-6.384565960171104,-7.15128954369354,
4043809874997275392,270.0341384280231,-31.425069173758057,15.555154,1.2189894,0.41001336393812227,-0.5776280928291555,-6.159989056570604,6591.178
4043791011465546496,270.22024252311104,-31.690244813881478,15.555397,1.3638153,0.5128923755341148,-1.8562437356377761,-4.961039731800151,5346.218
4043804691030541056,270.1236079044594,-31.545831622890198,15.555498,1.3758583,0.3272260404707726,0.2059366838255994,-4.151576003045664,6774.616
4043799502708229504,269.84315865654764,-31.678728748856003,15.5558,2.6950226,-0.02608958646668775,2.772933959034662,-15.242681344364474,5950.7363
4043796096889736320,269.8954074674392,-31.750973918296765,15.5559845,2.8047924,0.07094855635720443,-3.380890598992416,-9.207797017409199,5232.3477
4043806821335831168,269.9566392251531,-31.551405606179873,15.556461,2.5678034,0.16267551017579343,-3.379943819291448,-7.5960705028628555,5021.173
4043789430917439744,270.03531212997524,-31.766599745214492,15.556543,2.6930141,0.12877100510059686,-3.6256414806224684,-1.532542569880761,4643.3994
4043997208561626368,269.92920408469195,-31.458056353812612,15.556696,2.5966406,0.25860303954000446,-4.106121766176225,-9.164601130493155,4562.254
4043788709362950144,270.0905448087078,-31.75943578241254,15.557082,1.4066305,0.49966202730645964,-2.8227992018242207,-4.864046742477735,5130.0024
4043796543389270400,269.9190019434223,-31.722355313624778,15.557297,3.5262308,-0.005765528784388803,-2.8446987757365765,-6.040682210607553,3542.707
4043791836099302016,270.1089623490076,-31.66292111825896,15.558799,2.5476227,0.13409994518452348,-4.637336961560305,-9.092440770112496,
4043791458148677248,270.2354964784888,-31.62703754082361,15.559234,2.0401564,0.3003716778159771,-0.8587176146572595,-1.3688712771725204,4762.683
4043801426803241344,269.8250576785923,-31.583950539029985,15.559911,3.0127459,0.12450688625495072,-2.4089620661414703,-6.831996587983044,4625.9883
4043808985947548416,270.01986588485045,-31.45602971465387,15.5602,3.066846,-0.014983508148984004,-3.792123111099395,-7.211401915078358,4747.0654
4043790053778028160,270.1135623819706,-31.700950233862134,15.560383,1.461318,0.28202614957737915,-3.3581835425957074,-3.888782402177002,
4043805824902191232,270.085463676748,-31.48910579137914,15.561169,1.2209263,0.8890465664120121,0.1382276856251306,-3.2059470514565813,4769.0776
4043802457648585600,270.0530002824216,-31.628235597213525,15.5614195,3.196663,0.09881737892938944,-0.19631449687000482,-7.5227845034589045,
4043783624117931776,269.99038533813257,-31.78740390778305,15.56157,2.6811762,0.12190634739869297,-2.7502743995899808,-4.749464626838114,5080.46
4043790427350024192,270.0878075755895,-31.666874052355936,15.561596,2.1259413,0.20711917678505137,-1.7911623750819847,-0.797556886944127,4940.356
4043802835605826688,269.933641578772,-31.669503448674718,15.561667,2.617651,0.112817449349011,-1.7752322073609077,-8.407326258732787,4606.629
4043789396741876864,270.0558492705825,-31.759355276087724,15.564265,1.3671665,-0.2186789413938238,0.12894028604211047,-3.6698798414911087,13909.927
4043789881979472896,270.0438091815997,-31.710929088096233,15.56523,2.132434,0.08606248162695222,-2.8403831378238156,-6.451802222179574,5148.448
4043807886488007424,269.891803851805,-31.51166006908907,15.565472,1.6313934,2.3953758546377166,17.313634484484417,-14.891572769027036,4405.1064
4043808294414141184,270.0265396469136,-31.503808455892933,15.5655155,2.9926472,0.08706113017953966,-1.8647912414612773,-7.195617126239995,4763.316
4043898218221718144,270.17736977281663,-31.54788570913551,15.565725,2.267209,0.1412261992604279,-1.132032477883408,-2.1626380880098295,4660.7656
4043788537746165888,270.07178692596256,-31.789209497073703,15.566141,2.577691,0.12480973032638265,-3.9509825555342877,-3.550539025948104,5078.55
4043887051251736704,270.2441443770944,-31.499930232867158,15.566533,1.933342,0.23236296678059387,-4.847249844015821,-6.553519725057953,6336.155
4043902714976963072,270.0877271823713,-31.450065740140666,15.56656,3.9351606,-0.014705264802833818,-3.8692562775271107,-7.156779197377394,
4043899622758575872,270.12793430365383,-31.479118995179086,15.566704,2.799817,-0.15314555215119266,-3.756142582537761,-1.5673876011896595,5488.348
4043898591802670336,270.15728002731714,-31.507622974321706,15.56783,2.1413174,0.04863112102520684,0.5281042651292053,-7.592639976996725,
4043804824080495360,270.02940346277416,-31.58864088817745,15.568415,1.7490091,0.4846937000590697,-2.9629945929630774,-5.4150000092914485,5150.0283
4043800911457660928,269.8311797946788,-31.643442111700477,15.568556,2.777893,0.13594923846624268,-0.8119663057972233,-3.8435412057657476,
4043809192156893568,269.95944777987927,-31.498784133801685,15.569517,3.1028767,0.0388665136424744,-4.019099641311092,-2.0250160796591605,5269.042
4043898561819503488,270.1439795980396,-31.521782203304223,15.569836,1.6459188,0.41095361942550934,-1.124313554365019,-6.652145052091292,4874.193
4043809015968663936,270.03917151738665,-31.4682336566985,15.56993,2.1821566,-0.02328827398367622,-3.062667658623842,-3.13368801595781,6764.1177
4043807714689227264,269.9183671361319,-31.517960897399075,15.57141,5.182229,0.13116313618191797,1.2560240562847438,-6.3173792186541275,
4043995524935838080,269.8649750242741,-31.50499938593831,15.573112,3.6779785,0.0902583261139383,-2.8212781931701016,-5.969332707362867,
4043805412585169792,270.0886897256609,-31.53512829463772,15.574561,2.464468,0.07672613613363757,-8.249560731817832,-1.8645277565522447,4627.9595
4043796990056323968,269.90071157190005,-31.66408600732164,15.575721,3.2146816,0.04207547717383009,-6.4627936775401205,-6.229080364487249,
4043806713862370816,269.94911826023093,-31.56009603579736,15.575811,2.8735552,0.14746316253418704,1.5972631057308995,-3.487466824354475,4525.664
4043803587126167424,269.98983712367135,-31.57521090116638,15.576676,2.6225748,0.1446384476464897,1.646412847305165,-6.698661382003109,4598.3467
4043787992227008000,270.24358235295296,-31.7080811740402,15.576688,1.8134947,0.3665625587588053,-2.0773573987434264,-7.259401664058064,4720.0034
4043902680611941760,270.0694655405797,-31.452320404028136,15.577194,2.7111082,0.04244325142086704,-1.4336280511742467,-7.500647803043775,
4043886364106691328,270.2428427767697,-31.556522798980875,15.577501,1.2689772,0.6225363624586778,1.8996517509954802,-1.4064987085649023,5587.5444
4043805167855460224,270.0406696586539,-31.557673988043728,15.577606,3.0561934,0.055897657277331154,-6.134621798690312,-11.321779018077766,4853.5977
4043806958774801664,269.87259659660936,-31.601622667213388,15.577646,4.1397934,0.1082851578984198,-1.0371034040842144,-1.2185002851589242,
4043787644211144320,270.19968115244814,-31.71661154062823,15.577677,2.4291296,0.07046899322000755,-3.8269278655183427,-2.1214157792559427,4530.663
4043809260876417280,269.96039837042827,-31.484071059208134,15.578391,4.8929157,-0.08371305264540255,-2.591671587660273,-5.776475198606625,
4043809909321875328,270.0171458892043,-31.428522191070627,15.579436,2.3347788,0.14554819476159198,-2.6286248582911207,-0.2442292283775287,
4043788301430997888,270.1008050045606,-31.80355430947067,15.579505,2.092186,0.17873092615486708,-0.018986200091939947,-1.7959630179551047,4709.317
4043788610668866048,270.0507454536706,-31.781648747259055,15.579767,1.2914839,0.5908230234932547,0.10231148422659961,0.2762835166370269,8942.687
4043803213562994560,269.99442580417514,-31.615597324778676,15.580045,2.425809,0.10544419558824386,-2.0120605834695837,-6.13854581297009,4774.9824
4043805137707366144,270.02392726747576,-31.558799755280855,15.580594,2.1538534,0.10239238649634769,2.7520681479618516,-3.1937299165060202,5098.761
4043804141274714240,270.08193465288514,-31.586894418870735,15.5807705,1.8136702,0.4825511802018673,0.3613811075270692,-0.04439331972676073,4812.135
4043802973044831232,269.954370144197,-31.640550645519923,15.580771,2.7600374,0.20824289361169881,0.16981952892091157,0.9165204038542039,4704.9985
4043900138156175488,270.1519017532733,-31.446348442009842,15.580831,2.2382774,-0.1817699493614272,-5.000703754143238,-1.2264804941443581,
4043804652288485632,270.14396826287924,-31.54965710117521,15.581262,1.3555479,,,,
4043796925676243072,269.91691712927377,-31.684986081048226,15.581383,1.6150551,0.5980519295810772,-0.8019093907521849,-1.9977899150371798,8973.433
4043808260054390784,270.0075320080182,-31.524466835044763,15.581392,2.062251,0.4569076553917631,1.0496576709611642,-3.154927198215176,5802.7676
4043806576602504576,269.99054316549456,-31.56961764629703,15.581695,1.1922569,0.8745327630569513,-0.02745555100196302,-9.044653514017227,5480.4146
4043783731531211136,269.99498252276675,-31.770890942794516,15.581749,2.6732311,0.26610215141290083,-0.3704647976026738,-7.796014647283725,
4043900142367921920,270.16098655738847,-31.445393462405068,15.582068,2.2798939,0.09446083508776365,-3.028334208505772,-3.853367421463956,4657.4634
4043898836697104512,270.2082016565391,-31.505880746366433,15.582337,2.057743,0.21387998816449702,-1.7026237553338415,-3.7903738211878224,4703.245
4043783628504143232,269.9850472162947,-31.78026254238495,15.583595,1.3537397,0.9769173938372213,-1.5425427224589803,0.17373428197311008,6606.8647
4043795516978006400,269.95138993585863,-31.75056867928017,15.584487,2.2623014,0.11174749193573737,-2.915469976987511,-3.5642660120320855,5139.6997
4043791325034961280,270.21038854841277,-31.65120426208065,15.58476,2.2793255,0.11146053607665861,-0.580723930065631,-2.7219875303441468,4917.543
4043783834662768256,269.9964391736681,-31.743973582068918,15.584835,4.126281,0.383048854040509,-4.138292348880426,-6.5271582982737115,
4043805240786637824,270.0275924098826,-31.53819421750787,15.585208,2.816475,0.07136141799567496,2.1737150510473917,-2.4826242177278344,
4043995731143051392,269.8817114455372,-31.475501348541624,15.585915,2.7134733,0.13412273646161843,-2.1780317624815124,-3.5828507244717924,4785.611
4043801525730925952,269.98424082294906,-31.715641937321365,15.586086,2.1648836,0.18219830308275767,1.8924408856420802,1.9136925958164555,4754.835
4043790118298355328,270.10240021893486,-31.701554990206258,15.586482,1.997921,0.23000091956664032,-1.7757641903728125,1.5063394441952787,5010.5303
4043899931832788992,270.16523713179254,-31.463276338426166,15.586619,2.308652,0.24203100690884327,1.1090581828762396,-6.804372188668742,4890.867
4043788228326777216,270.27039388205816,-31.660581029469938,15.5867405,1.2995996,0.6511352803548028,1.6035913850278332,-1.1666711394312206,6590.0093
4043789843234412416,270.03117137778827,-31.708367145332367,15.586754,2.3134737,0.10122796824796185,-7.581426079671518,-2.418356296885932,6980.915
4043806095387054848,269.9407321401569,-31.5918870256198,15.586877,3.0834684,0.34068354722611954,-3.829727297575869,-6.262967878881718,4669.8374
4043806031011104640,269.9365816979965,-31.604860331153876,15.58848,2.5851393,0.007610380022720952,-2.4476304580862327,-2.8103316806836363,
4043902921296076416,270.0752056231619,-31.427174610998854,15.588977,2.6321964,0.07084010887410518,-1.2745986444498048,-7.862647295004429,
4043902959867240192,270.049914034467,-31.433997728706366,15.589647,2.962758,0.1213693162001665,-5.542000303811799,-9.22578537469738,4041.1006
4043782700790972160,270.0313678368157,-31.79750200118502,15.590449,2.7260284,0.17619980154975634,-5.064114179780816,-5.547539968631959,6015.9604
4043885397662548608,270.23354329693666,-31.59666840278627,15.590873,2.767583,-0.159322079263713,-2.5460340285937737,-6.128393619537422,4805.0835
4043903028586628608,270.08855033351335,-31.412013946005843,15.591282,1.1831169,0.8735417904598208,-1.2734799899361104,-1.738267136065939,5053.267
4043886187936612480,270.20523117949733,-31.58487517772364,15.591753,1.5041914,1.0881361803911258,2.509076390870236,2.3950899915419104,5581.5786
4043997273210707968,269.92122321684195,-31.442244295041974,15.591775,2.3828268,-0.011579603088194581,0.41578635916974627,-10.232353562405818,5317.731
4043791767379840000,270.1404604034615,-31.65108768141888,15.592135,2.465169,0.14312741445634009,1.2694995759395054,-3.8361513209907185,
4043802659588877440,269.9626978119089,-31.663059585364056,15.592303,2.3291988,0.11461005779397677,-4.191708249248049,-1.8893223006761395,5513.791
4043806546457826048,269.96865452609285,-31.572625054043545,15.592972,2.0419016,0.4030193598753617,0.8833470534497128,-12.665171967872029,7878.8516
4043808127004777088,269.9823391507861,-31.544383387833506,15.593422,1.3611479,0.48871796988119953,0.9780496258610254,-0.6588380555693412,6647.0396
4043808882919098880,270.0253629039517,-31.485901090725473,15.593531,5.0203724,0.1156281219420269,-2.1552933973174784,-5.280989558448926,
4043807680328391424,269.94710021428847,-31.513497562519376,15.59435,3.101942,0.09387234773284095,-3.1469181397255603,-1.6678407488847797,4029.738
4043792042257777280,270.12077785266786,-31.62532631729539,15.59471,2.533204,0.10380028227096363,-5.488229853374135,-4.130998884716502,4371.272
4043902891096445952,270.06250405852506,-31.436296186595765,15.595383,1.144701,1.2209123434897313,5.617004116478643,-12.907863584994065,5223.276
4043898523083123840,270.1597830670934,-31.51753330549433,15.595805,2.3605394,0.17555186222267127,-4.14787163044368,-3.9024945947697836,4681.0356
4043899936209422208,270.166603385129,-31.449902652704555,15.595983,1.3664656,0.3477325053944576,-3.841158905427681,-3.6207832026795255,5501.0894
4043801078865243904,269.8641224812943,-31.603566801254043,15.596701,2.3571978,0.2133906945777831,-1.5907804830754388,-0.07020526422438703,4607.593
4043787266253980288,270.22061607739414,-31.73973680539221,15.59778,2.3093004,0.08091944794704359,-0.10478920510291638,-2.3152462663640945,4594.766
4043802796852135040,269.972856969877,-31.635611516784913,15.597799,1.5571985,0.5647227339728822,-8.50659627396865,-7.379004485808169,5125.4873
4043789400891236480,270.0608029837578,-31.759591491612703,15.598124,3.0012941,0.07350196954903601,0.6237930858680756,-6.4681893660197,5126.3823
4043804244302799488,270.13983089930105,-31.588179827994225,15.598164,3.014536,0.012813055879241184,-4.425662091511323,-6.0275125071492255,3854.504
4043791183264280960,270.2528115777893,-31.658706948949888,15.598461,1.4820633,0.5162977026025511,-3.3917940502001915,-1.6290811949157042,5233.017
4043885539472691072,270.27153665817855,-31.571925872611747,15.599082,2.6197033,0.07765804350485864,0.5151377233212714,-2.8933564186209457,4721.574
4043898664847135872,270.1965586120203,-31.497256166574978,15.599145,2.3814297,0.07770939242868456,0.5972263051037929,-9.490928844866264,4553.7964
4043792527626115840,270.17138909662395,-31.595049330244287,15.599488,2.6102686,0.14385471681107798,-4.9827349902333244,-4.409652030512256,
4043803003020573312,269.9629613439511,-31.635674370791122,15.5997925,3.3532743,0.11282094406753668,-5.648409610270801,-4.4903929564289795,
4043899111575437696,270.1803016179685,-31.47364691653836,15.599913,,-0.22658530111143274,-2.3986795263513914,-4.7364074189268415,
4043995696781987968,269.9094334092143,-31.475431689358796,15.600262,4.0853815,0.015223672060194138,-5.332006743553043,-5.211415405037069,
4043808711069450240,270.03906933710476,-31.492339118723816,15.600293,2.3197098,0.13637225767390335,-2.144784071786058,-3.178152799888367,
4043803930727254400,270.0690462774315,-31.623887047175707,15.601073,2.1273308,0.19947319972101601,-5.811471070996624,-3.0889610719443414,4680.3677
4043790771133594368,270.16364899240483,-31.692993464298862,15.601103,1.6934061,0.1261784092594953,0.26291248894206737,-1.3217899536419537,
4043886565893996288,270.22939930868614,-31.54306689530566,15.601182,2.0370798,0.3581776887823632,-1.0439032105805524,-9.00112907585194,5258.772
4043802801246087936,269.9811140678312,-31.638335814521863,15.601366,5.8385677,0.031037421990899088,-1.1960485794122964,-8.31011445614682,3438.7383
4043803522800703232,270.0008820869083,-31.594296518218698,15.601371,1.7143173,0.4788711529756096,-0.659155913456651,-2.104377551236493,5188.777
4043899901849500416,270.19095090183083,-31.453849423270512,15.601662,1.4101534,0.36325831324594154,0.25504461286727603,-1.0835928521574525,6350.854
4043886948172379136,270.2415460860735,-31.52220663992914,15.602656,2.0197716,0.06034992498108801,-4.544295740766381,-5.065603273735758,5107.4575
4043898420003923840,270.18535864789527,-31.51551078365262,15.602954,2.1415777,0.1990125002190785,-7.408507812789192,-1.2596996983545805,5136.044
4043805957948076928,269.9057363320431,-31.621449657406043,15.603433,2.7429686,0.18469153347912814,0.8253981970348115,-5.455930043747006,4654.218
4043795035941536256,269.9547294885585,-31.782144139360586,15.604488,2.6071348,0.2347461178704065,-1.874764160156029,-0.19209542841792904,4720.641
4043809604473902848,269.9690775658613,-31.448438231379722,15.604613,2.0937996,0.21726576600032904,-5.0128287339171615,-8.340383671394607,5280.4746
4043799433989258368,269.85674436352065,-31.692655385035447,15.604737,2.5086794,0.07176448365645306,-5.137842669551195,-4.273554243298653,4892.473
4043899863278611072,270.17954450766854,-31.46285511141642,15.605829,1.4201136,0.22636048896186092,2.063366357887118,-1.2440274978171508,
4043809737523171456,270.00994222289734,-31.463512941929974,15.605924,2.561533,0.08429482195712468,-1.4956113855352173,-5.768606127980832,4952.6953
4043808569292058752,270.0051370037643,-31.484516585400847,15.606364,1.5863638,3.558421022745971,3.462741405894525,0.34337687353872387,
4043790221377465344,270.07070088050574,-31.694391047103213,15.606484,1.7643566,1.1178517051421517,-0.9399986481426732,-3.1322435351445597,
4043800155543345408,269.83687860256197,-31.65769303060448,15.606914,3.1025276,1.7929476936955813,-3.2182972732269324,2.11578747992986,
4043898389968937728,270.215135097947,-31.521992584720156,15.608162,1.5322313,0.3099091943409243,-7.710701576801422,-5.915038038756779,
4043809329595841920,269.98908612009853,-31.474823969773716,15.608334,2.8885307,0.05135532368642876,0.044613231773137696,-6.634226503084115,4795.17
4043796925727623424,269.90864763977265,-31.690226887765288,15.608618,2.8747978,0.09705549164064785,-4.882358324859468,-5.345977678243957,4843.31
4043791840484576384,270.11542719113964,-31.658971492441736,15.608862,3.1373549,0.1790179776367526,-1.3883989961767875,-0.8559550884621339,4167.4985
4043898664898673280,270.1849852103106,-31.491753170882575,15.60906,1.3216724,0.6471513628488869,2.5511644969822966,-0.6021700031591175,6739.2173
4043803655849336704,270.0856563072506,-31.632265832777986,15.60924,2.3382034,0.16170062073807692,-4.339953057950165,-6.202043354891511,4828.6396
4043899038479446528,270.19295608651436,-31.484010573230748,15.609513,2.4229412,0.18207270086243132,-0.0986510221982762,-1.4508552398135632,
4043806512098126464,269.94852716824283,-31.573605902834423,15.60964,2.3530655,0.06180528467874513,0.620956118323166,-6.912658398455365,4717.1177
4043789671435673728,270.03262719161916,-31.734891268207544,15.609844,2.3331385,-0.040099016632338516,-8.893715798529119,-10.141910667172162,5002.884
4043886329746946944,270.22965464977096,-31.568630161142476,15.610426,2.1889992,0.12905460986348694,-4.210230829864441,-6.007033743840875,4684.056
4043807920852795136,269.916747737766,-31.510918128018254,15.610565,1.1495504,0.8668905482288768,-0.7612008649945972,-0.3211659790677169,5695.293
4043902680612029568,270.07288979200075,-31.448259382607592,15.610881,2.384902,0.11675158061062015,-1.9333513032614331,-8.07184078415764,4901.557
4043789469610877824,270.0436335552553,-31.742165291519093,15.610909,1.33146,0.47513892787790085,-0.4452032497732151,-2.5363121842306757,5558.8794
4043804244353816704,270.14095663155575,-31.57619971593076,15.611209,2.5284557,0.779095913004137,-6.496017278332601,-9.311729029037341,
4043802251439305856,270.06584007402023,-31.64196473931154,15.61161,2.5035028,0.10672558746492178,-2.4065599135382594,-8.837983210554736,4607.914
4043796852806303872,269.8843684732617,-31.691779211872802,15.611725,3.1542225,0.08285195216486795,-2.1641323331769917,-4.89860296885045,3965.9583
4043804274500798208,270.11649049176174,-31.588746274472566,15.612299,2.6126795,-0.006249105695912176,-2.760692996118734,-4.3468154558369445,
4043795306614045824,269.9227970214946,-31.762985569126418,15.612336,2.1438913,0.7890987580875517,3.812879834417228,-6.706171837166208,4888.2637
4043898561819522432,270.13845102740373,-31.523882074234837,15.613135,2.019392,0.5104370401625433,-0.7181116902931013,-3.2433057624882355,4709.04
4043806786976154112,269.92649950574565,-31.552000153365473,15.613858,3.756215,0.3583021223466079,-2.934733064801437,-4.699219269742986,3651.641
4043791874843093120,270.1217741918704,-31.655238589365695,15.614249,2.4296827,0.25255780548157986,-0.8471426910118379,-4.347552094204094,7281.259
4043808122821147520,269.9959738314038,-31.542034502157932,15.614364,1.4438305,0.4583400571657679,0.849035571665801,-4.125780029168624,7263.6123
4043807783408741120,269.8877543755963,-31.52850444601357,15.614514,2.2662992,,,,
4043788640643460608,270.0626075995428,-31.765684296523315,15.614536,1.3945427,0.6766974629615103,1.9649638485257128,-0.6824974536019661,6295.1553
4043807779014274816,269.8921812387944,-31.53375129519824,15.614623,2.7970839,-0.02766529883430687,-3.9965357046610532,-0.05176944328978635,4810.4336
4043898832325985408,270.20989366144886,-31.50443192180667,15.614636,2.8025694,0.11695899375555363,-4.670295761370928,-4.762578931510164,4880.7715
4043803900756434432,270.109803158057,-31.602561118393535,15.614917,2.9495811,0.08214680834065577,-5.118071373965015,-3.9827080622670676,4052.6355
4043789431099038848,270.03150679815633,-31.765183682297074,15.615353,2.303238,0.21222718463654125,-0.8375466964469024,-1.5901774389523944,4930.87
4043898218221748736,270.1733697463983,-31.546145203242197,15.615795,1.6672535,0.5684209327739712,-2.6032506789425534,0.1959807617713894,4977.893
4043792351672114176,270.19635029216937,-31.599482421662596,15.616255,2.0683994,-0.30202929429912645,3.595528928846783,-8.111960707332186,4795.5596
4043803003010576000,269.969326713124,-31.62353408893172,15.616407,1.4505444,0.37148718433598654,0.2643997175096143,-4.620993204324217,
4043805618743670016,270.07758280926424,-31.523332768842085,15.617439,2.4456596,0.07232941888286122,2.2983724623564763,-2.19897744783881,4898.402
4043802973044836096,269.958650921156,-31.63642993889088,15.61759,4.232893,-0.001758628740717908,-3.2767918240489933,-6.785867090488967,
4043808367523000576,269.99395133202233,-31.519463558420156,15.617654,3.616291,-0.0911556329904808,-4.116104151793299,-7.538799250094936,
4043886123538214784,270.22710007640933,-31.59846565603743,15.617857,1.5568705,2.415651536649219,-7.177348376460948,-14.594917858166827,4119.252
4043885913058819072,270.26699964924734,-31.566024869848206,15.617873,2.642129,-0.06490510615359744,-3.5255508095253343,-6.927195762969908,4418.6724
4043803965087013888,270.0865876041818,-31.60658114263727,15.61929,3.0137482,0.0218450987449669,0.43568019407096115,-3.350071904598083,
4043796886977082112,269.8826070748304,-31.686688987395165,15.61944,2.5357084,0.17201101619949813,-0.04307504290603925,-6.664703272821723,4605.939
4043899558254168704,270.1532921524051,-31.46372234968709,15.620322,2.3659306,0.05317875477928411,-4.914923558194557,-0.2661327184429969,4343.7573
4043801662984435712,270.0149272925444,-31.692042495462506,15.620413,2.9212284,0.17240273213149068,-4.0781052196845575,-4.017486324264426,4567.1255
4043898424380223360,270.19266131874093,-31.522752988889113,15.62072,2.2523813,0.6589983725471428,-3.5028168839689804,-4.212710652423885,4796.497
4043788571923968128,270.0778204319566,-31.772641528096646,15.620793,2.4236221,0.06927285771885852,-1.1632542194807785,-9.800334110757255,4717.53
4043796165422517248,269.87896062200406,-31.729417150146375,15.621223,1.602809,-1.1919394273197468,11.092538826405772,-8.309957531660778,
4043898836697239296,270.2042136414032,-31.49179150739042,15.621474,1.372448,0.2722361003461745,-1.3371592272504662,-3.5866460103093583,6375.3833
4043796169813333248,269.8786631644647,-31.73077494458212,15.621729,1.400569,0.8648651316161146,0.5770012337487319,-10.177067632248013,5204.516
4043801529884700288,269.99007930724594,-31.71178961880693,15.621748,1.5695066,0.29378966715042426,-0.45398611804522093,-2.3006819765707185,6163.824
4043804789896698112,270.054069805483,-31.575652285404217,15.622135,2.0123835,0.01969081636768471,-0.19979868774191928,-0.811142155272863,4758.9536
4043807401057146752,269.8839849248768,-31.54450933454578,15.622345,2.3846874,0.31634274607374196,-0.7673673330715565,-6.738236964766296,4844.6265
4043806580817535104,269.99345243735775,-31.565569028474723,15.622421,3.350131,0.0787665156362119,-1.9542858989277356,-6.666751884362953,
4043800189903133696,269.84388406638595,-31.637923022964866,15.622716,1.497201,0.7175418971418263,0.039805019202049256,-0.7095633576834367,6581.1196
4043902788068105472,270.1261911402312,-31.426589607137466,15.622837,2.637761,0.02715861618584068,-5.6976655921733474,-5.250046833552137,
4043787610022442240,270.2295530494736,-31.72080754119751,15.623119,1.2464628,0.8312681932292512,3.5091450625005605,-13.102245020783817,5826.657
4043802590693675264,269.9717907304852,-31.66744027303808,15.624998,2.9059277,0.0903740018654621,-4.164172919835662,-6.947156004769728,5155.2812
4043789263503892224,270.1457233301883,-31.720237495032137,15.62505,2.6486797,0.1536655470198702,-2.340281598312613,-6.627794970086789,
4043803243532492928,270.02694736581776,-31.619358855996005,15.625415,2.1994362,0.08231162188171431,-5.76069206540597,-3.8020608182616304,5508.7354
4043789778900204160,270.03755871384527,-31.728663038362342,15.625916,2.242958,0.1200442974024453,-0.6582217990662063,-9.04801932155586,
4043994975228706432,269.8326447137476,-31.550660407550474,15.626041,2.6920853,0.16390377018087435,-2.0961398310666337,-5.3579327242043755,4834.8784
4043788370098840576,270.0891357232247,-31.785748409068333,15.6263485,2.161994,0.05534478800243958,-3.6824676220295114,-6.97089217042538,5148.488
4043806645142895488,269.973812571918,-31.558362314278696,15.62661,3.1480293,0.12065198233072835,-3.574411103748672,-6.542274557387842,
4043885535101639040,270.26169828791296,-31.575797674287617,15.626715,1.353796,0.36161875355467454,1.3628147262971055,-0.6330234242445176,5946.912
4043808225694658176,270.03363033620445,-31.51487239599522,15.627339,3.1115685,0.01486649791161319,-5.336708890669835,-6.059421776754865,4574.5957
4043788984425601792,270.15897987733706,-31.734870757699337,15.627377,2.0677347,0.22008812137908157,-0.27024138473149956,-1.9670914248513822,4818.201
4043886948222369792,270.24767711298307,-31.535227166960553,15.627526,2.3381138,0.08495301054490827,0.26067989555649157,-3.240718752386451,4589.235
4043805511275321984,270.10343280102353,-31.523779109791377,15.628795,2.7069798,-0.006031433549448493,-3.718170451271384,-7.47229208053786,4882.3257
4043808775659973632,270.0841290278374,-31.47697550646002,15.6288,2.1701527,0.057113291925430326,-3.3911708741927113,-9.781368248233845,6682.2144
4043886570265361792,270.22441160160895,-31.539713927420514,15.628872,3.0677185,0.12494523945166029,-4.417342815262489,-7.369429330682793,
4043810119869980416,270.0023379204721,-31.419021407383756,15.628992,2.3094444,0.11389593781259696,-3.3803582922252393,-3.312184773760533,
4043804828470736000,270.02593175145427,-31.584632120408504,15.629923,1.4628077,0.64560986844553,2.7881216865821696,-3.489744932749405,5360.239
4043806679502621568,269.9244415450952,-31.57442742475848,15.630568,2.1988955,0.058001675182233536,-0.9149793835025488,-4.195564111282531,
4043886634613606272,270.21862332145474,-31.52391934637665,15.631051,2.103775,0.1550382992585462,-1.4184361879587095,-0.5274038325969154,4643.7026
4043886600253737472,270.2150149530802,-31.542869564274294,15.631253,2.2572832,0.13556201013388372,-0.24315551921077833,-2.539708194941945,4301.2104
4043801010145760000,269.82158281382385,-31.6129354604907,15.631894,2.610798,0.09886625931305629,1.4190752539926514,-0.20124214635376517,4605.013
4043785892047100544,270.15763727656935,-31.772616614190216,15.632127,1.2930489,0.7655929747064266,0.06154329609645194,-2.2507878129245604,6854.761
4043801079016003072,269.8589791440844,-31.60057449786922,15.632453,3.348072,0.13182443932534144,1.5276054461489965,-7.261144416831275,30016.844
4043791599965103744,270.14413077530253,-31.67329047201461,15.63253,2.7046452,0.03709026146380115,0.17843807779269924,-1.665001609361706,5090.1978
4043899523894429312,270.14052379729026,-31.47479079897877,15.632925,1.222866,0.5184008319210813,1.3566112035585929,-1.87340754659572,6432.0986
4043804244353778176,270.1441724083564,-31.587990488378953,15.633365,2.4065247,0.19241895052843522,-5.521721128764062,-6.572179063341104,4506.25
4043790156857351936,270.11006469475853,-31.673764203136695,15.63423,2.2517128,0.0705421436689257,-5.435725631487352,-9.269117585295517,5009.576
4043886531534250624,270.2180234362668,-31.54417511613786,15.634309,2.489318,0.09132492319355974,-3.287839601143631,-4.48056386572774,4557.9683
4043796474685661568,269.8715257451574,-31.71037436767069,15.634707,3.7025375,0.13174218711324123,-0.44397416715289323,-8.418699738139766,
4043806237220277376,269.8831483157395,-31.599770848658665,15.635165,3.1314068,0.15119254519079148,1.8572935254245144,-6.930406297067826,4443.5625
4043782666431632128,270.05942973710364,-31.797850965012195,15.635267,2.848075,0.1369441692128482,-0.4302901001155067,-5.962506054215645,6002.036
4043788434667347968,270.12274626098525,-31.775913731386424,15.635827,2.0746498,-0.00414312344791726,-5.208952641801166,-1.4642883783130505,6089.6543
4043886432826274304,270.21436464757267,-31.566119246240625,15.63613,2.0617733,-0.46004465885887075,1.008826633548786,-7.631907537485011,6997.894
4043805305116871936,270.0841927097981,-31.548736492708038,15.638206,3.199582,0.07975651028225031,-4.781995603831975,-4.99970893830237,
4043790255551297920,270.0506685802853,-31.691906938833267,15.638304,2.4670267,-0.23841856803104702,0.31209692080534696,-1.3717910320883704,
4043898974136081536,270.23075062376114,-31.484121730914573,15.638549,2.125969,0.2811176568948449,-2.8119772140152595,-2.2703932399658227,4501.851
4043809638833709440,269.9435030150268,-31.448352383867192,15.638687,2.548298,0.12894686633879296,-0.6277158316151367,0.9532549391560632,4798.3696
4043802900106871168,269.9299573447371,-31.655003734340635,15.639118,1.3714819,1.528080738406499,-1.5468965568422042,-8.224239571823883,4732.185
4043782460273199232,270.0671183896186,-31.80757718046054,15.639194,2.6496935,0.08039702663956382,-6.80177435296175,-8.935012269159616,4528.1396
4043806615126743424,269.966700785424,-31.567998093065395,15.639684,3.3444872,-0.053596807436219765,-2.2258686403130885,-8.486327779656532,
4043795654417982592,269.9728942274679,-31.722474441662786,15.639804,2.3485937,0.18375042968563857,-4.836660039175747,-8.067165852977087,
4043789430917448960,270.0321596142817,-31.76245428174848,15.639814,2.116619,0.327875732557844,-2.6523255891347026,-1.2381989503889623,4767.9727
4043805545635069952,270.1159402431568,-31.5070764479139,15.639911,2.514512,0.0956518451731837,-3.3351481058314922,-7.056408584104279,4644.373
4043791836099308416,270.104563727424,-31.658374718907435,15.639934,1.7165251,0.40524295420434703,7.296868454483603,-3.8394364178564113,5300.026
4043805927982500992,269.9067879081223,-31.624051894169966,15.641064,2.572523,,,,
4043790839666855424,270.1583322501573,-31.68873281723692,15.641412,2.6038227,0.12616660917070172,-2.852204367835857,-1.3087664126024505,4583.5244
4043796582130158976,269.90738527718656,-31.71580720386327,15.6419525,3.0138464,0.14040428682026268,-6.001511093689199,-8.75214346304465,3932.2788
4043801422462646528,269.82225560250373,-31.579153461416215,15.643007,3.021412,0.11930564728779756,-5.126137746697953,-8.27241368968712,4582.9536
4043887046935739776,270.2369184954475,-31.504214485058732,15.643647,2.3685493,0.11552984099033121,-4.488802424648826,-6.453142625543791,4375.296
4043796474660206208,269.86982248229964,-31.69632536735212,15.643675,3.1340818,0.10108878050954516,2.6277363546527415,-4.6673777532705,4086.453
4043791290727388672,270.1958849846583,-31.660251989176373,15.6438,,1.7479021772990186,0.5832107075035721,-4.5771152945905715,
4043805240786590080,270.0370374090177,-31.544392619579195,15.643819,2.3862514,0.22529736395352834,-1.827017321105929,-0.6020445765743706,4677.5527
4043788404458477696,270.11118305929585,-31.788514924949656,15.64413,2.4029188,0.13619547217211878,-3.171291473974441,-3.850528448758455,
4043789293478590720,270.1275672293708,-31.713183619892714,15.644529,2.3264122,0.12888468806631231,-7.334541607462152,-2.003244938935889,4579.254
4043995559344318336,269.87763276171813,-31.492029991738853,15.644826,2.5664196,0.03096012235240184,-4.492276407766191,-12.740000670271957,4960.2627
4043810115476518784,269.99874524872257,-31.42702676275278,15.646651,2.4591494,0.12767281919144427,0.0953133173226497,-1.8995291947235593,4395.451
4043885470753100416,270.2798759815166,-31.580681179717487,15.646681,2.4993944,0.3204438693654522,-3.735286557931517,-6.735039587181173,4434.687
4043807607424853376,269.909412820102,-31.5258391721617,15.646766,3.0201178,0.2683082754146638,-6.769555321924923,-2.7854662537366233,6126.2437
4043886948222491136,270.24329705762574,-31.521878300752395,15.646858,2.4980412,0.11480747374351438,-5.776014983526541,-2.567966109023865,4387.2544
4043795723136510464,269.94410790470863,-31.73582632321366,15.647568,1.2842436,0.7067756110443234,-5.02937843208191,-9.192294990524216,4917.829
4043807920847697920,269.91997834632093,-31.506440746724238,15.647646,1.594327,0.5673229165281612,-1.9878987228880634,0.04731594367459199,6592.8247
4043802904325416064,269.9223182824811,-31.644792766932834,15.648729,3.314127,0.11007547906859158,1.1529357360804833,-2.793733996896136,4083.8535
4043902680612029312,270.07580931923394,-31.44870090599012,15.648981,2.4412374,0.0732438503300005,-0.03956431696199077,-3.2159120505740866,4564.9995
4043802938685131008,269.93203783973854,-31.64502912807653,15.649384,4.08762,-0.03026812883130193,-2.932668932678321,-5.610738564746609,
4043898591829041280,270.1518328200389,-31.508896510102687,15.650066,1.2185841,0.9010405502195479,0.966290493590295,-6.673122903106952,4945.759
4043789744540717184,270.014405651045,-31.72423838540239,15.650172,2.1257982,0.03760308167189643,-6.629039144255034,-6.3690493519319595,
4043799399577674240,269.8421636650895,-31.69973754848675,15.650297,3.7294817,0.2547405573818987,-4.048420581615489,-7.478289670078688,
4043787511157047808,270.1824416102574,-31.74259889109733,15.65119,2.8453283,-0.012290549275577238,-5.963760742043256,-6.499612722043769,
4043803282282393856,270.04138043391373,-31.607652778243477,15.651693,2.1939306,0.18172332925753087,0.5946243342292304,-4.182785515830386,4635.6616
4043898901040469248,270.2341730114605,-31.48808777473929,15.651796,2.0804243,0.2481587755029082,0.4067765758171842,-2.9939224100662782,4726.935
4043886329746964224,270.2268180085689,-31.568672502210525,15.652531,1.9468708,0.010102009934460844,1.7850457926415844,-2.497055728843459,5235.6924
4043809771879127808,269.99063759683617,-31.462039760657483,15.652545,2.5101452,0.06190573422293501,-1.1264417169694652,-0.6064531079863009,4757.4907
4043898836697105920,270.2110261944789,-31.50368645375484,15.6527405,1.3863497,2.2141368928245706,-3.2680175603011596,-1.9511367666554302,5744.7314
4043805786360801792,270.0699133602743,-31.498145338978947,15.6529455,2.0052433,0.20096407681927353,-5.775527886059756,-2.2031029142281335,
4043899313357195136,270.1297052457512,-31.505223948830597,15.652994,2.172926,0.26152772188638346,0.2399552427144097,-4.477149176777747,
4043796818293633408,269.8972326238539,-31.693345948806535,15.654121,2.6918774,0.10770974205850734,-1.5022029298868553,-3.238028195453211,5077.8447
4043801529935528576,269.98461298155627,-31.711604388812965,15.654405,2.7255373,0.08008813673580631,-2.3570618423533913,-8.68738171494083,5024.1426
4043995623712080512,269.87496579189667,-31.489956468320575,15.654623,2.7917242,0.08400394431183025,-5.387006972119853,-2.249131311716157,4852.3853
4043804484872059392,270.11612124343463,-31.57143588147126,15.654685,1.9895706,0.02128301920149844,-5.691967198067481,-1.998594883795217,4964.97
4043899833130380416,270.1317358999379,-31.453497705754216,15.655075,2.4315796,0.10548139765732742,-4.4126782478497795,-7.5663943759349035,4494.053
4043788571923949440,270.0787831386162,-31.78069213846333,15.655353,2.2469034,0.13921975315769558,-9.721241760078975,-4.151837112128728,4680.982
4043790534814180992,270.17011336529737,-31.71292531130478,15.655978,3.273284,0.05868835341633799,-4.006622635507754,-3.1649887360373876,
4043791045825306752,270.23887463068365,-31.673863954190786,15.656428,2.2908325,0.2482065370430868,0.11312005509641818,-1.4155437058432088,4840.2056
4043808504962009728,270.00995212089657,-31.489785039325152,15.657068,2.339716,0.09786812443292901,2.2553048504326703,-4.747184102243784,
4043789847568217088,270.0338353582591,-31.713766803815712,15.657223,2.655202,-0.7221812633554876,-2.731642446132314,-7.240793571696533,
4043802487792070528,270.031554181611,-31.630637905494407,15.657489,3.1315937,0.01398741227610421,-3.7242171443203795,-8.289641957752476,3850.6294
4043788434521347968,270.11134012776745,-31.781353604568345,15.657924,2.7414455,0.10397682939464056,-0.7298212315955398,-7.856560801086024,4542.8823
4043805202037656192,270.0541310817077,-31.549884534105733,15.659777,2.4885378,0.2003544884602006,-8.073097674196926,-4.112558160896942,4916.7085
4043807057459739392,269.8655210439621,-31.578388891311132,15.660151,2.5514345,-0.004238450455257258,-0.8654263295079909,-1.9842896305193822,
4043809393922004480,269.98716957509413,-31.465756797952523,15.660455,2.7690535,0.09569696679873546,-0.1968678432523498,-5.474241376081936,4477.1187
4043809913711507968,270.0032848889573,-31.42999584995243,15.660738,2.4017353,0.0778606596749395,-3.7375029836517863,-4.474600617109962,4398.6157
4043803591520234496,269.98773963340517,-31.587426805850672,15.66095,2.4530878,0.11596857895595483,-2.857194908269134,-2.240066170529727,5148.7026
4043791050209143296,270.2266924666564,-31.673388318857572,15.661052,2.4555817,0.13434193273497036,-0.5251795670029514,-11.903951053676325,4964.946
4043788778082449536,270.08473060456686,-31.74794270884835,15.6617565,2.3978796,0.03157229152478483,-2.716787970216019,-7.838894521424864,4420.4365
4043786033688246784,270.17555863460825,-31.7589259143065,15.662117,1.9922361,0.13500051165659827,2.9240051034311074,-3.1403858830548845,4866.5776
4043807847733757312,269.87867653904823,-31.518481672123627,15.662356,3.2489567,0.21517718946922282,-4.32148811429236,-6.73167088138352,6002.2964
4043799915025057408,269.87259068809277,-31.663131291360664,15.662508,2.6031837,0.3765844789312738,-0.16883886494723696,-5.613629347989229,4699.224
4043997346049474816,269.94098829901446,-31.432933820598194,15.662783,3.8314095,-0.0630950941809917,-5.149769295644747,-6.82990363273069,
4043790775332403456,270.16303359637465,-31.703067728884157,15.663221,2.540203,0.0963877170910218,-2.4697384673882987,-2.4499941233927514,
4043796646647919616,269.9354891042057,-31.702570086789137,15.663454,2.3137941,0.08983614877623938,-3.988445501246283,-8.250961692791462,5137.9053
4043806340248919936,269.9057051123573,-31.591285370787,15.664625,3.082261,0.05358820662885669,-7.882019759465317,-5.045562392809468,4395.4365
4043886638984928768,270.21778179334956,-31.5325446346,15.665053,2.0375738,0.28290396842243365,0.591206584173167,-4.177646125191838,4654.9995
4043795379539199488,269.9089525865951,-31.746472415971844,15.665988,2.9306316,0.20273568907478026,-4.9899713997722746,-7.265446856295105,4922.194
4043805957948081280,269.91087919251476,-31.617039447805308,15.666062,2.6416311,0.05441135430490839,-3.0995164024861874,-6.853546135401949,
4043799944993815680,269.8920130373773,-31.670168094993315,15.666337,2.74117,0.210871481695567,-2.719800154358571,-4.778865633253787,4714.9277
4043886467186232448,270.18204876059224,-31.56462740255748,15.66649,1.8547869,0.15072774342874537,-2.325171552936818,-3.5480174018357724,
4043804794109824512,270.0570973224495,-31.580854325019065,15.667153,2.2784138,0.030094864084013767,0.4123429872734932,-4.374241232516798,4674.1
4043801461215999488,270.00328993910176,-31.724969152136865,15.667177,2.604124,0.21389108327408138,-2.0635017703901672,-3.371086631467933,4211.366
4043795929295902336,269.9607337481908,-31.706311286095563,15.66765,2.1819906,0.33688166253241664,-1.3559406100948148,-0.979335719685149,4810.835
4043792282775961728,270.21111106945756,-31.612995156523777,15.668135,2.8770208,0.03302284932554246,-7.833494067495435,-7.208854399744403,4835.173
4043803243532499328,270.01430469979806,-31.615069353040752,15.668311,2.8644733,0.028915499279730927,0.06902063811729707,-6.5049266293400585,4596.3125
4043789911953872384,270.09056970205074,-31.719778323711747,15.66868,2.5842505,0.1964498799646613,-4.269629609000047,-3.882077165661076,4835.9507
4043788644976918656,270.0697294780101,-31.767329794348047,15.66868,3.0628853,0.06256314223878102,-3.100199588640376,-4.511793153853737,3759.5095
4043789911953858304,270.0789704330073,-31.727384286512923,15.668882,1.3436003,1.1301451288256708,0.8265341685479921,-4.048991588367616,6578.782
4043789813259956992,270.0510684944233,-31.715792948506863,15.66938,2.514082,0.09873992375020821,-6.0762805365930115,-4.570960304970821,4581.8237
4043809840811145472,270.02564409012354,-31.44027963803288,15.669569,2.4555588,0.18496054252823554,-4.006547619154205,-7.396003137569476,
4043792488934421376,270.15444328837566,-31.58866740795425,15.669791,2.5352173,0.14782840328217167,1.5414536248980282,-6.286317149605956,4762.7407
4043809256693562880,269.95114325570415,-31.491517945395138,15.669874,2.8161554,0.018083138895672948,-7.430527684054321,-7.463058113577683,4956.7295
4043807302372411392,269.83404022013093,-31.56195432317448,15.670638,3.184679,0.09361923584760669,-4.337587240542871,-6.184281094839598,4637.8325
4043801907892702720,270.0082000103035,-31.678800299363264,15.671019,2.5995522,0.05728161710487476,0.4012086728771354,-4.459470823144697,
4043801942252532992,269.98691760471957,-31.66439945502415,15.671134,2.659545,0.21324653453051662,-2.7591137367973917,-3.8317238803559457,4627.619
4043796101093734272,269.89223689227646,-31.753678368988023,15.6714115,2.8070726,0.020804012498872662,-0.6494171686818976,-7.460390451046848,4863.2207
4043787786033871232,270.24838108553985,-31.71527908331023,15.671665,1.5651999,0.3026130662501489,0.37008312718741976,-0.46093300862942543,6832.062
4043802114000339712,270.03937204645484,-31.661387939231947,15.672213,2.176157,0.3707431412741167,-1.6236919061498687,0.007202522950933334,
4043886428515530112,270.2029682048537,-31.561809187275422,15.672346,2.6009617,-0.028417244233746638,-3.992481886428495,-6.222772852398466,4913.4277
4043789843234392064,270.0382568852705,-31.720935938527628,15.672439,1.5907135,0.5737404956279664,0.2386721604785576,-2.648796433601202,4911.6504
4043789877594160256,270.04660339078237,-31.702003028207628,15.672678,3.363638,0.1121987082784729,-3.049652254027628,-8.090543758392505,
4043805927982515456,269.90227840430197,-31.621327308456927,15.673068,2.7918854,0.1942500417176711,-6.708230283423261,-0.6875735789714583,4722.588
4043807783408749952,269.8930541665443,-31.522855544514947,15.673411,2.6383238,0.10596193048918688,-5.810204917763032,-3.501918185774077,4931.5117
4043810115689968640,269.99113613487316,-31.420279734289853,15.673433,1.4863377,0.6221993776910377,1.6742608980177385,-9.088812689289513,5711.01
4043788193967024512,270.2528815154632,-31.67227268068083,15.673797,2.3874617,-0.1685890038948961,-3.6082645597666123,-6.764633870814529,4665.7144
4043789504022156416,270.06668675812756,-31.746793273797245,15.673924,2.8045092,0.02458537121143494,-1.2798016265425134,-7.453885757317398,5113.147
4043886742063824384,270.2609458311767,-31.539157240004794,15.673992,1.7935572,0.28506572536521263,-1.6158784560711186,-2.299620479985764,5471.0054
4043787575491648512,270.2143373107683,-31.72827242427699,15.675641,2.0715675,0.06841887717420644,-2.5155358753568753,-2.0511957364863944,4738.148
4043802247274258944,270.0709112718278,-31.64111039690422,15.677195,2.2476416,0.18534587403497693,1.8998102276334927,-2.957833510929281,7004.997
4043789160424712576,270.0971542230017,-31.743166423083473,15.678412,2.4989672,0.07953610034554172,-3.61957780011639,-2.843221721200525,4673.564
4043789778900173056,270.042198597599,-31.733590774490327,15.679312,2.3987236,-0.25835894039284424,-0.3758932225445484,-9.821320762804667,4806.9937
4043802109661071232,270.0458064347281,-31.665177708647207,15.680254,2.4292583,0.13988024166088361,-4.7199451241230985,-3.8428050844607453,5093.854
4043795787652343040,269.9338210037492,-31.727284330455824,15.680596,2.2693882,0.18729327746034144,-4.64135061894619,-3.186018925780107,4924.729
4043805309505909248,270.0826722350158,-31.555211484773942,15.680733,2.9258394,0.2886746371377332,-2.915406391641078,-3.6475650635184014,
4043788090887792384,270.2500654796388,-31.684979161393763,15.681292,1.322772,0.5208440541245393,4.085986406626528,-4.7531061880786085,7410.305
4043791015849372928,270.223259604916,-31.690329350474258,15.681465,2.2457085,0.1530213025328392,2.095166460225406,-5.6580802317552745,
4043804171245479936,270.08788636818093,-31.575096044144146,15.682428,2.5667963,0.19808411131820786,-2.161571254240295,-10.140595554120203,4599.3438
4043806374659277440,269.90490763976976,-31.572071659874887,15.683078,1.4638948,0.9728499983115542,0.6813310332717976,-3.9835657587447484,5411.722
4043800288591807488,269.86195119940845,-31.622651976154746,15.684055,5.2955503,0.3518638895134573,-2.5874060210064584,-7.299782622619718,3619.5874
4043809295185198208,269.9854127406934,-31.483978670380576,15.684221,1.5315638,0.5861634665640008,0.990324207200301,-1.8891379256638552,6765.5664
4043808127004779776,269.98920856959376,-31.537899388418865,15.684287,2.8051147,0.09164751395972114,-4.237929523177571,-0.9474146195009576,4587.9907
4043801937858632064,269.985663330755,-31.67834188121817,15.685317,1.4570866,0.32582953201197085,-0.5686945944551023,-2.486665829567951,7710.526
4043808947458155776,270.0199651491046,-31.476621049299286,15.685345,2.7051926,-0.032066890469672385,-2.524297983398516,-7.37916884608404,4624.942
4043791011465546624,270.22167083017877,-31.691008753117455,15.6855545,1.6885366,0.47827882284393897,5.413748781537621,-1.0275367760933953,4941.688
4043800288591232512,269.8575963440728,-31.63638361267864,15.68569,2.5653782,0.2195523713941278,-5.73629636119858,-4.700902954137932,4958.425
4043803419721437568,269.9945637255151,-31.61208657658711,15.685715,1.3781033,0.7223896462192526,-0.9765473729114793,-2.2384472759434946,
4043785483932423168,270.12999497568444,-31.79142148514858,15.686671,2.0930119,0.044427784430766115,1.3966752793871933,-0.007171286457035901,5802.7227
4043802526368103168,270.04627714375755,-31.619139487640183,15.68686,2.685667,-0.10598526302048876,-2.725717642218965,-8.373407419539241,
4043804824080499328,270.039049407495,-31.585776646202408,15.687472,1.3406086,0.6943851362017729,1.5812472039869196,-2.4875930207463837,5000.311
4043790221191551744,270.07180730146183,-31.699177366569803,15.687591,2.0334978,0.1999461895990823,2.1080869399386017,-5.44982357424908,6092.911
4043995524984542720,269.87231880739904,-31.509023411012038,15.688017,3.3493128,0.06882190303041467,-3.7149677861763557,-8.157944648162752,
4043809570114161280,269.95625617564303,-31.460348761709223,15.688066,,0.972191682693124,-2.9277085544357324,1.6312239835028532,
4043785926224123008,270.17709173064105,-31.76908344183326,15.688537,1.3471603,0.26425325035819297,1.5210497582538196,-2.2360567135268026,5916.2573
4043885298954383488,270.246434706792,-31.613797999070034,15.68885,2.4745588,0.09901682611315511,-3.086636351149065,-6.513755438316204,4545.7734
4043808775450491520,270.0786531251442,-31.479489105211123,15.689096,2.0430975,0.22251980803406582,-3.4221006443451847,-7.467570920450974,5815.0576
4043791870494158464,270.1212851516322,-31.644875557864573,15.689816,2.634099,0.1122776841034325,-5.054717824416562,-5.985723128915661,4630.2007
4043882069138601600,270.2760652438722,-31.64504448038515,15.690149,3.328597,-0.020995127327956463,-2.5752395232483165,-7.278148112395812,
4043808711120340224,270.0467809390488,-31.486155739089572,15.690538,2.5459423,0.28082988090883804,-2.4671675911367417,-7.040408673591035,4746.883
4043787442437492608,270.19419410023244,-31.75337311383494,15.690805,2.1057549,0.010780438575078771,3.1136989306428835,-7.792916741588478,5836.819
4043898699207039232,270.167818665284,-31.500897618114443,15.691051,1.9407692,0.18472080161712012,-2.4317872246151593,0.24991102082738034,5152.424
4043792493318456704,270.16120877139906,-31.59374507505594,15.6920595,2.7202845,-0.11885540403256639,-5.306150746254984,-2.7092326703241985,4826.4873
4043898767977517568,270.2182319086101,-31.51508024468258,15.692675,2.8056116,0.329982957480409,-1.566353394759742,-5.198684210420084,
4043886497174429440,270.20256939846166,-31.5563909975653,15.693337,3.317277,0.01094145298583062,-4.452766565941108,-4.461181211040097,
4043804274350659712,270.1239178879671,-31.59114109877219,15.694356,3.1570368,0.14672674681236567,-5.653320932723511,-6.3615488675602565,
4043807920847707520,269.90823172006304,-31.511721290235567,15.694509,1.449811,0.3415483000605463,0.8046344346761407,0.01636292185783931,
4043791496885845760,270.2087538048922,-31.635470778836545,15.695523,2.2100878,-0.07550037861006877,-2.0016923532118005,-4.334225729429544,5081.453
4043898866791128960,270.21427022955675,-31.490731847438965,15.696238,1.498847,0.6236852928803209,-1.455599208351189,-5.039595117157805,
4043809084688145792,270.0348981456492,-31.453884689455123,15.696339,1.6513462,0.46132723171686185,-2.290032057380292,-2.636831693844995,5198.8076
4043787476797240448,270.2113671772172,-31.739699298243796,15.697229,2.3415203,0.379791435843468,-3.4979017731800726,-4.459858155290983,4944.274
4043801422463175552,269.8246586845799,-31.566385125419846,15.697475,4.326332,0.0659735027184919,-2.6417649819677766,-7.863819909473104,
4043898523247752704,270.1652677163676,-31.514458501045677,15.697913,2.0076714,0.16811136913717778,-1.3316565102027222,-4.916685634969589,4733.5645
4043804862829327872,270.0532806637356,-31.574607488233607,15.6984005,3.1058636,0.04034346593304228,-5.711286197571485,-7.578875764854845,3765.6028
4043898871056850432,270.2271087492457,-31.48934600643213,15.698849,2.3620987,0.21201990807359206,-4.850734280667902,-7.208424124965785,6031.5493
4043807096213839232,269.88309901349584,-31.57019135933692,15.698914,1.5539455,0.40175282765440895,1.2314822060694568,-0.30224727087409053,6904.6416
4043801731700161792,269.98388964402045,-31.708563415157723,15.69906,2.9832516,0.055529289591148084,-4.713025617337373,-4.975140189916386,3874.8333
4043805889228597504,269.9226531275415,-31.62442822449289,15.699274,3.1391392,0.08306618517669707,-4.438362492330145,-5.2004202240894175,
4043899038479464448,270.2021492154552,-31.481475900499394,15.699374,1.3104353,0.6940909731827312,2.418692905564739,4.717926025961613,6679.2695
4043809325415095040,269.99704874375254,-31.475691375373895,15.699421,2.4513845,0.227988948894514,1.4857917526053654,0.21212416423489522,4513.1943
4043995662374811520,269.8866610563137,-31.484301471238478,15.6996765,2.319562,0.13820360568943546,0.6602723994197518,-3.2932469924830485,4975.456
4043789538381911680,270.073117739077,-31.738472679393517,15.700011,1.1970205,0.8857482528405863,-1.9035762529787121,-1.2633334072044533,5635.7754
4043805550024159616,270.11319502537265,-31.503180966223898,15.700407,2.7983809,-0.11177973211779489,-3.0057371446366408,-8.742001543253798,
4043802663807137536,269.9560422568252,-31.654107257944215,15.700916,2.8395576,0.03426267188415952,0.6759265362229444,-0.5488957322869531,
4043885024077634560,270.26221976292726,-31.64452057064957,15.701879,2.563548,0.13981053596624657,-5.8438465414411604,-4.166619912950184,5752.1064
4043902680611900544,270.0693747832087,-31.456947886329342,15.702275,2.444252,0.0014602321623142737,-3.6680412545314804,-7.411931552777729,4691.3857
4043799811945789824,269.868210408258,-31.68187033157314,15.702462,2.8079643,0.1312831862863246,2.7824139808563224,-5.1042422500679345,4624.13
4043898733618312704,270.1771147199566,-31.477142065910154,15.702799,1.9616528,0.33775527450925796,0.09302285945655434,-4.566880109476267,7473.453
4043803591520251008,269.9866554978832,-31.58412430246683,15.702898,1.3749866,0.5212146432339609,-9.135736101867046E-4,-6.410688995518893,7353.8726
4043792214056478336,270.1819807810057,-31.61805769261258,15.703185,2.5603275,-0.03021644745714854,-4.254021006522168,-3.0779867933777165,4280.531
4043806336083973632,269.90511525129375,-31.59005110606231,15.703602,2.789896,,,,
4043792420214921344,270.1557162827929,-31.607606647305666,15.703811,1.2551231,0.7461658131989428,-1.2931852569841966,-12.048209712885516,5118.427
4043803862007795456,270.1033184011441,-31.609566042309503,15.704257,2.4273167,0.14829367143876043,-1.0110935585182765,-4.067976493472508,4478.8984
4043783800250788864,269.9861667067164,-31.7581657170267,15.704334,2.3871784,0.016244718905291434,-0.1796118768562183,-8.283291933401571,4656.17
4043805859262942976,269.90962167960265,-31.645987042174088,15.704346,3.0895357,0.04215565208345022,-0.8119035502581882,-4.535390684278436,
4043808638011530496,270.0476095122096,-31.49498073852195,15.70437,1.443058,0.5486170410620546,1.8699117029755519,1.0937576010419292,5464.69
4043802178380554240,270.07752739746763,-31.660339051897463,15.704394,2.7499142,0.1465735620120744,-3.580646196664169,-4.557052302210776,4541.062
4043808195724165760,270.0199395380506,-31.537872613225986,15.704652,2.2828283,0.09112363557592301,-2.1620780905574395,-1.97831239109368,4688.0464
4043791458142224640,270.2385708200635,-31.62609389344599,15.705101,2.692278,0.14550091621705685,-1.6545312744778207,-2.3634790642819454,4633.496
4043789190399353088,270.1064688218844,-31.727174520541467,15.705126,2.6012154,0.06179059796905734,-2.4604642137536543,-4.5074451993411255,4586.88
4043807057459744128,269.8751308782175,-31.573651828945795,15.705367,1.1688509,0.7967483745886055,-2.7019014506630232,-7.112879878605132,5257.2793
4043803797626172416,270.10618303455385,-31.62470348414789,15.705621,,0.3087093895600977,-1.1231424271656372,-4.383489683435805,
4043898321301015552,270.1817442284273,-31.531282366316947,15.705645,2.4552956,-0.05564379875458758,2.1826183530265193,-7.1267587407108035,4375.008
4043785891870536320,270.1520451031366,-31.76259452402879,15.706465,2.3048973,0.005632408409625152,-6.088880316796316,-8.136154241390967,
4043795585698494336,269.9974115202568,-31.73741466396559,15.706648,2.1419907,0.20518786479140683,-5.649755450942522,-6.061760317531913,5033.8525
4043789980859202816,270.07341554246403,-31.70934760079262,15.708103,2.635376,0.1843379108252844,-3.8461585334959314,-7.930014370571747,4666.1904
4043792626380069120,270.17336218187074,-31.571915809044288,15.7082405,1.7987213,0.4563301119051164,-1.1883274073828523,-4.36911543333895,5044.766
4043806232826002688,269.88939561491617,-31.59953069430197,15.708344,2.8953238,0.09675088681347523,-5.393339101419068,-3.676762409737833,4864.4517
4043808608041063040,270.0481655113753,-31.50230586311153,15.7083645,2.426343,0.2784573222947654,-6.533673178392681,-5.346790535799231,
4043899347880648832,270.1480707757852,-31.49632734425961,15.708795,2.8108654,0.12434066988863934,-3.3106192738394804,-7.314344412326859,4712.666
4043788370150577920,270.0853467272725,-31.78934729815538,15.709041,2.5565643,-0.599054585957131,-2.5974076324041655,-9.036312114004485,
4043795581494169984,269.99070201909126,-31.742799166750824,15.7094145,1.304143,0.5374205965914065,1.6435453217943436,-1.2186493377675716,6657.1733
4043801873537135488,269.9981942723451,-31.692317955430596,15.709445,1.9164591,0.35795466888642313,-7.352795940879463,-0.9837505101942373,
4043783662811787136,269.9634489243928,-31.788171794508493,15.70989,2.6415205,0.061533886037952915,-0.7907785832418182,-2.130832638779288,4862.807
4043806237220307840,269.88572281533084,-31.589756471707705,15.7099495,2.6562262,0.06313608917721587,-5.348645903266957,-5.772542046075427,4945.987
4043809810632226048,270.00254720891627,-31.44890144668896,15.710313,2.788309,0.013939830834229075,-0.9047767511035191,-5.564190020767071,4784.4126
4043803449687186048,269.96696646129135,-31.61238525412331,15.710359,2.4165392,0.038246762277806406,-5.563956765770678,-5.5107133718200485,5091.5615
4043799777586227328,269.8271548164275,-31.664698836872837,15.711094,3.1849976,-0.08610807626758893,-2.8698882469358793,-7.607094230013457,
4043804514843413248,270.1136750670222,-31.564656990194216,15.712031,6.3874702,-0.02139675011779071,-3.6663795589952084,-6.766351816074523,3405.8882
4043791118876435584,270.22945012591015,-31.6603869028347,15.712249,1.3934774,0.3499689679654791,-0.6508102272508837,-2.667090429709998,6459.385
4043804514842881920,270.1194929145951,-31.559246212983265,15.7122965,2.4764671,0.08716835299804072,0.16672503421329743,-1.8633136087983078,4498.449
4043790294296360192,270.06677530385974,-31.687542481803995,15.712346,1.2778997,0.34407917030074053,0.22562113751984658,-1.1339292086726145,8904.104
4043898218221693568,270.173606336001,-31.55842314281502,15.712573,2.2079039,0.03708924945705158,1.8129569140567745,-2.1893543050422712,5001.434
4043995559344291200,269.8862957316473,-31.496784171924734,15.71265,3.3383045,0.007686946281569057,-3.30124146411851,-7.799610675999681,
4043792145336990080,270.1919231153023,-31.627127699516567,15.712747,2.1559277,0.1873436534090905,-2.096904419817154,-0.3686073580096526,4794.1963
4043791806123609088,270.1439786458068,-31.639832075178276,15.712861,2.5864925,0.1599481939543394,-2.0398412483694863,-6.339178764761597,4632.8857
4043886432826308480,270.2102934384655,-31.5654237902529,15.7133255,2.0141382,0.31580642550464944,0.14508482269870854,-0.527596722649702,7912.505
4043898660686526080,270.1881819688756,-31.498361774740605,15.713841,1.4832125,0.39470834147908607,-4.661855787009405,-9.139268463500109,16823.574
4043801834779411840,269.9681440322553,-31.682749561548246,15.714889,2.8542442,0.11995812438771662,-8.085098446329726,-2.282034228797668,
4043788507589553536,270.11284903411246,-31.76611662383192,15.714904,2.4183598,0.28686480767940453,-0.40169586484536945,-8.712315814099295,4671.276
4043802075301321088,270.0242589771442,-31.67336475862902,15.714954,2.5431442,0.029565112718891257,-4.183082978059927,-3.155628228092148,4624.7744
4043995112618932736,269.85373354012546,-31.53249283175553,15.715037,1.6060381,0.5260884443138847,1.244780051963909,-3.3576867804637915,5691.117
4043885844394831232,270.2819409589746,-31.579752898574984,15.715387,1.9580059,0.1592489576951758,-1.3753820367737022,-4.6546255766448414,
4043788851186868736,270.143566633192,-31.761537120790337,15.715771,2.1600027,0.1949927667800735,-0.2960044771588311,-2.782385682237322,4718.5244
4043806748232362880,269.9268478050986,-31.565389893973784,15.715824,3.079524,0.05375455609411672,2.9119348323028102,-2.7559099198026327,4801.5317
4043808436242542848,269.97703288640173,-31.514818510458994,15.716341,1.5270376,0.8365707860750082,-0.455072714847146,-1.8104761104645077,5322.5005
4043789808874671232,270.0526059971383,-31.713286305668706,15.717134,2.2206326,-0.00537245762276093,-4.634879538474921,-5.3340031187351435,5358.85
4043806748222108928,269.92060926092034,-31.56052545656108,15.717402,2.4465666,0.258987628796574,0.26014559517766034,-2.99958801485699,4486.889
4043791256367606784,270.24557028450045,-31.64052361396426,15.717672,3.1342955,0.036025461111778324,-3.6679955770625816,-3.314075661517966,3927.1982
4043803690209080448,270.0918607086125,-31.627848619134994,15.71848,2.5352774,0.2154210260627033,2.4113477123139404,-2.823616919328482,4763.316
4043788232710552576,270.2589592673279,-31.666684031001676,15.718513,2.3043776,0.18099171840221773,2.97913672263194,-4.219071920318424,4712.9014
4043802492008337536,270.03900128516915,-31.63337823536718,15.7187195,1.4389725,1.1856233698207368,-16.503020581118676,0.3933338804526014,4577.879
4043791599966252032,270.1424659782839,-31.68269943296251,15.718998,3.3469172,-0.021166618599833275,-3.476012152372145,-4.6566658179680065,3748.7883
4043804003786151296,270.04892297599434,-31.610961511111253,15.719102,2.9114609,-0.008932560797363112,-6.658009414185033,-3.0541919335203516,
4043790702401166336,270.1969365260116,-31.674945854803372,15.719295,2.1423817,0.33643999154299403,-1.2307747767610469,-2.55768746067645,4814.4917
4043796925727619584,269.91655813955845,-31.685213772174684,15.719484,2.6106844,,,,
4043801701683438976,270.0148986111845,-31.68555504441869,15.719974,2.3881235,0.11978284187006713,-2.451948670159369,-10.30040720585614,4734.4717
4043804617922102272,270.13250489003144,-31.554149142318643,15.720769,2.1770563,0.15701862337613767,0.9182294866713452,-2.5946303367847374,4737.5215
4043899936158086912,270.16184343417257,-31.456029649530503,15.720801,2.1128445,0.004586323342337859,0.09405639114210122,-3.373816643299888,4544.5835
4043898974136164864,270.2235846491387,-31.47822500528853,15.720895,1.2655392,1.3411622372678669,1.6853982049211507,-7.668315316261978,
4043807641575325184,269.92978171753055,-31.52613125828895,15.721081,2.9123964,0.19719919418852158,0.052313394122451846,-8.875827206882596,4738.8843
4043899863113357568,270.1753357633221,-31.458131755733262,15.72217,2.339467,0.015539206966303877,-0.24575241769206194,-6.2082710263197844,4518.554
4043803518410428672,270.00803850036795,-31.595319288754006,15.7221775,2.818266,0.24556135856613784,-4.652140675613919,-1.5639171928701252,4657.034
4043806164106517376,269.9067636009733,-31.609778825109004,15.722602,1.4665489,0.6892452177665525,4.123366329377564,3.92868958155616,6626.203
4043995554984009472,269.87396277584526,-31.50046417194398,15.723258,1.638484,0.7241424117650412,3.443757293641017,-2.0943402068389805,7177.1304
4043787648594969600,270.21114051805677,-31.723028725825817,15.723503,2.399497,0.0772089906119724,-2.1462261239125224,-4.607561932581811,4512.855
4043788473229829888,270.09720597724026,-31.773052953132957,15.724944,2.5347824,0.13635589367226808,-2.8883626645328246,-1.8817268914871539,4455.434
4043795894935305600,269.93889917806115,-31.7127731748129,15.724983,2.5998716,0.10754831503066681,-1.1992292562152123,-7.168993570359241,4742.541
4043804416152537088,270.1455443223306,-31.56150129401745,15.725826,2.2237835,0.13823995990185206,-4.707530562930442,-2.609161338814911,5798.354
4043808809810231040,270.0599619388639,-31.478714028302917,15.726424,1.3096542,0.4959957129941984,2.023711969628376,-0.6736413030062902,6578.4463
4043791084568897408,270.2133628262458,-31.6767688616545,15.726883,5.6759596,-0.12310451070388394,-3.784612174680622,-6.147849395915248,
4043802281459765248,270.0184051860286,-31.66376740441833,15.726958,2.29286,-1.4877891733257873,-3.1706417739818957,-6.694555080572738,
4043783731583351936,269.9931584814335,-31.77472173303404,15.727183,3.1134214,0.10271747589569048,-4.04118583041199,-7.207105849448036,
4043788473229793280,270.10045935124884,-31.77958834411467,15.728021,2.5644732,0.1947204182720599,-0.7799426047892136,-6.395904032434418,4659.883
4043791286343478144,270.1981213693397,-31.671626360808094,15.728021,1.6772423,0.48520062057967045,0.3232046397756024,1.8085196433445354,5683.811
4043804308860588416,270.12511200072896,-31.576887325244478,15.729734,2.268464,0.05679532314581398,2.459887041259374,-4.382111782042183,7489.907
4043790397375581312,270.08071850405037,-31.676470973073503,15.729813,1.4277363,0.4300809499609702,-0.9329406345998438,-0.8596882598114506,6534.215
4043806374608724224,269.91003145427806,-31.57428142579616,15.729902,2.7616053,0.1271851679445768,-1.0424062736016548,-9.069811779475359,4690.5796
4043791531246817920,270.22514636384994,-31.61611411479468,15.730022,2.3574514,0.4237171617107018,-0.826002789340254,-5.643588361621771,7456.0615
4043801594264935808,270.0188968467476,-31.707176696875546,15.730105,2.9149017,-0.07778247864988286,-1.7762427180405786,-6.162938744675038,
4043809634440173312,269.9450968095135,-31.464591402480465,15.730388,2.93021,-0.050538754284371705,-4.209319440085089,-8.381699694321037,4672.6353
4043886501545945216,270.19940973671,-31.55276086966171,15.730531,2.6297112,0.14666443258702067,-5.891413504612754,-5.6015116150717805,4950.048
4043787609851403264,270.23238407859554,-31.71896410218696,15.731374,2.4035234,0.1829781056165901,0.5451791712235703,-7.1204772541431485,4700.563
4043807916663381888,269.9062273866013,-31.511321274934744,15.731521,2.9690628,0.05039013862445957,-4.9256984002459525,-6.856062425993394,6001.6836
4043898252581499136,270.18317399607093,-31.53588001352364,15.731641,2.113823,0.131807875865588,-1.1837183256177888,-2.9476485861570305,7069.258
4043804106914942848,270.10158334568547,-31.581953080298273,15.731727,2.213377,0.5538466692302376,-4.924799747365773,-1.7547558170907922,4580.2397
4043886462875268864,270.18991556187785,-31.566998520174927,15.731944,2.2302675,0.9682633540186075,-7.750407443488528,-6.7941299679476845,
4043790878358360832,270.17825729198836,-31.67929376107069,15.732258,1.9258003,0.3698688435645355,2.8541481584547648,1.0568497766891833,
4043800258623012608,269.8798863249716,-31.623692469514143,15.734842,3.318575,0.08166363270671555,-5.171293219585007,-6.210353896448975,30017.799
4043899691314650752,270.10458056678976,-31.459279140510667,15.734845,2.57022,0.012135090108505553,-2.4077353869224227,-2.7331735817849543,4299.879
4043802698166832640,269.9766259152144,-31.652898799279573,15.734847,2.4639063,0.20743805020727238,-1.9410066769785126,-2.993758150337095,4860.5195
4043808779839790592,270.0735741197437,-31.47044674972355,15.735049,2.4078178,-0.16896220853679825,0.23387433660475224,-2.4400383351940778,4575.0776
4043803694597951232,270.104685070527,-31.627471891605605,15.735702,2.2429428,-0.4048385126457267,3.238806262588309,-2.7134738097136726,
4043898767977517696,270.2184653710246,-31.516068919595295,15.736382,2.8788261,0.1908838333146443,-3.788871916363489,-4.829871203643691,
4043789950698798720,270.10054020640575,-31.713501379927003,15.736536,2.5188198,0.4770330810137504,-2.675028278121935,-7.063507887329087,7418.507
4043899141724208256,270.1955392864619,-31.470651843879786,15.736752,2.0980444,0.07412607578081586,-1.1357265755897898,-1.1666645066235621,4745.635
4043791909204207360,270.098735902208,-31.658066351746566,15.736838,2.3768644,0.1494057934272433,1.3547737795154553,-2.342811253443639,4611.1685
4043806129746770688,269.8871691922334,-31.619026213939982,15.737148,2.6271877,0.056881743917806114,-3.739117434034104,3.2854098474339106,5164.099
4043810051099675904,269.96730621149834,-31.434402751609472,15.737214,3.572319,-0.4373564535943687,-7.040916647138324,-8.125223298609338,30008.375
4043898832431672192,270.2093183842324,-31.492331527586963,15.737367,2.6438313,0.1801022924510231,-2.9377044213758405,-5.263287785483348,
4043789293484617344,270.1254712873427,-31.720540728089272,15.737575,2.0295496,0.1858472445557014,-5.237294614615657,-4.148553551939347,
4043899897473115904,270.18722992458635,-31.454663600471605,15.737795,2.138771,0.12761462450447067,-1.6927228435873096,-5.58544068987559,4583.253
4043791080185049472,270.203902023449,-31.67110962773561,15.738153,2.7900267,0.1520895830221263,-4.292400843936498,-6.317303562869049,4968.5093
4043790947130034944,270.1632759542669,-31.673501192098033,15.738165,2.9661112,0.0496467293098255,-0.6214231389118661,-3.3220580148677,4271.2373
4043803454030627584,269.9670407815676,-31.605014982334882,15.738241,2.2350836,0.014986719635702098,0.2103236508283546,0.28750516070029125,
4043804033806503424,270.07553482722625,-31.59660713850328,15.738456,2.1134033,0.20221120814089832,-2.4834381664249436,-3.3562279796119867,4833.538
4043805476915587072,270.1103382971554,-31.519783534533918,15.739557,1.3648148,0.7164941759884677,-1.7854190513092372,0.48283648708243165,5261.567
4043786029488336640,270.18225647381155,-31.747394723171343,15.740143,2.2883978,0.08736486338216295,-1.4306361251148307,-12.242645144225122,4697.79
4043802453258500736,270.0504752207275,-31.627242205487708,15.741007,2.276307,0.05886175270673724,-4.308855331556201,-3.156985490257126,4923.515
4043808053892167936,269.9984780901538,-31.559359024393142,15.741524,1.3555775,0.5914013457909103,-1.0631724772372677,0.9660843143837837,7106.948
4043807847743936896,269.8734918811899,-31.519853403444877,15.741644,3.1045246,0.10537913318436364,-2.5977675822496877,0.3020128716622602,
4043997307330957824,269.94226161027285,-31.443162856582994,15.741744,2.42842,0.06356935370666728,-0.1111445866016654,-10.933440077734778,5069.032
4043903784501284864,270.0284865917252,-31.40976267594782,15.742291,2.8200912,0.17522034127480962,-3.3901817461063857,-4.840515824132018,4412.6753
4043899897638559616,270.1878283394337,-31.456250469131763,15.742305,1.4535227,0.3197207690956777,-0.33451070995230714,-6.450520508907936,5397.777
4043801426854175616,269.8275087271938,-31.5736920675473,15.742405,2.7344942,0.1686147268146651,-2.710487225784257,-1.336531820119901,
4043809840812056448,270.02059319752146,-31.43880517427084,15.742468,2.4132376,0.00930133987618248,-3.5275900896802375,-3.4651598217319384,4633.7964
4043997204251701504,269.926104070333,-31.450084093010666,15.742824,2.6172762,0.1542837932904108,-2.4148173116365883,-1.1511191395888263,
4043792214056476288,270.17238004210884,-31.619877333248343,15.743309,3.1156826,-0.030287628028150382,-6.647626679693734,-4.2079616322878435,
4043805996701920384,269.9368539416165,-31.62115680915153,15.743662,3.3234606,-0.17697923828805243,-2.6259755695735585,-7.74394327355581,
4043807542890450560,269.92577820310214,-31.538494495281633,15.743842,3.3652544,0.2310574707614962,-0.3730535664282002,-1.3515491679703555,6001.315
4043809187763564288,269.9664400268214,-31.492309124021713,15.744418,3.266694,-0.03543992080797007,-3.112013592773842,-5.7089299654524135,4524.0547
4043796582130197888,269.90093771069155,-31.710335527292546,15.745058,3.5357132,0.17406031591201784,0.0794833032329544,-5.986792258689139,
4043785896197559552,270.1535509241342,-31.763454232322456,15.745176,2.0060863,-0.29896220008390734,-8.054305674449589,-9.798665500579375,
4043802178552963712,270.078513232805,-31.648920708576362,15.745402,2.3001642,0.09694182422711085,0.2950912503341726,-2.5524389212182643,4636.1626
4043789057345419776,270.15424802032356,-31.72610600355562,15.745496,2.4524927,0.04273949977222747,-4.381687176190983,-3.184117549673015,5109.258
4043810119869958016,270.0079263585235,-31.420160304111963,15.745628,1.5750656,1.4904381944368814,3.125362944207511,-7.185793954172245,4418.784
4043796783897844992,269.89368844351213,-31.702637799819367,15.745917,1.5351925,0.6037763001099701,-0.8721615332482038,1.933179046942291,5613.34
4043790122445923072,270.1015028914363,-31.701306917947683,15.746182,2.2071323,-0.029888348820989244,-5.414055230899173,-9.179885297218798,
4043803144843459072,270.01137771624775,-31.621992609888935,15.746294,2.1614504,-0.13770850747604554,-7.875921913636996,-5.354418800132235,5116.7637
4043799433988638848,269.86495959834684,-31.692772017498836,15.746399,1.9404325,,,,
4043807229268624640,269.8391753421485,-31.5751614468682,15.746682,2.615737,0.09227216967622362,-7.194385498379056,-4.4994270258311655,5140.0127
4043807916453241216,269.90982942889684,-31.500053393742075,15.747628,1.2918901,0.7344089500124225,0.33998084570720954,-19.084775682610953,4841.237
4043805034628120192,270.02076494635344,-31.571929150737084,15.747684,2.6560917,0.019828819001960787,-1.0326710320980073,-0.8098281495953684,4596.1133
4043788816827099520,270.131719295772,-31.777509096520102,15.748027,2.1420584,0.19721653871566375,-4.061196076201086,-1.6972052058503566,7497.065
4043796783897832704,269.8957724510034,-31.710601406999466,15.748991,1.3422794,0.7503282621561473,-4.045193121174967,-6.205758121966849,6720.951
4043799880665310464,269.8610927215405,-31.67483556084745,15.749012,3.220108,0.13361076544448375,-6.016678789768186,-6.005921157365691,4918.5527
4043886187936560256,270.2088184010424,-31.59074489558888,15.749281,2.3810854,0.14194588286752172,-3.526544915071214,-6.3942216864753,4576.3813
4043803522800713728,270.00320991073545,-31.58995879115098,15.749615,2.76474,0.10098035707660824,-6.040593036695028,-3.053469302297593,4386.3105
4043789190399332480,270.1091618485354,-31.73724059341334,15.749934,1.2341537,0.6756140186452154,2.1434446741643067,0.7070494002981131,5914.773
4043807096213801344,269.8927366108209,-31.574462397769835,15.750073,2.8702316,0.11617959548490028,-1.8412542360511936,-0.9470210786049383,4580.139
4043886638984948096,270.2183878312358,-31.530183591339043,15.750133,2.523512,0.12076607112305561,1.515812242705666,-4.755149731788861,
4043791836105703552,270.1058392247053,-31.65927234836671,15.750614,2.460723,0.10338880676329744,-1.2271901393008893,-2.652422699077619,4523.593
4043795310819661440,269.92006317154795,-31.752961664005802,15.750621,2.197445,0.1394944278734962,-3.322382074517108,-2.4741675149957567,4700.581
4043803243532496128,270.0205989138462,-31.61576931279855,15.750813,2.4911451,0.10757676769563859,-6.905682369230221,-7.793777385375284,4602.259
4043808569288274048,269.9993692560001,-31.491787778525335,15.751092,3.0263252,-0.03239190456584734,-5.710680638637845,-5.74991947744415,
4043899691479033088,270.1116888932798,-31.456141625805,15.751301,1.4312325,0.6716771591577092,-1.9172340476204934,2.0305040936215106,6573.6123
4043995692423065600,269.9042712023271,-31.478987841657478,15.751319,2.0773706,0.3770227290699412,-1.9236285161990947,-0.9708242735601695,4600.9424
4043886638934800384,270.22590489414097,-31.527361013347623,15.751439,1.3336124,0.9877043518399884,1.4856407927635251,-7.210565219518499,
4043795757547057792,269.92988953822146,-31.735867665323017,15.751483,2.0946875,0.22033040095151024,-2.534849806424081,-4.341657973113716,5106.776
4043789224759082624,270.13709937637,-31.731567587667886,15.751578,2.436184,0.10373433894479278,-0.8770447100015931,-5.270202087575557,4474.1997
4043808981608925184,270.02360103844524,-31.469053717482975,15.751644,2.3989363,-0.17083281663539163,-4.139875600327478,-7.340515000263831,7876.8364
4043885367674020864,270.2340825572779,-31.599935004658587,15.752027,2.2979088,0.026922844466956742,1.5454244925786902,-2.236615239383373,4646.658
4043801972394236160,269.9980025049594,-31.662296829480375,15.752338,1.3832216,0.3722538742515443,-0.45796558919021857,-2.7638551640223703,7082.2163
4043788606465594624,270.05583484751395,-31.774497894929354,15.752451,2.4953527,-0.01723228529747114,-7.310280275105598,-1.473323751605768,4683.6064
4043902684989028224,270.071633289587,-31.454971534805807,15.753115,1.5667009,0.40950112800827154,0.7499782468994012,-3.6974857570625783,6454.284
4043795448258427776,269.9667786697664,-31.764825974416066,15.753361,1.319727,1.023159568332307,3.492231046709402,-10.066219154143994,4789.311
4043801731709808128,269.9807391712506,-31.703320711873413,15.75347,2.1188583,0.20133914598593133,1.200253255930767,-8.102262762637597,7487.3994
4043791526861708160,270.2198855472331,-31.621439442987658,15.753629,2.3983593,0.04927409718288339,-2.0744531550644747,-7.050293988268129,4739.407
4043885367623894272,270.22642947757305,-31.608832704532702,15.754935,2.2372723,0.24480538805399502,0.945330189768783,0.5243792219116413,5053.994
4043791703044304768,270.15867338464875,-31.6661098968489,15.75585,1.6518507,0.6141118074805306,1.7770063879218436,-0.7369098155531224,5317.667
4043995692662743552,269.9073968088966,-31.47619119842992,15.756658,1.7119474,0.3717104666239013,-0.1630057864163064,-1.5086416434180943,5236.132
4043900211087552768,270.1465083590803,-31.434032644122208,15.757775,2.3971863,0.20029756266622314,-2.056624352072217,-2.7241143079649968,4400.763
4043790771133605504,270.1644424604301,-31.692166982824364,15.757775,2.194045,0.1793936853222781,0.5602658628665413,-2.4713954212363682,8381.149
4043787614235223552,270.22767551315076,-31.71182945734846,15.757779,2.1711283,0.12786197359385182,-0.8177422107857432,-3.737107209563872,4732.143
4043803316642180096,270.0165871212323,-31.610081461745477,15.758259,3.444147,-0.03041783191524996,-2.6546595097823062,-5.571013021107217,
4043886535905482368,270.221332740624,-31.56151781094733,15.7584305,2.1494732,0.16676704002146236,-5.771795352879986,-5.135143316843627,4669.2837
4043808745480029440,270.0619972801211,-31.48619052103643,15.758737,2.3566847,0.2189648650459218,0.17935760844871637,-1.0331369264862833,11586.619
4043806615126782720,269.95902768551167,-31.563968546095467,15.758863,2.4042187,0.3135406071792892,5.116720531754394,-3.4367873995834497,
4043783727206916352,269.99766643480154,-31.773129821511144,15.758979,2.9621658,0.08997681351890799,-5.986876326764246,-5.927349981990693,3894.2627
4043795306454920448,269.93119442626363,-31.75871509977801,15.7595,2.314331,-0.004614001227296088,0.06995255757606116,-2.0666410147185776,4639.134
4043898351289639296,270.1952439771504,-31.535885133118498,15.759614,2.433197,0.12539555173068712,-3.96132139808102,-2.0833163285753127,4584.1562
4043809432675194112,269.9265113127864,-31.489421417558244,15.759877,2.7192602,-0.007949112721158565,-2.5319663518076965,-2.477193623987316,
4043885088424745600,270.2545545397677,-31.62340970503898,15.760108,2.2216797,0.11880422859552801,-0.4424420897640711,-3.1316039762708674,4590.873
4043783800250774400,269.99021225780547,-31.758832969306738,15.760209,2.3038502,0.17130413193608088,-2.096412425634227,-4.247736439619795,7419.399
4043886428515530368,270.21051409154194,-31.564307864295,15.760371,2.1048326,-0.017837399082154735,-1.5311562321204868,-4.80809790250681,4723.241
4043790289911058304,270.06335103915,-31.676436153762026,15.760699,2.7252903,0.06354953743205849,-1.9207118227004178,-3.5329100341292032,4773.305
4043785754425431936,270.1912268689787,-31.76871493627118,15.761018,2.094143,0.11185270367311677,-3.4509145545487696,-4.781218944402164,6087.2544
4043885298954339200,270.24639671974325,-31.620496494285145,15.761419,2.3450098,0.10645321658967581,-8.3478663547366,-1.7792990942943305,4840.296
4043801422462653440,269.82363762375525,-31.571153508025148,15.761439,3.0532265,0.145058642193726,-1.9502850486940384,-7.341888184609573,4643.705
4043804961519473664,270.0505025257173,-31.56566612919898,15.761818,2.3811064,0.13836213073121295,1.0386812961577576,-1.4582467367263383,4570.3833
4043800292982759936,269.85935164785235,-31.625888987544116,15.761965,3.816351,0.23327888079635584,-0.5933152112095977,-9.948834356077823,
4043802453258497664,270.0569442901522,-31.631334171259535,15.762125,1.4237881,0.551682103785783,-1.2968521106176751,-3.4810226302019975,5731.661
4043788610617171072,270.05703624126306,-31.77727379937554,15.763109,2.5914965,0.14550885554858964,-2.8610822366388926,-6.739043111331009,4339.4097
4043795860575428096,269.96689981729037,-31.7270097152204,15.763231,2.823988,0.04187975484394894,-2.9438104178991837,-5.54602933089047,4893.0884
4043791565606565632,270.1251440471696,-31.679747943751913,15.763274,1.2828493,0.27063807278449403,-1.13709575362439,-5.324750298361032,8819.876
4043788606283673984,270.05912658287684,-31.78722433794327,15.763679,2.7594557,0.14142442142847717,-4.106899450028703,-4.45493181041871,6111.0605
4043809363955648000,269.9701513802359,-31.471478387733864,15.764073,2.4786587,0.1867826720971098,0.3628058732577726,0.4671349548646987,4694.7866
4043801697344180096,270.0166618632956,-31.687837394652437,15.764932,2.13334,0.1939611247544715,1.0280666354611476,-1.1904864956548782,5136.453
4043800121183584256,269.852004684586,-31.652104041815353,15.765367,1.6727142,0.5826193282092075,-0.7025446053364407,-5.450899894597095,6556.3237
4043886432826388352,270.20213648461305,-31.561804124993582,15.765408,2.518095,0.19119609832742518,-0.4788721486036608,-6.208813289162564,6358.6997
4043807950812978688,269.922664305059,-31.502607626031402,15.765733,2.4337473,0.12539721968665718,-1.1650267438768918,-1.7242947474921266,4650.228
4043783697223660160,269.9772962145857,-31.775703576324023,15.7657795,1.6440887,0.6565629922016779,-8.028452947499808,-11.918094104467134,4848.0
4043885402033734784,270.237810177258,-31.60103916779443,15.765851,2.3399172,-0.1476661280912611,-2.0245557970483623,-3.5490189124622327,
4043795070301410432,269.9218611704907,-31.774863150331772,15.765857,2.6305695,0.06870712570792359,-0.7788277768291496,-5.594562733924006,4765.8843
4043808569288277248,269.99480058703153,-31.484387018886927,15.766565,2.8442993,0.08179390890051635,-4.751762766747561,-4.791852538843749,4584.5513
4043802492008361344,270.032031979185,-31.629866957185826,15.766608,2.3004618,0.20730125630609686,-0.3258154205980309,-2.6034225845982175,4663.691
4043809982430983680,269.9865446998856,-31.443942208285183,15.767213,1.5364904,0.21488387278631574,-0.9312072104437523,-4.058801479113457,15083.067
4043899622595021568,270.1257053663398,-31.480499436772295,15.767661,1.388917,0.5212539099816482,-0.519160139819032,0.40035834431680495,6433.098
4043792081001603968,270.12997166950635,-31.61828781921868,15.767701,1.4900551,0.5142522156412347,0.7630481989242212,-0.6656774144331269,
4043804244353781504,270.1415706092853,-31.588261240981993,15.769283,2.4169884,0.24420156791269026,-0.20200294056041976,-4.795261360362615,4468.4653
4043805476941467648,270.1176550894371,-31.525671707136087,15.770047,2.0635223,-0.34045607716729054,-2.1002456314333746,-9.829394649760294,5392.647
4043788297046004480,270.0998845359122,-31.797452282715554,15.770148,2.0992155,0.24661052136822353,-4.385276991148948,-7.539560514717927,5296.9365
4043802492008384640,270.0264744647084,-31.62586566382869,15.770701,2.6328392,0.0521533447311313,-2.6108976745518215,-4.984503180831952,4567.2983
4043791599965106176,270.1412101166784,-31.674123220511085,15.771388,2.6773767,0.08292086646843955,-2.3794407891713756,-6.706942252186077,4602.534
4043803346618344832,270.0276964651483,-31.59654471702833,15.771417,2.4974947,0.20096125689239003,-5.325468911432856,-4.382956699056826,4689.323
4043807469927577984,269.86529503989993,-31.5367273999942,15.77158,2.6505299,0.053905268880710254,-1.7409762164550537,-9.198830473771684,4132.298
4043786029303370240,270.1691317631976,-31.75304098599081,15.771948,1.3181686,0.16696409132845835,-0.5882926804057564,-1.6780273430994006,8415.082
4043804381741748096,270.1631282985291,-31.56809663673787,15.772595,3.2350054,0.022739330490754783,-3.4800593570538445,-4.752181258619805,
4043791973538281472,270.14032897977273,-31.641272361337244,15.77309,2.0762472,0.13530133716319084,-1.9795818858788756,-4.9287828464690175,5340.7207
4043790770947363072,270.1589373608618,-31.699360522583056,15.773151,2.333208,-0.0235854028370659,-1.3156086575302763,-5.044637473218407,7400.9624
4043803351001919744,270.02293887376715,-31.605083562198143,15.773342,2.2066002,0.28467407803875716,-3.7754886734282858,-4.848697446095507,
4043886600253693056,270.21078833181616,-31.549200100107583,15.773805,2.1049547,0.08448809889272613,-5.322980288289259,0.5153122085380359,4687.712
4043898699207118208,270.1694736283049,-31.49163362039864,15.773845,1.4272346,0.8602660203935761,-7.530964738330763,-16.36200829079445,10777.971
4043796474660194816,269.87555473816707,-31.706111248520777,15.774201,2.8316917,-0.03589666065297683,-1.881144175862423,-1.3545765617621863,4354.702
4043805034628103424,270.0263692374763,-31.572175653077892,15.774415,2.3983364,0.17197474920852485,1.0094834849435586,-3.6008798140059786,4544.648
4043902684937850240,270.073060177208,-31.446866207272187,15.775003,2.2232533,0.12517338162262096,-0.5491560042837595,-5.758041625653185,5072.125
4043809707552952448,270.00741229468605,-31.462368647471816,15.7762165,1.1986256,1.082593534426348,0.5873909553615434,0.807466437114307,5014.4077
4043899966192693504,270.17864885949047,-31.44116412642963,15.776659,2.923314,0.20527520178172604,-1.0370550673588987,-8.80167778691942,4739.199
4043789985058558464,270.08099127367274,-31.720784112723482,15.777251,1.9913073,0.20548591706081465,-1.1103524358572043,-5.6138050542626114,4907.955
4043792557653905280,270.1870211406631,-31.58203417712113,15.777326,2.2457876,-0.030395914693799327,-3.1975550224580194,-5.573033451781492,6877.1206
4043796444691321728,269.8602272040487,-31.72175113803178,15.777947,3.6029167,0.09223228349124046,-1.4472791513931142,-3.996398063596885,
4043791423782465664,270.2146740909217,-31.644183515384505,15.778022,2.3976297,0.0917290816782027,-4.698969961812696,-3.5073813022114635,5189.7085
4043995524984560256,269.8685791295216,-31.50555376690925,15.778094,1.2095461,0.8728971606993439,3.695772219849295,2.3764569164711555,5671.25
4043795929295905024,269.95954514892907,-31.702808923078248,15.778153,1.51756,0.6865142066547603,-5.056708911947868,-3.529905407539479,4992.05
4043792012282047616,270.1477283860266,-31.633015549846792,15.778218,2.8283453,0.14512735050892095,-1.512779819701356,-5.313908972657664,4954.7676
4043995658063318144,269.8893749213104,-31.480954376612605,15.778822,3.0058231,0.09250065386777538,-5.192314586350428,-5.352276156214128,6005.187
4043790088137762560,270.1176710944927,-31.699032722966745,15.778895,2.621378,0.11108975021152806,-3.033487742088938,0.8101945619450623,4868.737
4043802487618236800,270.04093473046197,-31.627938493628104,15.779761,2.8904066,0.09902603463089046,-2.833556546261767,-2.2678686511976753,4613.708
4043788679388304640,270.0919694175494,-31.76550344431235,15.7806,2.7743626,0.07965600793661981,-6.027045161336654,-3.9982245239310505,4635.435
4043898424380221184,270.1957272942926,-31.520431814261364,15.780996,2.0486813,0.138453170539347,-1.6665541208431314,-1.8199003227471202,
4043898218221743104,270.1674279187829,-31.55219109815896,15.781105,2.1136112,-0.363544796475174,-7.539166809861091,-1.2995076487371184,5809.1104
4043801319383422336,269.8234775262032,-31.5905375069953,15.781505,1.8558407,0.6690631660817529,0.21116308173819054,-2.8826025872723138,5419.5356
4043789568356441728,270.0586816994289,-31.742894606554028,15.781698,2.048294,0.1648939890540936,-1.4789189021804061,-6.325321673631364,5125.085
4043803896367556352,270.1101684014903,-31.59077689241363,15.7820425,2.591855,-0.02817024770746071,-5.738204714326776,-3.337095437977915,4752.9824
4043886432776232832,270.20539045923215,-31.564713735952317,15.783548,2.1002817,0.13552122583430193,-6.383728153004839,-4.227074539190531,4942.7324
4043804072555205120,270.0817888519195,-31.599049272471046,15.783945,2.769081,0.051886686495919,-0.5687152497409141,-1.5382210358862602,
4043804072555212672,270.0906057172437,-31.588161750653544,15.785006,2.179823,0.1536222989220069,-1.1301937726760396,-2.05338855975525,4811.6064
4043789022985692288,270.13605174961197,-31.73540491068143,15.786271,2.1507664,0.05194783030079346,-3.930356032885198,-4.396698287039943,6097.897
4043802045331593856,270.05927387842456,-31.666302223360123,15.78661,2.677578,0.05467669064196879,-2.345416893226892,-4.872051043139599,4612.6597
4043792592013635968,270.1684603661048,-31.588793941331993,15.786781,2.7675543,0.1451689763642035,-2.3909892629885983,-9.916502400609241,4668.7144
4043899347717065216,270.1427750265119,-31.487114826773613,15.787,1.7676,0.42237933240208997,-0.6909621380259603,-2.693684462219272,5098.714
4043799429597707392,269.8537465742175,-31.69535774342522,15.787354,1.399189,0.7533313364181081,1.5323877014935887,-5.321151751535478,6911.669
4043788949881123584,270.15325507005525,-31.757407256560597,15.787633,2.3015652,0.11463789671457492,-1.2320047310995605,-2.5940846243363436,4488.3403
4043802178380567936,270.0702239368561,-31.64852200004683,15.788333,2.2635765,0.2084944106998791,-0.9393559148867303,-2.7447276458650944,4436.884
4043806890055352320,269.95386584027534,-31.53938882802375,15.788334,3.4509163,0.09200226796457053,-1.8738178596703845,-3.6775959279500796,
4043795826215726208,269.9498288295323,-31.730741118275862,15.7886,2.1373796,0.09032647492586635,-6.031476991668089,-11.181161207238382,5178.5977
4043804347382015744,270.15157352010857,-31.577520944031683,15.788633,2.5696259,0.1643701814497847,-0.8936546798082072,-3.8765619961711666,4598.627
4043796547718917248,269.92764326666827,-31.71414664441598,15.789152,2.201129,0.03881684248204505,-4.4450108316952095,-6.791848033611902,5196.839
4043791148904536448,270.23606697197215,-31.662781396949068,15.789828,2.3431892,0.00428127053015552,-1.7557121058586185,-4.65441923353639,4789.293
4043804411763668352,270.1427502831732,-31.558708030358886,15.789921,2.5394573,0.03546825899599153,-6.74897566552463,-4.651514604655801,
4043787545516809728,270.19099616099817,-31.731232307645065,15.7900715,1.9815722,-0.09296650904906642,-0.9184921292354329,-2.12635163857441,4985.745
4043882103498350720,270.27911778821556,-31.640919816130157,15.790528,1.5434904,0.4618974376657254,-1.9261572077828681,-3.6469403781496776,5236.8735
4043795620057254400,269.95945142912586,-31.73505509442895,15.790717,2.290701,0.12847104987861693,-3.8268948852335414,1.904676615673976,4830.352
4043790255576978304,270.0514317721984,-31.69228863529268,15.791703,2.4124594,0.16368161497449288,-0.3126212766554783,-4.632550542554915,
4043789533996718848,270.0792012612171,-31.735417224671107,15.792176,2.5757093,0.04639538832599012,-3.3068074361097906,-6.1037248988949475,4581.0996
4043886123588370176,270.220495126701,-31.59669933792444,15.792231,1.4450445,0.3400555051994854,0.6511900654151664,-2.710213474897438,6005.7246
4043790805307113344,270.13673823056723,-31.691299270692745,15.792629,3.1765327,0.07973755871528326,-6.770000822154203,-7.452256533782778,
4043803969475954432,270.0783636246228,-31.61353723275827,15.792748,2.480322,0.1379815991983351,-4.047746152434348,-4.4823542210149245,4722.971
4043809707552953600,269.9984414255292,-31.469866083161104,15.792914,2.9810638,0.12178424794273263,-1.3273144608302532,-5.069957158125777,4594.3145
4043809638782821376,269.94283509639706,-31.45391065353864,15.793104,3.1129942,0.03982113843269722,-3.2294924217145047,-7.427544569086129,5003.274
4043788610668828544,270.06304506997594,-31.784311112903406,15.793733,2.4732037,0.12484626775941264,-2.9357349225051665,-2.260179061263762,4663.397
4043804519231791616,270.1285057730492,-31.56231630145559,15.79414,2.359498,0.39381739564073215,-6.790348172300259,-3.015758640510138,4836.264
4043804484821128576,270.1106527085392,-31.571755624352644,15.794255,2.636815,0.0977425328723737,-5.796760443614529,-5.119102078953689,4590.7344
4043802835605843840,269.9298204998536,-31.666745546694244,15.795483,3.8464346,0.11002569024660949,-2.7614439106607422,-6.052554678771193,
4043898664898633344,270.18662876035313,-31.495506058087663,15.795486,2.8438616,0.054333075641063745,0.834032943597479,-5.6649174362005175,4656.0728
4043789572741657344,270.05715573926216,-31.746898319535084,15.795739,2.090829,0.2314071340691727,-3.160600596620467,-4.50356416906588,4747.12
4043796994447195904,269.89286863609976,-31.674077176645287,15.795811,2.7068462,0.13094929794760493,-4.565806611983266,-5.019983970784336,4691.0815
4043803831985916928,270.11997973990196,-31.61170721520332,15.796223,2.5940428,0.09654299138384839,-1.7762857669288614,-7.434271655640611,4708.1274
4043795688725287168,269.9272880518088,-31.74693080895649,15.79684,1.3846865,0.6314447204962983,-2.9198795457206552,-9.99390527318425,
4043899352042213376,270.14483695623716,-31.505929770229617,15.796871,1.5922308,0.43988677157713363,1.2599759606663055,-3.5125685110135665,5320.432
4043803522750048000,270.00411364450065,-31.5923333068123,15.797131,1.549098,0.43029011322167116,-3.973672961406428,-2.4173344124608698,
4043789332223444608,270.1324206396802,-31.709153062681047,15.797184,2.407279,0.2023548923393708,-3.8601498285471045,0.5942301855382187,
4043804416152513792,270.1420317415241,-31.573074819054565,15.79742,2.2187843,0.21772035549065674,-2.4252365390992696,-3.7433318639578923,5047.4727
4043885230234848384,270.27218780889103,-31.600366283798103,15.797865,2.4547033,0.9789511189212325,-7.27763272377304,-6.161276236960518,
4043806683846294784,269.93300904371796,-31.575107886602098,15.798214,2.8235617,0.025987287018054934,-0.24973849074179458,-3.6371481301686823,4628.681
4043807675935063168,269.9436430769412,-31.52657076545323,15.798588,2.5202713,0.12405332317106421,-5.77693493357982,-5.452355871372389,4914.504
4043804274331349376,270.1223525713083,-31.585939936919477,15.798755,3.031149,0.15361602549199255,-3.2425304613991646,-6.317014101118954,3918.5625
4043801559901473408,269.9983500721441,-31.706439925223638,15.799408,2.8923435,0.0676880514633187,-5.436565070285346,-2.3704549886231843,
4043792317135711744,270.1853696899903,-31.604315164332647,15.799589,1.4726267,0.773148663105987,-1.631390535552138,-1.6490841867740225,6010.1772
4043806065421481216,269.92063170295177,-31.606801267804773,15.799655,2.6087637,-0.009059231449851931,-4.9558796024722485,-8.39500965708502,4629.896
4043801834789481728,269.9803754028929,-31.680099346497997,15.80032,2.3835936,0.1655836002625508,-8.39335301497095,-5.773922005458437,5051.8
4043795753292680064,269.91853486696704,-31.744979509234398,15.800439,2.3043623,0.14066372456415357,-6.144115499967542,-2.077079982112484,
4043809703170099456,270.0016727003595,-31.45618277595348,15.800748,2.295394,0.29887861847530073,-2.3374286885180866,-1.2478705247839401,4746.792
4043803277892254208,270.0312661712146,-31.601083024074086,15.80168,2.3492594,0.10563103098669846,2.2740624900552713,-9.201393788089057,
4043899966357826304,270.17942048200945,-31.441274079317555,15.803488,2.3262548,0.060838487039055804,1.4631178176441773,-5.5277930575452885,4573.029
4043789259305173120,270.1494579216338,-31.715384160164618,15.803557,1.996665,0.2538401572881106,2.29622229224513,-3.2141417547333266,
4043795723136486656,269.94867986277484,-31.739124888060623,15.80373,2.6688747,0.05300866768598659,-5.4705676543213455,-3.9277270275376206,4612.8467
4043805549973266048,270.1096291196529,-31.506530931867886,15.804093,1.6316433,0.32585174587686466,0.7620174353265341,1.8035137636221585,
4043791423782469248,270.22904349391314,-31.640730482226935,15.804936,2.7989845,-0.017052618669351864,-0.0027755471083763293,-3.258766246791959,4834.1484
4043803831985932288,270.12245969975277,-31.60456912101914,15.805466,2.2873697,0.0547450890872614,-1.4560268132308194,-3.821657153007526,4987.048
4043792282782383488,270.21270415062736,-31.600113222007142,15.805633,2.386507,,,,
4043796479051096704,269.8656407133609,-31.704928964042686,15.805676,2.3724813,0.04918336018570308,1.4934153440731013,-1.1121500363208692,
4043898527459716224,270.16308183169457,-31.51127079076941,15.806467,2.2502851,0.17011442883855338,0.4020754076758199,-2.969941422262844,4494.1787
4043886565951528832,270.2375201787198,-31.544178944023322,15.807695,2.926258,0.009311366854507336,-5.660098961307091,-5.56895522142934,
4043791526861712768,270.22063813040194,-31.616776611992673,15.808316,2.4424124,0.04030206417087428,-2.424954768573424,-2.794827317376376,4866.0435
4043807474171109120,269.8753211563141,-31.53332465787859,15.808831,3.7035332,0.04880322426552855,-3.6680226560110074,-5.145970201956008,
4043900138156067712,270.15798210086035,-31.441603682658975,15.808887,1.8735743,0.1233709516976053,-2.24445485526805,-3.0402923867017706,7983.083
4043902989854860288,270.0597726406365,-31.421924136872814,15.80959,2.4871435,0.033427286168522,0.8730771950239409,-7.356375492185859,4596.232
4043791599914681344,270.1361287376743,-31.67663247303031,15.809905,2.273488,0.03778397493814832,-11.019208261136415,-6.41509515350489,7984.499
4043801353753361152,269.8344496752444,-31.59298505632383,15.810547,3.9946814,0.16260789956921545,-2.08441289284292,-8.81483849955525,
4043805064774297216,270.03286839333657,-31.573902176141466,15.810833,2.254322,0.45945390832858035,1.0423160620634884,-6.556268245581422,7087.942
4043898836645767168,270.20184982327135,-31.500248896745063,15.81093,2.4516478,-0.05374906132461144,0.37363569824368364,0.13939942898532393,
4043799846305509248,269.88186733838864,-31.67544950550709,15.810952,1.4220715,0.48839409358145114,1.8065068426321382,-0.8056978225622194,6681.411
4043803179203204224,269.9941817538757,-31.631577642546063,15.811551,2.6336012,0.13141949736560113,-1.7418621712516678,-8.272218469543347,4825.457
4043803900756442368,270.10869250803466,-31.600111783310815,15.811566,2.3267689,0.20448676837693805,-4.731717607899841,-5.858164657847378,4602.259
4043899352093616640,270.14648875337485,-31.50202786557885,15.811689,2.64396,0.1481410508963298,-3.05518844257496,-6.13271357942966,4516.781
4043995658063294464,269.89638863587714,-31.48460053843538,15.812181,2.3964348,0.07803858971069912,-4.4890380284249725,-5.2360861287331435,
4043808848559345408,270.0613651706085,-31.45910096095418,15.81242,2.0957794,0.3152941701624362,-1.437060994331663,-1.7213296407944336,4962.0957
4043802491957663872,270.0324699994655,-31.62181114694963,15.812478,2.513894,0.028536827879870354,-3.9917033583038726,-5.119646570670557,6520.5586
4043899107198952448,270.1867391014404,-31.47955394910632,15.812642,2.6662617,0.2985710228506459,-3.204511434413999,-6.825645647298234,4713.947
4043902646252226816,270.09665649441206,-31.448569757657797,15.812964,2.3580408,0.2296347934686675,-0.09792124949538267,-0.978914176249112,4575.525
4043804519231799040,270.12249894331467,-31.565618986482544,15.813016,2.5149517,0.12840781744059335,-0.6094791957380049,-2.844921601919101,4670.055
4043898699258508160,270.16783148028617,-31.493984380044495,15.813263,2.186161,0.3164190204465495,-2.7965217271245155,-4.129367072243866,4657.2515
4043799395247946880,269.84565660128203,-31.698326001734063,15.813442,5.0905695,0.10817623875521445,-4.793490496508983,-7.173399665156425,
4043802040941573120,270.0575410158241,-31.680664166532104,15.8136215,2.5706882,0.0731832072017829,-9.44606815904266,-7.720155027532715,4636.7583
4043885054065029632,270.27641971643965,-31.619752682784995,15.813827,2.5307035,-0.01052749980018858,-0.7444494656608857,-4.104499060079156,
4043806374659277568,269.90442321276515,-31.57164482122191,15.814641,2.4064884,0.23423012238839763,2.7220913339456243,-4.461879289118664,
4043801869139153024,269.99824478140465,-31.68039703158604,15.815108,2.8681116,0.04307595729706133,0.1886187700892307,-7.420155771272809,4625.384
4043805275146370688,270.0398745280853,-31.53000061354697,15.815178,3.1210117,0.18276102985674156,-6.841697951357526,-3.0067301534719517,3934.8723
4043997208610481536,269.92186719288,-31.461173560945245,15.815435,2.8757792,0.07772418106796455,-0.46833464158590504,-7.948643999973987,4927.7036
4043808745480033408,270.0633784520525,-31.48279599903724,15.815613,2.2243204,0.15312961815778425,-1.6708078744411636,-5.257838416856629,4491.833
4043790706611772544,270.1982393601718,-31.691296033650005,15.81576,2.68114,0.1439351655962223,-3.882276011045961,-7.468778024810156,4802.755
4043886398466651776,270.1947591862181,-31.568039528106954,15.816049,1.3365374,0.4355518159517201,-0.5505604405428918,-4.191987073839776,6634.091
4043789022985640576,270.1422216087546,-31.74424143816877,15.817334,1.9801579,0.3532724879327086,3.576117226838538,-4.308061578042927,5429.8184
4043788194138268928,270.25739191997405,-31.66819532603526,15.817352,2.2553577,0.17750173558062673,-1.1554697251221067,-5.9573700226063355,4801.358
4043805412585206656,270.0904875358469,-31.52250009150359,15.817412,1.3457518,0.5905953374650678,3.3701967163735755,-1.7684596826964296,6328.8887
4043790431735325056,270.09432895869793,-31.665151563910182,15.817673,2.1143255,0.2704034009538379,-1.096552327922906,-1.4167367780541702,4854.245
4043809806274972544,269.99817196307697,-31.442877796809995,15.818364,2.4676094,-0.06920988037885534,-2.5468116026781384,-6.4398647451287285,
4043789160373088384,270.0992415482265,-31.73066136868975,15.818496,2.5643015,-0.17527235416703418,2.2817214157968886,-4.502047780973619,4642.2266
4043806370301057024,269.90669688566584,-31.571679430614605,15.818922,3.2441158,0.14789494751180732,1.7593652439200191,-0.8943374738562014,4773.5986
4043809668799917568,269.96292389178274,-31.440979054081943,15.8189535,2.5159721,0.14086209116763013,-0.07244624362763971,-6.796754998553603,5079.964
4043796749538134656,269.9281950928779,-31.68165992655105,15.818995,2.2171383,0.25974889503947407,1.053711273531834,-2.3959732638870985,4812.7686
4043808157152556160,270.0006922312945,-31.540021991949057,15.819708,2.5949554,0.07433785165740742,-0.6864364984303672,-2.681111062575745,4801.023
4043808917278841088,270.031646966136,-31.4796176099806,15.819847,2.3996458,0.23791339565184885,-5.068495646306098,-3.0143190539501328,4688.134
4043783456705242752,270.03051642588923,-31.792138827582477,15.820146,2.096838,-0.19538969972041098,-0.5774157279372131,-2.898755494492875,4809.5806
4043790225576838656,270.0805051877982,-31.69086892850355,15.820181,1.4622507,0.580214468808865,-0.15229339463271388,-2.507812355736886,5401.8174
4043789710129205888,270.0154965023979,-31.734619112217842,15.820495,2.552329,-0.39173554678241895,-2.135847076008055,-7.892386604478145,4610.123
4043804755536884480,270.0491776728979,-31.594552900346354,15.820612,1.3179979,0.18303806844949624,-1.3236545298011761,-4.492800140369956,7893.762
4043995555014273664,269.88038819084977,-31.497449036525303,15.820875,2.482441,0.25972441875371666,0.7323535976338732,-4.269618915967288,5254.1924
4043806610783159296,269.9679290460368,-31.555043834374043,15.8211565,1.7452402,0.5542427543021251,2.013456124483166,0.06897964610644405,5004.0513
4043805687463241600,270.0649633185435,-31.50533246586919,15.821921,2.731924,-0.03369766765303813,-0.5604451412575213,-1.8314283086847563,4844.975
4043801839122480512,269.9852897571135,-31.687162790229074,15.822592,1.4258013,0.16619738176014878,0.5881819713260419,-0.7519453301249202,
4043803827648064256,270.1268331622157,-31.60472106387105,15.823436,2.1033201,0.06811853720094038,-6.02122048097616,-7.416728246801865,5861.7275
4043789091653466496,270.1052483646489,-31.75487610007113,15.823671,3.1134844,0.08055621060438306,-2.7720273441150765,-4.895824294199643,
4043809634440173696,269.94420301956325,-31.462951035288167,15.824561,2.6252737,0.24746151839199582,-7.419918389013573,-8.127985394673878,4871.4023
4043788370150546176,270.09090584496016,-31.793871311800892,15.825304,2.9767532,-0.01807484115036965,-3.9835658423468834,-9.639082105808441,
4043807882303614336,269.89039101146744,-31.516206012536973,15.825319,2.629757,0.3409325424648702,-5.216580311319285,-2.7184578506833192,4605.7944
4043803655875198976,270.0918373172417,-31.639891009189657,15.825664,2.6814585,-0.03825712190260134,-4.237836789506383,-2.9503142215530125,4596.8447
4043790633508427776,270.21004966266247,-31.687147710597788,15.82638,1.5399561,0.3970992434133718,0.762913606694531,-0.8573395477488917,5383.8735
4043802114051129856,270.04029444335663,-31.65851049791186,15.826667,1.6939907,0.3913847219562247,0.9315140485068972,1.4159131585917928,5018.742
4043789671435667328,270.0298364810627,-31.737226276779335,15.827336,2.3056602,0.08193876452244372,-3.981555335383148,-3.3636115841041554,4613.809
4043899485156071040,270.16628452232106,-31.48013473390184,15.827626,2.0412474,1.0535696727068984,-2.52436948861722,0.1871619016874143,7105.5435
4043790775332416512,270.1639335261811,-31.69888290595917,15.828163,1.4112406,0.5134693654815403,-1.1706753504360317,-3.3656017471733715,5358.0503
4043803591520240896,269.98995452809794,-31.584698875249224,15.828471,2.7016382,0.13332149768885992,-5.308945659420745,-4.556370095749432,4644.368
4043804239964945280,270.1401849995209,-31.586600627684938,15.828766,2.120244,0.1485699338419569,-6.975075373494571,-4.015762266468241,5080.109
4043902959867188352,270.05787533419453,-31.43385844358919,15.829132,2.7926016,-0.06089634782004529,-3.7555311530689095,-4.519481466203696,
4043796616489918336,269.9166745953297,-31.70174597702742,15.829175,2.5165224,0.14861751356731412,-2.793368700549056,-5.826101840583367,4619.144
4043898871005408384,270.2267283799104,-31.489074573439712,15.829805,1.7585211,0.14483093351694643,-1.428511414548051,-5.61366957605086,
4043802453264828800,270.0587860706309,-31.62910558559105,15.829908,2.8591156,0.10636874864540792,-4.533236598028945,-8.004674696981276,4867.4487
4043789675820981248,270.03348883046027,-31.733148424638394,15.830357,2.6166506,0.14768927251593789,-1.9479340617484597,-2.263878512246537,4530.77
4043790530613745280,270.1637265314177,-31.722300835597732,15.831201,1.1698914,1.0338085385299607,3.083110021122743,-2.8028894706111487,5228.3105
4043886501546001664,270.1973132405647,-31.5468967073924,15.831857,1.7533312,-0.23572824680193755,-0.927269023530618,-7.165521890108776,
4043795787465399808,269.9352917815735,-31.728937896372244,15.831946,2.8996181,0.11552911854639067,-3.9227001937040016,-10.207106478757787,
4043804892799992192,270.0669541830841,-31.569608220414498,15.832018,1.3404961,0.6439058603104125,-2.55118866316337,-5.944870140154934,6446.897
4043808264443694464,270.0117943548187,-31.529192349789415,15.832091,2.5546675,0.06255774639211152,-4.147051207425697,-3.4615790849139016,4712.345
4043809913712546816,270.0148619537203,-31.437897551545685,15.83289,2.1964655,0.14432005017715974,-1.8552134540240073,-2.91330899825128,4664.009
4043792562037902848,270.1807417223524,-31.588108943136906,15.833384,2.099989,0.06488356845049059,2.5183763421121577,-3.178675893448008,4791.015
4043789877600110976,270.03969835230697,-31.70046628596083,15.833828,2.5802832,0.1332038739972321,-2.671746068372422,-9.057250917452096,4523.4463
4043787236279026432,270.2073550110739,-31.753094096401448,15.83398,,,,,
4043802766890833152,269.9648154314728,-31.65446342724145,15.834181,2.8827972,0.2037385542528283,3.247735386317555,-5.052567275276077,
4043899558200863872,270.1605338496707,-31.467357159558507,15.83433,1.3661356,0.724515931710155,1.8591859239328408,-4.964364039178039,4993.0254
4043788537564165248,270.0658605363681,-31.800188370512107,15.834399,3.3984833,0.1626098610548635,-5.5435162469642965,-4.123015069783865,
4043788645028625920,270.05951957254405,-31.77105512793581,15.83441,2.534031,-0.047574750320167745,-4.6708710030156295,-6.072368234004204,4743.7754
4043790088137769472,270.1156309079341,-31.69878997438908,15.834734,2.8612967,0.0834311644034127,-4.735989748508446,-5.614790260773131,6027.23
4043801559905204864,270.0019826447871,-31.70228766135333,15.835264,2.4366693,0.11512817457020907,-6.17561512535738,-6.673369019505255,4855.8257
4043800151302117760,269.8386276632742,-31.657581827224167,15.83554,1.2597904,0.7906126958967551,0.7685880011865254,1.4255038909085802,5300.0664
4043789052960391168,270.1515468628544,-31.732374403554637,15.835547,2.0662603,0.09539211505813378,-1.7151383972839698,-6.222801916438982,4555.6265
4043795718932866432,269.9398071992002,-31.741728720196996,15.835839,2.5583353,0.022623878744188627,-5.651736134566859,-5.569247182616047,4554.919
4043885436393352448,270.2694666708277,-31.590885467909782,15.836077,2.6092596,0.07279621861332466,-0.2798647590709406,-3.471137312425548,4625.724
4043791290727385600,270.1990055989263,-31.661113144196975,15.83615,2.439002,0.14393929025976743,-0.8634341658610338,-4.985471361868934,4646.9795
4043810051150572672,269.964222759308,-31.430229888345462,15.836349,2.6999674,0.11405667204593489,-0.9213022694240808,-5.3897814646307385,4625.455
4043789916339027328,270.0912633641112,-31.727871182137864,15.836454,2.5328093,0.1165165661687728,-2.566694478037487,-8.43195974532196,4815.2715
4043885092795884928,270.24734386229017,-31.623392922702603,15.836608,2.9282942,0.0067562253925209145,-1.2030360452512343,-7.871436501186276,4003.2698
4043807366707598976,269.8719993743759,-31.545475370635263,15.836665,2.8872557,0.21324573914992784,-3.328537049108785,-8.95698719498409,4973.326
4043783697223664384,269.9795793025976,-31.772263205813825,15.837273,1.4543257,0.6169217503739043,0.798451341922895,-7.332116289995098,6005.6157
4043886222296436736,270.2140643959018,-31.56920670201425,15.8382435,2.5921087,0.1204811300911546,-4.275277330875783,-5.68354056552233,4644.3296
4043783731583351040,270.0003798997717,-31.768642686339422,15.83916,2.3595085,0.011666517499187113,-2.8501735417285627,-5.72732989227279,4603.0645
4043795104609600384,269.9344011790146,-31.764960422073102,15.839522,2.4100742,0.07332457186498638,-3.0654616307115488,-6.477229356497597,4605.8276
4043802144020808448,270.06699046918993,-31.66622621792772,15.840167,2.3799648,0.05052059601075069,-3.02609755697751,-5.85030713095761,7611.4116
4043885264594556160,270.28189955341395,-31.596189743575277,15.840883,2.1509867,0.49562888905419533,1.6268506775964753,-7.243879250032296,4831.06
4043807096213781120,269.89715623406556,-31.57731711598003,15.841453,3.1226044,0.06428113722517742,1.171551567854826,-6.256399725780942,4581.6377
4043808053895932032,270.00133040036275,-31.560285857454176,15.8416395,2.1831818,-0.046657758983321675,0.49926944531779793,-5.62581389065783,5129.3745
4043809466984010368,269.9535209294717,-31.476641689938152,15.841792,3.0742998,0.15589257820276914,-3.6599596811379396,-6.010395445521223,
4043788468844731776,270.0946870195197,-31.78253230589117,15.841852,2.01118,0.32974002922091045,-2.0129689467703713,-1.4602129398365116,
4043903028535417728,270.082180858245,-31.41578240374737,15.841951,2.5609999,0.15200797777591923,-3.671526822739748,-6.5384776532172175,
4043885298954362112,270.24090925549837,-31.62202387328117,15.842176,2.504304,0.07318111597183902,-4.1394472716300115,-4.10353677765914,4728.2583
4043808779777634176,270.08022423682314,-31.468361248133075,15.842799,2.5956163,0.012738989428014713,-3.097356309307333,-3.4361500415831325,
4043804003835745408,270.0612688955389,-31.609826870852256,15.843072,3.0418863,-0.034181530794804474,-1.3352828060766866,-7.348753367603597,
4043807538676850560,269.9181764081362,-31.546481673624474,15.843219,1.5043335,0.4447109123671719,1.3384885761624232,-2.611101763358768,7161.7334
4043898454363749248,270.1978049163028,-31.504902042769036,15.843677,2.256792,-0.09358170431590715,-3.482499386788329,-5.8349782309631575,
4043900137991375104,270.1459451454842,-31.44198534759995,15.843741,2.629632,0.1556233800087028,2.579420274409012,-7.101511988141152,4646.2246
4043803312425790976,270.01692418243476,-31.610803927513064,15.844394,3.2689142,0.12295752867000433,-0.6310362230086043,-4.685563238227789,
4043785483880651136,270.12543774368527,-31.789785439052675,15.84449,2.4675941,0.07003240420958291,-1.3826855138128815,-9.245541256063493,
4043801804813499904,269.9733246431756,-31.697538820824413,15.84457,2.2123823,0.16874845963804452,-2.215903526780874,-4.059433128789022,4639.666
4043802698116086656,269.9699896583006,-31.664096932665462,15.844592,1.3907137,0.27630828442407723,0.4627456567871064,-1.8186822062570265,7798.2617
4043804897189065472,270.06303980412804,-31.566378447655616,15.844973,1.1938162,1.019501706529299,-0.8722096455081929,-0.11359039325542009,4863.835
4043807302321922176,269.82873948077673,-31.562471760169185,15.845013,2.4671679,0.2680320126438337,1.107716397159452,-3.4377447663852836,4710.956
4043783555402168192,270.0232236943385,-31.772905105523478,15.845199,2.3264303,0.10171693800715124,-3.8145446753810255,-5.879576188908057,4732.3667
4043791806123598208,270.1473837976585,-31.64069540481604,15.845377,1.2839422,0.9136960478607654,-7.875967926102137,-7.567067073414756,4725.298
4043805653052623488,270.0452161831266,-31.51962216880086,15.845469,2.5170603,0.12352138486368697,-5.269755101454131,-5.556925947433495,4688.4995
4043806301545488000,269.9257198557001,-31.588699825205758,15.845599,3.6448345,-0.03119395118143123,-2.382499428346604,-10.268226928647993,
4043898767977508864,270.2193624275165,-31.51766273964358,15.84568,1.2125044,0.7781099791011575,3.321045859060702,0.7063630516371374,5266.6763
4043791909152586496,270.10234317672615,-31.651003996076387,15.845883,5.713516,-0.07809722686594212,1.6807659573574336,-7.197064230325945,3571.8967
4043886187936578304,270.21035049977013,-31.588304741934074,15.846217,2.1035566,0.2843371963303946,-2.7118253863189166,0.018434811875309813,5837.1235
4043809909321875456,270.0103845611593,-31.429249444442785,15.847044,2.657998,-0.0342361726862984,-3.928300277500046,-6.6221594470381655,4429.9766
4043790603532511488,270.2052219191496,-31.707037530872032,15.848215,2.3792038,0.05848312399318579,-2.4427076411626056,-6.895874974055349,6011.058
4043788090887788416,270.24090152525054,-31.68743556931767,15.848415,2.705577,0.13902750566974426,1.6744361141564477,-3.4556875939057328,4608.544
4043885844339286016,270.27894448870194,-31.574754619415216,15.848471,1.8853254,0.16930914668762895,1.8524124893576992,-7.442667383786841,5321.7583
4043885401983594624,270.24531878174054,-31.598438578732967,15.848675,2.8401785,0.18083601252955528,-0.7357642362137893,-4.8436553604912795,3957.374
4043782662230857088,270.0581458530951,-31.79846324583203,15.849437,,0.13241966442428735,-5.602811327904839,-7.16397399584328,
4043787610022374528,270.22804411349495,-31.708993234566577,15.849977,2.3851423,0.1610587999178165,-2.807896745667192,-4.348535328615267,4604.596
4043902891097841664,270.0767088311084,-31.44288439472157,15.850047,2.2421274,,,,
4043804892799985792,270.0610712477839,-31.575145471665035,15.850054,1.7672634,0.0632131248795571,8.993907076598466,-16.780904453740398,
4043795684386149120,269.9267673698202,-31.751599588267503,15.850166,1.2928705,0.25268353151940404,-2.525121452528213,-2.69635603852762,
4043796857059390848,269.88625621270756,-31.69672262823684,15.85033,2.507187,-1.6693318320503587,-10.115421717597934,-6.604040721006261,
4043789740161144448,270.0203171727928,-31.722683836665283,15.850422,2.527977,0.12356843891786615,-3.424013460871657,-5.011689484430132,4657.5376
4043899833130455424,270.1320084156462,-31.442816385997155,15.851035,2.2611284,0.12927476227338086,-3.153537797038498,-10.092868093860126,4829.3926
4043799704475642752,269.8370104639607,-31.673214627283862,15.851206,2.6804504,0.08118533349895653,-4.479564073395979,-5.746129533727284,6093.637
4043792458958748416,270.14058950245516,-31.59889905913166,15.851405,2.2513351,0.19349029474126347,0.9902438142750085,0.2590162408420938,
4043803346787322240,270.02145432323675,-31.59096037415084,15.852412,2.206376,0.08250265723554019,2.8969392470600264,-5.041958651911215,4706.523
4043803247871948672,270.0255550606862,-31.618219800244272,15.852641,1.2997847,0.5441321766135181,1.112853592798174,-0.6347669356467923,6861.5195
4043809054717831040,270.05616897914314,-31.44695239413427,15.853116,2.298317,-0.036602454113233984,-7.429959653286388,-10.143219245829314,
4043789980673353984,270.0719294020746,-31.715624558079064,15.853224,2.1059713,0.12505697276088026,-2.6548852148267454,-1.1716559962116275,
4043801353743164416,269.84029452187985,-31.58590963153586,15.853505,2.9606972,0.14414957079539048,-1.0899947984447897,-3.356633778882602,4682.231
4043898557606667008,270.1353464272567,-31.51707069499263,15.853829,2.5549898,0.3968093462637649,-0.7658385987481452,-0.34000186733554055,4490.1836
4043805687463206912,270.06430681656764,-31.515458455885195,15.854324,2.3490028,0.04647692877103352,-5.046529987887021,-5.282847248621046,4829.97
4043898630538839296,270.181674554992,-31.506999614011146,15.854656,2.5003328,-0.10606116490540919,-6.937752694269996,-6.1366812675306,
4043795821825143936,269.95824794582967,-31.72294933425021,15.855089,2.4778395,0.03360449592464253,-0.9725725315216911,-4.575298080005426,
4043995628063832704,269.8641686818915,-31.48841021641576,15.855093,2.5913181,0.2466272709328278,-2.2061496867048795,-5.329118538150529,4945.023
4043995692662603520,269.9031640358827,-31.481238305413104,15.856199,2.6025124,0.12062887491995176,-8.051079541374905,-4.571197320301532,5031.214
4043899523892480256,270.1428712098282,-31.481909265270804,15.856587,2.8346968,0.0387128675751054,-5.438790994475113,-5.221524680462263,4675.319
4043783589767950720,269.9813885500837,-31.79721200601836,15.856698,2.709859,0.07727156534891888,-4.377948916781742,-9.8040125998443,4694.9023
4043898390020457984,270.20539768665196,-31.515784107423304,15.8567,2.7198906,0.03461383817867941,-2.5829301642529106,-5.377054687322291,4097.8154
4043788365765500160,270.0841928626139,-31.790003876852495,15.856814,1.957056,0.12756373916401467,-0.9476125298406521,-2.5010815482524165,
4043803694597946752,270.1049110682235,-31.629310437493032,15.857164,2.2514362,0.1401391350042252,-1.4733477435952569,-3.1941824002098516,4675.4014
4043803209205099264,269.9990684042263,-31.6087248799371,15.857316,2.3331404,0.2494294623543742,-2.315908040162682,-8.678467535269622,4656.257
4043886634613626496,270.22090928641313,-31.521515088375146,15.857888,1.9342232,-0.08764317586291175,-0.05027236063228355,-5.382853655642787,15008.334
4043804862829373824,270.04618800688496,-31.566641279187927,15.858426,2.5686102,0.05423096323858825,-1.672403365317104,-5.4801459583961165,4448.029
4043903058569349888,270.09564257464734,-31.414097401112773,15.858627,1.5971222,0.41174946410537866,-2.835608943471079,-2.366034963970166,
4043805240786601088,270.0310594549247,-31.546237567861006,15.859558,2.7371597,0.072860287656903,1.6443088760713236,-9.76643719105053,4566.614
4043789980673363584,270.07682989933,-31.709608898827426,15.859567,2.0522957,0.1324776792143772,-0.6538984838415174,-3.3690051121043396,5002.84
4043795448258443136,269.9666815540018,-31.7596392193124,15.8601265,1.4228125,0.5205346398218154,0.781930388108877,-3.3825984055469998,6005.3555
4043807779014271872,269.8914328410371,-31.538136172119792,15.860461,3.076315,0.14326050132009935,-0.7944720377172744,0.4369934234856445,4567.088
4043808711120323456,270.04198161755346,-31.494458812216283,15.860603,1.4643173,0.7135778879329626,1.7234783777999756,-1.656000651415545,8493.649
4043804377582387456,270.16772691475774,-31.566457371386125,15.860753,2.1923494,0.04483800922645337,-2.913990052296304,1.0568899189438026,5051.076
4043898871005451008,270.2209731039489,-31.48952498855146,15.860775,,-0.6103186211082969,-6.352009428970803,-3.682830531346557,
4043808878529705216,270.0193850678743,-31.482572839888455,15.86123,2.6740685,0.11990932675910347,-2.920757100702873,-11.402449654140312,4642.163
4043804209994068864,270.13190146764293,-31.587670976056156,15.861557,1.7192192,0.580929509535785,1.2825839337516,-1.967576090442107,4859.1323
4043790392990280448,270.0786714642965,-31.671245306588443,15.86187,1.4453897,0.4657226874207442,2.3597195448177644,1.0588933215074428,6306.9756
4043803793288312576,270.1068845293552,-31.614215455653,15.862495,2.1526995,0.1973802318423829,-2.0711784932560287,-3.5463751940976533,4477.5366
4043799433937402112,269.8492210852522,-31.694838154920447,15.8626585,2.6295185,0.19267979247650935,-3.1315077997028777,-4.601350318555009,4596.9355
4043805030414502400,270.02273774720254,-31.578029993065137,15.862922,2.2291584,-0.015504564885914274,1.834209483821399,-11.30041186418172,5406.3354
4043783521042401152,270.009513878276,-31.785895064082066,15.863316,1.3812561,0.40207642393103893,-1.8851378024085041,-3.0605716230037054,5784.9395
4043805618743654656,270.08589303669635,-31.521041675423874,15.863514,2.5901642,0.3899091796999535,-4.025054247876577,-1.9266836304625434,4792.5938
4043808741090750208,270.0696968462667,-31.485399841522263,15.863787,1.2849407,0.8453437241361774,0.9758828906796707,-0.6609443256230003,5589.103
4043790122497562624,270.0957607751107,-31.696142332912974,15.86384,1.4149952,0.6820313760890458,3.0125513799786208,-5.468133581507569,5668.1313
4043783452348551168,270.01715425864785,-31.798772981450668,15.864022,2.3052082,0.07492643750288996,-2.2358872896937414,-1.3626911803554485,5180.719
4043800327342497920,269.86969514778303,-31.61985406659162,15.864157,2.4178877,0.141187711754235,-0.3938295246397991,-3.1000999404328287,4862.3584
4043802625053401088,269.9412206964813,-31.676359942645462,15.8644,1.2133904,0.41951823606035266,-0.1408499833103449,-0.9397745122339762,
4043789705831754240,270.0084436724248,-31.73069112218678,15.864487,2.492796,0.15436937101865233,10.482631244369099,-12.167167762692594,
4043788297045998720,270.0957229433504,-31.79969890293842,15.864706,1.8971462,0.23416893011374615,0.06740642485226168,-1.6423912347066203,5037.004
4043788610735974912,270.0636363672956,-31.783453237245435,15.865221,2.5824814,0.008613959206623958,-5.328502933358088,-4.883655128072566,4821.911
4043808054073341312,270.00995775745565,-31.552746749959173,15.865477,2.5069141,0.03420039681217708,-3.005106594075118,-3.098112184971092,4766.926
4043789813208322688,270.0562821581354,-31.72248442748352,15.865786,2.506363,-0.42609132980891656,-6.205068268670815,-2.5567072505455637,4719.799
4043785994943615104,270.16433803739216,-31.761997182692248,15.865865,2.2520657,0.2435099059615885,-1.5089619630032785,-6.911269934820878,
4043785861889574784,270.1328660854576,-31.782279457053352,15.865938,2.1901846,0.0822333930416782,-2.964710937613399,-5.542073978232354,4622.698
4043805034628139520,270.01813506480534,-31.567233363450935,15.866679,1.3481283,1.3295706263384397,-3.6985817634054867,-8.54982943949097,4692.5474
4043783456705246464,270.0259251605124,-31.794932973786473,15.866794,2.1243153,0.18627231082619375,-3.0781993424495244,-5.588232412232005,
4043796371729324544,269.8741106823877,-31.722918798245225,15.868616,2.6533957,0.03673822507587336,-5.662687541806178,-6.667221395459334,4784.6807
4043804794058875264,270.0567756589803,-31.59245248463345,15.868686,1.2715931,0.4497864037537009,0.4627074972102767,-0.267188741758529,7205.405
4043801942252501888,269.99286001382967,-31.670803596536754,15.868852,2.5971785,0.18341232908308608,0.32644961283105134,-6.465638609948813,4626.405
4043806271529383424,269.91631842245886,-31.595737528049828,15.868973,1.3570948,0.8397527611469335,1.4140023547113307,-4.091681836873112,5016.0483
4043995524984565120,269.8697057533458,-31.502958192613523,15.869031,3.3876696,0.10561756904033456,-1.1925750320259594,-6.036092791423998,
4043805137707367680,270.0216243876015,-31.56027165099502,15.8691635,2.3197985,0.05729096558852954,-0.8064746982547832,-1.545943450988677,4677.3936
4043885328942970112,270.2555905243209,-31.613735267550634,15.869328,2.0425663,0.14545939440262753,-0.048149514546635776,-0.8559706004327357,
4043801422613259520,269.8283110835329,-31.574938821518067,15.869463,2.7196999,0.2300067745294636,-2.961706894019832,-0.3921142810398969,
4043903097306134016,270.0835953377439,-31.412673945248883,15.869767,2.4314537,0.11770977968584,-8.321150599399054,-5.913350570183039,
4043789297863673472,270.1258479311893,-31.72245878588921,15.8707905,1.2360172,0.49233506424244067,-0.274730465624964,-0.6748830829008895,6045.715
4043805820512988800,270.0918876578006,-31.48561755510469,15.870843,1.3298473,0.6184750928060389,2.1076544321315036,0.2654082712385647,6280.561
4043803827824416256,270.1167883016717,-31.6072989803568,15.871402,2.3171396,0.1286332692675099,-0.681785856523886,-5.286254775823213,7161.4424
4043788645028610688,270.07168860349145,-31.766606629397725,15.8715515,1.3136454,0.43809865491138245,-1.2812532269588357,-1.8708277001109657,
4043796169813298048,269.8852493801285,-31.734984723764896,15.8716345,2.2524462,0.015716788970801684,-3.8722206505806924,-6.392324491902806,6709.8394
4043805172067070976,270.04927960017943,-31.547323987059116,15.871872,3.2255077,-0.11729861021711148,-5.212845316525775,-9.370888570685622,
4043809192156855552,269.96885413871894,-31.50248958876686,15.87191,3.5188293,-0.0025703965413458266,-3.4279206560304143,-5.287807171068833,30009.23
4043899042855678208,270.2046681221446,-31.490110586017703,15.871986,2.5775099,0.11273950265067594,1.1276592379082393,-2.7891992012670546,
4043809157797102208,269.9589134201769,-31.515259202786105,15.872269,1.8124428,0.8138042380702019,-4.566611148784733,-2.6966498558345986,4960.2734
4043808745480026880,270.0596885242643,-31.489659169556305,15.872719,2.8965588,-0.043511747723464216,-2.3637568321617697,-7.29097426413758,3886.7256
4043796616489906944,269.91323052213556,-31.708232180692836,15.872979,2.8834782,0.03570020934254845,-3.8302801721314754,-5.952095801310243,
4043788778266499456,270.0849799801558,-31.75259813702418,15.873128,1.2954683,0.4304622589338412,1.2353225007009008,-4.598632468013108,6962.1123
4043804381741795712,270.1576764505491,-31.560265660860978,15.873914,2.4186993,-0.2908058637731711,-0.6820651021707564,-5.6455646414539125,
4043804519180843008,270.1295137258123,-31.562027693611036,15.874027,2.4382963,0.2618320235603036,-0.8844122129317833,-7.913536910917296,4848.692
4043808638011530624,270.05940808271123,-31.49336432510535,15.874105,2.031145,-0.10226013272121348,1.0102662783457075,3.2874505563736274,7586.0693
4043802629447361536,269.9409260471292,-31.674657365044396,15.874374,2.736062,0.024802360262480783,-5.765535413628693,-4.699834009228042,4824.1406
4043806752616358528,269.9253589784422,-31.57119141118213,15.874411,2.8727007,0.10298977034248197,-1.0570512198838176,-7.585906210491734,4803.5117
4043804553591588608,270.10670991875605,-31.56012859800062,15.874563,2.6640663,0.026586433992283942,-4.743186329172168,-6.593471564501441,4534.6445
4043808779839736576,270.0834977685323,-31.47726120227313,15.874576,2.3053064,-0.14653559543427935,-3.6341240009690403,-7.207063120270617,8155.617
4043789018606717184,270.13756707077124,-31.73335829832165,15.875168,3.2778158,0.1564699286824365,-3.9396329845521985,-3.5277008547673123,
4043783800250760064,269.98452567535224,-31.766540187249156,15.875393,2.2939644,0.20815644209910786,-3.4095673876495365,-3.0412067068305624,4704.131
4043808814199581184,270.05462226102964,-31.472173753350095,15.875725,2.4564915,0.05004286427123994,-3.6048347871425865,-9.494881174435875,9028.345
4043807847942848512,269.8796156094511,-31.513793460727808,15.875925,3.0896225,0.5747911586426738,-0.9415516986204697,-4.614378289522781,6003.763
4043790534814148480,270.16457853828035,-31.723810896378545,15.875941,,0.16468691480929892,-0.1842478114299669,-3.6709813372350117,
4043801736093994624,269.9748515517349,-31.705424382230348,15.876206,2.382328,0.11543107000772748,0.7707287562059814,-4.203846498088682,4621.079
4043788782467588352,270.08953499075795,-31.748976350908432,15.876705,2.3124762,-0.29216669549086516,-6.410678532156334,-0.9968418917737607,5259.927
4043801770453757824,269.98004056742934,-31.69469504480326,15.877152,2.4423752,0.11835615405701778,-0.07105728458174605,-3.353473853360849,4526.298
4043792424598915200,270.1721954867285,-31.60865248512187,15.877498,2.299388,-0.2073731245510711,-0.7272622124922568,-6.566494040797255,6187.1353
4043806855695599744,269.9667816768051,-31.535052192471515,15.878456,2.0550976,0.05190209252149119,-3.1326749723991307,-2.124707029043961,7551.0264
4043801937868701312,269.98868107099423,-31.67315367403149,15.878899,3.2345886,-0.0692356016891681,-1.962239695144185,-7.488930994199807,3812.379
4043809810632256384,269.9991662603928,-31.443665249115277,15.879145,2.5223494,0.1150039157394262,-1.261727881196553,-7.747600249152706,4715.316
4043898767926069888,270.21982444245873,-31.51501380703205,15.879181,1.2433558,0.3312426210479704,-0.6180718838128204,-2.525089887077546,7171.4116
4043801461215995136,270.0015375417612,-31.731336096007727,15.879218,1.9570255,0.17698540257098833,-1.7194679653577405,-6.28295478559429,5510.293
4043803488390396160,269.9724152383982,-31.595213912773996,15.879258,2.5743446,0.26637345893308406,0.5254019265171477,-2.8139948323516246,4644.1514
4043783624117936640,269.97829307185043,-31.78247585091939,15.88004,1.3985767,0.40389145988362035,-0.9872593678084612,0.014332830865907356,6575.1104
4043903745764150144,270.0486374275658,-31.409724545257728,15.880337,2.629716,0.04741716090248697,-1.985958766961422,-3.7521010488518987,
4043786029303367296,270.1713813803694,-31.75486780899183,15.880444,2.1548252,0.2016732699207703,-3.617485101296387,-1.9601688051540873,4487.4434
4043792046641874944,270.1158951929232,-31.626279636238632,15.880497,2.1969833,-0.3900262168274186,-2.962709918995325,-3.710663675946079,5072.2334
4043809157797151744,269.94786675319483,-31.509790402928747,15.880642,3.1643782,0.2837753553507122,-1.785905019782656,-5.0954070395548,
4043806031061705600,269.94019219910604,-31.605099243609526,15.880672,3.0246382,0.061907898513547194,-3.5226821169906812,-8.63428409228489,4435.4443
4043810012397303936,269.98647052067696,-31.426521545737284,15.880712,2.8686066,0.06111949985123252,-6.653831128838401,-4.607056230170385,6026.962
4043782730950333440,270.051719884646,-31.792659584143752,15.8807125,2.3920517,0.12562814971759995,0.7808086734714285,0.5473417733855627,4541.0645
4043807680329419392,269.9416139477617,-31.523265092815286,15.881296,2.2946558,0.23710515971334697,3.760399050527556,-6.548294077085572,5021.151
4043783525424807808,270.0112544350573,-31.787113373667733,15.881464,2.2058096,0.14726207292497878,-3.9982047234203932,-1.9271972197260467,5002.3647
4043808088262233088,270.01611524022223,-31.537503001748615,15.881641,1.4166412,0.37184797122072355,0.3437354915602627,0.09997539214384413,6411.549
4043803797677162624,270.10860632949203,-31.625623332012513,15.882165,2.8233433,0.054436129903982444,-0.7199599023389184,-7.638300216644294,4855.831
4043802659588877312,269.95614014069963,-31.653600444301492,15.882278,,-0.14140483524992387,-5.667981165117176,-7.371281700212255,
4043791325087117184,270.20527931884925,-31.65868716435673,15.882584,1.358326,0.5798034308728095,-2.9425055025356572,-7.144247842937055,6645.394
4043898355609257856,270.1918822356067,-31.528404933054077,15.883536,2.1651688,0.03847499145128237,-2.819427885856263,-7.7916248915022255,
4043796994395874688,269.8939331470501,-31.674330301976525,15.883861,2.4092493,-0.28672293596516374,-0.6271724369468845,-7.297796504348424,7284.469
4043806129746779264,269.8915631533257,-31.609190173989695,15.884094,3.046646,0.12782028515877583,-5.732056440835521,-11.906835510079183,4612.981
4043805687463244544,270.0665582010917,-31.50335760750041,15.884598,3.3645086,0.10278271047095601,-5.331546808568855,-8.064971396877144,
4043782700790948352,270.0261875933316,-31.80675385997675,15.885114,2.5003223,0.027875424288789828,-3.5773807458194304,-5.031542147431612,7070.7324
4043791183264286080,270.25648975492504,-31.653445663017827,15.885926,2.4253979,0.15274321070791055,-1.1656997637190505,-4.501061226163551,4883.4814
4043787266253972480,270.22162676494304,-31.74336094555369,15.886025,2.3785954,0.09680973961195927,-4.012086104820978,-4.552682175682963,4550.0205
4043806580817558528,269.99407091016195,-31.55787634823778,15.886087,2.4579926,0.1318211489847043,-3.5894478343391527,-3.567744128818502,4957.638
4043805927982476928,269.90858519477354,-31.62975536710514,15.886966,2.6349,-7.937141736932829E-5,-7.328343702035591,-4.564240179391254,6366.5103
4043885500741861120,270.2495200710441,-31.58039641766992,15.887044,1.5131388,0.7261296673383356,-4.374073274871412,-6.267514166726161,5016.1533
4043795443867975424,269.9724137194344,-31.75524708124661,15.887556,2.4454575,-0.005208813381416572,0.971974616021508,-4.628345575954716,4817.987
4043803037370305536,269.9384716199672,-31.631639737734695,15.887676,2.6594763,0.0854652884887749,-4.894496880559292,-2.9648448243815912,4681.1953
4043899313357165824,270.13817979067215,-31.50890969509088,15.887938,2.1452303,0.34250481518780995,1.9054051067191482,-9.093800419053894,4881.1416
4043903097306132864,270.0781080816191,-31.417573500009752,15.88808,2.7597303,0.07926056538515991,0.1345130478019216,-4.772712325327025,4115.59
4043809604473893504,269.9625164643697,-31.45640148874319,15.888416,1.6032753,0.3791780589632474,-2.8259101576765446,-3.268700362774433,5383.826
4043885230234728064,270.28249403857683,-31.608637020581952,15.888837,2.3711643,,,,
4043903024209555968,270.09778079496283,-31.42118112503191,15.889162,2.1228638,-0.023863827279981292,-0.2563653235398611,-1.9206516796625355,4358.6865
4043808195673313024,270.01683118082934,-31.529008171984717,15.889803,2.526143,0.07564229278197565,-1.1630577336712895,-10.81982661987237,
4043886668973182976,270.26234373423324,-31.547477271215005,15.89012,2.3662863,-0.0897275699360448,-5.4013052512083375,-4.938789934814106,4395.6973
4043899661280365952,270.1032023524114,-31.48105761679598,15.89053,2.220706,0.16994790691402886,-2.8413547074787373,-3.734428331574762,5128.2397
4043785964968690816,270.18802467542935,-31.768960754084038,15.891251,2.2304764,0.10018586756883807,-4.576491318960903,-7.370395243749709,6732.946
4043809497211532160,269.9238747635545,-31.485120833288416,15.891393,2.6183405,0.055390967810356836,-3.8039100961699237,-8.10178413673244,4680.784
4043899725674370688,270.1396857817162,-31.461564154862508,15.891689,2.7036886,0.00349589912134848,-6.805991457216959,-6.620302609443801,4245.0093
4043805579994795008,270.06426295722724,-31.528097454469886,15.891836,1.3576679,0.4755761841663197,0.0801092372397291,-1.8180476205509135,6400.654
4043788193967016448,270.2547292719502,-31.677772598076448,15.892736,2.3366003,0.22861923537295178,0.6708138877034459,2.5691223940100554,4605.1953
4043789980859203712,270.08138646456786,-31.712951030481726,15.892754,2.2052383,0.15899578113655702,-4.243557537002084,-5.282931398748044,5163.512
4043802629447379072,269.9394248324479,-31.67068347898024,15.892992,2.2364683,0.05207906791756872,-0.8293137579359322,-7.333518884370571,5108.209
4043796444691365632,269.8574014004299,-31.710470359445903,15.893656,3.114377,0.4616782854946681,-1.7822693097369635,-4.630409432596339,
4043995112618942080,269.8468536573594,-31.530882536078433,15.894167,2.8352776,0.03910550058642573,-0.7530327173791628,-2.4757897310480974,6224.676
4043805103347661440,270.0125434945594,-31.558006109444126,15.894262,2.6128187,0.14945974753357646,-6.17593824957035,-2.834928620156495,4766.8394
4043795821825132544,269.95721702510485,-31.73181677508941,15.894402,,0.4124597547539947,-2.895570487243294,-8.335795754300063,
4043886364056590464,270.2439235332448,-31.554422570129486,15.894572,2.150052,0.008739788494914231,-3.789089296096445,-3.2158098724650026,15040.039
4043789881927970432,270.0425994372273,-31.704371827862115,15.894719,2.6935425,0.20828411511090392,-1.3892278150880175,-6.97518311220748,4482.79
4043799983745080576,269.89963982556225,-31.651230876022016,15.894803,2.5132542,0.2248695137390891,-2.1981973165958157,-7.402635143376649,5050.0864
4043790981489759744,270.17473389517437,-31.671278618904907,15.895316,2.9171915,0.14967480891975657,-3.424266300076588,-1.4421233211118212,4987.634
4043788675185427072,270.0913021777541,-31.765353935026752,15.895338,2.460225,0.18189642880065407,1.4834114718116314,-9.12322507303625,
4043807160549174656,269.87866261139624,-31.572223063942477,15.895458,2.655776,0.011271038376953438,-2.864008595350789,-7.225555937158594,4775.237
4043787992192333696,270.2453032877669,-31.701639671437686,15.895645,2.5935087,-3.643604477004405E-4,-5.377798459475714,-3.961546713419079,4829.159
4043886153576826368,270.2327623285998,-31.58991892476701,15.896024,2.7051468,0.09104845300371746,-5.666409463960624,-4.739216717954429,4146.1772
4043801800419662080,269.972292330761,-31.691672630051144,15.896338,2.9827023,0.07290437647359997,1.2071437099462126,-7.898965705732049,
4043800327342499456,269.86969090658727,-31.618725477267322,15.896419,2.6667814,0.20467053422787906,-0.11383444473804619,-2.4701731994532894,4741.3745
4043805687463246080,270.0609559948265,-31.50770533021363,15.896508,2.5166998,-0.18859558247193664,-1.89629260031347,-2.3198129658628295,
4043898316924584320,270.17334406183164,-31.53271654290202,15.89667,2.5884209,0.1208565585670175,-3.86429090041799,-6.740763197986288,4608.9536
4043899661280471936,270.0931152684216,-31.476630284015716,15.896742,1.8105145,0.005322909160205561,-3.157831528370918,-7.4047352540678855,6656.976
4043806438994752896,269.9671073732513,-31.579172329535126,15.896844,3.323761,-0.03417176452437035,-4.307858724276059,-3.7038056333661014,
4043806232826008704,269.88886175497885,-31.59130852092478,15.896998,2.4768906,-0.21633238112759595,-6.804836938696948,-8.369111322639991,6478.832
4043900206710946048,270.13478786447433,-31.42960746258382,15.897178,2.0771694,0.28573586554291047,-2.3343942602054186,0.6449500086232699,4953.7534
4043788919906456576,270.12628443385825,-31.746527652181257,15.897264,,0.7217034230800655,1.3582365334998119,-16.137690508584264,
4043902788068081792,270.11845725485176,-31.436313552293555,15.897418,2.2360392,-0.2871626213774846,3.0992674440832118,-6.1815877460073745,4832.546
4043791153288368000,270.2424377976051,-31.654665737257268,15.897994,2.299924,0.16611633465990033,-1.1486114006368915,-1.0770440852218561,6235.083
4043804652281843200,270.1422881019495,-31.549179368717727,15.898343,1.3512135,1.5929387636646644,0.0997804038924793,-9.780044569075276,
4043792626549758848,270.17402200504614,-31.571085802983095,15.898414,1.5558548,0.5120802240419183,-4.470056516668917,-8.320670840400915,5194.426
4043995009588444672,269.8437507185855,-31.54352220745528,15.898935,3.4468021,0.04818196716853519,0.327356378495895,-5.17147358741436,
4043804721007955456,270.1326467010842,-31.538699560538497,15.898959,2.5103827,-0.1436478306655173,-6.133376499868816,-3.5262167874531882,4729.094
4043783491064986368,270.0379658654794,-31.784551861588287,15.899449,1.3758593,0.3800307826713963,-0.9576463850216503,-0.5889893921771375,5974.9336
4043809084694835200,270.0388156594182,-31.45337186260447,15.899778,2.4916964,0.28653035257189435,-4.277431345395551,-8.373304050365965,4722.2764
4043806924415094528,269.9572655930115,-31.536820322919894,15.900051,1.8007221,0.5089286672991724,1.1469056618606899,0.5089138937759121,
4043885230184635008,270.2813089745038,-31.60323930926676,15.900627,2.1024075,0.06591020282828253,-4.875004820080714,-3.683777582513617,
4043898321249707520,270.17475650166296,-31.521127787493302,15.900652,2.523036,0.08766111451724237,-2.938572784577624,-8.482461564696811,4848.681
4043791840484590464,270.10916572335236,-31.658991779502387,15.90078,2.591568,0.10076890904142483,-1.0920500754086184,-4.098969669105411,4310.0625
4043801800419661952,269.97497399033625,-31.69193772799776,15.900789,2.809866,0.14881796275610756,-2.2382989876017203,-5.8480495555465914,4916.8193
4043994970868209536,269.82453775260524,-31.55665449148652,15.90121,3.3576488,0.06777382047280103,0.08899576389484357,-5.841671557065978,4368.3647
4043790667868159360,270.1914810678408,-31.69205420788853,15.9017515,2.1793127,0.22635480044344672,1.3902353224378334,-10.708163519144604,4999.18
4043807920797193344,269.9152736327989,-31.51080185968385,15.901757,2.825776,0.05819830976531194,-1.4099969078943193,-6.344351737657553,5046.1733
4043803690209072128,270.0962459227337,-31.634782706705785,15.901951,1.2992077,0.5205947156258224,-0.5931996297266522,-4.7349071499647035,6888.5845
4043802212746658432,270.0559197917542,-31.64354829491196,15.9020815,2.2784204,0.1462080354217152,-2.4912021379835587,-1.9123883422586432,7192.0273
4043789022985635328,270.1404692449784,-31.746624553413728,15.902092,2.5099106,0.2105127964781125,-3.0241905648954095,-5.626083676130225,4683.316
4043997208610486528,269.92801670463166,-31.453725561428435,15.902301,2.1353474,0.16553373146295425,-2.455208904712526,-7.007049319442498,7350.93
4043808088255693184,270.01327415478323,-31.533057568958263,15.902854,1.492796,0.5051628639778182,1.50149926733345,-2.424925538529375,5387.9062
4043807916453238016,269.91445434166525,-31.511898413888204,15.902938,1.4477873,1.3558963362833336,-9.024039747564451,1.694032627486378,4608.8477
4043995524935834880,269.87176596226504,-31.501989858022245,15.903266,,0.03013086942919097,-6.0849114053797395,-3.2706600001294444,
4043804446301724928,270.15091955174773,-31.559699563700946,15.9035845,2.7031908,-0.0522034483116444,-2.300533721599139,-10.618160948844597,4461.11
4043789469662428416,270.048154170931,-31.755747268214083,15.903619,2.3056765,0.08714470427715373,-1.8269064422940184,-7.405212285016294,4844.081
4043789263503947264,270.1402258543718,-31.709620738050546,15.90365,1.3267336,1.1563913993416945,2.810186189353659,-3.0157307255692003,4899.5127
4043806439020546560,269.96591294141996,-31.57842314902099,15.903818,2.3847399,0.25706083066324564,-2.0131828675432466,-4.0112166297100424,4606.0044
4043795924904387840,269.95523996929137,-31.701508627117864,15.904104,2.4812565,0.2007660885603183,-1.574475842422821,-1.68255052900007,4743.989
4043802320209580928,270.03565806631235,-31.65457292607683,15.904344,2.4560213,0.010624514681396977,-1.1825289003403077,-5.696916299597078,4616.449
4043804416152516224,270.1421070295472,-31.57189096614077,15.904884,2.194706,0.3592800790496749,-3.157335126839498,-3.8007541582158204,
4043995524984561920,269.8630761810619,-31.508592635197438,15.905187,1.6549911,0.4002085866168091,-1.5930746039393004,-2.5726802470591794,6750.526
4043799502708212352,269.84660545154054,-31.680871867219746,15.906085,2.4307108,0.22105383826729347,-0.8209397620858672,-4.688239098304412,4887.41
4043885294583186688,270.2396431579068,-31.62138771709158,15.906468,1.1832848,0.9607674000877106,0.8548119969139745,0.8580585668504601,5033.358
4043783800302872832,269.9887069748496,-31.765815115146943,15.906515,1.3559952,0.6202558638163266,-1.1224367080388962,-6.294948821355451,5441.2173
4043886295387071872,270.25810939306587,-31.562925127571333,15.906648,2.2080793,0.19959827758247434,-6.762825309022783,-6.561507943680955,5001.788
4043995142667054464,269.84954896954446,-31.52034325602043,15.9068,1.6586037,0.3323260743643173,0.034222646773669034,0.5712724021810471,5298.705
4043802968660828928,269.9554170773445,-31.6443218732752,15.907024,3.7948904,0.02794287284723121,-5.948699582440363,-3.492167727887284,
4043903715781662848,270.04371884273127,-31.415421107245667,15.90714,2.5165186,0.11708970960025497,-4.876330665177325,-3.5627532981347785,4822.7686
4043805824851299456,270.0938631318854,-31.48285401239969,15.907154,1.3771048,0.32904087835551576,1.653131023872539,-1.722321861187571,6109.4707
4043789675821245312,270.0318832307489,-31.74507398066346,15.907271,2.2097225,0.07022552854242686,-2.0773520511252896,-3.5436048540926204,
4043995108315198848,269.83785497652775,-31.532940161815585,15.907995,2.5628881,0.07174400580768549,-5.811986891877899,-7.04123289144867,5061.252
4043803518585788288,269.99773158976205,-31.591898134405636,15.908275,2.2857733,-2.1408396208894183,-5.809517880783331,-3.5771143018583835,4619.74
4043803312251988992,270.0136496532221,-31.60416751525455,15.908505,2.3128452,0.05780657372757349,-4.5322686247624295,-2.7304445730158187,
4043995009588452096,269.8295852743001,-31.54539180059598,15.908506,2.824561,0.027385103187281615,-8.148131154905348,-6.831103858816892,
4043803209172759040,270.00607975866615,-31.615557226364626,15.908699,1.3914518,0.5694592864102671,-0.310267499355409,-3.652313122716511,6636.36
4043809978037563136,269.985645349682,-31.43994716046288,15.908823,2.6583223,-0.10745356968304076,-3.196636687660132,-5.864590763109652,4570.9106
4043795448206887936,269.9614973698668,-31.7572666573901,15.908851,2.503168,0.04269785534059313,-3.8088223367584586,-3.637242364214117,
4043807126179227264,269.9076070249289,-31.565160922840096,15.908986,2.3757038,0.2057650778415399,-4.803220786020119,-5.673966577281664,6329.3857
4043800327291559168,269.86827211258725,-31.614467629644917,15.908993,2.6908474,0.1669802345370205,-1.3246392818620745,-1.5696292514500627,4547.296
4043799674506937856,269.83352235169684,-31.68277353827617,15.909248,2.8821945,0.2078293946545494,-0.9638349452550693,-0.9454004590714493,
4043805309505890688,270.0885655334008,-31.556631343178044,15.909386,2.2211266,0.08292021778855162,-1.755490962890987,-1.0458084503390206,4983.507
4043807744664786176,269.93775718273105,-31.51529379746826,15.909756,3.7691383,-0.09488436228163676,-4.37300760100005,-6.663581774208621,3580.0122
4043791462590759424,270.22260684228536,-31.6292745650483,15.909839,1.8839378,0.31006599081954617,-2.387297491661765,-1.028380099990178,5026.0186
4043790083752595200,270.12495881580423,-31.699195302126853,15.910992,2.9031,0.19622786431778286,-5.774560386257762,-7.252357114832357,6061.5205
4043783559784581504,270.02112715573855,-31.77009446213247,15.911158,2.40419,0.03645417372667899,-2.1882586458927147,-1.3119130127710927,
4043900245447315072,270.14937546608104,-31.427310634447984,15.911176,2.2275562,0.1303291148799813,-0.9179631189706687,-5.430274671494261,
4043800086823815552,269.8502760996546,-31.66223806105995,15.911598,2.8151464,0.08918234031510146,-1.088346950509868,-1.3348238889714705,4787.6973
4043807680332238976,269.951885575265,-31.518356267908953,15.91202,2.4454384,-3.085558276876706,-6.000097676336994,-3.9312314336371887,
4043792081001587456,270.13655906328717,-31.61856017764447,15.912557,2.588499,0.18807027872930918,-2.0278916405857204,-4.518825071394174,4617.283
4043899725839563136,270.1336487419705,-31.45549008536058,15.91257,2.6969404,-0.2686975025359688,-3.813181156526446,-4.428709453087623,
4043898527459571712,270.1745901062025,-31.520397727240614,15.912579,2.018529,-0.04599415416826078,-4.927613589558439,-2.0360295744731585,4966.8486
4043787678741911936,270.22301213584456,-31.70900410529692,15.912617,2.214363,0.08334449076449738,-1.06518230051208,-5.650814433198029,4574.789
4043786029303383040,270.1707593197853,-31.74624903605109,15.912825,1.7725077,0.14203009280318205,0.6672634610979061,-3.170758463415462,
4043802659413156352,269.956606062149,-31.66325053887136,15.913594,2.4976225,0.16183025681801677,-4.039848943785893,-1.8213381706733702,7474.873
4043886295387046400,270.2556555136644,-31.568788584505047,15.914167,2.0041437,0.0523310212509607,-3.1119546246254064,-2.75811385854786,
4043804686641591168,270.1257491586801,-31.536407569957003,15.914327,2.484665,0.05414371405510502,-6.351577749038268,-5.77902341369152,4386.4453
4043804274324679168,270.1236534126434,-31.589950165311777,15.914385,1.5151854,0.3728266255559363,-0.07731331049688475,-1.526218940447933,7585.2324
4043809638833705984,269.9459245866321,-31.447569595930357,15.914415,2.5281162,-0.05816977658027416,-1.5050081958841584,-2.7404688424538026,4773.271
4043898591966512768,270.15348588202335,-31.506851206941533,15.914538,1.4019299,0.3951044162852326,-4.1875483568805985,-3.7289089472226196,
4043899313357162112,270.1285367484091,-31.509603496744223,15.914931,2.862111,-0.024255792989256397,-2.8475550491278523,-4.547318924303232,4831.7393
4043796582130158336,269.9053050370373,-31.717762275283423,15.915035,1.3688936,0.45565898046341097,-1.4877732449457515,-5.420063186195421,6304.2236
4043899072953107072,270.2147358700221,-31.47829145693952,15.915232,2.693469,0.02134644456430231,-0.6991340240089257,-8.698973311065362,
4043785965031031296,270.18704238835244,-31.769906713401156,15.915395,1.4389267,0.7100655451047393,1.7618766577457232,-1.3790044275516529,5608.6978
4043792562037888256,270.1925190857075,-31.58326102740197,15.9158125,2.0837412,0.26605796626512906,-2.0913365748885906,1.1627183572508373,7477.639
4043804205605193728,270.1272555645969,-31.59850558833913,15.916372,2.6011457,0.03428677771431789,-1.074821074956113,-9.639687898961704,4292.4497
4043790977105841152,270.1691586171364,-31.665515600644778,15.916694,2.6103973,0.03503401821064624,-0.08023877015137376,-5.889279498958931,4652.4653
4043788675003172864,270.0888273139925,-31.77826577645009,15.916695,1.4406853,0.39588571315780613,1.5410977876895713,-0.1564439830685641,5620.4565
4043791118928642816,270.22674079361485,-31.662182536077673,15.916812,2.5055285,0.13482323763271992,-4.7212422128283515,-6.971478006186636,6652.2344
4043886291042582400,270.25237465401005,-31.56150842378406,15.917417,2.4451246,0.05785542353292456,-2.8261556698600248,-7.60634233525332,4501.735
4043791767379846400,270.1479686361671,-31.645384248394546,15.917531,1.3896875,0.6186349369538736,2.5128644842548007,0.8608811279487725,6847.476
4043791801914275200,270.15166899077946,-31.64070997996506,15.917691,2.4692488,0.05696767886488598,0.6185536408657372,-3.637254572279808,4397.894
4043791423817590528,270.21878219510165,-31.636554491308612,15.917964,2.6124792,-0.2807824707523314,0.11779530258070996,-7.999385760717956,7448.542
4043898458775267584,270.1953827030108,-31.515121807935436,15.917967,2.055418,0.3807618343249363,-1.2629736079593117,-9.992342836586083,
4043789946313620608,270.0941391879394,-31.712597029160396,15.918166,1.2177238,0.31811862816837727,-1.7164171802192418,-5.006062311464046,6630.0312
4043809363904747008,269.970912586704,-31.476524113043233,15.918436,2.5761156,0.2417875070339141,-3.317224067847555,-7.409854976997497,5089.0186
4043899347880895872,270.1475531811063,-31.5005567266789,15.918719,2.7226677,0.012942592511407298,-2.6640509977204965,-9.539469699061364,4766.308
4043790191217051264,270.0734278705484,-31.708560959289503,15.919155,,0.05001480252991664,-3.097625208601146,-3.304768113124508,
4043801456822227328,269.9943303573395,-31.729045544949532,15.919237,2.4085903,0.17550260508598295,-4.850027046985928,-0.2600681182498724,4949.885
4043898218170259968,270.1801301101377,-31.548028640145603,15.91979,2.4327068,-0.27862807852771987,1.8995216155691756,-5.5465666974265675,
4043789744489259136,270.02045383062506,-31.73435786631502,15.919819,1.9171047,1.2097773508975176,-4.931334936864386,-8.8826282716919,
4043899416436567936,270.1271098792074,-31.48357790377608,15.92005,2.4420233,-0.20899519088569984,1.2480310071841447,-5.946780683867237,6885.4277
4043790122445997824,270.0907568899708,-31.695793487113942,15.920622,1.9729252,0.1721138581966593,2.307177286086249,-9.310549974777345,
4043792282775966848,270.2107739167613,-31.608048030596,15.921165,2.3116636,-0.013324744184154963,1.1757648207583768,-3.4553277107682243,4674.5337
4043788541949887488,270.06583575734237,-31.782896008060856,15.921256,2.1104612,0.06613368429673755,-6.928206296676972,-7.765017015244442,6097.2344
4043803213562978048,270.0008680987883,-31.616919232669623,15.92237,2.3450136,0.1824257787242866,-0.680556414935504,-3.709592107151554,4778.7085
4043802217130358272,270.05698957298875,-31.643391376390507,15.922877,2.2685604,0.11938071470215043,-2.2364030253921228,-1.9329470436744898,4757.7646
4043783830276412672,269.99556709509136,-31.75143007386999,15.9231825,2.031661,0.02950089712804887,0.32661998859231595,-1.5704680787404495,6706.245
4043791114544786944,270.22076286572917,-31.670973478365628,15.923587,1.4013128,0.5203289640384888,0.8747318662015551,-2.0459734190385848,6638.7505
4043792248416214528,270.1939998513004,-31.619966994643757,15.923966,1.3378811,1.4468333740366817,0.5124597236720362,-9.227638275925498,4683.241
4043792527626075136,270.1761145156774,-31.60303775437296,15.924266,2.4875278,-0.006281456786491963,3.7238522518491246,-5.7050491086923065,4910.639
4043902788016775424,270.1286902583312,-31.432622118574706,15.924321,2.7881699,-0.031793489131811126,-5.840841808065431,-7.081401444578648,4987.998
4043902616269393408,270.08125005961693,-31.467111716345233,15.924526,1.8617792,0.43663235664707756,-1.6519495620277895,0.15089001246321135,4837.7007
4043790328656026496,270.09060522920817,-31.691435318262524,15.924573,1.6625957,0.4386417953184154,-5.211123963047461,-6.60862534796885,4917.0137
4043783628504114560,269.9949842562143,-31.77874697421934,15.924767,2.4310389,0.0949428640756466,-3.298463035518355,-5.6188061863897225,4773.2656
4043806645143407744,269.98035448121885,-31.5570010984374,15.924994,2.8449583,0.0320000803981884,-0.7254096420380359,-1.90343468412701,4653.819
4043804656672667136,270.13981348760467,-31.540614601371207,15.926,1.5170994,0.7879307233109079,-7.498452127349198,3.6565937785752785,5848.0254
4043790225525307904,270.0707175945983,-31.693824588622356,15.926185,,0.21382773622546525,-1.9500885639321195,-5.180659315689981,
4043783452322908288,270.01857114608464,-31.79150629068677,15.926199,2.1861649,0.1515330405333823,-5.586765234628664,-4.525573970009355,7464.7935
4043801942252499200,269.9918371987056,-31.67220058117814,15.926431,3.3216963,-0.03169991555540318,-2.017103826523774,-6.937573674777856,
4043792626373396352,270.1762574896797,-31.570445912998355,15.927232,2.5612469,-0.15870235965436352,-5.509624866621455,-9.007866516855996,4517.7183
4043899485156137216,270.1666480200806,-31.470695523375984,15.927507,1.2451868,0.44268702572708846,1.6321936718763301,-0.6101230785830392,6624.552
4043791084568918784,270.20223521119397,-31.675194370352596,15.928354,2.8961687,-0.025691233657722412,-4.197144316821022,-6.446496041849745,4950.0127
4043805206426784000,270.063150600195,-31.54356240926049,15.928568,2.625558,0.20045614090348254,-2.1166779879715736,-1.7953642279621398,4555.0137
4043788782467558016,270.0931427238668,-31.753561099102896,15.929035,2.4119215,0.14535448993582722,-4.133128644704514,-3.7293122095352933,7150.623
4043788576309069312,270.08059985287883,-31.777628395891476,15.929259,2.2583685,0.1647527071429992,-7.1196949386664885,-8.851388570040294,4639.959
4043801594264926080,270.02570311195075,-31.712496670984862,15.929644,2.212099,0.0645967664499599,2.120293308377881,-7.597713092481843,4801.508
4043788400125223808,270.11267539128875,-31.795371793226206,15.92988,1.3459644,0.448279007581793,-0.309229007345003,-6.07856174933335,6133.1113
4043803969475987200,270.07091922487604,-31.60874024755687,15.93003,2.5324707,-0.049513570116712285,-3.3931299612885373,-9.03602603176083,4593.018
4043805687463246720,270.0635916667523,-31.50531274941052,15.93021,2.645832,-0.10639415811144035,1.6766051523711032,-2.689007345012708,4226.8687
4043792390239187840,270.15325455716214,-31.620475367733277,15.930485,2.279666,0.19495141963409104,-2.4850344974341527,-10.597281277401082,5067.363
4043808608041044480,270.0450516230747,-31.51073018888561,15.930555,2.359561,0.2348517141297669,-6.8999881545967785,-13.897801878278297,
4043808466419862016,270.0005918324048,-31.512176543571194,15.930594,1.5789804,0.3404168828224235,0.9823470194942882,-2.853490187939059,6965.316
4043788022168299136,270.24991010628634,-31.69685882834292,15.93061,2.6914968,0.10889530950322972,-3.184499695035833,-6.887022297418122,4625.3433
4043799773195134592,269.83186688969346,-31.661666238394037,15.930682,3.001607,0.051863245704825846,-2.1376978334269072,-6.048679203401608,4802.491
4043886462814599168,270.18461397647525,-31.56958921670362,15.930843,1.639185,1.6623568413382683,-2.5201813805099578,-2.58834078522397,4486.389
4043806305939695744,269.9316496372158,-31.585483800789646,15.93111,2.6234674,0.10275271640815169,-1.2210122302652386,-8.144730421181064,4781.362
4043799811945757440,269.86928947360497,-31.689778400793745,15.931586,3.0273962,0.07651631930752242,1.4428399345342482,-4.043331688406797,4665.4272
4043808294414139264,270.0175450350167,-31.506944769208047,15.9316635,2.350152,0.3094194966996535,-1.176191771115598,-4.1532556773430755,4949.659
4043802796852135808,269.97692897716024,-31.63424343199438,15.931693,2.43046,0.042651871682089504,-4.4666650968549355,1.9112306381072783,4794.4224
4043808126953854080,269.99864868129936,-31.540405876327586,15.932183,2.4137897,0.007874506394595212,-0.5666295025808974,-6.125551322014657,4484.0625
4043807916663435904,269.9139814288678,-31.500991709261275,15.932538,2.8027782,0.012765083523782271,-1.2049043303886915,-6.705162108287493,4738.299
4043899386453536768,270.1161935417584,-31.502504275128704,15.932606,2.5692863,0.17592200083182902,-4.45430640180683,-5.786336646739275,4726.089
4043808745480039680,270.0681797043962,-31.47835165883815,15.9326105,2.4709835,-0.09747711083878283,-3.8916816497069355,-8.035894350123804,4871.0146
4043808058234350336,269.99896445981204,-31.5476419405386,15.933038,1.5346956,-0.0021854359296301328,-14.181019767193803,-5.132299443773875,9658.274
4043803312251992960,270.0150436127222,-31.600677827972127,15.933071,1.3697872,0.4253302351262229,1.157070724817318,-4.401529130746068,6448.1675
4043791531245590784,270.22476488622414,-31.61838407708347,15.934085,2.3197365,-0.49865341165270477,0.862981601176085,-3.680378301698359,
4043803385361700096,269.98680137228143,-31.616107517959712,15.934118,2.3527756,8.254029624367985E-4,-3.4654256193512674,-3.6346105335583805,4588.258
4043796990056306688,269.8963725773821,-31.677658021608963,15.93432,1.3308144,0.8066030278896744,-1.21034988438074,2.3175088693063315,4861.523
4043790947077926784,270.16490955924974,-31.666790352470915,15.934541,,1.18092122276259,-6.806423955813018,-4.882912054393795,
4043899145935200768,270.19808939942146,-31.454838419926112,15.934693,2.4471197,0.2122004445221645,-6.951539306194368,-3.7569262309570095,4627.6494
4043788125254069888,270.26255363446967,-31.68824858287842,15.934784,2.5789032,0.01027326852260418,-0.8566912051788617,-2.166939022683595,
4043786029488145920,270.17692496287754,-31.751575239955315,15.934963,1.3996706,0.40954764868475846,0.012041141412869088,-12.033012383342022,6113.5874
4043997242970292992,269.90341995974967,-31.455457173564955,15.935653,2.8378859,0.015942471027394323,-0.4606458183950248,-4.074155359550451,4582.5986
4043899455172853376,270.16026379763,-31.4871538363322,15.935884,2.176443,0.3891312614379415,-6.812451044388547,-3.358812497303653,4797.6743
4043801736094003968,269.97360999627364,-31.703420986081554,15.935968,2.259575,0.09087863786185588,-0.6244819071175739,-9.654410384556783,7135.189
4043804656670778624,270.14242552608044,-31.538774805563573,15.936002,2.3788776,0.06500307566763888,-6.954770568317769,-5.41053168144287,4575.048
4043886978211064320,270.25093153119815,-31.513574672780134,15.936654,2.199686,0.12305837167407033,-1.4492877475909227,-3.579154329741459,4497.8936
4043788679388298368,270.0848432568254,-31.771595487873398,15.937047,2.5026083,0.06006008866149237,-3.678669393212838,-6.306071400138433,4685.849
4043808642400801152,270.05422557257094,-31.497427745999143,15.937237,2.46208,0.08983347129031212,-2.4478891043319653,-6.178987845290855,4606.973
4043803243532491264,270.0163194910957,-31.620448632359267,15.937276,2.5533504,0.031932633208832835,-3.6127838898534668,-5.564550677995218,
4043788571930078208,270.0744094516293,-31.773958662399828,15.937324,2.7421656,0.22781337432837406,-0.07607679672381784,-6.701996546605085,4879.7427
4043807852128277504,269.88304342068034,-31.5142237097442,15.938062,2.551939,0.11200713237731957,-4.677597879301535,-5.890435168015338,4746.521
4043790496069426304,270.17829022276123,-31.718379860218473,15.93852,2.7019053,0.13893737335171533,-4.22481767468504,-5.2574656315799615,4622.523
4043801839174227072,269.98014456277826,-31.68803948032324,15.938666,2.2443447,0.14219909935762046,4.222088278840371,-13.52627565351886,15015.207
4043802217130339456,270.053266481958,-31.65154487465788,15.938789,2.1908817,-0.01206994812575576,-3.283333767192789,1.0450725222942177,7420.242
4043791355098092928,270.18135434201406,-31.647013662401935,15.938924,2.614359,0.001181416720999313,-5.176427861651873,-5.664805387836465,
4043900206877661568,270.1435987941471,-31.436088860159405,15.939231,2.7508774,-0.008333958934622215,-1.4101853313049668,-7.802580462973914,4145.515
4043788846801886976,270.1409273002393,-31.767395850943945,15.939737,2.466938,0.04211233610180742,-2.0219530949161766,-8.589783399618256,4646.14
4043802492008379776,270.0287006797723,-31.62579493878913,15.939943,2.214447,0.02589650645987093,-1.4906274710502525,-3.9119437982217473,5158.2
4043885470703007232,270.27514525111815,-31.581965991140542,15.939948,1.9984884,0.1401158764221298,-5.298793882493159,-8.534701507343707,5101.668
4043808298803502080,270.01838049818946,-31.503439432990536,15.940321,2.5688639,0.04922306553608035,1.5592723278928002,-6.600456154798764,4843.8447
4043795340788761856,269.89834786572914,-31.75320657023361,15.940465,2.5025024,0.0059559033784308745,-2.8029810199151686,-4.798666951969517,4612.738
4043790500453296128,270.19020088575286,-31.720071356121533,15.940677,2.0250359,0.17680757113045936,-4.177148160460977,-2.740072482664161,4958.6562
4043801804813499648,269.9721375533318,-31.69832760300466,15.940769,2.1624393,0.15488425561604782,-0.3383488797965294,-5.335149207822505,4865.6963
4043790637840024704,270.21265930581995,-31.693391324055266,15.941484,1.5794144,0.5317411750063318,-5.017249901436424,-6.564916623771039,6016.5615
4043803076124093824,269.9618869413534,-31.62273069742123,15.941524,2.9814358,0.20303380535174617,-2.060175310934841,-6.547780109688654,
4043785896311619328,270.1553113317465,-31.775545653609253,15.942216,1.4042177,0.43525097038661165,-2.1315792548727632,-6.455956471885576,5778.2837
4043808810019352960,270.06071974096636,-31.476463783223114,15.942556,2.4491568,0.37990517677503355,-6.256273898312587,-8.112027357746335,6382.415
4043899867489792384,270.1706011462778,-31.467767056818342,15.943286,1.2983999,1.1176362696593127,0.04203551473223384,-1.528357192017598,
4043787442385676800,270.20257487926835,-31.750571986360377,15.943458,1.2886095,0.41629707578754077,-0.6420704084346414,-5.246390130416641,6022.1
4043795821825131264,269.9524400862643,-31.73079596879321,15.944362,2.540182,0.08879605063305974,-3.804924746893755,-5.58062163301542,4588.5576
4043792390239168128,270.1552194937637,-31.627062078534845,15.944485,2.7579155,0.3329173989731826,-3.5164766930664078,-6.386847320916296,
4043804892799994496,270.067178701657,-31.567102885392643,15.944696,1.4691219,0.3967576614394031,-0.11803941993725649,-2.5482373986461524,6304.334
4043902680611939200,270.0740425378944,-31.451852075869525,15.945058,2.308753,0.3280743396613907,-3.165134260960164,-2.605611817336381,4453.573
4043791462526101120,270.2215794272595,-31.627630573168112,15.945607,2.447751,-0.3849343019087993,-6.739980926062922,-1.234227993064784,
4043789126064905856,270.11930527135644,-31.746819827642565,15.945704,1.1956196,0.8369918205267716,2.874002409967849,-1.807867956959967,4990.2686
4043810016790728064,269.9957507146027,-31.43519286383594,15.94598,2.6188421,0.034314704981360133,2.626474445235034,-8.474899988452844,4550.9346
4043801873482167168,269.9989493943468,-31.68915174837767,15.946605,3.2187233,0.04803382596599647,-6.166837422157853,-9.187877444805682,
4043903745764137344,270.0500941773417,-31.41124971531222,15.947391,1.4524689,0.4696278488932493,-0.8264174160228377,-2.202510216655628,5385.6826
4043808504965635968,270.0077961484217,-31.50169344455475,15.947551,2.6257744,0.12338090710328105,-4.430504787333937,-5.973615057998676,4217.8867
4043796410331574016,269.8705589505883,-31.71584510738984,15.947629,1.2999935,1.2336552431847179,-4.550815195283709,-14.681839414623486,4823.894
4043804656670783616,270.14355665461835,-31.535384692361674,15.948161,2.1168737,0.08335710753003645,-1.5127506684533654,-7.172307719113169,
4043808195724186624,270.02353993871736,-31.528163425319907,15.948469,2.3486872,0.004652407037480929,1.508711108510828,-8.302394938582736,5027.335
4043809432675161088,269.9342899843779,-31.491551704218683,15.948479,2.5262651,-1.0605436393003034,-2.639755524344319,-2.7211331479016216,
4043807298128897920,269.8374394734574,-31.554761602125232,15.948602,2.6714058,0.05003964678465976,-8.595847482320421,-4.29611397727837,4945.7725
4043805064776237184,270.03673615210766,-31.559610349208324,15.948722,2.3171425,0.39961014874379913,-2.360987332626297,-5.799190797474712,4606.5938
4043796650849612672,269.9275451571732,-31.704711284033383,15.94884,2.6804314,-0.04580951501466817,-2.648861391425792,-0.2868558205834794,4679.5664
4043808878736809728,270.0139607806358,-31.48999544395522,15.948847,2.6821089,0.12182574583445666,-4.366381554697527,-9.264133497503977,4500.5957
4043803282282427648,270.03437005169724,-31.6027156560732,15.949217,2.127346,0.375075906184512,-0.6174043352201233,-1.8258227731440069,4658.998
4043899072953106560,270.2102915945968,-31.46630484270274,15.949306,2.177329,0.5564892631120192,-1.9883417746134886,-0.11295864126687491,
4043801942252488320,269.99169550857835,-31.675285071674534,15.949343,2.4255848,-0.06082046591422502,-3.3565484365364373,-9.031357891868115,
4043804480483126144,270.1160580114965,-31.574292267773508,15.949516,1.5504351,0.4944768961841321,-0.575333912341962,-1.045285399606761,5048.2627
4043899416436596480,270.132902977401,-31.479711375061342,15.949593,1.3433256,0.7163620381540781,-1.199533836784104,-4.704400039662164,6292.364
4043808470602234240,270.00579134234385,-31.503916984705608,15.949848,2.2921495,0.2400362994000308,-0.7514023017875995,-4.153163558672146,4849.7144
4043886742063872256,270.2527256542525,-31.539364996104887,15.951978,2.332264,0.14732638617725258,-5.815660688494417,-5.434264694935679,
4043805064598688128,270.0307110291217,-31.56613274816421,15.952261,2.662815,0.04786420906474938,-3.380599367589763,-7.237406041570225,4461.901
4043808672371263616,270.03065117752294,-31.50258963938069,15.953381,2.325202,0.11049356099203939,-0.2891128483018547,-6.2261831081469134,6040.6655
4043796650798102016,269.93955145122567,-31.708698443324813,15.953674,2.4230547,0.26295852238162576,-0.653337647734261,-4.801114485811979,5343.741
4043788507537819264,270.1016202561748,-31.772876293066602,15.954333,2.6631775,-0.28541359324547894,-1.3346209974155938,0.23966752122045437,5324.774
4043788846984344448,270.14400171031855,-31.767105969624605,15.95504,,-0.16783088867602475,-0.2020961806450303,-1.0840890661011082,
4043796101093787008,269.8833712324235,-31.746075547959638,15.955531,2.605214,0.1275443875263939,-0.2625564259481139,-3.2557690173521605,4688.0566
4043803312251996032,270.0093722585155,-31.598040945437592,15.955627,1.994628,0.0564870735508339,-6.066800028065482,-1.766843427911391,5323.0703
4043808706766126208,270.0445262115176,-31.487512628716264,15.955811,2.539567,0.18234243803205485,-0.8000150120384558,-5.228046580396418,4740.063
4043803415327445632,269.99289646067024,-31.613944443033407,15.956384,1.4065418,0.37397889866682166,1.4265754149501109,-0.32068995517324156,7394.542
4043806267364731520,269.91467170512135,-31.58957654570086,15.957463,1.5304556,0.2944580136009951,0.6214425036906945,-0.7563399198649685,7524.4683
4043788954214375424,270.1451673739116,-31.751469969700263,15.957708,1.9848232,0.3832132452849402,-0.057929581134188224,-9.780708352252555,9092.294
4043796547770379008,269.9215862706111,-31.714811853024088,15.958211,2.291689,0.16344647881629445,-1.5060945145411218,-5.699650185809735,4548.9062
4043791561221366016,270.1279313317553,-31.685410456880522,15.958498,2.3446178,0.14232503372196653,-0.6111598570771943,0.8927790333440576,5013.8325
4043804927337443200,270.0864199654626,-31.563980346278147,15.959179,1.512846,0.6854395625923231,-6.995430297511123,-8.903574948578235,6010.1274
4043789744540494720,270.0265402937138,-31.72778535026064,15.959542,2.881936,0.032139171526637554,-3.508390698844079,-4.93277158409681,
4043786029303382144,270.1767284404127,-31.747231068871287,15.959611,2.2871475,0.09443422285459348,-2.52433739059239,-5.748263828335332,4481.272
4043806649537088768,269.9847250684595,-31.54794263215006,15.959917,2.8461285,0.11368251917280246,-4.467267946021873,-2.4102736455816323,4551.2295
4043903024209496448,270.0897288161369,-31.428736128601834,15.960534,1.5361013,0.3839663613201625,1.1133571854419804,-3.872695636114301,5660.376
4043796646458885632,269.9384164804015,-31.70667436620213,15.960639,2.7978153,0.05112356490781317,-1.8758146817047971,-0.9379392756770228,4708.347
4043807985183125376,269.90716915928436,-31.49579449307897,15.961652,2.5908537,0.057654178029952124,-0.5962565589950117,-7.047574206194126,5112.1
4043783697223686784,269.97030548720875,-31.769488142054634,15.962573,2.0961084,0.24639884122844025,-5.1788617093957,-4.934401332682125,5800.3276
4043808607990139008,270.0489981180378,-31.51245315193148,15.962944,2.4182777,0.08556208041174027,-5.664118704012067,-3.747014569972624,4716.165
4043805206426809728,270.05676904736885,-31.54052538552221,15.963059,2.6269493,-0.039709089660555495,-2.2455978239298253,-9.917843796894983,4455.1406
4043805927982509568,269.8979682112896,-31.627185241452864,15.963095,3.7430916,-0.0067824404114189205,-3.5600655780921207,-4.73756286810236,
4043995005228016000,269.83109061730005,-31.539965879092776,15.963161,1.6163998,0.4092666107083794,-1.2194361048129796,-2.9698625762489734,6833.0713
4043787472597431168,270.21291966559994,-31.73934874118021,15.963286,2.0109596,-0.09407381448317995,-8.728019599605581,-4.398085848349491,
4043788232710559104,270.26372938588247,-31.659046757038254,15.963331,2.6451206,0.1709518425771031,-6.534683328984593,-5.666303152778005,4896.711
4043785896249308032,270.15879332132323,-31.76605682981515,15.963406,2.0723658,0.13070277335041453,-6.696602650143779,-3.8766556439065574,5063.7285
4043803694597945344,270.09814106441013,-31.636911705029377,15.963581,1.650959,0.4008454263443557,-0.4979929771846933,-2.5740346738567537,4900.255
4043898389968988160,270.2056058539927,-31.518225160438032,15.963685,2.7325735,0.17668795137023063,3.458764302462007,-6.374163927015488,
4043805172067093120,270.03756801603083,-31.55040052714187,15.963993,2.435563,0.027463779233646925,-1.3872926658323743,-5.093425476193046,4557.345
4043807680329430016,269.94179244711233,-31.520890037877187,15.964556,2.6792717,0.40789164607905565,-6.26964622302696,-6.985299078162392,4457.91
4043808711120319872,270.0496857578636,-31.48941687104963,15.964835,2.2016191,0.072605374081957,-1.838436515844198,-9.863635150862766,4778.675
4043783662863947264,269.95741990423505,-31.781813080055024,15.9654045,2.4494972,0.04795172891426401,-2.104978262951405,-3.987644091493261,5057.4414
4043903750090109056,270.0634414917882,-31.411176642473727,15.96551,2.6701221,0.15563572377075724,-4.412127659182861,-0.2510596831087306,4481.166
4043796680818651392,269.94464690089876,-31.687953612085025,15.966459,2.9058056,0.21246023286609172,0.2650390596110871,-7.152103844277526,
4043809256483043712,269.951763482864,-31.48638416051566,15.966786,2.6777267,-0.3663397821220259,-5.471602868699845,-7.601241653881976,
4043801491185703424,270.0154849171488,-31.717434687903967,15.967045,2.4593506,0.2733719826723798,-2.196422648321046,-6.3238309541262385,4494.825
4043902753657098368,270.1107363860509,-31.440934674199887,15.967284,2.5589857,-0.002589076799891111,1.3095741096035922,-9.010509071807078,5106.336
4043783594144396160,269.9804328471075,-31.78614086862367,15.967484,2.2432728,0.2627973337504167,-4.964910436538435,-3.7499825410595613,
4043902680611919488,270.0750038398671,-31.455256693159352,15.9681425,2.324749,0.0877272265071583,1.6789209399322398,-4.056501907583712,4685.8105
4043997346049440896,269.94572027288825,-31.438337349929295,15.968191,2.4641418,0.06494934292402195,-1.9317363890186285,-9.973742839697561,4789.161
4043804892799992832,270.06388019632755,-31.5690444113259,15.968264,2.6145258,0.05784374016409237,-4.584664208005643,-5.938612235586028,4602.203
4043802831247932032,269.9267743705301,-31.662281091144543,15.968304,2.2860184,0.10062501521819323,-1.2468981508833712,1.2806854472037472,4959.4976
4043802625063441536,269.95028656952,-31.674343180307137,15.968784,3.0850315,0.18020860101401118,-3.402817363865419,-5.097412933336688,
4043995524984557952,269.8614243224833,-31.511265454218606,15.969599,3.0323248,-0.030545413084007402,-1.7863906089177677,-4.42097253609267,4739.0845
4043809570063244672,269.9555082961059,-31.469510685772082,15.969752,2.5871592,0.28392885267274337,-1.1919079103876056,-3.0970358811265166,4650.2485
4043787373717003008,270.23257622020793,-31.732670429777027,15.969931,2.1289377,0.13315323299145906,-5.518621292973625,-1.4764458922809633,4792.1147
4043898488723256960,270.1523817115383,-31.53659170744586,15.970067,1.3804016,0.20175042263113896,1.8520462991150377,0.9525092419741771,
4043791118928644096,270.21722204166826,-31.669838782764014,15.970301,1.1556482,1.164560726498614,4.255198256982586,1.9818121336636023,5018.9956
4043795654416949760,269.97472214869146,-31.732935736072907,15.970475,1.6982164,0.5002748599150554,0.4601422845167901,-2.3220095311676863,
4043802762492386304,269.9723431633944,-31.647307279405677,15.97048,1.290597,0.5631334838805202,1.0853287905797082,-3.3666254969016256,6968.123
4043899386453563648,270.1180323129717,-31.498408168737164,15.970705,2.592434,0.2974573136027501,-2.6629817207314166,-4.83451896980343,4855.778
4043887047041079168,270.2423607075843,-31.511634279074045,15.970715,2.119791,-0.048170015986948554,-2.2827890756171736,-3.2051001757385436,5013.172
4043886467186155264,270.1908653244222,-31.56749831404317,15.97072,2.2434378,0.18949764125515722,-2.607762848690051,-5.078411485585072,5165.466
4043885367673992192,270.23685822592006,-31.603172661722574,15.971228,2.161499,0.26387789895708974,0.8024119984507718,-6.7568361802436385,4891.485
4043799807554844544,269.8676291215944,-31.68531690826088,15.972188,2.454382,-0.037562158909514115,-5.214309480353483,-11.378729749267928,
4043788365771659392,270.0918683339687,-31.794538924301555,15.972218,2.1348438,0.12037218256896004,-2.5421358381506525,-2.684846308791572,4701.4536
4043782700738680064,270.02771488732674,-31.800285865799772,15.972799,,0.1678210416876774,-5.844915218234069,0.2742697563606997,
4043898733618272000,270.1707535378807,-31.487578472810387,15.973385,2.3160934,0.15847141537758355,-3.837910642889372,-5.085178983223311,
4043808225729778560,270.042601284676,-31.518597182426443,15.9734335,2.6761122,0.23078728785533348,-1.2160422274205303,-0.6935775372110393,4667.7485
4043804377403924352,270.15777540029165,-31.564106288296916,15.973521,2.188508,0.07005949635519708,0.6145143066255173,-1.0499398542107106,4555.254
4043801220644423040,269.81993451556326,-31.60328353365869,15.974058,2.778162,0.21452092487243973,-6.9440427433586605,-6.9435492947867115,4699.717
4043800013723263616,269.87540261672956,-31.653471053056943,15.974197,2.7600803,0.03719502107176414,-1.9518702575195366,-2.881012819564391,4741.515
4043792390239214976,270.1535086635672,-31.61016247042968,15.975539,2.7362776,0.15270115114213703,-3.383112385947879,-2.201267385897823,4672.5684
4043788606283678080,270.0510004087994,-31.785282822425653,15.975587,2.1530085,0.09422507002305042,-5.765695568253592,-5.456211185874052,4556.7974
4043803385361731584,269.97777082604813,-31.614385688202816,15.975602,2.336234,-0.2053297970155108,-2.3435921688623247,-3.2193271395990206,
4043801628624697856,270.037897975746,-31.691618353951817,15.975914,2.2827587,0.10461809298310717,-0.11160196531902372,-4.943230898530391,4652.35
4043789774540568448,270.03905089888866,-31.72570565150491,15.976866,,0.37345953958800265,-3.1438510911957027,-0.8277484813394624,
4043791290727395456,270.19485494278655,-31.658910709610534,15.97691,2.4332266,0.17559414372348872,-0.5636192686217865,0.6956403145329357,
4043783491065051520,270.0248007224812,-31.77971461259496,15.976923,1.3666039,0.4901400848912917,-0.5994055741441838,-5.2898131249042075,
4043789121679857536,270.1227465599217,-31.736038319972707,15.977377,2.254528,0.057747894426379454,-4.717013285747859,-4.265170839401936,4885.023
4043802973044816000,269.96334490706175,-31.638912819783737,15.977888,5.031389,-0.1732321844778319,-3.930265633717711,-6.9257055062334,
4043796749538130432,269.93250707931986,-31.685318598482876,15.977929,1.9298553,0.25057486001522344,-0.7068854867338674,-4.163539607706331,
4043802182770560128,270.07782873375066,-31.64905168604128,15.978514,2.4957123,0.1597555154977567,-7.3499044540408995,-3.785851342448674,4783.722
4043795718932988288,269.9396314737552,-31.740972965439028,15.978681,,0.0839212998064734,-1.4584130432415465,-3.3010924259500927,
4043795791856029568,269.94069378044253,-31.727597904190105,15.978808,2.3292398,0.08012046774558113,-3.6018593504768495,-4.420642607911082,4724.6416
4043806267364673408,269.9117447832327,-31.589816051315456,15.97913,1.572196,0.8512162672300897,0.7342372290438586,-0.09243486757395437,6204.867
4043791183264288640,270.2506485421521,-31.650773481542235,15.979196,2.6045866,0.1541169941618468,-0.5444932427324775,-4.409383286378997,4606.573
4043789808874665728,270.0607204686829,-31.712999176121276,15.979509,2.2100334,0.1927690123771583,-3.176801034336885,-0.9732482191603347,5114.337
4043899107204503424,270.1954037369717,-31.47735420737995,15.97956,2.33251,0.11932477705742436,-5.716737845340661,-8.81183114650609,6053.456
4043899936158039552,270.16949748958433,-31.453374266250773,15.979777,2.2595873,0.1306557240874065,-2.8550381423368454,-3.865491038373487,5079.389
4043806546457805312,269.9764863178339,-31.57411578405056,15.980195,2.9415884,0.028941053565106893,-3.5233681190670705,-6.333582142505982,4469.918
4043809810581378432,269.9989583320382,-31.442235662240915,15.980195,2.75183,0.30517873215316865,1.7036699040588403,-5.359189278317974,4781.711
4043787781650110976,270.25239683017674,-31.709130185835345,15.981275,2.1581497,0.14103543041028932,-2.2297467343974984,-4.129540263054953,4917.5967
4043809707502068992,270.0077858316423,-31.46177334754766,15.98171,3.2985926,0.1030873946365587,-4.425351711250675,-5.568339528095454,
4043796685210156800,269.94781607332663,-31.691724964976007,15.981726,2.6648312,0.05867737654562068,-4.415416507191203,-4.056850710660175,4839.8735
4043805751793506816,270.1057481887261,-31.49476574745996,15.981783,1.3916197,0.5319765855617122,1.7060583109401501,-5.744253584384837,
4043805579994791296,270.0738179026817,-31.53277667581425,15.982892,2.4612656,0.14072568954742382,-4.11979019248336,-2.3026579913659764,4823.3965
4043795723136504960,269.94040867319603,-31.74057115794359,15.983463,4.705106,0.229731910453648,-2.440213930697929,-5.4128924228147275,
4043809806451440256,270.00297887580035,-31.44649488226462,15.9836235,2.5089054,0.07142264375586693,-6.012211125797227,-5.458573559885523,4925.667
4043783795916662784,269.98742776736793,-31.75932127454532,15.983625,1.4798956,0.38673756441804086,-0.19911552548790126,0.13657850517953435,6004.884
4043806683896868480,269.93339812382055,-31.569854844488685,15.983815,2.3558645,0.16822490278179708,-0.4302934281986848,-1.5825055130052965,4741.354
4043802934291087232,269.9394366062791,-31.63617877064291,15.98392,2.9040613,-0.013707074460599156,-5.450596352814013,-5.20453535046027,4611.6797
4043804656670793472,270.1417765744228,-31.533447026556683,15.984495,1.3966398,0.3332655533495442,2.476388942643907,-1.6106442806152188,6302.0156
4043788473178023424,270.103626193673,-31.781849303183854,15.984585,2.435565,0.2934133522342389,-2.506493999916327,-7.230448907448931,
4043882069088413824,270.2739322416799,-31.651731321699266,15.984657,2.263793,0.07750763323833892,-1.3048520139626756,-3.5359402308242007,5332.538
4043807297977920768,269.82530221506266,-31.562613404221125,15.984713,2.8069162,0.04683096040229169,1.6918703153572223,-2.229167865998671,4913.1226
4043804965857667200,270.06023808770067,-31.56216483674799,15.984786,5.419321,-0.11138756228134303,-6.148278286732525,-5.011749344823537,3592.1826
4043788606465594880,270.0505802278864,-31.782131425606437,15.984872,1.6841545,0.34305065734155005,1.978567338771105,-4.922007429617432,
4043809398315372928,269.97632081087255,-31.46947350165086,15.9853,2.6306257,0.14414796224077303,-5.684184189839886,-7.5655821878831695,
4043885161555280256,270.2845402200349,-31.624029313626572,15.985458,2.3670578,0.039281635497363264,-1.5608540115853993,-6.702970208628809,4686.811
4043808539321778048,269.99468419710274,-31.49439798165581,15.986168,2.7590437,0.05509841742020988,-4.543324804566706,-2.907990231693285,4717.5376
4043899347716965760,270.14630058144013,-31.50141413543109,15.986302,,1.0502775600222938,-0.6879374108532578,-1.4105096342771521,
4043808023926985344,269.91103996893315,-31.487871426646397,15.986545,3.1321278,0.23188607192569632,-4.957228100608116,-11.428027672331227,3929.877
4043809363955608064,269.97302995526667,-31.480179649788457,15.986615,1.75704,0.6520063262525438,-0.5367979206548901,-3.7573253779229248,
4043809290842781184,269.98250116031255,-31.48672488018005,15.986631,1.7223549,0.48522197948660883,-0.552079024742727,-1.340686355968249,6300.791
4043808470602241024,269.99877239506276,-31.508529987936004,15.986681,2.6552076,0.06654273754082628,1.973497425496594,-5.161668202779169,4448.503
4043790363015780608,270.0991073234677,-31.681485052333066,15.987489,2.8003702,0.12297006346465142,-4.9455210050602645,-7.588343924001446,4645.5815
4043792184080725504,270.16785231777527,-31.62172773478748,15.987777,2.8450365,-0.04791641415123987,1.18243234968911,-8.701530765856269,4590.6284
4043805305116871552,270.08076334735756,-31.549189590616322,15.987993,2.7167988,0.14662246125502346,-2.1241570043921385,-8.222618487315543,4707.7686
4043808195724219904,270.0205843281247,-31.52092668713911,15.988301,2.9566708,0.13151017248167984,-0.5120913312871016,-3.7218066289436496,4590.029
4043886325433396096,270.224180083457,-31.563568313860376,15.988384,1.2716732,0.7789999634610467,-0.22232226542889025,-2.0324727215919034,6430.9053
4043886668978636416,270.2620836619412,-31.56062951677432,15.988508,2.234394,0.056831647055402695,-3.3645409831976463,-3.6091845098989,4608.1694
4043801667325033856,270.00390958836607,-31.696094192545395,15.988687,2.8195286,-0.164999668760385,-3.5439775171021304,-5.512974769749679,
4043801800419648256,269.9647769555728,-31.70209981972656,15.98891,1.352047,0.6567867445400881,5.506132181398406,1.3353848192966713,6702.2373
4043898901150798464,270.23634127344616,-31.488333482873127,15.989021,2.0146513,0.05694337318018096,0.7001396882436038,-6.479230355846125,4727.174
4043795551337635584,269.98001441071443,-31.75467129826209,15.989377,2.1465616,0.22569160414836492,-2.816428134165444,-1.4196474529001966,4980.4873
4043800911457683712,269.8293576627043,-31.63834442706332,15.989444,2.5641136,0.40884255772924744,-5.393440764858394,1.66020954159962,
4043785479729984000,270.1368779217375,-31.79339245468707,15.989601,2.1041412,0.09642059134014999,1.8186675450889007,-7.921251839876534,4687.166
4043898252581437184,270.1859280292902,-31.545823657524387,15.9897585,2.0543003,0.16804628006537176,3.9706642945257524,-1.7312672561930502,4712.9736
4043805408196104960,270.0939122199126,-31.525756357294625,15.989857,2.4711666,-0.2028244082422149,-3.4521583642249474,-2.466521219843604,
4043898389969022464,270.2018962706757,-31.516988935336627,15.989923,2.027296,0.5226987409344296,-2.6813010855230486,-2.450594540313,4634.1426
4043789160373055872,270.0962463091231,-31.73861206079942,15.990218,2.1405096,0.011376117061622946,-0.3962914314020479,-3.8843296882678664,8470.13
4043792488934413696,270.1571551262425,-31.595072025125802,15.9903,2.6156607,0.30121054582662116,-5.296767096042177,-4.4190243354530505,
4043789637081927680,270.01562710670373,-31.749345815828143,15.990387,1.2570066,1.2287874898098754,-8.613585771087449,-9.45889309910341,4696.8564
4043902994226967808,270.0617943261051,-31.425204756001765,15.9909,2.5697136,0.10993405884871398,-3.4617673347664826,-5.7177967792050115,4548.5967
4043799811894513536,269.86255642670466,-31.685668966085544,15.991066,2.6684713,-0.008986968635030788,0.20817680265493008,-1.3614378801985816,4581.2783
4043799880665348224,269.8537259333641,-31.670475310854364,15.991278,2.72511,0.08271175727257513,-5.4461315548142,-6.009893569471995,15017.878
4043788885546663040,270.12835813818873,-31.759095219474606,15.991313,2.1119404,0.11752452616404682,-3.219125091047315,-7.701747159222807,4847.473
4043808534928533248,269.99865906630134,-31.49636154682748,15.991391,2.5211916,0.14782281806447192,-0.4400600226960086,-2.3166853078570497,4550.7646
4043807710294805632,269.9235250565551,-31.5145707084923,15.991699,1.6558104,0.48421125581957497,-1.9351986352920414,-6.573829105579039,7516.9126
4043792424598963968,270.1648509103851,-31.596447808621466,15.992289,2.4142265,0.09492108823554522,-3.2653333917959895,-7.784856923984751,4638.016
4043885363308082176,270.2234848250635,-31.60493225785993,15.99264,2.35565,0.17178269918006003,-0.7884763374714701,-7.625371769496105,4547.9126
4043899141558889344,270.1986200087751,-31.454561817029102,15.992981,2.1118708,0.11076677556028734,0.7906044754996318,-7.2759047076027485,
4043900211036235520,270.14740271360785,-31.435763307873014,15.993131,2.4677,0.1254878649463034,-5.6330581824293855,-6.8158971109071835,
4043806546457822720,269.96879326932884,-31.57370217977667,15.9938135,2.6098814,0.1417814658845723,-0.10759276297018648,0.7870720114728328,4644.4165
4043790358630534144,270.1022712580665,-31.676493225332294,15.9943285,2.1918373,0.1983273605961315,0.3705117581404322,-1.4632180990572021,4700.4756
4043808397489572864,269.964712522561,-31.51517086154412,15.994529,2.0182638,0.3949640309887036,1.39015380489925,0.2039679980714028,4739.2227
4043791286343482112,270.1975675526474,-31.66926930155309,15.994674,1.421401,0.4621321655603824,1.372959722158547,-4.499788096813218,5794.907
4043898454528003456,270.1968297142926,-31.513004921942134,15.994762,1.4294662,0.5540131364035019,1.6226252929389018,-3.4917101907010935,5616.1816
4043810012397302912,269.99811912107873,-31.431604725048565,15.995146,2.485692,0.03205921153941129,-2.645713659606722,-1.0354267918103384,4422.14
4043788163938755712,270.26859020692524,-31.67358140001069,15.995154,1.4818916,0.5126431792617032,-1.4693898698902028,-2.396754374711561,6290.6816
4043902818217361280,270.1046932416063,-31.42753852131327,15.995935,2.0699425,0.2593196133143414,-2.586095320238781,-3.1387804611247905,5034.6953
4043789568356452736,270.0556116647544,-31.73772239105096,15.9962015,2.3877792,0.10702975944603552,-4.453981485805144,-9.278587934135917,
4043803007404593536,269.96735991126076,-31.62546752629106,15.997272,1.6753263,-1.327352070191866,7.559786260790971,-5.373924786676249,
4043800258623006976,269.87998943457956,-31.631484779436388,15.998204,2.8583717,0.2824095322651347,-5.430421844633451,0.32550502976723106,5093.871
4043885397662538880,270.24402711132166,-31.598894562356413,15.998422,2.2233934,0.21479688382290055,-2.148484848214047,-3.0526844413186076,4751.1064
4043791703044324992,270.14939247974405,-31.663671092239177,15.998485,3.2284346,0.08743487292241112,-0.28315478745900696,-5.636532498053452,
4043902856787764224,270.1080695451888,-31.416919771927144,15.998936,2.5827856,0.2111714476595283,-6.209319418870069,-6.063544230425548,4665.2764
4043886153632204672,270.24085754954933,-31.58451934221472,15.9991865,2.0795298,0.07729841218143171,1.5139487822449396,-5.810751199601141,4636.5728
4043808161364547584,269.9901326705353,-31.52920956259592,15.999249,1.4696007,0.7452182693583693,-3.31267101410498,1.2170633813279932,5429.4043
4043789607168748800,270.0687450543337,-31.733191240617398,15.999579,2.5344944,-0.07582643379798598,-2.420515336445006,-4.979432384622074,
4043808745480012544,270.06595226520085,-31.488321841428974,15.999585,2.1691732,0.2063293417200018,-0.021013983754661104,-3.0550946815186393,4536.831
4043805721822934912,270.08456863470786,-31.500982196651346,15.999737,1.7432098,0.21304392061643224,0.895429970777019,-5.189314650643251,4887.9683
4043805412585174144,270.09507706985255,-31.52844473977327,16.000107,2.4612122,0.04671098987419267,-1.9357588258210787,-4.881521375136542,4695.6265
4043795757496303616,269.9203861682871,-31.74158167880049,16.000265,1.4943724,0.5037259936487977,-1.150316056624708,-2.335631912606648,7085.16
4043787266253967872,270.2169830107532,-31.748316381619276,16.000515,2.3274908,0.1038474063549485,-3.225883523691436,-8.092392287230947,4710.227
4043796994395898368,269.8947429225396,-31.669800334008123,16.000715,2.6735992,0.22887294821107912,-5.667156503063968,-0.8502828467443311,4840.546
4043802388929159680,270.02237704931343,-31.631660204819745,16.001076,2.1174707,0.2724968081650285,-4.606308758308857,-4.420900696769339,7305.013
4043903780289196160,270.02475387011964,-31.410242926813464,16.001173,2.2303038,0.040272573942336784,-3.993378486010338,-5.0966646242937275,4781.934
4043899695640244864,270.10207937399394,-31.465021449616703,16.001629,1.4630814,0.7967731516045801,-2.7425044265977627,2.947827550598736,
4043788949881148928,270.157037240072,-31.744694772902836,16.00288,2.3349686,0.13995899296238096,-2.960477501129037,-2.802897672693416,4587.371
4043796478999717248,269.86866506413,-31.71265499293036,16.003052,2.8967133,0.027125239031439062,-3.8874136120959086,-4.3780220096508495,4610.5303
4043805133324738816,270.02579725147183,-31.55407896284848,16.00315,1.2496672,0.4807965658382933,1.5513391835377381,-1.1639914910249929,6033.0063
4043790122497583616,270.09149252253616,-31.69426686989684,16.0034,2.7970657,0.08727775378094091,-1.8527435638492558,-6.213424247326726,4835.7065
4043807852128290944,269.8742214147681,-31.51406665398051,16.004004,3.6047478,0.0810718479307739,-3.600813830137527,-5.260189673618393,
4043789568540480896,270.0515289240776,-31.73929105097499,16.004322,2.0302773,0.08029022482798504,-1.5820505981348056,-5.008334116628808,
4043802900106999808,269.9289891002966,-31.655734433304985,16.004345,1.3380947,1.2265774123839754,-4.900320033603353,-13.71350155660442,5030.5815
4043791320703250944,270.20935726894595,-31.643198775562084,16.004349,1.4126701,0.6079656782326962,1.380227220847324,-0.7421244973152434,7854.8784
4043806095397332480,269.925010252618,-31.59672339600277,16.004358,2.664341,0.08779814701805125,1.114446435636625,-10.00911569274649,4757.245
4043788644976899840,270.072962618903,-31.76820026410156,16.005123,2.191245,0.3903311835081923,2.6148932030094745,1.7554271787067215,6091.433
4043783800302900864,269.9862888432987,-31.756789984728382,16.005327,2.294341,-0.041848301218897536,2.164665432982747,-2.0120966016710993,
4043805580001359616,270.0581363897365,-31.529144511137922,16.00533,2.647396,0.06314502510235859,-2.2466209061358384,-5.036120351051281,
4043791393806638976,270.2000297128641,-31.639389263732408,16.005476,2.2885962,0.07863285514114729,-1.8147849666965699,-1.4952141851111347,5143.64
4043795791856061952,269.93730392168186,-31.721773825746148,16.005535,2.079978,0.07216214411883243,-6.540097317254532,-0.4508081428347447,5219.4775
4043898630487452416,270.18074335715846,-31.5037869856688,16.005558,2.6001005,-0.02486089670495262,-4.060883922861145,-8.311742705177135,5283.887
4043806031011058688,269.94384858833206,-31.60899391540144,16.006815,1.8537035,0.6857285252653074,6.180555467713821,-0.8355078554523375,4730.4966
4043899382076712448,270.11160292555064,-31.499252663298297,16.00733,2.4322395,0.06654057746568284,-4.864191407615911,-5.1387263384278565,4541.3535
4043790534814194560,270.16667198191226,-31.71147536516011,16.00811,2.795558,0.07761522139754931,-5.025682078601542,-6.979825419156317,
4043790844050835456,270.1506477450952,-31.677565434419666,16.008467,2.2531786,0.2441779357337681,-2.201252155726911,-10.836302579414648,
4043792317135696000,270.1876986409399,-31.616131537512235,16.008589,2.5790796,0.13603874592665047,-3.7782917081896708,-1.9556412675577022,4693.31
4043803655849326848,270.09464519196746,-31.6408359824926,16.008741,2.1298637,-0.02883817762540041,-0.2540264813627864,-5.04910120831911,7010.6987
4043807508530718208,269.9045287218551,-31.551311126789244,16.008844,1.7356176,0.5836481339456184,0.20697296662361458,-2.2347723223147833,6541.6626
4043886565893957888,270.2306026887398,-31.54858900134716,16.009024,2.0778646,0.307867162095199,-4.139776455427592,0.2502329441990235,4916.1177
4043796135453495296,269.89909785200086,-31.741236255294147,16.009098,2.605754,0.05571986036436134,-2.136107970533296,-6.929137543415685,4656.4204
4043790324270790400,270.09163244511143,-31.6808309651096,16.009745,2.2160482,0.04385953791776551,2.7563847835053115,-9.593131538046702,5043.1323
4043807298128928640,269.84330771066396,-31.560756695466825,16.00995,2.4513922,0.16620947833110425,-0.44130287941058455,-2.2421678282580766,
4043804725390289152,270.1337229120498,-31.533618517394192,16.01017,2.3904266,0.2561296979554763,-3.7715787812021797,-7.574669534600586,4671.245
4043887047041364992,270.2402781795299,-31.501442140588864,16.010403,2.2005014,0.005225090053891067,-2.5419797217273206,-6.903631176627678,
4043899352093643904,270.150285495066,-31.494910801814555,16.01045,2.7603016,0.16403447077120556,-2.4888351556707176,-0.3077133123919791,4536.547
4043795684395819264,269.92910577713303,-31.746577925442782,16.010534,2.2858095,0.2838012820765168,-3.3438879337989937,-3.485390134365884,4766.3687
4043792458958748032,270.1427925057576,-31.597294244687234,16.010561,1.6008244,0.3540025759180699,0.6960230467315709,0.8181769780348702,6467.0913
4043795894883793024,269.9505201913515,-31.711363924100304,16.010807,2.2259464,0.19575757820314285,-4.064714996312761,-4.086710133134241,6822.501
4043791355236044160,270.1930136775637,-31.652941152302574,16.010845,2.652935,0.26185255496246973,-1.5084211439050632,-6.7104871792028735,4574.1763
4043790569122258944,270.167151960637,-31.70461489079835,16.010916,1.4591312,0.8538064370484657,3.1089967737740762,4.543961185988095,6007.8184
4043886668973158144,270.2668548826032,-31.551368360688162,16.010948,1.9003057,0.14327368446452754,-1.8954356170996198,-14.12464306607056,5190.9424
4043903024209485184,270.0871635804559,-31.43023515902555,16.010962,2.2223196,0.14629015695293712,-7.443968956527629,-5.326307377878566,6974.9966
4043796856956933632,269.8690109203809,-31.693898860334112,16.011028,2.5395412,0.12795927990398526,-0.8168324243463804,-3.5818586385580407,4705.949
4043902994226946560,270.0635679070934,-31.426405494393766,16.011105,2.1894207,0.2094323760443146,0.9479864588618833,-6.7502227097028005,
4043997208610530560,269.9195366685519,-31.44868633060325,16.011154,2.3175411,-0.872039685577919,-7.510275431964848,-6.694537488664649,
4043791423782466432,270.21248268309813,-31.642347455423806,16.011786,2.0194092,0.42135192441577757,-1.7124681618163444,-6.426625143000205,5253.9644
4043806374659226880,269.915198647443,-31.58106757947822,16.01207,2.5017538,0.0645166537709814,-2.215488734775613,-2.3879262379791224,4708.5283
4043792630705415424,270.1679460397732,-31.573021657381023,16.01247,2.2100716,0.1880713282371239,2.2759127886552077,-8.135674359744797,
4043886157948129024,270.2277002787277,-31.58814920075968,16.012575,2.2160416,0.12374451383606849,-2.3726092814635513,-5.03270001946858,4748.0195
4043795035941568512,269.9469061512731,-31.781508984665358,16.012836,2.317912,-0.12876300099889254,0.12393055024229514,-8.113264128428991,5294.8984
4043808603651783040,270.0504639381707,-31.50899490224819,16.012968,1.520257,0.5457124227180083,1.540199749761591,-1.8412270678654974,
4043801564296322944,269.9939518657125,-31.70264857283196,16.013132,1.4345636,0.7213625904004863,3.8767086036174048,-0.8453274426364944,6639.0127
4043805412585178880,270.0944771177741,-31.527151753700768,16.013168,2.291193,0.4135968079970099,-6.2527106131696035,-4.49015790707196,4851.9297
4043995524935818880,269.8626216512351,-31.51356270276928,16.013336,1.7014074,0.6581199770223187,2.1804308874447718,0.3352548585714339,6006.549
4043805962342817408,269.9170374950556,-31.618921639797026,16.013493,3.11172,0.14893609163515034,-2.904745585325816,-8.432207192587734,4616.84
4043808951638678272,270.01007332765334,-31.469694992113705,16.013641,3.07269,0.21264094186958085,-2.94052492770565,-6.747273232847899,4865.3784
4043809089026747520,270.0353993718229,-31.445333340454038,16.013659,2.498619,0.03969676298578063,1.4222976701161922,-8.202673502823128,
4043805721822875392,270.0872676226761,-31.515681482683114,16.013767,2.4177713,0.35818137786127435,-3.904424628720615,-4.177634806995797,6629.3394
4043807297988095744,269.82832232486857,-31.561466939707188,16.013767,2.602171,0.11059814131435271,-0.7090328280755119,-6.831101275719754,4829.5435
4043788434491160192,270.128149452661,-31.78398887639979,16.013935,2.446598,0.1210774158392368,-3.453898081163627,-8.888157358787716,
4043808569499079296,270.00067048344016,-31.48134979724056,16.014303,1.1727781,0.9249672374381145,-4.562009937902172,-7.3330719758891085,5005.0156
4043808706938439680,270.03548900812916,-31.48782730605948,16.014357,2.168192,0.13028757520588838,-2.6209501204382164,-7.592563435956462,5001.9966
4043806718256625152,269.9365609786557,-31.562098122935485,16.01463,2.940752,-0.019052633830644147,3.422733140135796,-5.108343146630421,4538.704
4043887012681322624,270.2287797173722,-31.515253641387986,16.014633,1.8169193,0.1699867546439155,-2.2887545028797622,-3.466556406251043,4950.556
4043902818051054848,270.1066063464231,-31.430373220766576,16.014729,2.0197382,0.14464570923631265,1.6881660862564112,-3.5198489959376706,4741.5986
4043789469662461184,270.04290916135886,-31.751471944294046,16.014858,2.5311604,0.17465368010287002,-3.041916097757953,-6.3136034131027845,4524.663
4043791664473259776,270.1317121723037,-31.667487712214527,16.015003,2.4841413,0.028647883917253137,-3.317536240867102,-6.88469368097122,4628.384
4043799807554841088,269.8619082787915,-31.687495765771995,16.015005,2.0183487,0.32232129648498403,3.1341690933153505,-0.05710368876242978,4998.181
4043810081116780032,269.98031585200937,-31.42846887645083,16.015417,2.2893229,0.09157901430475524,-0.1674623600798208,-6.034966858697589,4635.669
4043807061854123008,269.871438852229,-31.571931906496363,16.015676,3.1481829,0.07367183908177917,-0.6450289254523445,-5.107813487027116,4686.7134
4043788748175072512,270.070244844102,-31.76193484519744,16.015928,2.5000877,0.1279941354557706,-4.483740712698318,-8.54763174235582,4743.2646
4043804450461287936,270.1533199365923,-31.55960377147639,16.016376,2.3574266,0.07081658553361855,-5.340593387997714,-4.871060931057381,4730.4136
4043788129631314048,270.2611680150951,-31.676328593614787,16.016571,2.271922,0.18611593020279055,0.18114936569267898,-5.167400015053015,4507.3286
4043805790491546368,270.0761516214567,-31.502361134327945,16.01758,2.1860275,0.031869563550338154,-1.4942074065772328,-1.4311798941028901,
4043886295336932992,270.25278319680206,-31.572324818327235,16.017845,2.2477598,0.09148836675990857,-1.4488160676767905,1.3267643327098253,4727.921
4043887016891991680,270.23004912303446,-31.513860106672414,16.017885,1.9349241,0.14754143650093549,-2.782566391315885,-4.064147472654106,6635.3506
4043801736093999872,269.979074877268,-31.70125953125359,16.018974,1.3218498,0.5815574574454375,-0.024834295165454254,-4.334008711272386,6826.7607
4043795757496299776,269.9215073772487,-31.741854302513968,16.019253,2.0541096,0.315364216789199,2.8784590718112124,-1.9902862608622844,5028.881
4043810115476520064,269.99131618894523,-31.422121555686328,16.019665,1.4706974,0.279437283833507,-2.074963964557768,-2.5524524453020323,6701.3213
4043806924415129984,269.948583941733,-31.532269833935718,16.019691,2.5565758,0.016689921003601144,-3.030518205697303,-5.855471736031512,5018.72
4043808195724200832,270.0154828487223,-31.531382626764707,16.019705,2.4105167,0.025645073480687463,-0.8118602893841766,-4.154709010061353,4453.869
4043792420214929536,270.1690695380191,-31.602294721023366,16.01985,2.4177036,0.176417078516663,-1.0888499387605384,-6.499804346544982,
4043886157948124160,270.23082077480734,-31.586130126200697,16.01987,2.6262426,0.014784550415182111,-5.401167767231271,-7.619902119105635,4322.2676
4043809776272520960,269.9868222537828,-31.45262420101485,16.020163,2.5113668,0.38296424271019003,-2.5148495434970113,-8.824744338440945,6919.3564
4043796960088080384,269.9308685310737,-31.669924323946308,16.02024,2.5285234,0.22411652377713015,-6.187252924372993,-7.06435940102895,4606.733
4043792557653897472,270.19026973731155,-31.59135958671483,16.020315,1.4450712,0.38562174632987806,0.32809519111791524,-1.121441902410718,6668.7393
4043783589758182528,269.97439978011323,-31.794628485026916,16.020758,1.389904,0.7025440814915492,-0.3188095116628292,-2.7682357866787517,5616.589
4043800086823859968,269.8368677186846,-31.66078117400917,16.021053,1.3645678,0.41726352041141795,-0.00723047303996414,1.1798617355256464,8565.089
4043898557606771712,270.1510366871688,-31.517131337546775,16.021486,1.4889011,0.5945182422318718,3.8084012260663855,-9.823664876392893,6375.9785
4043791943562633088,270.1104331895654,-31.641646539106002,16.021692,2.4259663,0.14360148641385476,-3.1633569058658977,-5.920317151508776,4469.7363
4043995692662612736,269.89618457815556,-31.470879257280224,16.021847,1.511632,0.6321410621912062,-0.468665279880856,-0.24836018890697084,7355.5806
4043886226617696384,270.219226660576,-31.567556211954827,16.022491,1.8402319,0.11707680189920575,-2.8812670869989505,-6.2374439726107855,7943.585
4043790977105842944,270.17347060922964,-31.663084327540744,16.022505,1.4121113,0.6081770230963119,1.3179596963559175,-2.051107551522482,6353.096
4043898218221689856,270.1795593835799,-31.554253965413427,16.022549,2.4119349,0.518100592901035,-2.2823425692699555,-6.893109681067909,
4043807474171146752,269.86078247692035,-31.53214992832553,16.022573,2.6426268,0.2699017229396813,1.783079954415826,-0.32252847335365786,4625.2695
4043800258674917248,269.88196218581777,-31.635546669740428,16.02281,1.7050438,0.3551392546723248,0.08122601473455746,0.5462436345817644,6005.6587
4043805481253739776,270.12002424395337,-31.510540697465142,16.023092,,1.1895555048046516,-3.5198655960913565,-3.312934836042471,
4043788576309034496,270.0750438866583,-31.79005121884224,16.023584,2.4395008,0.024806834077145665,-7.722110759112621,-6.201193464783886,
4043803694597968128,270.10221497565396,-31.622580815007396,16.023666,2.2217703,0.026289598546313436,-3.564568146311311,-4.774215367596717,4604.3916
4043804617928740096,270.13246119991084,-31.55287634906893,16.023922,2.3401327,0.041381055240281364,-2.8860409397438715,-3.9614478657480965,4819.463
4043902959867182336,270.06183343565294,-31.43124870260416,16.024199,2.2479906,0.14944157499154276,5.942946456020809,-6.0019529152879345,4759.894
4043795688776737664,269.9382543558161,-31.75131009874513,16.024248,2.9425945,0.09946326043197512,-5.486639775494621,-3.9226570688954414,3913.708
4043795791856043392,269.9311411270502,-31.730748461687202,16.024378,2.20673,0.073782946402929,3.5601417444267143,-4.848847884650867,4943.9023
4043792562037885824,270.1845951248599,-31.591022883501655,16.024992,2.6151838,0.1224524199150056,-3.2662384555937836,-8.148852572719587,4366.461
4043809363955641472,269.972754525261,-31.471277676869565,16.02506,2.556758,0.12634409572296157,-1.911096049339457,-2.112711642724835,4621.985
4043791801739595264,270.15909277483144,-31.636337432946668,16.025103,2.4546118,0.10768414936234477,0.47848578108045403,-6.794383892836031,
4043785793170018304,270.1568045321032,-31.785328678401054,16.02517,,,,,
4043796474809293952,269.85991280443375,-31.705540044767055,16.02523,1.2508326,0.8360374348590051,-0.2993661340211652,-9.740450283442536,4955.8506
4043802144020821248,270.0694830725168,-31.65604638726522,16.025812,1.5238314,0.6285714399452339,-0.516017140647475,-8.099064348260988,5306.8794
4043809256693511552,269.96300818065106,-31.485216241531408,16.025934,2.8751945,-0.08523564540250417,-1.377313386222763,-5.583895875082497,4616.0337
4043903161648487936,270.12889675211056,-31.42433799036528,16.026337,2.1005049,-0.057984815383644736,-1.5566511922567745,-4.324908274299638,4782.3936
4043783284906798848,269.95908593937537,-31.791642350351534,16.02645,2.9006577,0.02390097765445922,-5.2218892720773535,-6.246507510619166,4819.6562
4043804209943040896,270.13873616244746,-31.594609645364404,16.026497,2.7546682,0.07806874780531467,0.6334088725256108,-7.0624454898408136,6505.4165
4043802320209602688,270.0365854727423,-31.6479394472205,16.026937,3.5080223,0.044924651696262946,-4.565551017914819,-2.5008151336360753,
4043803449866311168,269.96287586454145,-31.604450050081656,16.026995,2.5594854,0.09261876578088134,-3.0405260404784933,-5.654185146655339,4323.4023
4043899691314606720,270.1155558547458,-31.464745108706555,16.027613,2.6483536,0.13069009447360816,-3.453101266153115,-5.286400690722544,4331.401
4043902822428033280,270.092872396558,-31.429701496537643,16.027657,2.1449585,0.17167613496977657,-3.1474649924628855,-0.9359176805633177,4474.649
4043800945817407872,269.8450445160077,-31.62874353671885,16.027815,2.5500078,0.1805236527072809,-6.167839588034518,-3.6863537091125202,4693.928
4043795787652343808,269.9341654647267,-31.726600315504005,16.027859,2.250352,0.08146046422904182,-2.9187889905689706,-6.37453141112022,4790.484
4043807916463453568,269.91235789041536,-31.514369903228268,16.027878,2.9361353,0.07169305094358648,-6.01757270967038,-2.967369152986244,4690.2935
4043800048250177792,269.88372919000795,-31.63639554107996,16.027908,2.4055262,0.13453665553896635,0.5249668843804456,-3.8547695763317424,4534.0073
4043809879351682688,270.0304830606776,-31.430829322786305,16.027946,2.3897629,0.17024283069936144,-3.309348884357313,-3.4513825589771825,
4043898630538894592,270.17692162943763,-31.50205709325988,16.02827,2.3233051,0.20371687937842753,0.05830655228705368,-6.240456838071748,4592.4155
4043789400891877248,270.0564652446251,-31.76339734854053,16.028648,2.1994677,0.22837441830792599,-0.5751613335582162,0.4686632219137278,4834.1377
4043808333163263232,269.98388829834084,-31.527741430925293,16.028648,3.180008,-0.005108490665385646,-1.7327776494097373,-6.5439617428297305,3933.1316
4043808706938463872,270.0441898593141,-31.496905367192436,16.028936,2.7920504,-0.8875624371626998,-6.4626711584532295,-5.048669889644506,
4043792248416224128,270.20229236723327,-31.612306053503573,16.029772,2.618947,0.1420858222513035,-4.833312440338387,-5.24690651689545,4671.5474
4043789710180788992,270.0055040901565,-31.733847249416943,16.030205,2.113984,0.2446266016893497,-2.91725288248295,-5.791149331475015,4776.6733
4043792149720929280,270.1905239076861,-31.626065499114244,16.030745,2.421565,0.0938761222000033,2.7766705763352713,-1.5806580086797335,
4043799674455715584,269.83304010626,-31.68264937951953,16.03187,3.892662,0.24212107230064897,-1.4971750776328734,-7.885035549759172,
4043898596179205248,270.1608844739911,-31.511601555436975,16.031961,1.3401403,0.567553238925229,-0.0243185844701799,-0.7238483503324138,6153.414
4043995524935813120,269.8758654853176,-31.506753672897236,16.032045,1.8117819,0.39447659268224594,-3.2294244214475722,-4.1022203295634725,5803.443
4043804175634456192,270.0885869214832,-31.579330591953156,16.032557,2.2310915,0.08918946180964034,-0.26174590910293627,-3.8319548939772403,7904.894
4043790843998663680,270.1565733146967,-31.68753201708787,16.033138,2.5389795,0.10127346402166473,-4.930474221661951,-7.617824670708583,4600.5156
4043783834662768768,270.0010311502524,-31.739729479267766,16.033386,2.459713,9.534706023413414E-4,-6.236326373139073,-6.520435600544701,4714.5625
4043796921336823168,269.9109187029203,-31.685364426615845,16.033484,1.4422369,0.4967590662070005,2.3697502440625304,-2.579941610295475,6324.023
4043802663756371456,269.9659782812585,-31.662696604804108,16.03364,2.5798912,0.29788642505532437,-1.0647538547571163,-3.135889600478859,4825.3774
4043804136885729664,270.08428591370296,-31.58730277442518,16.034382,2.1378365,0.3095671012393909,-4.20773150168058,-4.771570703827526,4900.6772
4043796165432118272,269.8793894123221,-31.74470953565134,16.034445,3.0336075,0.0742733414203265,-0.9469504873205327,-8.121550378894094,
4043806546407184000,269.9785264598635,-31.57626439727342,16.03472,2.47464,-0.08602902250553529,-3.4827372687751335,-8.12785468245309,7160.4595
4043899695691523968,270.1113325287519,-31.457261013125244,16.035217,2.1149454,0.23480095236646653,-3.4170099420267013,-3.868626843762187,4771.644
4043802010971863040,270.0429853021577,-31.674216958060246,16.035278,2.5180607,0.14178870573038574,-2.5132496739324974,-1.0682751306689187,
4043791389422737920,270.20247002957734,-31.634054075243874,16.03555,2.890192,0.18933948059486416,-4.767804947306227,-8.2023757991326,5368.953
4043791943562638592,270.11486138011696,-31.635622608114573,16.035738,2.714342,0.11465191597815266,-0.8979403796640371,-4.462101835301494,4740.4014
4043785823144878464,270.1638027821352,-31.78176924174516,16.036179,1.8168297,0.20113129340629027,-7.073738639840146,-7.48423245974384,6676.7837
4043805412585189760,270.09000889723603,-31.528282061498672,16.03671,2.1719446,0.14955356965091482,-4.018102533293564,0.04318733975185113,5294.8228
4043809737523173760,270.0113254011987,-31.456527098325324,16.036747,1.2386045,0.8181754665013833,-5.809796158426435,3.4068160390645574,5124.1226
4043795654416922368,269.97992714085973,-31.736009400423296,16.036936,2.6856546,0.26952180697134204,-2.9426229965349577,-9.788883979432583,4651.939
4043902818051039360,270.1024680369215,-31.433566630231557,16.036963,1.9749994,0.09323933371761685,-3.3932546860026838,-6.038652537904239,4919.9165
4043805550025284608,270.10932604867395,-31.51849269790538,16.037317,1.9673948,-0.3582383636915867,-2.7443931248374027,-6.53162935918792,5300.4067
4043899485173674880,270.16461064255526,-31.480810767281834,16.037437,2.7979717,-0.012994417340884641,-2.182621051521477,-6.440117813477186,4830.8506
4043790328604501376,270.08408402800507,-31.688850541611323,16.0375,2.5782309,0.07045255547633532,-3.533577371172734,-8.020590321566104,4559.4272
4043805545843221248,270.1121239516031,-31.51318274600801,16.038319,2.5776253,0.029198134767930314,-4.670432989381556,-4.1070891718327704,4540.8525
4043802350179249664,270.009986284468,-31.65716184405823,16.038588,2.6247492,0.025819324372887958,0.3297538308467681,-1.769933223938192,4646.63
4043789396557730944,270.05666264002093,-31.751957133685682,16.038973,2.3213234,0.10072147036376508,-5.958808999931354,-4.657706661705259,5000.259
4043898832431382016,270.2115635612971,-31.49689632423029,16.039028,2.3670769,0.03538223350849971,-6.093435993576723,-4.469266549707616,4493.377
4043899317733850496,270.13318764207395,-31.516355234136984,16.039345,2.1668997,0.38072258380231544,-0.3016763635734674,-4.311953834807945,7440.846
4043805584383911680,270.06579699527833,-31.539570535994248,16.039858,1.4543848,0.5521311521684189,-3.9924172249338876,-2.1158578479395627,5556.6553
4043783559784570880,270.0208494256828,-31.772787428757987,16.040554,2.8099785,0.1360566698916374,-2.833545076268064,-7.801225149782056,6006.107
4043788885494923904,270.12569197762565,-31.760111423236314,16.041468,2.2150307,0.22742152359162296,-1.184159874817915,-1.0856026490824222,
4043791531245623680,270.21449029250886,-31.61361014844976,16.041557,1.5190058,0.20221211965304256,-2.804256609497417,-7.209977006878447,6012.87
4043791698833234688,270.1473466200039,-31.66300761332058,16.041828,2.5099783,0.11696547724358419,-6.32984338396468,-4.7525529082639,4681.853
4043903715781581056,270.0480784724272,-31.422836170674493,16.041925,1.5815353,0.7261340324749951,0.8473364575200759,-3.399042604707274,
4043803484046929920,269.97600390709357,-31.60397126746375,16.04242,2.749133,0.29037148529811196,-4.673976923148326,-6.374105132384056,4660.236
4043805408196105088,270.09087141898823,-31.52591533957865,16.042439,2.4117517,-0.0998677435716358,-6.580031551814105,-6.248368369800188,7717.988
4043805206426787840,270.0536864190027,-31.550605811031595,16.042843,2.1830158,0.179726818973635,-4.418867272727264,-10.459209852369218,6091.998
4043802247274255616,270.0699997160576,-31.635166408143757,16.042946,2.43602,-0.01151846230510998,-4.002522297265515,-5.230194269511218,4851.8555
4043806168500756480,269.89318410344515,-31.60684183812677,16.04304,3.404851,0.06504434316372092,-2.5335665269420073,-8.044994221418863,6005.141
4043885161465011200,270.28252588022576,-31.622310066723323,16.04306,2.2358665,-0.7050156388688369,-0.5038452249678882,-3.327242092829391,
4043805893622726400,269.9190301008727,-31.626715265364293,16.04384,1.6268044,0.47732147008354253,5.97468658597794,-2.493032732783471,5483.183
4043799708867184128,269.8424958699937,-31.670907427493308,16.043957,3.25076,0.09438053769595235,-1.9088425580099555,-7.514011762037656,4871.9453
4043796375920458112,269.866585787223,-31.72217516462128,16.044146,4.952483,0.0944169575011453,-5.966130855057015,-0.44565341309762146,3153.116
4043902783691369344,270.1217520493838,-31.423831979517892,16.044937,1.5269938,1.3681632039154548,-1.8021303417114583,3.7530325358332943,5585.26
4043801667325032448,270.0051733805551,-31.6955200362552,16.044971,3.2582703,-0.04629439439715989,-2.6000688744494123,-7.244079104504323,
4043885432022308480,270.263995885968,-31.592438644504284,16.04512,1.9586439,0.2953381553694515,4.522897947857316,-3.4101607216177134,
4043802354518654848,270.0085120124424,-31.650429921468643,16.045456,2.4357958,0.1661981440966077,-3.205614521138093,-2.231537223542597,7837.5195
4043803071740049280,269.9620233217668,-31.61747133907094,16.046526,2.9773884,0.013229701309615635,-3.694388693326344,-6.689220168155835,4086.3652
4043803415327446656,269.9856873758075,-31.612876908183896,16.047243,2.51299,-0.29741245978530534,-7.133420672495124,-8.925168169705351,
4043791355062981760,270.1783265340946,-31.649346211785264,16.047302,2.394143,0.05429722430611782,1.2547304968993447,-3.4738911025947785,4781.8213
4043886497174417664,270.19522226264775,-31.558480686934764,16.047428,1.340848,0.3091645554492242,-2.346870285506685,-3.593161198919456,7084.4834
4043807401057147648,269.87793668541246,-31.542677859228622,16.047462,3.0308256,0.07636795114918107,-2.9369129890013106,-7.779358098348485,4753.1284
4043795035941573760,269.9496403467755,-31.77759393269759,16.047588,2.4498653,0.019307254757471366,0.09370826337063928,-8.492043872580007,5209.973
4043805889228592000,269.9171842597748,-31.629689757602957,16.047916,2.4770536,0.25401216600955706,1.963252929334428,0.05046864089511118,4693.5107
4043805068987855360,270.032614758317,-31.562526869753615,16.048021,2.5345535,-0.14970614715341282,-1.970882421482129,0.4149327806540353,4675.935
4043806679502620160,269.9401869898094,-31.574986205492387,16.048134,2.6239672,0.10887346643620757,1.085254475365209,-5.212520463164349,4535.491
4043885294583208960,270.2494943535111,-31.61788867581687,16.04877,2.105626,0.3475081256744604,-2.811425476855561,-3.0880374348434643,
4043795890554267520,269.95242940505574,-31.71522874189253,16.049072,3.275714,0.12079814131305254,-2.087964095000906,-4.1865809108797265,
4043808814148688000,270.05434015073854,-31.472425756176474,16.049212,2.3500042,-0.2547651296419703,3.0003798562113135,-4.261245428071652,
4043902753708376576,270.10701110299505,-31.441811157509143,16.049362,2.8661776,0.041622132581130206,-3.254382949419193,-3.480764092333848,4537.3936
4043795310768056320,269.9292145895471,-31.763803909131774,16.049448,2.203598,0.14482360482166093,1.471984629255442,-6.026148173125873,4924.4966
4043783731583356928,269.9963743233399,-31.77078594757677,16.0495,2.6264133,0.5020559910837719,-0.509916860987424,-5.6179168860072535,
4043785930557132288,270.18120200013755,-31.774714801434456,16.049555,2.585432,0.08877314328084908,-1.5862500678835023,-7.187027124416103,
4043882064767596288,270.27587394200543,-31.65712788253823,16.049635,2.2510767,3.144725007869054,-1.4660266200541574,-51.65098363070944,3875.8098
4043790294244840960,270.0625730581108,-31.68920474300708,16.050102,2.2825632,0.37644477220934147,-4.742613487957784,-7.833488624242869,4668.9272
4043802663757445376,269.95716796757563,-31.664775941305034,16.050303,2.688344,0.021289930290336982,-2.89605007180136,-3.958929890743077,
4043807336681649024,269.84430858426816,-31.55587374867737,16.050442,2.5832272,0.2930913583330692,-8.969731468661294,-9.825083722961342,
4043803728906743040,270.08614477456774,-31.628607294407445,16.050507,2.5035696,-0.0811667863219864,-3.9549184879487775,-4.997841764956213,4835.2603
4043802388929162368,270.02265908486237,-31.630519085942336,16.05107,2.1484604,0.19474775192376917,0.8733543734432924,-2.2696879709323574,
4043804480483127552,270.10970760466773,-31.57366532378309,16.051916,1.4631643,0.31613122065727844,-2.0818528518333657,-7.331752166150453,6302.874
4043899111575406080,270.18218803897184,-31.47628663762132,16.052153,2.490449,-0.06464358871623266,-2.558276399232092,-5.737884635846666,8562.521
4043788572105858432,270.08224718917455,-31.776955333003542,16.052437,1.2308035,0.8161283667718557,-0.534456067601274,-3.0449239349354587,4847.3877
4043796719569105920,269.93090842422197,-31.697458826419954,16.052761,2.5532627,0.16510940535418023,-2.5632867817478804,-7.664023643359084,4599.6167
4043783555402161024,270.01780616228575,-31.77455141542443,16.053865,2.4086418,0.043762008941122234,-0.8174228077264107,-1.6228279601181657,4763.049
4043898355695898368,270.2030301391928,-31.529657878812312,16.054016,1.9776592,0.34020719940455835,-7.0558245190612805,-12.52698671356699,
4043899077215526272,270.20461653900946,-31.47440097821566,16.054028,2.249051,0.043225845978879046,-3.6230484914173746,-6.459273106716369,4500.188
4043806718206043264,269.9447719656154,-31.56490727012291,16.05414,2.4375973,0.0712817643234622,-6.334120026925924,-3.046398409159611,6988.561
4043795310819613440,269.92212089542335,-31.76615102909296,16.054182,1.9869452,0.3458478946369122,0.42175252245745565,-1.1555772053326252,5054.5547
4043791909202906112,270.1008686946202,-31.645011749790182,16.054377,2.248167,0.5917202800438459,-2.0580630213576945,-5.7770427539809,4545.402
4043788335790784512,270.0795125883765,-31.80644264799879,16.054522,1.3320818,1.189532427641271,-10.235000068218257,-13.3825162598711,4647.6304
4043796921336812032,269.91277405053506,-31.692458757862468,16.054644,2.1278248,0.21965074508611515,0.4941284789265096,-4.131959595899031,4776.4717
4043886256661758336,270.238292642123,-31.579436404158542,16.05482,2.1180038,0.3190856815026216,1.2222478491588924,0.27647723400196317,4665.6064
4043898355660690176,270.19778589826103,-31.526992575084645,16.054842,2.1114035,0.28574609261340717,-0.9170632177363992,-5.956886834138427,4815.4644
4043802762502407808,269.9662919147295,-31.655875744441815,16.054993,3.0619478,-0.0825375704777743,-4.875407810514933,-8.79943698043979,4953.906
4043886535905616640,270.2150003365978,-31.5488160031055,16.055115,2.030324,0.1582288809920135,-0.42409798819968136,-7.163875483682175,5079.7573
4043796857008235520,269.8793433184922,-31.688167843816775,16.0554,2.4828682,0.04502608521284451,-2.948997575879495,-4.260651018292524,4922.0586
4043802114051120640,270.0440978579644,-31.658989707677296,16.05545,1.241847,0.8234172829664665,-0.8510653777474787,-2.1511393283336,5871.467
4043809844993030912,270.02100353968683,-31.4436362038279,16.05602,2.5122442,0.0908806491279378,0.37827052790596366,-1.6003378547149905,4607.871
4043789675820996480,270.02672122420506,-31.733751888167514,16.056171,2.263813,0.21946574196507668,-3.3723555119206727,-8.253722783755688,4656.5103
4043795546947190272,269.9762737061233,-31.755346392111424,16.056263,2.2800856,0.13850724009452764,-5.8107783371745,-6.784961692883198,4940.6543
4043804824256203264,270.02393029115996,-31.58562274246854,16.056381,2.6802292,-0.008304801914693592,-3.8463594374753862,-5.534149347079421,4762.199
4043790294296381312,270.06421043889196,-31.680217453415434,16.056454,2.3894205,-0.6946792171745884,-0.7378353302136544,-1.5991076213691136,
4043801078875133312,269.853355324673,-31.611989006882162,16.056536,2.942297,0.17380417502644913,0.0019951181290932506,-2.6006616994047085,4802.8735
4043788713748022912,270.10374075641784,-31.762373850575354,16.056536,2.1879044,0.060566422973577075,-2.8677602550887333,-6.750308756993893,7320.232
4043800911406575104,269.8204957642066,-31.64347841688673,16.056656,2.3746033,0.11642550030950767,-1.663979307650403,-6.654933919975338,7065.13
4043807332337667712,269.8524710098564,-31.549152716807967,16.057104,2.4436655,-0.07551054351475053,1.151774088546544,-9.862109758003578,
4043792214056488448,270.17664043088564,-31.610649107650264,16.057135,2.8165379,0.240351496507452,-2.5704692478383326,-6.193071508771241,4824.355
4043805000268301312,270.0647397051551,-31.557508569752795,16.057251,2.2440825,0.2383205837575687,-2.472935958973388,1.7580791484084741,4752.643
4043802973044812416,269.9577004554826,-31.644322584271528,16.05735,2.9251518,0.15591604313841984,-2.706509126157055,-7.115898600542874,4971.306
4043808156975173376,270.0019146521272,-31.52656520783272,16.058205,2.8242826,0.130360951088163,-4.773309420051888,-5.031487595759121,4555.6816
4043899072839233280,270.20101772576146,-31.4772197162342,16.058374,2.1735601,0.15950156687101083,1.7499671417874552,-1.8753142805629124,4503.9673
4043898248265719936,270.18525452992645,-31.53238573806233,16.058498,1.8768225,0.1521708467425952,-1.1541495554314445,-0.02721125260405196,5042.537
4043807268012616704,269.85176893128425,-31.565699828029793,16.059002,4.815686,0.10512295916416733,-5.111558282564687,-6.4711219254204915,
4043808156971401088,269.99399141930047,-31.525932868788924,16.059175,1.5663986,0.41819281038895145,-0.7149928088652863,-5.500245852975664,7626.4395
4043805751800233856,270.1039959957034,-31.492157437927,16.05935,1.2581501,0.36323664818167917,1.0241733230540255,-3.5345724894531476,6423.64
4043898591966695680,270.15722784611125,-31.511260252619536,16.05954,2.0146008,0.11481683817400974,-3.0962707909376808,-4.329816650670329,4868.376
4043902852410879872,270.11464088336663,-31.41979219314409,16.05994,2.205306,0.7100780513739849,-6.815253461057936,-2.730104107111128,7981.383
4043803419726070784,269.989688053829,-31.606071275456145,16.060385,1.4634991,0.3825942720927917,1.3718129858104005,-1.1807482320583194,6309.313
4043800907066522752,269.8302544733099,-31.637214153187568,16.060472,2.8929281,0.017933347906137632,-6.229392347732187,-7.531147870694726,4621.3125
4043805098958435200,270.0156431031035,-31.557719446943135,16.06083,2.6843815,0.06118782333323729,-3.817879771723233,-3.8926813849907163,5173.912
4043796719517722624,269.9281164414856,-31.691507723796427,16.06093,2.767888,0.2218234066366851,0.7151531811117146,-3.8113160090338365,4230.0977
4043789774514908032,270.0421803080963,-31.72524922851211,16.061731,2.1345034,0.16021909561205527,3.291268317118922,-5.514156710614247,5107.292
4043899863278610944,270.17868864623586,-31.462537185333623,16.061815,2.4576693,0.32137441318034776,-1.2346437674575699,-2.1065721457002997,5231.331
4043782700790974080,270.0273817630672,-31.800663233122744,16.061909,2.3728304,0.2983317637837869,-0.27556891497194796,-2.011513254693678,
4043886119217033472,270.2146187679052,-31.59984303077994,16.062078,2.4538813,0.16309297621968732,-1.7749466256314286,-7.701238719638375,4716.1626
4043799429597698560,269.85919641104175,-31.70240368805742,16.063118,2.923358,-0.045275280355812915,-2.6846405588369473,-5.8206784812856,5974.2583
4043899661280517248,270.0971295116915,-31.468598989929855,16.063313,2.1730747,0.17727066511208395,-1.0430441173042537,-8.73328004486454,4930.1904
4043788469026924416,270.0949024217464,-31.782827095891545,16.063618,,0.30681514612753136,-4.601114901682041,-8.962896379271774,
4043789091705172608,270.105191475054,-31.75434862584884,16.063627,,0.142615236553838,-1.8861957509454212,-2.2873838113091236,
4043790908386357888,270.19350785301964,-31.66984974948484,16.06367,2.4500465,0.1607015558989164,-5.845652801158512,0.2664862646897437,
4043802182772565248,270.07820626015456,-31.651085985893754,16.063757,2.1391592,-0.06833029353305178,-2.6570527699463757,-3.190481644156929,5467.2646
4043810081330149760,269.9770479443886,-31.427434840706116,16.064278,1.6102676,0.3125807414097852,0.9580593957689699,-3.5981507326014714,5419.5293
4043902646416626944,270.103226055455,-31.45435726716308,16.064451,2.063777,-0.2508028701717968,-1.170755168512058,-0.15724804737397075,
4043803277892257152,270.03202689693694,-31.59812556138756,16.064753,2.4924145,0.39176912314426904,-0.3075977242246191,-6.564569716139765,4699.474
4043903745929598336,270.06015132507923,-31.413032712571482,16.065182,1.441165,0.6781884114373438,-0.2778308595493493,-3.264151889807393,6006.529
4043792420214921216,270.17179453978093,-31.609754528738776,16.065418,2.642888,0.08989667543322247,-2.0757684316761504,-7.564962598333117,
4043808156981698304,269.9988341130781,-31.52940890942374,16.066027,3.0591097,0.06098908653769833,-0.677634568972888,-4.736238425758639,
4043788709362932224,270.0999277545807,-31.76776500459645,16.066706,2.4891472,0.02565385002531051,-3.37626146713848,-7.9995321807941835,4702.349
4043807916453237504,269.90669392280654,-31.51062985464586,16.067373,1.6332569,0.6537234578944324,2.0573758867747336,3.824029187555234,5126.7144
4043789843240368896,270.0336737642565,-31.726267610401198,16.067778,2.6977901,-0.0199954196285166,-4.755046313774409,-2.618483283885627,4117.0586
4043788610668827136,270.0564824575193,-31.789056342387386,16.0678,1.9342022,0.08455437821483539,-0.9404884414241989,-3.6690520696152937,
4043800945817444096,269.8332207583147,-31.629453902110466,16.067938,2.9772663,0.17887330394068898,-5.222653369589768,-2.6270338227613506,5113.865
4043806237169752448,269.88750302969953,-31.59288974918463,16.068283,2.797474,0.013181934846642422,-1.1810226934868342,-3.0723838968809805,4728.238
4043899317682558976,270.12802936589065,-31.510676807834372,16.068335,2.0980406,0.15189668184373814,-0.38898767995514544,-1.7189725539443872,4837.297
4043789705795405952,270.00677203941365,-31.739239481689285,16.068466,2.2606373,0.04973604289576812,-2.5782505046162263,-2.1788123055170527,4625.681
4043801113375229568,269.8290265329793,-31.61181554948111,16.06868,2.817131,0.08990758233164947,-2.364016778048669,0.06705098865593379,6080.554
4043886157988225536,270.2324700335818,-31.57651588321614,16.068794,2.0650215,0.07359542038719936,-1.8444170755026363,-5.843562915064595,5335.9
4043886260977220352,270.2381472384655,-31.581304520013237,16.069616,,0.08828106918257525,-5.424648299952128,-2.8536459604685795,
4043806095387051264,269.94157208502884,-31.596241969701317,16.069637,2.824459,0.06860569779502926,-1.3417129509607182,-3.5886457253509274,4572.273
4043789572690053632,270.05341965868547,-31.742084095876393,16.070019,2.3991776,0.11080811650731419,-0.6623976354879969,-4.622529685728086,
4043899764410868224,270.1416395746398,-31.45082419694167,16.070137,2.1256495,0.049817882884519875,-5.0680968667815405,-11.624998622591637,4892.865
4043792355879437568,270.1981110815281,-31.586553941851186,16.070173,2.4504566,-0.13822381071137127,-5.753012758016281,-7.687885460736987,
4043802625228937088,269.95043783773644,-31.671952379636092,16.07035,2.5488777,-0.33028020615078496,0.3645178812557466,-5.210128973740404,
4043791015797165952,270.2140652012705,-31.688051053757352,16.070383,3.1242332,0.2145109521202368,-2.980045226628321,-7.281648243443291,3994.596
4043790534814202880,270.1599493485695,-31.712703172301776,16.07052,2.2656107,0.18195867338920346,0.43839604625703926,-1.110409360594398,4493.5967
4043805923588332544,269.89658178708805,-31.627294148517024,16.070557,1.7955246,0.4819956196441783,-3.2291903482034128,-6.270796045359672,4805.1836
4043796096889926272,269.889858903965,-31.74774301660348,16.070618,2.4960365,0.09531460362883368,0.587379221020747,-5.069472411685149,4689.158
4043898733618208128,270.1800760979,-31.488751966257013,16.071423,1.2389917,0.8634520546919304,6.944927929258693,-10.250317448746186,5109.7207
4043809707552967424,270.003007330021,-31.46158388377372,16.071636,1.599513,0.36512878392729653,-1.8580422679979252,-2.4330329678551688,6455.542
4043808294414139008,270.0125808721629,-31.50727864803491,16.071983,2.4206047,0.14387177892698222,-6.696038333840539,-1.1005077888030343,6085.4233
4043802899941325568,269.9220255734366,-31.65128469225264,16.07218,3.726182,0.0738728998687443,-3.208043158894821,-5.837101473294182,3549.0881
4043809020358054016,270.041987332107,-31.471414704630508,16.072302,2.1127138,0.19822268836738466,-1.7603110103427728,-2.8607627446437585,4945.1562
4043801048846076800,269.8477707693858,-31.614411048193436,16.072643,1.6746559,0.44306826744912986,-2.90810614188341,-4.312454540862345,6662.7383
4043995692423109760,269.90220946502365,-31.469834275893373,16.072758,1.4245062,0.5215328779163906,0.1998872209963633,-0.057125532350076696,6719.7334
4043886982582242432,270.24370011187835,-31.51982924290466,16.073408,1.4970455,0.6325505921513652,-5.471114435770117,-3.2626475455615993,
4043789538381928192,270.07790016966,-31.73080830364749,16.074434,2.2449017,0.21021670990832247,-0.531196792511012,-7.936741040412521,4732.502
4043804411770313088,270.1370655645665,-31.56311055187252,16.075092,2.2707567,0.3428645970852916,-5.778246671175358,-1.832379618168639,
4043898321301114496,270.171214298392,-31.526423153190063,16.07519,2.28685,0.13090401864998175,-0.10181874997146446,-6.220129593873653,4906.7183
4043785861889522432,270.14385090191155,-31.787407856574763,16.075285,1.9790783,,,,
4043902749497646336,270.10986053717164,-31.438050432220127,16.07533,1.8803263,2.2692869237278632,-15.919639659867965,5.492710991727975,
4043808638011526656,270.05435361785374,-31.501266076136094,16.075594,2.6722574,0.12526985238396265,-2.824705899414044,-7.125640052530914,4740.232
4043796513359218944,269.9120577049268,-31.719349395485956,16.07598,2.333891,0.23059903861121953,-1.207078185229714,-6.531755762042005,
4043805580200689664,270.0618223316178,-31.529306061728896,16.076181,2.6205435,-1.2054835253124152,-3.169185980373176,-7.436031073645361,4027.9224
4043885230184591360,270.28258738840634,-31.608697896166053,16.076284,2.3763132,,,,
4043802492012745088,270.03529397073083,-31.63075177028518,16.076387,2.37739,0.1678660513806579,0.79245572033487,-2.5281585123158568,
4043792007898034944,270.13399588441604,-31.628433022284472,16.076443,2.0776796,0.15767314503969276,-6.941265365945231,-2.3111128402654413,5229.542
4043808882919115520,270.019849476503,-31.485034923112458,16.076813,2.7389603,0.18799057601516247,-0.7080615035914117,-6.404011844909329,4725.705
4043789710129154304,270.015467847354,-31.74292506612724,16.077272,2.2826366,0.2084917303260574,-4.496139509489505,-6.856808288898662,7471.4146
4043808436246454016,269.9697214467466,-31.51056525940656,16.077583,3.012267,0.14711889418357954,-6.125109205572485,-6.995249452476689,4593.906
4043899455172846464,270.15981266788367,-31.488458850815036,16.077707,2.016018,0.321095825748173,-2.0688692839783815,0.4074202709748552,5030.488
4043886123538299136,270.22150275128405,-31.59139288435552,16.077896,2.193942,0.14369468754979706,-5.460224697029019,-7.699229022641884,
4043902616185345408,270.0803452021141,-31.467744719711327,16.07819,,0.435237641068287,-0.07913046236138953,-3.117649690488911,
4043808092594071168,270.00590584844025,-31.54665595276095,16.078379,2.3350353,-0.07167638542021712,-3.7417956833042068,-4.37611208324947,
4043809054666940416,270.0553898372179,-31.44779725998262,16.079105,2.6167526,0.1782921008299087,-3.6338423295521265,-7.982724837989729,6072.8916
4043790015033106304,270.09162698089614,-31.70750348512624,16.079111,1.4234695,0.5155436492808673,-0.3836811582665873,-2.2316385777966854,5003.598
4043795826164167168,269.9663674974366,-31.727008840338584,16.079277,,-0.11159873817241925,-4.180435816750853,-3.685050565922994,
4043900142367911296,270.15699810903135,-31.449885910419013,16.079603,2.560048,0.01902531628230771,-4.592947640922995,-5.63276853245234,
4043898630538940416,270.17265724655863,-31.50178948344511,16.079838,2.3174334,0.14401780436648026,-1.3027653448577732,-11.399907730107516,4591.0293
4043792626373384064,270.17440551894356,-31.57981390569874,16.08005,2.6681128,0.08564567446510654,-8.161990351248239,-2.5523592998628986,4472.323
4043796513359138816,269.918378447287,-31.729387621170194,16.080168,2.2198496,-0.09352023715698644,0.8201841621771884,-2.0199619285215227,
4043795620057220736,269.9681714263337,-31.73622833109559,16.080221,1.4337893,0.5683862726251436,-0.0136731633137573,-4.9541456067347305,
4043806099781250432,269.9308100656489,-31.590476001476382,16.080605,3.201476,0.13629222796104887,-1.999672031620646,-3.4801722134082462,4751.1924
4043795654366981632,269.97799339575994,-31.728613724908307,16.080881,3.353572,0.06462974348412151,-3.729846240706008,-6.131791949323496,
4043801083256763008,269.84874794778034,-31.605963835701523,16.081654,,,,,
4043801594264933120,270.02633567855776,-31.708744848174412,16.081688,1.5158587,0.25178349773775976,0.36718660683094745,-0.0804064786529109,5184.25
4043806237220800512,269.8962089713334,-31.59626036680916,16.082087,3.1668234,0.02395570884252697,-1.5892898681311844,-6.600662498663995,
4043803144844249216,270.0078115751543,-31.631859996214168,16.082144,2.407856,0.01580136161775236,-0.5266391259942808,-1.7936108233241899,
4043791496885845632,270.20889758951944,-31.636000107115066,16.08224,,0.07066335104132399,-4.842909856284472,-10.5101184424039,
4043807985172720896,269.9034035512507,-31.492425805313573,16.082544,1.2079382,0.9520381337755444,-2.070315734239495,-7.831922907671633,5173.4346
4043885230184695296,270.273997790186,-31.60297139073284,16.08299,2.1557178,0.21766011062336113,2.2307970156446664,-1.6170987756595672,
4043899416436597888,270.1306336206301,-31.479327286287567,16.083319,2.7692652,0.12381230928153467,-2.788296157767532,-10.006965315786871,4685.5737
4043899523841132416,270.1458039845784,-31.479020862653392,16.083847,2.083929,-0.056848579350755386,-1.5806120282521379,-9.222064088283942,
4043801426803249920,269.81972028084806,-31.576356342160064,16.084274,2.6936283,0.17307102187806972,-1.3284741636365298,-4.207312886277279,4595.4673
4043790770953856256,270.15838848143596,-31.69205337329229,16.084349,1.5327578,0.38848926942783735,2.0144257149246183,-5.154326298573504,6033.7354
4043803316591511168,270.0125641586168,-31.607740592598184,16.08511,1.8588772,0.473695773076002,-1.690827645439247,-4.666138091295536,
4043802659423184896,269.95686372621304,-31.654992124976367,16.085188,2.4642782,0.1258255623878591,-3.918629360835426,-4.942158406760079,4750.5615
4043900142367998080,270.14987033424944,-31.442840814604352,16.085356,2.2092733,0.2250232223270543,-4.254829708564181,-4.6589915342439205,4752.4316
4043995147027425280,269.8518811636475,-31.52103172110899,16.085527,2.8116426,-0.003656540364226305,-4.301644982642909,-4.052338455047862,4589.7466
4043807611609979520,269.91233405449725,-31.53208784314682,16.085838,2.8582993,0.19042643394578157,-0.21596736331953584,-3.457038005317403,4730.512
4043898286941310720,270.16842705728385,-31.53849041287323,16.086239,2.0114527,-0.039101994303302356,-3.93429781704241,-0.9034473001727841,4705.045
4043899828779726208,270.1328560345979,-31.436882131404193,16.08638,2.5508862,0.41047935807854374,-0.08296302179439721,-6.4804832712931795,4885.0337
4043789156045645056,270.09710499731756,-31.73887973902877,16.086918,2.1818733,-0.06197503004864803,-3.4183852612779764,-6.821030614223577,
4043808363140121344,269.9905745049432,-31.510439540277865,16.08705,3.0210419,-0.009458193205595334,-0.3537927395095492,-5.13446880502592,4455.427
4043801804762782848,269.96232042949725,-31.69378592016018,16.08723,2.1590347,-0.0641536693740814,-4.184592503745285,-1.823174064535307,
4043791977922333312,270.12669739035744,-31.6412060568665,16.087769,1.4053288,0.5246116041244944,1.88344220178363,0.8444801554344872,5365.432
4043804205605198848,270.12385590214615,-31.594175198677828,16.088552,2.4629126,0.10928752152492402,1.2863208576140222,-5.73221822364261,4454.632
4043903024375711872,270.08538405673625,-31.42183267397171,16.088732,1.532321,0.7692289195278829,0.5733075273968762,1.385715618662182,5260.5044
4043782700790939904,270.03005548323165,-31.805512047932552,16.088898,2.739398,-0.14844476494816555,-1.4520433943132578,-6.375017965279683,5040.113
4043802762492380928,269.9582555209619,-31.652467179075185,16.089363,2.7601833,0.1874476491318246,-2.2359692682709413,-1.8974229205475728,6098.0747
4043790358630548608,270.09995928516236,-31.665676699169545,16.089434,2.2180328,0.17088756501771296,-5.549443718483146,-7.407886535444734,4927.5034
4043809879351703936,270.0254620160287,-31.42887316435161,16.089628,2.297226,0.24982685543916375,0.23132631925346903,-3.3341055681821796,4826.9883
4043902753708387200,270.10974771821566,-31.438161459919858,16.089632,1.9429102,,,,
4043792626373385728,270.16979157935526,-31.578118889077093,16.08978,1.3715296,0.3349372319841455,0.8590853983529175,0.2022554566516881,6467.6914
4043792007898034432,270.1468878654283,-31.628579030323863,16.090315,2.3120413,0.22059204205910155,-2.0469789123799185,-2.4325716270226945,4830.498
4043809707502114944,269.9915576793881,-31.463646924475693,16.091167,2.9090157,0.19093459843624194,-5.461648260565623,-3.5586274469638437,4547.3584
4043805481304600064,270.12618398628905,-31.51814068218908,16.091208,2.5519886,0.06193391929266144,-6.626066873391903,-8.979585906893075,4654.5244
4043783731583347968,269.99830278749084,-31.770469011222445,16.091242,2.7182293,0.05181363904319672,-1.85785943817311,-6.780823810655711,5095.244
4043789430917456640,270.03979370732395,-31.758824137442193,16.09127,2.053234,0.10892370502019172,-4.666006870700726,-2.45928089509594,5362.3667
4043801598654971392,270.0226499477383,-31.700814753225092,16.09129,2.2868948,0.09751923808559455,-1.6286652380943736,-4.699647927239147,6076.183
4043807474120618624,269.8653296184425,-31.53725568693439,16.091335,2.286438,0.3885060265524666,-1.0067610205786226,-0.8731981204629435,
4043796577739394048,269.8972351832463,-31.71705045268339,16.092196,2.1091137,0.20237724841420615,-3.9959246027615904,-11.600948118591118,6487.2354
4043808225701196288,270.0329812243055,-31.527698098686454,16.092554,2.2304497,0.11780131016486761,-2.09973837412267,-3.5378626810106395,4798.3354
4043899145883714432,270.19863336385833,-31.46663252414904,16.09286,2.033967,0.18947726174741103,-2.188369978655073,-7.163071258357977,4868.932
4043792252748033280,270.19641529690546,-31.626298013130455,16.093576,2.4683056,0.49252813487599806,-0.4010394993982924,0.3001418116370235,
4043788748107818112,270.0828687673937,-31.761207910999065,16.094067,2.6015549,0.15326169456020683,0.26596566442609,-4.025452682176979,4623.9546
4043790186837774464,270.06506886446306,-31.711943304718123,16.095213,3.1113605,0.09663592386183549,-0.5932692263317497,-5.690829013239132,
4043805893622720256,269.9215856345209,-31.627223433924122,16.095255,1.4627285,1.6769010922096435,12.614797736605787,2.8476431962782396,4444.275
4043792252800157568,270.1980296759252,-31.61419738023909,16.095837,2.619604,0.14556425438694834,-2.261828741596836,-6.6047935176262165,4645.6455
4043804927166344576,270.0756851060661,-31.56731886006895,16.095856,2.6627092,0.12452713976581684,-4.261766922549981,-3.4243421866683534,4520.296
4043789572741726336,270.05445644136273,-31.729628798094954,16.09599,2.7361717,0.06872398945627249,-3.8608584310280283,-6.296775854077187,7042.051
4043791771763825920,270.1489655866161,-31.65430071161369,16.096212,2.3747387,0.011233348996704196,-6.414981358901546,-10.894177031922514,
4043903028586592000,270.0897718665943,-31.415583158011522,16.096592,1.499587,0.7140967962601326,1.9682066153308289,-6.594854173085697,6005.665
4043806649486535296,269.98220276798224,-31.545521437745926,16.096766,2.1780777,0.12760271849886054,1.1441275100862491,-7.448705671839485,4913.0903
4043789778967629568,270.03493190648663,-31.728418480700142,16.09692,2.6416416,0.017767312574111165,-2.1923665102390335,-7.683036237772128,4611.7935
4043810184206424960,269.98975584802577,-31.417201703935042,16.097048,2.79074,0.09806006454413131,-1.7097852130085072,-7.510683207985001,4785.364
4043783280520544384,269.95762218492183,-31.78904859655791,16.097078,2.9665413,0.13101997820119082,-0.12602077980496448,-5.952240887094623,4747.1616
4043789946313622784,270.1008046258392,-31.711107323154305,16.097195,2.6164675,-0.06840888782921475,-4.150157542158306,-6.050833637087573,4765.5337
4043789430917473536,270.03256438985585,-31.750169095510095,16.09762,2.0642672,0.08335620461049899,-2.622973347760523,-10.854679463148905,5007.3296
4043802835605839360,269.9338817435504,-31.665840364786618,16.097725,1.4634666,0.5973911659086057,1.0638709700672913,-3.223390196901705,5399.238
4043899107198983552,270.1857458161823,-31.475394948338536,16.097862,2.4383287,0.14656269207849587,-5.181284620739049,-5.357809723995372,
4043799395237959680,269.8529354034787,-31.70264809724548,16.0984,2.4858227,0.10088712935564227,0.31756866521314,-0.46301562061002605,4890.1694
4043898626162455808,270.1772595041023,-31.50139144556572,16.098461,1.5236912,0.4365905132416811,-0.7622688555751094,-1.8891589083299452,
4043789847619724928,270.02892251537315,-31.723154460709086,16.09856,2.4647484,0.18028487130558385,-0.9222000298930703,-3.2216614197473548,4623.038
4043787545465067904,270.1938068675443,-31.72589320342616,16.098724,,-0.06239853574895084,-6.1987357059373025,-3.9803310802345555,
4043898969873892480,270.22499577090747,-31.474321490518264,16.098751,2.1103468,0.006998639964626768,-2.2500949441210705,-3.9845912499875475,
4043791222007861632,270.23281592443857,-31.65513153549704,16.099283,3.2513704,-0.21476707689921132,-2.5765951384292434,-6.672493500433024,
4043802212746660608,270.0596158766456,-31.650176333618557,16.0993,2.8571491,0.22082297311377636,-2.231939884594135,-3.790988298721717,
4043804862829378176,270.0442991558932,-31.567222001934613,16.09952,2.2480907,0.2509698623303339,-0.03765605197700652,-1.6260454879748751,4631.3447
4043898385649389440,270.21539156993236,-31.522129766978424,16.099678,1.6651983,-0.050380950319236895,-4.116249748256335,-6.378419962420799,
4043805550025331840,270.1017061302428,-31.50909305760337,16.099722,2.5291624,-0.5179498974990732,-2.0022639619593283,-7.300655531335779,7027.7617
4043802453258497280,270.0513490349407,-31.629005078212597,16.099869,2.632329,1.1630570453435454,-5.0877900900617785,-2.5489655614951747,
4043796715178388864,269.9202555658687,-31.687410994557453,16.099886,2.1187706,-0.14452774829212453,0.8153828357652445,-10.417051747466141,5545.62
4043805756182638208,270.10293739544994,-31.496169276952514,16.1002,2.4471178,0.27275721372146544,-3.3143290503845426,-7.043893255246819,5000.786
4043807096163276416,269.88678134901465,-31.578179640722063,16.100277,,-0.7216714631311832,-2.632716110614782,-9.357677935476818,
4043899867489721856,270.1783172315554,-31.470387467653612,16.100824,2.214489,0.14337281546743214,-4.2860104348788,-8.210340161722154,4619.7905
4043807401057149440,269.87891452861754,-31.538632337087897,16.101166,2.4783516,0.16842593162823127,-0.8760693489671687,-2.1809366526793945,4687.032
4043788473229796864,270.0917759632785,-31.784141885653614,16.10134,1.2465334,0.5053928531424102,1.2663379888231079,-1.4797183411996517,
4043802693772896384,269.9679041064411,-31.662118398792774,16.10169,2.4489517,-0.07915622507340966,-4.080022368829635,-0.9555730915033451,
4043995142667081216,269.8577655064018,-31.5139158174296,16.10247,3.0902548,-0.016363967823040775,1.7545039034987553,-2.8892657231421026,4372.616
4043789740338902016,270.0144839195074,-31.72498824753969,16.102499,2.5522537,-0.14461062154678195,-1.2235604665747448,-9.021164024619065,
4043802595087561600,269.9648838896706,-31.679341653940817,16.102695,2.3259153,0.6187945838289418,-0.8350528352535578,-2.8789864118537993,4789.311
4043796646468498944,269.935921253015,-31.708735764754337,16.103052,2.7687855,0.1448151242325221,-3.054363624092228,-2.3639832325447,4619.159
4043805270963003648,270.0426094842558,-31.52160044317571,16.10319,,,,,
4043807989567228160,269.9085002339423,-31.498352582934512,16.103256,2.5049524,0.17409463073070477,-3.3480583655439946,-3.2908484305717995,4949.252
4043806546457791872,269.9782364319899,-31.57687818845841,16.10358,1.561532,0.29213439006733793,0.8603371369262456,1.757428083923203,6688.138
4043788297045998464,270.10021618964186,-31.79951885963333,16.103613,2.388955,0.017264025789669523,-2.205313962454964,-7.586808621046442,4615.116
4043885122837704704,270.2637562805971,-31.60879427020992,16.104498,1.4556856,0.536362212200949,-1.2211134160274844,-3.7230358090725706,5047.1514
4043808912896139776,270.0331765507781,-31.46495963667764,16.104858,2.0066128,0.5047286749870726,-7.020294128221759,-10.315924477158145,4879.2983
4043788571960295296,270.06957314160394,-31.78121711415325,16.104927,2.32615,0.15465884124915288,-1.639491611315806,-6.310004872840909,4636.229
4043790908386350848,270.18082027789194,-31.674814609491637,16.104933,2.1662369,0.2828448493155273,-4.5043089863763415,-4.296753734910804,7542.0195
4043788915521408640,270.12862773232945,-31.745103702739062,16.105177,2.2219086,0.0927368498931995,-0.7063226737147755,-3.5396919967913933,4547.518
4043790667874663040,270.1895853002667,-31.69864591578965,16.105556,2.9403086,0.07429090042235374,-4.350619553657831,-7.179550245749098,4623.825
4043809016177782912,270.04381236022647,-31.455476316951646,16.105799,2.762642,0.01359243033530838,-7.631744259131799,-5.1751128738160945,4690.9814
4043788709547283840,270.10245053680444,-31.756071431600173,16.106256,2.5396004,0.07281296612763508,-2.850046362185433,-5.5521645025837145,4595.7446
4043783727197159936,269.99721839783894,-31.777648660099594,16.106598,2.285715,0.04398698562792412,-2.366482914035527,-8.154594618904195,5247.1616
4043804617922107904,270.13135301842186,-31.545014574826503,16.106739,2.2396498,-0.044753117461204035,-0.5699623781533177,-0.9778671448766036,6095.0522
4043885088451641472,270.2558079983628,-31.622013023395656,16.107096,2.604188,0.3082056401521062,-6.627480869588347,-6.293030409427694,4656.6353
4043886394095046016,270.1957308335475,-31.581882076992553,16.107206,2.5757723,0.6382608822098214,1.5633286102698243,-3.548482015206684,4749.6904
4043801044515387648,269.845291197223,-31.617655534792746,16.108065,2.951171,0.1421505495778017,-6.813750006740702,-5.465309286683317,4579.3696
4043997208561691264,269.9186756681592,-31.44848214086662,16.108402,2.6556902,0.04941689703798813,-6.350679857263711,-5.1356024604022,4630.028
4043807710305029760,269.9201076892264,-31.51892884701395,16.109018,2.8512497,0.0737483520720611,1.7661956385123525,-6.145055069351815,4651.0786
4043801461216000384,269.9938991123166,-31.73124694174138,16.109158,2.305667,0.036834787241873196,-3.4261112546322625,-9.108558023247083,4738.619
4043792081001618432,270.1324741107371,-31.610539092793534,16.109396,1.4030609,0.09715582047622458,-2.4806256572385843,-4.485114962002023,6220.474
4043903784501200512,270.03606822422205,-31.414032398231182,16.109436,2.4214277,0.03564140999293791,-6.3923174400645015,-5.012280134037728,4708.6807
4043885333314160384,270.2477290663668,-31.607256078138754,16.109444,2.1262598,-0.04634472059411724,1.7231304869168889,-10.08333323479466,7987.669
4043886501545991296,270.1939914966509,-31.551796401810652,16.109499,2.096239,0.3134868934501959,-0.7769800990176605,-3.200750261303136,
4043795787501457920,269.9268937878578,-31.72407980923361,16.109882,2.214964,0.10087659140502361,-1.005961136119779,-2.076098015113189,4689.1997
4043902684937754368,270.0828036557172,-31.448928001967495,16.109907,1.4579401,1.0730786702854382,-1.8332153869170358,-2.32915199153012,
4043803488440993792,269.98041121157655,-31.600285251486422,16.110209,2.3948298,-0.47287844856180994,0.6134970684289773,-15.09446199682046,
4043805927931884288,269.90218765078754,-31.6285818223833,16.110226,2.5703125,0.15465793600180477,-2.5678678209714985,-1.81409406386165,4580.511
4043792493318452736,270.1566148808398,-31.599434071291643,16.110424,2.3224297,0.03786766717532749,-6.576337452323754,-2.41346736270666,6879.2197
4043809978249712896,269.9773244325387,-31.443179126382855,16.110613,2.5648193,1.6980247043501273,-8.825609455771598,-1.857260476202821,4100.9956
4043885225882529024,270.26715403768674,-31.604786691260887,16.110622,2.526225,,,,
4043808535139458560,269.9871999890868,-31.494221641709874,16.110716,2.5636015,0.014880333603712416,-2.0098647770567832,0.7880141329398871,4995.197
4043902818076923392,270.10605492644504,-31.43304912932343,16.110844,1.810564,0.3214150754129625,0.9389854207009636,-0.8768540080356558,5375.318
4043995692662743424,269.90647682492323,-31.47558911923746,16.110899,2.6461363,0.029281801224491102,-6.095865856031721,-9.504294848513581,
4043899519515824640,270.138375356672,-31.479277059573228,16.111036,2.4356976,-0.0864501144206636,-1.8815613016035324,-4.737604956341778,4503.3613
4043790053726368768,270.1065149737757,-31.71097516288464,16.111328,2.2804956,0.09296639338865342,-2.951915927105356,-7.628154501911034,5124.688
4043799944993820288,269.89442443364226,-31.66735959102075,16.111355,2.7473755,0.08443088720136052,-5.523952021936903,-5.6509885900209476,4527.7715
4043809565731106688,269.953035706823,-31.467599811592997,16.111437,3.401845,0.1552738193105434,-4.278219507012099,-7.619603192110498,30007.945
4043803900705449472,270.1120447602803,-31.602734565376544,16.111723,2.1379166,0.21348335062373835,0.7983110027387933,-1.2499213383018248,
4043802040941594752,270.053013203745,-31.66501326534132,16.112226,2.3694696,0.07230599731759453,-5.645921225831415,-8.584479122581913,
4043792007898039552,270.1484087910118,-31.624715771366702,16.112312,2.600359,0.08371044686229562,-2.266584823018052,-8.93717811411625,4732.8447
4043790874033088640,270.1828449652912,-31.681109201998144,16.112442,2.688037,0.08926367262141482,-2.141172981506116,-7.062616162599939,4751.759
4043803690383403520,270.1025593517282,-31.62779421256292,16.113005,2.5394468,0.08665421193515871,-2.2803058501451106,-2.88972251812404,4536.014
4043788503210622592,270.10812817853173,-31.77547350997937,16.113064,2.5846329,0.11839945423647746,-5.065590416616012,-3.9190760384063683,4566.6313
4043788026552089472,270.24593667293897,-31.6938050910754,16.113201,2.3180962,0.21102459221464623,1.475986843746563,-1.5113953355622498,4587.8496
4043799395387054592,269.8534771588231,-31.708521621988208,16.113626,3.036313,-0.10934184068068568,-2.463184168965176,-6.12978198200523,5234.416
4043789637075917184,270.0173168201268,-31.743226202335084,16.113842,2.484727,-0.030657303265864657,-4.415736578350258,-5.747264117037344,4673.01
4043792145336997504,270.184018598805,-31.621778677183247,16.114178,1.1913853,0.9438732056816794,-0.9132859444128016,-2.0738227732490477,5098.258
4043790156857283328,270.11308208095255,-31.68978495746376,16.115034,2.361271,-0.0019468062570219945,-0.7558430352912036,-9.388097680356493,
4043808333112386688,269.9730196903861,-31.53115571845374,16.115065,2.7365112,0.07967008920780902,-3.753224303720931,-5.758822672241039,5008.4707
4043801766059912192,269.9879476355784,-31.70005689826718,16.115236,1.6003809,2.6712633810395268,4.180091715451899,-6.95603468109255,
4043800911457702400,269.8220665549966,-31.640821977121238,16.11525,2.6823292,-0.09093742754313053,-0.18193923759718464,-8.34053606275788,4768.454
4043790221191555328,270.08536766560275,-31.695563854562693,16.115355,2.203518,0.1609771500936928,-4.056621214456732,-3.380811259398374,4583.8066
4043790431735336576,270.0926134173886,-31.660208023257063,16.115618,2.4278364,0.13718796243369094,-4.901734543331393,-5.475528294676148,7274.0713
4043902921130262528,270.0811690899081,-31.430993839184836,16.115862,2.1715746,0.14660675458112107,-1.1026331104476077,-1.2322791247758829,
4043805206426841088,270.0489166765342,-31.537899057096265,16.116043,2.34272,0.48245831154481295,-1.248191795120488,-8.709416883380092,4578.917
4043805270757151744,270.0428148224213,-31.525269648492905,16.116209,1.5260429,0.32519671082462187,-0.7139857994969635,-5.811018349685321,5372.22
4043898969760005504,270.2268572280429,-31.480224796323398,16.117565,2.4425135,0.10241022633394553,-0.5059833483164491,-5.9281274563078,4355.288
4043783731583369600,269.9927770033753,-31.77057826253811,16.118073,2.0922995,1.5640644322905586,-3.2078635356906413,1.3872627130654718,5035.45
4043788090887790720,270.247299456164,-31.685961746289994,16.118258,2.3927727,0.19874831436366142,1.7080348384669413,-1.1305832240431404,4679.6177
4043809874962135680,270.03920080866936,-31.43413504860825,16.118694,2.5984745,0.02884882281607548,-2.318054689485155,-5.619170009300374,4650.2334
4043899764410851200,270.14067425928926,-31.454435057283213,16.118816,1.3671875,0.2767830707604418,-0.0891784322416447,-0.228064931247959,12593.744
4043804003786150016,270.05108520986556,-31.61064029756625,16.118923,2.6581306,0.12169072549640261,0.09265570276007133,-4.951642736621234,4666.872
4043903097306237440,270.06881547731996,-31.411863478159802,16.11917,1.9211273,0.3863880394461196,-1.2455091331400931,0.16967488613129958,
4043805996701958528,269.92528785758594,-31.61755997618991,16.119394,1.7524271,1.8224076908674154,-11.742154368715068,-11.412958510439763,4527.3066
4043810188589505536,269.98651270152214,-31.417508754823203,16.119448,2.8768253,0.02660866149366737,-2.69610171897645,-5.843125135780481,4601.334
4043789881979489280,270.0473578661413,-31.70382595044751,16.119658,2.3230705,0.19148635932746963,-9.99031231968852,-4.5675156135306345,4706.213
4043783452504563840,270.02395943715885,-31.79038700784245,16.1197,2.2214746,0.17426938557035945,-4.671672318953117,-10.078733497634385,4849.011
4043903161648462976,270.13423700184535,-31.427417516787674,16.119871,2.7174873,0.08228740226669201,-3.9788717231495245,-8.112442343144135,4826.4316
4043788301430998016,270.10114310237793,-31.80316544209291,16.119978,1.8278465,0.31256757809559005,-0.3919099597506121,2.4491595016525305,
4043807091819483008,269.8911433745546,-31.573001275816683,16.120045,2.5546503,0.05804553884933562,-5.807572604311518,-6.164416276213515,5031.327
4043885436393352576,270.2685779343865,-31.590959708701927,16.120125,2.3114128,-0.37075031203187747,-0.2695157839011139,-6.080080239857502,4890.465
4043796199791869312,269.89426406723476,-31.73312090027377,16.120214,2.7726889,0.13327168012198357,-5.821237594949918,-3.266094166522842,4714.5625
4043802281459773440,270.02144339022624,-31.656927160674893,16.120832,2.4443016,0.16985049280343031,-2.8883503314121137,-3.446851389280959,4512.1714
4043809187763560320,269.9625253779423,-31.502204289496174,16.120977,2.598052,0.1251212935089091,-3.989039656811229,-2.6184349784907153,5004.6777
4043809565932851968,269.9586780002956,-31.46977835051574,16.121239,2.961053,-0.090015158666477,0.462041163764103,-5.424527773939621,6028.325
4043997341930666368,269.93702486011625,-31.434591115412523,16.12133,2.607892,0.0690183743431822,-0.1401850376924966,-9.786063699556873,4544.8203
4043803862007801088,270.0920524432098,-31.605665422856433,16.122492,2.6268473,0.02022103880159055,-3.709639310251278,-6.933678218696968,4645.674
4043806095387053184,269.9402814968718,-31.593581153446344,16.123074,2.4353867,0.15938722437954184,3.0653083495986793,-6.251484718823225,4912.9688
4043902822428053248,270.0919672054435,-31.427898217641097,16.123106,2.4244413,0.31762970697689763,-3.5694480901141694,-6.908625387555898,4719.954
4043796960037115776,269.92491021938775,-31.673296555187353,16.123404,2.5296993,-0.002034245456687879,-3.960064473744431,-8.68050362671514,
4043802698166795136,269.9844395810749,-31.659609803450337,16.123663,1.4227867,0.37467912973307976,-1.6506675870123544,-2.9044471185654595,5598.749
4043899901798227584,270.185288188137,-31.44820638628761,16.12412,2.539856,0.05731496851523356,-2.6057026751962207,-6.301547132057442,4661.5054
4043803243532483968,270.025168480791,-31.625521749967564,16.12419,2.206252,0.29021060554581946,-1.1034025217892867,-1.7471463022367169,4750.499
4043808298803461888,270.02581327801676,-31.507660012860143,16.124355,2.5333824,-0.25292122623551877,-6.139604815887405,-6.297952765246323,4727.6743
4043801594264944256,270.0201363930042,-31.701601220091238,16.124393,2.3971214,0.31462273178930017,-1.7691714762794266,-3.1142918625104055,4693.1914
4043887016891913600,270.2315093746285,-31.52433374626256,16.124973,2.2888098,0.044449471313112,-5.902083569956547,-5.7446476324444316,4799.376
4043898591807790720,270.15198713258604,-31.516707747119277,16.125,2.538804,-0.1023198267979008,-1.5210182976238253,-6.61247813502061,7158.0146
4043801358134689152,269.8336499742283,-31.585495326574815,16.125269,2.698145,-0.07111981572528715,-0.8013207055125035,-4.098187273624793,5088.734
4043803454030598784,269.9716660444691,-31.608162848163303,16.125473,2.4067974,-0.24092598743066657,-1.6875995395748402,-7.198209909024972,
4043807023110201472,269.85274871115473,-31.582909014058725,16.125517,2.8436193,0.03081739200088552,-4.202756391485575,-7.435978336315461,4751.4507
4043799433988673024,269.8582116335766,-31.689057694723886,16.126015,1.324503,0.9806471962931285,-4.323996533127738,-5.141454856371564,4476.482
4043785892046958336,270.149300559504,-31.77064682926987,16.126728,,0.1236496212597778,-3.1157739723533293,-2.044176616596025,
4043789710180785408,270.0100776259935,-31.731772282335722,16.126907,2.4363012,0.06345918653319578,0.8624212336510922,-5.246632241024812,
4043788026552094848,270.2493451626614,-31.688773410417827,16.12708,2.245822,0.11741589042579273,-1.9576332982829374,1.6788130413152944,15013.41
4043809948071219840,270.02696610460333,-31.416491520977473,16.127234,2.1180077,-0.48098441173648093,-5.1111645426363514,-2.18745809621057,
4043796165609213696,269.8803767498466,-31.733570204422023,16.127743,2.6513977,0.15044998465221268,-1.3378650063101347,-8.765837643745291,4589.25
4043805962346954240,269.9125686540532,-31.614934509047757,16.12809,3.1606874,-0.10880743116578227,-1.8438305547995186,-3.675926041558479,3887.2717
4043791904993143168,270.1014442309945,-31.644680987975075,16.12831,1.3591557,0.4630831664965927,-2.788110435130507,-5.179549623871379,8257.135
4043804239964952704,270.1398236137736,-31.57880272094365,16.128428,2.1081018,0.07324855713952347,-9.26605245760541,-3.0898487254776823,5110.0205
4043789641461198592,270.0217178297162,-31.752349251667965,16.12871,2.2845573,0.14557017934896063,-5.117799447950676,-7.537830433408281,4926.9546
4043809909357009280,270.0060516541838,-31.432394406184468,16.128893,1.3797426,0.27938212865445317,-1.643688779357709,-4.41529109099091,
4043796990231647616,269.91087587679885,-31.67377449804153,16.128912,2.4575977,0.06709114463544477,-5.6546812715252655,-2.5546296975927634,4770.565
4043791599912995072,270.14392076422985,-31.672253606785443,16.129074,2.2546854,0.1506221637684439,-8.97510472323391,-12.645287903795516,7251.062
4043886428460434176,270.20954755875545,-31.568635389867772,16.129076,2.6059875,0.11492990633355989,-3.584316544223492,-7.761424223491603,5452.679
4043792184028653056,270.1674689976203,-31.621213425063377,16.129166,2.5608788,0.1057495101391149,-2.3951627254132277,-3.1980524458735697,
4043791733020101504,270.158303503301,-31.651185005455403,16.12917,1.6064072,0.27425844117845793,0.573590760264706,-0.4817497238924452,7908.6836
4043885505112957568,270.2503237647527,-31.589662588097475,16.129185,1.4484701,0.7763153075505342,-9.720917313909066,-2.9519731204874278,6836.3545
4043808638011532544,270.0542690906562,-31.48864981612349,16.129381,2.162939,0.38924098800080287,-3.0521789691830103,-5.052448464442634,4618.1704
4043789022933901440,270.1400408041154,-31.74613444484245,16.131065,2.0210505,0.10602218279558848,0.5569658569913497,-1.835501818210564,
4043802595087602688,269.9639122303088,-31.666299374333605,16.13133,1.461441,0.317379463342706,-3.983725814193874,-6.484055780542391,8483.425
4043790156857283456,270.1139592016553,-31.689430027780713,16.131495,2.090907,0.19320400239973506,0.7724091382002563,-8.369314234730503,7161.0806
4043789057345377536,270.1564845237573,-31.73513226803077,16.131664,2.3580656,0.10018027205675578,-2.43935067529498,-6.246975741988815,4630.5566
4043788645028609408,270.0633809611356,-31.77236684994588,16.13235,2.1587286,0.07011984180049699,0.6832769820567818,-3.7782420915106765,4821.522
4043788881161645440,270.1299720420031,-31.759885621103017,16.132446,1.9891663,0.25733599096490845,-4.219187672418371,-1.648612544922572,4884.656
4043804858440245120,270.0509096772321,-31.576790112303378,16.133,2.6923552,0.127725187927337,-3.472354309691314,-4.343534043845808,
4043803930727258496,270.0680238973552,-31.6208003180492,16.133133,1.5472784,0.5010798672015483,3.707206694672972,-6.61177233057854,5752.9272
4043803312258247040,270.00573609467625,-31.610499304696827,16.133162,1.481638,0.31396390622054793,-0.8078185802543899,-3.273789397271728,
4043787992192324480,270.2398573360513,-31.711681000639004,16.133335,2.0816507,-0.10527784769781048,-0.5803009991599188,-4.229406680703438,7123.8267
4043809222133720192,269.94594873436466,-31.49164172250622,16.133337,2.733468,-0.026343213332777008,-1.7799173314945027,-5.878445004465328,
4043809226516695936,269.9423424738292,-31.495221226870836,16.133398,2.7153187,0.06707342430152244,-2.262703726978197,-7.0084865544869785,4433.64
4043792248416212864,270.2013969548499,-31.62169052939101,16.133413,2.4631777,0.17659605659201139,-5.591661638039435,-9.697432999440643,4503.727
4043810081330202368,269.9768676378521,-31.420096917335883,16.133701,2.7774115,-0.03064438750683881,-5.525550180654272,-7.351792959776612,4643.815
4043802182719767936,270.07869869102154,-31.645704239413977,16.133879,1.3164234,0.1747091563273277,-1.5297217737631825,-2.1283552807845907,7422.259
4043997272979551872,269.9208443187335,-31.443388514692373,16.13388,1.5820255,0.37766995783085694,-0.5566806474899181,0.3147709420658924,6005.411
4043806099781217152,269.9407090265695,-31.594582272893938,16.134052,2.8462257,0.1682160840600902,-7.8262396026526035,-5.7919990819024125,4749.985
4043802766835661824,269.9635416649764,-31.648073398845398,16.13458,2.7450762,0.08473051220625184,-6.620995872485689,-2.42581292402323,4800.7065
4043790461894692096,270.1815100174454,-31.72646912897124,16.134613,1.3896027,0.4252059320722481,-1.3633380343800563,-2.2254372437697154,
4043804759750086272,270.0414725935822,-31.59433178141477,16.134901,1.388752,0.6621706623002968,0.7001759236204382,-2.497517880212608,5263.0605
4043804995885809664,270.0610665488087,-31.548393417830134,16.135437,2.2573643,0.041274016348774784,-2.996298623827969,-1.920851898339227,4854.666
4043886707703960576,270.2719615336404,-31.54698155710489,16.135582,2.4282045,0.1455835318889772,-6.187074716508603,-5.269703934061568,4546.148
4043803419721495424,269.98299426106837,-31.60388572676424,16.135586,2.4897022,-0.2855361988946709,-2.897218651174498,-6.199662569559494,
4043995765501553280,269.8890077420197,-31.465017333438702,16.135687,2.935275,-0.11334905356016461,-1.898719743376091,-7.351999997717433,4881.455
4043886123588334976,270.222977960239,-31.59997975177702,16.136353,2.2862206,0.045989141186228974,-0.9018693212195659,-3.8951779526851285,4892.0327
4043809703170097536,269.9996455657141,-31.45761039043902,16.136757,2.9104977,0.2714507911168729,-6.081339676434841,-6.986289339642729,4632.779
4043886673344291968,270.25495516419875,-31.551951791106497,16.13709,2.4508696,0.5738222614866224,-3.5035007022430045,-8.330228999524296,
4043801766059924864,269.99490037848295,-31.69157461028205,16.137236,2.599907,0.11337960921489013,-3.2375924257073083,-11.71438042955322,4595.0234
4043886325375671936,270.2309967293258,-31.565887785618862,16.137257,2.1384811,0.239643921755745,-4.452785716897876,-5.055627139877765,4947.5024
4043809050328410112,270.052242866914,-31.447277378898924,16.137306,2.583499,-0.051876009244040504,-4.744133653675396,-5.342193013787791,4703.253
4043785994970069248,270.1623036134793,-31.755987256331455,16.137527,2.7055883,0.3248098354393774,-5.149085356166692,-6.408806567853571,4697.465
4043791183270779520,270.2509253622481,-31.645597797784994,16.137789,2.735138,0.1044008159022004,-1.8306740395550043,-4.53147377055759,
4043900137996627712,270.1536255772904,-31.45091421704193,16.138264,2.1544743,0.05812950844489126,-5.838675300726961,-7.210869991018344,5292.5444
4043783559784602880,270.0176937072249,-31.768545032408223,16.138334,1.7802811,2.708787978097897,-14.577972271402748,2.587031406994395,
4043785892046845440,270.1594242337762,-31.774752066385602,16.138449,1.9266415,0.13491677618322045,-4.675879138670047,-8.545515232319662,5045.4336
4043808711069430144,270.04530234116487,-31.492745252470996,16.138468,1.386529,0.6989732375534453,5.765719137536619,-4.059658444032992,
4043799876284301184,269.8646522015135,-31.674772680396003,16.13856,3.0119,-0.009707310292901998,-4.69316373061192,-4.068512495358116,4173.886
4043807474171152512,269.85880923540117,-31.531245330622994,16.138561,3.2422915,0.07235995401280162,-2.769647442249551,-3.189881027225966,
4043810085510291072,269.9759096954321,-31.42639158480973,16.138779,2.579875,0.1757011013073411,4.192546107419068,-4.165336905806955,4604.682
4043808951638670336,270.0059048231054,-31.47537510737196,16.139174,2.6826496,0.2570624091622451,-2.492498752812539,-7.334927451270908,5249.7607
4043801529935508096,269.99440565749643,-31.712905791869616,16.13934,1.3640299,0.32303054158126204,-0.48583071799503896,-1.3376051069198067,7492.235
4043806615177317760,269.976310471512,-31.563266431423873,16.139378,2.835493,0.10753529205943813,0.12491308260504935,-1.9436884359380737,4672.199
4043791973544682496,270.1379623518666,-31.643393501778004,16.14133,2.5841303,0.04265995541899169,-4.585376154011419,-7.5717177611697295,4782.3774
4043803896374217728,270.10942855441704,-31.591730385926994,16.141636,2.2323303,0.061843936669267005,-5.2801419828360965,-8.26500636751638,5144.4277
4043804755360997248,270.044322553218,-31.606332264741333,16.141823,2.696682,0.08978099475295183,-2.6278967885552516,-5.17773810226176,5026.8325
4043792523294157056,270.17563302495347,-31.59034597699278,16.142815,2.347929,-1.6317826908529967,1.4538231632657546,-8.943721140071816,4971.377
4043808711120367616,270.0410895154392,-31.48283796074582,16.14365,2.2015858,0.17186113152746085,2.667624266120936,-5.193537440198447,
4043899416436559616,270.13909128254534,-31.484961326548586,16.143732,1.4887877,0.45054841002769347,-1.3228594932162376,3.046261638278012,5645.678
4043809978249933440,269.9762091164997,-31.439453464007528,16.14384,2.4682016,0.08530893410226165,-6.091430346357536,-7.191321585443474,4674.867
4043801667374464640,270.00962703663413,-31.701797037785592,16.143955,2.3423204,0.19242972156668084,-1.4131480100317886,-4.849507779337514,
4043791527033173120,270.2203192069302,-31.620991121464165,16.143965,2.5555267,0.04324795572056637,0.4810346353543166,-2.4821306346367606,
4043801770453753600,269.98840318750194,-31.690184699848746,16.144417,2.1430626,,,,
4043801770458042752,269.9832600063689,-31.69030381058184,16.14444,,0.03367516532688936,-3.032297535145171,-6.126505113697512,
4043795860576419840,269.9584702860991,-31.717522678383585,16.144455,2.1279554,0.12925187803206073,-2.2550668603841,-1.2809169833793967,4804.49
4043808019532459008,269.90865039844414,-31.49303132771326,16.144503,2.718504,0.1592807634245929,-1.850332530903953,-6.2029639820881,7390.9214
4043808810019352832,270.0560652549451,-31.46622423321634,16.144608,2.537404,0.014948817371540513,-1.5552493405905041,-1.8072910290177948,4707.4297
4043806713862372608,269.9440778606813,-31.557897870501098,16.14463,2.0733318,0.4059055073310705,-2.543035053957974,-1.534425175891205,4790.184
4043804759699199872,270.04172555513713,-31.588348329189305,16.144712,2.1256123,0.14395139384547714,1.5264320920887346,-9.429980309301149,6956.901
4043806748232364672,269.929140882479,-31.563800682628056,16.145065,2.5173464,0.26581275666337856,-2.304512655465812,-5.101203678579708,4773.457
4043809810632266496,269.9954360066599,-31.443298379507148,16.145084,2.3277283,0.17141713679325238,-0.25869244713972744,-2.42522658350579,
4043807577250259840,269.8970637807839,-31.536742304890165,16.14539,2.8272276,0.08543161386130563,1.960976835111844,-4.430007290187888,4639.799
4043789400942893440,270.0629955079407,-31.76208283434032,16.145561,2.2154932,0.3128619999594597,-8.08297577837848,-6.2950678360229775,7424.048
4043792562037895424,270.1817390061134,-31.58939093597234,16.145662,2.374733,0.2003977105553891,-2.3279604571661956,-5.224735757997992,4809.2744
4043902616218036736,270.09410912611816,-31.468272578554604,16.14701,2.1220636,0.5517924511884669,-0.3264696318149983,-4.660176292888158,4827.4253
4043802762492386176,269.9652418820011,-31.647833603037096,16.147324,2.6831388,0.07043684194258243,-4.628387767660311,-6.912040429243914,4993.4805
4043804313022377600,270.1306116027053,-31.56959661405205,16.147457,2.5106707,0.08076187139819217,-6.432276740136503,-2.7528142055274225,4682.871
4043789744488973568,270.02077052989085,-31.727146227182615,16.147509,2.1843815,-0.2388826802444468,-2.265350265766447,-3.4093410689298156,
4043800052464568576,269.89343126721354,-31.63468190549803,16.147848,2.9667406,0.144132421171228,-5.897781462748849,-3.029432705707493,4533.9824
4043997346000608512,269.95000204425526,-31.430218067618178,16.148722,2.4014215,0.3392759957410025,1.7676948853270158,-1.5723296112321552,
4043804175634482048,270.0817283136321,-31.57641739380916,16.148798,2.289321,0.25984945511006907,-4.316285465120273,-1.6623881659277804,5106.933
4043886737750343808,270.2574929556668,-31.546184492940757,16.149206,2.0723095,0.13210005426242682,0.09029062871730319,-4.776901283885425,4989.5234
4043792149720946432,270.1819531171282,-31.626269086177444,16.149504,2.925335,0.09511600191785355,-1.8041886204111401,-3.147230290120891,5102.539
4043785758759494784,270.19457218043704,-31.764537850667228,16.14951,1.8597469,0.1351525874170641,2.90812322493463,-8.557714668550805,5300.386
4043899695691507584,270.11159778774135,-31.459579873135958,16.150011,2.1327972,0.0820189133028501,-0.6189425934194331,-2.298503537328195,5137.31
4043790461709675648,270.1851379615508,-31.725864576901994,16.150192,2.3045368,0.10954279739998696,-5.9530182186960845,-6.274538771948986,4605.8477
4043804003784878208,270.05178071368397,-31.60002266323254,16.150461,2.3107586,0.10561640939925954,-7.087933450936694,-7.176040117151825,4769.9937
4043791801739592064,270.1579275006927,-31.639690539166544,16.150475,2.6052504,0.0717799786549093,-3.068685663616653,-7.1013504417721975,4678.187
4043807267962126208,269.85432434390816,-31.560938312315,16.15048,2.8368053,-0.09184333817174695,-3.187427550705891,-4.491675425501124,
4043788915527503616,270.13912909250854,-31.746317203164928,16.151018,2.472126,0.03860458833942797,-0.9579922179499337,-9.817926845912947,4728.238
4043783486864547712,270.03391826097754,-31.780242504526147,16.15117,2.093814,0.13198838425877302,-3.8805288962466413,-7.374473394655096,
4043808672578864000,270.0367824686149,-31.49758260721146,16.151825,2.9577703,0.19392542907764398,-2.3809928644139533,-9.360109048307226,4720.392
4043792592013643776,270.16530387642024,-31.581645832541152,16.151888,2.4189415,0.026461690103821447,-6.536155568385831,-4.962295992683792,6011.385
4043898695046293632,270.1648353491387,-31.497549606751317,16.151987,1.5315895,-0.17402451627019677,-5.771760116828387,-7.2974198085352455,
4043805240786588160,270.0340053914478,-31.54771368863312,16.151987,2.4768963,0.5128165132618113,-4.765936514565097,-8.415621041183744,
4043790049429236864,270.11400276478054,-31.70017550428987,16.15204,2.3284607,0.14718475872717357,-4.66332648675151,-7.005235400084093,4617.6177
4043804171421333504,270.08822554550454,-31.577414613227607,16.152134,2.7213154,0.09430247588069995,-0.6309416685323426,-2.800502857029741,4627.766
4043799876274338176,269.85263726502774,-31.671310440259354,16.152405,2.496869,0.09437886071248716,-9.767475079754094,0.427741051102261,7242.982
4043790805493388288,270.14281763040907,-31.6933784162267,16.152931,2.8060637,0.20589223552961894,-2.176639369771297,-9.295172293568498,5536.8013
4043804549237710464,270.0976762034932,-31.55423022655743,16.153292,1.3131323,0.658249586187326,0.10633710457389556,2.7387895699683504,6437.6133
4043808294420664960,270.01892635153393,-31.508368714296594,16.153307,2.7590275,0.006980164974488008,-3.586091836494396,-4.745427223397367,4647.2935
4043789430923502720,270.0254270749556,-31.758787159588604,16.153402,2.1589031,0.17532507070822811,-0.816987637751351,0.5073487947206023,4851.051
4043800258623004032,269.8807480039998,-31.636220604638833,16.153557,1.2639608,1.1367917738940283,11.13878103465289,3.3478258906588474,5038.066
4043809810632264064,270.0038835647387,-31.437224739827382,16.154432,2.2496586,-1.488793019747089,5.3070434793463885,-10.904702274832847,
4043791703109149824,270.1540890754613,-31.654918836392927,16.1545,1.5355911,0.5078167399693081,-3.0470218492699646,-8.024595170382376,7037.564
4043803930733588224,270.0731169687288,-31.620560468108184,16.15458,2.7379932,-0.1326141840035089,-2.518760880196095,-5.212268902905,4663.522
4043809157797111552,269.9621872285683,-31.510171795225435,16.154638,1.3342276,0.5776632215387871,-5.30176227013238,-10.267910660420858,
4043790908392833152,270.1919234320588,-31.670457804690944,16.155033,2.3058224,0.08548235942822886,-2.486478468044108,-7.045525155274724,4915.335
4043789980673346176,270.07014804425023,-31.71992600121384,16.155336,2.2452745,0.03657150385963505,-3.4673219651751537,-9.471163197985867,5137.3413
4043804239964942848,270.137157801462,-31.588822711188776,16.155638,2.6405401,-0.034568067026398336,-0.3817582930372935,-6.53597774596653,8091.4297
4043802144020816640,270.06792696027253,-31.659117106772097,16.155659,2.2720165,0.13606399238070896,-2.9756021823297005,-2.960945668136837,4555.684
4043804278662574720,270.1197124459643,-31.594573813201286,16.156054,1.6185293,0.5854342665577503,1.6667559596175192,-2.9323654290491215,4954.8438
4043790225525315712,270.07480719409557,-31.690990425751757,16.15608,2.453084,0.26425720221846005,0.06508806036180709,-1.3686404057238104,4705.205
4043801461216000640,269.99688854790236,-31.729032989661135,16.156212,2.715085,0.0676661799762479,-0.8764328125738471,-6.8745438567415835,6108.867
4043795929295011584,269.95107016859026,-31.71082325055788,16.15659,1.2634106,0.5756592914458076,-0.08273105891752978,-0.7148359035481109,
4043790500401043968,270.1930968048044,-31.716431232244716,16.156729,2.5139103,0.05364696067891946,-6.253065657867469,-3.1375220798481847,7033.1997
4043802010921032320,270.0417058217657,-31.677599595600658,16.156824,2.7807856,0.1503348025218026,-4.373354039386942,-8.638593050269215,
4043899730051146880,270.1238999341519,-31.46354128846997,16.157442,2.4757404,-0.337860588122498,-0.7174015941030745,-8.137853522391783,5119.5986
4043801010145763072,269.82515774700585,-31.608159299458894,16.15745,2.5798244,0.058324252933470516,-0.6812257737152596,-2.060733071201949,
4043787438052640768,270.1941233630728,-31.754776380117924,16.157824,2.3127384,0.09214446439318442,-1.8399700276743514,-6.47206293429755,4663.4478
4043789705795398400,270.0069283357269,-31.741524198382457,16.1579,2.468032,-0.06748353244222206,-2.3247278146898647,-8.069341202003216,4689.6294
4043802178406361472,270.07936016047785,-31.656566263957394,16.158464,2.5591812,-0.04916428283219741,-2.663786861096688,-4.450532631667758,4399.3813
4043808088290751744,270.01243873425386,-31.532161784707156,16.159052,2.2984343,0.0385272480488113,-3.628896840677911,-5.6652565121311165,6072.7915
4043799502708193024,269.8484628354545,-31.685238020188265,16.159056,2.697731,0.11426448244358353,-0.15775705442224067,-0.08805219880604241,4716.8613
4043886123588347648,270.22685962072234,-31.594714810377607,16.159182,2.7049599,-0.08436418728444,-4.996940036459631,-1.593682914630421,5391.3564
4043807641575323008,269.9403651016904,-31.528765378095883,16.159418,1.6270227,0.2962500523396002,0.540072379743263,-1.296484176664241,5445.673
4043802869914949248,269.9354138699695,-31.650820099862784,16.159458,2.8166866,0.02821648645230743,-4.1847827861274505,-6.587901955602807,4546.095
4043802625053412736,269.9414705170587,-31.66811024023733,16.159561,2.5251207,0.15131464737339917,-4.543332488005944,-8.481134088919216,4777.5938
4043809737529848832,270.0136583737373,-31.449997721544253,16.159592,1.4041414,0.2918182808080137,-0.8673003557450216,-4.407349992179331,5334.7896
4043886123538221440,270.22614941657974,-31.598270162252525,16.16013,1.8545504,0.5967913794849586,-2.1212002652945845,-7.297759604911037,4710.8164
4043885363308083584,270.2357442248777,-31.606950828624658,16.160131,2.0946121,0.05261284675338917,0.20828932028802463,-5.215702515958243,4741.0415
4043790019418311296,270.088988096299,-31.710825013124293,16.160534,2.3203058,-0.10887716869197392,-3.311460912276597,-3.6570796057644266,7184.798
4043791836099296896,270.110631092539,-31.66728867438517,16.160553,2.2880726,0.1396726014906773,-1.814288642597818,-0.7017584102601656,4691.043
4043803759102640768,270.0887426409505,-31.623767612565057,16.16069,2.5428333,0.076824169746523,-4.502865723480229,-6.186222094467906,4510.2446
4043807710504100864,269.932927591656,-31.51909486731537,16.161013,2.7382755,0.02112957464675168,-4.1504436188298754,-2.0441390988332837,4885.506
4043809462641477760,269.94094687888264,-31.4730721180789,16.16106,2.5069885,0.23734589024604041,-0.9170865567657581,0.5360201467568247,4679.551
4043796680818638720,269.95330960490344,-31.69691398820728,16.16111,1.4812994,0.6754480646869034,-0.9677952512379314,-4.586713917442209,6002.277
4043803625879984384,270.00688247131825,-31.571935683000156,16.161419,1.3533096,0.6036774013252364,-0.633548934321319,-4.377280450272938,5194.1807
4043791561227817600,270.1335910003985,-31.67630210118574,16.161585,2.5298433,0.01571105797165873,-1.4356709009601407,-4.38120836528635,4731.7017
4043805098964992000,270.0109667541731,-31.571688142936097,16.161875,2.2494898,-0.022816292464564427,-3.43348447365746,-4.957610259855528,4860.5195
4043898836645823232,270.2055166013179,-31.490043658124836,16.161957,2.3663673,0.1174440318479328,-0.15402712711363875,-6.692242584603021,4797.656
4043788846801907328,270.1471625378051,-31.757821060543446,16.162363,1.390482,0.6041265868513186,1.9995786343109634,-0.7508273019890639,6404.2954
4043802006581826432,270.03955929336297,-31.68689944668898,16.162365,1.3148642,1.3043444759791487,-4.397119394124195,-3.6259264607816144,4796.2363
4043791595587563264,270.14168038048007,-31.675301722701203,16.162436,2.4483604,-0.08630434784099299,-2.9526710810142567,-8.169936901430292,4684.0
4043804514849523840,270.13158863098283,-31.561490491781402,16.162764,1.3755522,1.0615361616022296,-1.824432725320082,-8.147619800695853,4610.8267
4043796101094592896,269.8978130022972,-31.74999133864973,16.162886,2.1344366,0.13241760573762715,0.4071475750752483,-5.271950608791849,5144.411
4043898252529978752,270.1866899550716,-31.549669229524575,16.163744,2.2874079,-0.27042808680632197,-3.645649133465153,-7.533514503875228,4757.71
4043806885686785536,269.93771708339506,-31.543276564587142,16.16461,,0.09962907752214316,-5.780555759909056,-1.5362930666140342,
4043791015849386880,270.2227484246171,-31.68389856746034,16.16463,2.2785463,0.04901797111419117,-1.243483298855079,-6.55581702197007,4740.8804
4043885363308082304,270.22656414876894,-31.608136841404708,16.16536,2.6244926,0.0967963237751679,-3.083654080447243,-5.277711321017831,
4043788060911851776,270.23350629119363,-31.693099039369997,16.165611,1.2712946,0.29425246644677877,-2.049876433187233,-4.080647233459685,7237.485
4043795615666698624,269.96818540129226,-31.732603788478205,16.165821,2.1278152,0.18258298119528402,-3.2997610844351133,-2.102820782916309,4848.7505
4043809329595869312,269.98940526062995,-31.4661385736055,16.165892,2.294073,0.10845941005044532,-2.1993891566441213,-2.666755891974286,4961.981
4043806580817530752,269.98918868587793,-31.56956246803298,16.166023,2.6649294,0.04865203392634843,-3.373779818117829,-2.9065869017502397,4562.2437
4043808844169974272,270.0703343234904,-31.46278840726251,16.166145,2.2007122,0.22749261567890308,-1.8501081823622307,-2.3693448966025934,4609.561
4043789809060528896,270.0479934872597,-31.71364428263273,16.166222,1.5104847,0.691071358121636,6.706482017795751,-1.892905748002463,5024.2227
4043899523841253760,270.13736770907195,-31.47341603514379,16.166553,1.3998585,0.500712837866018,2.297761904193744,0.797884919400235,5854.8804
4043800121183563648,269.8545084194624,-31.655569671508488,16.16659,1.6691723,0.7341309501387453,-0.9923579466154829,-9.504282066724736,5125.8784
4043806129746773376,269.88586306684203,-31.616712859868215,16.167244,1.944562,0.5116059233907477,3.3407939303479326,-2.349324294575257,5001.986
4043807061854124032,269.86788785456463,-31.574018985073398,16.167578,2.625659,0.23180855275110662,-0.44276556326768174,-2.52516995594818,4657.318
4043804343044174592,270.1517425603214,-31.573087896327987,16.167585,2.3594809,0.06185863197105998,0.49475838930052785,-5.980749314169796,4738.986
4043809531371361024,269.93371203176923,-31.47188025649859,16.168255,2.3230257,0.2129374280284245,-1.1903671455078872,-6.264045725636624,4945.6963
4043902783857814528,270.1198428793604,-31.42699088946778,16.16852,2.4533463,0.27424089424523546,-5.720575433741839,-2.95420902508104,4718.8687
4043789534033073152,270.07333110084755,-31.74503644864073,16.168543,1.5943823,0.522586591868356,-1.5503756907755621,-2.8469510270949705,4948.3145
4043899111575359488,270.19045962194,-31.47568351495535,16.169155,2.1057405,-0.005762393329471369,-2.948515179001856,-2.1787042145984956,
4043792248422632448,270.19571333909886,-31.618427167110344,16.169777,2.5261478,0.08932744580984503,-5.438902940188381,-6.516668435793189,4727.358
4043801800419654528,269.9607035256487,-31.6961619282571,16.169819,2.1919231,0.23613396366669073,-0.14244203970816083,-2.9855408491737805,
4043805412585156992,270.0972007042255,-31.5311303164846,16.1702,2.697586,0.1120478150218064,-2.6050712051462623,-3.0982039122912752,4618.855
4043806473344185472,269.9411223385417,-31.581068840861466,16.170609,2.532815,0.11601639766443576,-0.1927262253169652,-7.449536767990062,4678.7417
4043809462641479424,269.94950175894223,-31.46945558256438,16.170805,2.6260786,0.05643630203782682,-0.4724676473390463,-7.532217094151848,4785.9287
4043807641585571584,269.9382827647311,-31.531073085850693,16.171902,2.8689928,0.07675410200755167,-0.6950641942832902,-4.1726092903836145,4807.4004
4043801388102899456,269.8178108458031,-31.589750824246323,16.172142,2.2286444,0.3780880308321108,-8.756801146071298,-2.5542075523391894,4986.613
4043799811945758208,269.87743885263154,-31.682589332031508,16.172209,2.626483,0.20632386316188472,-6.278941560054424,-0.7723326590985545,
4043806718205996800,269.94556291783886,-31.572149891065926,16.17292,1.4481201,0.5706666412136495,-1.526655920918779,-3.8521979062383327,5869.021
4043796169813306368,269.88451758300414,-31.733479123809254,16.173302,2.6172848,0.10756482063672132,-6.333830830612731,-2.602455868751012,4773.305
4043790156805737088,270.11157663780835,-31.68179987658735,16.173382,1.358305,0.8600967356002621,2.578998109168509,0.3818276764008901,5481.8677
4043804136885731456,270.0824374759364,-31.585348893697002,16.173538,2.2340393,0.16101749068497762,-5.521721766982359,-0.803973187311642,4745.338
4043782627689148672,270.04098419422684,-31.80793629136223,16.173592,1.4661646,0.6528853515128332,-0.10347828903942502,-6.686888949442053,5565.8477
4043789156223883008,270.10887270758633,-31.738200796684094,16.17401,2.267251,0.5021946693112564,-1.6341000972132755,-3.741237462871004,4763.308
4043808672377974016,270.03743882086434,-31.495487257675975,16.174059,2.4916353,0.26262070636815144,0.46317064934090796,-6.377628378688099,4691.8516
4043806267185745280,269.90733970611416,-31.593462970344316,16.17411,1.7142935,0.46322695661507785,-0.3819224474810421,-1.4372729204609438,5093.8765
4043805270963016064,270.049492663854,-31.5296986690632,16.174252,2.5244455,-0.9594368290361924,-1.048087785943745,-5.674243243904577,
4043886192307944320,270.2079620152138,-31.593940670592218,16.174305,2.53413,0.04832266402015575,-4.087527665471148,-8.45220307876405,4657.8984
4043807164933377792,269.8801922437572,-31.553946338414924,16.174335,3.1484966,0.12132711744033597,-2.8873754973585957,-8.00507205879039,
4043788915527497600,270.1285635873145,-31.747937524724364,16.174421,2.3937473,0.1384542299937165,-2.862487297449454,-6.003167039865971,
4043788816827082240,270.13343221154827,-31.780377108541586,16.17457,2.075964,0.1293743115116039,-0.9632476207734275,-7.109414762045163,
4043791840484596736,270.1043949075888,-31.6591036480658,16.174835,1.3237658,1.0174609141071398,5.339664995589779,-11.19758045452462,
4043789533996703232,270.07211362366894,-31.74288229382467,16.174871,1.4084024,0.6259121467916383,0.8021447206477105,-2.8883273801777998,4927.6875
4043801048845527680,269.84373803137396,-31.623999984510377,16.175192,1.450285,1.3539347481635469,-1.7953776411675135,-10.97194435406508,4704.2314
4043886501585946496,270.199970498596,-31.547240001309813,16.175406,1.8460665,0.30718781370490644,2.95259847914974,4.212498974025303,
4043788816827162880,270.12554515791834,-31.766763227665372,16.17553,2.5100698,0.2402268203088035,-4.091332170644524,-2.7965059203064553,
4043790363015822208,270.09763639131023,-31.672003536805313,16.175571,2.2088995,0.3773225688489312,-4.793159581252835,-7.704982035993298,4672.984
4043899691320003072,270.11577503466424,-31.469427098130915,16.175737,2.1313753,0.13299340366239884,-0.3754024036809403,-0.921211456981426,5006.1587
4043802079691338240,270.04083795904637,-31.675729767643645,16.175817,2.6290293,0.08361471175501108,-1.2868587490660863,-0.5831332680386503,4994.336
4043791187648111360,270.2497279877611,-31.645817367381262,16.17624,2.4495354,0.07498237110646852,-0.6578496649190855,2.8417649007245345,
4043898389968937984,270.20809762476256,-31.52773422819582,16.176252,,0.31909718885548377,2.033967271193364,-0.6546986921959571,
4043804828418692608,270.03671402286216,-31.587862142106626,16.176285,2.4200878,0.09272399866340889,-1.7104746995533178,-7.265446891749104,4849.9487
4043791973538289664,270.1293008619444,-31.63414253863637,16.176918,2.0800076,0.17501185485221868,0.40409228166672273,1.7132703955172555,4980.3066
4043898321301137920,270.1733410305539,-31.521861903459858,16.17696,2.1269178,-0.07220414313503354,-1.6977588285803058,-0.29557862467797147,4606.0957
4043898733566854400,270.17139938401556,-31.490369099068214,16.177004,2.028492,-0.08711075826068308,-1.2705310906982956,-9.278612680231877,4870.59
4043790564975457152,270.1820174173727,-31.703315343500435,16.177113,2.4883814,0.1602659335997961,-2.7916478607332538,-4.981531631605677,4700.558
4043792179703139072,270.1711150917993,-31.630419200540572,16.17822,2.4005308,0.11287005799091804,-5.352925032828115,-1.2207854757627454,
4043788232710545664,270.26127839439846,-31.668106906725225,16.178392,2.2571583,0.06596277555681827,-8.324333643445025,-11.6004713699942,7428.4263
4043898871056921472,270.2140246722107,-31.490948769696768,16.178556,,,,,
4043997341699037568,269.94215907713436,-31.43659014266712,16.178764,2.646202,0.07690431289259456,-3.6190901334696433,-6.72025775144841,5077.0225
4043807027443880064,269.8591705802698,-31.577543757996636,16.178774,2.8486443,0.06096032350770621,-2.1463215102081494,-8.140835742526928,4671.1016
4043787614182894464,270.2275367423605,-31.722748561003446,16.178848,2.238739,-0.13063283226512667,-0.41468290659337137,-0.6550606336468913,
4043799704475653120,269.8377756625464,-31.66582572372245,16.178953,2.7587738,0.05808640585951267,-5.280603706767809,-0.9893862210343949,4738.8296
4043802625053405952,269.93831903056633,-31.672729187396943,16.179068,2.9277725,0.03639006973552611,-4.732558657607882,0.29537954763999563,4909.267
4043809398315384704,269.9838884471771,-31.460187617099464,16.179085,2.2701845,0.0595471794754202,1.150981360935325,-1.0932738918801475,5391.676
4043800151152271616,269.8336784093227,-31.644576595376382,16.179405,1.4640474,0.5156707508764267,0.3260328809265711,-0.03850930373739289,6534.441
4043789912137865856,270.0885978171514,-31.72933150016573,16.179758,1.4618177,0.700116316523016,-2.618978344029229,-18.494975217363113,5514.3726
4043791904818799104,270.0989711655033,-31.64536481336745,16.1798,2.0034008,0.19544174393006547,-0.3390167074919201,-2.9900474238669825,4911.0327
4043804480483124992,270.1033595974176,-31.575431813934994,16.179945,1.5412598,0.3866363674338186,-1.608237691152209,-2.4211154132656136,6300.2065
4043806576423417856,269.9946002823979,-31.56218180023708,16.180422,1.4672995,0.33566442338620756,-0.020999758088018204,-8.142160555485102E-4,6792.816
4043789156039587968,270.1026824407343,-31.74007193325123,16.180613,2.468152,0.1602049791547865,0.20222263832940807,-8.265991838815165,4779.1523
4043807813583244416,269.90274630100964,-31.527217076077722,16.181309,2.8503141,-0.042342138954154736,-2.003566552464907,-6.47923073309845,4916.684
4043803351001968384,270.0214039200895,-31.592891625923336,16.181309,1.3767338,0.5837836448710547,-0.6138039513759084,-6.470274476917666,5508.46
4043788537746119168,270.06908139638347,-31.793083410603273,16.181473,2.5133324,0.1335328914539703,-0.4907116759778634,-7.536417646647021,
4043804824080496896,270.0282338679186,-31.587080743419126,16.181637,1.4293823,0.6108771542936419,0.9301958875929016,-6.220716037887847,5640.3315
4043800013713314176,269.88433819454485,-31.649589095370445,16.181894,1.5745144,0.6785199800475114,-10.928105387186271,-8.552860809287004,5210.8545
4043787545465010944,270.19653259359006,-31.732603217129157,16.182245,1.9282207,0.04427233091243089,0.11197988108187745,-2.5933554632982085,7976.092
4043789023052679936,270.1455081976074,-31.735396054564415,16.18298,1.8963671,0.09997830859817361,3.523869198040662,-8.34570418169507,
4043804377403915904,270.16562672129976,-31.571210036592372,16.18298,2.166585,0.1223981207674481,-6.420222404807686,-2.300628668366089,
4043997204251674496,269.92067454906913,-31.4549405559767,16.18304,2.3718815,0.09924624187252404,-3.8022121765333106,-4.440051652975065,7202.5137
4043801594264943104,270.02332150656326,-31.702353090550826,16.183989,2.1796227,0.16712279102657007,2.6308447446263785,-2.305977227667472,4785.1274
4043804519231806336,270.1258759348821,-31.559905319772493,16.184162,1.4411831,0.40394176934430936,1.2619257865197324,2.777976130122379,5390.288
4043885363355783040,270.2364733286428,-31.6089180718644,16.184225,2.3357706,0.0946615215768491,-0.9282126544027008,-3.719446374628376,4520.6978
4043804931548780288,270.08206251793104,-31.558103808190715,16.184319,2.3596468,0.12429713027529297,-4.22669582134603,-8.954799484761889,5244.901
4043995658063276928,269.88852381665396,-31.48813167860082,16.184624,2.8644361,0.17222537110882546,-2.8950858219590825,-2.86726136418114,5041.704
4043789190399360384,270.1109634182155,-31.72262843487862,16.184967,2.1242542,0.13612925634622755,3.34559165343266,-8.640933306303154,4783.9507
4043787266260111232,270.2125916983159,-31.74842201122836,16.185312,2.0466347,0.12698579680769542,1.9412833743709579,-6.490934518158243,4805.5347
4043802006754060416,270.041725082482,-31.676925950559806,16.185476,2.4271555,0.07179169385964825,-2.83846446335384,-8.29634277703309,
4043804721001339776,270.13352954098207,-31.523728786719737,16.185673,2.2635927,0.652940291103138,-3.2636104697380697,-5.466796037457252,4655.3955
4043787442437514752,270.2013384815167,-31.743328046947397,16.185946,1.9671888,0.12248735018605567,-7.187384429452134,-4.450649643054202,5415.568
4043807401237671680,269.8778365484588,-31.53419080628104,16.186512,2.6345425,-0.1365500235174047,-0.9519433840613711,-1.077726455857731,4607.4966
4043995520795314048,269.860221699832,-31.50697905414537,16.186523,2.4176807,0.152348979440053,-1.8463038695068013,-4.735088727534372,4808.907
4043898591966406272,270.1522773378098,-31.509918871169535,16.186724,2.3492699,-0.30571683367309277,-3.4659552670779123,-8.190269324308318,5205.0474
4043807263618180992,269.86117641117113,-31.565026697393876,16.186758,2.4034195,0.2637488844659758,3.6573055584370797,-1.8622379607815585,
4043802010920983808,270.04635543604104,-31.68733631963089,16.187489,1.6070118,0.4733648021736941,0.6876545223057962,-2.7815418887992576,6010.144
4043899317769048704,270.13619467640984,-31.514733321157845,16.187893,2.2745447,0.10470610328284832,0.2988518950571686,-1.2258478368241783,
4043803003010567296,269.96459259405975,-31.63165979549289,16.188284,2.5367556,0.13751870237538813,0.37905360212294353,-2.500202892118283,4518.6636
4043801942252509952,269.987472949687,-31.670991037658762,16.188805,2.6472273,-0.0792712828777098,1.924040757219874,-9.207232216849858,4771.385
4043805481304596736,270.11762118507136,-31.526713639257814,16.189167,2.2947426,0.09730807227115952,-3.2169359091132472,-3.3427314403202195,4839.9478
4043801839173276672,269.9711563677381,-31.68752669293734,16.189735,1.4696264,0.6487833646742804,-3.253015375326461,1.1389547338586057,5072.086
4043789705795419904,270.01375036748357,-31.730761984103424,16.189737,1.4145775,0.7002257146754927,-4.889500227957059,-5.576527500082582,6294.0015
4043808363129830400,269.98819126545345,-31.526789505564615,16.189863,1.3390713,0.8273124747045267,3.0479735803885646,-1.3024256765369988,4879.984
4043791870459048576,270.11636302849354,-31.65680590960716,16.18997,2.3760376,0.5743611245418879,-1.450548384453625,-5.31047326733456,
4043899730051048832,270.1343430621925,-31.469633762066795,16.190084,2.3856516,0.027104932294801307,0.4972506509470127,-6.599977979000066,4623.3174
4043898390020391680,270.21267049682234,-31.522421841940343,16.190836,1.9920607,0.17073164385727754,-5.984401566491666,0.6087875220782153,7483.331
4043886982582130048,270.251546706287,-31.528017252346366,16.19091,1.464261,0.545554564926604,-2.7311121191776935,-8.811538343044706,5444.782
4043805854868846080,269.9172539204018,-31.63919238351134,16.191128,2.2842712,0.013274706093665725,-3.5562880409780724,-6.653866236962841,4749.2266
4043806099781203072,269.93509664622013,-31.602292398882266,16.192453,2.9794168,-0.6175502236142741,-7.85061061650777,-9.51017812875757,5264.737
4043899794399224064,270.1250150751778,-31.44717268163728,16.192478,2.7000856,0.011017289318105998,-2.959409640046639,-7.387813409130668,4807.561
4043790152472092288,270.1071007368044,-31.687077246441113,16.193352,1.937314,0.35189265208040793,-2.2336905942488716,-7.863217701722588,4899.187
4043788675003197568,270.0829481362548,-31.76588219459583,16.193691,2.1873074,0.09172923960651633,-0.5199705991288364,-1.3861851447087161,4556.3193
4043801147584729728,269.8430081077547,-31.592242112178138,16.193827,2.8881721,0.09812509463391604,-4.776653044619647,-3.09849756210663,4633.6387
4043809054666930304,270.05237799125155,-31.453691205146825,16.19396,2.159377,0.14311959364284835,-2.8137076847494864,-1.3077485989495088,
4043795100270566400,269.93860478453485,-31.7741454957629,16.194027,2.071741,0.017797297082673524,2.5618204576901884,-4.269448288627848,5131.273
4043807233652830464,269.8457249766783,-31.58432538242772,16.194038,2.5928736,0.5826379832207055,0.001049777971059691,-8.558466106486929,6013.9067
4043802522013018880,270.03881629314066,-31.623613539347414,16.194206,2.4654179,-0.23193106815381442,-4.782584880425855,-10.988523197743488,
4043789778848620672,270.0454571436655,-31.725183520548743,16.194246,,0.2672381820647444,-0.1748974630423167,-2.7988509917589703,
4043805511275322752,270.09426840164065,-31.522995919648604,16.194841,2.477603,-0.030181339768652577,-4.959842405390619,-5.146856560362384,4722.3647
4043785758810984576,270.19512512183127,-31.763012293668623,16.19485,,0.08895863213137901,-7.606572536077983,-8.351488156027495,
4043791767386255360,270.1418315653916,-31.648076503590623,16.194891,2.131916,0.1426894733481812,-1.2158978541216825,-5.217182534023845,4855.0874
4043807817768457728,269.9104726420099,-31.51846143986804,16.195322,2.4930296,0.1444492445891045,-0.4372472989349069,-4.512294481214926,4865.95
4043801151925316480,269.84988739099765,-31.58969145482221,16.195513,2.9367943,0.14036811475738808,-2.8976550838150237,-5.934498081619193,4798.923
4043803110483695104,269.9943383255717,-31.64082857338189,16.195728,3.055705,0.2544632096492557,0.13357112221998985,-5.161851149252148,4649.654
4043800941426265600,269.84331447210275,-31.63029001671369,16.195932,2.8682728,-0.023609491777148005,-0.16200430084399373,-7.200733068395208,4609.7534
4043792248416211968,270.1974330845258,-31.622022094391152,16.196209,1.5287533,0.5963618960712251,1.1694197312807513,-8.978173500747824,8501.785
4043804858440254720,270.0394016502993,-31.56829345280766,16.196821,2.371049,-0.014241361496675759,-4.512430851209021,-6.094625869703658,4592.794
4043790908386349952,270.191214494891,-31.677349765846007,16.196959,2.5879164,0.09324372579201656,-1.026553863837557,-6.492056665743712,4646.5483
4043791733020109056,270.16804108085967,-31.64477676607801,16.197205,2.4686499,0.3920242205578398,-4.061791176657828,-5.804643736357078,4804.532
4043806679681643264,269.9443399450578,-31.574479317076424,16.19722,1.4152803,0.5110801599432978,0.13482315073880674,-0.5247132863818242,5411.3774
4043788846801894784,270.1378736608383,-31.76412159927769,16.197826,2.198351,0.11717835931545575,-5.140459954282134,-4.49569752712481,5188.996
4043789259305105664,270.14012304564324,-31.720499873858408,16.19819,2.460163,0.022656546672274177,0.8752463770343215,-5.45243196113967,
4043902680637892608,270.07916777159136,-31.4615915543329,16.198408,1.6964531,0.8034675332267868,-3.548387278481859,-6.068235922257954,4842.983
4043995146978694400,269.85237000424706,-31.52095951986691,16.198442,3.051179,0.04123917182686663,-5.201604972207898,-5.402153512302972,
4043898248265722240,270.18756771277924,-31.53957683463362,16.19881,2.3717184,0.11280934817883365,-2.0298689158766323,-8.353970148143539,4857.711
4043898664898632192,270.18159994582476,-31.500038515209123,16.199646,2.1393375,0.06717430390403017,-2.8845546188894704,-1.499052288028213,4641.5107
4043809157797101952,269.958216867337,-31.51635296986028,16.199694,1.5276957,0.837923980154205,6.20940085599309,-2.786489056574389,4610.5986
4043789533996715264,270.072675803582,-31.737113092930066,16.19985,1.7256756,0.7242721457069503,-4.454150745265106,-4.690550290724423,
4043806988919049472,269.8818674982035,-31.582060040262753,16.199863,2.5915365,0.22057602951040306,-0.4717808463190523,-4.945519758980329,4689.107
4043902921296650624,270.07943469520336,-31.434399280998324,16.20006,1.39954,0.33295689764568015,0.9028431370768829,0.421895598873014,5304.6743
4043803144843408000,270.0118683657911,-31.637158420159793,16.20022,2.4482746,0.21548712813819404,-1.3128374598426384,-3.7818352693951955,4708.606
4043899661331722240,270.10539275028424,-31.472132376480474,16.200262,2.1475573,0.15595595979910884,-1.6599786004848445,-3.5085472017773753,
4043801083256758784,269.8605689299838,-31.602846131740968,16.200346,2.4470215,-0.025992774867014456,-2.1870323259603537,-4.325701610398779,
4043792351501851136,270.2001901965966,-31.604244371168914,16.200552,2.4352846,0.06795350219953476,-3.8121236601964954,-7.703395230959172,4596.232
4043902616218030976,270.09552952031447,-31.467667876501118,16.200785,2.3676891,0.12707934289910985,-2.7738210196739774,-8.153471282617716,7112.4434
4043787438058796288,270.20224584281743,-31.754535118653553,16.200861,2.423643,0.1593895841891696,-4.171085333540687,-3.216859430361506,4592.5166
4043807504136354816,269.9113259748002,-31.557672691991783,16.200977,2.2321882,0.09125849305228952,-1.8727878604358872,-6.816516700177166,6609.2734
4043997307330957952,269.93234988195985,-31.442961809924505,16.201107,2.5486336,0.07922023117314406,-0.8305282963753955,-2.7584375082624653,4350.8213
4043808161364540032,269.9962893431481,-31.52617623283648,16.201212,1.6755066,0.5911229365647095,0.97314580038811,-4.125053676789431,
4043805550025311744,270.10430290731125,-31.513762620150935,16.201784,2.56995,0.088344463778249,-0.6700661149324093,-9.020796941295725,4713.157
4043785896311614848,270.1585578734397,-31.774400686648928,16.201914,2.384344,0.2533349877560431,-5.2529890430974575,-7.244323573874945,4857.343
4043899107198948864,270.18023507603493,-31.479935301850198,16.201921,2.3339434,0.33636429127056217,-1.8727158971440865,-6.761972807802068,4757.551
4043887051251690240,270.2422368986552,-31.509357280288764,16.202127,1.6414843,0.05262284621031105,-1.7824808346429213,-7.040361119082373,
4043796474660185984,269.8684897394541,-31.71117865799968,16.202497,2.4724894,0.18188170983766938,0.6444471155074237,-2.9671099440355744,4858.4653
4043805545842969600,270.1095935339163,-31.498255512135213,16.202791,2.6298542,0.007288862639928284,-0.23977355260629252,-7.679797023589776,
4043807126179226112,269.90417308302693,-31.56724858568978,16.20307,2.9492922,0.11626056207508445,-4.057155082959903,-7.5476879164462805,4778.612
4043885264594513280,270.28351500587144,-31.60149350575886,16.20321,2.6361437,0.19233348968181987,-1.207468409246471,-4.551237027688275,4686.973
4043903062946229760,270.0992339740415,-31.419654181808358,16.203289,1.7216816,0.19217105328993256,0.0374207261466978,-0.3400800944670492,
4043885363358116736,270.22425387166453,-31.605183014684208,16.203373,2.2606115,0.2199667637857553,-4.021319583758888,-4.435514591461866,5164.003
4043802075301325952,270.0415095310916,-31.670097577444206,16.203505,2.8702545,0.03717049965765614,0.7607475174499154,-6.516323247607283,4585.2764
4043808912889449088,270.03612558618863,-31.468569328569274,16.203922,1.5269365,0.6496813317371107,-0.1141665972563827,-2.7022784735158396,5144.027
4043801353753361920,269.83573014089814,-31.57757551280564,16.204016,2.9505262,0.23446347230494596,-0.7618316181450411,-4.213807119321843,5441.5938
4043783525424858752,270.0060021977339,-31.77970604619227,16.204176,2.1828032,0.08054502218348306,-8.602897344793314,-3.3882059366566213,
4043800151162184576,269.83770771175176,-31.64384614636216,16.204245,3.1895733,0.021215012565350654,-2.4039379576923494,-3.97635249342455,4879.665
4043886943851218816,270.23704067557594,-31.528258445561704,16.20445,2.591545,0.2709495031743566,-2.3692174759639175,-5.628881907127127,4624.4497
4043887051301881216,270.2327927004973,-31.507027777914352,16.2045,1.8730602,-0.18162417572653808,2.7997053701076324,-6.816733033621549,
4043802659413153536,269.9594941140759,-31.665999273514135,16.20517,2.6231203,0.09844314689467526,-2.6619362829978286,-8.08596218379762,4482.012
4043788370098832512,270.0857241594514,-31.78929584865769,16.20523,,0.15845428724776062,-0.7018992483882625,-1.279849588998997,
4043792390239176320,270.16028019889467,-31.618678135015458,16.20539,2.7241316,0.0686893291581526,-3.636576611247473,-6.743295077095244,4834.286
4043804519231780480,270.12278140760725,-31.571236742042714,16.205599,2.0398989,-0.04148321068023871,-1.9519549234338218,-5.491917359225046,
4043805206426815872,270.05256153477524,-31.542956611113897,16.205647,2.5889883,0.1634428107891105,-1.6365549149501981,-3.1780020277657712,4688.394
4043789778848570624,270.0424955484047,-31.73479003552824,16.20587,1.4336796,0.22628743243278351,2.8368549203929017,-1.7346763967294652,6006.4995
4043803557165192448,270.01142795557206,-31.577053514583913,16.20589,2.636115,0.11222082776001925,-5.376797780459403,-1.9598029746449102,4488.863
4043809393922004864,269.98778602065704,-31.46394161612241,16.205925,2.3236046,0.27498366899597754,0.7154302475278927,-2.914363905516778,4880.043
4043801766095977600,269.9944353949617,-31.69343637546521,16.206135,2.2319832,0.12602346815231555,-2.1528797547877385,-7.206415640610469,7117.912
4043899077215423232,270.2121470932681,-31.482609917229215,16.206593,1.3704519,0.6313235402368663,-6.263079392158082,-7.5441117773193795,5094.6875
4043801151976242432,269.84933647998923,-31.602546764837854,16.207966,1.3322449,0.8061094366800704,-4.278825077677233,-9.000606761287356,5054.5493
4043808814199533696,270.0599958680337,-31.4802640606706,16.20805,2.325862,-0.35982635770689375,3.5352695118242807,-5.150729265539619,5430.868
4043806988740256128,269.87355204507605,-31.587849110457988,16.208176,2.786355,0.192000495245489,-3.371080361856835,-3.735974894139665,4611.2974
4043803655849324416,270.08892430465784,-31.64255554927624,16.208399,3.0524588,-0.026773062455841656,-2.310047393756395,-4.800129080911153,
4043809153403820800,269.9534011703263,-31.506392304333215,16.208569,1.6366463,0.5832533106711595,2.159518044657063,-3.183241553011676,5420.419
4043789259118844288,270.14663185360587,-31.718386437392276,16.208628,1.5612698,0.3150460185689477,-0.7835096240701678,-1.910559410610606,6706.9966
4043902788068048256,270.124464117469,-31.435834460221194,16.209314,2.7136726,0.07215867280079513,-5.508443940417424,-6.491753126557111,4541.2812
4043808195724172288,270.021805532054,-31.53434194841773,16.209393,2.213704,-0.10994946119457097,-0.1060313218877863,-1.3873838936815408,
4043800018104830336,269.8779053033456,-31.64486047447642,16.21006,2.700944,0.09792779210495328,-1.5153136879112667,-3.3381715101463074,4804.237
4043790294296374784,270.06227326078886,-31.684928821608523,16.210077,2.3216143,-0.08724420128875077,-0.03976196996698983,-6.936792289571709,4825.8516
4043807538676790144,269.9196965868486,-31.536128623903895,16.210169,3.1836195,0.13123666111396481,-2.9128894433951418,-5.8978612040874125,4781.682
4043806958774859904,269.86383651517025,-31.590059113469792,16.210262,2.9571028,0.2744952159051667,-4.677111502997479,-5.412902103270858,4988.691
4043804725390304256,270.1329141966624,-31.52914844584427,16.211027,2.415681,0.06640057994865478,-7.197469351426996,-2.8588491727270187,4655.4443
4043995662423519872,269.8859014230563,-31.49171273144383,16.211044,2.792696,0.08911428818764426,-0.9826223832978994,-5.3996968250562505,
4043804072555219584,270.0838837502081,-31.591786436911494,16.211441,1.4213924,0.27242197800755413,0.005282482361603151,3.44690650381773,6747.384
4043796199782261248,269.8854439460056,-31.726663395967936,16.211716,2.202982,0.06348269259435194,1.0600122654240407,-1.4167616789881239,4701.353
4043803793288308096,270.0993338412925,-31.61761591415748,16.211767,2.3312302,0.3550995523203136,0.524142575395421,-3.218521294624067,6058.8022
4043805305294569728,270.0845306706251,-31.557352966939558,16.21197,1.6585894,0.526763716072578,1.8973977572550618,-3.7531259721752255,
4043795791856075136,269.9258075673351,-31.728036011092517,16.212055,2.4029055,0.01995384110413702,-7.407519430170786,-6.291652464274966,
4043787644211145856,270.211732649553,-31.716296081271892,16.212162,2.3395262,0.06813291388592892,-6.46907536034464,-4.945145108440055,4704.846
4043789469662815872,270.0359087372029,-31.748543765946593,16.21219,2.8521318,0.07253585693084977,-7.804035926837918,-4.634006349819316,5237.5234
4043995696783260032,269.90059263158975,-31.481369645308064,16.212196,2.7983818,0.029681546514279844,-1.8572150427743586,-4.201256833342297,4706.98
4043808088433080448,270.00978558458127,-31.5390841354021,16.21255,,0.13924562882289498,-2.0147888483758494,-8.28325212522994,
4043887047041106560,270.2439897635374,-31.508382721723247,16.21296,2.2377224,0.024955237474297898,-4.891423821161073,-5.55155727411455,
4043995593704053120,269.86094695990334,-31.504141829289384,16.212978,2.5089664,-0.01474002227248035,-2.339934010620496,-1.9253032253184714,
4043795654366977408,269.9826283133965,-31.73155839551892,16.21318,2.4358225,-0.013702307332111223,-7.936787893552491,-7.184983373774361,4625.6987
4043804995885814016,270.06624280363724,-31.551413323958332,16.213432,2.4557686,0.09830026708029815,-2.7372889736459816,-1.7320595854349827,4586.218
4043790122497543168,270.10445363105845,-31.69463502883652,16.213545,2.294773,0.2257566774350122,-5.7846728901082605,-2.349310150406507,6003.15
4043803625880000768,269.995465124027,-31.574160639800137,16.213707,1.3064041,1.1700954414301226,-18.017146580601505,-16.751490777655945,4556.1294
4043803935066566016,270.066114170653,-31.624118020700934,16.213741,2.069006,0.19152120515446241,0.08064737383605608,-7.175606273451075,
4043795620058236800,269.9670565079332,-31.74872478522502,16.21376,2.7757015,0.04535668199169831,-1.5290599334356156,-8.288501965589317,
4043997174250768896,269.9046597610667,-31.46760640066072,16.21377,1.5958691,0.34064483300468,-1.18708004328818,-3.6950505948117915,6580.31
4043801559901480064,269.995680886176,-31.7021365162643,16.213818,1.2833614,0.312410093845168,-2.5988028920111526,-4.958455298874448,6488.649
4043995559344320640,269.8741254179349,-31.49378652746637,16.213861,2.9440098,0.22645355272869813,-1.1998019509634814,-5.302920848079406,4631.8076
4043790947077881344,270.16519085221836,-31.679502876117972,16.214005,2.4620037,0.09399076766845818,-2.2910088106040205,-2.5411796526842534,4757.1094
4043808436242557824,269.981963654969,-31.506731067692368,16.214014,1.7548809,0.45946663525129783,0.038609651313873124,-2.2564527669422088,6299.1035
4043791771711780096,270.1395849275887,-31.648343934579312,16.214218,2.4033241,0.12226361132089147,-0.46755464672743663,-8.549833381948286,4495.099
4043796101093737600,269.89520232869086,-31.75027509368661,16.214237,2.1185741,0.11652279625264002,-3.7468082548415085,-7.059481054701414,
4043791561221364224,270.1292090767806,-31.686771348925806,16.215126,1.4876289,0.38227780229774677,1.713376816957254,-2.126892014717846,7862.307
4043795413847148160,269.95539038110115,-31.76322348898485,16.215448,1.5297995,1.7396822408613453,-4.618769443881342,12.522893149509684,4318.0415
4043809943681614848,270.02839836192084,-31.42005484914454,16.21582,2.4429703,0.07495398772211839,-3.5407848148364116,-4.343999820494304,
4043802835605827712,269.93642903227885,-31.667048417636877,16.215834,1.9329462,0.307601215674237,0.8150133113292137,-6.140871825850074,
4043795924904385152,269.96222753917624,-31.70334869395896,16.215927,1.615057,0.4020406776837401,-0.0871592104475365,-2.960973262701216,4914.6064
4043807130573584384,269.8905865484604,-31.5634755254826,16.215937,3.0104704,0.46906572503057464,-2.5927751428560804,-0.5142363818476031,4685.6636
4043788297228232704,270.09664912810825,-31.79690387834689,16.216307,2.2198095,,,,
4043903780123883520,270.03484224870056,-31.410201328474734,16.216328,2.2893744,,,,
4043807950823394048,269.9280733883923,-31.494639022027435,16.216335,3.373064,-0.017767041506360604,-1.574797387240882,-7.10662270460217,
4043788816827142656,270.1259713819683,-31.770484705588526,16.216389,1.2453346,0.5969796206519139,3.8049815486072034,2.671058989356559,7804.4805
4043788610668835584,270.06158291565237,-31.78357210935117,16.21713,1.9020004,0.14669272064242014,1.6708308803001566,-5.113110603557521,
4043795345179446528,269.8986806538464,-31.75919616092592,16.217617,2.1703262,0.10644520898873054,1.0104027132897835,-8.856287429413506,7871.6616
4043807366707597824,269.8705633887126,-31.548383099105045,16.217653,2.662181,0.1409056936132815,-4.444167084132139,-3.3295364193977126,5059.5435
4043806885661073792,269.9361372398491,-31.539635294694605,16.217869,2.6046543,0.11471731323857287,-2.5089284110617145,-3.185909623431703,4696.475
4043886531560628096,270.2172277338259,-31.55617656139291,16.218307,2.0485067,0.1859108148062009,-3.748749500010421,-11.799607784768448,
4043791664300613376,270.1256576228562,-31.66060100253163,16.218693,2.4913836,0.29649885699703027,-2.863000850570512,-6.974707756647186,4638.5737
4043806099781227904,269.93707691974276,-31.59330920596022,16.218811,2.500432,0.08740843635287177,-1.1780200596036468,-5.643613421513082,7091.3354
4043899077215486208,270.2061326212351,-31.479711306556908,16.21884,2.5267925,-0.02792567433130795,-0.5506462155789137,-5.974321978084812,5063.1807
4043788095219290496,270.2518949783254,-31.68377288464566,16.218857,1.6693077,0.404024644024447,0.46037295498529845,-5.710640065369923,
4043809295236100992,269.97791447570233,-31.485150831245903,16.219004,2.874322,0.005100230134680537,-3.1602203906301587,-4.713790541924151,4718.3223
4043783834662611840,270.0022649907807,-31.754389867563773,16.219368,2.7641869,0.10900672770109233,2.2866110389338883,-4.619964232794512,4709.8184
4043801010155628416,269.821111215609,-31.611761485622896,16.21941,1.7018967,0.4574183665672835,-1.4698988964694344,-3.155166681975879,6693.001
4043898454528259072,270.1950562986003,-31.515461643334092,16.219471,,0.32992107899363005,-0.28210829292507533,-8.577285212171272,
4043898763601366784,270.2123153001821,-31.507379382075204,16.21968,2.2278461,0.13819416254573913,-1.9618088762483625,-6.126373330875637,4704.056
4043785926406878464,270.175635970284,-31.775491140480327,16.220747,1.4062576,0.49157670583264174,1.2756017344458477,-3.2288015642557877,5639.83
4043799979353576448,269.90496911843053,-31.649254940437125,16.22096,2.412117,0.1814487280892107,-4.561809891627815,-0.8112305450993629,4875.0996
4043790775279098240,270.17414194751655,-31.69471659972897,16.221115,1.9019051,0.3153745481396787,-0.3619799968980086,-2.726072682337433,5069.4497
4043804450515500800,270.1497489922194,-31.55635611106749,16.221397,1.3857241,0.2882739616211791,0.8106567356604151,-1.9074732249180886,7088.7627
4043886570305270016,270.2371787243621,-31.54297706538286,16.221405,2.2337856,0.04173134935922104,-3.2808140270370214,-7.252954976108484,4616.074
4043886359735505024,270.2428236032321,-31.552388758599328,16.221563,2.0329123,0.09244596122619554,-2.200820259823199,-2.638315543833655,5055.465
4043789327838346112,270.1310318169531,-31.702781176211182,16.221632,2.2191505,0.1035936562261946,-3.1856788421512876,-0.7658098579704196,4743.8584
4043902616269311360,270.093549519092,-31.4685007151924,16.221786,2.2264423,0.18793253269963572,-2.8385100506785594,-3.566900124210834,
4043805618743709824,270.0756746080528,-31.511766954529605,16.221905,2.2708836,-0.01843806997942199,5.507513107202656,-3.2069637221661065,5243.0845
4043898836697147264,270.2079197558956,-31.50133743040103,16.22215,2.275383,0.1100569985987325,-4.903386924363706,-8.940196101880407,4874.57
4043899042855682816,270.2056807981156,-31.488507970973707,16.222301,2.7261562,0.04513650648991093,-8.405006620835907,-4.3486162159140225,4251.2617
4043809153414075648,269.956602964201,-31.507678801404285,16.222454,2.8571177,0.1336364675167423,-8.016698906967088,-7.302879930762934,4692.166
4043997174250748672,269.9166470140503,-31.46350747790034,16.22257,2.5111122,0.08110637919057817,-3.863817334906234,-4.13763006967002,4737.134
4043899798719437056,270.11512627010364,-31.456623432191375,16.222572,2.384468,0.018483527950594353,-0.30219815583625803,-12.037059844634975,
4043885333314101248,270.2511106181855,-31.612953848612168,16.223558,1.3307314,0.4414233232284988,1.2665613327078575,-1.7513352120635939,6008.231
4043899901798212992,270.17994719782126,-31.455025086856327,16.223637,2.3169956,0.16807501515241993,-1.2619283179832232,-3.1809598514119184,
4043808672371265792,270.03955270943374,-31.499744622812447,16.223856,1.5238848,0.461487076856145,4.063373383389568,-0.6191627721342259,5607.0107
4043800151302062080,269.8392496837876,-31.656035061025168,16.223858,2.1254654,,,,
4043807985382800512,269.8947580464511,-31.49922827455468,16.223988,2.352457,0.3283638024139084,2.656277614108403,-3.6508978972456525,
4043803488390360320,269.97602176543046,-31.600125705966924,16.22522,2.2045727,2.925412778915515,1.046132974109867,-10.65688425683034,
4043899145883731584,270.199265631325,-31.464150277546786,16.225283,1.3767052,0.3852237784305918,0.9826540291862875,-0.7989080762772455,6072.9316
4043796577739400320,269.90268312568264,-31.712283133988766,16.225311,2.3622065,0.042260206346452334,-3.767944008324847,-5.241795761394916,4796.9077
4043800327342494848,269.87721105468756,-31.61854943714886,16.22576,3.2000399,0.13277806575667941,-1.2755586000544206,-8.692862343242467,
4043899897478476544,270.17867817886804,-31.454786579868156,16.225994,2.4552107,0.09939461743259925,-1.0882039863231427,-4.6384156278977775,4528.167
4043788954266121600,270.1553555109657,-31.74614016560913,16.226063,1.4117451,0.32035770512291456,1.339377063323482,-1.9389199211580488,5786.982
4043807542839935360,269.91718932055477,-31.54427924093168,16.226744,2.8910847,0.15897735073164865,-0.6621947362515003,-3.968917439699081,4608.827
4043783353573776640,270.01191635451175,-31.803729201974654,16.226997,1.5187397,0.5537378631578433,1.9080610964801257,-5.512931076855737,5905.9053
4043808981615604864,270.01389041435954,-31.464919479316443,16.227295,1.8525915,0.8224582324839297,-2.3652616367704082,-7.029328530950137,5087.34
4043796547770406784,269.9211886705498,-31.708029329488305,16.227335,2.5244703,0.06458200186400781,-0.9387546952242573,-9.092322880598616,4693.3384
4043799945169208320,269.8920036208645,-31.66411078091548,16.227448,1.5398989,1.64485858705242,0.06234893607990755,-6.006335050295403,4174.615
4043804278713578752,270.1204917569468,-31.584231133339863,16.227472,2.0237103,-0.046669454126160914,-3.692330638867069,-8.697889217346765,9493.858
4043790706611801984,270.1956624200157,-31.678811000929734,16.227665,2.3453274,0.7831605824472786,-5.047828114313149,-5.534609455348519,8899.808
4043808333163267200,269.9818027445253,-31.5275793359238,16.2285,2.4264755,0.18757333616502977,-1.6831567626551382,-0.8379392032154351,4681.3877
4043789813208370048,270.0513129038581,-31.719638229473855,16.229015,2.2810678,0.05694607196510705,-4.430009640798928,0.4082015572932436,4756.31
4043790805307113856,270.1472571481338,-31.691885696959297,16.229038,2.0595512,0.12210068233705929,-6.41081905986268,-3.2900656156821113,
4043802762668244992,269.9682403475897,-31.657914827259265,16.229416,1.4504261,0.38630497143183073,-1.5208825325832238,-5.39492550595496,6013.0615
4043804068342118528,270.08829872049273,-31.594569348370765,16.22958,1.4349413,0.8045834796109615,-15.686659006479776,-8.546954699120711,5398.02
4043803247922660352,270.02541837765915,-31.61588216903446,16.229765,,0.22483949581229357,0.08034985903110739,-3.101235061594002,
4043804553591594496,270.0978228165416,-31.56533620435804,16.230085,1.4942408,0.7074477935061301,-0.49099955229262665,-0.4272895950673144,
4043806095387048320,269.9325697410294,-31.601148764413203,16.230259,2.756711,0.1370317151617346,-3.557728794494875,-8.80539773521701,7239.277
4043885470753158528,270.26741409780016,-31.583939622505767,16.230906,1.8861732,0.08456662915807636,-0.7650624386542516,-11.134273498920228,15021.11
4043809810632231040,270.00179552810124,-31.448065126689023,16.231052,2.5680265,0.06167489412319704,-7.323342387120255,-5.003391053415369,7191.005
4043806924415111552,269.9600454499333,-31.52970377988448,16.231188,2.5719862,0.2019849419212203,-2.4275568343472376,-3.8143791408984997,4961.6787
4043805343865625728,270.10723576031427,-31.541182491861374,16.232016,2.3572922,-0.04942659459283795,-5.249624314134902,-8.511480927600836,4743.278
4043806305889192704,269.91888308739647,-31.579779036188107,16.232094,2.4031725,0.05110704324374961,-5.6134139127187215,-1.1868627423705695,5007.948
4043788365771653120,270.08171887169783,-31.791112336403906,16.232119,2.2357597,0.10311241767552055,-1.3838561357019747,-8.395208200485724,4664.5386
4043898355660703360,270.1902273392676,-31.53136655681355,16.232212,2.1699924,0.2200179980746497,-0.8325337553627827,-3.521827770916579,4746.5522
4043808333163240576,269.9852298099842,-31.532946822917907,16.23235,3.0759182,0.026560071776421466,-1.607017970407645,-7.866346337658202,4423.1284
4043807675935064192,269.9458414746757,-31.52312726701283,16.232378,2.6437654,-0.05737213481194731,-3.713718697950283,-4.992072899870102,4719.9233
4043886364106669824,270.2403037552512,-31.56153739738578,16.23246,2.5656052,-0.19331194383663242,-1.0208100567073164,-4.672200569020259,4726.4365
4043807126189464832,269.90576022565426,-31.558847588504488,16.232521,2.8611555,0.16979406186603827,-3.9618050798633475,-8.546809582581277,4775.711
4043886982622224640,270.25051798459555,-31.51491500094622,16.232605,1.9608679,0.12231247003601595,-4.644791600320665,-4.693727643273389,7401.889
4043805275146348288,270.0449318839782,-31.531728564324762,16.232607,2.7154408,0.06709624528885408,0.5264254438073785,-6.011726754759385,
4043782730774532992,270.0443002481499,-31.791536885767215,16.232689,2.443736,0.11260462195788612,-2.4513477549264104,-7.3447173435504585,4663.8706
4043802453264825344,270.0531465952904,-31.632656207086512,16.232952,2.5494766,0.09503192464387096,0.6264231562026393,-8.838113513295497,4576.148
4043807675945314432,269.94316182333694,-31.52745576561149,16.232979,2.384118,0.23252910560794185,-2.4935508103254524,-6.882985330776228,
4043788434484992384,270.1288266678107,-31.78231801817406,16.233322,2.0415697,0.07113619085444797,0.9532897368284731,-4.691029100094064,
4043796135453504768,269.89889444866253,-31.738724542990884,16.233511,2.1061535,0.1709618701133754,-4.235173096600083,-11.053829023382102,7646.68
4043902856787766144,270.1018789960912,-31.422641436063508,16.233515,2.0165386,0.11890180752832949,-0.4557644617829221,-3.3806358875843276,4931.9097
4043789121679855616,270.1143151224393,-31.737051988013402,16.233887,1.3141918,0.7608030178509431,0.6441618410818526,6.009889951729166,6324.2207
4043903715781690240,270.039883001026,-31.41456514911905,16.233963,2.1872435,0.12929432072731806,2.4422372534971233,-6.060308045526913,4834.52
4043805172016206976,270.04108409530653,-31.5466193687183,16.234545,1.5701323,0.474710885116315,1.6153686195149708,-1.2427534376381195,6339.637
4043898630538912512,270.16815090695223,-31.5095369370532,16.23466,2.1670895,0.20329673562759148,-1.3857651417482182,-5.286125257209182,
4043804205611880448,270.13332818300427,-31.591882724366247,16.234688,2.6058388,0.10255023142520747,0.1580931644806328,-2.5055528831414637,4638.0566
4043803557160449536,270.01618812179316,-31.582047135925468,16.234747,2.3042173,0.08767672290969415,-3.520156424589182,-9.779561838041648,
4043783349423280128,270.0143565647641,-31.800661042340817,16.235706,2.3904762,-0.02064956185127829,-4.7964102882526785,-6.036948085857901,4506.4307
4043804931548791808,270.0702291003689,-31.56433397944536,16.236511,2.2445755,0.1557066878121149,0.9611200211023528,-2.2465746316283677,4996.508
4043807813384225536,269.899786338049,-31.513908790809747,16.237078,2.87741,-0.07674475663269419,-5.499471021294771,-5.112515365581483,4765.586
4043803179152560896,269.9875495255474,-31.62314989724477,16.237171,2.4879818,0.09797858594875615,-3.279819648568202,-7.041596935223603,4610.5684
4043803518406677760,269.993707589675,-31.59183710152204,16.2376,2.2814407,0.04085126403908902,-3.8980860960717085,-9.460599105787283,
4043806542242950656,269.98147069255805,-31.572345387170305,16.237762,2.3432398,0.26522504976698486,1.2637123418213427,-1.0966707302887697,4634.669
4043804446301695232,270.15329059652896,-31.558828162925433,16.238138,,0.7132673162695423,-2.743693451108202,1.9976432846520384,
4043790534762486144,270.16238676895,-31.713738299992066,16.23859,1.5518837,0.3112757488964354,0.050151062831220214,-0.7408835228797224,6168.5767
4043804759700441344,270.0449170213821,-31.604569125571043,16.23868,2.4016972,0.18799233515493638,-7.4998935359675505,-2.08606396434474,4692.7197
4043886123538311424,270.22061722909126,-31.58989984337157,16.238943,1.9839888,0.13339350020757632,-4.8873111096551165,-14.41898371696723,5126.8154
4043791251990254720,270.2474220442569,-31.639097670246247,16.239471,2.7660847,0.05642184638903747,-3.681568333917675,-1.289219481327895,4646.564
4043783525372657024,270.0046407404065,-31.78093739774512,16.239943,1.5236177,0.6529350645231,0.4900977950312298,-4.4517989402052764,5661.911
4043808191334905600,270.0186106712187,-31.53466193500895,16.240265,2.3757114,0.05952856144820661,-0.5835179425491703,-9.293029031755736,4883.9077
4043803969475971584,270.0823015941055,-31.604326654732322,16.240274,2.292118,0.4470396699515853,9.00644610281899,8.258396923938426,
4043802526368137600,270.0407873293967,-31.611983283779058,16.240606,2.5584545,0.09507703808533714,-3.0011122140446487,-8.042163584982378,4701.4175
4043791806123599616,270.15192146724536,-31.63667945640783,16.240656,2.3567047,,,,
4043785960583869312,270.18955340459746,-31.766890341869402,16.241177,1.3260355,0.41732319610635854,-4.252239834132207,-3.4191790183035913,5847.1875
4043899141724211328,270.1969648792082,-31.462025394309386,16.241411,2.2352467,0.5539703493980984,4.4964418524478,-7.651496940294184,4513.42
4043790633508423040,270.2134060829631,-31.690563409467526,16.24155,2.2697792,0.11741687320704056,-0.03950260029817219,-4.630440499735435,5042.85
4043898213905666048,270.1678919861016,-31.552970550775665,16.241922,2.1884365,0.13655805004606408,-2.870990644609538,-3.2739130059352988,
4043788198350797696,270.25617722218686,-31.676710725656157,16.242037,2.5574532,0.1904788449877577,-1.1808540938844407,-6.787351956522143,4748.5747
4043886742063878656,270.24791454542196,-31.54333531653522,16.242138,2.4175854,0.0956013211188265,-8.442754112384893,-7.126262045929312,4489.484
4043788984240915072,270.16526720112677,-31.731093086579815,16.242477,2.2279282,0.10563419430292356,-6.7689804733604,-10.660824136753906,4534.49
4043804931548804480,270.0755272440842,-31.555433471834284,16.242964,2.4435797,0.047777427759980014,-6.446111203518882,-9.24646544697928,4768.504
4043789160424734976,270.1031551776979,-31.733353386486133,16.243074,1.5116014,0.03725462464944542,-1.6834044333944609,-2.2248252092215424,6426.116
4043795444053000576,269.96644439541194,-31.763916354693585,16.243105,2.3015852,0.12119142377673074,-0.1130512038725437,-1.2667188194870747,
4043804343220541696,270.14925759763025,-31.576438028320954,16.243113,2.3048944,0.21690587746597345,-0.01587643870993767,-3.6363245800439463,4718.255
4043786029309505024,270.1738981059786,-31.74855053961628,16.243137,2.1456032,0.20329020020566296,0.26954181587339027,-5.408365570341445,4689.5522
4043808573681502464,270.0050003880911,-31.488661198698303,16.243433,2.9703465,0.06465583576298244,-2.5320734215598946,-5.979714173138962,4865.3516
4043899966197954304,270.1805854802133,-31.44301016242866,16.244127,2.294407,0.03928662753171992,-3.8600972526071664,-3.24584683564637,5025.4146
4043886226617610880,270.2261410281087,-31.573741545494407,16.245064,1.5070019,0.11714054803919575,-0.17568273026387995,0.8182805402470303,5579.434
4043796955706583808,269.9174804431281,-31.670048784408966,16.245153,2.6759272,0.02339053859803035,-4.140486634777992,-2.392439262173319,
4043799841914593536,269.8758654266225,-31.675677257150113,16.245396,2.6476955,0.11405809468138388,-2.6632212376893447,-6.976309452174078,4494.803
4043898596179313664,270.14700280971084,-31.509094804917712,16.24552,1.96064,1.0152045479991125,0.3279770443021272,-1.1457284741011475,
4043795894935292032,269.94420251330274,-31.711711331391836,16.245554,2.3874006,0.11200137200383198,-2.655606975604232,-3.6566478825284827,4754.0967
4043898969760005376,270.22543638156213,-31.479508873981874,16.246048,1.320425,0.03737305570181923,-0.6945744668373353,-3.2872706619710357,5750.0444
4043806305939706240,269.9242843045363,-31.587061201627293,16.246655,2.0981293,0.6009920468362545,-0.527606987246961,-3.1710384319234284,
4043807474171125888,269.86866763076154,-31.53306211994492,16.24666,3.4429092,0.006891720131955683,-3.2024553099116764,-11.103740502000962,
4043886394100693504,270.2067189109054,-31.575919383683203,16.247396,2.2018461,0.05306592306101243,-0.9952853165737665,-11.370879501399227,5015.8916
4043804141274752640,270.0749879175707,-31.579085908384588,16.248413,2.1472006,0.1300636447423869,-6.3019196320831234,3.0254894998515907,
4043805820512987648,270.0968593129983,-31.48770355510563,16.248516,2.298668,0.034741446682337106,-1.6539267873094305,-4.821975304964471,4744.1084
4043804794109835520,270.0552687657058,-31.578152307836678,16.249008,2.2308874,0.1852963453388695,-3.442482251887271,-5.427257627885383,
4043898390020440704,270.20524816177397,-31.518030508611563,16.249111,2.645996,0.10443725784554797,-3.1428462599575875,-10.20377057877222,
4043809226516659456,269.9523200748881,-31.496580180011943,16.249699,2.8530092,0.06052784330366269,-2.012518352120153,-4.587811744881703,4577.8213
4043886501545960576,270.19581539421955,-31.553490664972216,16.24988,2.01968,-0.6130506395011089,-0.8878768241829489,-13.914475231365502,8654.7
4043796612099148544,269.908074999857,-31.70577996558989,16.249966,1.3209896,0.5858602506474361,-2.802452454281927,-2.4510521917482793,5710.2515
4043995005228037760,269.8349578095696,-31.53572336782622,16.250202,3.1690578,0.08059864605758688,-1.2011479433531518,-1.810610860468153,4611.586
4043801113375347712,269.83825061504155,-31.611784013506554,16.250202,2.9085531,0.19291150341116053,-3.550005417587646,-3.7994109121526467,
4043898390020382592,270.21632288706326,-31.52177191760782,16.250479,1.7611456,0.09124403481364024,-4.205045925554111,-3.829742971254072,6997.3296
4043802595036864256,269.9666748602198,-31.66907736230423,16.250608,2.6208467,0.003169180669472759,-4.689883748740271,-8.945054856909586,4752.385
4043791629940849280,270.1196299079788,-31.680319864553248,16.251217,1.6069603,0.33018948001142556,-4.0447577439597,-6.847937839206558,5034.585
4043789366531515776,270.038795287133,-31.770483400013322,16.251223,2.605091,0.09047515082940692,-1.5066278518896763,-1.1551535952648209,4817.9287
4043789259118846080,270.15175101985074,-31.71818919169572,16.25144,1.4548559,0.4185874429346564,6.406461181021361,-5.516317717487953,4975.3657
4043783589943264000,269.97672771550606,-31.795618016534277,16.251732,2.4049978,-0.02917437518097438,-6.180926840787954,-4.954843493629231,
4043886772161971456,270.254557694501,-31.529376239481365,16.251762,2.4143496,0.24154288155662035,-8.871583536317042,-6.016300536003157,
4043790942746081152,270.1664044254069,-31.680664187011597,16.251766,2.4849615,0.0405548230031057,0.047456926222652525,-4.416629015279371,4644.8193
4043792390239200384,270.15819810477404,-31.611418806726178,16.251844,2.4397917,0.2559539835297443,-4.423824212487664,-3.788999401476369,4700.408
4043899558203036800,270.1525545525217,-31.4604006823514,16.252718,1.6423521,0.5127129672383994,2.2081264608585958,-5.502393259203416,7995.127
4043804587951360256,270.1110360953471,-31.544659371984366,16.252928,2.2725163,0.23092005808523824,-2.300970306321657,-4.04524371277815,6689.0337
4043795581306942848,269.9911275672416,-31.745598337069882,16.25304,1.4505959,0.4514505989749111,-1.3486720883231413,-5.704143008860207,5628.5464
4043902955655746176,270.05910207312326,-31.434804673346925,16.253082,2.3005457,0.31091314305091877,0.033769099708955315,-2.5795265327383254,4765.759
4043791325087143296,270.198881854849,-31.65023484161274,16.253141,2.360817,0.4042090835502569,1.3408988987228276,-6.515503990637329,
4043800018053076736,269.8776553290057,-31.64815660870763,16.253267,2.0101662,0.0526663198359414,0.9778841055214803,-1.4009655857820875,7615.06
4043801491185701120,270.00493575948207,-31.719237935397334,16.253302,2.4177036,0.14468849138426446,-0.8152011169950302,-2.4273811592196726,4597.5215
4043789637259792512,270.0169495770254,-31.752873786989067,16.253704,2.2566862,0.23033571898954613,-6.80440670656801,-5.1744474866721095,7622.9736
4043807538506337664,269.9194275506086,-31.548231942111556,16.253885,2.814745,0.0434632660859038,-3.551798290783605,-0.4450111118644116,4684.645
4043783834662641792,269.99062267575516,-31.750635236592373,16.2545,1.9263868,0.2760577149494217,-4.4526128322950695,-4.41445773560586,
4043789675820934144,270.0433231231406,-31.738956544576375,16.254593,2.4755497,0.22755858771257448,-2.565351714800646,-3.102145386956093,4707.7397
4043802217130311552,270.0624797687813,-31.653748725707583,16.254715,2.0880976,0.020222338905077936,-4.3362105523242125,-1.831874870441078,7291.851
4043899592612131584,270.1052666104476,-31.490060548274105,16.254807,2.466446,-0.042557218628365916,-5.6976310003371555,-3.295627931463558,4533.0815
4043796719569110016,269.92380911454416,-31.702505701651994,16.25542,2.7422543,0.19533719752822226,-0.6229850912062084,-8.105593324281502,
4043792626373396224,270.17649217698334,-31.56833911666484,16.25572,2.3752823,-0.07224276636092085,0.4336463267494303,-6.945590960235409,7992.1074
4043802491957636608,270.0300092329754,-31.630180516977877,16.255877,2.439334,0.10848118019858292,-4.048181609557999,-0.601347852810671,4807.192
4043788400125219456,270.1093266702918,-31.79745035219953,16.255877,2.3444042,-0.10599536794163303,-7.121447813469961,-3.1221414983119082,4506.012
4043805957958038272,269.9200858589162,-31.61866516408016,16.256044,2.6619663,0.19851405970838118,-0.9566643640387067,-1.867332753399635,4639.4727
4043809703170094848,269.99601908711804,-31.46936966818229,16.256458,2.7401476,-0.10801034763032326,-0.44635630784279723,-6.209808953954156,4635.1855
4043783761560630144,270.0169915222241,-31.75645289413942,16.256489,2.392643,0.07262673184570988,-3.8139195179761836,-8.637113626682668,4915.691
4043885058435999488,270.2661648064468,-31.628430972470117,16.256815,2.433525,0.06932060096227301,-3.4187466317205857,-3.291822349063257,4758.9507
4043804274331345152,270.115263946092,-31.588050272537448,16.257221,2.2155972,0.10675437190027037,-6.053764302242139,-0.45038682814498565,4826.6436
4043802625053407232,269.944905259994,-31.67148277221315,16.257248,2.6201277,0.1255835479638579,1.1641121452039376,-9.092246595081468,4539.5815
4043806821285267200,269.95426545058206,-31.55673174919097,16.257278,3.066905,-0.022139411417638928,-4.566328703123216,-5.545471392512102,4696.4336
4043791222007880192,270.2331414495858,-31.645039771928726,16.25733,1.5346041,0.5709160632614517,-1.1327138799194192,-2.590589935878606,4929.904
4043795512774691840,269.9572976619181,-31.754143236931622,16.257559,1.47995,-0.042633514729901956,-1.4761423252692418,-2.3044722511947286,
4043804274331349120,270.120822354126,-31.576574019143656,16.257626,2.3202486,-0.8674561267238823,-4.942588044305591,-7.6280473717611885,
4043790530615426304,270.17229095678994,-31.714581203419968,16.257654,1.4257307,0.6370451048112257,-0.21316499202728342,-5.139294299487973,4962.387
4043789469662817792,270.039537789325,-31.75422379655325,16.257774,1.5091114,1.555594910084396,-4.48064587441459,-5.568031401519467,4418.925
4043788541949336320,270.06386968455587,-31.787283222547796,16.257978,1.3424444,0.6066770546939833,0.9926528854995212,-0.6411894922350083,6007.871
4043787575676751104,270.2143563648346,-31.7306171279595,16.258068,2.120761,0.25597608235507924,-0.3095709726642391,-2.9796905042544237,
4043902818217191168,270.0940075466945,-31.42766420273105,16.258118,2.1584492,0.22998406342445707,-0.948775299381744,-4.413974375490814,5183.874
4043808397489569152,269.9650971816849,-31.526424498678292,16.258518,2.807703,0.09308899784434381,-4.538752246678595,-7.213021901031448,4631.8022
4043801529935508736,269.98866892860946,-31.716554201044367,16.258543,,,,,
4043792321519678080,270.18639836241516,-31.605854689344067,16.25866,2.1832209,-0.13772540874222716,-7.67440468888266,-8.484965359397211,6792.9985
4043799876274326656,269.85695940265254,-31.680026676105385,16.258863,2.4641008,-0.11332671183430157,-1.1922496697263618,-1.357236427475411,
4043783693022572032,269.9704397624099,-31.771183844697067,16.258884,2.3175497,0.15793475622456085,1.7514382516275222,-7.686181202407503,4748.984
4043805820512992000,270.0827166733146,-31.48195973327475,16.25921,1.7681828,0.39223198597908915,3.364376245911632,-3.872283050218906,4896.442
4043796543405454720,269.92339557163524,-31.711189662291996,16.259552,2.4625225,0.19614889012041548,2.5395972576068306,-2.3693663563696292,
4043802418905086080,270.0516105601873,-31.641959794854202,16.259644,2.545373,0.16797035919860084,0.3395771675183976,-4.4094307347619015,4612.462
4043809982431033472,269.97813230611854,-31.437841613536037,16.259855,2.6932116,0.49738472838219416,-3.577023409596931,-4.808534962124197,4585.397
4043902856736420480,270.1171689168649,-31.423045840584702,16.259865,2.5580149,-0.1088050390815043,-4.671926967008295,-6.144972001942563,4595.0864
4043898664898697984,270.18199899849134,-31.491489212441707,16.259958,2.1109571,0.2408009546575775,2.477182764557918,-4.61372927609014,4610.725
4043790358803360512,270.0948166242545,-31.670381979458767,16.260548,2.269455,0.34954770242187955,-0.048628597139997315,-1.9855630892942937,4786.525
4043887047041066368,270.24099161218777,-31.505279132218632,16.261427,1.4474659,0.3020139591256491,1.4100429022092646,-5.881563291133926,
4043803660238209280,270.09416894637127,-31.638081457226477,16.261517,2.3652525,0.17229328251915496,-1.309490108268256,-8.595999891403585,4680.5835
4043787992192339840,270.2438984930308,-31.700991292788704,16.26159,2.5048037,-0.0636146155048748,-4.857021888708837,-5.070801255232645,7576.135
4043791629947285888,270.12244794752314,-31.6814816984741,16.262087,2.5057173,0.10225607819243283,-5.2336208271468045,-7.952623633815046,4599.167
4043805446944866688,270.1098365772041,-31.53044579332261,16.262152,1.9893875,0.23268376873967292,-3.2695371100057,-3.18790934311829,4824.44
4043805752001581056,270.09005937618304,-31.496266623725234,16.26234,2.6602993,-0.5306864053837345,-2.9176757761881285,-7.546314480892608,4555.802
4043806610793445248,269.96762453331604,-31.566902458319557,16.26251,3.1357899,0.0921348596522318,-7.018346780510896,-8.787165364667592,4029.78
4043791462526084608,270.235100421611,-31.625815796217463,16.262648,2.0297537,0.07287708112343255,1.1707454944382452,-2.6383526397056536,6720.08
4043898286941356928,270.16295604663026,-31.5369038428687,16.262686,2.1075268,,,,
4043808161364483968,270.00255541419216,-31.53593409278426,16.262869,2.8015757,-0.026293028316790954,1.4228206272077895,-3.1979243729778912,5000.1216
4043886535905597312,270.21823149244733,-31.548959865114323,16.263115,2.2284775,-0.0882854894096451,-1.6112392829198046,-5.698628578823465,5380.5967
4043799807564821760,269.86121081915473,-31.684328368980907,16.263126,2.8826942,0.27724631649927234,-3.742453868840566,-5.659491187775874,5345.669
4043900137996630656,270.156170219774,-31.446962326857797,16.263168,2.636325,-0.016087523026923026,-1.7684165463045112,-3.296972323917478,4594.66
4043807508530697856,269.9132768264324,-31.551050032725517,16.263168,2.1120872,0.5190480596896752,1.4536132036860239,-1.2109064554375217,5005.23
4043804755361006208,270.0441658290822,-31.598873156540293,16.263336,2.2760067,0.194188661726036,-1.448742176968665,-5.489055087450225,4736.0312
4043792454749213440,270.1482462255287,-31.608984208296885,16.26351,2.2891302,-0.33804932469600585,-7.867650479848637,-7.312138095433532,
4043805378225461632,270.07906912499647,-31.534724313972298,16.26353,2.2232027,0.043803268332431096,-6.02493192124918,-3.2030462760324445,5075.665
4043803690215439104,270.10285368254813,-31.63219162390355,16.263758,2.497961,0.09150718793293293,-6.573434194146937,-2.0172543556471743,4516.2505
4043783731583377408,269.99953058843823,-31.761319159244955,16.263792,1.6256123,0.30999096217733024,-0.2517857222533409,-4.998859654521162,7854.8564
4043898454363765632,270.19499366336714,-31.501028736532618,16.263832,2.3373108,0.17067361486001392,-7.046861897894272,-4.801410233286216,
4043805511481351296,270.10200084158055,-31.525759544748805,16.263958,2.4604845,-0.807921695069677,-7.005659694705114,-7.32148403521109,4698.876
4043796135453498496,269.90524840394204,-31.734764300263997,16.26418,2.4614096,0.05523108369023824,-6.335323844736715,-3.3508068237144544,7288.3853
4043899249016283904,270.20893274919143,-31.46056556946331,16.264225,1.4647255,0.5670033765484507,-1.3670562858104327,-1.7181974355213208,5678.294
4043807641575321216,269.93080453585605,-31.53398024334973,16.264519,2.6098728,0.16888742664648806,-7.747196430784221,-10.411878195452196,5732.854
4043790603532530432,270.2007099883695,-31.70191102537991,16.264702,1.2798529,0.9924271678578144,6.137766399826984,-11.848840576782923,4766.1616
4043799773344794624,269.82302662812816,-31.65347408796287,16.265224,2.3299437,-0.05813677504150102,-5.491580887820591,-6.58544128913536,7202.2725
4043885432022245376,270.2641541951423,-31.60318044547465,16.265352,2.1269836,0.2140563456357991,-1.4711162232478185,-4.489215250611583,4781.0547
4043790775331306368,270.16388473086766,-31.692728892551145,16.266178,,,,,
4043805339654598784,270.09399784413864,-31.543883022593548,16.266405,2.410265,-0.9369831978154982,-1.334740278144577,-6.837917603316147,
4043791634326087424,270.1241777950784,-31.66842601836194,16.266562,2.6107988,0.06567436018258674,-3.546928022321095,-5.015567929363344,4885.594
4043791526868144512,270.21758068915983,-31.615537151215218,16.266567,2.8132753,-0.04176531634147279,-2.55985866606559,-5.975523826341844,4962.349
4043899863113282176,270.1720905595263,-31.467468184736443,16.26675,1.3730736,0.32695315598837704,-2.647152125107563,2.1463834261398116,
4043801903508982656,270.0150371970134,-31.67262986245402,16.266998,2.2065115,0.1664794339097727,3.009056527285272,-1.49231265595809,4896.3154
4043783417959496448,269.99632864760935,-31.790013356805268,16.267056,2.1831875,0.21918474942630706,-2.676048084259196,-3.651770751533916,7639.832
4043902852436662784,270.11064909385675,-31.428232606797856,16.267365,2.129963,0.29362491853876577,-3.5016033058345473,-3.9676203704584756,5288.995
4043790603532534400,270.1952370501379,-31.705228320309963,16.267408,1.5405636,0.2685637254049362,1.3371657668838994,-0.7382462881271113,5907.8735
4043899416442101760,270.12448878334726,-31.488009421948295,16.267475,1.3923044,0.34962410612811906,2.330836189838718,2.7982544822441704,8113.8086
4043790736587605120,270.15269236664466,-31.711471429882486,16.268232,2.7027788,0.15309598268829822,-6.895058022351411,-2.657232517677218,4557.8853
4043786033688307456,270.1666237922601,-31.750475749292487,16.268417,2.1766863,-0.025943012618277583,-2.321999075057727,-0.9355625129153553,
4043783800302894848,269.9820488544527,-31.764087832533402,16.268536,2.407154,-0.14356344957399395,-4.046714908564337,-4.936520003932069,4625.8027
4043792420391328512,270.1654417389355,-31.60787825580789,16.268578,1.4318075,0.2779761300261478,-0.5487349098542055,-2.8540347934203805,5473.0845
4043791256367611648,270.240925434977,-31.641754503679746,16.268595,2.4258728,0.10798828020963241,1.0719253224800063,-1.3370209924346894,4581.8115
4043886226617588096,270.2254284833081,-31.577549400779734,16.269068,2.1936483,0.720474822011474,-6.349861901318507,-2.221669046998647,7634.327
4043790122497579264,270.0923407510534,-31.694588447257754,16.26968,2.357419,0.1460757722353451,1.2976967092973022,-7.54340560315328,4813.733
4043789091705204224,270.10569306273027,-31.745615835399196,16.270163,2.0205202,0.09429083847161232,-5.4135310074412635,-1.2273050309795301,4855.4097
4043791561227812608,270.12703806582016,-31.687932284824694,16.270777,2.1631193,0.12268722133823969,-4.425184824124148,-3.195469523467039,6820.722
4043807852128286720,269.87605651698425,-31.514354625038813,16.27114,2.4554634,0.11448919708027731,1.4271022128165458,-0.4489900085343004,6331.589
4043788881187876608,270.12557102808455,-31.766355085724452,16.27116,2.0942383,-0.1475085863012609,-4.204400779754071,-4.440236230920765,
4043790908386349824,270.19063689308274,-31.67569513744298,16.271318,2.4890928,0.12639768371346533,-0.5510462934852047,-4.7632244674285955,4798.733
4043898557460690560,270.1348096545187,-31.5166333463374,16.271664,2.3039236,-0.3806817242263563,-0.36753199959083643,-2.751233352470822,
4043809638782829312,269.94537630860003,-31.449211799087458,16.27178,2.3552723,0.06611252489561517,0.8540421089445878,-3.135387668071055,4764.799
4043885058435980160,270.277881074443,-31.621459340517326,16.272375,1.5583792,0.5754644392334938,-0.7189985992488547,1.3613844376682454,5438.5117
4043805000268348544,270.0552127352807,-31.552281081592135,16.27308,1.6191006,0.24676458608642196,1.8767664084365987,0.004513811865990172,6495.0854
4043801907841985408,270.01207850141003,-31.663732738817675,16.273098,2.2936687,0.08922045141624702,-1.0814035888339826,-7.337638157431847,4880.3213
4043800254408483200,269.88350897154567,-31.62924166554793,16.273272,2.636982,0.08309440513185981,-1.6835511040306268,-7.790804610102086,4684.779
4043791187648106496,270.24929597718386,-31.648704063051806,16.273474,2.4656267,0.061692554420999884,-3.1736168139065057,-5.353455787185163,4872.2183
4043885127155546880,270.2660752578663,-31.618629336550995,16.273983,2.0469027,0.055187641848400984,1.1648608504065616,-2.542145584079385,
4043788645028621184,270.06920989770634,-31.765722436758697,16.273993,2.2756062,0.14423368777942924,-5.679531840138767,-7.780843239616736,4845.0947
4043886982582159488,270.2543345577614,-31.522540089630056,16.274042,2.5315075,0.13963496252022772,-3.427793954567612,-3.0216402720521067,4469.842
4043805240786582144,270.0334685280883,-31.550176104008795,16.274252,2.4994545,-0.04662017402668867,-4.883297607454741,-0.6540844584741748,6484.0166
4043801938034373504,269.9940283479935,-31.668886750506715,16.274378,2.8115282,0.7977080477488694,4.883700356580876,-0.6062784944189319,
4043803106099817344,270.00665702691657,-31.64358222424822,16.274765,2.7880545,0.17466439753928512,-0.7650737153316983,-6.918987080660586,5289.01
4043807710294803712,269.91544832028154,-31.519057923081398,16.274878,1.8692799,1.4615569283205148,0.043097757204250096,-2.198730541290294,
4043791737351995776,270.16341585389324,-31.642257792747852,16.275583,2.3907347,0.15640195999553289,-1.7036428628811686,-3.2488394630631805,4604.528
4043791870631689856,270.1265032238586,-31.64761166527246,16.275946,2.5649157,0.2822398954839005,-3.276132563173938,-2.3704803523294986,4707.4478
4043790221191557376,270.0737957170532,-31.696339517508157,16.276,1.3620205,0.5039565749989157,0.30653946937937365,-3.2202456661279824,6821.7817
4043785857510786304,270.1347196615604,-31.7850903825733,16.276012,2.0712137,0.05516370592581957,-5.394802639249283,-5.3047468195268355,4860.002
4043800048083018240,269.8943574177292,-31.634325683086665,16.27603,2.8703947,0.17912484414730845,-3.659061161500724,-2.4100435617212876,4706.706
4043804347433022976,270.15067893665076,-31.57116783432975,16.276106,2.469657,0.24722434799649387,-2.44501862879799,-6.963463651992779,4676.1304
4043808500779975552,270.01856435468784,-31.494423525563555,16.276192,1.8824415,0.26001144383401786,2.5529757553308148,-1.8329270537565931,
4043796375920375552,269.8763957427981,-31.729491063546966,16.276363,2.4864655,0.1242451697809573,-4.441391799040449,-3.3488759539595208,4485.855
4043903166025227136,270.1261911247212,-31.426010559844656,16.276426,,0.18566728297097693,-4.889954397226204,-4.028791469653058,
4043900206710973824,270.1451736735369,-31.426120608655555,16.276457,2.408493,0.7162972773703598,-2.4948809640140763,-1.4058674595145835,
4043802418898751104,270.0449692865603,-31.63555137387686,16.27648,1.4858131,1.6837452070853474,6.723752294493638,-11.378836830250428,4463.116
4043789504022164736,270.0608635458883,-31.748266822827112,16.276615,2.4562979,0.16393332501877494,-4.1970623856040055,-8.501247715551555,4560.694
4043806683896861440,269.9267175647818,-31.576179855842916,16.276754,2.5290718,0.2366621544426624,-3.4084403031533506,-7.460898431710028,4933.9785
4043799910634079616,269.8648548571789,-31.669347435630133,16.276793,1.70189,0.522444427370022,2.50392206802206,-7.699464810807095,5552.956
4043785896249321984,270.14606821160936,-31.771686104316107,16.277086,1.9648085,0.0856268065846018,2.154148697531963,-5.766990182214975,5067.0957
4043805240735716608,270.03361141417713,-31.543636061699466,16.277157,2.3378983,0.016092708721883318,-4.572759376049255,-2.9442050906204287,4773.321
4043795409508204544,269.953945184514,-31.77755735328737,16.277185,2.5996008,0.21377186081100782,-7.322487397805306,-3.7420930706983837,5405.804
4043803076128776576,269.95687721650535,-31.61898210701763,16.278389,1.6361103,0.3218567167043754,-0.33772177169688017,-5.046415320078239,
4043809432675177088,269.9356109942162,-31.486473554046825,16.278725,2.643649,0.5235223388910671,0.2814188195113386,2.1903651928168113,4863.8804
4043806370443915904,269.9210659651375,-31.574532711352877,16.278757,2.472786,0.04831578557433804,-2.9514626107307627,-8.118169956111192,4917.5645
4043804755361010688,270.03924538492237,-31.595063634466527,16.278896,2.5257187,0.1507177605890868,-7.188214686649454,-4.969040583871447,
4043796440300443776,269.8578712181163,-31.713713025278565,16.279863,1.6309347,0.6413402892938597,0.908142210265035,-5.076978047224289,5658.882
4043788645028635904,270.05903038552054,-31.76855914047936,16.280153,,0.7570640498155349,2.981743804543023,-3.3825937685557377,
4043790534762424704,270.17199159962445,-31.718781880291353,16.280638,1.3614159,0.7061107160037157,-31.91946146570871,-33.422376315649934,
4043805167684495360,270.05355594604595,-31.55180796740494,16.280764,2.241866,0.12225749323138148,-1.1558432997299728,-3.4921324449871562,4641.0825
4043803965262902912,270.07594798081607,-31.605275909802593,16.281038,1.325243,0.4728788185624835,-2.360255879330732,-3.6218637033523415,5775.886
4043796749548167040,269.93303225315384,-31.67524973359069,16.281183,2.6430416,0.33724407972646664,-4.210977769126029,-8.724285257437804,4608.218
4043788473229800576,270.0971377756535,-31.780039490242043,16.281298,1.9562798,0.2286322531973595,-1.9134135204668543,-7.107350990872316,
4043803591520224384,269.98530902903286,-31.59165035854913,16.281387,2.2158632,0.09028927138815729,-5.863880688912938,-4.791318342170493,4701.118
4043805721824052352,270.09490414422436,-31.505581787181203,16.281775,2.2679033,0.09288964004078067,-2.697309037662567,-3.8114178855747323,4868.1196
4043792390187110784,270.15766610146517,-31.621857435060658,16.28178,1.4914618,0.4836123503820774,2.478201620473627,1.4493180353359938,10422.525
4043790839673329152,270.1537457740263,-31.688612059077844,16.282188,2.202074,0.1744839239145371,-3.3744471429602054,-8.906347781920383,6822.812
4043796474660189440,269.8740314149695,-31.709233367382552,16.282824,2.6614513,0.026236196166542575,-3.079793541022682,-8.343268676200163,4530.663
4043898630538927872,270.1658654744285,-31.509417578695057,16.28307,2.2871275,0.0838231188393452,-3.3399094975741743,-7.97820853529935,4399.77
4043787541131910272,270.2017488083335,-31.728237924734014,16.283175,1.9071655,0.15540499374441957,-6.4524576552527995,-4.716495966786749,4996.7847
4043886497179904512,270.19900074967677,-31.548716887272917,16.283308,2.5907612,0.20391178745716168,-2.3499466358726346,-2.137402984695214,4617.2856
4043807955207454848,269.9242992127316,-31.498600233861424,16.284098,2.9665203,-0.05859912323287364,-5.521571343785794,-5.8699038814316955,4617.539
4043802109696126848,270.04373356358724,-31.670291300772345,16.284178,2.7711344,0.04609035960781616,0.412724327757808,-3.880283409511261,4589.182
4043807405401123968,269.8754067201511,-31.53584859359647,16.284206,2.9392862,0.2924139066723051,1.492793840426775,-7.380419939132901,
4043806748232350336,269.9140207830555,-31.56464070904531,16.284464,2.797121,0.03946507032873203,0.7227905297750546,-5.031343981484638,4692.122
4043785926224111104,270.1791137028374,-31.7743378313282,16.284508,2.002759,0.16746563043365265,-0.15353292892199222,-5.228515382900836,4947.486
4043790947077881088,270.16470961699855,-31.6793704433854,16.28476,2.6656895,-0.06108129730869828,-4.135720595047747,-6.886739638673219,
4043790466042862464,270.1782149686533,-31.730330168313607,16.284878,1.4024324,0.8114095902204859,-2.071760163545519,-2.829518556084308,5625.17
4043807126189459584,269.9005447641994,-31.56035978615443,16.285172,3.0128202,-0.020133222794024203,-2.5556895296426294,-7.779361110698231,4864.449
4043899901851326208,270.19467945489583,-31.451186196880798,16.285261,1.9763422,0.22833700442808624,-0.7376472010918564,-3.803404925141475,5144.7783
4043899107198964096,270.18568929616333,-31.478207852222084,16.285284,2.0500631,0.0762948165368843,-1.3392394807248835,-3.7681181355171725,5076.094
4043791462526085248,270.2327243755301,-31.627281546917686,16.285309,2.5949583,4.872200034849143,-15.636920220359332,0.19444901289321725,
4043788022174850688,270.25296506369097,-31.693863556530104,16.285805,3.0730953,0.09574713575486055,-0.6956696795617672,-7.823379972351763,
4043808333163271680,269.97836854287357,-31.5301129573553,16.286055,2.9940796,0.10127923832292242,-2.2249927205149187,-4.695590957872923,4134.735
4043887046930536832,270.23745910749835,-31.51393248751432,16.286139,2.4336395,0.014336263843820654,-2.9419965535470842,-6.673021160091991,4620.856
4043791526868138496,270.211719917435,-31.617717771612593,16.28687,2.5841637,-0.5222874396520215,-6.184658945666093,-4.7948458153391424,
4043791050209117696,270.2303882677416,-31.68148281869039,16.286922,2.2516384,0.3048230759844797,1.8583094226773607,0.9989693917673321,
4043801010295894016,269.825511553569,-31.6197676679816,16.28694,2.5415144,0.1532570988180038,-1.4751785338667407,-2.973266124692415,5117.1597
4043795757496341248,269.9134664521874,-31.737579119574956,16.286947,2.138052,0.19362841643615603,0.8405592464121213,-3.320805466249034,4856.6626
4043792488934414208,270.15982353264803,-31.595283917537053,16.286957,2.734333,0.11555041782563995,-5.6003241649008,-4.550173908870336,4594.9424
4043787476831281920,270.2123216877824,-31.74555609767982,16.287086,1.6338902,,,,
4043801766249095552,269.98484133663294,-31.694677535913364,16.287165,2.6361609,0.04749951113469121,-3.869905736648235,-5.080384108476151,4453.365
4043886153576893056,270.2257019173697,-31.57996854939524,16.28741,1.5348988,1.3999580295284741,-6.2490872719840915,-12.538187727732002,4641.898
4043791118876479104,270.222826496168,-31.65379095346042,16.287502,2.1694431,-1.095991325902961,-0.7103218532794189,-19.2837496275281,
4043809398315355264,269.98467988930884,-31.46721052622059,16.287554,3.0850286,0.05298399266026759,-1.079102835687635,-6.727027299471064,4974.301
4043808844169975680,270.06652970893236,-31.458023892435723,16.288012,2.1771898,0.038824297671552974,2.295611467833468,-3.049228149307167,4970.2993
4043783765943286144,270.00268896101403,-31.76173728563648,16.288076,2.2684784,0.023381400041838273,-5.743297496098884,-4.503020183520311,4869.579
4043795791856033024,269.932484422564,-31.7337221197469,16.288145,2.5341043,-0.15719643323854063,-1.8830086111733497,-5.662277213075987,
4043792454609734912,270.1392554322039,-31.603470494537223,16.288208,2.4019651,0.08034977137718372,-3.1738148237259565,-3.2750825925819083,4958.5474
4043885432022285312,270.2682308540897,-31.59701626210788,16.288313,1.474762,0.289920561850401,-6.0699108264419825,-6.001908643182359,7971.7056
4043885088430180864,270.2536679129127,-31.63510588277515,16.288685,2.207488,0.27679188464445204,-3.7887741969512674,-5.01876134984921,4893.0024
4043886295387130112,270.25519778767364,-31.557117084471532,16.288933,1.9614582,0.1880167180343965,2.436146345694535,-1.2276977434416905,5433.534
4043802251490067200,270.07405033710415,-31.64113025523238,16.289513,1.7807064,0.23108084215860278,-1.779814176505068,-2.2978143192118283,5788.1514
4043803866396714624,270.0993924868538,-31.60481445460179,16.289669,2.6413336,0.09324979312978211,-5.668028121971693,-6.084139119196958,4345.5127
4043788198350817664,270.24975764077936,-31.67311433229305,16.289705,2.4758968,0.14441570729290165,-2.6148139981514897,-6.564077377772901,4701.944
4043809153403819776,269.94852418419526,-31.509701762125914,16.289715,2.534258,0.054834770446956976,-4.977146598649112,-3.289040825236078,
4043789911953851264,270.0802900837209,-31.73063961955962,16.289724,2.2768192,0.2015241407049355,1.197438697932926,-3.2273653406124128,
4043792562037923968,270.1797852807653,-31.58157375137516,16.289915,2.5637846,0.13354146662732944,-4.62121629769409,-5.788249615168479,4769.407
4043801804813545216,269.9574467043521,-31.694834439134326,16.289984,1.4569607,0.5767507671941093,-0.13928417226962206,-4.41226696279343,6005.873
4043790603532537856,270.19053253136667,-31.707554776493684,16.29025,2.1690607,0.10836877128064577,4.418570344944297,-4.076215288546399,4842.6665
4043809119054570752,270.0347687834553,-31.441478059537523,16.290386,2.4474192,0.11723051139513929,-4.898855794049338,-3.9213543004957474,4571.8867
4043886772052476160,270.2666091421903,-31.5357641122009,16.290562,2.1178665,0.27913669100566507,-6.232932942710458,-8.558930231350521,4830.758
4043808848563097600,270.0645759664125,-31.463903801159436,16.290567,2.2949076,-0.19986765620871688,-6.781185551116053,-6.575793437772113,4662.465
4043803484046936064,269.9744342295475,-31.595573414283127,16.290567,2.7062016,-0.08270162654568582,-5.332808118450342,-6.818988454880662,
4043788090887789696,270.2465129753583,-31.687246414426582,16.290781,2.3728952,0.004888775117654707,-0.4585667439763329,-4.554405226564125,4498.4097
4043898905365090944,270.23573509351456,-31.48765555262998,16.290943,1.5141335,0.6650016763759652,-0.8226770359877348,-0.7762487713678536,
4043801456822216576,269.998181622183,-31.735685269207124,16.291317,2.3003635,0.1463304256777325,-0.22143055658936234,-0.6833070708993627,4647.837
4043791939178546048,270.10655411838326,-31.638493129813778,16.291534,2.262744,0.8966753228950454,0.4156032514688738,-2.129068325824699,4609.222
4043885466382130560,270.2732618299619,-31.579493927307755,16.29182,1.4477224,0.8122418496976267,3.5764956886314745,-4.6262982533748085,5859.948
4043789057293687936,270.15219204235444,-31.729613084115012,16.291903,2.2871475,0.022519047522348314,-6.084410230965284,-5.40352702689801,4402.486
4043788297228232832,270.09723337736347,-31.796769440203523,16.292063,2.0253592,0.09621118601690096,-1.386008796795962,-1.492028225445234,
4043791874791056256,270.1231607968598,-31.646343265503372,16.292355,2.2475767,0.10652281265547958,-5.404440633312301,-0.48687692469574073,
4043885432028054016,270.2606611807536,-31.5957535309188,16.292603,2.375781,0.17882604333964197,-4.203883930815477,-7.161752238244656,4559.76
4043792282782379136,270.2068050182056,-31.61120446773465,16.292639,2.0958557,0.13195417209688076,-0.685563585932371,-7.1363552718108005,6351.1226
4043808775450490752,270.0776132314524,-31.48099503970236,16.292847,2.51235,0.03686618924780334,-2.7815444650993997,0.507643575594646,4678.385
4043791355069435776,270.1963992900278,-31.649918816178655,16.293032,2.6231937,0.04178533659604086,-3.6461010872737,-4.615285923496884,4634.244
4043898385649387136,270.21041062834206,-31.513990785261914,16.293165,2.0824242,0.04513426870053676,-4.392623914864482,-6.553272691260886,4608.4023
4043807611559457408,269.9161630228576,-31.53352252499607,16.293331,2.9891977,0.04981267718989376,-4.89035078658904,-5.902365124880541,6024.815
4043885470753039232,270.28430470426264,-31.584921122657946,16.293732,2.2707767,0.09138913881336802,-6.212924892283056,-2.931143848849226,4842.76
4043799708866711552,269.83461211685176,-31.670240694458514,16.293814,2.9540663,0.14452469022734982,-1.1223839962421083,-5.268573543263252,4640.8813
4043787506772154624,270.18711956518837,-31.737678983936945,16.293818,1.9715977,0.10939836089383409,-3.5894457429952333,-4.72787609793648,6727.4404
4043804656619855232,270.1354475366186,-31.54229007780925,16.29411,2.3767004,0.16038190014045703,-3.958517720537861,-2.8217941630857,
4043898798071680896,270.22695694972776,-31.492402721421367,16.294634,2.2675257,1.3005581320048185,-3.5330496454719085,-2.8247880406717254,
4043802144020816128,270.06261479052625,-31.660275604388772,16.295109,2.6716928,0.04021252519230406,-2.0006329787046053,-2.704494598721664,
4043791909204103552,270.0946131108898,-31.644938975443935,16.295109,1.4680471,0.14220142547181597,1.0006765982131558,-2.3979748999145487,7871.7915
4043789224759107840,270.13192282455645,-31.717676366423674,16.295397,2.1643038,0.17605977433239176,-1.3598852181515984,-4.088533680032599,4740.4688
4043804755367628416,270.04371710010474,-31.585965238484718,16.2954,1.9643621,0.1713678190868442,-4.952928329606672,-5.646577025902389,4575.3315
4043806202860551168,269.87668152817275,-31.601063791148302,16.295605,2.634718,0.33068331877905566,1.9798082876382248,-7.2811439234724045,4941.281
4043804824080489088,270.03467089827717,-31.593645599512513,16.296446,2.3800173,-0.005636804995588343,-2.748966098835933,-5.090234355228393,4725.015
4043796650849586560,269.9379391140268,-31.703145551883154,16.296467,2.3957348,0.09157066291671555,-6.423006935237303,-6.613638128396424,4858.2095
4043790770947382784,270.16572992211866,-31.686058470232147,16.296635,2.3003855,0.13056126762833895,-4.34609905707978,-2.4597269024210764,5149.7993
4043801907892696192,270.0090191329058,-31.679690038104066,16.29721,,0.2259499745688781,-1.6860408319192002,-8.111476332346989,
4043804789896622720,270.04870557642454,-31.58819540649027,16.297335,1.4256067,0.29288752240785565,-1.9188604782715095,-5.254519711181607,6011.86
4043796444691360896,269.8557457845726,-31.713471067223722,16.297441,1.5525236,0.4527575038846629,5.572571712352063,-0.6662001754971927,5036.3403
4043796960037123200,269.9138121885715,-31.670944323125738,16.297466,2.2971153,0.21922834544555733,-4.789403594971381,-5.7245166612019265,5052.194
4043789263503904768,270.1387621534379,-31.721650547618918,16.298262,2.7155943,0.0341361650617167,-1.8225601383942949,-5.592509949337283,4580.242
4043790672252046080,270.1933390872185,-31.690176915562805,16.298609,1.4351397,0.5498899230814716,1.0667900277835314,1.8084748110614912,6724.509
4043808535139105920,269.9841227171047,-31.50272286300751,16.298637,2.821394,0.07171104089923783,-4.530035781688652,-5.280334615722596,4758.138
4043807130523042560,269.9015863590906,-31.562446347244258,16.299053,2.4346504,0.07186781672111664,-3.4068862258309713,-7.486441757532273,5190.401
4043801907892734848,270.0061196214989,-31.669934965956063,16.299055,2.2610168,0.1413202153306497,0.5211272631018065,-3.354642156272461,4805.912
4043997341930913920,269.9466882212797,-31.433797342754403,16.299168,2.3436499,0.1792226137359201,-0.22932341334612025,1.0056301569436816,4707.4814
4043801319383413888,269.81958275926996,-31.60201704629924,16.299704,2.7709942,0.2710888498938283,-1.0599687855959377,-1.4940758306181043,
4043805202037660288,270.0485101987295,-31.544472385324287,16.299978,1.686636,0.40665276130482053,0.3190107546428254,-0.70534231696976,6008.7056
4043785891864365184,270.1537436345112,-31.777545037211226,16.300337,2.1925554,-0.03423360200162021,-1.2608191231680344,-1.7514477125097303,
4043806993134582656,269.874774303355,-31.587460681467867,16.300552,1.7296753,0.26498847690085847,0.9319082839961315,-2.030943990918762,6694.4893
4043788576309052928,270.08144479710853,-31.781136436329643,16.30062,2.116395,0.09738123015374807,-0.7649578448796053,-5.883726671785229,4901.6353
4043804171252106880,270.0838459029929,-31.56730542417298,16.30074,2.8153763,0.06846601594875423,-1.8186997626881114,-6.484933913262628,4526.9487
4043800327342496384,269.86446124338556,-31.624829990064985,16.300823,,0.03726579641993823,-1.6981529569301295,-3.8675668771417144,
4043788572106002176,270.0756945774642,-31.779062820690662,16.300926,2.1556578,0.16009199893228293,-6.307310363029108,-5.38803268059837,
4043795448206831744,269.9704182782713,-31.76031320213107,16.301102,2.334649,-0.12859201111096577,-5.606764543915747,-7.921993902646175,
4043808810019651200,270.0485193517688,-31.472026381529194,16.3012,2.2962532,0.1683094697443201,1.13110415453238,-3.1481503354170117,4803.435
4043789538381896192,270.0821086186849,-31.73621739462175,16.301277,2.4088287,0.14335867517643985,-4.874325460643227,-5.136640564563034,
4043804347433035520,270.14873045233406,-31.56825159846331,16.301863,2.0590715,-0.40307183404768593,-7.214867761431343,-10.609651084303097,
4043804755536884224,270.04644191458044,-31.600292837589404,16.301926,2.7270794,-0.05347871555396471,-5.302965828647802,-4.218877377943072,
4043809776272497152,269.98906375164563,-31.458324364698218,16.302094,2.2789135,0.05847136353817815,2.5468334651500038,-2.134404465139375,4989.2
4043807920847714560,269.91110288391945,-31.50778884684051,16.302677,2.4712992,-0.0782318092523,-7.185715229891039,-4.580506037660722,4759.996
4043898561819459456,270.1486488121588,-31.522546012966856,16.302742,2.377859,-0.02197051907492784,-0.6879576769519246,-1.9807667253136851,4562.5947
4043806782581852544,269.92802339307,-31.55293198767315,16.302782,1.3002071,1.1194412996455148,-0.4767077586651192,-2.912999442971181,4930.9917
4043803003187923968,269.96577946838596,-31.635021034621527,16.302916,2.328414,0.06978166283655023,-0.5492074671467492,-4.687371582485069,4857.711
4043800529109386752,269.8219988306979,-31.65158501531805,16.303196,1.6152449,0.5121961605019455,0.447629877832014,2.1096487538999984,5393.372
4043790122497544192,270.10191812827526,-31.697452115045415,16.303364,2.368969,0.10116539148775261,0.3138837787507773,-2.0998069975087406,
4043806782592116352,269.94253948699867,-31.553066919723427,16.303665,2.282464,0.1600655828659569,-2.584759039946318,-3.3454580780690373,5795.0317
4043788438818248704,270.1140951096841,-31.780302561813297,16.304193,1.9213238,0.07968273399440819,-2.8462520673877627,-4.58328988047607,
4043800013713317120,269.8779117977396,-31.646373792505134,16.304375,1.5487394,0.6067805794585535,1.6465083451564604,-0.6275282878914894,7581.706
4043806752565850752,269.92483434532386,-31.56281641792157,16.304443,1.8503828,0.6148094515886917,2.6224504607041994,-2.8961164842355895,9033.496
4043787579823186560,270.2118703970245,-31.727569201485096,16.304829,1.4141722,0.6408601625907937,-3.3781692553418066,6.423134956565741,6014.5605
4043804656670773376,270.1392392808257,-31.543753476393466,16.304869,2.2457685,-0.23267057759920307,-2.379747785169168,-6.04982042684097,4779.462
4043804102525995008,270.1059891365308,-31.58345771943875,16.305517,2.5231562,0.2662570390757779,-2.6621700731212945,-6.222888074351998,
4043899450960343168,270.1562167230148,-31.482473885325252,16.305708,1.5090199,0.5472765425201159,-2.0210080158755854,-8.032641331509605,5857.176
4043795379487662592,269.91020405907545,-31.756996938115584,16.305819,2.2174292,0.28644820599455256,-3.412257952490589,-2.050654654198245,
4043801598654980608,270.02053479821143,-31.697663428268186,16.305986,2.3754158,0.2920355352072596,3.5347250088681497,-8.607407460288226,7562.5674
4043898561819600384,270.1424790070552,-31.509996601296024,16.306097,2.2114592,0.05859298323689139,-2.154080483188601,-5.07635809238079,4610.3403
4043898424380250240,270.1924450608854,-31.519631423002476,16.306168,2.0321512,0.215757711834705,-2.457257184825119,-3.6334761323260203,4746.276
4043809810632254464,270.0009890064107,-31.442462232065207,16.306984,2.4530354,0.11464550265057838,-3.350525654754147,-7.336236575586071,4721.46
4043885397717855744,270.2506410050801,-31.59708525024597,16.307169,2.2285519,0.27742771310235276,0.2844753574906162,-2.650735276346231,4554.769
4043788640649544192,270.0609706523511,-31.76783608224832,16.307276,2.1896086,-0.03351813999292583,1.1276824998084316,-2.8661087444693463,4951.8257
4043789705795421312,270.0103024653902,-31.73010843750587,16.307323,1.4180088,0.49559369717030033,-2.6448548076526612,-6.16456704110668,4794.802
4043809119257928576,270.0418971462721,-31.434574515449153,16.307476,2.299407,0.20203378688654772,-0.9702330069153399,-4.724964395766103,4645.2017
4043803965087015424,270.0681141142795,-31.60716565143371,16.30751,2.189062,0.241320304094799,-3.164267084556827,-4.744460635578654,
4043782662231066112,270.05691313864975,-31.79549676808172,16.307528,2.2992477,0.03141843195669807,-1.6939793112317938,-1.8724438196069138,4830.4
4043783521224040448,270.0165096178859,-31.783038334408083,16.307877,2.4457712,0.2950474184676333,-2.3359472762624423,-7.829608473505434,
4043805854868843648,269.90848059282115,-31.64269849620689,16.308144,1.4699097,0.6699047930681136,-5.157808848966457,-7.675530957383248,4783.0894
4043788434667187072,270.114790317639,-31.77938370512139,16.308214,1.8302889,0.12540839476463467,-1.60234266402639,-6.133176141707919,
4043788370150556288,270.08886976102025,-31.79242882476737,16.308691,1.5139484,0.2170676222232144,1.082282338617456,0.27800605182376165,
4043805653103468928,270.0555627729891,-31.522943773536035,16.309298,2.550764,0.26783557298262634,-1.4833690652317304,-1.7279224238076059,4778.2524
4043899553875712640,270.15769551746376,-31.459397008615866,16.309372,2.0346327,-0.08966721918285021,-2.587386045092133,-5.350667375961271,4867.681
4043902921294457984,270.07646435721693,-31.441951758668964,16.309685,1.617487,0.19195125928318793,-1.0953181248521962,0.16134054051609395,
4043788919906408064,270.1350467257604,-31.753003306332744,16.310225,2.073102,-0.11916309952330031,-0.3368647842101654,-4.992524913698255,
4043788060911873792,270.2252350520503,-31.689165706287074,16.310278,2.2595806,0.07223349001693632,-0.7599844368030563,-3.6563218731918212,4663.031
4043898729241794560,270.1839835106242,-31.485049991470305,16.31056,1.580203,0.2375563021657397,-1.6388788457000052,-4.815967733753966,6781.1465
4043785999328557184,270.16198049159544,-31.75573485863088,16.31062,2.1769495,,,,
4043898390020470144,270.20873036397774,-31.511087086885926,16.310843,2.3900118,0.23001213329623676,0.20342209135787145,-7.469132416141832,4609.5103
4043789327844824448,270.1343430929892,-31.698081396241015,16.311174,2.3753204,0.19143957659772068,-4.808978896567443,-5.159261852287438,5033.7695
4043782666431124224,270.052308532601,-31.80463411378708,16.311255,2.014409,0.24327756012052626,2.198249598487659,-1.8982770683528143,
4043995142674943104,269.8534345226333,-31.520959402763175,16.3116,2.6040974,0.26913879264680535,-2.910735757823383,-2.2528175665749943,4808.6274
4043886119272360576,270.2205185065817,-31.597461939965466,16.311676,2.0786266,-1.167018157385164,-5.366728793639056,-6.897829153749986,
4043899626971935872,270.11720681549644,-31.46918902301232,16.311872,,0.03560368891186163,-2.7356401560303514,-13.039945521176508,
4043809634440177280,269.9508106421378,-31.44896648279952,16.311962,2.6096401,0.1171036142029405,-4.279766119599102,-7.8206531715843095,4864.2275
4043789877779809792,270.0342662162759,-31.704688214810886,16.312172,2.148694,-0.14511135747052856,-0.5439636399168875,-2.8455557314411997,
4043801083256752000,269.86510738541733,-31.608560203709594,16.312502,2.6928444,0.3036186067416884,2.842712477181802,-3.575684506306211,7400.256
4043885024116392704,270.2610156231441,-31.633535682606716,16.312572,2.1843472,0.1849502234252088,0.6492173903983128,-6.619684830494227,
4043805545641657600,270.10737832145287,-31.50584451513708,16.31265,2.15483,0.3819510323557458,-4.222770268529621,-6.719324468692047,4883.103
4043790534814162560,270.16805530674475,-31.71847630020637,16.31268,1.4501553,0.6169333306633167,1.0595362057895423,-2.6548320341992824,5299.822
4043902994227020672,270.06201116561647,-31.417613621874978,16.313187,1.3930912,0.48314325448293205,2.9081195942442957,0.11088966684707807,9831.035
4043796753929645824,269.92862530397684,-31.6789242942776,16.313227,2.0953379,0.020217708116591675,-6.15317722311925,-6.40650608497488,7848.4946
4043799773205052416,269.82743852107825,-31.66745098071271,16.313238,3.0272303,0.08807660561548135,0.3858056416205231,-6.994467328546042,4772.836
4043802384545323776,270.02042951122604,-31.637674290503988,16.313374,2.3544197,0.047907563140113026,-2.3852515583548812,-5.540059648623765,4809.414
4043785479729706112,270.12629757073483,-31.79107052911265,16.313519,2.0566425,,,,
4043802285849828224,270.0234182840798,-31.667297864831752,16.313848,1.6163874,0.4250661247134865,2.4980535052624413,-8.112401086278508,
4043806164116451456,269.89810023091314,-31.60750687697592,16.314539,3.5393295,-0.038408457091763624,-3.9056883216621636,-3.7804927538526334,
4043788640643453696,270.06557358382895,-31.769063766818427,16.31464,2.0708933,0.1297423804162011,-0.6532849537691694,-0.08958072253851941,6353.8496
4043809501394698112,269.9294188738274,-31.479335674696006,16.316027,2.6352577,-0.06709575161335017,-1.1643246681338588,-5.113541746554662,
4043800941436168448,269.8393556285685,-31.625095994471177,16.31639,2.5692825,0.08273113519619074,-1.5223990297072243,-2.757196958580546,4960.2134
4043808882919092096,270.02845167681323,-31.485069058064482,16.316532,2.4343548,-0.013213340632971825,-1.3415208828081635,-2.5884915033945126,4696.7017
4043899828753795456,270.13066187637975,-31.43334466097186,16.317171,1.4379749,0.6993153874496717,1.6906422788249056,-2.654216476278417,5409.8213
4043789602900421632,270.0624688151055,-31.733255505156837,16.317255,1.6320028,0.9229214673908732,-0.8103978696355432,-10.263834762518774,
4043805790542459392,270.07742965511835,-31.493982382729357,16.318432,2.5940962,0.19814846462078142,2.462381420512635,-6.479010292102978,4661.459
4043787472418540288,270.2115378471757,-31.731584816313365,16.318552,2.2107668,0.028496894496290302,-2.2596504248485805,-5.381815018013832,4756.9814
4043792081001593856,270.12999273417427,-31.621803335814818,16.3186,2.3753328,0.050067311762107165,1.9554485312647372,-3.5438528609649564,
4043886634722743936,270.22112025071516,-31.522097612102467,16.318628,,1.0948848361089236,6.2183132680275115,-1.6847350938705172,
4043792454751147392,270.14222813612724,-31.600676200751106,16.318909,2.3215504,-3.6310353260988535,-2.6815308651916587,-9.998919332426185,
4043789430923505536,270.02943258736894,-31.76562356568613,16.319595,1.5277567,0.5694603912658213,-3.505129217759112,-0.20417510818267137,6010.685
4043804106914921344,270.10513331399306,-31.586134463864155,16.319769,1.4438725,0.4667567126951607,-1.1623131669185593,1.0999927481236225,5311.951
4043806061037260544,269.9285459217547,-31.602182697094793,16.320026,1.7054186,0.3562371480631481,-0.06927908980560615,-7.972791969012203,4919.668
4043796650798104192,269.94016332153285,-31.70762741886835,16.320091,1.6269274,0.35935380894071106,0.7209451114613983,-0.6195954294608637,5999.5063
4043796753929645056,269.93293888656183,-31.678287083432544,16.320238,2.7792797,0.08517238404025756,-1.4432754670581578,-4.47010541532827,5078.118
4043801839173281280,269.97788834195126,-31.68223489263767,16.320362,1.5682068,0.44047874138968335,-1.2496571247284396,-1.2979451716238368,6300.4277
4043810016739844736,269.99501991344397,-31.434455079238138,16.320978,1.3711452,0.5539065167471808,0.7291540506573443,-3.1154335747148028,5103.323
4043799876274337024,269.8623516186616,-31.671254628950475,16.32101,2.6274729,0.08699370967826288,-0.1595639482274837,-5.233985659274828,
4043792493318482432,270.1464115294273,-31.59681955180788,16.322258,2.0306273,0.15247912840258843,-5.618355867059893,-6.146993311639159,7529.8193
4043898664933699968,270.1858099379062,-31.50709959751342,16.322668,2.0719986,0.557312302983358,-2.1592966758146614,-5.69291489616406,4710.188
4043805584333080192,270.0652745168668,-31.52220717847782,16.322704,2.0738382,0.2564752394050088,0.4685257693748375,-4.6592751204322855,4829.811
4043804484872084480,270.1103800145997,-31.567284426094723,16.322704,1.3691244,0.639181249717312,-2.360417224728666,-4.721579169956053,5168.271
4043796650798094720,269.9376473574099,-31.7122276599831,16.322712,2.2911615,-0.017472430576379327,-0.718520095627183,-0.5413636139340721,4587.1294
4043795826215704576,269.95819476829666,-31.73023263904817,16.322954,1.6100559,0.653373222922754,-2.461544844440007,-1.9399396667172408,
4043886119272603392,270.2221786661886,-31.587497391726426,16.323189,1.7414751,0.35938403796957263,2.108103737937969,-1.5690027289215651,
4043805137707361280,270.0265291405499,-31.558179886967906,16.323593,2.5311317,-0.10358221197281656,-1.5435535670610856,-4.9655125673485685,7683.1875
4043899901798113280,270.1934610068319,-31.45387083576686,16.323833,2.0202217,-0.060898396502548496,-1.6481420154028157,-7.36475453024166,4942.03
4043792355827310080,270.20155632423837,-31.601160332940218,16.323887,2.0938072,0.09575491541713858,-5.18569860959596,-6.550664938615306,
4043803316591502720,270.0118963205895,-31.61007248596353,16.324026,2.6141357,0.08604008693282479,-1.1306390779959155,-9.718253309288595,4598.4854
4043899867438342784,270.17928202093054,-31.470135640939404,16.324148,2.4885378,0.03590596802756013,-3.8721158221387664,-6.2789755966012,4726.766
4043788473229806976,270.09529072432645,-31.779723075112408,16.324238,2.1745806,0.180847470542629,-3.426973637618805,-4.056133784026262,4555.234
4043806370275225856,269.91108220521824,-31.582276451759295,16.324415,2.2844524,0.15128089734252675,-2.99319062694307,-2.8102111206512532,5801.869
4043886261027415936,270.2314441218625,-31.57432645403296,16.324543,1.4669495,0.40624613697790185,-0.4889205186343503,-2.226029658364338,5785.0
4043803896543676800,270.1018896878878,-31.59888054024509,16.324903,2.6069021,0.1976389132859585,-3.972980582202155,-6.6241952325402815,4594.6196
4043788851135114624,270.145686946864,-31.7583977099188,16.325052,2.0467815,0.17417111129338836,-4.337626790215504,-5.9549975796596275,4869.889
4043801736093985280,269.9766954005576,-31.707310747697175,16.325132,2.3893385,0.1724668099334576,1.348396330727633,-3.30266778571588,
4043806095387053312,269.9269155133669,-31.59337506186969,16.325207,1.5074692,1.452785531392128,1.283646087420516,-8.584309209706364,4805.648
4043787678570899072,270.221921326334,-31.7071522560957,16.325254,1.4465761,0.4567942498406851,-2.2824594037057895,-8.146245456491854,6327.829
4043805614354543872,270.07692849391555,-31.511327811844183,16.3253,1.3033113,0.9954283234731344,2.8421014137882534,-1.9707020310531054,4573.0137
4043807675935064448,269.94432403948724,-31.52229216416258,16.325603,1.8139095,0.2216460657952727,2.6880997844292107,0.3712505200676668,6671.3906
4043886187942267904,270.21286914352333,-31.587062669839135,16.325787,2.7593489,-0.02238723367111485,-5.1516268683112845,-4.041358629538802,4726.774
4043809909531728384,270.0073026829336,-31.42901496210816,16.32588,2.3629541,0.17362025839433937,-0.3241915873111221,-3.6999655858027483,4698.239
4043789607101452928,270.0620997759233,-31.727991595409048,16.32598,2.4698105,-0.12381251863840123,-0.5836706046711403,-5.871866725951625,4685.324
4043804553591581184,270.1025377488911,-31.566479571577126,16.326189,,-0.020038831317270626,-1.379535641279239,-3.7957890801625203,
4043792454749381120,270.14378741261885,-31.617168738597837,16.326462,2.6776705,0.16080682131306467,-3.5777215212042264,-8.156849354288356,4612.7456
4043899145935070848,270.2047677025858,-31.467059134352176,16.326633,2.1891031,-0.07771807974858996,-4.557783776751553,-9.018509933679155,4628.135
4043807955207483136,269.91423123363586,-31.497130792429353,16.326672,2.677723,0.042182527624109886,-2.6363333516858964,-1.252382098423271,
4043795650036118016,269.98216003389143,-31.7232940635962,16.32688,2.9160423,0.013104645478942648,-1.0806836568778124,-5.708820380880007,4755.9106
4043902891147652352,270.0668960327377,-31.43375533911288,16.327042,2.3904076,-0.45377498603056937,-3.6732293491624546,-5.320865778864677,4632.367
4043790290083489024,270.06331392287234,-31.680541147725656,16.327232,2.630827,0.018883000324886358,-2.167445109268698,-2.6995840095620256,4986.766
4043783418142687104,270.0007861520336,-31.801511891480434,16.327238,1.8002529,0.11915741240493025,-3.253802083518163,-1.9428397439396625,
4043802659413162880,269.959357853043,-31.656140725893504,16.32788,1.4082594,0.7509398625935703,2.71147847545444,-0.3591944710438024,7940.154
4043801938034373248,269.9868390867259,-31.6638380925735,16.32791,,-0.19032537537532826,-3.396566368309721,-5.638367844066009,
4043886600253748992,270.2054074633832,-31.540600295220894,16.328192,1.4686556,0.6445183743595788,-1.6936124757233486,-7.065515190123692,5663.416
4043795035941555712,269.94925236131394,-31.782187615524585,16.328194,2.3232603,0.010908827294415412,-2.361721395926166,-6.02722339905665,5083.362
4043790427350023552,270.08584521040444,-31.66819937891524,16.32855,2.0963564,0.002737476064769496,-6.507737161473601,-3.063609792246454,4937.165
4043783456705265792,270.0205181310464,-31.79512139577658,16.328571,2.413042,-0.09250635603604758,-1.2314504529650718,-6.058179265207954,
4043789671435666432,270.0315660760999,-31.737956884374533,16.328571,1.8852558,0.33679715301257046,-1.7093793541745361,-5.0788139188039025,4785.324
4043995554991807872,269.8793107058496,-31.508047896656024,16.328737,2.9214878,0.04596482909417964,-3.8988347657083406,-4.500910309203786,4545.195
4043790981489792384,270.16862937464805,-31.659588664919458,16.328892,2.4440966,-0.5466416317366638,-2.752955076368031,-7.448243401632576,
4043898763627752832,270.2233148303869,-31.503594018127067,16.329191,1.9979715,-0.4470088426743413,1.8649915902993275,-2.1422234788688064,
4043898866680707072,270.2175052170764,-31.490407911543457,16.330181,2.1242533,0.2070881847557524,0.2729723129711197,-4.174700351836514,4739.0117
4043799498317194624,269.8453345549452,-31.688751418582065,16.33037,2.5675945,0.09167491587674129,-5.460166565986168,-4.574097457872534,4739.4956
4043783280556619136,269.9507673721043,-31.78824553599293,16.330479,2.388116,0.15192010759460106,-3.9976428206790873,-1.5406677869113776,4723.5938
4043805202215424640,270.05799580124255,-31.541927344667215,16.33072,1.5955782,0.7229717431006547,-0.3220191178634737,-0.2513838313992419,
4043787442437468544,270.19556963336555,-31.757687728584003,16.330812,1.4241514,0.6089892063752332,0.0032947545634916947,-7.067743391484517,5215.8115
4043808122621952000,269.98952584088187,-31.550228454150364,16.331406,2.1912327,0.09021368332379165,-0.6320488020780046,-6.664316579569853,
4043898213850677888,270.17917487497874,-31.552013152121873,16.331436,1.4288378,0.48252965690984273,-1.2714363587653408,-4.329695149116775,7633.351
4043787786033881088,270.249768807971,-31.70952510584978,16.332119,2.0048304,0.1905254613076378,-0.7796637625475604,-3.393155626417012,6082.541
4043807645919134848,269.93466969323157,-31.53663350547563,16.332224,2.5236826,0.40609917953085667,-4.641777114650869,-3.5149019609979457,4803.414
4043898389968948480,270.2113808196537,-31.52165172035388,16.33225,1.446166,0.5332214625160384,-1.1003745201402124,-1.6082287537084106,5653.3203
4043804892799988864,270.0677556693744,-31.572675005009717,16.33257,1.3841543,0.420284676953445,0.18776625454863471,-3.0579819214241803,6279.1304
4043808225694657920,270.0388544503189,-31.51663402383407,16.332668,2.5728245,0.05939437331252802,-3.857910774042404,-5.234170220698974,4752.536
4043787987815104256,270.23919813799654,-31.697053484457275,16.332678,2.439085,0.1259434797533069,-5.015999649796907,-1.4290583114518585,
4043899420761879936,270.1358349666763,-31.492858459843887,16.332916,2.3249645,-0.07028069824116609,-2.560517417471298,-4.148737864710398,
4043886565951702272,270.2332765266203,-31.544262308892694,16.332947,1.9456072,0.28105706962737975,0.5046968517949741,-0.9022770148088897,
4043808848559324032,270.0634287996328,-31.46345839190776,16.333094,2.538004,0.07068455486431766,-1.6576959798399284,-8.160820268786171,4595.1846
4043809054666905856,270.05860615363173,-31.45495519062803,16.333212,1.981638,-0.48744525450335197,-2.1988756201532493,-9.09658967857902,
4043807504146595840,269.9158756154676,-31.545142451779547,16.333466,2.8119707,0.1209432970041134,-1.5630510067871524,-2.861062747164133,4872.3335
4043807435567865856,269.86374943878656,-31.537934272612958,16.333767,2.3385448,0.031035516850704114,-0.3131884619039327,1.258771045988992,8132.5874
4043801667374458752,270.012586010454,-31.701884020574884,16.334003,2.3594341,-0.8965141902508542,-9.618050766021573,-11.52227661955799,
4043782735150697216,270.0430700483532,-31.790276862883545,16.334484,2.3026943,0.24235388651486367,-3.989352584437153,-2.314605379953705,
4043809497026849920,269.92859027356366,-31.469884245855894,16.334549,2.5909052,0.2556159266067052,-7.643614371108779,-6.950814978560745,4976.4697
4043809462641475712,269.9445921341242,-31.480340567536246,16.334562,1.8109341,0.3435348907546255,-2.5843623860200418,-3.4786063461351526,6413.161
4043787609851409920,270.23900675350137,-31.7138861888309,16.33481,2.2189665,-1.4204809196317845,-3.304355118164031,-3.3775700326262963,
4043789327838342528,270.1289796047529,-31.70538845273223,16.334955,1.4940577,0.6634346206927092,1.9482607998444281,2.377863295845689,
4043806718256624640,269.94576339419274,-31.555857370219538,16.335007,1.4727097,1.3272932595378941,-1.2931254356930444,-9.456336749857963,4581.9697
4043788610668841216,270.05889495725495,-31.783941068851814,16.335043,2.049634,,,,
4043806340248981760,269.89479737982435,-31.585246613737493,16.335495,2.5012684,,,,
4043788576376105728,270.0699029845674,-31.782303269379767,16.335796,2.2026796,0.13086779822049618,-0.5938955332273917,-4.166092542570265,4732.642
4043801942252480000,269.99201848081105,-31.677195682955894,16.335878,1.5656757,0.386752054164682,1.7228291613719204,-1.1270607618565327,
4043789843234411776,270.03405505203676,-31.708354858306375,16.335884,2.6817484,0.005063588553211911,-3.826700844191763,-5.368026027535561,5287.294
4043898871056972160,270.21241552461396,-31.485463504190616,16.336212,2.1768904,-0.4017632166416307,-5.909144150338736,-7.995292492088851,4745.145
4043788297226223744,270.09315952965005,-31.80149669508665,16.336248,1.9324083,0.029425240656204846,-4.119887982747361,-5.852573823979843,5115.3145
4043807577250212224,269.910673051958,-31.542149355218104,16.336905,2.8042135,-0.10299223037561005,-4.140134824053143,-8.64111347945532,5032.374
4043791251990251008,270.2415834704164,-31.646544614089393,16.337412,3.019043,0.030781140517386528,-3.448940241110405,-4.1435946245952175,
4043804656619852800,270.1435302357166,-31.535737201357772,16.338036,,0.338458136479046,-9.792394257124412,-8.617254350726732,
4043805240786624128,270.02559099611125,-31.544218924140555,16.338272,2.4144945,0.3720767185205013,-3.84212996774487,1.3150227108905994,
4043802217130340096,270.04959616440146,-31.65383603804934,16.338404,2.7996645,0.1881958942139564,-4.488172716243462,-5.886679148786916,4635.351
4043886222302007936,270.21667826374886,-31.566402988245155,16.33902,2.377964,0.01964134042897603,-4.778724814934943,-8.638242592294324,4409.6143
4043809600090852480,269.9648643123554,-31.447243229356545,16.33902,2.570343,0.09335909279260103,-3.0957691230766526,-7.072738697200938,4699.224
4043885333263997568,270.24797009465755,-31.613068931529643,16.33927,2.0655766,-0.04334362791821842,-1.4835808482061608,-8.647172174721904,
4043899347717027840,270.14751838156974,-31.492215543779167,16.339354,2.502286,0.2789782685887718,-4.345189138055444,-7.36482755500019,4611.92
4043802144193225600,270.05852726854073,-31.662508227868866,16.339436,1.3960009,0.6309975517270877,2.3085264952049065,-0.3032422077351353,5213.83
4043885367673974656,270.22947571940915,-31.612236100756316,16.33964,2.2967033,0.19240606787285083,-0.9228087459771759,-4.624855238563353,
4043785965031055744,270.1814198339439,-31.76515923537248,16.33969,1.9573927,0.51563751069163,0.7177353361939349,-2.7329107249227933,4813.5664
4043886462875025152,270.18584155201364,-31.571145457361556,16.339796,2.3551664,0.4549494698424606,-3.2798006111662206,-6.876657534652769,7997.607
4043801044655932416,269.84176873425656,-31.612629044027674,16.340437,2.8043804,-0.059513803691464036,-4.488780169737574,-6.7768017593315,5199.022
4043795615666683776,269.9706464145789,-31.742741296768596,16.340683,2.3542595,0.12372107546611182,-5.467220943426332,-5.220709085150379,5402.446
4043783525372663552,270.0102052592751,-31.776026652709046,16.341042,2.015728,0.36581145968185036,0.11564716501920373,1.225648643684258,
4043806404635005440,269.955983563616,-31.58769495783279,16.341053,2.8415813,-1.7200314329726327,-8.881555341349355,-2.997418359895729,
4043899347880649600,270.1454956975412,-31.50310485547991,16.341257,1.9069061,0.4621391250706387,-4.832096330174029,-5.630003573288468,
4043801804813521792,269.96719002979336,-31.694971325097843,16.341454,2.1007948,0.10194220531244859,-0.5990097674622435,-8.051602975687455,5021.2256
4043790534814176256,270.1668503764698,-31.716289281727075,16.341967,2.325962,0.21109088688920163,-1.5713114217528898,-7.793581111706032,4532.8975
4043899111575413120,270.18510338094217,-31.47250802887005,16.342108,2.2810307,0.17313775971749212,-3.1954745499381856,-3.0127106782857656,
4043808539321777152,269.99583295342006,-31.493548528201067,16.343004,1.6209879,0.529015260685833,-2.7129041408277605,-8.192855106190764,5045.96
4043802285799118976,270.0118524940877,-31.661636079581157,16.343204,2.4581404,0.15748790705310084,-6.751577060280084,-7.46120758735844,4649.815
4043805202037666304,270.04874503660983,-31.53646642960948,16.343266,2.8468971,-0.03267568166241932,-4.942032995745458,-4.349973036537111,4730.5693
4043804656670783744,270.14552667492956,-31.534432651017024,16.34332,2.4115381,-0.04437470360990807,-2.5301740614274792,-5.5594206232947485,4763.407
4043902749336720384,270.12072390556585,-31.442803945969676,16.343367,2.3962936,0.20432569230408165,-5.444305114822491,-10.581810802900492,4564.621
4043803179152531200,269.9938004826314,-31.626167320274096,16.343552,2.6555386,0.04273606038820885,-0.9735030769832419,-11.77221061349947,4436.835
4043791943562653568,270.1126858982982,-31.632219797637852,16.343578,1.5168123,0.4367375921842465,-0.35765510449768884,-2.3712734841019296,
4043790569172811904,270.184741618648,-31.7064283520121,16.343653,1.5011435,0.6320410690098774,-1.9335647496353305,-5.804834460314354,5094.6626
4043789774700598912,270.0428182757533,-31.719684737749528,16.344084,1.4448662,1.292917076010077,5.084849550783318,-18.618238004786086,4767.643
4043809604473854720,269.97653920496674,-31.455108023029904,16.344227,2.2453089,-0.0747961569522176,2.8206683800254444,-5.28242076958145,4728.5127
4043796960088083200,269.92089328442256,-31.67248110279644,16.34428,2.705639,-0.00535337110425451,-4.0182817157750295,-4.388089196288632,5000.978
4043789194784450048,270.11955984655634,-31.728061804536704,16.344294,2.1414185,0.20426382063159693,1.578653199260789,-2.323626091429613,
4043789435369932288,270.0342086046774,-31.76500365197207,16.344496,1.3868961,0.6151583712653567,0.13663704646628422,-4.8382224796514555,5678.914
4043802492008380032,270.0277269467591,-31.62638777456923,16.34456,1.6607418,0.14771204018072737,0.6395580727609466,-3.4004756645827823,5072.874
4043804171421583232,270.09059243692377,-31.579830248843326,16.34492,2.6155577,0.067269457750268,-2.3564907647350855,-5.491341239104994,4618.8755
4043790908559445888,270.1877470363777,-31.677795638604948,16.34512,1.5524511,0.5308976165373843,-3.248176468910328,-9.781548411073583,5339.041
4043801804813515776,269.97412832527186,-31.692262661375803,16.345585,2.4224854,0.06128167306590179,-2.2246605123985224,-6.570205775769551,4660.8145
4043800116828569472,269.8609736744079,-31.65175340783534,16.34566,2.649005,-0.042050214346085114,-1.1925686526227566,1.3646439115064324,4888.1646
4043789843270736896,270.0388679797037,-31.720960416844388,16.346916,,-0.003099403098755466,0.44008078050425925,-3.2335811753819703,
4043898660522234880,270.1824479709101,-31.496280942341667,16.347021,2.561719,0.36493684269569393,-1.8855921511270461,-9.336984515038765,4688.4785
4043807882093498368,269.8842740978318,-31.512051399727888,16.347225,2.403923,0.016227109535832666,-4.4045522184662635,-5.687108420685142,4966.325
4043899695691428864,270.115882698766,-31.467929318700058,16.347527,1.4658613,0.799850673837872,-2.07198362433513,-3.540032162337032,5780.7236
4043899077215480832,270.21452370985605,-31.47313958523228,16.347603,1.9942122,0.10051258822683948,-1.9433445497148212,-7.811688084431692,
4043803655855693440,270.0888109494956,-31.64727182703864,16.347673,1.510395,0.3494889134209136,-1.9819444249374163,-3.1385653596079695,7165.367
4043903092929110656,270.0798995688934,-31.411018671844516,16.34791,2.3629751,-0.030278684304784177,-2.56425505865697,-4.551234442182775,4671.7476
4043903028535375104,270.08227331807706,-31.422378489534953,16.347975,2.1377459,0.267282385176326,-1.154337463555089,-5.498409564850826,
4043789705979163904,270.0160838925637,-31.733979383598665,16.349089,2.0834236,-0.166870802676565,-4.102886850629623,-4.9203862610656905,4705.4272
4043796131062778240,269.90264649797564,-31.729422961709833,16.349365,1.400343,0.3346954329902845,-0.9230267035742157,-3.90712051086782,7782.643
4043802938685153664,269.9281069060047,-31.641142874498886,16.349428,2.6554403,0.11472891732669122,0.8723320636041829,-1.0961274052384997,4716.4316
4043807332488624384,269.8522793350603,-31.549616814339952,16.34955,,0.07738023971306983,-0.5039721367026381,-0.5365299003015631,
4043803488441038976,269.97685470789054,-31.58983001958822,16.349684,2.596014,-0.18029685592731173,-4.0350530991304225,-5.766179507238427,5115.483
4043808608041051520,270.04417844888127,-31.50855798812471,16.350191,2.1869268,0.03511302870692412,-0.048664355218703874,-4.488309614584363,6893.847
4043791977922325888,270.1297844871275,-31.640580865065033,16.350555,2.482666,0.29545736537530437,-2.7754899157758897,-5.363911097536197,4855.095
4043790363015842816,270.09917780789027,-31.663929369908658,16.35082,2.4776058,0.26755279548132943,-5.311000157328669,-0.5087022253636383,
4043792115361213568,270.1738488955412,-31.630805026966556,16.35135,2.2395763,0.24474891661949508,-1.3709115838682742,-7.324098181561042,4659.006
4043805133318177920,270.0202852537099,-31.550741604495514,16.35154,2.2584534,0.2066832510770055,-3.0397323203900766,-4.4533522137756725,4552.6714
4043802354569410176,270.0086875591042,-31.644360504199387,16.351984,1.4390345,0.46065811169410775,0.24827824856962294,-4.9281651206080825,5879.8794
4043808848559294208,270.0637048020511,-31.471418071751742,16.352215,2.4352093,0.12995063981600577,-8.05963411509041,-6.967065788286543,
4043788468850872960,270.0898057488843,-31.78403391187481,16.35235,1.8002863,0.3846715408989513,0.4367437430367623,-4.752791173622846,4700.0986
4043898248205075072,270.1889076558843,-31.537525488061075,16.352764,2.270341,-0.0076281413918395935,-2.6642031421117585,-4.356561407220013,4498.617
4043788679388321664,270.086881014437,-31.764288476151833,16.35283,2.3274899,-0.008596540207031966,-3.4716988053265623,-8.507319317660734,5247.548
4043792562037915648,270.18037591906284,-31.583520640410875,16.352856,2.4456367,0.33589281227652673,-5.245243809000404,-8.08299222264086,
4043899661280482560,270.0907818532077,-31.47773312412345,16.352905,1.5948915,0.4950365420177939,1.3515419755303957,0.43989196950190257,5417.8545
4043789641461210624,270.02043883750787,-31.749888917368555,16.352907,1.5735674,-0.37220426611480056,0.31742177231486574,-0.448582992401261,
4043885298904290176,270.24382884360415,-31.61257118190061,16.352919,2.2145777,0.07831041822919013,-0.2232957716345688,-5.636676612001308,4874.835
4043802801195389184,269.98381260130316,-31.636410829502918,16.353102,1.2366142,0.8923644680160301,-3.55151126802585,-8.961516318143865,4954.031
4043882069138572544,270.27785984672533,-31.648059641504464,16.354002,2.372035,0.1127161280377975,1.789976408221037,-5.419022352942272,4591.566
4043790289917448320,270.0618663957591,-31.681835753553138,16.354136,1.2424116,0.35475637410335187,-1.4861393784228256,-3.3537786286060753,7312.231
4043806752616381824,269.9252076626825,-31.564435897019752,16.354313,1.3374081,0.7429279335693709,-3.1004998055108812,-11.96509969162856,4953.095
4043902990015364736,270.06644363746227,-31.419970666062234,16.354658,2.3412848,0.0969518411344011,-4.425224972217513,-6.887397536948249,
4043899352093624960,270.14978391272064,-31.498131523659293,16.354774,1.4044638,0.433493131689207,0.8629345731723805,-0.5125913788832053,5753.177
4043801083256761600,269.84867360203236,-31.60816198015911,16.35502,2.6641092,0.16668760055598253,-1.8360256101075076,-0.7527851718371262,
4043792458958714880,270.14954495440156,-31.605178801132997,16.35553,1.5586882,0.5580969772042993,-0.477323764385101,-1.3591598817698416,5521.467
4043809084694835072,270.03877863231634,-31.451494187658756,16.355774,2.7303677,0.10591628258510154,-0.5303251444228458,-1.839249351204603,4573.674
4043792420214925312,270.16918327535404,-31.605496487540474,16.355787,2.3562603,0.14062858203348716,-2.6823992149250104,-3.9098123906224393,4663.5195
4043806958774861824,269.8675706930658,-31.58712753855629,16.355822,2.8994179,0.20016605227732143,-1.921469696650023,-1.298182115597247,4694.5674
4043788056534573696,270.22620344980453,-31.689729893859035,16.357243,2.2391958,-0.0062436456664896976,0.4509258636502368,0.2532906507971422,4789.011
4043886226667794176,270.21912322191247,-31.569318031009736,16.357584,2.0804815,0.2258605000698154,-1.6017733154721336,-2.414261006691527,4724.7607
4043804617922105856,270.1325233320643,-31.547300108790225,16.357662,2.2804985,0.2793561400779849,1.039308391666118,-3.4226941114909586,4568.2036
4043804553591590400,270.1019900305285,-31.563231701364582,16.357767,2.3176842,0.08379196944715675,3.168004657578032,-6.155274874257227,10033.521
4043792454581020672,270.13971018961854,-31.60143644503587,16.357883,2.5331192,0.2588375527586003,-3.2402077993232212,-5.666350562217728,4757.211
4043807061854134784,269.86284877169606,-31.573790689242855,16.358242,2.8256845,0.11140579876598347,-1.5182861463189259,-2.0514585854567353,5021.5757
4043795791856944640,269.94099723924603,-31.72644254638291,16.35833,2.8076391,-8.214279208505065E-5,-2.238726635742287,-5.769713950808223,6005.3916
4043805064598684288,270.03170386107615,-31.569115289814135,16.358599,2.236061,0.14477890873084995,-5.831042525182548,-3.6293936260396817,4496.109
4043804789727380224,270.06221504388867,-31.585392890549276,16.35873,2.8897648,0.0786554699116568,-5.632898935847677,-5.123448815649899,4582.951
4043789774520900608,270.0471836947762,-31.719833320422087,16.358767,2.5415478,-0.016549745215031202,1.0353155106325007,-7.0281368897981755,4535.4062
4043788060911837056,270.2334100262384,-31.700460836115415,16.359062,2.592784,0.10682146166770282,-2.055273145282333,-3.2687968374793326,4669.876
4043789293484610688,270.1162862787295,-31.71195241018078,16.359177,2.128623,0.2557309336911151,1.785275702590618,-3.1535827069145035,4910.898
4043791187648114944,270.25280440260696,-31.641757066374094,16.359516,1.409112,0.3254282335443497,-0.07639231835827043,1.0826707016171782,6613.11
4043899416436605056,270.13363575491263,-31.47852481499063,16.3596,2.1265316,0.13476214947888684,-4.717390501205523,-6.891887134541279,4989.951
4043796788237331328,269.8829501144379,-31.706218748332134,16.359634,2.2815027,0.14529413831525337,0.6702468541035189,0.03907829704708349,
4043789293514987008,270.1185803146088,-31.715432063659748,16.35992,2.101037,0.22460674339909947,0.8742660603278002,-2.7728398957380236,4845.635
4043886153576853504,270.23628498561266,-31.586208044205417,16.36048,1.5390387,0.6283095398470662,-2.641469963750525,-7.2889055882328595,4949.477
4043791251990244864,270.2316471038484,-31.63934385990768,16.360563,1.9359598,1.4228509274312273,-0.5873593385755183,-15.47612819305262,
4043885432027568128,270.2654202316897,-31.600311066801996,16.360569,2.1169786,0.10905263990719338,-0.16211811750990843,-6.186589954497144,4811.804
4043803758928566528,270.0830685019463,-31.620570991333647,16.360668,2.6362019,0.2503749524793175,-2.383174963544773,-6.4291747411558156,4704.97
4043785827477960832,270.15790343725496,-31.782351710518437,16.360733,2.3667307,0.08839057504757608,-3.4386028387801275,-9.436306257571411,
4043885466387803904,270.280266570541,-31.588929409827497,16.361185,2.0803413,0.2343937319693643,-2.372268202321821,-4.332667968291191,4636.547
4043809531371361152,269.9342157627569,-31.464103434356158,16.361189,2.5308113,0.1258947749991491,-2.3045907694465315,-2.781245272785347,4751.5967
4043810012397302400,269.98877522677475,-31.434311870074733,16.361256,2.6605062,0.12552141080309734,-2.46681266896481,-7.306162164179989,5166.677
4043789912137865472,270.08436665402616,-31.721503047338935,16.361706,,0.03654025298071071,0.3037681946801805,-2.1690951139027024,
4043899485321489792,270.1738170396794,-31.473598998312713,16.36181,2.0223904,-0.012378117874573852,0.11231954055150686,-3.8079912945947663,
4043789263504323584,270.15003914821926,-31.715624461120534,16.36197,,0.30296076613893685,-4.9894227180602115,-3.115031973986866,
4043783795926385408,269.9882308038535,-31.764442407031577,16.362,2.7151918,0.08406149570766186,-6.7173322815295196,-5.804316871439075,4696.5317
4043791217795503360,270.23560729134186,-31.64737678382421,16.362206,2.7913609,0.0917772975061363,-6.0162722666900335,-6.629343708808625,4622.7515
4043903715730368640,270.04693436922736,-31.425758944741123,16.362993,2.1200695,0.16111774961793085,-4.290987651231837,-10.520560587173208,4989.622
4043885092797123840,270.24680201570374,-31.63267806652391,16.363014,2.0604963,0.029950937541126044,-2.353811007244282,-8.959636459652877,
4043899867489841280,270.1753651957251,-31.456906986480984,16.363478,2.305046,-0.12031523814566256,-3.2132645895650915,-9.29095517680345,4744.0356
4043809634450582272,269.9499841900562,-31.45960250534306,16.363533,3.0678263,0.10499197376211199,-3.5326434852352455,-6.62415405207374,4865.926
4043790977105838976,270.1800684198844,-31.66696122617294,16.36393,1.3235283,0.7088056708066249,-11.26969627050183,0.9096915399594709,5040.8545
4043898596127901824,270.1478279019499,-31.51026100867451,16.363932,2.0874376,0.10490189049536104,-3.8801077229883014,-3.69529939329885,
4043803312251983232,270.00348887411917,-31.60677382069282,16.364735,2.0998888,0.011472851432680226,-3.926185683927578,-1.2127021643356222,
4043799433988693888,269.8571341459546,-31.68478676673957,16.364748,2.5342178,0.985599444789955,-2.94382719904134,-0.9626172420195471,
4043802144020813056,270.0749064672836,-31.662105429531746,16.3649,1.3326645,0.36487191768821886,1.005032492275885,-1.8567151848840409,6451.9565
4043802384545319936,270.0155580675555,-31.636193413987975,16.365582,2.1328325,0.285017895896553,-2.885421385942423,-4.535732687038301,4799.903
4043796474660198784,269.8666222535972,-31.70260301084686,16.365917,2.5077076,0.01931164001119235,-6.751686383131024,-0.7181226282648416,4621.6426
4043886776423600512,270.25906661525346,-31.535284674931177,16.366068,2.2513227,-0.23063038446925208,-5.760650269468373,-1.3082212697372593,
4043783693022594816,269.9796923109316,-31.766426533839024,16.366175,2.6037683,0.05194103010358764,-4.245371994486166,-6.074751672906233,4983.05
4043792007898029696,270.1452404241275,-31.632663440549546,16.366259,1.4941053,0.6887109925842864,-2.581943523447811,-3.29715049391708,6007.69
4043789057412505728,270.1516963621228,-31.735329259549943,16.366396,2.1278276,0.14464071346665214,-7.072457691478418,-1.4274522735463777,4845.2197
4043886570265270784,270.2320495070972,-31.545855399262578,16.366463,2.0177689,0.0464940731407309,-6.7079709970949155,-0.930114849215461,5326.888
4043799463957451392,269.8387989546739,-31.691692775647734,16.366493,1.6075916,0.7192466335462124,1.3866064957449904,-3.3907803784035906,4995.005
4043808436243620224,269.9868661937305,-31.50656258311663,16.366932,3.211934,-0.017065409841518022,-3.9294811644271905,-8.443018285564868,5125.8306
4043795787475039360,269.9355596710972,-31.732177765388524,16.366982,2.7939796,-0.05057344461699397,-4.717878890179418,-7.698806489696931,4668.8813
4043898282564772608,270.1584816735076,-31.543531085931896,16.366983,2.2707262,-0.12710042689200837,-0.6288047978537588,-6.2727314005476025,4789.498
4043788434491154176,270.11932766207656,-31.788254792496613,16.367468,1.9196444,0.09080777521836614,-3.756193583566497,-6.4673166313877095,6644.1865
4043899485321626112,270.16985086870955,-31.471602814617647,16.367487,2.35456,0.056142683785080964,-1.3990380783630312,-6.311811216165285,
4043885367673960320,270.23000184414684,-31.613851733543907,16.367828,2.4019852,0.08735997305633189,-1.9851540854168983,-1.934032586793462,
4043803144843460608,270.0096884509069,-31.62280727904552,16.368057,2.3840675,0.18566535866487313,2.515270762814748,-5.347577149792615,4579.274
4043806816967412480,269.95495484685785,-31.544012845617836,16.368093,1.695715,0.38256073456385115,-0.04954140106268212,-3.8992260342904004,
4043792012282059264,270.14297309210696,-31.6318476807283,16.3681,2.4590168,0.17941944719960895,-5.084093148672265,-4.0272458618628315,4499.012
4043802560677109376,269.9560904681764,-31.68010734922785,16.36822,2.3212614,0.14754733820309618,-1.8918936671663207,-2.588867900229697,
4043783422293431168,270.00291320617845,-31.785573640508023,16.368938,1.4891033,0.4259420301283732,-0.8938554045043156,-2.3553720576632826,
4043789018600631552,270.148227708127,-31.74207632504576,16.369051,2.4954739,0.13108156508357502,-5.687469317448242,-4.234977523769194,6010.593
4043803930733587200,270.071722911624,-31.61329639852081,16.369179,2.2003517,0.1255025085968824,-0.03376773700782284,-2.638092254202828,
4043788576257322368,270.0835079889789,-31.779639511371954,16.369606,1.9898186,0.039095701395771995,-4.117290924328154,-8.698793380241227,5463.0493
4043885432077851264,270.269076739314,-31.593041860939497,16.369778,2.1535463,-0.1726048110702735,-7.506496660824899,-4.655501917727303,
4043802801246070784,269.9780491276716,-31.645323456697955,16.369974,2.4492378,0.11039292300530948,-2.546264133945514,-0.2709638405724526,4752.4214
4043785960583885312,270.1929160008339,-31.758314115874512,16.370123,2.1223478,-0.36885444642871495,1.4168912292847589,-5.299392672981425,8553.656
4043788949881137664,270.1640680912324,-31.750076144865226,16.370296,1.3748121,0.6365888505540419,-1.5161522273143422,0.6822609372609172,5642.9766
4043886772057851648,270.2622423698729,-31.528847195492357,16.37049,2.1151037,0.20229578606173249,4.051780498386578,-3.009542328075004,4915.918
4043885432040956032,270.26600344294445,-31.59747144566639,16.371014,1.9206362,-0.009375258593843751,-1.863162584065177,-9.308561156995534,
4043789675821246592,270.0299159670904,-31.74575813273716,16.371227,1.3366222,0.4993341320277166,1.0882777106439923,0.6722680382918528,5723.596
4043804171421583360,270.0932901620507,-31.57707129712467,16.371437,2.1759682,0.2519030846601833,-1.6712260415649989,-0.3124503111847586,4804.2476
4043789400942884096,270.0576536823264,-31.76785137077662,16.37146,2.3452578,0.08608516744758601,-5.484948952056631,-7.373800017913494,
4043808436242532480,269.9849678455308,-31.511654378276166,16.371473,2.1805305,0.1513897621512225,-0.3325454703360649,1.2635538837123086,4765.6226
4043886737750189696,270.24777524491026,-31.53978364894358,16.371864,1.370904,0.5793119162119859,0.702838433553014,-1.484068868724735,6379.3325
4043791428114178560,270.2171685679028,-31.643408998104032,16.37206,2.3769789,0.4700981868358174,-5.7432717776016196,-7.604776280285419,
4043805962292311168,269.91802641474914,-31.617488164919536,16.372272,1.530797,0.6252519643545953,-1.0335657908030145,-2.7932159513724413,5472.994
4043790908392827392,270.18341869814896,-31.67258811410867,16.372477,2.411148,-0.009188344779704196,-0.6629130579063475,-8.087768212186502,
4043785999328520832,270.1635158352697,-31.763647451696094,16.372555,2.1502037,0.02035096095231501,-3.66611388820113,-4.500118697550787,4603.962
4043806507714226944,269.96393045547785,-31.57195649099814,16.372591,3.0799656,-5.386633639054839E-4,-1.3088866535915678,-4.9114956627129,4562.2314
4043809844993056768,270.0164679501717,-31.439168268085986,16.37263,2.347618,0.2520216034381131,-2.457919788904158,-6.682766726143475,6339.7837
4043806370264969856,269.90921840619717,-31.58169266765347,16.372938,2.4884434,0.08300771522449256,1.3833132500374083,-1.6516583575302592,4845.914
4043886467186241408,270.1831760019813,-31.5620094705445,16.373655,2.141635,0.3237191544129607,-6.72882649592874,-1.4157645911249843,6578.9883
4043789435302727552,270.02773773601365,-31.760323415698053,16.374266,2.1060057,0.20695913607832717,-2.269176529582455,-1.769529153237183,5043.074
4043806958774827904,269.87284803023766,-31.593337742560053,16.37428,2.286168,0.2815569450767875,2.5017354953952435,-4.5576255245628605,7435.015
4043995692423093248,269.8967045334379,-31.472440898301233,16.37474,2.2584505,0.057161616266115184,-2.223470182493629,-5.976614221308022,4937.821
4043886600259121536,270.2030753405321,-31.543410343187386,16.374779,2.1854887,0.008688860685818128,-4.572286469140009,-3.4735152223852,
4043802217130340992,270.05725361145255,-31.648433006723877,16.374836,2.6971817,0.20908947877706155,-0.9665056320503113,-2.967031886143436,
4043788782467587328,270.0869968677992,-31.7498093828862,16.374855,2.170476,0.3138888602935247,0.20793136428743478,-1.5669986012208266,
4043808230083921792,270.0346673947295,-31.520059023608628,16.374992,1.6265383,0.447000560786744,-2.5765343844061497,-2.3724538100049064,4953.397
4043788468844725760,270.09832439161795,-31.78480025952664,16.375929,2.3775082,0.05074760753021875,-0.8588785185710255,-4.3561914032148294,4607.1147
4043803454081223936,269.9683263390821,-31.616190109456383,16.375973,1.4061842,0.6250339150211734,-0.08404345707416845,-1.622792246365699,5484.6885
4043795787652344192,269.944466236851,-31.72728669359852,16.376057,2.0278654,-2.120320052190607,0.31382253870014826,-8.333219849751748,
4043902856736460928,270.1160997819614,-31.419214467185387,16.376125,1.9048653,-0.010063625761272094,-1.1949041803760756,-7.522596411829218,5490.171
4043805550024163584,270.10998947700244,-31.50463496038515,16.376408,2.124755,-0.08032434255630003,-4.632294087022838,-4.653009842231442,4738.4707
4043899038479426560,270.1869084405669,-31.48668324295564,16.376535,2.0563211,0.10601441299098739,-5.1989129391619535,-6.659284088704946,4618.7866
4043808779839787520,270.07001080892206,-31.474581344524818,16.376793,2.1874847,0.23461557376234254,-5.0544274996172085,-4.758412316833016,4693.2993
4043886359793292288,270.24016669305126,-31.560098325320865,16.37719,1.7800875,-0.2531619119984443,-0.15130360679145607,-0.9322893120979296,6038.407
4043902822376796928,270.10026313912925,-31.423166468423517,16.377377,2.1006393,9.94762084432041E-4,-0.18065420693037787,-1.9843888998921249,4921.2695
4043787511157018624,270.1901056385667,-31.743946573396375,16.377857,1.259799,0.9177289118556372,0.5420043839395083,-3.653234562133392,4945.585
4043898385753420544,270.2081935591693,-31.51915914777783,16.378132,1.3732176,0.2814315309071531,-0.48539714102283926,-0.811355214239919,5370.0586
4043788331411334016,270.0709518694513,-31.80519374333324,16.378178,2.0544386,0.14767914407447064,-2.783090460801853,-4.980062028432989,4648.299
4043898695046286208,270.1653280889572,-31.499524360799064,16.378448,2.0225172,0.02199035695838948,-2.9127898019044403,-5.957425772779005,
4043805752001425024,270.0975547639295,-31.502850458704472,16.379467,2.2382317,0.26676997238698735,-2.304741387305755,-1.3789821352185907,
4043789126064944128,270.1131449836198,-31.740426776320387,16.379652,2.1466093,-0.05633163208827362,-1.2574123450900612,-2.239865660654125,
4043804862778440704,270.05012370975385,-31.573686144065764,16.380346,1.8614674,0.3474848922850882,-1.1675600066963228,-6.971091450790533,4871.7183
4043783280520540672,269.96453817913084,-31.791606354081864,16.380388,2.058793,0.008621261282457618,-0.9917331926108897,-7.7510623968185755,5054.6104
4043789568540733824,270.0525820483609,-31.74603264210707,16.380512,2.2549086,0.10914222999214082,-5.3409167356207305,-8.517337931378894,5123.791
4043795310819597824,269.93055884421346,-31.76281105060588,16.380968,2.3610973,0.14293533685644597,-3.4930813335330244,-3.1197296715034066,4661.7866
4043788954333138816,270.15471574475976,-31.74856944235073,16.381327,2.0706606,3.1634795936156572,-7.591496581658969,-9.188367277933327,
4043885397662545152,270.2455950512543,-31.597015123862864,16.381544,2.086464,0.1645683450767334,0.6378249282019828,-1.6336326241496437,4757.7964
4043805893572840960,269.92406372026596,-31.628808634491822,16.38156,3.1114426,0.16555462107610602,-2.5974882438943836,-6.618622032021347,4603.1074
4043791222007881984,270.2278560569183,-31.649160243968833,16.381886,1.5070829,0.621390621686731,1.6418043711266952,-2.897068339711358,5027.774
4043790942752553472,270.16466244016596,-31.681709388712143,16.38199,1.4876919,0.3376340300560488,-0.789802952252827,-6.80617459358636,6412.0596
4043795516926431744,269.9607410809596,-31.747288062567417,16.38251,2.5409174,0.07707982523138646,-0.6230992911513642,-6.728694060246675,4654.082
4043902783857680512,270.1190413347146,-31.429323610246065,16.382551,2.374836,0.5243855910302135,-6.5129009120323635,-1.9316817761621534,4779.173
4043783559784849024,270.023265268466,-31.76489179614118,16.382639,2.3162966,-0.6493125391884939,-1.288670134720733,-6.992880172191024,
4043796856956888448,269.8747020532921,-31.697497829615237,16.382875,2.7378979,0.017558609229322876,-0.7813465779382935,-2.8752431803779164,4642.8716
4043795409517928960,269.95029935712563,-31.7761954999533,16.38293,2.1043205,0.8876955770420487,-4.757642077594054,-5.392009439115416,
4043809948071205632,270.0211739501068,-31.4260676817141,16.383505,1.258748,0.854065692633053,2.355420591127624,0.5597251897953959,5302.383
4043796096712652544,269.8918529763653,-31.74133070146339,16.383522,2.2441473,0.08059929132410701,2.457039947544742,-6.534688890218484,4830.1084
4043808466219350144,270.00794625858424,-31.510864002511557,16.383873,2.7566872,0.08693460308482095,-1.5653176131308628,-4.730936101973021,4578.183
4043802079691366784,270.0328255775278,-31.67117405058404,16.384035,2.1896734,0.23526965076148504,-2.4487041959679274,-2.265080404293074,4669.85
4043899592560795776,270.1066837673284,-31.491579741216537,16.384134,2.4857645,0.613817277802555,-4.974702337515156,-2.4948294099100043,4741.2236
4043902990015285632,270.0606074334616,-31.419031812736872,16.384394,1.9896526,0.16472273242934252,-5.903911577373418,-5.2230635500405,
4043792252748058112,270.197883130719,-31.616222804486096,16.384525,2.757227,0.21959892634100117,-6.50459127929078,-5.481777534048385,5015.3574
4043809329544969600,269.99211878860393,-31.468033626528776,16.384876,3.4273796,0.04887858585348243,-0.9741655630995767,-5.953084283220839,
4043886123588382848,270.22374645865807,-31.592693357519046,16.384949,2.4213896,0.30192645234849874,-2.6413290865951193,-1.38963520309222,4700.5557
4043782696590320128,270.0331355591423,-31.798845758023752,16.3851,2.1786003,-0.2508524534341605,0.23078157953465686,-2.0505204692550647,
4043900211087632128,270.14171200656534,-31.42604736664025,16.385336,2.3951807,-0.05043175642363129,-1.9817318946162752,-8.783103636223732,4625.176
4043810085459400704,269.97998463264804,-31.426867637278704,16.385454,2.570034,-0.1701756356998646,-4.127917595055405,-6.5460391222499315,4650.555
4043792390239205248,270.15047793616594,-31.61543187339732,16.385462,2.3470984,0.06607746211114826,-2.8762453039833145,-2.114208276909724,4548.4595
4043802629451762048,269.9443772475768,-31.677337491592635,16.38559,2.6784801,0.13788213358184914,-2.727398587868166,-5.382074491544621,4816.4214
4043898763711843968,270.21719728797177,-31.500618473881673,16.3857,1.9344206,0.11405029640108148,-7.080653059690774,-3.037838977147636,5753.366
4043788675009303936,270.09090428715274,-31.77353267296287,16.385859,2.4408064,0.05293029137170668,-1.9059515518035244,-6.852745294838798,4755.1743
4043789911959881216,270.0852478044895,-31.724658965179806,16.386366,2.077011,0.06579901067395971,-6.770970187515271,-4.269239848644455,4810.518
4043801564244414976,269.9968983794936,-31.712330825417475,16.386477,2.20442,-0.10483509184606915,-5.318051404092946,-1.6168208752464555,
4043803728908051072,270.07589181791457,-31.635584783720212,16.386665,1.9025173,-0.017078255683538233,-5.012152366530916,-5.896061103409295,9032.604
4043790633508422400,270.21208546959247,-31.69125552270473,16.387138,2.3520432,0.16334156174321882,-1.9982104464900232,-12.89689848917276,4750.285
4043804583740421632,270.10250826434617,-31.553394199667583,16.38745,2.2938623,-0.05027805403218162,1.3133042499068757,-2.162683731184272,4505.4214
4043791462526066944,270.24018751606593,-31.62968276172291,16.387545,2.3137102,0.1693719953205105,2.1750462269355095,-2.9391691417370795,4719.8457
4043787438058793600,270.1972420799945,-31.743541353220248,16.38794,2.0525703,0.19317401137967996,0.602460225549525,-4.212916622244487,
4043801426854172288,269.8279452179887,-31.578851347348888,16.388365,3.0571127,0.18867388663957074,-1.7637455480426545,-4.863404035835936,4635.8804
4043783491065364224,270.03649564567695,-31.778054404799004,16.388905,1.445364,0.838928567436929,-4.662907716150478,-4.196963645757216,5388.9033
4043804725341640576,270.1350143323126,-31.53693867039538,16.389,2.559125,0.2144956890426381,-4.082921200248443,0.5322436890261373,8759.978
4043788851186901120,270.1411141348917,-31.756495641388227,16.389162,1.990139,-2.74812909573062E-4,-2.0766320871436683,-3.583827100411997,7737.456
4043886153582535808,270.2247308085892,-31.586286354369022,16.389187,2.006713,-0.37495696801662315,-1.5875523536956122,-4.2984498671368305,
4043995731143043328,269.879750498262,-31.47969951103261,16.389368,1.309164,0.8423762731045533,1.3214993661637688,-1.8983547349219503,4856.0923
4043803351001932288,270.02477841133367,-31.600878306538426,16.389624,1.5730972,0.48629789194628315,3.015051089311226,1.5417181104215683,5147.773
4043898454368853760,270.1940166059189,-31.509572263675384,16.389828,2.3490486,0.20457382577658725,-5.922980514945822,-7.438044593313475,
4043789774514903168,270.04138209512183,-31.727353639320974,16.391264,1.3957243,0.6844753160212891,4.711996991925235,-4.118829298892077,5574.254
4043792458958712064,270.14714151696535,-31.608280292483585,16.391603,2.4452553,0.12373118723823934,-4.094290746993486,-10.334291592564947,4847.9946
4043802045335689216,270.05432324555784,-31.679303905808347,16.39165,1.4349222,0.6147517342895498,-0.4868672674624224,-3.975354119209505,
4043806542073972352,269.97111815800713,-31.570888936049908,16.39175,2.5446892,0.2288353660491176,-3.042775427460974,-0.8763479940478422,4730.1953
4043803660238222976,270.09213639116973,-31.63435438853884,16.392029,2.2336226,-0.051315554047798584,-6.776520376369653,-2.925821001519675,
4043885333314173952,270.24466863791844,-31.60805616262664,16.392248,2.5995674,-0.2235934562694248,-0.6815587619215033,-6.419826067110575,4643.5444
4043809909530925056,270.00997829517564,-31.44016131164618,16.392338,2.4106398,0.24307469517183605,-5.151963081086043,-5.035005777294946,4829.684
4043804175634498432,270.07887877833855,-31.573133325535508,16.392591,2.188902,0.09681084203774609,-5.17426844823266,-10.003311030958763,5193.8213
4043792042264144384,270.1199094337203,-31.621580387188658,16.392641,2.5675306,0.03599648487223674,-3.726186295884464,-2.3357885327436803,4766.612
4043785892046848640,270.1536595380371,-31.763038632901356,16.392984,,1.1126432533936026,4.406894933240625,-1.5841646902161202,
4043789533996731648,270.078457567606,-31.72971844256023,16.393002,2.2441282,-0.05361556888527317,-4.845310985958201,-5.008271364407163,4705.293
4043899077215506176,270.2125910058083,-31.471678885318976,16.393301,1.9434128,0.10059012248465107,0.9586872142291029,-6.431214030820315,5485.143
4043801319393616768,269.8186615666466,-31.59448488419913,16.39369,2.8898468,0.06066390964780002,-0.45884804269992285,-2.561091656695724,5056.2114
4043804308719562624,270.13168676644995,-31.569403442536366,16.393776,2.2661924,0.2078752257127418,-6.5757360105790825,-3.155309066839844,4746.0103
4043898802285827328,270.22938699203564,-31.5006887246919,16.394215,2.2069483,0.24939286343751807,-1.9386288895477304,-9.369982332115674,4855.844
4043808539321781760,269.9865549084924,-31.500159481032586,16.39439,1.5764952,0.5099474572988848,-1.1745831797769302,-9.101855943396906,6111.752
4043885539472687744,270.2659657679145,-31.577250899376534,16.394445,2.5046282,0.06994465037323715,-3.34482348489676,-10.036599400303832,4667.974
4043805309505870848,270.0892459359363,-31.561607093959623,16.394926,1.7154188,-0.12606404936247254,0.48130682194459495,0.3954802692025221,
4043791939184928128,270.11862918666236,-31.637568891474924,16.395258,1.9236832,0.1337106740449605,-3.279070750039475,1.068534732462079,
4043791599965086464,270.14322699958785,-31.68075640130895,16.395426,1.5315084,0.6964751940818904,-1.0516864650589979,-3.0667055898399482,5228.6494
4043807572855843712,269.9024932639934,-31.534572520421904,16.395693,2.3430462,0.30263768453333645,-0.1659701090328133,2.2847805679832263,5200.629
4043802796852125440,269.9819028387192,-31.646085916331497,16.396248,3.0681505,0.1483032439842908,-3.8807479522086736,-1.2635600074030666,4750.5015
4043806374659250304,269.91716371421546,-31.57203395702966,16.39629,2.966385,-0.01748658395796028,-7.678832987298478,-6.016014432221363,4863.1113
4043886432826371840,270.21022917825275,-31.55727970516058,16.396553,2.1598263,0.0485211556544752,-1.1131696777642983,-3.8962502097373646,4706.9907
4043805378174556672,270.07210279026805,-31.543608264405968,16.397295,2.7102165,0.49708669873385924,-6.154820494908234,-7.5695189788037975,
4043790667868159616,270.18681625333755,-31.69158347084571,16.397854,2.4779224,0.1837395304304142,-6.397040847902602,-5.729514595558504,4699.1855
4043806477738363648,269.94445010459464,-31.584148046205254,16.39798,2.5992222,0.047730884376133736,-5.134088657663551,-2.0421398870110865,7596.6465
4043788370150533760,270.09069361141366,-31.79621958756807,16.398046,1.8080187,0.011371862151373202,-1.2274125514545646,-8.571422132089987,
4043810085459406976,269.9822796395251,-31.423257344787398,16.398108,2.3902273,0.1293332933973945,-1.8807331396908336,-6.830489310287161,4742.262
4043898630487523840,270.16529503310807,-31.508089124712743,16.398129,1.9542017,0.36360117300507533,-2.2042526179124557,-7.804467080753458,7535.0586
4043902856787779584,270.10062115006724,-31.42197546707966,16.39813,1.4492912,0.27122605986162,1.349680190733768,-0.13882881622075377,11059.221
4043997242921447680,269.89912854413416,-31.46238656153946,16.398369,2.6683455,0.09187155034002988,-3.28726922660608,-6.844576775837642,5499.0605
4043803587126156160,269.9894987819761,-31.59004091116481,16.398373,1.6280451,0.6298213904134838,-0.516037958259179,-4.866815261706282,4818.7305
4043898591807789696,270.1496855888232,-31.512514391185512,16.398403,2.433257,0.032659221587068424,-3.4747583627979077,-7.983230095520822,
4043795787465408384,269.936792033245,-31.720008252267682,16.39853,1.3706636,0.39698898164976637,-1.3869321142876248,-3.1610693929725406,5622.8115
4043803380977700992,269.9703922958392,-31.61542187002048,16.398602,2.322629,0.20676356421385525,-2.9721458407579067,-1.7755947024001268,5948.254
4043790702227911040,270.1908674742992,-31.68219861643677,16.398706,1.5364075,0.34649483167669437,1.3863523257591441,-6.314887732615881,
4043787476745426688,270.2070966369311,-31.74595873118449,16.399061,1.3082037,0.307079496239895,-0.5521933688291666,-2.580465799130393,6313.249
4043790908386358016,270.1829555635482,-31.66975493770945,16.39912,1.5125027,0.3923063918259275,2.81082557782247,2.268210213208452,5781.9043
4043783765943066368,270.0143678612109,-31.762824839246676,16.399845,2.302145,-0.053195442892250915,-6.20200385359751,-6.498845848495099,4737.9453
4043789808880646016,270.0578501363543,-31.717901367963393,16.399923,2.2310534,0.10574522451040974,4.439990607477944,-4.9850534723440525,4632.7866
4043804175583588096,270.0780129443037,-31.573601977045524,16.399979,1.5239754,0.3327750913110246,-0.3363973301873591,-6.22213343004282,
4043804897138141952,270.0612222124479,-31.574983150117248,16.4,,,,,
4043796165609213440,269.8786729981456,-31.73125055343356,16.40006,,0.7230502193010923,0.3295544988361232,-10.36897223383589,
4043796101093759360,269.8917187255988,-31.747049184821332,16.400179,2.2479553,0.0711989439338992,-3.301770015256517,-3.870571977155961,
4043806305939706368,269.9238411755052,-31.587270835863407,16.400589,2.5082207,0.043764864981206714,-3.3144009739574973,-9.393567063915041,
4043783486682652928,270.0315379839394,-31.788562930601447,16.400766,2.1187963,0.10973346612329979,-1.0581619128595963,-4.9070149940036725,4807.97
4043809810581358592,270.00552175726966,-31.443509737231263,16.40115,2.3370447,0.23211756694175478,-1.5533596259508653,-6.253021304228047,4690.43
4043791118928660352,270.22193578560245,-31.656267556580058,16.401243,2.4456015,0.08534342375367986,-0.11939125613858113,-10.498156283332495,8317.758
4043903711409359104,270.0349087231122,-31.422247994934104,16.401442,1.9353466,0.20245046646553963,0.6075000212819757,0.11952954298223686,
4043805412534305792,270.0913636771863,-31.524601708574707,16.401525,2.2570505,0.7303590624925486,-3.5179448650395067,-1.8627769315319433,4612.1733
4043796577739387008,269.904891343564,-31.7232624356466,16.401657,1.7495966,0.2388021767447472,0.8367969975358429,-3.040918948221873,5040.0767
4043803247922679168,270.02266721883956,-31.61329036926418,16.40166,1.5919647,0.6430928286090951,2.186549915641138,-0.5521923306035379,5802.3467
4043803076124125696,269.9589367268229,-31.616728894169768,16.401901,2.1600742,0.32702715181908565,-2.507568713388864,-3.3709498469508286,
4043995005313317248,269.8351759845305,-31.537138993596795,16.401922,2.8183317,0.16432324235781434,-7.6750095967166505,-1.5002268453929106,
4043804862832844928,270.04135826352336,-31.5736334374681,16.402115,2.0131502,0.18758014248429017,-4.655738378331079,-5.389215530301556,
4043790977278729088,270.1746557337904,-31.655712046496223,16.402294,2.3210545,,,,
4043799704475649536,269.8395897079392,-31.66878721647462,16.402466,2.4048738,0.20760712671269693,-0.8159158714842661,-0.1310712998469008,4815.3877
4043802659588941568,269.96322396301827,-31.664173810944447,16.402565,2.2403326,-0.11146426722631239,-0.12956803227685146,-11.228277572982504,
4043807096218710400,269.890790293378,-31.58243644178387,16.402916,1.7623663,,,,
4043802831221861632,269.93714160266745,-31.6636326725139,16.403019,2.3065662,-0.07265889099652106,-2.170211980747421,-6.483493983144941,
4043809256493469440,269.96594844736563,-31.487048093019506,16.403402,4.3884344,-0.09569543998306503,-2.6462901487722537,-2.3041536623906653,
4043802251490109952,270.068194917047,-31.63153529476141,16.403702,2.7285528,0.24760796661028409,-0.4813812478822216,-7.940900818854923,
4043792557653908608,270.18772795461655,-31.578214243083387,16.404125,2.1766472,0.29588762179976985,-7.995320338820513,-4.942373687740065,4744.2075
4043899828918597376,270.1297864652093,-31.44689305759256,16.404163,2.2848835,0.10907552257475903,-6.628949072106013,-5.166231678795089,4903.105
4043806507714225280,269.9611439683438,-31.569226631089414,16.404222,2.719347,0.13771501947677353,-3.527901318950314,-7.70146078808356,4745.476
4043802590703722496,269.9758251914113,-31.673748464984364,16.40467,2.4283285,-0.22757123779620697,-3.8297680818965607,-6.170126512707777,5166.4473
4043898248205119744,270.18707572651726,-31.531371176677204,16.40467,1.8925333,0.466745556817871,-1.5518116801000854,-1.5172201306712745,4874.193
4043885298954419584,270.23667219455155,-31.617185311191374,16.404745,1.420866,1.2432226225566696,1.2401310035810926,0.5533407713099657,5134.333
4043801323724010880,269.8255131985791,-31.6015793354432,16.405508,3.078246,0.12881317783693363,-1.7610931402325154,-6.660121598983147,4619.953
4043899760198943104,270.13701788706817,-31.45735093962933,16.405529,1.458909,0.5129214833404961,1.0605914680357145,0.5998963995295308,
4043902852415928064,270.10906078320386,-31.42982030588102,16.405558,2.1497316,0.054773930788231534,-1.6883675671693883,-4.927275074584763,4906.853
4043803076124107520,269.9524722467335,-31.62506362190504,16.405777,2.2217045,0.1539500864228227,3.7345312399028856,-4.649104508123543,
4043783658477665152,269.968547287114,-31.789711362579354,16.405785,2.2541647,-0.026784613433924263,-6.097792559859193,-4.395538128606406,7917.728
4043795924914009344,269.95890076983864,-31.710279212538197,16.40583,2.5281134,0.06910725799198936,-2.762923365844929,-6.491521265072895,4720.6724
4043792110983667840,270.178646435195,-31.63650433373055,16.405884,2.3323889,0.12924169934165863,-5.634557632275886,-8.642380258289105,4700.628
4043791320709708544,270.21203265312175,-31.650620490810223,16.406334,1.7444649,0.2838150922249313,0.8360988369847732,-2.768360371518051,4929.1484
4043802114055292032,270.042456417155,-31.666164494142023,16.406393,2.3750763,0.04716680301840509,-2.46010750859918,-5.675709086176775,4709.777
4043791492508396416,270.20648955056913,-31.630846661723982,16.406551,1.5565805,0.933873720866072,-3.540685829720333,2.904507632157806,9693.619
4043809432675216384,269.92447137998045,-31.485200493552536,16.406712,,0.2966835453612929,-2.5880590875707576,-1.5624702759697957,
4043809913711440896,270.0120030519258,-31.440786098063477,16.406855,2.3376799,0.09995221896323278,-7.161578477936015,-6.198741991248378,4809.1978
4043809119257065088,270.0461962029177,-31.44818228618748,16.40695,2.5902977,-0.27173931813091,-2.431639378938802,-4.721069615483744,7099.1416
4043899863278610816,270.1759983389215,-31.47509169159123,16.407084,,-0.012471638218061602,-3.937969060176747,-6.4159744331655695,
4043808088255682304,270.010175834714,-31.545334979410825,16.407377,2.2061548,0.011669115013148367,-1.9997640558124672,1.3078838850962757,4636.702
4043804892799992704,270.0636283491436,-31.57027790984947,16.407408,2.2961826,0.12180154200444375,-1.1582181147361144,-2.7405239768976886,4823.5156
4043805854878817792,269.9134879103187,-31.636704230956436,16.40749,2.9052458,0.16669399119505093,-2.5362654896803436,-8.525301801442872,4699.642
4043796715188419584,269.92221441060695,-31.69848531671981,16.407501,2.6492538,0.08160604044047076,-3.706249878662868,-7.12188970151205,4784.3604
4043790637892255360,270.2113542555969,-31.699486869719717,16.407633,1.527852,0.6204692835082839,-5.1985443334798145,-6.160261693596526,4949.105
4043808913098619264,270.0354716162296,-31.469365658668245,16.408302,2.3999329,0.030953461781713,-1.3317221315703631,-3.543472416667413,6078.6787
4043803419721454848,269.98764856299516,-31.61167146780679,16.408472,1.7343063,0.2729885176578641,-3.0233106873237516,-2.5711912856601256,5206.036
4043802865581602816,269.94087833454404,-31.652041657186242,16.409164,2.3772955,-0.13477906112971005,-1.7882084124570137,-5.269202771433405,
4043787511157056000,270.1882301397193,-31.736803582927745,16.409288,2.159914,0.13398873198414238,-0.8816860593364649,-4.359159561703825,
4043804416152563328,270.13387574320495,-31.56245272101032,16.409653,2.3650331,0.06658046895422196,-2.062888797766406,-6.877296169477889,4697.5244
4043804965857710336,270.05223137681014,-31.557486792381713,16.409704,2.2338734,0.116516243496224,-0.7880769937267901,-2.3123959125168385,
4043801358083752832,269.83612856011314,-31.59110198077548,16.409733,3.2364168,0.008652129805638948,-7.862175317507631,-9.068177482929816,
4043886364106755072,270.2381319945187,-31.551481827454054,16.409805,1.9920406,0.3445517844265175,-2.2008803231304555,-3.060569749137772,4985.7397
4043804450512276736,270.1585419184005,-31.54994839381517,16.409822,2.0932283,-0.030889758879228867,-3.71666683112622,-5.85071463218366,
4043804759700467584,270.0418707511656,-31.6000510424852,16.409912,,,,,
4043809226516653184,269.9534695341143,-31.49742168648522,16.410465,2.5314283,-0.011873744969635697,-0.6611000840382677,-5.851542091249233,4703.4155
4043803935116233088,270.0710128951377,-31.614408681682622,16.41118,1.4898014,1.5269262315739278,0.9393166190313976,-2.3403780107800016,
4043899420813330432,270.13561344093335,-31.479710514279066,16.411333,2.7267141,0.2594975291415625,-0.300841478375811,-10.656476069085336,4704.9136
4043807405401086080,269.88089462821256,-31.54216268303063,16.411343,3.0149288,0.1319004983131976,-6.4398098678601725,-8.942068807046468,4711.135
4043791526861710336,270.2200827895203,-31.619118351184635,16.411436,2.0579643,-0.32023746616691107,0.5022537898128011,-7.372368703881845,
4043789950698824064,270.0970349651366,-31.708778947983213,16.411999,2.0524511,0.6264090837441634,2.472705777002156,-0.7079688657859642,
4043791939184923136,270.11219484156766,-31.63132442907802,16.412176,2.4204054,0.2015319863947982,-3.7710902795825265,-10.09758571921466,
4043792385855172480,270.15842362202454,-31.616112007166006,16.41224,1.392581,-0.029159216343046062,-5.326552584994772,-5.5560668007684795,
4043788645028599552,270.0704502922537,-31.770293165201664,16.412683,2.6893377,0.02656141030693621,-5.413188190021467,-7.23760040748445,4618.4976
4043899489532589312,270.17191147498687,-31.477425428522544,16.413002,2.083768,0.014603104481836042,-5.015294809013026,-7.710887909748717,6630.3916
4043886737692743680,270.2544364556414,-31.535261553849907,16.413261,1.9801798,-0.02611210887038246,-2.3153365662867342,-7.909882345153528,4954.4795
4043785964968716928,270.1824819011778,-31.766997692686797,16.413752,1.3586187,0.5072173421757018,1.2832277104926093,-1.4148634680714622,
4043785758810983296,270.1950543198552,-31.765748114231684,16.413757,1.9527016,0.3648996555453231,-3.5630517743469388,-4.423740343010936,
4043795100270578432,269.9330134867148,-31.76686250946899,16.414392,2.3736858,-0.060261286270026235,1.361286756857198,-4.574417411241759,5175.869
4043788503210623104,270.10852621985026,-31.762327907485133,16.414543,1.8743153,0.382492138059273,-4.829757139176276,1.3318004020535348,4730.0967
4043801457009685120,270.006570775298,-31.72315705889293,16.41456,2.2413082,,,,
4043790599175206656,270.19568312210555,-31.70515350806756,16.414726,2.4622335,-0.017573707546357516,-2.905748893335043,-4.168731160890171,
4043801323723638528,269.82202554823726,-31.601980676220524,16.415283,2.7762756,0.08273068580774795,-8.104396245479933,-3.7446932500137424,6033.318
4043792218440468992,270.16773585309977,-31.619527868976586,16.41532,2.1708784,0.3428371373361347,-1.708962764838598,-7.749138448683105,4900.885
4043809123437337472,270.0463264608779,-31.447555236900048,16.415548,1.9519863,0.1488469603342287,2.527828086272883,-7.8139345152933455,
4043787987814636544,270.2420811628348,-31.706290422654114,16.41578,1.3533087,0.5466161600150392,-0.6109196491698015,-5.73982399268188,4709.8545
4043803965087004288,270.07654201303063,-31.614037804339915,16.415905,2.1541271,0.07410110006632835,-3.8548361748920095,-6.504470360977201,4802.8604
4043790981437638016,270.1786126413907,-31.662369540481443,16.416222,2.4573936,0.053029781922782314,-0.3157057930383989,-0.9839179224344268,4588.7363
4043885367674011264,270.22651849103653,-31.60926280379351,16.416231,,0.10826412788835596,-0.653611008881402,-5.263919705087272,
4043787511157038720,270.1899412456715,-31.739741568615813,16.416285,2.1070528,0.11688226707735486,-5.397344609226661,-8.936769206834029,4794.878
4043791114551288960,270.2275694699562,-31.660159585172845,16.416489,2.3361206,0.22334025463926643,-3.623331022398639,-2.453205147959666,4528.261
4043809982430982912,269.9779928402869,-31.452160045572615,16.416592,2.5551214,0.043213503305320075,-6.5007294603034484,-7.781465280407273,4578.8164
4043995005228031104,269.8410896171883,-31.536660673204317,16.416683,2.535781,0.011976804007093143,-2.339280368903531,-3.8735911141702153,5055.465
4043899764359564672,270.13531349291344,-31.455316729849756,16.417595,2.1593122,-0.8892820809231877,-2.1608271928082683,-7.223539942203745,
4043898390020384512,270.21067256144954,-31.526605065345713,16.417618,2.1455402,0.13399692281723363,-0.4349433340825457,-1.1818684863920184,4897.3154
4043795409517929472,269.9512161601795,-31.768941506123685,16.417627,2.1402225,0.257688492706705,-2.0441530698930706,-4.794154498639493,8797.114
4043804755536860544,270.03973446608745,-31.59862507087489,16.417788,2.0205574,0.11100221595473347,-5.942541664402976,-8.523676221676503,5346.711
4043788782467614848,270.08224435860046,-31.746229449714562,16.417809,1.432003,0.9326543305523926,0.8225610626349069,-2.734728372611521,5157.0674
4043803827654406784,270.1228857866952,-31.60976672254039,16.417942,2.4526644,0.10490112787705258,-2.948690090560779,-4.068973317715076,7547.6235
4043803454030598016,269.9706167763898,-31.608891790279092,16.417953,2.3097563,0.0178591125192678,0.317199849685767,-2.9899055891060025,4685.9727
4043806026677530496,269.9377093585606,-31.60631388245504,16.418036,2.7719622,0.01822234017248392,-2.5732341297811154,-9.467214580422839,4808.097
4043797028807564416,269.9171765901134,-31.666897275075844,16.418324,2.6507683,0.027467397977747467,-4.0536130939075,-8.84289079467498,4772.2646
4043804141223833984,270.068156753832,-31.585598664769623,16.418413,2.1276474,0.05752162549997175,-3.592804302337263,-5.289058358697232,4872.975
4043799704485584128,269.83574464525134,-31.66420473461069,16.418566,2.8095045,0.09108669066180247,-5.521640269634229,-2.960793391561416,4808.511
4043790702234404480,270.19356087940605,-31.678891523333682,16.418602,2.0212173,0.002069636797872379,0.13574316248145243,4.4773550200213155,7560.247
4043810016790763648,269.9944490137399,-31.426353270073058,16.418772,2.525013,0.11931227079053228,-0.9047356317943805,-9.501430854379823,4728.8735
4043792390187124736,270.15852035818125,-31.61751119206722,16.418844,2.4865046,0.20725807632528517,-1.3749131871422642,-4.252840236271594,
4043804995879223680,270.0753677410608,-31.5518181893761,16.418991,2.2786837,0.15234688001163785,-3.8778251546038427,-5.601999013498242,4513.1475
4043886192257885824,270.2059941456012,-31.589156413161252,16.419378,2.1662083,-0.20988573828895396,-4.373961543461621,-2.5475647174491654,5015.4595
4043902925569701888,270.0750361427827,-31.437536541386184,16.419567,1.8690386,-2.7027988119813813,0.6184762756641398,-5.549690685973546,
4043804828418720256,270.03693622704657,-31.57949191587439,16.41981,1.950078,0.02705741478589828,1.7877383388794537,-4.012721671827378,6525.5254
4043795924914005376,269.9519712440696,-31.706554825641373,16.419832,2.164194,-0.003645057133203365,0.7306802542046155,-3.8682588943377882,4631.599
4043886497235007616,270.2001198988393,-31.547404395878043,16.419878,,,,,
4043787579875449472,270.2218005748606,-31.734371228373632,16.420147,1.3800201,0.6145362620813877,-3.498937893642748,-9.223143257673035,5357.606
4043886982532086528,270.2525390791182,-31.518148998417924,16.420298,2.187416,0.04456449712587155,-0.3042385549696707,-2.3483116532716446,
4043802625053406848,269.9505793473824,-31.67176542440823,16.420435,,-0.021371960644642987,-3.547151485607524,-11.638929072530571,
4043808127004749568,269.9940470097699,-31.542240185838807,16.420483,2.6413727,0.11701842600278489,-2.5678002293887903,-9.424564833684594,4786.5723
4043804927159739136,270.0815530378334,-31.56281254347112,16.42072,2.088853,0.12172201422111582,-0.9851324384453188,-5.047874332672839,5205.1445
4043886703390772992,270.2724375290982,-31.546283294756005,16.42107,2.1361303,0.18284853211386237,-3.55955530810713,-1.8653701704046677,
4043898699293708672,270.1649414888984,-31.506724599126446,16.421091,2.0390997,0.08998933722501906,-5.19517498824038,-3.327356165798423,
4043809153414070912,269.95183254478724,-31.50903871272863,16.421215,2.4599743,0.37611347667093287,-1.8518750219349782,-4.703679492603765,
4043898871005401472,270.22373506061257,-31.493088929790893,16.421253,1.4052515,1.0655811608094883,-6.492134400245026,-12.50151199066889,6001.7036
4043791565554962304,270.132610733942,-31.676129456673745,16.421537,2.5881014,0.051077258420699,-5.0331149046265695,-8.385706730187792,4783.701
4043787579823178624,270.2119783632071,-31.729658810443723,16.42171,1.4107914,0.5018937592395255,5.379032929203308,-3.704413000514609,4924.113
4043806061206243456,269.9217897398052,-31.600713746569102,16.421804,1.8326654,0.6248765847419775,-0.10914149757192704,-2.8145282870780974,6005.998
4043795581494170112,269.9916488012917,-31.742390759782502,16.42188,2.5027056,0.30538678900045096,-3.1205033287327146,-1.2210085880714001,4718.773
4043791698666790528,270.15615998960146,-31.664174057471342,16.421978,2.667925,0.10248656508626942,-1.991398483419772,-6.436577891774093,4779.85
4043789705795399680,270.00494440557173,-31.740392471012637,16.422316,2.1118221,9.357857031988565E-4,-7.140146001761094,-4.437621108508008,5108.195
4043885054070447232,270.2691218530978,-31.634178563516073,16.422571,2.1207066,0.21502304546686402,-5.908671120536347,-5.633499650363746,5183.6465
4043803419721459968,269.9914235173123,-31.60807331941398,16.422722,2.7426062,0.02236176926703707,-6.041188844175176,-5.592519452452204,4576.153
4043807229268626944,269.8444012910424,-31.57103544140278,16.422752,3.0425777,0.10560425927704234,-4.7547711243889825,-9.436319510336634,4434.9355
4043885470793118592,270.27871613226944,-31.5904585221616,16.422863,2.0758066,0.3687696097663373,-1.8371025281853777,-2.327380516320904,
4043806610964065408,269.97008377026674,-31.556197867554797,16.422863,2.6578255,-1.7530113289830824,-4.548323791880342,-7.439813992827213,
4043804931552086400,270.0760917639551,-31.564633067139308,16.422937,2.2495966,0.20802558587909867,3.8453728173488675,-0.9265621317144404,8596.207
4043808023926988160,269.909517972843,-31.486272300344886,16.42297,2.6141605,0.11374738405380344,1.6314837023808528,-4.666914036947253,
4043898695046316160,270.17023940139194,-31.494670371119152,16.423117,1.5520649,-0.05833197364910094,0.5650919303913912,0.46395614481917336,5943.981
4043809776272487040,269.99693299257325,-31.453498333396183,16.42332,1.7175398,0.523462299834712,-2.558214872144738,-4.103112394195853,5393.973
4043902646416535296,270.10096818216,-31.45732066691741,16.423641,1.9311409,-0.0632580576692448,1.1492935911788948,-7.818506312371886,
4043791183435507584,270.25622590329243,-31.65546742344409,16.423897,2.314042,0.22781409351357573,-8.056168678040724,-6.3752224490069445,8603.766
4043789022985639936,270.15034991554586,-31.738215520741786,16.42398,1.3712511,0.3032549271852892,-3.9247005952045604,-4.970326113533515,9880.553
4043808981817923328,270.0268289650655,-31.459106523979315,16.424122,2.2776995,0.18859299506424335,1.9455000128049909,-7.4070062222946245,7133.3794
4043788610617905280,270.0586477885521,-31.776221901538126,16.424362,1.3120441,0.48014522688460237,-1.246080233959847,-1.357287157973123,5241.568
4043788129579028224,270.2588875372098,-31.67844334468805,16.424664,2.327961,0.1532218657128962,-2.7274536110936887,1.9684501028890309,6173.696
4043804755361003904,270.0385895395436,-31.600894900282228,16.424902,1.4243793,0.5895816014273035,4.347146644938042,4.530715128979539,6305.989
4043899863278613760,270.17594303893515,-31.454918123838304,16.425009,1.629261,0.5837122854222226,-0.9201944747319513,-6.533146725630619,4982.2646
4043783834662642048,269.9964736818933,-31.745322276912084,16.4252,2.2705183,-0.02389905488603082,-3.400299391578236,-4.920088796668609,5752.4155
4043788675009303680,270.0901175328734,-31.766444135627676,16.425266,2.582879,0.23574212159788016,2.6086316490105577,-7.580481260299965,4740.3647
4043805240786645888,270.02614007711657,-31.53824359778057,16.425304,1.2137632,0.7570098638962851,-8.688922157865782,-12.235136316198854,5109.07
4043786029487977344,270.1704902558828,-31.74812739013044,16.425507,1.2716541,-0.9530203498196061,5.191113707702819,0.839797532983003,
4043886153632099456,270.2316043557888,-31.58617122078845,16.42567,2.1514645,0.19417986326976946,-3.4859489494096967,-2.5377702531445605,
4043899897638354304,270.19228807194247,-31.449614215727227,16.425894,2.0390682,-0.3376979275567953,4.5343112908129175,-2.78653289019184,
4043789362197959552,270.05126935470076,-31.7696520151278,16.4259,2.2299442,-1.1081898020279586,-5.319923555510056,-5.000096889219691,
4043788125247538816,270.26704021122185,-31.678138577575794,16.426685,1.5991201,0.2981048941832258,0.953033640148746,-1.236875005057642,
4043885058435985536,270.2759943425656,-31.622439501027007,16.427048,2.0681944,-0.04199012509489118,-1.0902390034707103,-3.6445477281884022,
4043885058385824256,270.27275249698675,-31.627028832104816,16.42705,2.629799,0.02682659474311394,-1.686206640765201,-6.868418209787683,4777.8667
4043803621485902464,269.9949734295672,-31.579609828184715,16.427408,2.4207087,0.24033942435269612,0.39608264091989315,-10.190291082694173,4715.2407
4043799468348432768,269.84155500471604,-31.698108514226167,16.427702,3.1942158,0.1823363853557982,-2.444710890494681,-6.444999842317312,4511.054
4043806885671329920,269.940755623241,-31.535338217556607,16.42863,2.4771194,0.04939284201245983,-1.4354097805003365,-2.780983321523162,4730.203
4043790466042884864,270.17166699105036,-31.730871331661994,16.429373,1.4992514,0.03169964277875103,5.003953916677527,0.10179865658742158,
4043802045331575936,270.063476996899,-31.67132130848569,16.429647,2.6330547,-0.05926128444441486,0.16006649196972875,-7.127324802016675,4956.1743
4043899107204497664,270.18358026363114,-31.471135216023608,16.429808,2.1545324,-0.015511957291499238,-3.2613962052907803,-5.87053145999491,7716.844
4043886462875269888,270.1896884404748,-31.55759533022839,16.42982,2.0829506,,,,
4043803106099816192,270.00411883704163,-31.644920661386074,16.429827,2.4018288,0.1594543988220622,-1.9422795328144793,-3.36552492401683,4912.5537
4043903715781625088,270.04882106107755,-31.415498487866685,16.429903,2.3500643,0.2013633067177766,0.1477936125363938,-5.3287851253260206,4575.0073
4043805309505925632,270.0831313226384,-31.549066272713485,16.43027,2.4056444,0.18011864577624387,-1.064096920050792,-0.5145411272128648,4811.4316
4043805550025335168,270.10046693828394,-31.50979441647637,16.43029,2.2325554,0.10171830645836764,1.1762626270092766,-7.165163392852943,4737.0713
4043802595087554048,269.9756808095832,-31.674847431691255,16.430294,1.3365421,0.4182589913296048,-0.31810075232200735,0.823578300628305,
4043795791856061696,269.93828909226664,-31.720992713857875,16.43043,1.555646,0.35045206328969103,0.3918394311035661,-2.9351810579156683,6827.293
4043796479051093120,269.8721078996326,-31.701091319000568,16.430506,2.7220345,0.010571362388249288,-5.55369124616982,-7.183397714956131,4606.03
4043802075307684864,270.0285466145114,-31.67016200001412,16.43053,2.7939625,-0.10995518136517834,-2.7646241116150394,-10.633942974166832,4760.432
4043801628631087488,270.03003443792085,-31.691112218990614,16.430538,2.3593664,0.1299259648667095,-6.136903214388074,-3.832529132498532,6013.811
4043796204173077376,269.88658993856814,-31.722194439796517,16.430553,2.58076,0.20723963801875162,-3.292715792779506,-7.502282852639465,4620.8306
4043886604575087872,270.20658115074616,-31.54075567143541,16.430634,2.1213999,0.06630341900465901,-0.5927816548822094,-5.376072158765011,4731.751
4043790770953860480,270.16333187710177,-31.697567707498635,16.430758,2.211876,0.18906793540428327,1.5407010224862858,-1.7717467569208094,4834.435
4043789637259692544,270.0306367485665,-31.749005372200067,16.430836,1.7514267,-0.0038489582959512075,1.2221037308899902,-3.4861994804955345,6010.065
4043799945169148672,269.88733062532293,-31.669634242732393,16.43091,1.4559965,1.2701392322229164,11.868813933764304,-13.254916394736487,5200.9346
4043804205611875328,270.1268521733702,-31.590904749224013,16.431324,2.2055702,0.176703627114229,-3.937198113715627,-1.5116101410746245,4645.9644
4043786033688305152,270.1793162735291,-31.74285348690409,16.431536,2.2343693,0.33942626163225414,-2.665966409147489,-5.889593535901611,4767.3574
4043805511275327488,270.09702029671485,-31.513665149149283,16.431717,2.2842321,,,,
4043806340299529088,269.9021336639717,-31.576352566073854,16.431742,2.646844,0.5063254730165359,-5.439914448382318,-1.839136075375432,7468.585
4043790259936610944,270.0579380141604,-31.696925339194443,16.43188,2.4126616,-0.04846424213450583,-1.0056688082241412,-5.843838226099145,4582.8706
4043788125418971904,270.2665112838637,-31.678521739789552,16.431993,2.3262157,-0.02020183571579259,2.5629958461190654,-7.598519260980687,4706.6157
4043885333314196736,270.24412480062955,-31.605183837305038,16.432589,1.496664,0.5214470476167047,5.188508311203125,-0.2686343848875092,5136.831
4043899455172865536,270.15073893936943,-31.493669770828074,16.43278,2.2158546,0.2901785455946936,-2.575140718949981,-6.349296063358543,4681.3496
4043796886987084416,269.889506047141,-31.674014655676928,16.432823,2.5922842,0.15911741062538515,-3.916070735129377,-6.885026055624808,4655.352
4043809467034958720,269.94402486184816,-31.46716900773269,16.432852,2.6960144,0.1390132450125911,0.9390199492597779,-4.211170562096296,4690.4946
4043782666431154304,270.0515243366615,-31.798457260070872,16.433243,2.4774208,0.06375946806029076,-2.9189521168744315,-6.2166710087210015,4688.96
4043800185521935104,269.85280949770583,-31.64355907893613,16.433252,3.4047298,0.18145741665557116,-1.8177362908827261,-5.3047493028096975,
4043808127004762112,269.99365203556334,-31.538736579858387,16.433794,1.4966736,0.4098904644708456,2.3843174280561286,-0.00912022877156084,5229.235
4043783765943110272,270.0057988080759,-31.757910124961846,16.433916,2.4790516,-0.0011812193917293615,-4.4241683205483415,-7.710791232520165,5070.271
4043790221191553792,270.0802806857478,-31.696830903253215,16.434114,2.2689276,0.11892179837870341,-6.7489554183822245,-4.614647553095603,
4043899347722642176,270.1496914369264,-31.49607970443606,16.434217,2.112646,0.16601234478545995,-0.5724199263731413,-3.1030370565874685,4726.6367
4043803522800668160,270.0028622858419,-31.602404467169578,16.434332,2.625513,0.1867939290908317,-2.756756061925379,-9.062467158860521,4623.5205
4043808706731013248,270.03968195252276,-31.483934893033247,16.434494,2.4248219,0.09117766760218912,-4.745440378828711,-7.312698683996804,4719.786
4043800052464565888,269.8904878319872,-31.641673616690994,16.434614,1.8229399,-0.26489447233601215,1.1046302592466901,3.182271353742409,9025.911
4043789675769409408,270.0269457461319,-31.736625087807308,16.434675,,0.12010474670796165,-1.0937255537879,-5.540068943253124,
4043886359793103360,270.2421273257249,-31.554778053645823,16.43491,2.0021534,1.3988774231855854,-0.40605118931890943,-1.5553846136662013,8367.574
4043804721007959296,270.1378166741133,-31.52731892417021,16.435226,2.220399,0.26643929308728664,-5.716076311385641,-7.572637718217549,4736.4575
4043785891864373760,270.15001220030086,-31.77362838948885,16.43548,2.1385946,0.137981984235711,-4.493698450482197,-7.888912322067879,4690.3374
4043801461165141888,269.99885763049434,-31.73397937632585,16.435484,2.2525606,0.06888488630108308,-3.424110157711767,-6.534985364859538,7728.359
4043804136885724544,270.08060376883464,-31.59131628276773,16.435602,1.5367012,0.449338995417027,-2.479891919612438,-0.6294801436423059,6713.3286
4043788125247531520,270.25539789156414,-31.68407011029146,16.435709,1.6782265,0.7652695463101411,1.0301290727953596,-7.931118303623542,4818.003
4043803660239310848,270.0918480265545,-31.639395259041006,16.435942,,0.06506328145303403,-1.9339844690163004,-4.665866094539986,
4043788881161648640,270.1233177633061,-31.75584226186855,16.436066,1.4025192,0.6358705200700037,-0.5341051125595456,-5.114686901424044,5514.209
4043788782467585920,270.08420924731047,-31.753029282160377,16.436432,1.9211779,-0.07734709484182614,-8.691756518598151,-0.6203175883263873,4846.164
4043885058435971200,270.2714787363387,-31.62835837083308,16.43675,2.4700747,0.23300345187601057,0.5675817949044206,-2.067817070269064,4749.831
4043805786153241600,270.07362084357885,-31.502165277100755,16.43697,2.3280878,-0.02235061683628046,-1.7871283125781443,-3.943778539747651,4611.9
4043803930901331328,270.06638160846387,-31.623585213764002,16.437078,1.2922745,0.6328486308072474,2.292821025597892,-2.3724875186749617,
4043808053895939712,270.0064625250169,-31.55028268431309,16.437277,2.157793,0.05762619200299367,-5.8929011774302085,-6.865412961451056,7942.4556
4043806679681610368,269.92652859841405,-31.57190260746553,16.43748,2.4072828,0.09604679655997964,-3.7067913837107063,-3.3695588751558,
4043898866686345728,270.2124739422796,-31.48774036049139,16.437574,2.0848732,0.0742099371576966,-2.9286017853010287,-2.5420577342081123,4748.392
4043805515664409600,270.0947768125768,-31.522982236535434,16.437744,,-0.11572108198071844,-4.461709231478412,-4.893361621618098,
4043807366697407616,269.8657242081333,-31.54585222164927,16.438152,2.6762705,0.058389618516648756,-4.281800410821555,-5.382160292027693,4805.1074
4043805481305774848,270.1152841074347,-31.52294818204971,16.438402,2.1369295,0.1701942076728798,-4.201712839541794,-5.53160038148374,
4043801461215998592,270.00726111014734,-31.72428245784549,16.438437,1.3743801,0.49121747640897984,-3.279812406237918,-5.710108502848211,5442.302
4043803694546987648,270.093041072096,-31.627858177563315,16.438683,2.4650564,0.14794701296490612,-3.5189001417000334,-6.699253698822268,4571.6133
4043789263452211072,270.139635578167,-31.72026619058831,16.43894,2.1883078,4.59334861215722,7.044274808347428,1.88513017249443,
4043803419670842752,269.9834858426881,-31.603788017777838,16.439005,,-0.12754092392446179,-5.602523086871405,-5.28777109040384,
4043806546407203328,269.9795039995815,-31.57266964040954,16.439117,2.1169786,0.34060430766737404,-5.058650965286259,-4.978965497755013,4894.4023
4043785823327368576,270.1577570282759,-31.7813469638017,16.439144,2.094799,0.12763785963687718,-1.363681149643414,-3.9096913675835276,
4043806993084452608,269.8882939137925,-31.586165368118884,16.439238,2.1629496,0.11660486941703264,-1.5287765547445151,-4.537367524513207,4715.9087
4043792321519656064,270.1861105763975,-31.61470947940861,16.439495,2.5686665,0.024538374139509312,-4.172774691177068,-4.400208677759626,4549.9204
4043788748107870720,270.0772516306652,-31.751435983936137,16.439503,2.8130503,0.06516279531559657,-4.659465782185548,-8.453773883814097,4761.5693
4043789946319627648,270.09712281015015,-31.721764195843154,16.439707,2.0415716,0.23405339954446516,-8.36669817552167,-10.987812977829474,7746.539
4043802251490085504,270.0717804437223,-31.63717089426604,16.439762,2.4342937,-0.012822494134860318,1.4845843051254464,-3.649645818828148,4619.8237
4043886982582129408,270.253490866526,-31.527422311675764,16.439993,2.1236448,-0.10774182934126206,-4.260500849869335,-2.293511710562046,4742.127
4043799708866683904,269.83954667372376,-31.673964188618147,16.44007,2.5920277,0.09183156156947478,-1.1289195341130531,-7.091861398449848,
4043795512774865408,269.9609553909908,-31.751227863221132,16.44019,1.8127604,0.6877520938584469,-0.5685027955883593,-2.7484329344081897,5630.4316
4043809600090861952,269.97556129826387,-31.453993889142556,16.440205,2.6405191,0.1372633956869448,-1.7917504901479964,-6.253517362081541,4627.3955
4043803071907416960,269.95602076485255,-31.616861697166414,16.440224,2.266698,0.30623997879268183,-5.81077032764529,-6.048068121530235,
4043886600363092992,270.21454121609935,-31.53778318163439,16.44031,2.0427094,-0.6983364567371921,-3.744458066850722,-6.203555008526349,
4043789671441676928,270.0334948456705,-31.746040975339145,16.440462,2.0298796,0.09810775830468275,0.17507105256893973,-1.8595350702663977,
4043885917429805312,270.27847296380133,-31.566676788273842,16.440533,1.9283438,-0.20189759679021224,2.2839020182481393,-3.4355934473796554,7494.296
4043809153429625728,269.95642994142054,-31.51168510011415,16.441067,1.5798197,0.2908873874864592,-0.734615420695975,-2.8638991228876716,15030.959
4043801598654959232,270.0186850839538,-31.710375429124056,16.441332,2.235114,0.31056803806736166,1.1617706852058831,-8.435364359680802,
4043801461165164544,269.99910891527435,-31.720847299361985,16.441477,2.0941362,0.16600959627975168,0.9608532149853707,-8.668303327047775,5298.286
4043802315825850240,270.0236402587955,-31.651468964502524,16.441507,1.5115271,0.3553041901413568,-0.7648317285716997,-1.986395073613564,5094.553
4043807783358245504,269.8885911945542,-31.52736568934729,16.441683,2.2344046,0.30596771671250617,1.1648203667355181,-4.967232579959454,4811.63
4043805889238562944,269.92112237078703,-31.63401817493753,16.441778,2.4698286,0.11388206868057604,-2.7174055921017115,-4.618682975369891,5073.4478
4043900176727666688,270.1669011586235,-31.43929418724914,16.442232,2.399703,0.18957196217099162,-2.800075238357036,-6.380524694315344,
4043808264443764480,270.0120283296516,-31.509707869233882,16.44234,2.8232346,-0.23411426816784686,-1.8729670162745602,-8.109146323797528,6569.3555
4043804278713597824,270.1213620830351,-31.577200872281807,16.44257,,0.11155726591559689,0.3747703761509599,-2.556865336157193,
4043790294244858880,270.05968758144684,-31.68677493905389,16.44271,1.4735155,0.795626426731935,-1.6149695564809818,-4.349172751946109,4864.5024
4043802521984291200,270.03955926908714,-31.611496107111584,16.442717,2.483284,0.139615495755635,-1.5987383854268928,-4.703293196597481,4664.8843
4043806679502627968,269.9329157336481,-31.56573346752867,16.443287,1.8018141,0.6661567530149985,-0.7409975423845594,-3.207550353042704,7978.7764
4043792424546864896,270.16854133115646,-31.607166589257474,16.443727,2.1704893,-0.12255016264202623,-5.1915666157404665,-7.460911538749603,
4043804381792740480,270.17011169109804,-31.562203617258604,16.443764,1.5296888,1.0167580613372926,-6.58518081455026,-5.104092912796169,6004.9136
4043783662863929344,269.96251324705355,-31.78609975773498,16.444193,2.5102415,0.215632903679584,-1.5968092870795731,-8.158115903200862,4846.148
4043791496833770752,270.20944275746587,-31.619741270373005,16.44443,2.278904,-0.326946546510954,-0.6531719775446557,-7.144459070881183,4877.624
4043796474809297152,269.8603981434256,-31.70649214996307,16.44457,1.4163237,1.0125223667434065,-0.10146582544417723,-9.328174433659749,4712.5444
4043791909152744576,270.0967389655628,-31.65313642708257,16.444635,2.118475,0.16031606824454028,-4.014004190066087,-2.7698163457915324,4751.133
4043899317733975168,270.12791986050985,-31.505064712887908,16.444685,2.5697365,0.27470320404708226,-2.574183165642467,-5.384191136978799,
4043995628063821056,269.87068025664587,-31.488150049890425,16.444817,2.533701,0.03837956925230674,1.4914530983956094,-10.379017505395893,5065.1045
4043899450801861248,270.154119715605,-31.484402737159133,16.444952,2.2380638,0.07315024700750242,-2.9388843787103287,-9.824927741294292,
4043808260260101504,270.0202320153253,-31.520255372461573,16.445091,2.8114414,0.16649993853637207,-4.782495239344688,-3.345599351887596,
4043800018104284800,269.8824453173209,-31.65115720894708,16.445251,3.036684,-0.04593274748428727,-4.48122146361458,-5.311707049651918,4818.455
4043804514877994112,270.13084786312095,-31.562468948464353,16.445585,2.2195015,-1.6403760645680807,-1.1446527573185203,-6.360927617544732,
4043803385361689344,269.98360407418494,-31.621897702438577,16.445602,2.1556911,0.21588555231576587,-0.0760842607961728,-7.549853795940262,6008.122
4043803488390376832,269.9756830721309,-31.5968326078275,16.445602,2.5551891,0.05329489009004392,-2.6292898997154714,-5.648228134249537,4700.259
4043804313022314880,270.13710933217834,-31.57898342021544,16.446024,1.977025,0.0023935409887050133,4.816189255063851,-4.103119364280262,8876.548
4043790053777995264,270.1145912083068,-31.70878107782008,16.446163,1.9793739,-0.14820872432174093,-6.512780729837952,-4.0875738661146235,4616.449
4043886261027392384,270.2409774942265,-31.56937161654902,16.446487,2.2492085,0.10784563619976953,-0.8204790184253586,-3.033939811276319,4699.6626
4043790496255925888,270.18960629410594,-31.715270155535347,16.446619,2.1067314,0.12222210412449462,-10.214557563597124,-7.943339306314014,7435.9907
4043803935066552704,270.0668920305673,-31.62694138616305,16.446781,2.2804193,0.22942610652767315,-4.387478321547377,0.646328812048081,4645.5894
4043795925093494144,269.94711315425224,-31.70545782066262,16.446802,2.147688,-0.0067214479659350075,-3.8055011642120853,-4.5168455126458635,4790.3027
4043898763711847040,270.219371849513,-31.5143588622487,16.446955,2.0155897,0.053306744289015585,-0.1485586676486643,-3.540748245516809,
4043899111575419520,270.1818053435084,-31.475201061137305,16.446981,1.3627844,0.7661785057504513,2.1068211116081037,-0.7370630267125552,6006.9575
4043807744664781184,269.9321431715132,-31.50227848836226,16.447084,2.587102,0.22362266380173812,0.4945959673722519,-4.84617518096124,4662.964
4043788949887249920,270.1505478973594,-31.742150860190925,16.447142,2.0451422,0.171975498254122,-3.726774197124635,-1.332229342272703,4822.5225
4043790942752551552,270.1624935723083,-31.68048953090847,16.447205,2.3507767,0.19446058513878017,3.6994143189997595,-4.263886222495999,4529.2705
4043807332488624256,269.83648917679164,-31.551384652582925,16.447365,1.7892923,0.28045560024511995,0.5483421825633052,-1.384479362333834,
4043804038144608512,270.06074551063,-31.595259568812473,16.4474,2.512971,0.17764403998107503,-5.257649376375173,-6.264050280939288,4598.18
4043791118928669312,270.21373373736503,-31.660042045897633,16.447603,2.0712528,0.5657392810550798,1.0545712143881356,-4.475489165435219,4653.3643
4043805137707420544,270.01440178231775,-31.55130006513078,16.447664,2.2081413,0.3740281832823603,-0.6951240449767757,-7.802878873502371,4804.6616
4043801392494431616,269.82182038366835,-31.586587090547184,16.448112,3.4683504,0.5348609242617347,-5.375925508829883,-8.212092251746675,3900.8723
4043792046641872896,270.1151208428996,-31.6286113925227,16.448603,2.1167793,-0.02771783081912307,-1.3382171749807146,-5.036945147327322,4887.55
4043791561221360000,270.12817233115896,-31.68915406140384,16.449226,2.096055,-0.7453981508066415,-4.494722145015932,-7.118239431253947,7724.9355
4043808638046661120,270.05658018291854,-31.492623378744337,16.44931,2.2509518,0.25721575089869353,-3.098168442604045,-5.840778877141293,4717.61
4043785960766642176,270.1882945594341,-31.76605455022329,16.449518,2.136076,1.1177874750725287,5.430931030641747,-11.175786979108299,
4043805859212347392,269.9132591667808,-31.633579045700916,16.449526,2.4332638,0.3475412339130335,-2.9116631499941814,-4.254764312290029,
4043810154229711104,270.01250930200433,-31.412353982793658,16.449526,2.2224855,0.7966905999766379,1.465641210702945,-6.899947855444715,4667.241
4043902783696464384,270.12913028869514,-31.429440345225377,16.4498,2.2460365,0.0041284272987491336,-3.2083975019254183,-3.4672571064803277,4557.05
4043898969873892224,270.22252446404275,-31.477503537619107,16.44983,2.177123,-0.02429803015985287,-0.13734454340724342,-2.6713606534045566,4781.493
4043783486688775424,270.04140992184773,-31.784519684288714,16.449957,1.9326344,0.17301378681043572,-3.932898969952782,-4.1460732050229065,
4043787506957191296,270.18024748745,-31.73602501593717,16.450132,2.0402288,0.19332831432302813,2.139099830445536,-8.11474903087857,5842.6187
4043805515613484544,270.1013053481591,-31.525712040465425,16.45043,2.4198256,-0.058847939176540784,-4.509148436941074,0.03454687421418961,
4043789675820943744,270.0325507865237,-31.74341020530334,16.451117,2.0513992,0.07699009061101746,-3.7581211720782264,-3.3775923585536214,4848.3193
4043789916339038720,270.08214958128247,-31.73100351482254,16.451164,2.408104,0.024447970947514275,-6.181276624127053,-8.36056758110848,4601.6724
4043789194784444800,270.1113447191657,-31.735502404866967,16.451326,2.337761,-0.058313030915017716,-5.1884238635501125,0.0545232089989155,
4043805751800232832,270.0969820370407,-31.488771985309043,16.45135,2.3843117,0.22979242043158338,-1.0576316031484971,-2.968594870082189,4703.3174
4043995623703521152,269.8642692077311,-31.49224619352694,16.451378,1.733285,0.5022893889529507,0.2127873089853658,-1.272643400105585,4879.6167
4043796577739391488,269.90360768174486,-31.719157249222864,16.451534,1.3575716,0.4890588396187104,4.873214300905658,0.20032020936411588,5430.093
4043885367674046208,270.2283102165237,-31.602564290615316,16.451677,2.159608,0.9109711384793998,5.724676170727871,4.875100489825007,
4043789950698821632,270.0948309294318,-31.710917987892206,16.45176,2.0307274,0.47568922507490946,-2.904327971272727,-4.473331362947364,
4043803278068005120,270.0348468307978,-31.599492084607636,16.452528,2.4915905,0.6857259191455609,-3.6636131742605795,-10.717832469690638,4978.0654
4043809290842780544,269.9737000706184,-31.488309350730322,16.45286,1.7030525,0.6541239264451623,0.4662191530697479,-0.8928982832174998,5223.657
4043801873532971392,269.9949378229879,-31.685227117287848,16.45291,2.372241,-0.2511828001009425,-5.5820399038786706,-3.7084873393662434,4664.0703
4043789430923508608,270.0338514017247,-31.758808667335074,16.452957,2.5106287,0.11915658866172732,-1.3849413143345464,-7.384758597932649,4641.1997
4043789602722226048,270.0695828741098,-31.72385662300766,16.452961,2.5423927,-0.024552310922417706,-3.000170722870642,-6.156953961365367,4594.998
4043795787465382016,269.9336400569796,-31.737676826297665,16.453129,1.4471102,0.5355560726892098,-2.0264219315691943,-3.535480947907248,6306.5874
4043886943908785664,270.24606863150035,-31.53731433463159,16.453142,2.1344948,-0.0727962763557036,-6.8370328121691575,-4.701848578761732,
4043809840811142784,270.0185774303635,-31.445316949548214,16.45323,2.3795214,1.271066304347452,4.06854880713773,-2.833406014872553,4511.775
4043809462641479680,269.94678987975755,-31.46865555940996,16.453321,2.4973688,0.16391636753210848,-1.1495236877338098,-2.5172021792999426,4637.2397
4043791526861708672,270.21151082602665,-31.62007080371485,16.45354,2.5193758,0.2581745132146769,-2.9186282304022146,-7.223098817509687,4649.263
4043803213562965760,269.99716150482595,-31.621978612793065,16.4537,2.4463892,0.0012498401699627126,-0.22722455954906928,-7.829681871384819,4774.1226
4043806305939746176,269.92155233058105,-31.577934471871107,16.453917,2.7021542,0.3957225796032483,-4.758247476009842,-7.625806763111683,
4043898488783572864,270.1508986637274,-31.5364560211175,16.454166,2.0386114,0.1612922023413316,-2.806387486950213,-5.814005467482154,
4043810051150579968,269.9617682007237,-31.428939180508806,16.454275,,,,,
4043902715136321280,270.08089937960193,-31.439842645401527,16.455126,2.4799356,0.1844273681644119,-4.446102636755819,-4.582813707533888,4699.371
4043795791804572928,269.9391952568746,-31.72328476092265,16.455296,1.3874617,0.31062468894482775,0.7211701671700343,2.0579989753586623,5569.4023
4043788576309043072,270.0805871631341,-31.784206350595287,16.455399,1.9473944,-0.2341357454299274,1.7629429776008325,-5.540648563672962,
4043788812448282880,270.12940289184996,-31.763207281905206,16.455738,2.5108461,0.0339585038052363,-5.319781503719382,-8.16719319505177,4606.8594
4043806301555762304,269.9245036201465,-31.576234071756407,16.455753,2.7582188,-0.004472661540956333,-1.0777739086368006,-3.2119842681413613,
4043783349249240960,270.01761537119364,-31.805989995205778,16.455917,2.2108917,-0.007634723328863537,-3.208255366596638,-1.8861371531870956,4750.2095
4043791118928644992,270.22023519142994,-31.666896309218046,16.456217,2.5909786,0.11766681441087562,-1.1354006647380155,-8.529851083100187,4466.3516
4043902886775646464,270.0645752169684,-31.44092378734114,16.456583,2.271305,0.14145790685002915,-3.805726061799219,-3.9647694330101024,4813.0327
4043790427522446848,270.0884035511896,-31.65715830184408,16.456636,1.4724627,0.42289761155071454,0.7255959213640187,-4.421770822303984,6008.6133
4043809943681614080,270.02553259024984,-31.426394519641182,16.456646,2.0342627,0.04466484026679077,-5.856468531990464,-6.918827434617318,6347.389
4043806340299505024,269.90065601085826,-31.584680427954467,16.456646,2.6964998,0.009141261625177092,-1.93818554859281,-3.0171089422650734,4879.748
4043789190405392384,270.11229832999425,-31.734870619132188,16.456833,2.2778177,0.10034249532317163,-6.952944603821609,-6.214704804581924,4659.6274
4043885328998379264,270.2525126506614,-31.607416495677892,16.456837,2.2401314,0.09030562669406987,-3.475059033510235,-3.5645532707744656,4549.221
4043789881979472384,270.041531561146,-31.71255591797234,16.456999,1.6048851,0.5631151610566768,-2.346305521495292,-5.252909167247816,
4043788954266078976,270.160898975982,-31.75191311349713,16.456999,2.1911879,0.220093499191088,-5.528170193763309,-6.099879092454581,4852.9634
4043800013723267584,269.87883065718785,-31.648557279723967,16.45709,3.056388,0.1031200854168051,-4.254655949547718,-4.29826625640497,4607.8306
4043806924414077568,269.9589717515494,-31.524242678954025,16.45722,2.5960274,0.03345587486328419,1.0214858105288458,-2.3992968802874675,5088.932
4043803419721502464,269.98855907065064,-31.598632327705243,16.457273,2.4686642,-0.08358357665158062,-4.746276155547376,-7.9446425523545114,
4043791870631689600,270.1228380291797,-31.650922526586964,16.457342,1.5665274,0.18859010170720605,-0.372230757125397,-6.025061057345949,
4043805000271670912,270.07168226192437,-31.555251474907042,16.458279,1.6144676,0.615853569886132,-1.7499856265273164,-2.584144374714951,
4043804519231805696,270.1206026286126,-31.564620869840816,16.458427,1.6094627,0.2603757780781597,1.86512298819645,-4.13188556613352,5625.757
4043789022985651328,270.15032064170475,-31.73594442964417,16.458761,1.3979826,0.5600345777158044,-3.3913529674797678,-9.623419835439726,4808.253
4043807061854117376,269.87010030637015,-31.57400554002897,16.458765,1.3593521,1.001720891243954,-2.5680530954847445,-11.717841983390006,4715.595
4043806164116452736,269.90048112530997,-31.605034991284775,16.458864,3.4319315,-0.010591767269102274,-4.890719463563723,-5.790612041866238,5050.5884
4043792111152048768,270.1748702813634,-31.64192425954311,16.458954,2.1006413,0.31982302396588197,0.9425403074321244,1.8395155768974867,4829.8086
4043795791856031360,269.93860493453684,-31.728867249935753,16.459867,1.6391573,0.5264284489170592,-2.22711922247341,-6.434728385834385,5081.021
4043804416101533696,270.14957944504727,-31.567125035009166,16.460049,2.4744406,0.0915528320229526,-4.423240597285883,-4.511405621930887,4754.7046
4043792557830608000,270.19329585336766,-31.582122584405123,16.460054,1.6310148,0.9145019071708168,-2.3482304943017205,-12.612593382588315,4345.2407
4043792110977241344,270.17576900988695,-31.63582387405967,16.460148,2.197093,0.41086030974173837,-0.8522434393715689,-5.294899847576386,7566.8823
4043790118112329088,270.098952322126,-31.701874020152943,16.46022,2.043911,0.3406637544689054,-8.247089719660464,-4.674115307874524,4829.973
4043791222007875072,270.2280109298092,-31.6516498722868,16.460278,1.3687763,0.8212547972222328,-4.190368698783811,-7.241773315542737,4735.028
4043790942746091392,270.1655321820961,-31.673287278412968,16.460323,2.3733072,0.08816156698241216,-1.5614217473487937,-1.733380021701062,4858.708
4043902955654111360,270.0558551237794,-31.440522208705804,16.460688,1.6669378,0.3741926404847277,-0.03919126885451556,-3.36277411703535,6003.1436
4043899317733919616,270.130225572721,-31.510403570365707,16.460775,2.1574316,0.3556552210535701,-4.083656025637017,-4.53074303108091,4873.374
4043899553881076224,270.15401715596414,-31.458850438652817,16.46079,2.4673376,-0.010880278467700913,-1.4848344896612022,-5.954439093778804,
4043788232710549504,270.259383984827,-31.668134932243575,16.460884,2.3329144,0.11787561005436742,-1.041985052125717,-1.1070504389691502,4553.689
4043806512098134784,269.9457380339591,-31.573477416678294,16.461042,1.5520964,1.3272120291737237,3.460637671654063,-10.257383851551696,
4043791084568915072,270.2133071506132,-31.668825847181903,16.461147,2.430893,-0.1970242080574083,0.3846682284203969,-7.403526996070321,
4043787438237548160,270.20311102864554,-31.750322850928377,16.461267,,0.33985016611633434,-5.981636666157687,-4.400138832095831,
4043997242970284032,269.89957787470996,-31.461314011734228,16.461365,2.495842,0.08836487076516483,-3.2705831237677008,-7.438359753912895,
4043789332223430656,270.1342803654976,-31.71107289026449,16.461401,1.2484436,0.48066615813154656,4.800354729157018,-8.292258852511058,6008.369
4043783594144377984,269.98020856990405,-31.791533904426213,16.461567,2.0386915,0.0551384210478867,1.901996011109094,-6.1527628101987535,5036.705
4043886668978637440,270.26406864091933,-31.54732086120426,16.4616,2.43044,0.014894583032682209,-1.1055421736499182,-7.476585026689429,4499.0024
4043789710129161600,270.01455580321783,-31.74247557343142,16.461847,2.1238995,0.054323391432560784,-3.7126766418736192,-2.1592655285366376,
4043805172067069440,270.04547049554606,-31.55172061693897,16.461874,2.0929127,0.2669035161944575,-4.130539053327252,-7.771763011379594,
4043804862829355648,270.0435379772005,-31.574169877405872,16.461975,2.229105,0.19383789927672862,-5.309633577762684,-5.763970255919741,4812.6523
4043789053144948608,270.15852537808496,-31.72784102138107,16.461987,2.272913,0.13320993533912567,-0.16217486087066668,-2.267594826611209,4703.896
4043808367523026688,269.986721340054,-31.518051634317462,16.461988,2.5364685,-0.08262350138400647,-2.8970748461822544,0.7267679196981283,4602.39
4043789156075961728,270.1042779825645,-31.734743564890366,16.462692,2.3542032,0.341905809977039,-1.163641281107501,-3.5755147842067636,
4043787472412421248,270.21171477728456,-31.734254915491995,16.46289,2.0723686,0.13888796396706846,-5.42873296127668,-2.380625842694653,
4043808844176679168,270.06691703867017,-31.47335032595348,16.46297,2.0385733,0.20262228897019438,-1.7765788998468937,-2.601407595191498,4753.2275
4043805442562450688,270.11658410552013,-31.532848824850742,16.462997,2.219678,0.22516240900631027,1.9654577332518726,-0.30446218591537083,4549.3135
4043886256661757440,270.2371034447972,-31.57422971907886,16.4633,2.3146,0.16761546050471995,0.02538446846445999,-8.686382373593448,4450.044
4043790083752595968,270.116356012029,-31.70015869019358,16.463356,1.4678707,0.671762650446439,-4.8792530511285035,-3.581087144484897,7082.504
4043789877779813248,270.0374355351184,-31.707811547035174,16.463972,1.7216406,0.5988199920538478,3.7620328277897843,0.7367594058313622,
4043806610964064768,269.9675339360159,-31.568855173178303,16.464155,2.563284,0.02579483059361963,-2.5397669884796343,-9.340397644257365,
4043787511157032576,270.1851744695792,-31.744243508253234,16.464188,2.0076666,0.07636130895330355,-2.0423743159025243,-9.271200413021011,7804.763
4043789430917451008,270.0422669446651,-31.76116047069391,16.464207,2.17478,0.08136326551761372,-1.247404824650748,-1.3731681505329023,4581.0693
4043790981489767424,270.1805229488439,-31.66113798876161,16.464256,2.1186504,0.33586959137038275,-0.656234624422802,-2.92893026075683,7761.4165
4043886772110321280,270.26497517837095,-31.53213865060103,16.464289,2.1233816,0.030031336032305633,-3.4624371453337317,-8.339499799683542,4704.598
4043796715188415616,269.9178121926209,-31.695937142832154,16.464474,2.5100527,,,,
4043805962342817280,269.913885299638,-31.61672258927416,16.464539,2.119214,-0.42143925593773784,-3.291871347483169,1.0509099499614352,7918.9365
4043902714976962048,270.08496238360084,-31.44035779790811,16.464546,1.5460901,0.39235061725172504,0.29940977580888856,1.0256814979074336,5078.843
4043809707502097152,269.9965894723068,-31.46332348107857,16.464571,2.8857737,0.21846700732055443,-4.280745100971579,-8.139955585648792,4681.241
4043806885671328640,269.9397391897083,-31.538670186416212,16.4646,2.6216164,0.06395770719566247,0.1785608540592607,-8.635419691896098,
4043885539472664192,270.2638384414575,-31.580401458384557,16.464684,2.1221428,-0.08615290787740247,-1.3231787078055106,-3.4446784643192743,
4043802281459764864,270.0229012123253,-31.663703310559423,16.464796,2.283101,-0.2818756715685437,-3.935819553492865,0.24393197178572915,
4043787682954729472,270.2230417518541,-31.702221317931095,16.464825,2.5442257,-0.07897449766104389,-3.02731492257929,-5.292222604162864,4628.3887
4043886668973135488,270.25870673375306,-31.554623137164857,16.464924,1.9724417,0.023081509031637283,-3.79659765013506,-3.052408071661814,
4043802766886325760,269.9711064508108,-31.651660137514128,16.464933,2.7304811,0.139018960423845,-3.627107834313774,-4.894362519394153,4701.9517
4043791668632565120,270.13108972556626,-31.654908194289913,16.464998,2.148118,0.0733251054621025,-5.30123542311835,-5.154239885592497,
4043898695046172288,270.1639263374354,-31.487553382189517,16.465012,2.01122,0.08990147555347482,-3.5455373159844537,-5.270507526422807,5223.5137
4043899141724211840,270.19676722892484,-31.457746528230487,16.465036,2.1394987,0.06794982771656385,0.17386468568609478,-8.08956098416649,4641.8774
4043790324270793728,270.0927160253204,-31.67797427694595,16.465088,2.5197983,0.1435833671006958,-2.6594151084374777,-8.587539263247955,7344.2144
4043788503210623616,270.11008423252844,-31.760596318422646,16.465462,2.3944702,0.27115566472564046,-1.136021475228294,-8.420295122121903,
4043802453432580992,270.05082662366493,-31.62640582037954,16.465904,1.4596167,0.5189440100229672,1.0727928293476376,2.4250600605456296,5438.3057
4043885024077635456,270.2617605897195,-31.64318743224697,16.46595,1.973072,0.34443244437298337,0.64733534820489,1.859206822231019,4834.921
4043902646252238208,270.09980158944904,-31.447598061602356,16.466248,1.733531,0.5453928059383455,2.311060864031692,-5.801008440196965,
4043801147594936704,269.8459025101603,-31.58826316325764,16.4666,2.6121874,0.13430432171370799,-1.7091457893294857,-5.211554096271493,4723.814
4043808367523037312,269.9866864379283,-31.515786280849237,16.466656,2.3210564,0.16118854872641264,-0.8415020548675098,-2.257632322301124,6742.559
4043806232836254720,269.8940950466453,-31.59433028913412,16.466864,2.6130886,0.23836067181142823,-1.1840164179720212,-0.8028621360170015,4719.4336
4043787545515776896,270.1971304051728,-31.724206573225445,16.4672,2.0607424,0.24053677491101513,-2.291821818108586,-10.31469072012135,4975.7153
4043885088477842688,270.2557068181028,-31.62157801032034,16.46722,,-0.0708391581538206,-4.006440449143488,-8.382203473222072,
4043809119257276288,270.0398351818074,-31.443281857016302,16.46725,2.2469015,-0.05970404293815477,-2.760950175832753,-2.505588382279977,4855.5537
4043899111575453056,270.1818230517038,-31.470833162301208,16.467382,2.6001863,-0.07722859306428857,-5.519217850817826,-3.1137282962405415,4557.948
4043805790546058496,270.0825035742802,-31.492207794299564,16.467464,1.5355501,0.3507216900418627,-3.9776750320807848,-3.0019833968111898,4941.4653
4043886570265276032,270.2379199551816,-31.54011024230721,16.467491,2.2290354,0.15954687130810308,-3.1363281865363013,-10.096557698956536,4848.6655
4043795688776736896,269.94161810526305,-31.748498806800836,16.467642,2.028246,0.16080399167340836,-6.157781438568894,-6.666690133921509,7039.9946
4043803656023562624,270.0833194064059,-31.639480420247303,16.467676,2.1738138,-0.22989342650087166,-7.465563390996443,-6.599377562548585,6950.129
4043787545516786816,270.19997103832577,-31.730847810700357,16.467775,1.8978224,0.11707496089583705,-4.945439651754899,-1.1899902605279584,
4043809669012067200,269.96220026364665,-31.441196366952845,16.467855,2.8506804,0.6589352619352065,2.622156328308916,-3.2432135137436546,4673.4536
4043809737529844864,270.0100444664023,-31.44472597287234,16.4679,2.596222,0.09398060143734774,2.656543116821886,-3.548079033269575,
4043803690209072256,270.09657053139944,-31.636109208156853,16.468018,2.3810024,0.1992485542311468,0.955184497335475,-5.207774656686845,4578.3037
4043792562039134720,270.1823568828918,-31.58020587637079,16.46807,2.2744465,0.20767606758745913,-0.4610181291321081,-3.6708211955758765,4538.049
4043898767926072064,270.22244336742745,-31.511681259442266,16.4681,1.3588762,0.4838687419926951,3.570089279499712,1.6600168348668487,6021.5347
4043809084688148096,270.0311758387128,-31.447929267270027,16.468807,2.2808065,0.18458907883914857,-0.20715629307903463,1.0326306136385461,6360.889
4043787678570915712,270.2196565918791,-31.69657067021228,16.468819,2.8298845,0.07446611987340034,-4.3298057210602146,-8.454231086427518,4771.5337
4043899038505665024,270.19593126298355,-31.48408717112842,16.469067,2.2933521,0.14776196214536613,-4.114702185972877,-1.2978914620326183,4978.3657
4043804244353792256,270.1368244280269,-31.58913860293212,16.469183,,0.279888077673944,-3.733721175176279,-7.869532199953275,
4043783417995574784,269.99831262595677,-31.793856228663778,16.469193,2.159542,0.1927350232714823,-1.0249840092481404,-4.095932119708284,7943.5327
4043809673193411584,269.9656305264637,-31.441909311890864,16.469223,2.5456696,0.2498313708321441,-2.2128513647163466,-7.314857228994533,
4043790053778036608,270.1083324439951,-31.702120119192546,16.469301,1.9261293,0.06691227071397479,-4.565401441396191,0.0501331803818232,
4043785827529778688,270.16206410192933,-31.776945424648986,16.46932,1.988554,-0.13463879783359575,-5.071160045389033,-2.200177795658496,6870.792
4043789469662433792,270.04793342740487,-31.754731147915933,16.46938,1.4810009,0.2896941093052435,0.2606155370913239,4.573424675197028,5332.0054
4043804553591609984,270.09391112482723,-31.563681517598067,16.469482,2.4168234,0.37524458020643203,-1.5987672469346723,-3.439769912327339,4862.8496
4043885054118228736,270.28328973678083,-31.628835425450614,16.469496,2.1002445,0.3500913830274658,-2.8478954835545864,-10.265034331144975,
4043997174250769152,269.90587847083833,-31.46730113573093,16.469976,1.9028378,-0.4151047309355141,0.223420455884714,-0.4261299360848868,
4043899695691517696,270.1067041041713,-31.46217047879623,16.47043,1.9657154,0.6582076188774073,-1.3934599666127137,-0.6308823834077568,4831.2563
4043783417963163136,270.0060700265517,-31.795476276915583,16.470533,2.140215,0.1674886540842418,-4.423585954391385,-3.834863405706496,6717.867
4043804106918174592,270.094879281105,-31.588485071641397,16.470577,2.4819832,0.0705479278735871,-6.6117759332714305,-7.382691060330723,
4043903062946294016,270.09541132631443,-31.41438892449163,16.470596,1.9082117,1.0522773819865268,-4.798558629476859,-5.2537034251065045,
4043788159607292032,270.2690408425328,-31.667445140343432,16.47064,2.0548296,0.07238577005055662,-0.939678504428543,2.2955839700784852,5091.1533
4043800224263271296,269.86978173025983,-31.634611202428893,16.471169,2.8333874,0.07440243326360901,1.3472878450268169,-5.4340994799537174,5053.667
4043803277892238976,270.0275250262508,-31.612521417178243,16.47146,2.211708,0.19735852211034374,2.861773798965394,-5.380623294928551,4755.394
4043796131062774784,269.90415144642594,-31.731413778684292,16.471529,2.1213818,0.21372182715390275,-2.778193680876565,-7.670271627288715,7176.772
4043787476797262464,270.2067121841023,-31.73746082047976,16.471943,2.072524,-0.3761915028188012,1.9653960832997706,-5.810716448006829,
4043808431859588608,269.9787792852091,-31.505121519133855,16.472248,2.7962399,0.18806165672875372,-4.643918660040962,-9.201597268010955,4776.828
4043806370264974720,269.9130275433258,-31.575237623419657,16.472261,2.7527552,0.11182372752618522,-2.251418780270815,-9.712848563322748,5549.561
4043783456705278208,270.0239794650125,-31.789320624421887,16.472462,1.2677565,0.164296403233338,1.7143341406483978,1.6506992654396584,6239.7227
4043886978237379456,270.25940742629615,-31.520248786358703,16.472609,2.0796537,0.11166562211496381,1.7079273893402949,-1.945769049020937,4897.3184
4043807508530686976,269.916934349809,-31.552064299085096,16.472645,2.783454,0.09371441588746121,-4.365544971631911,-7.12065009962258,4648.7964
4043791703044321408,270.1566786983158,-31.660222506505885,16.47265,1.6589794,0.31025103964874107,3.2673737571792105,-2.256295143859033,
4043808981615611648,270.0246263230008,-31.470759094081625,16.47296,2.861125,0.05323980558387324,-6.70562828408128,-8.292577196974104,4650.6216
4043799708866705152,269.84052848642597,-31.667204280835755,16.473038,3.658513,0.17378340320881525,-3.2073262004893697,-8.884067219056428,
4043792046641867264,270.1239810764703,-31.622007529195518,16.473267,2.1062908,0.09411082467580001,0.20081127272700025,-5.863208980990961,4972.892
4043809290853223552,269.9845107691705,-31.487079399309216,16.473274,2.9086332,0.06120704074580902,-4.718570029076235,-5.066505811129743,4747.342
4043803655855691648,270.08633285963157,-31.64571405411762,16.473518,2.4544258,0.060624448632334,-4.084086057555848,-6.221390140854288,4695.6294
4043802968660827264,269.9526076106727,-31.646413341342083,16.473938,1.7430525,0.3224037838674858,-1.8228073292866684,-0.3270277312404841,6725.365
4043790156857323264,270.11356668662705,-31.67862949864081,16.474005,2.2835855,0.10520142798753039,-3.1399947946112,-4.577137223192878,4668.553
4043801529935489792,269.9898826152075,-31.724769264634027,16.47411,2.2066202,0.26391596531939804,-2.1441282954982204,-3.679352829909522,4865.3706
4043803862183938304,270.1016928314327,-31.608042074728214,16.474236,2.2182474,0.10064224330813931,-3.2091712166902333,-3.5483536822289223,4820.1772
4043805343865643776,270.0956818483556,-31.545346743538854,16.47441,2.1418867,0.20733929829339326,1.137640390925845,-2.7030430288547658,7472.698
4043791458142222592,270.2273089207997,-31.627621892156768,16.474579,1.6592045,0.6702950527534086,2.0771728965954845,-3.77522848192676,5254.743
4043805068987829376,270.0396748602749,-31.564252002334534,16.47488,1.8808899,0.34859842426783205,-3.214315573782351,-5.3214013775596225,
4043902616331737856,270.08824198973076,-31.46856966005632,16.475048,2.114005,0.195910302223333,0.10963591511103896,-8.112257635922237,
4043898905416519040,270.2366864514018,-31.490827295074524,16.475054,,0.6230006329547457,0.8511546985815077,-4.464210023548559,
4043886432826279552,270.21638332686183,-31.563909553337986,16.475113,1.3394823,0.12762380771316262,0.05113903800184765,-3.82118213118825,9670.328
4043802217130316160,270.0654530505734,-31.6509002678701,16.47523,2.2472467,0.05579319427867115,-2.846408371943897,-8.277379211680477,
4043806748222109056,269.9241855954046,-31.560075063802273,16.475769,2.5621738,0.10713094589027355,-1.472005913236304,-3.6666735027517086,5489.903
4043808711120324096,270.04933004241593,-31.488528389851897,16.475946,2.2066574,0.15791904989320846,-4.953893395123311,-6.0439200978869545,
4043808195673275776,270.02309022510224,-31.534979445124343,16.475958,2.287324,0.158406057202628,0.4062421063992604,-6.42537329620434,6000.929
4043788812624315776,270.1320667873056,-31.777883772428133,16.476067,,0.4048986770960934,-5.023829062995757,-4.605901864926226,
4043788885494931456,270.11563564285075,-31.765540831875704,16.476248,2.056857,0.15315559232279394,-1.5010403625170365,-1.647991012880797,4745.062
4043807817768489472,269.8943697344483,-31.52177518791451,16.476276,,0.8064922727585202,1.189271206288224,-6.793173526566593,
4043809329595824128,269.9919814636417,-31.477799876282305,16.476347,2.8094025,-0.022625172728854455,-2.0762845678525053,-9.68520756173327,4671.1733
4043791874843088768,270.12687496142485,-31.653251665701585,16.47636,2.1310844,0.12046429867816602,2.4068451662748163,-4.506937858429829,
4043806546407162112,269.98679394847323,-31.5745169397739,16.476488,2.7620363,-0.003488532672436352,-2.308121335936112,-3.046078107381833,4687.668
4043803552770180096,270.0141983599609,-31.58434853670136,16.477022,2.2133875,0.17811400031004188,-3.0157471901418194,-3.291979437520402,4938.409
4043809084688145664,270.0423648335116,-31.453783050503944,16.47723,2.6003752,0.33892700979909196,-2.913509843432707,-7.345191594914722,
4043802590703711104,269.96045649011285,-31.669906936230568,16.477316,2.5284653,0.11017652262229495,-4.555977212660455,-1.9459479329865612,4581.2305
4043808642349924096,270.04913854582105,-31.497989154152656,16.477936,2.250883,-0.012519731173646468,-2.2847196763360484,-6.117300735693618,4773.787
4043804209943071360,270.1275779007952,-31.595864796265445,16.478128,1.481286,,,,
4043792630757417984,270.17673323126763,-31.577834529783544,16.478178,2.1481524,0.01680536086044693,-1.8481540735827318,-6.960753162926839,4997.627
4043898832320937600,270.20509692907257,-31.494480169871785,16.478193,2.1400099,0.12695308649027476,-5.043847646793349,-8.48045788070398,4906.756
4043885328948347776,270.2459445010967,-31.60730050140463,16.478643,2.1635494,0.2591737731442612,1.2147987434612573,-1.452880211591097,4643.318
4043805481253719936,270.1213183495373,-31.514103938665784,16.479254,2.125124,0.17760876427571373,-4.097738844928855,-4.196350368679934,10475.77
4043788438869997056,270.117675562832,-31.781844858289844,16.479351,1.928215,0.23048475038203672,-2.3936603782246646,-1.1330335150412265,4797.2817
4043809844991913344,270.02192552294156,-31.44757386516669,16.479673,2.6670694,-0.04801345155503206,-4.345379866985217,-6.746110325423812,4666.816
4043788507589515904,270.1100483582994,-31.776843223631445,16.479723,1.4895144,1.2853839998080616,-3.4649601797887284,-10.813188663732944,
4043796513410654592,269.911075644605,-31.720060913858987,16.479767,2.2513418,0.15786816130804138,-0.5373910215937729,-6.185389208874639,4869.13
4043804794058886784,270.055834472524,-31.58971279320622,16.479826,1.947607,,,,
4043802457597845504,270.0507112834217,-31.62880213346681,16.479874,2.7320738,-0.03157192988894627,-3.232518127594075,-4.601280513702952,
4043899352093613312,270.14548845105816,-31.503342278431226,16.479897,,0.1881156712356207,-1.924676398292522,-5.506057990464608,
4043808023926966912,269.9152089610775,-31.493888293701698,16.480108,2.6348743,0.16977256188225626,-2.7987435973283232,-3.573459230410895,4620.146
4043799468348454272,269.84084217799364,-31.692217980530454,16.480227,2.6659365,0.13054208713636667,1.2405353728168025,-1.2194289873559438,4581.854
4043804759751204224,270.0367456694185,-31.593452593718677,16.480305,2.4648514,0.11043291353470622,-4.808845698461624,-8.655897779777625,4727.4277
4043995731094307456,269.878154456911,-31.483823390403067,16.480316,2.2390957,0.24794888124847517,-5.165948854545933,-5.671145758253512,
4043790874033083648,270.1745235900228,-31.67836699223902,16.480324,1.5757351,0.42863649428725475,-6.202780267362009,-4.618323199313794,5532.198
4043806855694499840,269.9749193205363,-31.53876118883757,16.480331,1.9775887,,,,
4043809634465941120,269.95279340306917,-31.45240778049394,16.480356,2.7233667,0.02252867444253605,-8.920376954164057,-1.067652044387751,4805.2812
4043803797677167104,270.1166241177618,-31.616469108725212,16.48054,2.0635767,0.2797963991312221,-2.826954364948885,-1.3295157612806305,
4043899901849459072,270.1964052929358,-31.454490505706847,16.480719,2.1428957,-0.36641998322624153,-3.446193894697793,-4.3970558458334725,
4043802728308391680,269.98082802466547,-31.649595718312117,16.480959,1.5066137,0.6497035160710085,0.9903026273110023,-0.6918365402574922,
4043810081330106880,269.9820073706295,-31.4272342615159,16.480968,2.2550068,0.08148250122637936,4.024376859759632,-4.116412226594713,7374.7744
4043804961526068608,270.05799965455157,-31.559160281988074,16.48122,2.3930445,0.09391178159641562,-3.587778750414723,-6.993121260030506,4541.5703
4043796783897837056,269.89815302557423,-31.70795365732861,16.48133,2.4838076,-0.03453408576742075,-2.768398196569221,-6.932119360117348,4722.7744
4043899695691448064,270.1107385669685,-31.469447165701045,16.48153,2.3760653,0.04048280641025562,-5.221987815087868,-5.693399186272954,4672.327
4043802350179251584,270.0067144088127,-31.655530239544905,16.481657,2.335662,0.2529896496835739,-4.44776098845011,-2.277531280030957,7506.175
4043789224945162752,270.13203268628035,-31.719860640960786,16.481726,1.4546604,0.5486741356463168,-1.2775937480539679,-10.85675897243166,5348.352
4043886535855488512,270.21632512164837,-31.548867994731093,16.48173,2.0869932,0.19365706224566556,-3.351287444804824,-2.9336733759384455,5927.0825
4043792282782386304,270.2155567238484,-31.610570215534636,16.48207,2.5032158,0.12448422186388779,-0.06333505558617722,-6.37819677825526,4714.6714
4043902650629084416,270.10060089919267,-31.45808466029589,16.482107,2.1278362,0.042367007968093284,-6.36772981469664,-3.801072386654228,
4043885298954435200,270.24274993609583,-31.609835622379318,16.482302,2.1884336,0.1158033250110249,-3.4835298559816,-5.824559203205363,4906.0664
4043790637892259840,270.20629088414995,-31.701937843117893,16.482464,1.5554667,0.6336668295295186,-5.007199779527742,0.9226997957059764,4916.29
4043804965908603264,270.0536534673286,-31.55621746120662,16.482914,2.3515768,0.30669337564747146,-2.8735124432937216,-7.423199771539938,
4043899897638590080,270.19488020788714,-31.45435138059125,16.483665,1.9646492,-0.17991380650481345,-2.181227129864513,-6.1479067286261095,
4043805481255072384,270.1200174261257,-31.527102304682675,16.483719,2.1164837,0.1663352842143915,-4.647240465567052,-1.3956491807950557,4830.5376
4043804347382024320,270.1559437085264,-31.5715815696691,16.483921,2.2319727,-0.08180242952295343,-4.628750848589061,-4.245283527081447,5037.7534
4043801972228441472,269.991240882621,-31.659779772212953,16.484026,1.6143541,0.37530284878835274,0.45102480138648776,-3.4586516042329376,5086.1533
4043792042257774464,270.1262022570217,-31.626666958425336,16.484043,2.237773,-0.17496392879669603,-3.8494240035038683,-4.644836860422768,4656.0728
4043885230184724352,270.2718787593628,-31.600438524212276,16.484072,2.3624659,,,,
4043807714689233664,269.9168752248712,-31.51719552507803,16.484322,2.5153246,0.14869546229832747,-1.6283713231420385,-3.5301024927630222,
4043802006588224000,270.0485770798246,-31.68367521839663,16.48443,2.3848333,0.10375744334012893,-7.401544542912027,-1.841213518516195,4822.274
4043806477738384896,269.9384986237579,-31.58105723876167,16.484503,1.6703978,0.7317778381811945,2.597783943746543,-1.691916424159008,
4043802114051102848,270.0395816321206,-31.667576575774483,16.484621,1.7351294,,,,
4043809192105963136,269.9724435713523,-31.5004115643741,16.484629,2.556796,-0.010309715664443227,0.18393021933529582,-6.896106101073452,
4043808333112368000,269.9752663885523,-31.535753483263136,16.484692,2.5354795,0.15067385301039377,-3.7056947392177517,0.422777279605483,4806.271
4043791943562664192,270.1052565885804,-31.634257501515272,16.484907,2.455556,0.017432788301926454,-3.6419036664444318,-9.432081800509907,5014.8286
4043789774520896256,270.0405464221985,-31.732409680593126,16.484978,2.0464888,0.20812096498414617,-5.264874896451139,-3.2361305312470168,4977.631
4043791599965111936,270.1358922741853,-31.6749498877171,16.485004,2.1073418,0.05489235755075007,-5.153715807935366,-7.229980690188872,4706.51
4043789396741791744,270.0515304462405,-31.754551689668137,16.485054,1.4453688,0.7231473119451399,-1.78256478612667,-5.1327162094676515,
4043902680629221504,270.0758980264863,-31.454546771406108,16.485245,2.3862267,-0.7225759288424557,-5.533375304448525,-3.1802885726152894,5103.5107
4043804691030536064,270.12833240224813,-31.54368443114057,16.485344,1.3574448,0.4078778775325568,3.34193818926117,-1.6177223615268912,5465.287
4043804244302796032,270.1424179568304,-31.58689062081193,16.485344,2.296009,0.22182251178684767,-4.775501444288865,-2.9819329669279693,4898.273
4043902685051308800,270.08288836212677,-31.456770457406087,16.485403,2.1116266,0.3892112837154072,-1.2577312068708326,-3.519900601197639,
4043803827654401792,270.11643865244736,-31.605412013953444,16.485437,2.2863674,0.21748876421175206,-2.913183423797751,-6.15042285888796,7168.3613
4043898321301117440,270.16743007763597,-31.52988519964027,16.485445,2.1758423,0.048138635491249644,1.3283388041526267,-5.493136119230903,
4043801078875143040,269.8640020097421,-31.610559392909018,16.485592,2.7897892,0.5302037480654569,-4.347554090961073,-9.03809426727324,
4043802144027191040,270.07059068828335,-31.664952878866686,16.485699,2.251319,0.37558428247144976,-1.6884372893010233,-1.899465810617424,4642.683
4043808432059824512,269.9773703316825,-31.517121186965994,16.485786,2.0678682,0.4486481969117134,4.825861501552175,-6.131383740383784,
4043803625829324800,270.00594509377623,-31.57800246450504,16.485882,2.34933,0.15591928520914,-2.711284172429947,-6.792663910203521,4769.119
4043790088086189952,270.11965693991164,-31.688471029677345,16.48592,1.5406303,0.30545905777469834,-1.5079854096475822,-4.988269617212888,5462.0264
4043788881167756160,270.1234414571695,-31.75939864233782,16.486244,2.240717,0.15062196879270576,-5.04522743736475,-5.062324418872044,4793.233
4043790942746083840,270.1675360616708,-31.678300957857,16.486689,2.25877,-0.15921262251314733,0.755858016516726,-5.256349133473534,4884.9
4043809015968664448,270.03723315436025,-31.467484262339017,16.486725,2.6304703,0.1150135092629727,-6.384131935418422,-5.888196551791592,7994.5957
4043898763601357952,270.214463988399,-31.508333234221443,16.486872,1.3170652,0.2924928591052591,-0.903152471720514,-3.085014502646494,5429.8545
4043900206877437568,270.1474489130758,-31.43312547905213,16.486893,2.570716,0.09144487358949177,-5.214309654314703,-2.385661594388512,4602.395
4043898664898585344,270.1879428276853,-31.500591976183593,16.486952,2.570053,0.03520912823573183,-5.253890542017619,-8.661323131617731,4635.4272
4043800220022150528,269.86352171018393,-31.642755735738387,16.487848,2.7004147,0.22117771622318255,-0.954974137634452,-2.594424784305575,4704.9907
4043899455121570176,270.1549159751517,-31.481515909882905,16.48813,2.0866728,0.17679075967052132,0.07625724035871101,-3.3684044912628215,4830.3574
4043803247922664448,270.02446900089944,-31.616112804918558,16.48828,,0.4830325594729569,-3.301456624561429,-0.8720066983171791,
4043898488886759808,270.1530794926054,-31.533364738703106,16.488375,1.4618263,0.37137946152086343,0.1311415542660496,-4.989100111842088,
4043809810699345664,270.00843079754856,-31.443676285526642,16.488514,2.2902622,0.13819221672399354,0.6573216346128579,-1.324478050431424,4602.352
4043886359740973056,270.2379394596124,-31.545402977021087,16.488794,2.237648,0.20452661432719446,-1.7816012989116952,-0.25742303655493126,4498.0737
4043806786925579264,269.94326307465764,-31.55369033226828,16.489126,2.5466099,-0.11552416619953067,-5.368244899018974,-2.5182033233757295,
4043785896249261696,270.15651217147297,-31.778823098764242,16.489166,2.0582743,-0.40432973588025145,0.5708351149655608,-5.907864569386233,4457.0044
4043802010920984448,270.04684562799247,-31.687544598967794,16.489191,,0.018946629719044594,-2.655477802091014,-7.000453974174417,
4043789121705995264,270.1154795651565,-31.742392391206216,16.489407,1.3482018,0.4708638416838134,1.0863938620402052,-1.9642608462644517,5582.7217
4043807263628374784,269.85991983247226,-31.56659209162752,16.489414,3.263606,0.15640110580572386,-3.5126117335676184,-3.35930784071284,4238.1265
4043886119222326016,270.22031239892453,-31.600997718265926,16.489592,2.2240543,0.06783421954216642,-0.23818661314019854,0.605755336868572,
4043802247106403328,270.0663693773119,-31.64975367950898,16.48969,2.3192348,-0.049617131939684284,-0.39524670256991645,-5.3905546901985275,4829.0557
4043995147027430144,269.85697846888513,-31.516298957897035,16.48995,2.4956818,0.2988096807714948,-8.93018569916183,-6.949581971281212,5323.941
4043789366531510784,270.04021698955125,-31.771125815846478,16.48995,2.194334,0.46879989112059894,0.4659147187594447,-3.7275172936713217,4791.1255
4043809119257929088,270.0443945256363,-31.435129275975275,16.490112,1.6386528,0.46184973267227025,-1.1055116437848027,-0.5887930205810246,4787.8994
4043899794558832512,270.1226027388096,-31.456623841899958,16.490116,,0.4885997378006859,-4.809920865434269,-1.8858489012841229,
4043995662423537792,269.8918987486003,-31.48156841574332,16.490303,2.3936749,0.14515691112163057,-0.5420612284052437,-3.2873282295856106,
4043796921512417024,269.9117757794594,-31.68362919584219,16.490446,2.0171518,0.10013672563789373,-2.680181620357524,-0.12710453530210924,4978.3247
4043791187648111232,270.2516114105373,-31.644224260355667,16.490458,1.5394821,0.5410452586365011,0.45535448245214805,-2.1514859361602454,5403.778
4043783559802051072,270.02796093868005,-31.77514326447752,16.490578,2.1228085,0.08879134373506511,-6.5380295590718704,-8.255922454175574,
4043899828753712384,270.1343343508144,-31.4443084720888,16.490694,2.2196598,-0.06466191929337621,-4.6411738074750195,-5.548647896417233,4714.1123
4043804102532639360,270.09661511078866,-31.593284543979976,16.490765,1.9800358,0.39985126504533064,-0.7645172104837876,-5.113476363547584,4929.2676
4043796406129545600,269.87876165090483,-31.716194282644352,16.490816,2.419118,0.37964628364625164,1.899191749018105,-3.3797917978597614,
4043805476915586688,270.1305429034209,-31.519623013780308,16.490873,2.1006193,-0.1508579934518931,1.231179847267609,-3.9353523886589494,4682.7837
4043806546457814656,269.97950985145235,-31.569303977149215,16.491005,2.6492949,0.5763843398992863,-3.183539520075297,-8.247019056418146,4715.647
4043807091998284288,269.8919479443592,-31.58140761832181,16.491016,2.7715263,0.03410994673916411,0.5002116425648733,-9.214186936083166,4679.854
4043804794109814272,270.0520963164155,-31.588414025633213,16.491272,1.8023348,0.007416147125999258,-6.802939041573733,-6.486731131576368,6389.4443
4043792351672115072,270.1956625174607,-31.59369540041211,16.491348,2.325182,0.1366780469753404,-3.042043953718247,-4.279107841294097,4715.743
4043808019742640128,269.90672959078813,-31.488683873910343,16.491497,1.5835743,0.5510387723885505,-0.4077634860084854,-1.8497403427382841,5580.6685
4043808741097463680,270.06503842496375,-31.49213456360875,16.491533,2.3448153,-0.16337782411854593,-0.21773213814393294,-9.408354817752343,4542.513
4043887051306725632,270.2359812709779,-31.503562996415432,16.491604,1.6518211,,,,
4043803793294656512,270.1075207949261,-31.617211377402995,16.491692,2.2251072,0.17782314071860028,1.395595471313152,-2.9359118354428846,4754.021
4043795546956897152,269.97394825249404,-31.753817105559165,16.492002,2.1439419,0.16764605388684561,-3.8364683206597876,-7.730397620645177,4890.113
4043886668973164160,270.2643405860716,-31.55023626243964,16.492088,2.1910076,0.04483513503496299,-0.9340110413286447,-7.905919571918576,4705.8486
4043801942201726336,269.9981311455628,-31.672282764348047,16.492178,2.5606384,-0.28238377765831396,-4.322226171656638,-7.564230312787515,4711.6753
4043800911457679872,269.8319223256635,-31.637706294336542,16.492193,2.535039,0.15621903159922793,-1.5565726366584451,-0.5557481536112648,4780.3384
4043802354518658432,270.0159337956052,-31.645433630244934,16.49225,2.2366543,0.05767611082535867,-3.37180346574141,-2.923359427651432,
4043785483932388096,270.13841607817056,-31.79381369057207,16.492435,1.7634916,0.1530066183795702,-5.978649595172035,-6.208887434912816,7099.001
4043997307339296000,269.93194928578043,-31.436527717427897,16.492474,2.1101074,0.1436294281034737,-1.9181889176217055,-9.131246628401751,7885.944
4043802251439292032,270.0658222379313,-31.644752283981177,16.492592,2.2945032,0.17201207655371903,-2.0958998389237653,-0.05000253105546339,4869.122
4043804102532642304,270.10016681843285,-31.589890351124634,16.492643,2.380309,0.22290292316144594,-4.357669761209115,-5.251246884393169,4586.784
4043899798770770176,270.114128291232,-31.45018726986688,16.493097,2.305935,0.17316860647952537,-2.0472334617697707,-6.768165514763615,5050.1
4043886364106743552,270.2452836693001,-31.546093290122894,16.49351,1.9135656,0.11719478406435313,-3.3132905011065983,-9.55897562872564,
4043900172356378368,270.1707837841168,-31.436585991186796,16.493576,2.419567,0.5943908119623892,-2.4951680933489397,-0.8645387905039269,
4043899382240387456,270.1222161517334,-31.501905301339946,16.493858,,8.392074019046084E-4,0.6379064549066032,-7.910877022891992,
4043791153236125056,270.2367312618817,-31.66710135676162,16.494623,2.9806051,0.04915059291383038,-2.207137041693854,-6.808917274042475,
4043803351001945088,270.02086015547445,-31.59895415176146,16.4949,2.3731155,0.021665501815246197,-3.1402658453692487,-8.030249584646622,4631.97
4043808328780369920,269.9739217969781,-31.53522585963005,16.495464,2.9007082,-0.3082511559390094,-3.7080008176993235,-8.855859268487865,4789.6636
4043997341690726528,269.94325924871464,-31.438623048654534,16.495562,2.842619,0.13140750196014292,-4.804254164406927,-8.67103553134473,4568.5947
4043804308691092480,270.1293310456577,-31.56826601116284,16.495594,1.5058556,0.5000400383085147,-2.398114056953769,-3.0693531972459716,5383.5806
4043886742103959936,270.2523413676511,-31.535542299670546,16.495762,1.5604181,-0.943889761053162,-0.5435917113450814,-3.6660833142691764,
4043796410331549184,269.8786250855226,-31.716183693929054,16.4959,2.4397545,,,,
4043803140627174528,270.005468341575,-31.631483538980135,16.496058,2.3846922,0.49868300034643837,1.8133331096093117,-4.493119607820687,
4043899249016283776,270.2073452476977,-31.46135453778488,16.4961,2.0190535,0.10516181529602917,-4.571549058648032,-8.531495533977857,
4043886256661761024,270.24356434494774,-31.578036596322235,16.496195,1.9562025,0.28449954649970716,-4.838632168029544,-4.421997727838003,4859.351
4043790186837774080,270.0645370214104,-31.713487715907622,16.496355,2.1721954,0.09885220954608508,0.9383715542521083,-2.0379995977022256,7023.534
4043801559905208192,270.00096955301154,-31.699777520872523,16.496588,2.1134481,0.17222028367202785,-5.7478986886202925,-9.76285598057947,
4043790534878493952,270.1606884258692,-31.710012460980256,16.496607,1.7850552,1.7644568977058854,0.7647873236977262,-28.826948638807753,4776.6733
4043809398315407488,269.9788044884889,-31.457490706283206,16.496897,2.2179222,0.0417675324717483,-1.6954237905160883,-1.3677748261440485,
4043886501546026496,270.1913130383524,-31.54923757039703,16.49733,2.267599,0.13354504575327703,2.278873579196736,-4.853545546594924,4781.4824
4043799704475654272,269.8319251882439,-31.665034388179883,16.497337,1.710002,0.4545763310057484,1.4200813469059665,0.5357984070835677,6066.444
4043791767554445952,270.1425804750651,-31.6441786005262,16.497341,2.5244465,0.11817906312361436,-0.4769728042384885,-2.491197026123888,
4043788370150520064,270.093076742745,-31.79742763839278,16.497559,2.0072632,0.026083037828215055,-4.374717099583439,-1.7239667004685604,
4043899730051130240,270.131574163813,-31.45933881148684,16.497726,1.9425402,0.2641907337543991,1.8140127227163525,-4.341501277558055,
4043899352042388992,270.1398911694714,-31.491118985367354,16.49777,1.4288664,0.5722041534232636,3.8264014485760587,-5.238307599797265,5320.0786
4043898767928790016,270.2172725765919,-31.505219402160165,16.497786,1.8078032,0.14223762145864322,-2.5957141039091005,-9.226781672210205,8754.732
4043802075301318784,270.0266116535212,-31.675272337675825,16.497923,1.5074091,0.43573425026602375,-0.8373623586469032,0.3819005795731186,5500.561
4043808367523042560,269.9813395715791,-31.518534598411986,16.49796,3.124588,0.029362788123906816,-6.13202010690058,-6.377487648567108,
4043795787465398016,269.92821812241607,-31.727502868296643,16.498175,2.3108234,0.11262105508635781,-2.1958562439976475,-4.808670045560329,4694.1084
4043902959816021376,270.05396816761385,-31.43208484177146,16.498323,2.3122358,-0.05017929087405266,-3.320098219556238,-7.3469782139173105,
4043789018606720384,270.1424154932654,-31.746930690148396,16.49864,2.2647848,-0.08724860788561836,-0.6241986317650449,-3.4524051067314208,4533.216
4043799708866692096,269.8322169679151,-31.67809171652194,16.49892,2.8170786,0.034445506062748744,-3.2112191742811502,-1.1941535939476675,4679.705
4043791668632563584,270.1295787353988,-31.657421709891914,16.499247,2.2678337,0.313783859217643,-4.211449439268585,-4.374759799474435,4586.5806
4043803591520244224,269.9928161504427,-31.581733808688142,16.499249,2.211524,-0.7730668868225552,-0.12225697470194645,-3.3384592976385465,4784.326
4043898286889957760,270.16148762182456,-31.534306304492628,16.499502,2.007409,0.39357707259681296,-2.0964052491965344,-8.20346416353421,7656.1562
4043795757444845952,269.92554983929324,-31.731596356714444,16.499771,1.5068951,0.4519843382180983,0.6159217699766663,-5.46114274583793,5577.8936
4043806065421469568,269.92883833939436,-31.604939335890293,16.499802,1.8730612,0.4921683441000177,-0.6717341202062559,-0.40910381552809705,5398.669
4043791939352979200,270.10643030079365,-31.636558855650748,16.499931,2.3392935,-0.383962221874536,-7.374413314125163,-2.180292688065996,
4043805034578535296,270.02059285111477,-31.581322642507395,16.500237,2.0987368,0.2136471340370947,1.568691602098127,-1.927119395296498,4995.1035
4043790118138350208,270.1044758311663,-31.69839621266834,16.500301,2.0523138,0.16215383396962202,-1.2193780739565867,-5.0447940940794185,6165.144
4043799979528885504,269.90520741264856,-31.656826865187547,16.500471,2.3504038,0.04513326503142347,-2.025102153673127,-8.381847288080648,4739.3916
4043885470702914048,270.28381459840466,-31.584598943648054,16.500593,1.5904722,0.4425874099900086,-2.6194382856574894,-7.305164251432421,
4043886394155623040,270.1946679484574,-31.57064457272067,16.500639,2.2808714,0.38815112779648564,-4.499854665976919,-2.8250039222316543,
4043886226667688832,270.22361808827003,-31.57972645704814,16.500814,2.0451002,0.33077255505916847,1.6326634326040548,-8.437122264564513,4782.304
4043788469026924800,270.099758865729,-31.777942287545425,16.500875,1.6810064,1.0605685073155373,-3.8148112035980586,-16.05945526966363,
4043808058235705344,269.99684915340816,-31.55789383431851,16.500895,2.077258,-0.041361714193254115,-0.10639884473148603,-0.6665034690313447,5039.0835
4043803793294654976,270.10437223123716,-31.612561794368364,16.50105,2.264801,0.07707566092475229,0.7708004225201596,0.07330300612890234,
4043886153582540160,270.2324085153696,-31.58411022573798,16.501259,2.0971355,0.1581448759651668,-2.195070215565721,0.30241267434624414,5030.1924
4043796891367980160,269.8894375024963,-31.67736414475842,16.501299,1.3868256,0.7147352926435776,7.234844548371123,2.3852884867779993,5214.781
4043791458148674432,270.23121510208716,-31.62325004403626,16.501472,2.337142,0.05459364516097692,-2.5349081379293548,-7.2820806192013094,4996.497
4043995765452711680,269.896496423048,-31.46175223422066,16.501755,2.8804083,0.10815269286304378,-2.5724178780009037,-8.219339558473047,4429.6846
4043788846828220544,270.1384960108929,-31.754137994187662,16.502504,2.1385565,0.008124441767454273,-4.44079618879371,-5.390541781956825,4781.6846
4043802831211852672,269.93329800910476,-31.658126757987443,16.5027,2.9961023,-0.02505396033051576,-2.466841849383734,-3.6098230900714428,4622.4546
4043809806242657664,270.0023946518786,-31.437022546768816,16.502771,1.4924498,0.7945643631613916,-4.1362611773365074,-4.568445601414046,
4043788503386663424,270.1088819353292,-31.773306896685398,16.502785,2.2557678,0.07811194027911196,-2.155633757390536,-5.2606777905187565,
4043790255551307776,270.0551732148879,-31.685030226139606,16.503,2.083228,0.23552837561347903,0.07970752211102392,-3.2338502241514298,
4043902719348777472,270.0907007645014,-31.43677435899389,16.503244,2.351162,0.2913183153753121,-5.089044539594689,-7.409358116832398,4704.6733
4043899317733962880,270.12583416803676,-31.5079948889671,16.503527,2.22408,0.006685209266556934,-1.8673346134193705,-2.9514070041203735,8932.873
4043795684395822208,269.9328579754045,-31.744448997874507,16.503904,2.2428694,0.4241911608745657,-6.27171655639068,0.369980080072014,
4043795100270566528,269.9378420765691,-31.773141489392252,16.504122,1.4792423,0.5703321941415175,2.041401155329734,-0.5528248867616081,
4043790500453289472,270.19200563676975,-31.72188807704864,16.504295,1.9514875,-0.06509956524335761,-5.860352644724032,1.627200091512129,
4043807749047947776,269.93471673061697,-31.501154318709705,16.504406,2.4774065,0.2383826257940227,-4.225350726523348,0.7459195125572272,7518.1675
4043792630705358080,270.17979183055496,-31.58007595809746,16.504623,2.0165606,0.14643027038749978,0.3904972223893959,-6.6519174096954625,8831.718
4043790599185067648,270.19328304226724,-31.69981630076365,16.504793,1.7638178,1.600960567833897,-1.8051967845586008,-8.631677889499148,4610.7505
4043885535157138688,270.26388109471725,-31.578191997099143,16.504923,2.0207205,0.20334314083185237,-7.3219879404313275,-0.22336628479653775,
4043809222133542912,269.94563728455876,-31.504373167566378,16.505102,2.16329,0.3683721471253202,-0.88342061436877,-0.7367413992155809,4878.9473
4043809535754461440,269.93465174208694,-31.467417464800114,16.50516,2.9532232,0.16118617852448863,-4.84627628743546,-4.076144584356838,4603.9365
4043791183264286336,270.25402863282704,-31.65312088682466,16.505161,2.294014,0.20010598483256958,-0.5084247207800926,-3.8465829786554324,
4043899695640174080,270.10467139131566,-31.46844347973526,16.505262,2.102808,0.567262156007797,-4.499016685997161,-6.1664353329518145,
4043791325087118976,270.2119133169022,-31.652071051997254,16.505428,2.583599,0.15975409763506462,-3.9518267152505957,-4.660289835529473,4768.7896
4043801529884671104,269.9929834462574,-31.71655350645745,16.505432,2.5671778,0.06433479584881885,-3.9844998622294727,-5.193837622004649,
4043804446329710848,270.15840680483615,-31.546260681677676,16.505432,2.0372152,0.13870911540412892,0.7651673097768193,-5.254120576166576,7866.478
4043804033982379520,270.0621235067786,-31.595022559954167,16.505468,2.1828089,0.023248110533382202,-8.108259792003244,-6.214483136674613,6867.824
4043789057345386240,270.15911021550727,-31.730995352297192,16.505522,1.4175835,0.5339416169060417,0.2477647293057871,0.1110165097475419,
4043790672252032896,270.18667770587865,-31.70183549433414,16.505938,1.5338135,0.5037865963017295,2.5146703725210537,-7.000806585248681,4836.1978
4043791359446886272,270.19177152266,-31.65335624399941,16.506254,1.4868355,0.6255140626551067,2.731267100953103,-1.6218022269183834,6654.981
4043997174250738816,269.9208024171154,-31.464733468678215,16.506578,2.3435354,0.1273204063256991,-4.14510388187576,-3.973797679326276,6064.496
4043787231894200192,270.2025786497214,-31.76002784401535,16.506783,1.3666439,0.8904664031741253,-3.2981731444295512,-7.139151450903974,6122.081
4043789813259933824,270.05215115238076,-31.720571399009884,16.50679,2.2431164,0.14751226737388223,0.6916021996114032,-4.211619403434626,
4043899107363034240,270.1835486398057,-31.483327018727323,16.506826,,0.4385770626777155,2.2210674846760043,-3.905607707758736,
4043899455121538816,270.148398799108,-31.4894375108446,16.50683,2.2439175,0.18635465137623822,-2.7068281092300985,-5.117305776341392,4685.988
4043787438237547904,270.1963228748088,-31.743256665493394,16.506922,1.9759827,-0.1270809584079702,-5.119030160176271,-0.42599814931635793,5193.325
4043898561819536128,270.1377761119213,-31.52271785391294,16.507029,1.967762,0.1657361348956114,-8.197247014415805,-4.871201200714508,4902.696
4043792493318485248,270.1502029733994,-31.591691885244817,16.507183,2.6381006,0.293204975385147,-1.6163216706531005,-4.329942130750784,4656.313
4043791286343486592,270.19578514821796,-31.66542505659401,16.50792,2.160036,0.04744278558359649,-4.646689016769696,-5.154805381851048,
4043885230234756480,270.27569208993725,-31.61029075911148,16.507946,2.7326021,0.05448868466020229,-3.4281676217933916,-6.18615639312606,
4043802526317419776,270.03659633934467,-31.614883905053752,16.508327,,,,,
4043792115361185152,270.1787176883789,-31.638407475567803,16.50841,2.2899227,0.2614523908662702,1.755570373804325,-6.047113902580934,4612.348
4043899588235303040,270.1095492209,-31.47762336291101,16.50858,2.761301,0.17040861638280674,-5.9390661750078895,-6.666148812080653,4605.6885
4043899450796355584,270.1545877369043,-31.47687856585314,16.508663,2.1423607,0.5161807454270294,-6.029068566059791E-4,-2.573093007116323,
4043802114051106176,270.05002567402676,-31.659525637739293,16.508886,1.5053263,0.24568369275931123,0.8184731357911391,1.0516875698576407,4886.761
4043903028586585344,270.0881247596175,-31.417454461716066,16.509,1.9457264,-0.07765016755042217,2.0615263151753234,-7.143644441115681,6008.9233
4043809192156856704,269.9715249045602,-31.500351017687578,16.509436,2.809616,0.22301278307529654,-6.001035722459391,-8.00488011824979,
4043807955207483648,269.91966952090667,-31.492599852072175,16.50957,2.590312,-0.14422062283965215,-1.2836776637127907,-5.365714600968953,
4043886982582245120,270.25315660078223,-31.511195022066357,16.509985,1.9872217,0.15034489615027166,-4.351411657287292,-10.28335039983365,5093.1973
4043802492008346112,270.0416262103416,-31.628954476669307,16.510105,2.677084,-0.0769822883672336,-5.11206224958165,-6.300770547884739,5310.1753
4043802659423184256,269.95582274114213,-31.66796404297367,16.510225,1.9549742,0.1304847394756549,-5.297886711267748,-1.0753662218547877,
4043804411770315904,270.1419379077031,-31.557728120714888,16.510235,2.2425737,0.03253495120688979,-1.1711367746861139,-3.849517988318479,
4043783349249239168,270.01486950737564,-31.801607434803604,16.510525,2.1581392,0.06131089124840882,-2.6917276127339096,-0.6489592787995656,4999.57
4043808848508400000,270.0738605752538,-31.46349739696315,16.510534,2.3577204,-0.5383038984199562,-3.775596150243448,-0.4943722066472805,
4043886222296415104,270.21753435834614,-31.572385703540387,16.511034,1.9076118,1.181918519311026,1.2615975640429153,-7.957569187567273,8299.062
4043799811894443776,269.8745214080438,-31.687405138492654,16.51112,2.5505886,0.2754384769883741,-1.8399198274626807,-10.145828991382436,4767.6953
4043805824902185856,270.08981886777576,-31.486601331339127,16.51129,2.196741,-0.004165534760259837,1.2480709812735558,-9.545398123631065,4769.9834
4043805545641661056,270.1116461256937,-31.514584896573457,16.511497,1.4709826,0.6007817376588029,-2.8750571739315256,-1.6550447719347954,
4043789435302716160,270.036362966873,-31.75689690292312,16.511509,2.0811863,0.04210704210035844,0.3055640435947371,-6.202282153122798,5221.481
4043898493099819904,270.1558354400714,-31.538455188677826,16.51195,1.9527292,0.6444518988956878,-5.082129884913203,-11.67671435362805,4897.2617
4043791629947284608,270.1205995780444,-31.675648254061695,16.511969,2.3186512,0.14943367012685638,-4.54401563387233,-11.277167673655466,4782.3438
4043802453432583296,270.0479685907467,-31.629348158458043,16.511982,1.5225544,-0.5555474171323783,-2.97389597323476,-2.77545480111259,
4043806031061714688,269.9365088280073,-31.604581598316024,16.512016,2.450449,0.14300298026724556,0.08330191802939585,-2.1805166233843294,
4043809084897277952,270.0343744843792,-31.460241042072113,16.512096,2.2054243,-0.1999196501177846,-1.0787673412334924,-7.250770088465979,
4043899661331712000,270.1056488296739,-31.473533017078232,16.512184,1.4889622,0.4086078878091755,1.3695285537909232,-1.4612352848855485,6003.272
4043898630487468928,270.1790938624256,-31.504149754348997,16.512197,2.1454105,0.4558116043421039,1.237025828312915,-1.1021508901430568,4833.45
4043789744488966016,270.0167562097702,-31.731295291829763,16.513107,2.2854118,0.3817340659058783,-0.5740092439257991,-7.551812491393992,
4043902891209960832,270.06703623850836,-31.44843397729809,16.513266,2.1530657,-0.26968532687714747,-3.8448007122299606,-4.105017233992448,
4043899523843293440,270.1364074124284,-31.478355471983885,16.513357,2.3353415,0.13135492770656643,0.8116622781823529,-4.835736678133459,4571.5576
4043809089077590144,270.0412267687704,-31.45455094175748,16.513433,2.2452946,0.16649093402849918,-5.200703300335005,-6.846561942943788,5006.651
4043801804813514624,269.9705341543935,-31.694926852071085,16.513538,2.2147732,0.14626096306363695,-1.9486937915984728,-6.02583423103891,
4043899725674358912,270.13960245310307,-31.463129558622818,16.513557,1.9714441,-0.2069857283705479,1.0190613956041048,-10.348229553329745,5225.6104
4043789293664814720,270.11834026073603,-31.720650421371957,16.513678,2.4588032,0.12420677696634688,0.5831010517406976,-3.448307367945556,
4043785960768797952,270.19251137111667,-31.756840390260276,16.513836,2.208252,0.0447246082746659,-1.4411708911204932,-7.632908150408097,
4043795276459862656,269.91869837487656,-31.772383064964092,16.513935,2.2795563,-0.4868110257524168,-1.2324120005061712,-7.705016850050178,4824.564
4043792527678127616,270.1824868320818,-31.600210532557142,16.514011,2.2898664,0.06302109070385134,1.3114067979513748,-8.985864991163044,7579.6167
