source_id,ra,dec,g,bp_rp,parallax,pmra,pmdec,teff_gspphot
5596240651816182656,120.3963391748379,-30.591738503293026,6.9445186,1.8489885,2.2710805081109786,11.936215713620554,15.67253463170156,
5596239792822727168,120.3991749729175,-30.620574113660172,7.4579864,1.0841522,3.181141312318431,-9.368376437744306,1.250197830770315,
5596241442090152448,120.39836290947068,-30.535189643376615,9.162965,1.347249,1.5500088797299556,-12.879452997986451,21.575752912378217,4883.0415
5596240548736972544,120.39221967563063,-30.618224087851104,9.51425,2.7093706,0.5697174199694577,-3.1564115578667424,4.546319025746765,3541.83
5596235532215484416,120.53202392861847,-30.71563999606822,9.551948,1.262927,1.5025483042326755,-6.130518548218893,0.721809572148978,
5596245084222352384,120.60626645939922,-30.537766363974182,9.685847,3.6830864,0.3741723980050944,-4.192536104493415,4.3274597321127946,
5596248588915656832,120.57897337204574,-30.459656864190233,9.951603,1.6886959,0.6524065793165281,1.4051013423929009,-1.3729827219601138,
5596229313102671616,120.72517564601357,-30.676034805886328,10.007516,0.2331562,0.2783610391765295,-2.4932800103004347,3.1623625351305833,
5596991412095476608,120.33367095529294,-30.590548105975053,10.0175705,1.9366684,0.5573641551571307,-5.390971369531576,4.995252445002717,
5596236528647574656,120.45116075683654,-30.651563928051996,10.539953,0.32650566,1.6836136105802084,-6.302747562635574,10.65719781308518,
5596243744192767616,120.68273248962979,-30.5772578396752,10.807923,1.232111,0.8496527644871861,4.459540134891477,-10.157391562964841,5617.841
5596223124039373696,120.53202185283033,-30.774937586331127,10.907394,0.3078127,1.3880394729356373,-12.222406817341145,8.082287310523062,
5596241575218870272,120.57400185394572,-30.663428161349216,10.966276,0.81667995,2.890194248173881,-7.172559871979197,18.321976831282377,5909.7583
5596237696879136256,120.37896154254676,-30.70976106234114,10.968895,1.2986221,0.8789670634969458,-10.09595793166262,8.476154383690828,4925.0425
5596229862858544896,120.6399882237852,-30.673695220837406,11.205516,1.0550203,0.35229236875204134,-4.992856063894216,4.351507737105065,
5596235429136289536,120.50004125508045,-30.701535752783247,11.208173,0.46481037,0.9030284374103339,-7.773162298550698,10.176085888179761,7927.127
5596244534466508416,120.69733497495714,-30.52789138487349,11.25256,2.5363417,0.3782242739677746,-4.173686431421342,8.344039999991011,3740.625
5596233436271518720,120.48598295288683,-30.77190062276398,11.299213,1.1420984,1.1918928381291003,-2.807890024260795,0.853063915792205,5170.6235
5596240376938253568,120.46032066599612,-30.570707254976966,11.323473,1.188982,0.7236547100785966,-1.3661965076484195,0.452720819202197,
5596237864367128320,120.37519161592454,-30.68978786128789,11.330939,1.3979473,0.8321226600971494,1.7805789621273749,-12.78597774838402,
5596991824412305792,120.3323786635343,-30.53921508640943,11.348982,0.07650089,0.870211457657295,-5.508057446335233,5.294061394954687,
5596248279678005760,120.61687053028169,-30.480452653835194,11.422734,1.2896872,0.7085980414307907,-5.520674596241711,4.512710363833923,
5596238963878753024,120.3370316922904,-30.64143977114726,11.444726,0.29095745,0.7422986109437469,-0.03447607295137431,0.11746252225211798,
5596247558123547392,120.5001559615643,-30.508492162976324,11.508628,0.32722855,0.750589432428313,-2.749809743144152,3.5642423452258987,
5596244637545719552,120.69177083864567,-30.505660663787992,11.527484,0.6521015,2.5059105903962164,-8.820660746482117,15.56459029659927,6366.154
5596246699130066944,120.55972803882726,-30.51343280818661,11.612078,1.2678785,0.9824679657759938,0.6763884090571526,-3.500992391791469,
5596244053430195712,120.63591770781106,-30.55697497259165,11.632411,1.2510796,0.42749299857909534,-3.4069829814802164,5.271266567953371,
5596236180739948928,120.4935061186229,-30.69305512742299,11.676416,1.3718643,0.6891768132024888,-4.013645725820009,3.374453411864577,4814.745
5596242438513716096,120.60150861575579,-30.594533871966764,11.688726,0.65773773,2.6998467872666203,-3.8974671026594416,6.424208908461536,6229.6123
5596232027512714496,120.7197269179824,-30.59017543856789,11.702994,0.22032261,0.6740344611158741,-3.0230352182513744,1.2984221942607495,
5596246424252186624,120.49366269860819,-30.52395180288794,11.786976,1.339941,0.6752923046341692,-5.583452377276833,-0.9843357376569164,
5596223433277017728,120.57622156762434,-30.761736222441883,11.799729,1.3012943,0.6065181975047073,-0.20152496794355168,1.176467012624799,4871.007
5596230069016943232,120.67685926785138,-30.661994665439302,11.832648,0.72869205,1.451673957297969,-1.5656734323323755,-5.143794086352836,6134.6875
5596242163644858496,120.62720459904128,-30.609984496081076,11.843672,0.062041283,0.5295350930349312,-4.067848750329152,2.973902014265069,
5596228827755938688,120.67952114462052,-30.701791796281572,11.869786,0.7977543,2.447158205683918,-18.57943181439184,16.344240563160575,5821.19
5596223639435447168,120.56994693805125,-30.74604533047449,11.994765,1.2949648,0.8388363784932016,0.8682117487731452,-6.625016199844962,
5596222539923822080,120.599955906325,-30.790054141024946,11.995458,1.4108334,0.5702382702683588,-0.5681784056510403,5.003392568646134,4633.725
5596237834318064384,120.39633750206653,-30.696950931499252,12.014725,1.5735321,0.5855499731960726,-5.318459475228963,-1.5222191518128647,
5596234913740257408,120.49598543632607,-30.773453023592378,12.09703,0.87216854,1.9607784112467948,10.992334652617725,33.939736679269146,5727.053
5596237765598628736,120.36027517071798,-30.706433763498044,12.10374,1.5442657,0.2418880421830172,-2.1099144447525635,3.069243269460071,
5596223811234137216,120.59614121102355,-30.704968269148488,12.122021,0.40894127,0.6567978195751839,-3.47411891460858,4.914865454846568,
5596244255278456704,120.7119947082451,-30.54762311092277,12.163583,1.51264,0.23283183455443598,-2.8027122496042702,2.856521464812138,
5596243125717300096,120.53895326022894,-30.57467586979385,12.172777,1.4031277,0.5952915416454483,-1.5030628923238298,0.9391851377022056,
5596991373428274304,120.31731648619366,-30.5888505157893,12.175567,2.028407,0.3457723393904801,-2.98042705869456,5.521341331536547,
5596991888824348544,120.32754654751983,-30.530655233595848,12.177477,1.6453266,0.33394905332822206,-1.828343986249986,2.2092791909629086,5231.2505
5596238826439801088,120.32004829004515,-30.66837591347521,12.322578,1.6957407,0.503807033398111,-1.189167746898498,1.4475328744749034,4927.19
5596237520769747328,120.32464024446908,-30.72710128901864,12.348938,0.47677422,0.6584596980593937,-3.232216786119632,3.5896362536215136,7925.8125
5596242674730496512,120.52830378572236,-30.63371018568123,12.395127,1.5884161,0.5336036619398064,-3.1935568788748636,10.025405040904296,4762.0215
5596234634551725312,120.39233658896946,-30.751768003069213,12.417486,0.48178387,-0.02780544746815755,-1.5302470712475098,0.2384190891803187,9332.487
5596237147123379328,120.33953453847096,-30.755175275180527,12.4318285,1.3432846,0.4889650382026248,-3.3134364613451375,5.935585749963322,4969.3525
5596991476507488896,120.32728469999775,-30.56696053693157,12.437544,0.40706348,0.44212555498221,-2.8889112734970257,2.9766368167203097,
5596992026263301888,120.3741393287254,-30.52793252578893,12.479041,1.4164782,0.4959054849739396,-1.0143234165779884,0.2559207862304259,4635.1753
5596241747016428672,120.60398927358003,-30.63350536064107,12.497156,1.448844,0.508271501760885,-2.9567539972699324,2.5806609567081584,
5596236219410293120,120.46911128510716,-30.69539861980071,12.529341,0.38029766,0.7916717702126519,-2.017992205086884,3.6423996949878,9713.782
5596241643938346240,120.60839205496063,-30.656504360030393,12.532126,0.38257694,0.5340317893787137,-2.66000866543521,0.17514932735787347,9106.196
5596247691252290304,120.52044298198409,-30.476548719342478,12.535654,1.2502804,0.6112937274659378,2.233066210757563,2.242128733373721,
5596236081973483136,120.43294515277108,-30.7127774853619,12.5458555,0.6633768,0.33868111886189045,-3.592075777233331,8.327746756421442,6689.2397
5596242094925375104,120.64410265836105,-30.62085794845617,12.549749,0.8239784,0.7749236115657452,-6.180524010960532,8.671049184296805,5816.2007
5596998077884590336,120.39974700507787,-30.485957751460184,12.569391,1.7872543,0.442020776986623,-5.052827501932191,2.954670117340153,
5596992094982777984,120.3959883391528,-30.51131481983891,12.575033,1.414177,0.5072366196145721,-5.077560596008227,1.9730689957201304,4638.128
5596233264472879616,120.45660522363042,-30.81463787147558,12.587764,1.2602301,0.6799417994635457,-0.7117114867093495,-6.641751437244624,5875.2295
5596241300340958208,120.38075768372919,-30.56802926847087,12.59019,0.25434208,0.4951694694705954,-2.6529851927482837,2.4055148061672957,
5596246935338046720,120.52732368115967,-30.498610756078527,12.590485,1.4782228,0.5504461043535981,1.3522621259046321,-0.11635038655114759,
5596237696879132032,120.38062939928275,-30.706622392433285,12.599313,0.5755329,1.2836818856349548,-5.053550975379114,2.7806055002742913,6943.882
5596242679041016960,120.5324311998939,-30.62746812498794,12.615105,1.4072876,0.4995439124464482,-2.3121134234393357,1.3862336836905187,4633.3765
5596234565830588288,120.4183381707266,-30.727083995905346,12.647158,2.1847973,0.22729448047997877,-0.9536981771584658,2.533036478709479,
5596242644681263104,120.55120619596825,-30.62718946410544,12.655155,1.4564276,0.4773161014410664,-1.7353591176573189,5.696074240942644,
5596242644681260928,120.55278543366805,-30.62643795416587,12.66184,0.78560257,0.725740386933557,-0.30537942886260677,2.711373762946133,
5596236047611619072,120.46472783898474,-30.71847753789042,12.685921,0.52747726,0.3704862698905686,-1.5269119246466434,1.8842802034894826,9635.813
5596241987535729280,120.5746185296032,-30.633940597901592,12.699608,0.61611366,0.9984831818439005,-5.178120281120037,4.760220067851581,6647.6123
5596230412614297600,120.68971541729198,-30.62166439570809,12.701866,1.1708641,0.643131339418421,-2.7981483445279705,7.978848056594499,5747.201
5596991549534388864,120.36067845335178,-30.56486570430921,12.729299,0.6768627,0.836153699247233,-1.111560739195506,2.6989707038197333,
5596246733489823616,120.52518758212457,-30.532913571454504,12.74316,0.54008484,0.4771039255658836,-3.7850680085608657,6.523550757445963,
5596223265788898432,120.55357839233875,-30.765449835058927,12.754859,0.5342636,0.6673718268828436,-1.3452325385881048,5.91158275705348,
5596239243066933376,120.31603468684847,-30.624370515956304,12.755751,0.43538666,0.4964937122792638,-1.4098532357161104,1.9422248623648484,8841.929
5596222093247224448,120.57184103627553,-30.812491153160703,12.767187,0.4336214,0.6187738380002024,-3.1906215584206805,3.737316170642136,8075.0728
5596238006116357120,120.3395792390077,-30.68988578693495,12.803798,1.450592,0.45755934424818073,-0.44995104711170597,-1.6279695695710996,
5596235463496010368,120.53608611688333,-30.72675366309221,12.805932,1.320406,0.4554392900398302,-1.6240526554561274,1.5156336359027347,
5596238379763203456,120.31186917084767,-30.684443795387597,12.807323,1.3803759,0.4447165744350643,-2.7045806535746366,3.8086390335667737,4404.045
5596234054746899968,120.38858793755809,-30.772322810016576,12.831969,0.82155895,2.4678238401642743,-13.286310350930679,35.07720189403398,5725.3057
5596235119898653440,120.51293631678298,-30.739487811736794,12.868243,0.7626438,0.6911741741953855,1.975008192809458,-1.5322154448751348,6485.063
5596239243066933632,120.31459971386487,-30.623039946662374,12.86895,0.7323475,1.7767025329033177,-7.5425826746651605,5.465093154436358,6083.8433
5596989900267215616,120.31099961397037,-30.6140904452146,12.8696165,2.8485765,0.21300949795295557,-0.8215009465077596,2.3014369018265137,3730.6582
5596240681864615808,120.34148275306084,-30.617987842722062,12.889236,2.366191,0.18581215422634279,-2.6465159828627076,0.1809306051319704,4661.8022
5596236425568721408,120.4585479236626,-30.677775957844354,12.897908,1.6569929,0.3469887578045556,-0.9364212113464383,4.635119956373254,
5596248451476712832,120.56285639308732,-30.47477747461159,12.898623,0.61242867,1.0486750383882626,-8.81887890717903,11.568728172723954,6825.8877
5596236013251891200,120.45687317622641,-30.72373076685438,12.914286,0.6453371,0.8843028839230052,-11.14443079393688,11.937980072920254,7037.9697
5596236769166038400,120.51580299486501,-30.646970177483247,12.940021,0.72387505,0.2702340816372958,-2.247138212317302,2.3491825535565587,7991.309
5596247008367757184,120.45593926772811,-30.55440771728099,12.942715,0.50625896,0.36569248881053584,-2.814738860483356,3.1935078395288627,8641.991
5596993061362853504,120.33807087751013,-30.498389125352844,12.965028,0.6517582,0.3206970693924861,-4.031552425643629,3.616551028471596,
5596238727661409920,120.2874240709562,-30.658556380672565,12.972911,0.78599644,0.48983837643696115,-7.028968423152747,-1.9836603644276765,
5596234054746887936,120.39884313410217,-30.76729762588004,12.994224,0.820364,1.8650643100942184,-9.040362974205209,5.536824436880952,5573.914
5596236940964422144,120.4792516419512,-30.630478452800453,13.006087,1.5597782,0.5757455173038121,-11.681152159926583,7.884583231926946,4678.1074
5596992649046028672,120.31541502058003,-30.518281992662725,13.007252,1.8281498,0.2553354260498489,-2.701406212884751,3.332539929868946,5047.4614
5596236627416545408,120.48908256442557,-30.667020326607886,13.013529,0.6075573,0.44072434359075424,-3.8965740161338607,1.44040402699296,7328.322
5596235669654404480,120.55476580311236,-30.692780429002955,13.01422,1.479352,0.3715564800109607,-2.4945659966154876,2.7526215811832913,4831.999
5596247283245666688,120.43172704945917,-30.53882592876832,13.015114,0.6384506,0.9447902687625732,-6.044941756393219,11.457794747840296,
5596236764859475456,120.50868364602559,-30.64865335314665,13.02595,0.68246555,0.6043237703582797,-4.516510042773989,4.969134215437413,
5596222578594079104,120.61882707440066,-30.771808537664118,13.0644045,2.4301062,0.13760331426987665,-1.203930884067823,2.9537245329901274,4608.1772
5596248451476713088,120.56129463459098,-30.472643909336018,13.071886,0.68771267,1.2836193508414024,-4.281671280096452,3.6767909144397763,6473.659
5596235635294645888,120.57820588371985,-30.684952595682315,13.078146,1.2422838,0.6886508016782683,-2.2369460754323267,4.819510148661852,
5596229622340391296,120.63257816545827,-30.69203962750728,13.081741,0.380908,0.5162595318047367,-2.687482074596305,2.117419189053868,7925.956
5596998524561128448,120.46050621180335,-30.46645870556689,13.084904,0.49226475,0.6353816803274197,-1.1460768679738735,1.9248677781997132,7807.836
5596239105627990272,120.28255068544459,-30.64854155294799,13.121078,1.4027662,0.3698280664152771,-2.6155805802269194,2.588242552583096,
5596992202369406336,120.34398165734507,-30.524892725850812,13.184484,0.5413313,0.36291453919304345,-2.4194920757584697,1.7567653567368986,9149.938
5596246183734033536,120.47779295143006,-30.568151066009296,13.190212,1.549057,0.3970654670885943,-3.013126544011792,0.7519478251626861,
5596247180166433152,120.4801463493368,-30.517345692556795,13.194316,0.7927799,1.342711190667649,-6.115750442653297,6.554626008807641,6175.957
5596243641103640832,120.5806998964123,-30.544945726821144,13.205865,0.880743,2.4954740598413587,-17.017629905872866,-13.250033645606075,
5596992339808325888,120.3680789436021,-30.507974654080602,13.206771,0.3910303,0.43825579011921334,-4.031269556151265,1.5038969339408514,
5596237903037127424,120.397126529328,-30.681205865406064,13.208127,0.37806034,0.2698207408829443,-2.488029318800651,3.096278952763666,7287.657
5596239792822730240,120.3900115858922,-30.62754619526401,13.220606,0.5692091,0.21940290043351124,-2.6499680419291414,3.5824310138030118,
5596234535783168384,120.43536497701238,-30.733890766417368,13.224173,1.365633,0.1560753492736733,-2.4570745928155615,3.8252214846854775,5893.802
5596229897218292736,120.62173513388355,-30.663866350533635,13.22903,1.3799505,0.36609306508035694,-4.399660398754767,4.267718891182412,5794.516
5596243641113352448,120.58038079824918,-30.544958567442997,13.2490425,0.84429073,2.4341675869749593,-17.56886885631747,-13.140380427541313,
5596239139987724416,120.29701217932327,-30.635404812776088,13.249995,1.5045748,0.40572584768956155,-2.8781514472128915,1.5590335966031963,5052.1826
5596245359100232832,120.6699069955381,-30.502262804149296,13.264487,1.0037127,2.88884869864401,-6.589528398272689,4.251963094667905,5239.2837
5596223128349966592,120.53272485768966,-30.774388006494895,13.268935,0.6779852,1.2875756070954867,-12.494887432894984,7.205798322294701,5959.223
5596239724103251456,120.41111246906574,-30.64512952723675,13.296147,0.41555023,0.7281814326185535,-3.1807585599381363,3.1916819883997563,
5596239174347456512,120.3249230723051,-30.637029761997816,13.320502,0.43209648,0.5663520836930868,-2.0535538925163,2.617012017901474,9274.11
5596229931578022400,120.6302563428294,-30.66078574364183,13.325314,0.4554968,0.27673909111034506,-2.5356759983992943,2.8475523610415507,13245.895
5596234913740250240,120.50400469123052,-30.77117801249344,13.334077,0.49913788,0.22030541147783123,-1.9721755837919663,3.7624190833071056,10685.439
5596239758462982400,120.43034008053831,-30.626401865614646,13.33948,0.87253666,1.2628270075725094,-5.000235999993574,-3.885758216163906,5759.203
5596237559439762432,120.33520006685325,-30.712981030308466,13.339806,1.5292654,0.25998188396571487,-3.314673984698632,4.611715086458501,5422.91
5596228832066382464,120.67684307651223,-30.70464460471165,13.348378,0.38869667,0.25589350476908573,-2.286785866989029,2.8653258083290067,10702.2295
5596245943215854336,120.51736694170535,-30.585515071639914,13.354007,0.50468826,0.7095875555934615,-6.9613697762227895,1.5809149508350873,7549.1567
5596222849161467776,120.55457260644617,-30.79249929377621,13.381975,0.48060894,0.4322047187717463,-1.9092335257650637,0.881155211319159,6758.227
5596243709833048704,120.66806148322672,-30.593606437231152,13.383999,0.6995821,0.9516978224468525,-0.9044307060235186,2.4538360370901566,6449.166
5596247626843023616,120.48783227484421,-30.487095659437504,13.401133,0.56118965,0.2606778495580536,-2.6172243491461735,2.777841490794721,11571.249
5596241476449885952,120.41300382077341,-30.528898005877156,13.401814,1.252943,0.7302077048484217,-1.8238236924336755,-0.36721814508037415,4933.0576
5596231993162248192,120.69378063425737,-30.59766562626233,13.402897,0.41109276,0.2391566141434261,-2.2570326105518737,2.601631969660838,13806.309
5596989831547586048,120.27952392856709,-30.617616065246455,13.419439,1.8641891,0.2641858479056695,-2.522377624094062,2.824252920724164,5112.3804
5596237731238893056,120.36054658748908,-30.711043098017146,13.425722,1.6275063,0.3584596681226213,-1.9405748895163324,1.4935926174717875,4791.8306
5596991927491492864,120.36720942332283,-30.54960484656551,13.42852,0.88587284,0.7692247407413071,-4.6837569958639005,4.491289803687518,6112.604
5596244843704172672,120.63801493129318,-30.53859470793404,13.438844,0.7190981,1.1297804997172842,-2.165788804312011,-7.208733131916796,6261.313
5596232061881701120,120.72430540040477,-30.58239951583262,13.448061,0.67563057,1.0794275167599536,-1.2358961630745706,-2.5636308651163304,6432.802
5596243778552521984,120.6669376284366,-30.587547142148097,13.452092,0.4519148,0.48021712032942004,-1.3478278394752745,1.981026503682021,8078.957
5596236043299404288,120.47053722596151,-30.71587227723432,13.459472,0.7651844,1.1223638388348731,-9.916851292250229,11.073921325716896,6160.7627
5596229416181979648,120.62900857694004,-30.71681785424761,13.479261,1.4649477,0.3196203775901976,-3.9202761463258353,-0.006481429746291501,
5596241716968300672,120.5937697978959,-30.64250304319498,13.487344,0.70947933,0.5210159836475111,-1.3728220269495601,-0.3301309414367024,7127.281
5596240720535670400,120.35727297351369,-30.60291672002418,13.491026,0.91864204,1.0844353520657037,6.029590069665317,-8.93685494377615,5614.2305
5596229725419622272,120.61754055258695,-30.69570642792084,13.508459,1.3486776,0.39315074403300665,-5.910369582629748,7.1488168619303725,5237.797
5596235871500924672,120.53557595597114,-30.677466803739346,13.527007,1.0810328,1.0884316800075746,-1.741308111532072,-7.421284378520635,5296.7593
5596233470631277440,120.46705534493535,-30.77767796721631,13.538374,0.8106022,0.6782009861003807,-2.5443485347236408,5.548244693719903,6248.762
5596222887831816320,120.53118267484176,-30.803490018639984,13.547533,1.7770376,0.17541829889269384,-1.6708653227904122,4.10485500973766,5029.2725
5596223231429165056,120.54273088252356,-30.75875927633397,13.548959,1.2407637,0.8437828969870496,2.390103696909153,6.0395416027934425,4920.8237
5596235051179177728,120.51470079361641,-30.743974208399862,13.552137,1.230979,0.5444884280488557,-6.270659821431659,6.042585209878158,5724.0986
5596236769166043648,120.51035090953125,-30.648413305194012,13.552648,0.72889996,1.0663085151027687,1.6834440546594462,6.841754199442748,6186.714
5596248451476719872,120.54859995382056,-30.479419017596825,13.562006,1.6571388,0.3316542380857899,-2.845836827890417,1.6912896034685452,4741.432
5596998692052395776,120.48340749456439,-30.43723614235528,13.569646,0.44383717,0.4898851522366272,-2.6142600626365713,3.0073975957242562,7995.0654
5596223162709725824,120.50728774650014,-30.77110493413191,13.578012,0.4268303,0.6200418010654679,-3.045310013410126,4.657148198333714,9375.345
5596998490201409408,120.41649500109808,-30.441032932955874,13.592061,1.3679209,0.3498905870884021,-2.410706872277685,1.855519650726272,5847.64
5596222922191532672,120.54680173978834,-30.78879807171306,13.596258,1.4010458,0.2702860637652388,-2.6145076755724515,3.713943423086851,5313.526
5596222917879088640,120.53835088342377,-30.785608994275336,13.596288,0.933074,0.9588745368850122,-1.256489357596282,7.91630402443529,
5596991618253870336,120.3424545645495,-30.54709353979933,13.60377,1.6799049,0.37077368319370063,-3.4785010179151366,0.5856186818527238,4446.5396
5596243052686694912,120.55089328974948,-30.591860417421785,13.60684,0.4279232,0.6936139881792285,-4.9004209034205,3.5217494984182047,9810.575
5596242060565651328,120.63152368043687,-30.630714722778546,13.6072,0.8972206,2.0032695874476145,1.8569970949102756,7.390354065458787,5552.2764
5596230103376664704,120.69662092119596,-30.655733494381693,13.6102,1.5629015,0.31184580663249795,-2.4194184907360716,3.031663636567072,4833.9097
5596248382757239936,120.56253253450511,-30.48899553582414,13.649174,1.9395113,0.17992038700222263,-1.8879051727153282,3.321116576301872,
5596991686973379712,120.31696543886648,-30.558609435883174,13.650997,1.017827,0.37437232512057095,-3.2718946233744948,5.047265904153595,6926.0415
5596237731238905216,120.3493144341775,-30.713995825093146,13.661537,0.42550087,,,,
5596222643001208320,120.60520155863853,-30.761497300021063,13.679258,1.3824749,0.3254931246630357,-3.114977401445284,3.1033872518526735,5204.999
5596245908856127744,120.49228006044966,-30.59542974355066,13.681085,0.48523903,0.2028488480921881,-2.509357929007477,3.809993999766613,15202.643
5596243091357565312,120.53502719030011,-30.586474568078867,13.687924,0.74774456,0.6470805856835283,-3.0843519106716175,4.117770510963353,6483.2974
5596230172096144896,120.688952765738,-30.65368850754958,13.698541,0.8106632,1.0186571406256193,-6.007129745879516,8.4525460383577,5822.2354
5596236253770016896,120.481021612177,-30.686309839833363,13.711861,0.6963768,0.4296811755630437,-1.255597872547999,2.9582280603307853,7153.9097
5596243606753604992,120.60106316760799,-30.536414406072925,13.718658,1.0330906,0.6477274976284835,-2.0935934201851807,7.2994459968614,
5596247489404085632,120.44420210459496,-30.495138429285852,13.729893,0.5993147,0.529500728555166,-2.0216304663038445,1.9551678912318238,7614.9263
5596237971756613888,120.36001627547247,-30.688953455129806,13.733494,0.5514822,0.3038554974951491,-1.9071296357587704,1.3015304695720797,
5596234638862443264,120.38549383609771,-30.751323945500292,13.736973,0.9667349,1.9870075585628246,-8.967759083890908,5.322113830609529,5246.269
5596223093990243584,120.51874405445369,-30.78121823300108,13.741872,1.5859175,0.21001198132513468,-2.4261266101687378,3.076506012963303,5089.7227
5596221479082589312,120.49280750602611,-30.81969798067619,13.746611,1.5671711,0.30036703833391565,-2.662446872832263,0.6115931373287011,
5596228625907974400,120.66975132682055,-30.73814580838494,13.756382,1.4173346,0.3342105308205848,-0.4891021836297354,1.4692475486897134,
5596237353281790080,120.34405820327704,-30.717610516344198,13.758999,0.5156412,,,,
5596238968189027328,120.32411395074246,-30.648684985274457,13.774098,2.0332804,0.16477112537583175,-1.9203284108956453,2.950912260935215,4990.5044
5596241304651211008,120.38009139807177,-30.566880624393644,13.779638,0.83198357,0.9903785578653298,-1.8323476859251162,-2.119039338804082,5726.0537
5596229244383222528,120.69026107746083,-30.682326088666407,13.790447,1.0272617,1.6488605171484536,-5.943731678837342,-15.490641445714331,5622.864
5596235119898660352,120.50732004459812,-30.74324345077689,13.793821,0.98365974,1.8762056945294852,-5.341815597871969,6.938599595470832,5152.3813
5596229210023490432,120.68930800851894,-30.692392889928314,13.797977,0.5966549,0.49043967046647646,-3.478776710834187,3.2203213141518447,7960.475
5596248039159876096,120.48182050294677,-30.452246699101195,13.802193,0.6370859,0.2814295233978984,-2.9826999803648073,2.736568714654358,9776.875
5596247936080668160,120.47114372471482,-30.461327411794752,13.805979,0.8092251,0.2689006246495552,-2.458102914990679,3.013468119319747,
5596234810661081856,120.41659606468187,-30.716925390972218,13.812337,0.43063736,0.597703590629941,-3.054998496292077,3.383495735822147,8281.376
5596243744193184896,120.68472273510942,-30.586629060668894,13.818523,0.7223635,0.510249303612881,-4.384472194042826,2.5664437492412557,6687.932
5596229519261182080,120.63223595741401,-30.70385652992612,13.820765,1.4397011,0.2740427720794562,-2.3193821143840467,3.775669853131878,5121.4287
5596231615205128448,120.7188351016152,-30.638662265158715,13.826166,1.6151981,0.33966447114018206,-4.765337586513093,5.426773219612439,5328.16
5596991755692874496,120.2987120059744,-30.557362221337797,13.853595,1.6630039,0.3132432278954958,-2.8057573703629544,4.89949906457751,5558.0005
5596222784752482688,120.63767635238973,-30.746824139162882,13.85648,0.78742695,0.8766577590966429,0.325198246385919,0.671692142736596,6363.851
5596234845020840064,120.39223408309331,-30.713595282945455,13.859931,0.739707,0.9480819450792879,-3.120961261280519,6.758401168424938,6263.386
5596991824412304768,120.33233984063686,-30.538295346730507,13.869972,0.8588667,0.877125927151696,-5.126070687966431,5.169368958955226,
5596228935145575168,120.709940316576,-30.706500116234537,13.879004,1.6030521,0.29347300528764886,-1.5570306926661184,2.764113378381264,4814.9355
5596223334508378880,120.53950119570897,-30.752459273044266,13.897918,1.7048035,0.14672241505995562,-2.1388201193309797,2.256399554665388,5179.5728
5596243984710962048,120.64896182005465,-30.57802582362771,13.908879,0.74474716,0.6614739155726636,-5.308455509083708,3.3731617498443285,6149.777
5596992649046031488,120.31319762060295,-30.51886331008172,13.921175,0.78063107,1.298449453353674,-8.498452023978546,3.601449462619395,5859.324
5596991480814946176,120.3289319523161,-30.5705907304358,13.923588,0.6357384,0.7194150053232237,-0.5427081845498076,5.485245399919917,7248.662
5596240273859045760,120.45245089352991,-30.599762696070872,13.924871,0.6271925,0.3088001522966138,-3.146049382776038,3.1635319965869275,
5596237971756616064,120.35041704042203,-30.694475973750393,13.929296,0.8031664,0.5025383648233314,-3.2495569009679874,1.6080550186209674,6516.8906
5596235738373917440,120.51672818391991,-30.698693160843344,13.932943,1.4134912,3.8134035685879986,-11.745772465598286,22.2202866383328,4552.1543
5596241820047532416,120.57367159021301,-30.64043223679876,13.93765,0.59143925,0.6486130728391372,-0.7816915333539971,4.4384031450565065,7363.374
5596238968189027072,120.32793732469459,-30.647581207942597,13.93815,0.65012836,0.7524262961633681,-3.1072267842188097,3.1839567327049294,7128.275
5596246492971643008,120.55876742094871,-30.541047985001555,13.938527,0.8241615,0.573037245697499,-2.439646158281881,-0.022765531665812418,6065.818
5596234192185879936,120.34232817871566,-30.759809538316237,13.9438925,0.74213505,0.3741893107107894,-2.5238268005410527,5.396857245009196,7454.5513
5596237525080028160,120.32073065049977,-30.720427819731256,13.947568,0.8914957,0.7357651364001454,-2.628055993553766,0.42274411308974175,5823.7026
5596991446455236352,120.31395899072706,-30.589614718989047,13.9594345,1.0285645,0.3683414581385243,-1.405885805117074,1.872425833228807,
5596239483585074560,120.44778452697952,-30.648734025439598,13.974775,1.8047352,0.33620242001782735,-1.452015280538427,2.754812744717348,4699.1465
5596235463496007040,120.5377465338757,-30.72348642939777,13.9842205,1.5913897,0.28283351154143527,-1.0131180122593495,4.061228348848573,
5596249482268872448,120.51939439573637,-30.44279144930399,13.987847,0.89666176,1.0788874028034585,-9.250751765495995,-1.3439370814255518,5566.572
5596241373370673152,120.41756636512685,-30.547281321637545,13.988187,1.8095942,0.31188961568700163,-2.994140279237054,5.4771070075793755,
5596249276110436736,120.54091497811011,-30.45361874469497,13.989045,0.6250305,0.23038791356291705,-2.5953485257057,2.8261260215382498,11934.092
5596228522828744192,120.6839069577132,-30.730299984129452,13.990674,0.548707,0.22140107428801692,-1.583675404131702,1.1407154701935656,10092.566
5596247386324877056,120.43689137968575,-30.51127712461506,14.001497,0.41580963,0.52878300100144,-3.9858048848560967,3.376641543916964,8879.755
5596245427819710464,120.6651153612542,-30.500253639229108,14.002516,1.1573629,0.5975792860190107,-3.334767414566905,5.682172572364485,
5596236288129798272,120.44252261864514,-30.70269180205439,14.006056,0.5088768,0.30295273098515907,-2.8859086227928286,4.729661936716157,
5596229622340389504,120.63827790856571,-30.696922407556666,14.010545,0.6570978,0.5210460421319182,-2.5853616520748206,2.49429864387948,7149.0884
5596242747760455808,120.56330340188012,-30.606476624116443,14.010827,0.86280155,1.2884372263922461,-4.74179470253187,-14.356195667396895,5814.2563
5596243641113353472,120.57790655895286,-30.542847462844744,14.011394,0.6159382,0.4436054469191267,-4.088684768337705,2.105437988226176,7464.2974
5596990243864407552,120.28743669653602,-30.571997282335925,14.011561,1.6529722,0.24877544974694202,-3.1185726594174397,3.1975326212359767,5456.072
5596235119898650368,120.51379866601242,-30.734018921511133,14.015425,2.0041533,0.13449290820369125,-1.7558700013706061,2.1682828062020327,4433.4214
5596234226545606016,120.3659419854437,-30.765286675494142,14.016273,1.8330135,0.2758737999607792,-3.9079746841996124,4.342210032601992,
5596239998981133184,120.47905729613,-30.611671230538228,14.016305,0.7637844,0.7614043844835319,-1.0661743103943897,4.662519743458002,6522.6313
5596235463496006400,120.53989221588122,-30.72562939725993,14.032613,0.73050976,0.8236501966699659,-6.757103677386549,8.583312837497617,6233.276
5596228728987179904,120.67522955737476,-30.726819459080343,14.036438,1.4775782,0.370258590331208,-3.6891993339467,3.187893595360096,
5596222612953844992,120.59469198002017,-30.78673490396345,14.037226,1.5020981,0.21586098806151838,-2.084539084806576,2.007613762478095,5268.571
5596242919558877056,120.5339424501536,-30.60504460841799,14.042636,1.6740417,0.22355933796506441,-3.685323708527621,4.326357125938095,5514.881
5596222612953834880,120.59700148656798,-30.77269741015308,14.052193,1.4339294,0.21136530471981319,-2.7541626662474554,2.330565387540108,5058.3325
5596248073522029312,120.49863839379668,-30.445933694721994,14.0590515,0.88709927,2.622321554290819,-4.478466485501587,-5.672598290572923,
5596246561691124224,120.53874167494094,-30.528634646030365,14.071046,0.65775204,0.3929699917378507,-4.158044487502156,6.65999882356357,7337.8105
5596222922191531648,120.5421306454723,-30.78016206059976,14.083461,0.7445526,0.7048279001565183,-3.585866417253186,4.766633865244036,6470.0674
5596243847271974656,120.68972289728315,-30.567687456154506,14.085152,0.6436806,0.6295642163687832,-1.6330486214036855,0.7193457701049049,7556.359
5596234982459735936,120.48449859261817,-30.758942902043195,14.089546,1.2452335,0.31918807796078064,-1.957382760291811,2.1658193137437665,6002.916
5596247386324875904,120.43120627722169,-30.497706199559012,14.08984,0.9353304,0.5804039833532141,-5.482038142012474,0.5254443377701837,5930.5913
5596244809344439040,120.63655446363103,-30.55431269154684,14.094845,0.9246664,0.3294760650572451,-1.1347835626381468,1.8708714258361834,11250.968
5596991446455239680,120.3117611964835,-30.591672969582543,14.106393,1.7660351,0.341013591656459,0.7034632506603447,0.9875235415808188,
5596241957486454400,120.59585921447596,-30.61724767421717,14.119498,0.9111328,0.21690069807201476,-1.3103612705770424,1.724753125502639,
5596237009686281344,120.50484173678701,-30.62223333511035,14.127937,0.82743645,-1.3904439666664827,-5.102108082705358,-0.5186763491876536,
5596239071268245120,120.31139470641693,-30.64320582867361,14.145199,0.87311935,0.6292212636383459,-4.215545460369851,8.66349923802121,6246.0664
5596238658951393792,120.28620308899032,-30.66620485052143,14.145378,1.591465,0.28136175242095,-1.621466109586671,3.190654624078519,5365.12
5596230034657224704,120.6561251027934,-30.673068436095395,14.151596,0.45790672,0.4257293413408104,-2.2537858350627897,2.5303378220876933,8530.326
5596229961625903744,120.66442984454756,-30.68107711200214,14.164537,1.5256634,0.23552675849828186,-2.7982792177126647,1.1636375879356406,4721.9424
5596991652613668096,120.30279232677448,-30.576199319407294,14.17128,0.6972885,0.44771332287468835,-2.8586269198310577,2.7708729271755863,
5596241785687815296,120.55770584643976,-30.659093604763914,14.177409,0.9752722,1.4982380549832583,-3.182731280502412,-0.19322590386499114,5609.4
5596239243066935168,120.30807684578147,-30.631085708657917,14.179501,1.3780804,2.526144355221987,-11.10147491848224,11.809774636995877,4533.3403
5596249413549377920,120.55809487021644,-30.430092407378293,14.17972,0.8753891,0.29427554253755767,-1.6962082467213726,1.8175946105222078,
5596231821363535360,120.73430028426462,-30.603607337104375,14.189376,1.6561251,0.2659707859674796,-0.8491950059351209,3.768176342004164,5049.607
5596246733489823744,120.5207253855103,-30.527025295171793,14.192679,0.64255524,0.6413104572232171,-2.4092081056173633,2.3458824639485325,7426.909
5596229828498824832,120.62225631054962,-30.683732796103712,14.192787,0.46365547,0.2529588735933316,-2.6673737014418037,2.973162878987757,10156.039
5596998146604030464,120.44022921325873,-30.481685583459704,14.198074,1.5320911,0.22980508084936638,-3.0322476531238096,4.342826435716607,6168.326
5596246664770334464,120.54794344694022,-30.523932818462768,14.204838,0.47097015,0.43742478782633243,-1.774875061354722,2.2748105837590518,8142.165
5596229313093489664,120.72729500168812,-30.677376668787808,14.207094,0.31766415,0.27560350391017485,-2.8494251132769057,2.8175093460732104,12785.37
5596242919549223040,120.53631066700694,-30.603794288220346,14.214519,0.92341805,0.8007616191589723,-1.9401111405762967,5.162980851708047,6007.7954
5596236734806292736,120.53216447264457,-30.657320354557758,14.226828,0.73637295,0.24978646964955045,-2.7272236054303525,2.81102952332882,9081.953
5596222544234352000,120.61130788361405,-30.78523406199827,14.229361,0.4811449,0.24135168428660506,-1.8679818404281296,1.8890279978931601,9644.054
5596221582161793024,120.49890581052671,-30.81037657140972,14.247149,2.3650665,0.04362035883020231,-1.0800765059184472,1.1800468220211722,
5596248382757240320,120.56507146732962,-30.49482573390572,14.257481,0.75866604,0.5380239700545904,-3.4098124414676745,3.3903899456570756,
5596992133649891072,120.37490349770579,-30.51116985507529,14.273623,1.2712784,0.5176077868136274,-4.9620506825507835,-1.2700508131792554,5189.666
5596998215323509504,120.42876458205926,-30.46926820091179,14.277829,0.92812824,0.5776094556606686,-4.155341149982534,3.136147328771227,5811.563
5596236528647928320,120.4530814114947,-30.655123825919212,14.281649,0.80020237,0.8526848330862211,-1.7678883401326524,5.538944539536646,6227.7554
5596234329624906240,120.36728231223947,-30.748172516730445,14.28366,1.6080389,0.21806618663880792,-3.2128051175785464,3.24152623305016,
5596221685240992128,120.50220502370522,-30.79042343921549,14.285707,1.6352978,0.27530272500622505,-3.462921664084265,7.376441886220952,5163.4243
5596238177915036672,120.37289480452989,-30.65742300288677,14.292268,0.5817938,0.24922407051354917,-1.3485270595349563,1.9748348075317481,9887.179
5596242850839386496,120.56559400894409,-30.589114519817276,14.294791,1.8167982,-0.05121169451190683,-1.8435007423851855,4.270210068123877,6583.721
5596234020387169280,120.38038317844342,-30.77228350927403,14.299762,1.6418161,0.11031784274733666,-1.2796379530973518,2.2409595478532798,
5596247042727489792,120.46056783531158,-30.534254662434993,14.299967,0.73664474,0.20382399939660967,-2.2879134943017925,3.722355932588735,7998.4546
5596247214526173568,120.47287478154708,-30.51929627790009,14.307607,1.6620865,0.2937561362372584,-2.151108552707856,1.327898823609795,5019.434
5596243538034147456,120.556439040904,-30.553132395506214,14.314834,0.6932783,0.3658701942281095,-3.3367409583487992,3.124812376132431,9568.42
5596236837885563776,120.4693059047693,-30.65827559859761,14.315923,1.4398813,3.390936829860231,-3.611329498312151,8.054202951539104,4519.5986
5596236322489521536,120.45041679691302,-30.689833714855055,14.3306,1.4849243,0.19465518529714676,-1.919057853142792,3.7823076036119967,5156.281
5596229519261190656,120.6292819005158,-30.710326852316495,14.337775,0.59365463,0.19367056702750451,-2.8469662276977887,2.973248649366807,9517.289
5596991790052579072,120.32835011164417,-30.552189006215336,14.338,0.5443344,0.5061941933898263,-1.727113536242312,2.9862759907203436,8062.9707
5596243538034142336,120.5624772353015,-30.542016097367505,14.342382,2.3921623,0.07863888167698105,-1.7669793129482272,1.2409385313437653,
5596991549534388992,120.36014444445651,-30.56497473023818,14.360371,,0.7744494632010093,-1.1441825464321818,2.52458479519428,
5596998318402768000,120.38163716267286,-30.47454970309318,14.363665,0.7347336,0.4102258391195377,-3.70875099749687,5.161257366832629,6924.5435
5596231924442768128,120.70689591064719,-30.61101983059512,14.3655405,1.5706406,0.26556783391728367,-4.462365727401494,1.4541973271851922,4921.2695
5596231993162240768,120.70247113380171,-30.594349395693403,14.366097,0.8242893,0.6343812058322394,-2.3843881830102696,4.157716273345972,
5596246183734036608,120.47202618555973,-30.578304692703966,14.371114,0.6542759,0.3748095709733811,-2.121723954809438,3.5303682920719006,9243.313
5596246046295067776,120.51587090949411,-30.575820239391984,14.371666,1.0048981,0.5045666466381212,0.13189302222264096,-1.2609152287660441,5951.1055
5596238830750080640,120.31373449484643,-30.67078164948647,14.372469,0.6892824,0.357848302099488,-3.678425460239006,2.740238837229456,7878.458
5596247833001457920,120.47506979700167,-30.49018968377596,14.373675,0.74916744,0.5071955908473608,-3.116945487705066,6.869875120095978,6721.77
5596998524561127680,120.45668919218,-30.460088096214694,14.380722,0.7256079,0.20881556327215955,-2.4809035943034736,2.7765966710330225,9788.792
5596233642429995008,120.43038171059723,-30.766040629035704,14.384093,0.8247433,1.0793553540154235,7.948969074077775,11.899127611077116,
5596229691059888768,120.6159079997546,-30.70251676215624,14.384209,0.8335142,0.6299747198658152,3.0433977430729207,0.4684406010394651,
5596989900267016704,120.31729929160367,-30.60714449031618,14.385603,0.56462955,0.26646805435645987,-2.5849474556000613,4.023394738598759,12719.311
5596242163644864512,120.62445127384056,-30.615882024114544,14.387862,0.75857925,0.8355483256038176,-1.4728919145091426,2.472079408089831,6121.261
5596239655383783296,120.38179636438609,-30.651975168261526,14.389614,1.2393856,0.5709751054503617,-2.712912538835087,2.1720657490895676,5777.056
5596236288129811968,120.43164696395074,-30.708138269632595,14.390472,1.0234013,1.2659429457957994,-2.6531892225844675,1.6238544463154916,5139.2456
5596248142239062784,120.59769672343114,-30.504144415847993,14.391003,2.2411423,0.30728488723979197,-2.5740771423872513,1.7894057094319136,5418.1343
5596242575961704192,120.6282570679459,-30.58023853394325,14.391454,0.73583317,0.810185792931454,-9.945002749457508,13.411875791339913,6338.851
5596229210023485824,120.69350508642323,-30.690543100033704,14.405941,0.6084852,0.4643884881140169,-2.315958764134236,3.523630924583853,7657.695
5596222819112329344,120.54658157984537,-30.80862688346667,14.40664,1.596386,0.172224962194599,-1.4880478765554261,1.699309699695389,5225.315
5596998490201411456,120.41321125045005,-30.4395703298824,14.429934,0.9623642,0.9960407987364489,-2.1188470981435135,4.016501298380518,5422.7554
5596229450541702400,120.64143111084087,-30.71083242325124,14.433303,2.2293262,0.13066609512325852,-2.712274036048287,0.91524629907068,
5596239792822729856,120.39311873861578,-30.628789196712184,14.438528,0.86913013,0.5046664640565092,-0.7251495849355059,2.222887975247738,6178.809
5596241098492765952,120.43218344440214,-30.569298735400018,14.439051,0.6194992,0.5215689308244201,-3.7397746457701206,2.3791138944059145,7616.9624
5596240892334361600,120.3491397105764,-30.587830032378147,14.441042,1.6514874,0.2902520430537875,-1.2291750467160776,4.977899054931399,5336.064
5596235841453122432,120.51464859503709,-30.677683064204235,14.444109,0.94161415,0.3719957404642676,-2.9305383201388917,4.1915996728251645,5748.681
5596242301083793024,120.64775036661102,-30.600776944709065,14.449095,1.8181982,0.27769758872342165,-2.352548886272439,3.1538172717271475,4731.681
5596228419749540480,120.67668507873793,-30.740162441362607,14.453138,0.65093136,0.2664860789307829,-3.3387715910982854,3.0380111827655036,9225.484
5596998455841689728,120.40262122453784,-30.448412886877808,14.457197,0.77111053,0.7674168459576503,-3.525299761254934,1.6698069585937132,6579.57
5596246767849558144,120.52217910691354,-30.516436141968786,14.4601145,0.6889286,0.492988866517337,-1.9458314595642379,3.70398220028637,6784.073
5596236666086847360,120.4998180358939,-30.662470350791825,14.471152,1.6259127,0.19619042786305244,-3.3905828201510553,4.162466054909365,5341.6177
5596237318922068480,120.33292248942742,-30.73931530061238,14.47475,0.5182724,0.3700350300940264,-2.4884950887482407,3.2080215484053065,9113.713
5596245049862594432,120.64922430317576,-30.50570332464351,14.47639,0.8643904,0.6192136543045041,-2.5122053616766404,5.017643136932077,5546.147
5596236666086848512,120.49394430938544,-30.655893175909604,14.477633,0.8070793,0.5371101983554196,-4.040050934255472,8.129598395517727,6612.249
5596234879380547712,120.41331217663682,-30.695527986274335,14.482627,1.5786638,0.1401338147973523,-2.5211299259737756,3.8494494592664346,5265.8784
5596241579529378944,120.57347817912702,-30.66992808941495,14.482723,0.96075916,0.7959541657248138,-7.693946561070607,1.4023005839064107,5513.089
5596239724103249536,120.41613902184274,-30.634043534435776,14.485631,1.0096464,0.6129515176098006,-1.7379423285582105,2.723145521304089,5696.387
5596232096241451264,120.70452287520284,-30.585924048252178,14.486301,0.852808,0.7239019064194698,-2.0065372145538642,0.9633117399574617,5532.5083
5596247626843027584,120.47954534613923,-30.495788141845505,14.487032,0.59453106,0.5417334512468869,-4.151821347263469,3.3473956381313723,7556.475
5596998662000056064,120.47835320987996,-30.444288508440568,14.495023,0.99698925,0.28547366045065253,-1.8985645604244166,3.717227712169526,8748.438
5596242541601970688,120.61967639291592,-30.578356301178566,14.4990225,0.9048147,0.9206140888392328,2.177332307303568,-6.9551508429036595,5820.4043
5596239238755580800,120.3090403574556,-30.619136626170082,14.5019045,0.8825722,0.6160238418688079,-2.540896032446622,5.232803234593764,6329.6113
5596222200637016576,120.57453895804792,-30.808491211334527,14.507916,0.8595867,0.8073733864759667,-2.6070905669442226,3.103821705615964,5998.2812
5596221376003356928,120.50798882337578,-30.814001604133555,14.512451,0.8441582,0.45614450473266793,-0.9931954309057676,-2.979754651857683,6377.088
5596236837885559808,120.47407831360283,-30.65936225313957,14.513322,1.2024412,0.3111576682241638,-2.068548169214617,2.4962539045915144,6566.561
5596243881631700224,120.70861189279483,-30.560928985269715,14.514808,0.88587856,0.5589151121906423,-1.8308982783224603,-0.6247453107397043,6219.6235
5596228385389818624,120.6678178205854,-30.760004441944858,14.51688,1.7645245,0.15119530537026324,-1.5837698651542873,1.5442313082013033,5045.093
5596241339010940288,120.39262373183415,-30.544786902176277,14.520802,0.67135715,0.2775460171745109,-2.192421422837751,3.3773375443100546,9968.09
5596991893131788800,120.32369427945198,-30.536417594298342,14.542482,1.0282469,1.1379959797001225,-5.545036633028893,3.5697936211103696,5220.1943
5596243572393877504,120.57883190754184,-30.54915493798458,14.543302,0.636158,0.38857670278342615,-2.4327810181022835,1.2446586093926282,
5596248004800125440,120.51446477230827,-30.44804756126127,14.551652,0.7930231,0.5059030618548722,-4.204159077641528,3.3218757158945413,6693.5522
5596245427819712256,120.65935545961092,-30.499454121472237,14.553235,0.91677666,1.1432568791963182,-2.007899166737825,2.987529179785349,5749.9624
5596235944532312064,120.53875767996583,-30.670229067724037,14.553259,0.601141,0.4295060000311162,-2.094773067463327,1.5671781851130913,7654.383
5596238040476091776,120.34310965277511,-30.678416121481327,14.555249,0.8483572,0.5532750909687775,-2.121500434241649,1.8622941808264661,6738.9585
5596242301083789952,120.65107247102337,-30.60091130806937,14.562112,1.606987,0.23602251322854267,-1.2008007272154118,2.015300930752172,5345.358
5596989762828263296,120.28663317561785,-30.626414275570895,14.5652275,0.59117985,0.32739233571256826,-1.8828792392322442,1.277359697325223,10155.983
5596234879380559232,120.4090985746133,-30.706763871178605,14.568227,1.5604048,0.1679035721565751,-1.2884010787199454,2.211496080206894,5044.0903
5596241064133031424,120.4144774710334,-30.56652333316008,14.581599,1.7408638,0.2452558832888961,-1.69005959294699,1.9478450286323363,5074.523
5596243160077286912,120.59365007417904,-30.594700482031023,14.584482,0.97845554,1.5191398748548488,-7.988896540364538,6.949423657622586,5487.0044
5596223575028684928,120.60025157858018,-30.73171099767967,14.588796,0.97352505,1.4178677733369698,-4.95898617391949,8.104321743153232,
5596236769157211520,120.5108701877828,-30.647960132533843,14.589046,0.8504915,0.9637778255459749,1.6058564100141977,6.971508309350094,6143.497
5596242129285137792,120.61893044099048,-30.635185867448875,14.594236,1.580533,0.15770944190534034,-1.5884431601190063,2.4180565199153206,5790.449
5596237903027625472,120.38589994490617,-30.67911469221522,14.600004,1.1620312,1.294635497692955,1.3514206111797673,-4.59663796387615,5617.973
5596235704014131072,120.56375384961972,-30.679730547027123,14.604595,0.8777704,0.8747417320115493,-7.758592131194076,11.269000773214279,5973.602
5596237903037129984,120.38568231334203,-30.67948407398629,14.605424,1.5303564,0.3077547031290645,-1.5122692718210398,1.4506751117863836,5038.276
5596993198802096640,120.35338954115102,-30.47839492638388,14.608121,0.81932354,0.686766352629014,2.943780929220764,-0.6398659051870929,6151.205
5596992133649901056,120.3757634042819,-30.524902018287623,14.613192,0.70998,0.393281246753102,-1.6160780781181665,1.6877978686734165,7427.468
5596240819308632576,120.37025676430798,-30.590532570367333,14.615869,0.6591358,0.5165987280886388,-2.8652211250538886,2.846671377114944,7334.947
5596245187301562624,120.60508722362161,-30.514107143532417,14.617955,2.364851,0.15809845643586312,-1.6920488086281105,2.264259867061928,4719.812
5596222853472052864,120.55930850359344,-30.80041782314368,14.618527,0.4312544,0.2076273425082355,-2.5096030188649534,2.622101225747866,9055.521
5596243538034146816,120.55500974868171,-30.549438011789807,14.622836,0.891942,0.25107736592711705,-1.2061127482945437,1.7123769041666002,6698.7686
5596234978147295488,120.48402758568196,-30.761459374258287,14.629137,0.5551233,0.17076844002022484,-2.544463950887123,2.62765842150215,10065.078
5596998004857456128,120.42551514665588,-30.494481006218813,14.632668,1.3265247,1.9412715173907542,-17.953362903799878,24.319108079213123,4610.29
5596235429136294656,120.49321134226432,-30.702606518344805,14.635226,0.5900955,0.23915460110442716,-2.506949872802406,4.270308421479497,10362.119
5596246011935334784,120.49619006612306,-30.567343392737218,14.638014,1.7693357,0.2778697518166092,-3.559855788808152,4.091207012321331,5626.94
5596235978892047744,120.53923496555866,-30.666327521030798,14.651071,1.5186949,0.3264752627928109,-5.935165902850329,4.875970088942275,5632.435
5596230000297463680,120.68607634527834,-30.669096283878446,14.653218,0.9229126,0.5704171760972486,-4.20089086699766,3.901984508382385,5822.8906
5596234845020834048,120.40298614090976,-30.7188899514492,14.657508,0.7421818,0.24156128733920115,-1.0634040772936464,0.7885229447181534,9499.348
5596244878063915392,120.62263066485592,-30.533617457690006,14.659087,0.72839355,0.3964565416155669,-2.9917809440510865,2.173279480739215,7291.479
5596229381822151424,120.71726172248091,-30.66905303968192,14.666624,0.5551529,0.23388680937879566,-2.9171080241751186,3.790940791428334,9968.664
5596237903037129472,120.3869814914028,-30.676835274988225,14.66702,1.0005836,1.351666395716266,1.3595043300088059,-4.670118493322599,5555.5264
5596234810661068928,120.42511355371701,-30.70916577964958,14.668514,0.7853098,0.6799695139231713,-2.1727764429114047,3.6732898351957024,6297.5854
5596990175144928384,120.29734686141038,-30.581977961282778,14.672135,0.9531574,0.36862550497407753,-2.01298001055507,4.290064510220613,6303.659
5596235085538893184,120.53512070475838,-30.734568847577524,14.677127,1.3089275,0.5150454144543101,0.9128646795153972,0.599026354427443,5443.9844
5596233676789709696,120.45958227397529,-30.770332951586045,14.681496,1.6139507,0.22639216934434378,-3.2419915532192167,1.9527737173248507,4831.6226
5596247489404085120,120.44089653671134,-30.488298546308958,14.681686,1.0907087,1.6823454293564568,-9.299648017058553,2.5375866276642993,5210.4995
5596233676789719424,120.44915770613427,-30.769632580356237,14.6848545,0.6004753,0.35128952116511325,-2.2328501503529163,2.24657147204758,9232.537
5596243812912255104,120.66501613835165,-30.572477381802038,14.686343,0.7992716,0.49465763524796663,-2.6956058282199473,3.0017341845515197,6576.323
5596235532215481088,120.53054729980532,-30.707492143569933,14.689074,0.59328365,0.21215747102927057,-2.5951562088144735,3.078799387804515,9725.708
5596242610321530624,120.54865674009055,-30.635242810884748,14.696966,1.0058298,0.33113470423195673,-2.1087073319071323,3.9334442858620764,7199.237
5596248314037982336,120.59308954438644,-30.46971159544638,14.698384,0.7963276,0.786784286515677,-9.00353627401274,12.233523268420381,6292.0044
5596990037706012288,120.2745027292567,-30.604839377077294,14.700743,1.8332376,0.17598958598589243,-2.7396618728243753,2.549981080123854,5166.4243
5596243091357567744,120.52586388634893,-30.58746297867373,14.705042,0.83237934,0.6260286134949082,-2.622196432778303,11.389880236985343,
5596228797706665856,120.65410361772275,-30.714055783084802,14.714854,0.47218132,0.42668122557345545,-2.7900737291602344,2.584644188493958,11368.862
5596998352762491008,120.3939854224919,-30.464344790564553,14.719542,0.7323189,-0.13419085324591953,-1.6096789503501925,5.36979431263077,6618.888
5596242129285487616,120.6165201532977,-30.623604488568574,14.724518,0.7578478,0.6229911941326788,-1.3824907686001333,4.098975142181121,
5596237765598627584,120.36162184361118,-30.706518095707157,14.728987,0.54520607,0.1629309986077022,-2.298465225284933,2.115898976279089,10755.12
5596242507242218240,120.64209240248545,-30.582800954197022,14.741634,0.7739887,0.4700805870218148,-2.1671455062845606,1.4044042226615834,6560.072
5596223300148648576,120.53039992276284,-30.75234111412019,14.748392,0.9232073,0.6679410165676344,-4.287973900292082,5.431429462369039,
5596229794139101952,120.60361451463594,-30.68045690497836,14.75089,1.0298967,0.5600922653735896,-0.4331486405936471,-5.114923947601015,6266.994
5596237559440221056,120.34128574201603,-30.71441096356618,14.751297,1.2152863,1.9836000356387213,-6.789851530751336,13.02961403850174,4824.0186
5596222608640657920,120.59635545153789,-30.77439933756432,14.752972,0.68418026,0.3279222704926457,-3.77789618117839,3.581709000318755,10190.218
5596229759779367168,120.6056580518836,-30.69116211357092,14.754323,0.5405607,0.37282554023622616,-2.0199343334831763,1.7084454201301609,8779.832
5596242747760462464,120.56816034063934,-30.62145363357615,14.771384,0.8877773,0.527978790029423,-1.880343001524678,-0.3382079621615711,6177.8354
5596236494288212480,120.4430723084898,-30.676802129974575,14.773698,0.43411732,0.23570956248549285,-2.979250834610407,4.083497495615784,11477.174
5596248039159874176,120.49035540062994,-30.457802317377723,14.774182,0.78674126,0.6818876713907357,-3.2012261420921364,2.384051470632772,
5596235321744848768,120.49904194504217,-30.725038324419366,14.777113,0.63630486,0.4129134866458418,-1.9311405780834188,3.255250846511105,
5596236769166049920,120.50680017908259,-30.653590490740353,14.785461,0.96867466,0.7650524024975007,-6.008117928691739,14.651254103859177,
5596237937396881408,120.34583146811558,-30.707016753841888,14.788595,1.6267967,0.1542279047044243,-1.370651084116806,3.1680894433688227,4782.0522
5596241613889101312,120.58713444420285,-30.658058115623582,14.78941,0.9230108,0.5012720854055939,-0.9560877595596202,-0.0790811994337765,6352.8066
5596248382757241728,120.55913774030672,-30.490578829634575,14.790527,1.643816,0.4392466063341263,-1.4166502450097147,3.367255886915259,
5596243636802506880,120.57976128774801,-30.5397733941107,14.790927,1.1539078,0.33283815269102923,-1.1343337040144341,1.5415017253310304,6295.4526
5596248554555914368,120.59072408587471,-30.456535350769546,14.793319,1.104909,0.3269886236111152,-3.529810935913444,4.565480544327127,9410.389
5596991686973393792,120.30663726023626,-30.563798968950284,14.793488,1.0754843,1.7576120179116734,-13.416420075181163,-8.153212646577737,4899.2544
5596244809344441600,120.62638047379971,-30.54771011186548,14.793585,0.8926916,0.687290592670004,-6.99933495803978,-0.8679025171741716,5609.0396
5596243022638089728,120.53810188347391,-30.599858760762725,14.794241,0.8625784,0.9646983888337652,-5.093115291264176,2.31847010772839,5925.404
5596228763346899712,120.68804233190208,-30.706514092398248,14.797641,0.826066,0.6976864170373251,-2.8496198463280504,3.667380632185713,5933.5483
5596246699130063360,120.56963856170316,-30.512583485213778,14.799684,1.0999022,0.567127917145608,1.9685900802055107,0.7434301155697693,
5596246286813244288,120.47656766331718,-30.552818640716108,14.804024,0.9079981,1.0141835244666033,-2.0400787624259196,0.23032828520760007,6347.121
5596243984710952704,120.65500592219928,-30.570678373750997,14.80995,0.8695278,0.5713166296257628,2.751412657356583,1.0006805901422653,6102.358
5596222539921908992,120.60661466675126,-30.781743339862885,14.811483,0.93901634,0.8533082016987332,-4.433155628189674,0.9164969936698116,5895.6235
5596245324740505728,120.62532900250604,-30.490811595513318,14.811689,1.9964523,0.30635062478878666,-2.2227565257351314,0.32826594682865134,5127.4067
5596241064133036544,120.40631695486707,-30.575878801786736,14.812959,2.1046858,0.11211203470522396,-2.002130367956517,1.8137101678158398,4642.8384
5596238723360585216,120.28738804329764,-30.658950863927608,14.813919,,0.6429328569183554,-1.5311074008475631,-2.1069243937974713,
5596223437587571712,120.5668723048911,-30.75416379458337,14.823386,1.5344763,0.16750210645784008,-1.5036263160422698,1.4813276298655764,5077.4907
5596249550988352512,120.50329746840616,-30.433167355226,14.825097,0.6095104,0.40797982698807134,-3.9380302872887762,2.737670721456918,8573.665
5596238109195558656,120.38056525912803,-30.66320542999901,14.827285,1.2895622,2.166774516893703,-9.437952862139488,-9.750792328257004,4640.0635
5596240239499312000,120.43070600755915,-30.59746167800828,14.833467,0.88281155,0.5049721586183636,-3.537920820337479,7.21068221130611,
5596247077087235456,120.44029186791089,-30.541436569169367,14.83378,0.93354034,0.3888259139594727,-5.015045240762696,4.526944860381441,8654.962
5596240376938253952,120.45440503262506,-30.563676072318653,14.841366,1.0316868,0.3799069877190021,-1.3126907732038235,5.3403407343871505,6527.471
5596991446455241856,120.30501998002572,-30.58518873258619,14.842788,1.7462406,0.20899292258631322,-1.067992965946837,2.095871285096832,4696.1035
5596247489404083968,120.44386480573552,-30.489553217844428,14.843734,1.7354908,0.20785529404258934,-4.12019391895079,3.6284181487358014,5433.471
5596236459928445568,120.47085461747051,-30.66975725175931,14.845236,0.94379616,0.88159638225558,-1.3850794482699287,-0.5571595763787163,5470.72
5596241201572295296,120.44099227595349,-30.549684136239396,14.846554,1.8318729,0.26575660007968244,-1.3143703899869148,3.255760876610237,5184.677
5596228832066381440,120.67866852826621,-30.704506857880347,14.847052,1.9976053,0.19860457637511386,-0.9970048440851021,1.7732142023577055,4884.119
5596241476449887360,120.40627868053711,-30.527504036828965,14.850501,0.59644985,0.2673589521109725,-2.384981231812955,2.697809864316387,11932.152
5596232096241451904,120.70684673786931,-30.59116962344593,14.858675,1.6534786,0.3479606984845359,-1.839836523112379,4.567530658232439,5053.3115
5596235188618161792,120.47481798478039,-30.736856907128164,14.8592,1.001317,0.330890422415096,-0.5743894751762281,-0.1081242959380609,6534.9434
5596238796390335616,120.33341996145029,-30.662583923126114,14.861975,1.8949652,0.09361278222243657,-2.189567343780142,3.0689097435805963,5180.5713
5596240239499310976,120.43602909278484,-30.600534936800734,14.863598,0.85890007,0.36059335442201784,-3.59349370927092,6.218940096220056,6391.465
5596221650881278080,120.48327807498991,-30.800308213276587,14.863714,1.5229969,0.19611831366017995,-2.605158140238064,3.720552622147913,5063.8174
5596992099290130176,120.39890823435455,-30.50985058987867,14.865455,0.8348675,,,,
5596236356849295232,120.41412727167794,-30.692795387474945,14.873343,0.8395834,0.5389786772937315,-4.9574167047522755,3.3027333999205126,6339.0527
5596228694627464064,120.64528280551146,-30.727130977210347,14.874624,0.73812485,0.16799172588383635,-1.7651132818876394,2.553671148652021,9113.122
5596242713400740992,120.54391963528718,-30.61853577914559,14.874762,1.7641516,0.20442318086116046,-0.9302236932257304,1.3743284883168658,4666.808
5596229725419613952,120.6171901057719,-30.684593543785322,14.885552,0.5490351,0.2609989812097529,-2.7944532127183725,3.35908968202033,9837.93
5596240720535669376,120.35686659599759,-30.597575826339156,14.886728,0.72878265,0.19952440535297133,-1.8925676691076796,2.483422715510361,9268.385
5596222681673278976,120.63542010405592,-30.764853589684716,14.898695,1.759634,0.19356477238609832,-1.1265317996011108,2.3290251741864503,4623.3984
5596239895901924736,120.4680268572055,-30.630662792494554,14.900288,0.65356445,0.2597287524386517,-2.317854992338647,2.262600425962579,11696.62
5596240136420104320,120.42479348753271,-30.61794340448691,14.902152,0.7271662,0.19990863246022747,-2.427931648675119,2.1540061951872067,9230.576
5596239036908509952,120.30709576355649,-30.6565283568764,14.905565,1.6581945,0.22227818869483823,-3.0636194034622277,3.6590975274313773,5276.936
5596991858772062208,120.31635945526259,-30.54179863059854,14.912749,0.67294216,0.45158452518452225,-2.1393450069122686,3.5989995818165434,7325.14
5596242571650419712,120.62611527312629,-30.577561607683666,14.917024,1.8468666,0.2045570047124947,-0.8321039728868688,1.5627326498633627,5126.911
5596222990910980352,120.57516515255338,-30.77922998976824,14.918184,1.4524918,0.14154838037791645,-1.942778681625966,3.4951497401782574,
5596245114271365888,120.62287656082077,-30.51732519964183,14.919301,0.88643837,0.7770268455754467,-7.276527650892572,7.6949315493744,5827.998
5596234467063726464,120.41020551605334,-30.75074429164802,14.919696,0.8562031,0.6993684792021833,-2.267388971710832,1.5806862367436088,6277.9067
5596247764281965696,120.50548503203036,-30.475656963393625,14.921097,0.9140873,-0.16467493977145242,-4.30170110525371,-0.3337623957466914,
5596229377510484480,120.71925322762345,-30.656567799787044,14.922633,0.5581665,0.2591358182333621,-2.0172953030740355,2.5235089495159015,11487.058
5596223643745991168,120.57224449985287,-30.74614982996385,14.922924,0.45157242,0.2508813048701054,-2.749941511396483,3.479386392535914,9595.004
5596244534466506496,120.70137886071863,-30.526996785354967,14.923129,1.0135212,0.889929726415954,-7.872117198325332,-1.815900583245374,5850.113
5596221650881463552,120.48411168789468,-30.807743022017405,14.925544,0.55592155,0.21152835062258477,-2.985189851795335,4.233444329704613,9726.558
5596243503674413696,120.54991825277901,-30.557794082365422,14.931736,0.8294964,0.5810660423596543,-0.07414914278751641,1.2356422191259187,6356.7104
5596244603185984640,120.68847822992633,-30.512975352723057,14.932934,0.93900394,0.4560150979074249,-6.1006617010164845,5.369867194702843,6690.481
5596222097549080448,120.57258000079082,-30.812335954099023,14.934312,0.8635826,0.6424979159577506,-3.740654445659965,-1.0147623169016327,
5596992129342138880,120.36901315737616,-30.517395125853355,14.939104,0.8432455,0.7029309745335813,-0.3618344363755036,2.4359878684891303,6313.71
5596243778552526848,120.66185330864266,-30.586448543019223,14.939694,0.70116997,0.29946645233931946,-2.9529630592428617,2.7420968761836435,9510.144
5596241923126728832,120.58591576031142,-30.62744488728303,14.949582,1.4087944,0.3681462057598973,-3.0759364978579096,0.5892480097520745,5769.0444
5596993027003140992,120.3203272610844,-30.509869861492746,14.951557,0.65483475,0.15297736593134656,-2.7449298672181834,3.2638261991220894,10264.521
5596244534466506368,120.70075864359671,-30.525899173354027,14.951831,1.726366,0.21592031969386785,-3.4636187668671607,3.9935437547853114,5507.937
5596234192185955328,120.34352551336957,-30.760064344360448,14.95349,0.6547384,0.24055925925802832,-2.4014787852098793,3.6897784403256417,10038.822
5596234295265087104,120.35555285982355,-30.758895811032065,14.960255,0.80510616,0.44604410914350046,-2.3444042653944135,3.975596548858852,6576.0923
5596234432704006272,120.39497970902772,-30.756612941509324,14.96242,1.015172,0.3822787405803669,-2.7644178771568635,-0.5636193392150571,6369.541
5596991996210975744,120.35359277621554,-30.53820481499397,14.9644165,0.7824631,0.4619398822212507,-3.6339650771893135,4.46341306029751,6874.7007
5596222612953832576,120.60412146951272,-30.78019982616445,14.965397,0.92006016,0.532312895705255,-5.549146209780142,-0.7821942147915296,6119.8364
5596234638862429312,120.39598814169439,-30.746677094321942,14.9654455,0.7854233,0.582414033210859,-4.293261763918129,3.4305703956591276,6634.225
5596246664770332160,120.55140978838182,-30.521512007032932,14.9664,1.3909082,0.38043039041582793,1.5321148994676057,2.1279278607673806,5376.9497
5596236081971375232,120.44652643229315,-30.71728560420661,14.970885,1.3749456,0.3123509015171939,-1.2413645116076497,4.341977658314938,5034.372
5596248520196177664,120.5844662181524,-30.457393383224016,14.974244,0.8441973,0.471238708016029,-3.5846880393044467,3.340488538504031,7065.2383
5596234913740251264,120.49804016066413,-30.764827676411272,14.977446,0.8618231,0.7990492905613736,-2.6297593377166106,0.819884624760722,5768.864
5596991446455240576,120.3053930099265,-30.583467493007547,14.978224,0.79891205,0.47185407265929336,-2.7426640938167006,1.533836656583435,6556.9253
5596248588915654656,120.57469059939385,-30.445019491150607,14.984026,2.4857912,0.14091371768350905,-1.5801885003956118,3.119018162101662,4795.3306
5596239311786784640,120.41914530721974,-30.681915769698882,14.987987,1.0341015,1.299986367566418,-9.305258394791554,5.279932075323746,5187.558
5596235527908859776,120.53008562448144,-30.715255277059793,14.9894495,1.0163803,0.4649023474636634,-1.5727123813998578,-1.1384216252926036,5632.3916
5596229484901468032,120.6120311040981,-30.71563833622716,14.992367,1.090374,0.5440092245222949,-0.28808051794231804,-0.21310988171125578,5112.1055
5596235527908859904,120.53139071024341,-30.708359911154616,14.994789,1.6868467,0.20060243870591624,-1.7432115745180443,3.467391896639905,
5596221376003360768,120.50498686163614,-30.816105723692658,15.007589,0.88747597,0.4316215671525049,-3.166570778344987,2.4833514809971207,6375.8384
5596246630410585856,120.57764156120881,-30.519306528336084,15.0076475,1.9537067,0.24637267767489118,-2.0310173563811897,1.4841723220078944,5512.3325
5596229210023495936,120.68351166103577,-30.695411439157617,15.008752,0.85714436,0.4862232870635757,-4.097003135870321,3.953621348771164,
5596998215323494400,120.4402912202931,-30.462551037070682,15.010994,0.85491467,0.5855805601215522,-9.795453415407495,5.482071556699911,6017.6255
5596223368868077696,120.59217633705242,-30.763859373238443,15.011344,0.9353552,1.0527197530001646,-6.143868500287166,1.7084373771764736,5607.4014
5596249344829905792,120.55790933153624,-30.445939768735695,15.011562,0.79067135,0.5073811194164666,-5.28945439206332,4.394636291254939,6551.3193
5596243400595179648,120.60040059054357,-30.553965674330804,15.018502,0.7404003,0.5058093600917202,-3.4530035268818136,1.0865418361148955,6621.487
5596240892334358400,120.35895376534309,-30.584175787870073,15.023304,1.4390821,0.3352530946394867,-2.3418591147773475,3.43344703979068,5564.647
5596246630410585600,120.5718738373901,-30.510581841120576,15.023812,0.7075186,0.44096369887702463,-3.0734910844363243,2.4789868840396627,6524.0283
5596244122149882112,120.67871940667592,-30.553847265102355,15.025891,0.80119705,0.6934216643771044,-0.9786032096557344,10.225932094774876,6374.7256
5596236803525763968,120.52730117789389,-30.638751910605475,15.027113,0.790267,0.4343582362898529,-2.7920014587954913,1.6683373505576555,
5596244255277735680,120.71606119825303,-30.552532269317368,15.029073,0.77692795,-1.8411429327707107,1.0840585715196491,4.846570401799011,
5596243091357564544,120.53073369858741,-30.57698600028632,15.029248,1.9665823,0.21962103341071076,-0.7970404773867193,2.213040115471501,
5596240686175937408,120.34834195114831,-30.621132510165452,15.034557,1.7922707,0.10065933336394275,-2.625819312334144,3.681846627498029,
5596235463496004864,120.54430235330146,-30.729164636397048,15.036397,1.3930836,2.2589486847884417,-6.141723426706763,-4.381261940893516,4527.58
5596236902293231232,120.46938897205625,-30.646923414180492,15.03801,1.0906887,1.243867839448293,9.26545417696196,-20.746324418709364,5164.479
5596246046295063680,120.5278551423796,-30.57137764899653,15.039532,1.1106815,0.5612769944799579,-8.319736615541691,8.88249487480011,5629.3623
5596234604504735744,120.43455728003875,-30.72894901273338,15.044626,1.8403082,2.664383170585367,6.5333815091437994,25.67433699343425,3966.0454
5596238349713751424,120.2928337602501,-30.702824761625894,15.046335,0.8976908,0.8486293356053108,-1.5928995675433402,4.5288697636026605,5771.436
5596236288129800960,120.43535995289767,-30.696345787527594,15.049343,0.71498394,0.31552779547518545,-1.8457776982881031,3.375477129117042,7997.014
5596222922191541120,120.5347534848049,-30.78715704020555,15.053087,1.6244373,0.15531865568271533,-3.587067691540071,1.6544064404821328,5155.5107
5596234741941633792,120.3882521317195,-30.71966234244275,15.059342,1.6702337,0.12838886941701194,-1.052023867321053,2.4888866167416728,
5596233401911795968,120.47996023681426,-30.789629017311345,15.060219,0.5365238,0.22586312870606384,-2.523568359998277,2.6320807804829114,9458.504
5596242816479947648,120.54803882229879,-30.607596187008912,15.063218,0.68970585,0.42163696078078255,-4.540633147900961,2.7801533094982203,7310.9106
5596241751328019840,120.61286386847985,-30.633214684661194,15.066624,0.83761215,0.367903164425605,-4.440216747646329,3.9840688707047702,7200.624
5596247077087234048,120.44061483991291,-30.532060811165632,15.069766,0.81061935,0.5070775302204916,-4.324753627444038,3.4258467938331854,6303.244
5596238796390337536,120.33303011907937,-30.67161422515454,15.071839,0.9646425,0.47394064359074217,-5.149555236265792,4.664490374122884,6547.206
5596241613889097856,120.59141733018086,-30.657720202171326,15.073207,0.94696045,0.19942038890343464,-1.753561173180769,2.200428337500696,9362.198
5596241545169625856,120.59270549648217,-30.668705278087526,15.077704,1.33918,0.38796527910868267,-3.4885659870094434,0.3293241043830901,5153.9346
5596246630410587264,120.57379484168044,-30.51970835210342,15.078783,1.9179258,0.4282450598427006,-2.402427824250157,4.276551645222459,5483.8003
5596245187301558272,120.6141408375333,-30.510983879812063,15.085992,0.82159233,0.6646991592397646,-5.607147226441391,7.0399114977796415,6152.5796
5596237559440218240,120.34237649354935,-30.712840948950415,15.086617,1.0064135,1.1579942129055412,-3.9278235764926737,0.1027271550213067,5299.7466
5596231890083039232,120.69491417013879,-30.613138607320014,15.086703,0.7819214,0.5961079991452443,-4.501921897846427,2.140113966055777,6269.7026
5596239621024039168,120.40368104218074,-30.65152821897343,15.090552,0.84899426,0.5624236454445429,-8.200807437417449,1.1342512226026937,6556.2734
5596237868677395456,120.37651158360126,-30.687122973576173,15.092819,0.9733343,0.613346549282744,-6.24681802118908,4.8760674977996885,5524.3867
5596229210023492480,120.68414575047906,-30.689980414270277,15.093144,0.887084,-0.10826979502347797,-9.84951259713253,2.1986166763462216,6311.738
5596240686166431744,120.34789029987688,-30.620790169085833,15.098546,1.6213617,0.20345896033110378,-2.070429291869748,2.831232048000953,
5596239724103250816,120.40841833904015,-30.63651545677909,15.101871,0.948246,1.1561217522539091,-15.927144964881947,7.126608711228847,5542.96
5596234226545610112,120.36479440437385,-30.771952441111612,15.10379,0.904068,0.42506352566678013,-2.431928688434044,3.6924985589046617,6359.5483
5596242129285128960,120.61982417469315,-30.616726090997116,15.112199,1.6393242,0.3693456495065026,-6.347050645709906,1.4703967535665305,5409.5596
5596244878063920512,120.61328221378918,-30.538979689543446,15.112937,0.8493376,0.2711283961791932,-2.6416239605103624,4.007099812169126,15005.582
5596235257337652352,120.46138788035836,-30.736069765905516,15.118147,1.6285295,0.15178067090808542,-1.7576558436787941,2.5386614708061437,5225.4697
5596236666086838912,120.50615858747304,-30.659249073261837,15.121764,0.61648464,0.27960647684349754,-2.1800715033252946,2.2927539817743643,9962.132
5596240892334360576,120.34987144488684,-30.58517115350967,15.122361,0.8786545,0.40421859678390276,-1.510551858609759,-0.8885402594648578,6686.163
5596241747021541504,120.60594053754765,-30.63333820635573,15.1264,1.1317043,0.4325129315814178,-5.320747891715135,7.999526449001792,
5596234707581914368,120.37726965081573,-30.732973911176135,15.127791,1.3714218,0.5317019592614813,-5.70816317127405,2.7481746510588843,5535.9443
5596248004800129024,120.50646082577482,-30.456022597735544,15.135167,0.75200844,0.16315949466787066,-2.584730542064916,3.3353151518748287,10268.207
5596997974805379840,120.4118852853095,-30.51118876172198,15.136347,1.4149113,0.24518921286543843,-2.9426741182612375,4.798155297136755,6040.7515
5596223815544649344,120.59613250465789,-30.716029128441736,15.136442,0.94391155,0.7378550475234759,-9.088801913904943,3.2666131373400527,5413.8677
5596239208707191552,120.3389538591608,-30.631201685802637,15.13768,0.637516,0.28936911149533334,-2.5193346175256672,2.807336504017655,10578.743
5596237142810859904,120.33298929599201,-30.74866319306875,15.140388,0.9689665,0.49717129630927165,-0.23661944811133187,-0.5838914392363788,
5596242679041022208,120.52480451913151,-30.62836034986804,15.141201,0.8942909,0.6820564717913293,-4.19152229983233,-3.3380313448039542,
5596243263156235520,120.58464351674701,-30.57481574076981,15.141524,0.9702234,1.0639816989007669,-5.198057194950311,2.9689198447359604,5223.462
5596239380505872640,120.40322917282988,-30.664233713192864,15.145262,0.86748314,0.314353752874385,-2.217798539384866,1.9735263378320465,8272.034
5596239689745912064,120.39300471952849,-30.639724719851912,15.152598,0.9923792,0.9297372174759571,-0.9392229551746946,1.4125973797424398,5139.6035
5596235532206723456,120.5226837180815,-30.71153540033304,15.154298,1.1657171,1.5830115740057693,-15.286009291338386,6.799998693708293,4716.3486
5596234467063731712,120.4007122833372,-30.74483697298241,15.156508,0.50792027,0.18092724785778552,-2.4616322746055763,4.043125315725145,9828.877
5596234741941640704,120.38196427738005,-30.7202483426681,15.157566,0.8708973,0.5991097822003156,-2.2864070780703964,3.5722925621259014,5932.6167
5596241682608552576,120.61684088715599,-30.65592844495094,15.158966,0.9170952,0.45091961968382144,-5.936897714668989,5.647199408735027,6455.2407
5596223540666731008,120.61788568342743,-30.72545007177611,15.15987,0.69013405,0.20461831197249625,-2.0605838421471345,3.1984143895427297,9412.507
5596229450541699072,120.64141227223666,-30.70405094218643,15.1676855,0.9725561,0.40067508712249433,-0.9150869165523765,0.3004954431304052,5564.965
5596236219410301952,120.45622911392164,-30.692833057250766,15.168504,0.5040579,0.23612095461323152,-1.7440266502856736,2.4422012988558914,9779.563
5596240136420100480,120.43533125237585,-30.618399516797272,15.16869,0.73258305,0.2255870320430679,-4.069378137073768,3.8555097055670218,9444.696
5596242816469996288,120.54822005748873,-30.603616270797417,15.16968,0.9757719,0.4840957013908639,-3.6657067279268913,0.650359311956749,5911.436
5596239277426668160,120.3216739617836,-30.605465509100885,15.170501,0.6504221,0.34275956367054655,-2.4868967470822136,3.2238495996085446,9598.724
5596247420684607360,120.45557189199991,-30.506884156195483,15.172514,0.6744013,0.28031118537407174,-2.56782200057445,2.765048955016543,10377.684
5596241545169618560,120.59581025615684,-30.660186794339122,15.17577,1.096364,0.462946926569193,-1.6564973814768187,6.747108026281196,5893.3457
5596243263156235776,120.58729891074174,-30.57932315772678,15.176232,1.2031174,0.28796440233101017,-1.6831352352231792,2.915971965840818,7916.0156
5596222544234361088,120.60748236941197,-30.792961835455415,15.176807,0.7292347,0.32184560538009893,-1.5486960490807655,2.736733044445727,8310.0625
5596240651816184576,120.39445342888193,-30.596437039724226,15.183642,1.0729332,0.3761936229284477,-1.8629386155185093,4.194617112425711,6574.2583
5596235291697370624,120.47769157676386,-30.73044131477027,15.184997,1.1925421,1.2963354979048143,-3.040510805595831,0.3698789726944466,
5596998318402774272,120.37952818630767,-30.481045678652922,15.186134,1.0495176,1.4096729132004169,-16.39374787906662,10.193673487920698,5207.9175
5596221341643595264,120.53212134585245,-30.813515143415536,15.18696,0.97791004,0.3816753058014489,-2.39276532093212,4.424034150325442,5717.6826
5596238796390335744,120.33505022890066,-30.666118473568403,15.19241,0.9363775,0.8844366248159915,-8.146994750685385,2.8123798621749283,5676.985
5596239586664304896,120.393587008533,-30.659691840436857,15.193401,1.336462,1.9877140488484446,-10.541262219257757,3.4008729684117127,4521.274
5596223231431316096,120.54871585932966,-30.764668523836097,15.195227,0.7097492,0.36409606093060004,-2.878306375978906,2.41674390307419,7549.99
5596238006116356992,120.33734196948119,-30.685674078872864,15.199655,0.8911848,0.8166021759896257,-5.760987506017887,2.275076490187934,5439.285
5596238452792962176,120.29947260492091,-30.676907786145026,15.203802,0.87722206,0.5911978469655863,-4.602712023961839,5.665154341924875,6359.0
5596246046295068800,120.51247575885412,-30.57562705655068,15.204743,1.926589,0.15249368061443702,-2.2945257248752027,3.3019758612621093,5652.4517
5596241098492764416,120.43997681635496,-30.570828156203724,15.210262,1.05375,1.2192095001860845,0.09792848070307841,-1.570186503122933,5226.4395
5596241339010945792,120.38511539985609,-30.55342476847869,15.211562,1.285449,0.3572769622149639,-5.884229321376944,6.2872296610733045,5879.0723
5596238074835827968,120.36411809859848,-30.687350156350092,15.214074,1.631856,0.15085110956734954,-2.223090126423867,3.6502459588037013,5449.3154
5596243641113350912,120.58259693285683,-30.540967279686182,15.22895,1.401845,0.32887745675270164,-1.373456324094776,1.23349833313607,7309.0244
5596992064930418816,120.38433413281847,-30.531815296350572,15.232518,1.0725975,1.2398944258066857,1.9502797153217484,-3.2649738961802193,5374.618
5596241854407285120,120.555098866606,-30.641250474727713,15.233374,0.87523174,0.2754095331468983,-1.9402653618283068,1.5276699009441663,9291.917
5596242885199142912,120.52722303349437,-30.611981824894688,15.235715,0.89362144,0.43155047244198425,-2.2878738667374083,3.764026655372621,6264.765
5596235566575197696,120.55146964240396,-30.703531080653754,15.23603,1.2559824,0.9550204797859155,-13.082993814902146,16.07274187161578,4746.7812
5596236253770013696,120.47477400319433,-30.671745272348485,15.239503,1.0419197,1.1214150258809217,-0.035204452885719384,14.043534858941115,
5596241064133031936,120.41392826001778,-30.568349010255744,15.239605,0.7771549,0.6636202601273545,-1.4863462830562477,3.4134305191582524,9792.678
5596239964621401728,120.45266873267956,-30.609617313698397,15.240806,0.7219038,0.3476454510770674,-4.03737588868345,3.4448799769349048,7978.5615
5596239243066932864,120.31748093276461,-30.62421255612524,15.24235,0.86413765,0.44394368859897204,-1.3207426300910807,1.956380217664327,5989.065
5596998043524863104,120.39909575898233,-30.50255753278195,15.243619,0.87506866,0.6934667879440098,-6.999460532636714,1.1717353239332913,6135.8193
5596230034657216896,120.66901576830469,-30.674394008960185,15.243751,0.98910236,0.5084279390865604,-6.035436920603491,5.4845760495240015,6014.019
5596235738373923456,120.51532341012245,-30.70760937970047,15.245617,0.6779146,0.2211842927870933,-2.2223038533672845,2.0486015222112393,8598.128
5596236872245283968,120.48648605548377,-30.65527582303842,15.250025,0.96770096,0.8268209146038746,-3.09652575457479,0.27773614676850455,5502.609
5596234673222285568,120.39478137455055,-30.737610846019386,15.250515,0.8159876,0.22920276386760396,-2.1313114267994067,3.7838146509789006,9191.2
5596248210958539904,120.58756654418231,-30.49066125691766,15.250753,0.86322975,0.5522407276343566,-5.175719289723995,3.5901826736496143,6409.5815
5596234673222153472,120.40199391022666,-30.735931794165822,15.25079,0.8876543,0.4449321382663419,-3.9412817245062053,5.271459334980609,6281.609
5596246630410587008,120.57788074469471,-30.525339524639676,15.251756,0.8779526,0.8720733404217371,-5.801936785158888,2.055999470464142,6023.9517
5596232061881696128,120.73034200584357,-30.578592285679317,15.25195,0.9785385,1.127330877345007,-4.37267787729548,5.125901042957922,5338.7476
5596235497855719168,120.55953300318565,-30.711466607315785,15.252323,0.84414196,0.5449420067019871,-6.490767439858922,5.105954602684859,6474.6616
5596233642429994240,120.43196991553448,-30.767588549190926,15.257228,1.2154884,0.3360489568400241,0.058979455134846814,2.5486483647001776,6296.78
5596240067700612608,120.46622086875529,-30.605916612062387,15.257483,0.7379608,0.2463902986667693,-2.8359608846738684,3.102196715023752,9574.819
5596235360416809472,120.51438142194695,-30.718144288225464,15.257737,0.7902508,0.38243936240753856,-3.3464321949387688,2.714273256498757,9238.556
5596230103376663296,120.6961542581483,-30.651704340311657,15.260231,1.7395096,0.13970143091492895,-2.1148173412409417,1.9617307316452706,5341.9727
5596247901720936576,120.46271098738293,-30.478566948168908,15.261316,0.98690796,0.32748065151650874,-4.038036412195075,2.7275385671530854,6800.114
5596244225228870272,120.67715930080308,-30.52741896454339,15.261503,1.1520138,0.3513821004108166,-1.5129812135558662,1.9645313215298417,6474.921
5596992644738185088,120.31154526211535,-30.527705491679306,15.267285,0.8755646,0.49075735729554404,-3.971295405827025,-1.0448448904257632,6436.991
5596247248885911808,120.46542180258771,-30.507441330236645,15.267354,0.87539387,0.21452179510715585,-3.0189749583189363,3.178542153414533,9381.95
5596231683924609792,120.70456494484759,-30.628107793949457,15.267829,1.072176,0.9387662025115521,-5.7472619782442305,3.7583385114029855,6595.8403
5596242301083783808,120.65219715637961,-30.5868608210758,15.269619,0.9087038,0.49873311295355216,-5.09885570008286,0.046216819823304355,5643.2705
5596236081971379840,120.44408986497108,-30.722303784212283,15.2714615,0.96064186,0.5375606228343104,-0.9821666099631698,1.74405481912173,5680.548
5596237799958344576,120.38227613745435,-30.706523243590606,15.276345,1.0644426,0.5890222544522576,-3.777806318886077,5.16875656836392,5223.31
5596247455044339328,120.46513315882011,-30.493089850114075,15.280101,0.8972473,0.65677342638515,-7.487942978210937,1.6656076589243534,5864.0835
5596236288129806336,120.431484217005,-30.697303440618033,15.281267,0.7580185,0.40882601588417405,-3.514252847590454,2.195088450207016,6877.9136
5596991755692870272,120.29911820722221,-30.55223149991864,15.282711,0.7435808,0.4006597618745969,-2.3368636253632302,1.7977264462392106,7510.3623
5596241029773300736,120.40613013560217,-30.585409822675203,15.283585,1.7839346,0.14539536357698207,-1.494611302324743,3.0265192391716904,5465.3677
5596998524561134336,120.45063917309646,-30.46510741763037,15.290343,0.7676306,0.423326447436046,-4.2786745666831365,2.1316429107996857,6823.662
5596243538034141952,120.56449682383861,-30.54295495970946,15.295524,1.0731611,0.2983850811172341,-1.3984881148360377,3.140346847973184,8891.374
5596232096241447680,120.70490601831968,-30.57536224221363,15.300861,0.94476604,0.7373916064401043,-2.8930013247562116,3.7526040477638776,5360.8774
5596229931578014976,120.63209624033914,-30.65047623437911,15.304091,1.0213928,1.0495747373358981,-0.3309698001653561,0.6200024491084346,5319.7485
5596239827182461312,120.41531354503829,-30.618653281785093,15.307759,0.7784872,0.22025824704115293,-2.3509087004585454,2.5845260507499206,9578.152
5596233539350788352,120.4354936021061,-30.78603492654683,15.309928,0.95394325,0.8572876300665254,-4.197918792444375,1.0369328292091124,5429.4907
5596235738373910144,120.52606636250435,-30.699188948462197,15.309995,0.8143177,0.511285769650967,-3.839703978021283,2.411674858820688,6907.485
5596229313102667648,120.72460350309065,-30.66802659924931,15.312229,1.1235456,1.1827914803986992,-13.491361650835515,9.258265659935102,5088.759
5596223678105713408,120.58248613068176,-30.73190706072663,15.312544,0.7417345,0.30739416558124366,-2.62692583708914,2.7563854171118427,7877.818
5596229136992082560,120.69136828928961,-30.698981911954384,15.314171,0.8845415,0.7321006924451464,-1.952647381531919,-0.7231243570120588,5970.661
5596246458611913088,120.54139170809118,-30.544919438434246,15.316086,0.9328575,0.26250095453510797,-3.6805558408918104,3.309753116463782,8531.82
5596236872245275776,120.4889244378078,-30.64404485985887,15.317915,0.83614254,0.5781658882197459,-7.524600594141433,6.552915181198527,6043.6274
5596238452792963712,120.29800451910661,-30.684555762697475,15.320074,0.8733702,0.6571417049913185,-8.203866995273856,7.530805245440726,
5596235566575199872,120.54987445314853,-30.704025465012016,15.32334,1.614707,0.1515499748311849,-2.4710941407385247,1.7830086292794327,5301.842
5596239827182460672,120.41273223610693,-30.611481595755585,15.325144,1.3358641,0.4275141406158957,-1.5692177216545478,3.630853114998163,4991.4385
5596241098492767104,120.43191441216338,-30.574536993986158,15.325496,1.3571596,1.6893566179151234,-6.076786015715679,9.918132283802063,4786.9927
5596229519261184256,120.63079321949984,-30.705307885179607,15.329398,0.6507139,0.40522711383163207,-3.234873700102671,2.8271999414905222,7877.199
5596246527331395968,120.52522737777998,-30.543465499135785,15.333437,0.9876108,0.3963465962311295,-2.5049310455282807,1.2425760421118015,6967.5645
5596240514377240448,120.36589518167229,-30.61646122166355,15.334616,0.917552,0.45871975327234726,-6.310130478312503,3.8126927851167816,6252.832
5596243606753609344,120.59271806305681,-30.541096301159392,15.339038,1.7598543,2.8568605415248274,-23.508071488334537,22.27725289501725,
5596243881631698944,120.70607302098763,-30.554331791840436,15.339817,0.9375725,0.4739605458119797,-1.0565734892689729,3.67582252638916,5548.312
5596246630410583296,120.58004015059085,-30.514845829982704,15.344996,0.8527117,0.6226237708736486,-3.2077470726674866,1.6833771920912888,6226.887
5596235532215480960,120.53735925915826,-30.71731798342889,15.345428,1.7934256,0.13527155332984633,-1.5081058760285602,1.3860152647425252,4981.171
5596240514377241728,120.36095228434718,-30.618427528767118,15.348749,0.9483471,0.8104376030656875,-3.3699896474571327,0.9247261781978122,5716.2607
5596242541601969664,120.62301803872518,-30.58099444064741,15.351885,0.70219994,0.4068699274029556,-3.7196244351924124,3.8471172063775727,6796.841
5596244225228868864,120.68195970196788,-30.530069797346044,15.358509,1.0056973,0.23488482576787473,-2.162233168609227,4.029690366505331,11266.037
5596234879380564608,120.40044708057108,-30.702948442386266,15.358787,1.7547569,0.14013951582918474,-2.5384725082506634,2.234188950659475,5074.1885
5596238968189025408,120.33740641620413,-30.647520170764412,15.361969,1.2342014,0.3604413372313731,-1.9958345079851094,2.6123000107416297,6068.426
5596242953918624384,120.51248892718736,-30.6109837320125,15.364061,0.8363352,0.4402810159752284,-2.522880871325794,5.621570814637192,6425.499
5596244534466718208,120.70337235831748,-30.52864102687778,15.365372,0.85349274,0.3775555196926345,-1.768711364119194,3.3414687603607565,7482.0864
5596233779868907648,120.46036516778419,-30.742736514889966,15.366763,1.2152796,0.38680081159205626,-4.505167162558033,8.528662827362965,5338.5454
5596234432703996032,120.40580387635723,-30.757039935837756,15.373016,0.5649824,0.16069023206437755,-2.0344596365515004,2.7892080410092968,10165.131
5596234776292854144,120.40337151175787,-30.721627647394296,15.373505,0.9170265,0.6294865416454134,-10.490909057479374,2.4554875623279204,5783.6216
5596237044043635072,120.48732018223696,-30.62998527661762,15.376059,1.7533045,0.13970222157840298,-1.39632782235698,3.2690770084989818,5156.705
5596222166277254144,120.59439704295782,-30.798369393498806,15.377034,1.6022291,0.1882441635217738,-1.1027621935833878,3.620339295779849,5765.9316
5596223231429169408,120.54590213455836,-30.769220201927702,15.377061,2.3802938,5.34833967367522,3.5615366803844886,-32.229407931062966,
5596247970440394496,120.49802030955522,-30.4576499290481,15.378088,0.7837,0.2617555312729134,-2.300077204835106,1.459552716723504,9273.398
5596240514377238400,120.37028097412646,-30.613468189143866,15.381872,1.042779,0.24912410059409337,-2.021580847163648,2.7713841822077208,5854.585
5596222509874571136,120.65741447529194,-30.765795896890726,15.382641,0.81598186,0.39250872509648677,-4.573750410085376,3.4623614359199237,6765.2173
5596998593280615808,120.43753667571355,-30.457141465158056,15.386183,0.8801594,0.41608514156648035,-6.025989307793662,5.556053654169041,6144.8096
5596241545169616896,120.60214882509588,-30.667442847150166,15.388505,1.4032049,0.3590734283160307,-4.231516655280314,-0.12688600719799198,4901.447
5596242472882490368,120.63048542860976,-30.585986495649113,15.389954,1.2119989,1.3877278191147011,0.9050326656907971,-4.1867008793865015,4807.5586
5596233191440723200,120.39788176169598,-30.79675277341976,15.390174,1.5968857,0.12942844391024286,-1.7133929350760777,2.7972910074880795,5251.989
5596245187301562496,120.60659929128954,-30.51590448249127,15.3908615,1.5046225,0.27886503958159314,-1.620041094981099,1.9362530542821292,
5596238757718931200,120.31851070657423,-30.676808292874604,15.391512,0.9274616,-1.1956495126542013,-1.35784510630807,1.8729640712522824,6454.4224
5596242679041018496,120.52586517970961,-30.621859839437246,15.39361,0.9383936,0.6691578456460875,0.16787421213869558,-6.249861130044275,5733.543
5596245668337873792,120.66390645542245,-30.476741614883096,15.395654,0.8662729,0.6524571410558487,0.20748632108132864,1.7300071091442286,6038.4673
5596234501423436800,120.4309558044026,-30.73829546185027,15.39669,0.88104343,0.5595540752112679,-4.290153022502388,3.190984852791919,6269.2827
5596223437587566080,120.57127046844964,-30.75281527764667,15.396994,0.6955805,0.3241513841317236,-2.809723330750371,5.0191558619628065,7492.5884
5596238070524166784,120.36329084948497,-30.6764382216824,15.399429,1.2871208,1.4170393086344146,-6.178868644513729,-6.53217081190813,4833.501
5596240445658306432,120.37625197935425,-30.630727418269803,15.402002,1.6098547,0.2218441481839637,-2.1623700606551224,3.969606638321588,5172.8726
5596246389892453248,120.48389788910694,-30.537260269474082,15.40752,0.84496117,0.4830770802957536,-1.1085073572562723,0.7858479035302197,6401.7505
5596238865109814656,120.31998226345407,-30.655623456187513,15.411879,1.7215757,0.23742891228555071,-2.4057169194036865,2.7542827069419005,5525.946
5596237834318054144,120.40313780827945,-30.689671968005864,15.413074,1.0195189,0.23175145285139293,-1.4493867088679204,3.160146673447528,7142.204
5596243812912251520,120.67212504897836,-30.575255628144756,15.415468,0.99899673,0.4209042239726681,-3.320226394544253,0.647527102476749,5319.5444
5596991480814948864,120.32440889596609,-30.56839207056044,15.4161825,1.7457428,0.2057661345577963,-2.6939329185270258,1.1086387278109016,
5596998215323494016,120.43810801479029,-30.459193284059083,15.416793,1.8572454,0.15744828219470533,-1.5564617260950828,1.0392690559630098,5158.823
5596242094925386112,120.64047484660315,-30.636258472664796,15.420653,0.9979696,0.9963446214566537,-3.1947219009658117,2.9920747180228955,5343.741
5596237250202593408,120.33595199189739,-30.74774454239141,15.42231,0.57585335,0.2631257300600921,-2.456419471898994,2.7434821857484124,9741.29
5596240892334360192,120.35030821353281,-30.57922609175984,15.425315,0.8882332,-0.9299169104153299,-0.1598292632682342,3.7912804029329465,
5596242369803287552,120.61931560206403,-30.59527411162767,15.425709,0.92451954,0.6002213058877636,-2.454881493608344,1.7677144809660152,5745.182
5596238830750082304,120.30316152909519,-30.669767316908963,15.427115,0.9372225,0.5123146577179999,-4.5375247530736695,0.9924107945199497,6534.6743
5596240617456452480,120.36835700967505,-30.603369239936217,15.430426,1.0084362,0.361131787612312,-2.4938748298655025,2.718895651481926,7031.169
5596247966129903488,120.50389597647451,-30.461453648771748,15.434629,0.6864872,0.24392401007918546,-2.591578145398623,2.7079371497658693,10418.692
5596241442090153344,120.40144690082036,-30.54642132120805,15.435906,0.82363796,0.37315352216258013,-5.88166708155825,5.685378665151965,7644.4893
5596229450541709696,120.6377153601496,-30.717970255807057,15.435949,0.613925,0.23387345030005952,-1.7759737212368227,2.7573907359782304,9868.416
5596246183734035840,120.47619854605038,-30.579969833255976,15.437864,0.97120094,0.5156496721734393,-3.2398159647468603,8.198130749437105,5770.8657
5596230137736387072,120.70663406563156,-30.638662314329757,15.439713,1.7333488,0.2603516442405596,-3.1566784048880425,3.6980721154035088,5065.572
5596233951667691136,120.39498187136545,-30.791895398415463,15.444623,1.0843458,0.9499663923257604,-6.705133196158325,6.809506058071697,5531.5396
5596229171351899520,120.71102553951879,-30.685061807470593,15.449246,0.5254488,0.3122833572019427,-2.602056469886784,2.7972424674576652,9546.278
5596236562998869888,120.49857953385182,-30.67282896937397,15.449392,0.9379215,0.7683994006833818,1.2856654388947724,-0.017386981886363156,5283.351
5596245668337875968,120.66366583763144,-30.483339605888556,15.449429,0.8225565,0.33676433428063096,-1.4526266502762564,2.6378572115065912,9469.353
5596243366235442176,120.60175185354056,-30.560450551010767,15.450676,0.78987217,0.4503273200922782,-1.478149924527712,1.9147332965496464,6375.4463
5596998077884585856,120.40991225566584,-30.49245095213902,15.453936,0.7973671,0.2990854409538035,-2.3177084009712923,2.750272900550521,9426.852
5596239208707191296,120.33383868065371,-30.62039362580812,15.455856,1.1426077,1.1995128398231767,-2.0854405972267442,1.6981212873153066,4997.243
5596241510812110080,120.58296267851505,-30.67983904792318,15.458741,0.95758915,,,,
5596241132852500224,120.44140398552355,-30.56117160140354,15.459602,0.8657217,0.2588640230257179,-1.7547183102638193,1.9796581372763198,9335.039
5596248554555912448,120.60183404461617,-30.457376531976784,15.460054,0.902071,0.2675741887541094,-2.3828746282842417,3.800375875983594,8988.179
5596992099290142208,120.3925217007185,-30.516863513769408,15.463122,0.9017992,0.48323891163993976,-0.2168304834338005,4.714612415781572,6178.8667
5596229725419611136,120.62023171714642,-30.68431209520081,15.4655905,0.6414261,0.6179978122998012,-4.553136400662169,3.1076609313009254,10448.293
5596239002548762624,120.33743518942158,-30.637571401463138,15.4663,0.856266,0.41645495471624305,-3.3456307539251524,3.833307533799424,7090.2456
5596228346717809280,120.67834026967641,-30.755252587230288,15.471427,1.0083971,0.8790356677345589,-10.102464489923406,-2.409249333167515,5064.5903
5596998112244295552,120.43558160717913,-30.481793755671614,15.472152,1.750205,0.1736857728420368,-1.0639569660516206,1.4128222193895974,4999.2544
5596244225228869888,120.67897633304021,-30.52939853511454,15.479322,0.880497,0.6467546802601712,-1.3736640869957326,4.897903643276616,5543.152
5596241545169628800,120.59362136029576,-30.67625077598286,15.484483,1.1440783,0.3308433363580761,-3.7394157494523337,3.607125487060673,6641.433
5596235772733636096,120.5348274612777,-30.692534174314506,15.484875,1.5582628,0.16169156125549367,-1.8064377169949337,3.267317078210272,5801.079
5596240205139580160,120.42050928771083,-30.608607962923593,15.486473,1.6746778,0.19456247805649493,1.314620050818157,1.1244562428731606,5161.6616
5596230069016942976,120.67018103904057,-30.652183001953087,15.488212,0.7348833,0.25710607536036884,-2.204561293707558,2.9254787316426993,7715.823
5596989865907308288,120.29413268529198,-30.615065786294,15.48984,1.0985785,0.23246209650671668,-2.1021386152064405,2.4931732553788093,8562.855
5596223265788886656,120.55395999906425,-30.747563262649283,15.494756,0.7790642,0.38749745479514874,-1.9233070969690793,4.870596751062522,6865.4077
5596998524561132416,120.44892274696315,-30.458520129174186,15.495921,0.968585,1.8215383225477455,-2.286349959339434,0.3047681594845333,5469.213
5596234845012350080,120.39289161048875,-30.713905121484686,15.496148,0.95992184,1.0373261379539163,-3.304363530509873,6.680456142219046,5282.3823
5596230442662552064,120.66897289584456,-30.62551114903385,15.500046,1.5894346,0.1735631969130792,-2.255002038467536,3.7327373945649245,6457.456
5596221410363086080,120.52077972295218,-30.819071660749707,15.5011635,0.91672134,0.3825555542055109,-1.301876255194002,1.3030311257236042,6817.155
5596989934626774528,120.29785471436956,-30.604931259347456,15.5051365,1.4059467,0.2587400707247343,-2.27064644015584,3.9978793053103026,5646.41
5596241785687807360,120.5706517797004,-30.66139551187525,15.5071335,1.028018,1.0233011947597286,1.1917894314160415,5.29391606108946,5356.924
5596223643746006144,120.55920711675098,-30.750504290879476,15.507209,1.4193048,-0.3698745696878196,-2.8642425740777537,0.6289170010970282,5574.428
5596240961053824896,120.41149964023239,-30.59751164467473,15.507497,0.89775467,0.38835974262612055,-4.057938123277707,1.5493323310822467,6735.308
5596242777808724480,120.57661286159906,-30.604086091370498,15.509199,1.3553448,1.5953091737513168,-10.510201033557014,9.751581346308008,4707.6235
5596241201571979648,120.43176798241929,-30.559164597815528,15.509608,0.83302593,0.44051992532817846,-3.3893388196406415,1.8065764190480156,6449.9097
5596247077087232768,120.45130573508104,-30.537860477193345,15.511557,0.927021,0.6461421338644092,-2.125025737933448,0.43074512825639455,5368.844
5596229446229710592,120.63851609092788,-30.707213392535095,15.512153,0.92107105,0.09539304249299597,-1.2183268430594816,2.1545087745916245,
5596242885199453056,120.52046874202432,-30.623174975047345,15.515702,0.845418,0.33057107693673804,-3.2579785613457153,2.911249809549793,8910.006
5596246080654798720,120.53331415985586,-30.564138672845615,15.5167,0.90453625,0.4323165055504594,-3.3089770962420886,5.294481538878386,9286.634
5596233161393700224,120.4107891803053,-30.80035044851349,15.518541,1.6094093,0.11844952855538027,-1.8005742995310188,3.253340667698617,5356.494
5596991996210980096,120.34842998206025,-30.536825836322706,15.518851,1.5945463,0.14911149463447707,-1.9164200681584145,2.6791179477063074,5258.798
5596242679041011584,120.53741075912951,-30.625542549358304,15.518971,0.8439293,0.37901938799581597,-3.538472197285305,6.310539247499301,7107.705
5596243469314668544,120.57202259825596,-30.566843435921957,15.52154,1.3029766,0.3217750390948033,-1.3431926280553066,2.5144190910433286,7371.366
5596240136420097280,120.43787965749117,-30.61115406452183,15.52176,0.91432476,0.4616245490709468,-3.1334950959522008,0.20393585065186257,6328.6665
5596233436271528704,120.47827929886239,-30.778013451983952,15.524284,0.5874996,0.26897378694256363,-1.8525753914359142,2.3287514775572182,9347.695
5596234363984522752,120.41390176534993,-30.773529333269398,15.528092,0.89062214,0.5838423894687946,-2.116447521102868,1.989020099382771,6014.012
5596246110703550208,120.49891211600703,-30.562368502376298,15.529252,0.9199257,0.4343007536867158,-6.565825527366398,3.8376588800587617,6438.61
5596992271088882048,120.3366748132877,-30.51263547054171,15.53265,0.8662386,0.5300099152317096,2.3688396196819097,-0.7935116783119844,6240.5005
5596998043524864512,120.39872741289454,-30.504169044795603,15.533804,1.1206942,0.5365258068872343,-3.4791954710036572,5.864388989685695,5286.383
5596222578594085248,120.61468886132715,-30.77820568523584,15.534507,1.0262766,0.46358087021348965,-3.207421015771791,-0.9969662127039473,5521.3364
5596244053430429056,120.64921722964841,-30.561853403987637,15.5370865,0.8485031,0.15100922802481956,-2.670338398656975,3.814490328681797,
5596249344829902336,120.5631631890283,-30.443431659820128,15.538185,1.8915777,0.2078588289313802,-3.532764890647574,4.1095046759993865,5452.673
5596248142239057280,120.60623504508365,-30.49535728660244,15.539442,2.1946821,0.18794653357200392,-0.9344711077691119,2.803069061411393,5802.576
5596240651816186112,120.38669246258196,-30.59514690462878,15.539878,0.866827,0.5011211143329295,-2.5794413947713397,0.6875622939562925,6256.4
5596238418433226368,120.29116423915671,-30.68976683202589,15.543064,0.83605576,0.20136270874631668,-2.3463101764675054,2.9247403238279244,8738.517
5596243160068257792,120.58734074306811,-30.59427841557021,15.543681,1.1002007,0.38662435483902313,-4.516611735948147,5.029223865238133,5754.2695
5596232027521969792,120.7156319727683,-30.58686853389029,15.545241,1.0922823,1.1282420619678368,1.0164668780855788,-3.091107032978892,5126.517
5596236769166046976,120.50520078495997,-30.64615544758155,15.545788,1.3702803,0.3452653546989419,-0.47355693279830896,2.069927064756729,5313.672
5596241235931732480,120.38656608976227,-30.564224746781886,15.548743,0.75572205,0.41114534722717694,-6.581283837218846,6.0886000009216685,6906.647
5596223849904404352,120.57281112122648,-30.71676551804943,15.549221,1.1013346,0.36827743317931344,-1.3895625483350327,2.154819798148476,5296.8086
5596223746825192832,120.5704847672168,-30.72010788725714,15.550191,1.545989,0.3039244798254275,-2.7379929694630256,0.9193285192073843,4875.413
5596246870928766208,120.53332300953156,-30.506145650625832,15.55869,0.8993397,0.5463594833302571,-4.57551216855185,5.280269119710298,6440.632
5596238830750079488,120.31827621107114,-30.668223493716,15.5595875,1.1548347,2.4008409169984946,-7.886614641884501,3.5585351123852234,
5596223093990244224,120.51840229270063,-30.78239820864135,15.560424,0.948884,0.6362221757731409,-15.024791042700842,6.102137412799831,6277.941
5596231958802525312,120.68116695427719,-30.61090839838833,15.561539,1.2248755,1.0035086026252626,-3.273438506045844,6.3124817702648555,4935.111
5596233539350788608,120.4361858073326,-30.78710336593374,15.562147,0.96498394,0.37911387100337934,-1.879065923425414,7.136549581194775,6012.9624
5596234329624805888,120.36747231708327,-30.738955290716476,15.562238,0.94076824,0.4048741999460471,-3.508270350460745,3.3985387422838986,6375.7334
5596246900977866112,120.5542717768081,-30.493107504609654,15.564054,0.9026394,0.4364571567043436,-6.023398419117152,5.880148144154903,6061.3574
5596243160077291392,120.58752366277183,-30.593749794397926,15.564236,1.0384226,0.4546156605968947,-3.1425737733865713,3.353539008349753,5960.319
5596234020387170176,120.38398656588889,-30.78084136621829,15.56536,0.97781944,0.7903168726968659,-5.66517181980236,4.652173127466628,5294.3955
5596233672477172736,120.45604802126833,-30.77278683716592,15.565453,1.8645697,0.025984868541037393,-1.7685671664736224,1.6799333039200175,4863.0737
5596234432703998208,120.40065171355529,-30.752679315865272,15.567554,0.8167267,0.32826147405178274,-2.989376720787872,5.595620192786184,7409.695
5596997974805373824,120.41555537076225,-30.506655398859607,15.5683775,0.8045111,-0.217307011000334,-1.3971700743122701,2.9564520480621286,9528.979
5596241339013329152,120.38585514481395,-30.558753340490917,15.571205,0.9372587,1.7115402537461555,-7.623190486203438,2.1972936626530535,
5596998455842065920,120.39128172995711,-30.456043280348734,15.572571,1.0352039,0.8794139301405767,12.412214087803724,-15.90067367135968,5430.6353
5596238865109812736,120.32434192774174,-30.652034414684625,15.5728245,0.839118,0.3239681000417651,-2.7736291034551486,3.5812098482615236,
5596239277426668928,120.32704783680299,-30.617445124984837,15.57354,1.1573524,0.26286885625470774,-2.612289762192618,2.604899912487051,6183.8105
5596239380505873920,120.40074066624632,-30.666486293635348,15.574113,1.5676146,2.0556426511628407,7.565450545050434,-30.256896481754275,4367.6187
5596234535774608896,120.43497051483659,-30.73381799949317,15.574223,,0.19917095728645087,-2.417070199944633,3.8022574336635615,
5596245702697619328,120.6433751646758,-30.476637811515207,15.57864,1.042633,0.3072527681805886,-2.060669238067881,1.6209986346033314,9199.631
5596991510866734336,120.34763466628795,-30.57399910135934,15.5810175,0.7343359,0.23068679128036054,-2.7543090680061306,3.0448108655264905,9736.991
5596234501423441536,120.42964620931474,-30.74402303526218,15.583063,1.0713205,1.0619607545656062,0.9570810089931246,5.000085652826012,5263.017
5596236322489530752,120.44326593994438,-30.69631339281155,15.583754,0.967618,0.4528262977711609,-4.817645729583074,2.7142339847520685,5754.415
5596229244385492224,120.69485066280447,-30.685785806857023,15.584262,0.8638897,0.1961702048265549,-2.199118937624041,2.2407497021467284,9540.902
5596233401911794816,120.47677581083238,-30.783640015512514,15.585058,1.2880182,0.49011579428981533,1.406116070491753,-11.215038149268576,5284.0034
5596234570142914560,120.42678071850959,-30.73370448582108,15.585759,1.25387,3.0562163442150885,-0.6201843836489678,-2.7137983492008386,
5596228419749547520,120.66836723399143,-30.74298322065807,15.586521,1.0113907,1.1000123525794137,-2.7271205238254144,4.18533218244492,5261.186
5596991515174676992,120.34442081537338,-30.58182696175767,15.589802,0.9100256,0.5895053869103839,-5.276537620448816,4.517147801329449,6149.7397
5596243297515965696,120.60692972385873,-30.568400046065385,15.590491,1.2721453,0.42822484719050236,0.521565232905629,-6.054826045716324,4941.601
5596229210023493632,120.68192953200014,-30.689546272342078,15.591624,1.4623623,0.2983294628129196,-2.4316355281807382,2.8638281493640867,
5596244053430439552,120.63752215379216,-30.563686012630505,15.592274,2.1856365,0.10272024746151276,-2.078500869808486,2.378929098022574,5564.3965
5596244122149883904,120.67446846896335,-30.552121025401796,15.593287,0.9547672,0.46773135320798415,-6.705665782811041,7.00870636221668,5533.2188
5596233333192366336,120.43871399914894,-30.801398447885703,15.5948105,0.86592865,0.3488536077194359,-1.0908983028613815,1.1345332538233937,7326.053
5596248417116967936,120.57888122014946,-30.471390505770813,15.595012,1.2705364,0.3025017059086626,-1.4223053792144045,2.959501252957917,7628.491
5596242129285130496,120.62411993644407,-30.627407018092967,15.598755,1.1346865,0.34687494727228213,-2.382055779522744,2.007626880607668,7287.521
5596240789255147904,120.34286589967266,-30.58596664642285,15.599242,0.9137106,0.5877357791153256,-1.8833985158094202,4.124724069861021,6125.1772
5596230275175375744,120.66623645846225,-30.65222331145024,15.599482,0.8365345,0.17058943328910361,-2.0123234490450894,2.9002905705478197,9297.897
5596243331875698560,120.62022545828066,-30.568013760920227,15.601826,0.89147854,0.41924922312032,-5.779966449104462,7.136480787221622,7406.12
5596223815544646784,120.59729914554931,-30.711398613495362,15.6024885,0.5597296,0.18870744580584167,-1.9015165404139718,3.190986890790093,10084.016
5596249379189635712,120.5701631106287,-30.43044275437449,15.602593,1.0289192,0.38654693338829704,-2.0770959834661413,1.3279931713807636,7950.469
5596223746825206656,120.56046269022558,-30.729366322219843,15.604913,0.63283443,0.38474239739607524,-2.984170514238615,3.1850904304806544,9371.496
5596248107879330176,120.58530723580749,-30.510550167171232,15.606396,0.8589077,0.4363305128467792,-0.374821412401033,1.890037208508642,6373.8784
5596233573710509184,120.44333525436008,-30.769229350867064,15.607875,1.1421528,0.2708087026029549,-2.124991624220654,3.192553871177367,6634.5967
5596249207390960640,120.54423087459017,-30.461436308108222,15.608207,1.0472689,0.4589876727329638,-0.17172378345264938,3.2372279884478714,6060.958
5596243641113355008,120.57083887287791,-30.544875602124517,15.609102,0.9723797,0.1653792936231085,-1.6121139654677035,1.931320290202221,9179.34
5596991515174675968,120.34066275831738,-30.57487124577356,15.611321,1.1465425,0.2919115484435249,-0.410249710954773,1.7476255806458079,7066.4565
5596242919558876928,120.5321389314601,-30.60171573012653,15.613052,0.92145634,0.5851284995406356,-2.1074804343204816,2.353234854094903,6214.8657
5596236185050762368,120.4867561157077,-30.688265732572777,15.613538,1.0281935,0.7928273389778357,-11.08478484588799,-6.022001696292181,5415.431
5596222887831814528,120.53242023171082,-30.803646808248498,15.613932,1.0131369,0.4268410921313992,-5.0585781805647585,4.2471284426227385,5978.2773
5596236013251893888,120.45013074052306,-30.71777060729762,15.615884,1.0117426,0.7167262297962572,-3.671035738904232,-3.1199145573655507,5555.2915
5596239964621401984,120.45341922088181,-30.613076338946943,15.616081,1.8230228,0.16538090156474802,-2.0881614101045822,4.055235969197781,5180.0396
5596228694627454080,120.65605015312018,-30.72399415680155,15.620081,1.5993423,0.14579323144315548,-2.374045549550913,3.8120639338996334,5279.1875
5596989934626792448,120.28280836330933,-30.608249607883412,15.6208515,1.1130733,0.8462312908818919,-6.578244145147526,8.052384341503494,5544.5
5596229244383213568,120.69786674711548,-30.674386467587432,15.620918,1.2971306,0.2632286365990635,-0.7803270607688867,3.405733968464099,5585.931
5596248142239057792,120.60466695609357,-30.495168163849215,15.622076,0.9358368,0.48271432223293465,-6.051499929767351,6.992306753879278,6059.5073
5596243606753605760,120.59841039775735,-30.53660192993773,15.622428,2.341754,0.1022694460416877,-1.7517561342164807,1.285792155071388,
5596246527331392640,120.53036893899697,-30.53901695312182,15.623139,1.7231331,0.17445437367024885,-1.7708537817955845,3.0477849192863764,5188.5835
5596246355532708224,120.50906271560643,-30.54072252711106,15.623374,1.2443151,1.4207344329016018,1.7133949959174133,6.896794225123739,4724.849
5596991583894160000,120.32676342918802,-30.563456353253507,15.633448,1.7363529,0.1089976767508111,-1.9955865903669623,2.2594716591557624,
5596991446455233408,120.31332891865831,-30.58276688527791,15.635639,1.052824,0.9735753394373561,0.6570176609287759,-1.162270082791614,5138.611
5596229862858547712,120.63215658328524,-30.667819579585817,15.638347,1.0910683,1.0237019198720276,-1.5867069172059758,1.459829559683191,
5596222853472061568,120.55227109307727,-30.80655258074442,15.639854,0.52682877,0.257385251549864,-2.9121280708806676,4.707015053154551,9527.043
5596236116331088640,120.45666627661657,-30.694795804911504,15.64098,0.8592024,0.5159548136499578,-2.966249215888778,2.438568465249482,6352.793
5596229794139103488,120.6007095496914,-30.679500957084773,15.642681,1.0279732,0.2569970804455601,-4.097608074632259,3.9353844098708937,6635.143
5596228591548261504,120.65036189330536,-30.7534442305649,15.6433325,0.8716736,0.19225456408761915,-2.3315673493827918,2.427972403332097,7979.9985
5596242747760456832,120.5683875130427,-30.614847462720626,15.646319,0.9714012,0.4148429843120857,-2.6160025999182266,1.5362800372546843,5803.038
5596222475514847616,120.63940431105709,-30.769150862733344,15.647477,1.025959,0.38337377649445104,-3.0530155154836227,5.384439304011101,5777.979
5596247317605398144,120.44873921766288,-30.52010939285388,15.649466,1.63659,0.2835529832474588,0.05993801752861416,2.8016352867965675,4911.138
5596238109195562240,120.36951625031857,-30.667881786039416,15.650514,1.7419176,0.1438825202164902,-2.738794580872085,3.3983331638850354,5111.6875
5596223746825201152,120.56351096245287,-30.723752634969763,15.651934,1.0997038,0.2941667353738028,-4.769991162890099,5.194457800466276,6648.083
5596221410363084032,120.51824075976204,-30.81206541091275,15.658553,0.69493103,0.27870504359683734,-2.659139756848456,4.648158439721038,8727.423
5596236081971553664,120.43747435445252,-30.714111583261516,15.659328,0.9213352,0.5661042786668581,1.3758795141609945,-1.1540458422352056,6168.5464
5596234501423448960,120.42503451412333,-30.748683969821403,15.65935,1.0050955,0.4427933245020447,-5.259555213384317,7.187943558498679,6106.929
5596236322489528192,120.4440847612303,-30.692492723366836,15.66406,0.818985,0.16319580911638076,-2.0523651883961174,3.760921380496902,9653.408
5596230309535129984,120.64013499982062,-30.646053322090236,15.665675,0.65940666,0.23091136406328552,-2.6861940159421724,2.8174653503350733,9344.417
5596242335443561600,120.61195699775668,-30.612050139016496,15.666206,1.8425369,0.22890799527394678,-1.8180950558578943,3.4876634254516974,5260.978
5596243984710950400,120.65504661181535,-30.56553454318474,15.667558,0.8652315,0.4560497103112636,-2.3702815526575485,3.431691737701006,6425.88
5596237868677397888,120.36687533548081,-30.691740247151696,15.671896,0.9015093,0.37905636955142485,-2.082100548470396,0.8081225868905008,6608.606
5596240720535673216,120.34787933133332,-30.605441751379033,15.672324,0.8352623,0.2377219375855694,-0.8222464074857472,1.1375788027852884,7988.4756
5596242850839388416,120.56417189608791,-30.59138180339256,15.672567,1.0703955,0.7983657455678586,-9.344535207476584,7.225152513760899,5441.6235
5596992305448619520,120.3355176061752,-30.50890115456733,15.67341,0.880517,0.5612544182125692,-4.345699578692074,3.4942398661196132,5957.843
5596247214526179456,120.45919206572437,-30.52276407242193,15.676579,0.9804201,0.7796128232570503,-2.40098789794199,2.412846999827551,5479.109
5596247489404086144,120.44134659513497,-30.494382219670896,15.678179,0.8024311,0.28024873456265553,-3.084088666667234,2.285898415194681,9497.143
5596235669654407552,120.55464625277348,-30.698537778122624,15.678761,1.7249241,0.14002659344753451,-1.9366697375067425,2.3975628339061665,5110.8145
5596242747760456320,120.5675144773059,-30.613133003578984,15.679051,1.1824284,1.252175307551874,-4.773517257069616,-14.355996591543086,4887.845
5596229141304013312,120.69771322214888,-30.704428214246427,15.680125,1.0177593,0.44395658562126283,-2.8868364023385147,6.996404720179721,5383.1816
5596233333192366720,120.43970641813591,-30.803571180843257,15.684111,1.679307,0.053798505205808866,-1.5708794602033664,1.8989239490974275,
5596241304641642624,120.38095727574334,-30.56635656554052,15.688008,1.0024242,0.7844787569756267,-0.8537057841576848,-0.6092009759124969,5180.48
5596240754895414784,120.3368000691343,-30.60800510494339,15.688888,1.7788849,0.1439263961616498,-2.2616054656566886,2.039818048642394,5042.454
5596246321172974976,120.49743137750843,-30.549028492637447,15.690703,1.8588657,0.1763191088640726,-0.9765700627326135,2.68847105426125,4828.2207
5596238865109816832,120.32039993241978,-30.66674847016059,15.691455,1.9077339,0.08891518637015813,-0.5381126057555777,2.0555635759324553,4734.786
5596991686973388416,120.30924642089421,-30.559943511198554,15.691732,1.0628023,0.40166136341118464,-1.4162987924102748,0.20519000625296208,5644.129
5596235497855726720,120.54952705440338,-30.709298987214996,15.691748,0.9922447,0.41125650819549847,-2.2134147393024826,7.278217581041823,6043.1562
5596242713400737152,120.54821419495939,-30.618096045121668,15.692064,0.8272886,0.2438597855314562,-2.2460109626977642,2.7591519348955797,9332.098
5596244190869366272,120.6635104679706,-30.549062789739402,15.693995,0.82440376,0.4392714392686907,-6.4405850617907525,5.755143968588193,6727.7324
5596233608070275456,120.42038088450622,-30.77883765891601,15.697601,1.2087469,0.3835746614601013,-4.457603221321639,3.286814309590415,5669.8867
5596245633978138880,120.65964672835706,-30.484402672043966,15.697678,1.2266359,0.3638920307746164,-4.5580862813475695,3.877827949349494,7577.1206
5596249344829902080,120.55943443000741,-30.436809873973733,15.699819,1.0943184,0.9732301253544678,0.9850067963127069,-5.450820134747717,4939.9897
5596235910172564224,120.5559719420837,-30.67519107966984,15.705386,0.8951225,0.24463283472482372,-2.9623103189405366,3.1013226964707243,7853.753
5596222131917529344,120.5824559005565,-30.804659019674993,15.70544,0.8199978,0.38638446501790236,-0.27926761271607103,0.7676987268568055,6735.175
5596233195753442176,120.40058289187816,-30.792567884492716,15.707347,0.93158627,0.3822745547939607,-1.4359902092925645,1.5913691176213494,6957.978
5596240823614880512,120.3670168172192,-30.58906241736213,15.710411,1.4090385,1.7615079566532081,4.094852956427193,-5.544590281011445,4565.3203
5596228625907973760,120.66372713974164,-30.727876444589075,15.713737,0.86442375,0.27385162321015405,-2.6215366350107914,2.2922999386834872,7254.1
5596241265980490624,120.39580378099748,-30.55639779273876,15.714884,1.5121021,1.5712647711339731,-5.167194689015425,4.092091128292141,4346.257
5596245977575602304,120.49036767936951,-30.58271274392531,15.715262,1.2171555,0.2447375088866811,-1.9860168054028717,3.430052009417,7871.1562
5596234673222160000,120.39820832331628,-30.73805172328795,15.715896,1.5005045,0.2455879023839294,-2.730811275822991,2.936110115618075,5134.702
5596243503674413312,120.55363970477306,-30.56268135102792,15.71725,1.4860849,0.3209437716739122,-4.08570192399872,3.9663723270313413,6311.856
5596229519261176832,120.63838552614423,-30.70152857889494,15.717491,1.7183561,0.1548321503594859,-1.7093247275595962,2.649456978108076,5597.5317
5596247936080665088,120.48195535823275,-30.466711270069858,15.718616,0.872345,0.5197675496073223,-1.6303728836177214,1.2588233237098028,6082.4507
5596236425568734720,120.45056265949276,-30.686916222225904,15.719572,0.97108173,0.2106611487384067,-1.8981761725508965,3.790126621186615,7247.0986
5596223467635034112,120.58844204977184,-30.739670842383017,15.719688,0.8909931,0.40174971653922226,-0.8627498194007011,1.4780420905317628,6597.5137
5596240892334359680,120.35557653896848,-30.58495525305848,15.721975,1.5811348,2.0665530415000166,4.231618952419572,-7.005692375308501,4402.991
5596243915991454592,120.67888125090231,-30.560085487948417,15.722441,2.1729994,3.6731621923229425,2.605061003012448,-8.107585065954133,3788.642
5596241751328021120,120.60898156082872,-30.629913293883085,15.724364,0.7337332,0.20900739574752003,-2.033511101355322,3.671979426673474,9267.21
5596223575026493568,120.59765931448771,-30.744097970177535,15.725214,0.9037895,0.5406267757101834,-3.9507240412720863,1.102132787479185,5895.795
5596222612953840384,120.59795860691695,-30.784194958855217,15.727217,0.5933132,0.2494339638122953,-3.0107021797004876,3.011384974865522,9161.126
5596234123466398464,120.36086385077925,-30.77636585014391,15.729272,1.0902548,0.46417982056715246,-2.776350478408987,4.5553487829471,6916.987
5596235360416814080,120.5106405017047,-30.71924497117111,15.731361,0.90016365,0.2793858543678665,-4.075488856938493,3.366436504135808,8409.453
5596229553620908928,120.64939063573803,-30.704140009235914,15.733851,0.9964762,0.2510489199839742,-3.808364191469207,4.023662286275817,6805.5215
5596241682608551552,120.61385048153377,-30.649678350475646,15.73624,1.8021584,0.11424207382238824,-2.1491278201757495,3.1519774944194268,5334.371
5596239861542192640,120.45507075144201,-30.641622657499095,15.737211,1.1676178,0.7442701104472401,-3.7833933531423503,-0.5907478729926688,4899.9053
5596234978153044992,120.48585529086957,-30.758104633127953,15.739085,1.011034,0.7444078087835446,-6.091680519022168,3.7435229964236667,5363.2944
5596991824398738304,120.32656330887173,-30.54001730736004,15.739388,1.0934839,0.2771588090122686,-5.34756010806219,8.760006382926505,
5596234845020841344,120.38995560734854,-30.71205713619693,15.741996,0.9746094,,,,
5596233779868910720,120.45320030347726,-30.739253404178307,15.742344,0.9377737,0.5894467051962373,-4.105133423042385,3.865683700133807,5819.382
5596229484901456768,120.62176505279012,-30.706978977128408,15.743512,0.87160397,0.337130851009699,-3.988851061182656,1.524899104832908,6608.1777
5596233264464406016,120.4557433343951,-30.815542483617172,15.746812,1.0393019,0.5817712816275119,-7.25421965649204,9.617889487446941,5081.1406
5596998799439048192,120.42771789173929,-30.4463968431443,15.750792,2.663971,7.877290784761474,-24.262219695272123,11.477476236406638,3431.8452
5596221616521526016,120.49963507972419,-30.801237097085544,15.752517,0.8012247,0.30461967642977805,-2.190026899632123,2.787650665187871,8138.7373
5596236906604688256,120.46970700856245,-30.64249859302016,15.755896,0.7441721,0.19018013941499134,-2.5187866092213795,3.4954029120568526,
5596246939648500352,120.53816663157721,-30.496882602430983,15.756735,0.9052887,0.3989683679267004,-3.1528713335130574,5.370646701291378,6148.5146
5596233470631275648,120.4675518696174,-30.776029432864302,15.756859,1.0716667,0.18205273345183598,-1.2533119939940034,1.2408383442238833,6411.8306
5596234467063730176,120.40516767039752,-30.748572511635555,15.758062,1.3998175,1.5965008288203708,-10.431559229058664,20.058153009309375,4463.1064
5596222200637019264,120.5653773480551,-30.799630922098135,15.761703,0.5941715,0.2721112222649332,-2.9960367473267224,2.564756245574543,8507.766
5596247729924645376,120.53149427203533,-30.482822829971838,15.762578,1.2878809,4.396916824477015,-4.582624977856602,2.710361379435487,
5596236391209007616,120.42923952475812,-30.676432217235355,15.766144,1.0032549,0.3356434613841323,-2.4803026702284106,3.132902068383225,7092.371
5596240273859044736,120.45452768859172,-30.599671215731497,15.768283,2.039095,0.0712734502035839,-1.9464345903765123,2.444911203150702,
5596222681673278848,120.63119218048412,-30.758491222843244,15.768586,1.0937557,0.8391655143661916,-1.749483341955806,-1.1621781244523854,5193.0513
5596221650881272704,120.48460114099835,-30.794316806487593,15.769683,1.0179453,0.35288002063141,0.9347588972113655,5.186981343125764,6088.4976
5596991618253867264,120.35050984235005,-30.553723053422953,15.77014,0.9646883,0.34820248665177167,-2.788549302983391,1.8480655209236512,9815.396
5596246630410588160,120.56980084297992,-30.517263594811453,15.77121,1.1066818,0.6137649772488291,-6.952904303723685,4.05687615337737,5181.1543
5596238384075859840,120.32144828381695,-30.691803254396287,15.773886,1.0821733,0.13401983712935409,-2.1713545829961367,3.519635196315769,7767.4863
5596234604502647936,120.43035628583102,-30.73083148873864,15.776616,0.8809662,0.37080964257832777,-0.21264108961406544,1.6417702894311614,6298.813
5596989968986509696,120.30076605336785,-30.603599467115256,15.777475,0.9896202,-0.11012214185376301,-3.8727401762833713,0.1514407771295931,
5596992030570700672,120.36616578884578,-30.536990384393317,15.781839,1.0333004,0.5536200920264266,-3.5802846503021244,4.4347912064609964,5849.952
5596232130601182464,120.71688418906052,-30.582221176373714,15.786683,0.9738884,0.4157205314576145,-3.5645494844692296,-0.003222409452219736,6423.7744
5596240205139576832,120.42468358629188,-30.60057996591738,15.788851,1.3290796,1.4005504487388887,-11.060687169701929,19.37213175933854,4697.328
5596234363976092288,120.40857821454655,-30.773100356503566,15.789399,1.0521784,0.14433654861182635,-2.7403952023544447,1.5726211824649146,
5596234535774566272,120.44761467650706,-30.730275236287724,15.790106,1.6239986,0.405896791716587,-2.1550797573328664,4.97166968667924,4941.7637
5596234845020833792,120.39531132998319,-30.70679200942167,15.791012,0.9110632,0.4460245739415442,-6.174996122652027,4.891619778662553,6014.93
5596991824412311936,120.32698747374745,-30.54022750407397,15.7914915,1.0376511,0.4703941913918941,-3.9998581025864084,2.7192851461938994,
5596234604502635520,120.43848448502919,-30.723336742212794,15.791547,1.6978207,0.08770703543575016,-1.5508709023918177,2.612750428186758,5377.753
5596234604502804736,120.43300167018616,-30.716323387127808,15.792971,0.60406685,0.21991253810457054,-2.3433282580306343,1.891975562840563,9367.186
5596236391211122944,120.43164646402545,-30.68609470823946,15.79353,1.0716228,0.6032916040210311,0.15433674377697468,0.20541513514220763,5365.532
5596234982459740416,120.48209567542412,-30.76074279904229,15.793932,0.9094181,0.346368855272871,-3.276723659864433,2.500642141764156,6563.4004
5596230309535134336,120.63981150626442,-30.655661075755685,15.794446,0.71178246,0.3593047474123108,-2.11055984333995,2.2970455245015198,8997.588
5596991824412307712,120.33555631283316,-30.54780317607189,15.797446,0.7111788,0.21645635431561178,-2.833550648078167,3.2042607901274818,9392.144
5596235188618167424,120.4726538032739,-30.74312519706843,15.797709,0.94624233,0.6705527429338017,-0.6633596062316771,6.193972549232682,5681.5864
5596239174347456256,120.32360115160738,-30.633882872573796,15.798642,1.4838343,1.5461925592192063,-4.880256934705276,3.6520207172869363,4813.165
5596241304651211904,120.37888626083378,-30.566776895093373,15.800553,1.2857246,0.44941138012828824,-0.8117734020812571,4.739417437214373,
5596222612953843840,120.59562546783731,-30.786683715694718,15.802209,0.6849623,0.24019721688921092,-1.9428859607920699,1.7981090069769028,
5596241197261036032,120.43361999278332,-30.547015424072548,15.8036785,1.262023,,,,
5596241132852502400,120.44117752527978,-30.57031741535119,15.804528,1.5809164,0.3596292104443925,-3.042322137379859,2.378431388128277,5603.45
5596991893131785984,120.31836659952168,-30.524284898294802,15.80482,1.0270147,0.2271399697558081,-4.188154280122103,3.4401915178665803,7580.591
5596241339010944128,120.38811364429772,-30.550605901578372,15.805332,0.9766817,0.5097615850566193,-0.3279706937263787,0.12136345249245238,5447.4224
5596241854407288576,120.55359581147823,-30.64621989639923,15.80617,1.5350151,0.35762375581130856,-5.322936378097996,5.747141113892256,5069.984
5596230373942980992,120.67664859142485,-30.64171414474703,15.807278,1.0695047,0.18325847544250376,-2.1979741045690098,1.9170179083803442,8403.033
5596245187301559168,120.60876283278378,-30.50803876387388,15.807478,1.0974188,-0.018828721967856038,-2.1498648176040214,1.950293344055292,8773.79
5596240926694092160,120.37508651227871,-30.57112813476632,15.810417,1.3789005,1.8040442928020315,-5.923274612353746,-14.469195990600454,4565.714
5596237005372545408,120.50217997652969,-30.62811472216162,15.810601,0.9435568,0.414339236825321,2.2230618304061327,0.67857851813792,6556.8784
5596233504991009408,120.46735666771762,-30.768065989176815,15.811245,0.9030504,0.4808172478802002,-1.6361476324648825,9.427510251491448,6343.401
5596247042727790976,120.46752246650595,-30.535624789826173,15.812557,1.0726204,0.34134785958924524,-2.801797452169988,4.440911490072235,7490.7256
5596998009165104128,120.4211514980745,-30.499425496541697,15.813548,1.657876,2.2767840439034766,3.288214735419535,-23.690920906812828,4455.3315
5596242953918624768,120.51040421392851,-30.608947963630513,15.813713,0.7596512,0.251281528352426,-2.5363417681386426,3.2390601945754645,
5596229587980629632,120.66221426826789,-30.691124267773773,15.81488,0.8726635,0.38700209320225215,-3.1369923946125464,3.0912696677064306,6238.5
5596240170779832320,120.44960202650918,-30.607763167786437,15.816824,1.1730499,0.9852826433968283,-3.839868579261971,3.0596615112706944,4995.5425
5596223575026486272,120.60439813889855,-30.737473253756054,15.818792,0.83923626,0.37625538070302933,-2.5437192312509174,2.822138103673906,6799.1025
5596242124973601536,120.62275151078872,-30.620978559691462,15.819683,0.9135027,0.47300726972383933,-2.616087841474504,2.3216466535695326,5509.803
5596234329624815104,120.36062420833586,-30.744904060618374,15.820789,0.96239376,0.6189946982849437,-10.489836390842866,9.295060280998406,5452.9844
5596991854464183424,120.30582676089405,-30.535841282831615,15.823755,1.7393856,0.15239246347434604,-1.3984213609251703,2.3661303999161043,5459.4243
5596234363984527104,120.40812516187322,-30.772668347852125,15.824658,1.0997486,0.28101933753703734,-1.4379198413891312,1.4054847299984397,6018.131
5596230477022299776,120.67450205098794,-30.62062750963508,15.825823,0.6656494,0.26057487480907354,-1.7578586814619837,2.370653034833931,
5596235669654401920,120.55366652337052,-30.686973836682235,15.826754,1.0866909,0.5794744304345456,-6.806893693479914,7.838691706157131,5636.3013
5596232126289955712,120.71845432720505,-30.578253157124422,15.8274765,0.7628126,1.2612238028776435,-4.439281622223641,2.835089756962628,9511.694
5596998112247822720,120.42859346577183,-30.49059202963025,15.828012,0.9260607,0.5045681677772015,-1.8716289978596603,0.6408701955054277,5931.6655
5596238452792963328,120.29894427276167,-30.683325706085625,15.829404,1.0719519,0.28798617263004883,-2.3423601630447424,2.8776632890275113,7642.689
5596237559439764096,120.32804118251521,-30.716816334773764,15.831242,1.035758,0.8475269506722788,-4.388968982905743,6.946751017210531,5448.684
5596245015502858624,120.64745255670658,-30.51798438727978,15.833975,2.4148836,0.1700452499276936,-1.9494627046619737,2.8284957755813416,5190.4805
5596246218093768064,120.48202389466115,-30.561702752132064,15.83465,0.91246414,0.5543205224932228,-0.4480210560661193,3.8643954744200095,6027.971
5596231924442768256,120.70842947322167,-30.613394679702246,15.834926,0.86835384,0.49755190075285205,-2.0352720340707178,-0.08255506880202002,6185.6816
5596234982459729024,120.49334949315679,-30.759421254443573,15.838122,0.5798445,0.19223687066173942,-2.559049303799367,2.9933409514937632,10000.955
5596246802209586944,120.50121486019114,-30.519201967046317,15.8390875,1.1041756,0.2657134169534388,-2.2144543878712035,3.5481347546778883,7485.402
5596222475514844032,120.65012556988124,-30.776688164617667,15.841807,0.9236126,0.22507527662081864,-2.483415448526517,3.3798915095400544,
5596234398344232448,120.43157928161409,-30.756301883426694,15.842367,1.1857147,0.4492137001888557,-1.0924446398179302,3.593676928552355,5569.1304
5596237147123380736,120.3330728927536,-30.748949029091147,15.842659,,0.5866739198579056,0.20847722125215995,-0.823468235235978,
5596239621024038144,120.40191271080815,-30.642457064301524,15.844667,0.9238539,0.6109406699669051,-1.7837300475145124,3.819635037519631,5833.9165
5596239346146132096,120.41549919890899,-30.668454716374118,15.846938,0.9035053,0.4805742131918647,-3.6019592700320535,6.009151815359903,6079.166
5596233264472873344,120.4561910201109,-30.804365658883643,15.848494,0.56378555,0.1405326811947483,-1.8343854987880324,3.2547690933918134,9338.15
5596235188618163328,120.48006868946216,-30.74775889716183,15.849281,0.88965607,0.18359583184041878,-2.7222126290710413,3.0091834165628657,9624.706
5596238899469547392,120.3514792844497,-30.65684423100869,15.851345,0.76301384,0.23233290996755726,-2.1051829339531567,2.7788684906899777,9875.922
5596247489404086784,120.44207763374337,-30.499187451036306,15.852224,0.98188114,0.20992928928406834,-3.0467658651670746,3.2301697275294883,
5596239243066934912,120.3122720112748,-30.634574140841828,15.852305,0.96229935,0.44524390544831416,-3.109115311972775,2.217051101707369,6004.831
5596228625907979648,120.65787917202287,-30.730241235864852,15.855532,0.6573696,0.14552856528754485,-2.0470540629935225,3.453828843488794,9759.875
5596236872245280256,120.48424885956098,-30.645238833534265,15.856541,1.1438665,0.8957253610159237,-5.122474841296947,7.953504815601606,5075.4785
5596991755692860032,120.29998910615267,-30.540865204607428,15.858327,1.1555595,-0.11820238722908179,-1.7583588784381194,1.8996331736200986,7169.1206
5596989728468391424,120.27724301290004,-30.643607592799253,15.858483,0.87903595,0.46902719206508736,-5.360190184330278,2.2861576072518055,6287.3433
5596236013251884800,120.4621819255386,-30.722716595886954,15.860342,0.9404869,0.6817274729343745,-4.942195731680599,6.756755751065512,5633.4243
5596231683924600192,120.71529535720045,-30.624279532615276,15.86123,0.8153076,0.5156474960611065,-4.195813288941449,3.8470943208353066,6504.1807
5596223845592281472,120.58105847137733,-30.715866501776464,15.864598,0.90634346,0.42152436166846685,-2.2863043467149127,9.720543172607902,5968.9995
5596249276110443520,120.52552262828416,-30.457485265928728,15.866853,1.0305071,0.4850833015484526,-4.286857006631355,-0.19020929291500066,6218.132
5596247661202754944,120.49950383558178,-30.481035119148135,15.867169,0.9317255,0.5022586024722089,-2.0417253658994174,1.276580786197158,5779.0864
5596247592483277056,120.50794454942856,-30.489519278835274,15.867235,0.9180412,0.432650099774281,-1.601514215716873,-0.7315372278089988,6086.1147
5596241029773303296,120.39357461680316,-30.58106679054425,15.868238,0.9095764,0.5226648399028941,-2.4218692729558127,5.689750566178648,6308.842
5596989934626776960,120.29370630577738,-30.601359096083257,15.872747,0.83853817,0.49356238473598285,-2.180214712222745,3.0035042464885633,9037.841
5596228797706657536,120.66698500418497,-30.716783278273613,15.873555,0.6519041,0.2596163116991928,-2.375252151143055,2.4788760433793984,8377.824
5596222922191534080,120.54834102860683,-30.793660361221196,15.873838,1.533309,0.15705531279441534,-1.7628954107776529,1.2271336375883681,4959.3506
5596247970440397824,120.49760830795763,-30.46976569952881,15.874484,0.748826,0.23122559391472072,-2.5562568164000563,2.7933302034999237,9354.574
5596237044043632896,120.49333789004541,-30.629072974651407,15.876621,0.77159023,0.20656339968741935,-2.097018254591829,2.565689171921817,9348.301
5596236077659158912,120.44501753287574,-30.71104843433805,15.879718,0.9341192,0.42721097777900585,-2.750949790639461,2.742300031046172,5786.4897
5596249340519534208,120.56086235753955,-30.440094824705707,15.881175,1.1341658,0.6220585125040893,-4.651106842508298,3.213337274655729,5776.273
5596237731238904960,120.34798283326595,-30.711208040683516,15.883137,0.9742298,1.927092524031685,-4.409242319411213,8.110768381588983,6061.9497
5596235910172568064,120.54802220969918,-30.6729010905209,15.885364,1.7466698,0.11251613753143258,-1.7190941421622106,2.1051664080048162,4898.171
5596992030570693632,120.3711005252067,-30.5326697012892,15.885613,0.8498945,0.2573659946833178,-2.0377841453663015,3.017512794792903,9260.359
5596249001232508160,120.59755181829259,-30.439782384359013,15.886709,1.0529108,0.5911449275950081,-3.986170725300203,1.8519543679941868,5179.4507
5596243331875695488,120.62170888293798,-30.560152940925843,15.887634,0.9103689,0.5655666920559324,-3.752463166694201,-0.013757059307533414,5754.1685
5596243434954934400,120.5614607942306,-30.567894891938757,15.887907,1.8953142,0.08289655281279584,-1.6881350096329835,-1.3009624387019836,6098.654
5596239517944819200,120.42731613916335,-30.64801115672444,15.893602,1.0755024,0.39524705051421843,-6.179160065112601,1.9343883992802768,5383.829
5596242232364698496,120.65451182239906,-30.605299925471996,15.896624,0.8586521,0.44362718633174264,-3.5868823060511525,7.483209987723381,6116.847
5596239071268247936,120.3110920859569,-30.656985632050876,15.898087,1.1199627,0.4390579002937929,-1.16557642590243,3.7012073772286946,5884.5293
5596241888767021312,120.55635025246121,-30.638612342460746,15.898735,1.0726652,0.6635416927750192,1.6502102098886455,-0.2740989895057824,5056.9497
5596242919558876032,120.53596782590115,-30.60370296795545,15.899999,,0.7832576213223506,-2.195638517037509,5.261413064303115,
5596236459928451840,120.46230463392033,-30.669048254790926,15.900161,1.4934235,0.1476489247556574,-1.957654833200572,3.8629735124237676,5967.676
5596240617456450560,120.38002846089367,-30.609472378672546,15.903082,0.91639614,0.5539949934297637,-0.09567388767272633,3.2338991007183884,5883.9316
5596998249683287680,120.38796141344736,-30.476856967431292,15.903779,1.795948,0.13980049739728861,-0.8576944796156064,1.2146443325493264,5467.18
5596998318402782464,120.3700219313578,-30.477641793656232,15.90429,0.7153635,0.33089768195971303,-2.490551117689276,2.7868829380158635,9473.595
5596230137736394624,120.70339027573343,-30.64713067046321,15.905001,0.96266174,0.5552660095095507,-3.216060180691727,2.9244529102979833,5649.076
5596236425568736512,120.44667118892546,-30.68385464626082,15.906856,0.7617645,0.3342338206262632,-2.9344600212137286,3.4417746926412383,8556.545
5596236940964764160,120.47428740681164,-30.643914361998316,15.907133,1.0300627,0.26796101204906864,-2.8343335547912485,2.927559031437545,8436.795
5596237525080501760,120.3236523167728,-30.732574261792294,15.907629,0.8847723,0.5084484657806589,-3.737711020629609,4.641787771290346,6307.3667
5596236459928443264,120.47526397705072,-30.67021868010256,15.908545,1.0253992,0.5005916401664928,-6.048686833348861,7.651807414278084,5777.7
5596998215323496192,120.43940207874765,-30.46375193758221,15.911674,0.81525517,0.17056918915928632,-2.531513980186216,2.7560040633473335,
5596234226545604736,120.37236216541655,-30.770061259042063,15.912978,1.5364065,0.14609488636663248,-0.7674713424438081,2.5234918350512037,5209.5786
5596246149374275840,120.51776167361132,-30.542771719123017,15.913508,0.9724541,0.48679879183247643,-3.7325147587095815,3.815520268520567,5751.418
5596222475505922816,120.65019004320193,-30.777039361428308,15.91712,0.9158993,0.24739579573478537,-2.3970592391900776,3.4295804394140017,
5596238796390337152,120.33665194126434,-30.67581545228147,15.918203,0.92333126,-0.4455779818788887,0.800350534517994,6.9994625911137245,
5596234363984528512,120.403591619306,-30.7674706817112,15.919285,0.83056927,0.3820373094620793,-2.763850460578687,2.9590447618677103,6655.343
5596239964621403776,120.44564843421834,-30.613954782965,15.921589,1.0839338,0.961575073753459,-3.294789299282984,6.741934078189221,5046.306
5596223609377286144,120.61407359352975,-30.721647528331005,15.9233885,0.6681433,,,,
5596239243066933888,120.31251542085157,-30.62081761690764,15.924953,1.0091152,0.38307283513852786,-2.2706848604613663,0.6901670871799951,6429.3027
5596241923127061504,120.58117117785976,-30.64302265728453,15.925637,1.525691,0.23139977448128432,-3.8417959867291964,7.042476786632084,5597.839
5596229759779375232,120.59994677050398,-30.69886638185347,15.92841,0.8334017,0.2224550994689725,-2.4559117219700974,4.042631450223713,8446.769
5596228935145582336,120.70386020389807,-30.712264409217557,15.931388,0.9026232,0.4807659675998037,-4.8076620083322,1.8715603759990722,5571.959
5596240411298029184,120.36208682102998,-30.634462197043607,15.932722,1.1564369,0.1727244013069424,-2.074910215024638,3.3451493105776375,8583.225
5596234260905334528,120.37552591278467,-30.760919707455912,15.932867,0.65683556,0.15248303118235568,-2.413983118901214,3.569136812067054,9478.797
5596236356849290112,120.42267109634285,-30.697258623453585,15.933277,0.58149815,0.26176324733915185,-1.8595869745314615,2.7700495201732327,10027.058
5596229828498815360,120.63650723502246,-30.683980833368363,15.934944,0.7035885,0.1694322299001276,-2.218736624979792,2.4760883541085104,9481.878
5596244981143116928,120.66409809287825,-30.522197991533005,15.935305,1.0465851,-0.9985173659925389,-1.4492082087892064,4.507605381229006,9462.628
5596223506298134272,120.60705213810499,-30.749099742860455,15.936968,0.9870157,0.16640319405933013,-6.7822567689978985,4.74167088389445,
5596235841453124096,120.52041932753396,-30.689471956958588,15.938949,1.0109711,-0.6920163741042947,-1.6697005271718757,1.1372178018555172,7950.8623
5596228385389815680,120.668840880905,-30.756856610630443,15.939327,0.84107876,0.35863077609235927,-1.6655213807985234,2.5916578447213467,6574.955
5596238762030604416,120.31611976933735,-30.67801706661194,15.941331,0.7679796,0.24752814725729608,-2.3501509782875067,2.7858883646420107,9271.209
5596239655383782016,120.38300771274801,-30.647077173886007,15.942831,1.8793898,0.15625883143176056,-1.216801681347568,1.57703596098595,
5596233779868915072,120.45227159306388,-30.743841349807646,15.945724,1.0390205,0.6362676413433324,-4.259098097658645,3.8135014840315753,6025.7974
5596240342578523392,120.44254162004601,-30.592493335923574,15.946063,0.8325081,0.15589398371132998,-1.724150784046917,2.567729797106127,10420.1455
5596233161393684096,120.42832018589506,-30.801578120325964,15.946114,1.1049442,0.4845170521702904,-3.696699761243911,0.6096008926422658,5262.393
5596236112018949888,120.45014935186806,-30.701519257133103,15.947132,1.3356638,2.5417630212022995,-9.958441151452584,9.371689215091854,
5596237731238896512,120.35648770398606,-30.708747407441624,15.947622,1.0425577,0.3883533322913004,-4.920619847790007,8.666820230319502,5884.1514
5596233470631279360,120.46250796923954,-30.77402125197303,15.94846,0.91268826,0.42168766075585956,-3.349181721323226,6.25316655438596,6293.0615
5596232027521968000,120.71889396217992,-30.586429743649596,15.948879,0.63308144,0.21979343125890433,-2.485985483393952,3.1054939470394864,8963.88
5596223368868092160,120.58570026871095,-30.777782794454904,15.950915,0.91653156,0.459618117319789,-1.902946272375017,3.5884604014216412,7048.4287
5596244225219064064,120.67832475731883,-30.529597322250048,15.951024,0.89192295,0.5536561632948848,-1.374974769998046,4.767331324307391,
5596240995413558656,120.42111280004133,-30.58968323995339,15.953423,1.7935143,0.2639567792138894,-1.7853301904687424,2.51045914614391,5019.944
5596247317605397376,120.44768460879189,-30.516998030880423,15.954661,1.0575323,0.7240827068477916,-7.494205248743622,6.214194584966856,5270.202
5596237353281793280,120.34801997477004,-30.728681318359147,15.955991,1.6638298,0.04121450633861699,-1.4245194771127503,1.661836363800681,5415.247
5596223849904401024,120.57651989652668,-30.714657871899437,15.958193,1.0326176,0.8853028874391448,-5.648318043052576,9.052631307070891,5376.324
5596249276110439680,120.52838379141693,-30.446570471470437,15.9589405,0.99177265,0.553058254635461,-2.668373911296191,-0.12333958574999582,5500.235
5596239758462984064,120.4212849875584,-30.624621479552758,15.959774,0.9229536,0.07949840414673551,-2.11071281034492,2.9567855332047888,9738.039
5596242198004578176,120.65556892715713,-30.612524459161403,15.960336,0.8907013,0.5113262194686651,-5.054698245154528,6.298567712498292,5757.012
5596230206455877632,120.69095880472831,-30.64094117804639,15.962471,1.015933,0.37231983796957246,-2.614170397746021,0.26862010548874904,6137.507
5596233947355047808,120.388421289928,-30.77886403683405,15.970011,1.6180906,0.14739930539608434,-0.8576287362102581,2.244779586008118,4894.367
5596236356849286016,120.42146543400176,-30.686673430151064,15.972904,0.982317,0.24765023297670796,-2.997830985235405,2.399663801609398,7485.369
5596238418433227008,120.28908397326329,-30.690563222631933,15.975852,0.97161293,0.31502715765971595,-1.8576999836050982,3.0232839088096948,8295.477
5596241648248816256,120.60878153712346,-30.649563321060157,15.975994,1.0572748,0.3359243066903525,-2.9205023812294226,3.2473637896344796,7390.7188
5596229347453255168,120.70828897020607,-30.66280354558351,15.976928,0.903389,0.2824161726657711,-1.3777014186219232,1.4795557181379315,7450.7134
5596222166277259008,120.59442648940454,-30.80678253863755,15.981677,0.9335985,0.5102842152783456,-4.538713362527985,3.5339206819309834,5802.172
5596238796380861312,120.33652336466913,-30.67572876002214,15.990382,0.9255848,2.9011291141735414,-4.443345485311331,-1.900544507376663,
5596248588915654144,120.5770932518791,-30.446115187668106,15.991202,1.0148687,0.4800596748181012,-6.154412748875996,4.14965967849405,5981.458
5596239792823099136,120.39958506094463,-30.62161520358592,15.9944515,0.72930145,3.2931517812924875,-10.928602818886331,0.9969097293986752,
5596241098492766336,120.43139287875158,-30.568328277897187,15.996966,1.0784044,0.35695464060226717,-4.372806279759976,4.433860836415255,6033.5894
5596223506307005824,120.60944569708126,-30.737806724424047,15.997005,0.8625078,0.3048808700980002,-2.2301949590544736,3.8656268077638334,7458.198
5596242640369614080,120.55116464094651,-30.633068519532276,15.997331,1.097064,0.5358530548405657,-4.129814867028843,12.996602693354223,5755.034
5596247867361189376,120.48626977711301,-30.475350098400103,15.998313,0.8734045,0.18865209371571032,-2.5233124990989078,3.4563894253620835,9027.329
5596236872245282944,120.48248202553582,-30.647534995578216,16.002144,0.75071716,0.16405121196659217,-1.8900152653281221,3.6934939867928183,9904.378
5596247145798072576,120.47997390994533,-30.528286322584098,16.004463,0.9487581,0.4781493736626825,-2.5984778088639637,1.0941807541544564,
5596246115014542720,120.50869117872695,-30.55598238694385,16.006908,1.0480843,0.5923331086415852,-0.46344216282247674,7.795164842040771,5340.964
5596241991846223488,120.5654584807767,-30.626654861820565,16.011036,1.0421753,0.37643632057367965,-2.5725918109021153,5.398793935182827,6388.3604
5596236459928448000,120.46749366868987,-30.669350918198862,16.012068,0.8315239,0.2904373284416048,-4.116214759777602,3.6577795659391517,9843.889
5596234638862548864,120.38857905691046,-30.739192243461446,16.014067,0.99138546,0.43187096708556894,-1.857684566864264,2.3210689267145685,5871.8247
5596244328308295296,120.70508851329409,-30.547946529146444,16.016138,0.786561,-0.20268652459090925,-1.8726645731003466,3.583607892809668,7957.6875
5596247145806992640,120.48013717260676,-30.528246174233868,16.01733,0.94705296,0.435401029233454,-2.8310796145409496,2.176497036553273,
5596245737057354112,120.65182553934564,-30.473770336524172,16.018236,1.5320435,0.26975705054795207,-4.985976229774882,4.54939828631007,6660.811
5596242782120183168,120.57651427533894,-30.60353107799997,16.01962,1.4669743,1.6734462002487787,-10.402612920526284,9.868710472559728,
5596229622340382976,120.64110709222582,-30.687994165393278,16.020166,1.1191568,0.30622756412773566,-2.6115536814893474,0.09418758662986225,6641.4697
5596229244383215360,120.69757993972644,-30.676973677738747,16.021624,1.0525656,0.4944291548948266,-2.2806734009849867,2.09415392350152,5732.0547
5596229691059893760,120.60632280924607,-30.700333247933408,16.021858,0.99032784,0.5648571002172091,-2.400518804947271,5.24843920802381,5767.7837
5596245324740502656,120.63282813582187,-30.48789092948768,16.022495,1.0600338,0.33254239912423744,-1.1580682620000142,4.350266554736522,6588.9062
5596222647313557760,120.60882168500623,-30.7610166478734,16.022732,0.92666817,0.41210451329348796,-2.2436233053609618,0.954326877214933,6051.8315
5596998730719531648,120.46677490716719,-30.425609754354465,16.02344,0.9738474,0.6381316048867255,0.6002572035690434,-1.8518300440188513,5417.635
5596234673222151680,120.39952620430854,-30.728826650575726,16.023672,1.2121105,1.1677061820032342,-2.125407744662855,1.4601137057928555,4903.4033
5596237731238905088,120.35525941013286,-30.722447914626915,16.023851,0.63584614,0.2496184692736462,-2.7633569260218938,3.335675973249982,9240.447
5596998799439448704,120.42473920116485,-30.44242173357009,16.024557,1.7120647,0.1690917745016165,-1.6041731874480383,2.658253799003286,5238.3403
5596233676789717888,120.44971286410022,-30.768439676350486,16.026289,0.6846409,0.265831703444947,-2.9010727220307375,4.725224573833899,9546.834
5596242816479658752,120.54672595836614,-30.60615160969701,16.037205,0.93446255,0.19880662163539115,-1.6638237492869627,3.021938861230478,9773.236
5596229141304009856,120.69896329064791,-30.700200019767824,16.037516,1.8260412,0.10293985766162654,-1.7947952260753026,2.950064258122156,5829.5947
5596229725419616896,120.62231032202484,-30.695747636477364,16.03999,0.6661272,0.2400649744287506,-2.6424020880253956,2.7821365293897387,9556.173
5596228660267728768,120.64554399217089,-30.730730236952812,16.04014,0.8923197,0.4837331994541774,-3.8876444426970362,5.015489739261989,6144.145
5596239998981133824,120.47905671449352,-30.614086766292544,16.043108,1.0555639,0.4272231637128164,-7.760119219232735,7.62491199507927,5655.7295
5596233676789714048,120.451497342462,-30.764796653200808,16.04682,1.1865721,0.5626766885938487,-1.2319063710394522,3.7313924259322713,5505.3403
5596246286813242624,120.47753997723643,-30.543655405689847,16.049294,1.654645,1.8627748637955293,2.740602882820265,-8.013738394384081,4439.4077
5596234845022911488,120.38987313900232,-30.712037438428265,16.049484,0.9799261,-0.8663812565859513,-2.4045509509154535,-1.122386244876442,
5596243125717299200,120.53688237672698,-30.570125387302046,16.04954,1.0033131,0.4620537996173255,-3.0369948694083186,5.788889071664758,5795.8525
5596249241750692864,120.55195531475681,-30.44649143225438,16.049612,1.0390339,0.39067466482318036,-2.28491244915328,3.0170679441599004,7288.6494
5596992442887527808,120.3640595151194,-30.478488548068444,16.050182,0.700325,0.16013653687600943,-2.105274817602842,2.2925550008022038,
5596229622340385536,120.64004498938323,-30.690207592414037,16.05092,0.9946356,0.3632812670616863,-1.4285999561024185,4.4591709541072735,5226.2217
5596246905288498048,120.55183404980215,-30.503431011890047,16.05331,1.0432968,0.4434635700930855,-1.6204451729384566,-3.4648720878807464,5849.3193
5596235429136296832,120.49447901378775,-30.70890753525795,16.058598,0.95085144,0.42705599946254647,-2.026856984209272,3.357937366176858,6525.2354
5596244534466716928,120.70479368769949,-30.527848324931565,16.061846,0.9268055,0.17177846786172948,-2.0928833022896267,3.015705602474664,
5596230000297460480,120.69187506425321,-30.67177754482101,16.06197,1.0771627,0.812243858598043,-3.7668574375377153,-2.4068448326091505,4909.003
5596221616521722624,120.50336874239993,-30.795184683934192,16.064981,0.9308119,0.468553213868818,-2.4482463240112198,0.7233942922152055,6088.2036
5596246389892453760,120.48222076970049,-30.537063280182693,16.065346,0.7695675,0.2138405848563212,-2.1296994480361686,2.9576980117546423,9059.351
5596228935145576704,120.70704549168285,-30.706024446729867,16.067019,1.8476763,0.16902620572065669,-1.3613531445045943,2.6920143498197273,5814.1445
5596229862858541440,120.64230357220652,-30.671562021820684,16.067448,1.0233393,0.34463955778351546,-1.8919618321987648,2.932672630277156,7421.9775
5596228557188474752,120.69172691893749,-30.724235974407176,16.068829,0.978611,0.42762160717845704,0.4220749422884722,5.398091440975865,5214.099
5596236489976291840,120.44034897456966,-30.662062630368673,16.06915,0.9915285,0.407883448059675,-3.0917585380772503,0.8509826405728004,5994.808
5596244809344439424,120.63550890683958,-30.555031022124236,16.07227,1.0985203,0.08556552388278181,-1.5515185563974068,2.2480902386592794,13182.868
5596230034657214720,120.66237889135739,-30.66153603256676,16.072393,0.91675663,0.39692245305525775,-1.8204731507044118,2.4411303912345086,7354.123
5596240686178326912,120.34844254432126,-30.610701389963005,16.073423,1.2474937,0.387102417367551,0.8813386347264383,2.229531042320082,7044.758
5596233195753446272,120.39726550370203,-30.79392944437968,16.074884,1.0103836,0.528449986699442,-4.317682940941942,3.473106611453989,6076.77
5596246767849551488,120.53855522758323,-30.515540618588805,16.074934,1.2702503,0.21285669735544863,-2.906114126041719,4.756993305834907,7959.387
5596228660267739776,120.63780291438447,-30.738723193357654,16.075504,0.91258144,0.3118650358219291,-2.285269746601015,3.1457977431880435,7140.73
5596243160077292288,120.58893059420103,-30.597964497106858,16.07971,0.91597176,0.4606457615092953,-1.7345933160744447,3.1992471247846437,5874.1914
5596223609386208896,120.61400739558225,-30.722009174420155,16.08414,0.78651047,0.29048316090956317,-3.5460579041802776,3.45322116965541,
5596241820047539968,120.57301848595003,-30.65604563345839,16.084373,0.98958015,0.25153320937042273,-2.664277426993809,3.2275221921836654,7697.373
5596236288131912192,120.43240312137533,-30.69853433327128,16.085295,1.0394926,0.33849146233133903,-3.6947431919545184,2.963399990638385,6585.619
5596245152941826176,120.60029024870735,-30.514881476146147,16.085716,1.9944277,0.337259928770327,-2.3726337789516974,4.083535884743743,
5596235429136283648,120.5047236636685,-30.700135397707935,16.090096,0.9387579,0.2187093009763671,-2.4613793023796893,3.589981672224912,8077.0815
5596237799958336256,120.38846675526682,-30.702326877259253,16.090563,0.88088036,0.38091829213492917,-1.1222575606058558,2.4909564070673778,6858.853
5596237765598617600,120.36888541776845,-30.702373707289503,16.091146,1.6266804,0.1014822440149018,-1.3110948817988572,1.7778519210314205,5141.2573
5596239277426670208,120.32143997747563,-30.61652820191685,16.091516,0.6742592,0.20161809858005292,-2.6770823526193266,4.590394129704535,9584.938
5596239895901923840,120.46918546565239,-30.62602922628825,16.099146,1.0462484,0.5033878258049467,-4.811282204938129,4.915206607835276,5220.4463
5596234948099974784,120.5136411643722,-30.762501730520906,16.103943,1.1108627,0.30219668371146474,-2.2971529858498223,7.556110071376185,6613.8286
5596236013251896064,120.45080999635059,-30.72023471369132,16.106133,0.86625004,0.3634344991632785,-2.531740185869938,3.3523853109291624,7630.2754
5596247936080664576,120.48303607026851,-30.465530934226113,16.106642,0.879796,-0.3409207261608619,-3.0842734489680903,2.6367882630769066,7789.037
5596992133650206976,120.38411292838263,-30.514318115255644,16.111166,1.2306547,0.2727476230390235,-2.7309164891944233,4.556820007991392,7832.2593
5596248039159874688,120.4887585329548,-30.45908829933307,16.112455,1.1813745,0.3648508860124128,-2.3147061305135215,1.7933307069516355,7554.613
5596239380505876608,120.39827860594248,-30.676624141207427,16.112814,0.9895668,0.45480867638186107,-3.243713941316321,0.8926794796422914,5350.6543
5596998455842065792,120.39575815293549,-30.45633669892525,16.114489,1.7459383,0.1548439831506961,-1.627309383033546,1.471349346649992,5206.5024
5596222097557816448,120.55751319697501,-30.812405322727837,16.11621,0.97682,0.42749937599574017,-3.839654266378478,7.4004943474372435,5227.5933
5596248176598809344,120.5702786139471,-30.499017931233205,16.117472,1.2167883,0.8968846665672644,0.16685057868658504,-3.6415913717571753,4905.7324
5596241716968294144,120.60435226776008,-30.645511686496757,16.117882,1.7592411,0.2134060194927056,-3.641645312712641,3.012288329446038,4830.4395
5596228763346904576,120.68608444740116,-30.714778850538302,16.119816,0.93734837,0.649931075846724,-0.7456154814576412,1.8211753671625805,5641.177
5596992442887533184,120.35990737933243,-30.482992031407537,16.120035,1.1170616,0.7602023515348681,-3.0307565343096985,-0.774243784598927,5317.302
5596241025467064576,120.40339525014998,-30.587752080533736,16.120163,1.2609653,0.41951582904202966,-3.8467986197636934,3.2559149677830352,7069.6147
5596229587980629120,120.6654852235812,-30.69465520985993,16.121082,1.1540108,0.3647260679253297,-2.8099712750387464,4.920495155559808,6005.382
5596235394776564992,120.49161418144342,-30.717013790985508,16.121635,1.0603781,0.5278449553701418,-8.14171833395454,-0.5842551933330025,5845.5605
5596990243864415872,120.28055761766058,-30.57294379905803,16.121696,1.8302402,0.12107417334630877,-1.1622187717759047,1.8672174765842389,5117.1035
5596239827182463360,120.412544831668,-30.621377695865355,16.124886,0.9454212,0.42233024861002044,-2.4781478425935326,-1.3144018369571169,6160.184
5596237348969479040,120.34451999861486,-30.715247585577238,16.125273,1.004612,0.5261675288499862,-1.1572483677498044,-0.0656452941443311,5634.909
5596230172087010944,120.68280819066588,-30.651521158483757,16.126549,1.6402836,1.8783048043150086,11.258820782757578,-10.700191959072566,4511.1704
5596236837885550464,120.47723962076617,-30.650463591555898,16.127459,1.0794973,0.4659170582967378,-4.771970724349057,1.9298730645622548,5857.0986
5596223437587559424,120.57778190595855,-30.750372159619694,16.127844,1.0024881,0.3157954059192589,-1.2213870447469417,3.4731295955704233,6580.8193
5596222166277247232,120.59911473464906,-30.794750438956395,16.128336,1.170824,0.9274445922709971,-13.333379941620402,13.394453547661207,5002.705
5596235497855721472,120.55757372391494,-30.713118604165334,16.128357,1.0619831,0.6368637355943644,-1.847388549288222,1.575029300733056,5272.763
5596234467063729536,120.40793203415713,-30.752133525631585,16.128563,1.0852375,0.38017977131799036,-2.1506517654579898,2.443276334200406,6193.252
5596228625907980032,120.66536517205955,-30.742484549252442,16.128822,0.8951502,0.3298254602910791,-2.3792065051550235,1.03913558394582,6291.217
5596221410363074944,120.52750677921212,-30.81112503531346,16.130562,1.5177774,1.6279175393561198,-5.866088321250375,3.150513053889277,4476.0566
5596242777808728576,120.5719632268301,-30.601924785329235,16.13108,1.178669,0.398745528410716,0.7132993454147682,-0.5405293366925816,5737.3403
5596234432704001664,120.40231792191112,-30.759652517912258,16.131205,1.1183558,0.3439010447622109,-4.81879050478471,2.199750644735825,5742.199
5596235394776572800,120.47968636716918,-30.7112905367755,16.13367,1.0171595,0.23769574960576337,-3.5879847229323287,4.304071327493428,7619.2417
5596234604502806656,120.4251275946799,-30.722847891730268,16.135422,1.7019043,0.086090829990184,-1.7774695785548655,2.5211520265661713,5021.4844
5596236356849288192,120.41945987794593,-30.689684811398703,16.135695,1.1009941,0.7961885516709724,-3.0617381122732144,0.41654931622374436,4987.368
5596231649555605248,120.73477313999642,-30.6257675398529,16.135958,0.8865309,0.45919499400622865,-4.466000786356918,2.863240163759891,5447.9517
5596238968189026816,120.33221379497411,-30.649601609096088,16.136093,1.1320181,0.39729845818481613,-3.06040336711687,1.3564280163745368,5455.317
5596247317605398272,120.44155428674088,-30.509766455045632,16.136553,1.069027,0.09948299223911582,-1.2239454651264394,2.608464742914448,
5596229725419620608,120.61667078068011,-30.691439738385885,16.13768,0.9600725,0.5992452044554885,-5.702438136873345,11.00960916141862,5519.018
5596231890083041664,120.69253814749528,-30.612875584124208,16.138035,2.1478395,0.07676405126133441,-2.0495992824069593,0.9601462100341089,5254.256
5596246080654798976,120.53334745759298,-30.565039626933746,16.143696,1.9417715,0.11667597343501757,-1.5197162540328626,1.7585975972464984,5279.0454
5596238384073485056,120.30659459671992,-30.685835990377,16.146694,1.0968657,0.5817995440979014,-7.063505468411508,8.79819002394868,5545.7876
5596238933829282560,120.35744237093232,-30.64596429766115,16.15323,1.0968752,0.785912351162762,4.294842026897545,-4.669502043677598,5262.353
5596237147123380864,120.33258448350811,-30.74976500058582,16.153585,0.6655073,0.22425825367114027,-1.8710839564900241,1.8767090408983098,9570.909
5596233676789713280,120.4524054014062,-30.76494992869532,16.154179,1.2561426,0.06620976674580473,-1.32230107754604,1.6849824189524978,
5596248348397481216,120.61056946706356,-30.466419528973333,16.156065,1.1977615,0.5113190894243207,-2.870519024044972,4.191349062972403,5731.8594
5596244156509614976,120.68157815945989,-30.541349569087355,16.15648,1.2439499,0.4276879415745911,-3.5986335743351985,2.262382375133794,6434.921
5596241235932085248,120.3941531126722,-30.569229720558177,16.159279,1.0759497,0.603478418967978,-4.204813925146118,7.498181194637987,5529.344
5596240445657763968,120.37667404961734,-30.634016608165318,16.161873,1.1778879,0.5903217610247274,-2.1300066247496674,10.23830703993045,5319.106
5596233470631278720,120.46631313063848,-30.77920380712438,16.161896,0.5432024,0.1169594234660818,-2.3633656796517766,3.0508069475253983,10873.081
5596229794139094016,120.60886375402319,-30.676492081682575,16.162853,1.812211,0.07735468227087679,-1.8921133251521667,2.3438060567661445,4963.7686
5596992614672769280,120.30343329958913,-30.52761313398504,16.164621,1.3842564,0.9247004777210974,0.0799238846265721,-1.0055144211821185,4506.2695
5596246218093765376,120.49239493721463,-30.563311006970906,16.164822,1.6664047,0.20017920898769528,-1.8794036975969357,4.297770810843889,
5596230206455872640,120.69628180917255,-30.6404193282449,16.166306,1.1052036,0.3682653404248271,-5.365286902023916,3.2036126069040662,5832.751
5596240063389415680,120.46804854846843,-30.597815676499636,16.170221,1.1564817,0.20867157032961217,-2.0860592901509656,1.8168110343252042,7833.902
5596991790052577920,120.32408984046464,-30.54449727774386,16.170725,1.0836897,0.17064101545366844,-2.124311233248066,2.588707010248741,7488.6533
5596228827759881984,120.6802866925231,-30.700466346495386,16.170803,0.8387127,0.20935674285138475,-1.856233739173994,3.026948588526598,6206.7305
5596236425568718976,120.46085637234367,-30.676986940574505,16.1711,1.2255526,0.39353242734936933,-2.524636737487505,5.85981174591659,5957.826
5596243056997819520,120.55246431464485,-30.5796037205317,16.173836,1.2056217,0.22087475775493703,-1.6238117697104522,1.829706895010479,8451.991
5596234604502642304,120.43135903274128,-30.723570088364273,16.17634,1.0830631,0.646766952874645,2.6248752425042055,-2.2028878589862004,5078.0034
5596247175855670016,120.47977539199083,-30.51942489530125,16.177742,1.4185858,0.33387941319454834,-2.421542068998474,2.93035907940709,5844.078
5596228797706659584,120.66144572330089,-30.713386182360342,16.179447,1.0948677,0.7472160565734876,-4.972987242793893,14.752991177482478,5207.8315
5596243675473083008,120.59201455353056,-30.52925922054502,16.179811,0.93335915,0.13710388278423338,-2.086194958713617,2.8787189750673146,9253.361
5596989968986499072,120.30319613964987,-30.592039163870588,16.180555,1.0045853,0.42498352771979503,-1.745187914126395,7.570083431721699,5829.268
5596229416181984384,120.63046398953846,-30.728665465629593,16.182709,0.95848656,0.45605180310438176,-4.360468044947837,-2.589070331864904,5744.3213
5596237559440218624,120.34124198939416,-30.711357343368753,16.183943,1.786479,1.289594927161232,-9.781791824627758,0.6096270259679739,4256.465
5596240067700610176,120.47260046070238,-30.60361437930133,16.185057,1.0229425,0.5729070644070642,-2.7187230323796028,5.475478897141665,5349.0684
5596241751328021632,120.6095346031771,-30.631247268918028,16.185959,1.4862986,1.571496971196631,-4.495295518300552,3.785207200535689,4606.409
5596237726926632192,120.36309156111693,-30.711844081458278,16.188648,1.000557,0.42651731198065757,-2.113561822861449,1.4564443372680076,5714.428
5596233230113173632,120.40870763527478,-30.789708160022354,16.191538,1.1366701,0.2986998508365807,-2.054334794072717,2.4185514579775,6621.483
5596231683924608384,120.70987620763039,-30.633190557866506,16.192238,0.9891033,0.5912254885873305,-3.2004781391281103,2.9506056897771122,5365.0996
5596231993162250880,120.68918513385356,-30.59647143999666,16.193584,1.0059528,0.5524354815534335,-1.4612453023096645,-2.8487740012610665,5501.4673
5596223815544647936,120.59424324250267,-30.709112813131544,16.193693,1.9071407,0.16980884707699317,-1.381343443972321,2.0357173170260277,4721.398
5596241854407293824,120.54684908553305,-30.645579304843185,16.194834,0.78073025,0.19391644020981053,-2.111581426812208,3.347788233413204,9614.229
5596247661202758272,120.49311888230417,-30.483138446858906,16.195883,1.1197243,0.749495508862046,1.871459664174748,-2.6610602408422706,5251.4585
5596229416181978112,120.63565959745068,-30.723658529627603,16.196447,0.8046446,0.2824551679454771,-1.7175378205592253,1.2886262399398842,7619.179
5596238349713750144,120.30088685061669,-30.707361710576844,16.204288,1.0169916,0.6921840158646286,2.81942838976314,-0.36176601602139935,5369.649
5596223781184921472,120.58909605017466,-30.726836304838947,16.205235,0.9300175,0.44205980394743505,-2.201710752361201,2.416958419788443,6036.2266
5596239586664307968,120.38468753211052,-30.664768674614635,16.206377,1.6390762,0.12032565931607021,-1.5336752939241443,2.4216414262191743,5203.556
5596234741941631360,120.3930597673815,-30.723813028183475,16.206972,1.0612535,0.23107709246134514,-1.9186689465871558,3.7574822088502793,7193.773
5596991446455240192,120.31071597221053,-30.59081878500924,16.208355,1.1096506,0.36687059595102106,-3.6537646666812273,-0.43601585981878177,5852.0366
5596247729922219392,120.53172926427685,-30.476275333272287,16.210423,1.8726311,0.14176454365603358,-1.2695551995206287,2.3115823322171414,4902.2812
5596242812168424448,120.55289440172344,-30.60991326618867,16.210665,1.0764828,0.5145426307442058,-5.285175557180848,3.091522121118128,5624.945
5596223536354514560,120.62398383071628,-30.73928638061868,16.212673,0.9216852,0.43978011097149095,-2.040672519565496,0.8282585542048736,5960.208
5596234845020827904,120.40285448546285,-30.708835210919823,16.214159,1.1585455,0.31469752803379736,-2.871813563896927,5.075476734301614,5975.5864
5596992339808324096,120.36389311370921,-30.49991347640195,16.214424,1.7486038,0.056321942585580737,-1.0241220831678686,1.2677340928204521,5198.8306
5596242026208178688,120.5866714166704,-30.6101357389261,16.215921,1.179101,0.5762436739211595,-1.7528036061393646,2.002676232701027,
5596235257337638144,120.47208811404376,-30.73239943009779,16.218256,1.5464516,0.17132163457508487,-1.6796751704116644,0.9163817994532775,5716.3735
5596246389892456704,120.48057880915249,-30.54414307524086,16.220533,1.2562962,0.3385725035834483,-1.2190078281963217,0.31555505414681606,5955.1055
5596992271088890112,120.33359241653562,-30.51919609213163,16.220741,1.6807232,0.15831436855042738,-2.302119620912786,2.909026169399752,5048.526
5596246699130063616,120.56413366391719,-30.50522133578826,16.220947,1.9077091,0.17508668183868725,-2.582079062662274,1.5678653287703184,5194.3745
5596240548739370880,120.38011717352055,-30.613424292625517,16.222216,1.2863808,0.30810232217622013,-1.2728607233549434,3.811327974927283,6812.422
5596229553620906368,120.64807078628353,-30.698195060874458,16.223248,0.6654463,0.16527373612723806,-2.301715624543111,3.0926675446533602,9651.225
5596989968986507264,120.29785741452373,-30.596960001750574,16.225876,0.9674778,0.35135526565997416,-2.3863771787140196,2.6900077017531947,8430.425
5596231683924610304,120.7052881018055,-30.63026776698154,16.23292,0.8349161,0.17134607063890847,-2.2456782404112965,2.562241793336863,
5596240205139580928,120.41671418420536,-30.605411844401893,16.234875,1.1654701,0.3826500368351182,-0.5794787112279804,4.027643615814994,5793.565
5596235669654405504,120.55273099197036,-30.69121608456848,16.238003,0.91017246,0.29020798307842005,-2.3731601593479095,4.379992740488914,7833.046
5596246321172978304,120.49038568419417,-30.55340156304933,16.238743,1.0964756,0.1668455609145086,-2.3053331785798603,3.1025118889143326,8089.542
5596993164442057344,120.3450602057748,-30.490133798709618,16.239334,1.0453749,0.2549299231927098,-3.628555782453218,4.561752217062931,8780.15
5596989762828109824,120.28349382057334,-30.623760355849885,16.240099,1.8465986,0.03772585094445931,-1.2408930800850206,1.092584984450206,5825.0713
5596238418433226624,120.29351013851547,-30.694925227636002,16.240755,0.9532585,0.3937166181407744,-2.371178367772016,2.233002844641325,5874.178
5596236872245276544,120.49357866037128,-30.651914850456265,16.24076,1.2148438,0.49163360557101704,-1.9698197052717752,-1.7298315604512795,5449.561
5596243503674410240,120.55337510299579,-30.553760729289884,16.241034,1.0054884,0.2852604506296325,-2.126381446052627,3.3002746875003237,9248.547
5596243091357564160,120.53301317833225,-30.57909754543675,16.242325,1.1301775,0.5549791499460377,-5.437664056039776,9.721848532368439,4887.1206
5596991480814947584,120.32813615853377,-30.571108452384358,16.242449,1.040781,0.7029874409623617,-0.17072800939171184,5.185142892959645,4925.505
5596236150690813952,120.47914106415635,-30.70723437488188,16.242928,1.1759338,0.9269302613901096,-2.7764965923949263,5.571904169722233,4956.5195
5596223575026486656,120.59757754217291,-30.727887713336532,16.245367,1.0477133,0.2592028436385993,-1.4353768997028156,1.46005750997849,5534.4614
5596240445657762176,120.37994445408114,-30.63099089007688,16.245867,1.0816841,0.5689521663787714,-0.8153925126433177,0.0939679646109257,5474.8574
5596236872245286912,120.48055647704632,-30.65247501811593,16.24751,2.299223,3.752487704293638,23.182562646081145,-57.36354938836942,
5596223059632621440,120.5635084397015,-30.76902661896211,16.248432,0.9820595,0.35072651582888964,-0.6338554709700912,0.5900747373926196,6040.092
5596223746825194624,120.57178732923947,-30.725249533938488,16.248796,0.9283056,0.2179917481062528,-2.6538336723058666,2.688547098412771,7582.4346
5596234398344247424,120.4149887183012,-30.755965527800832,16.248934,1.1107473,0.568926714073434,-2.886632504147838,2.8135563742648957,5825.34
5596231683924603776,120.71104466479346,-30.624784003976274,16.250078,0.98421574,0.42269105232475274,1.0795082442952237,0.18735344250982702,5281.7876
5596247833001454592,120.47964844048252,-30.4792545115592,16.250101,1.8304901,0.19576743359781956,-1.7821413861259314,2.3499394015465747,5803.988
5596234359671978112,120.41117331236775,-30.762474656135293,16.250559,1.0885801,0.17524285130983006,-1.8277460466104523,3.6979713811144075,7647.2173
5596993164442063488,120.33837271023147,-30.490002658193987,16.251438,1.0306435,0.2973246915360301,-3.4860018945350575,5.5864098800273325,5247.542
5596231683924610688,120.70320174409859,-30.627866968592205,16.251703,0.9201517,0.5650141790866087,-2.142239538585642,0.9870887923771574,5536.5947
5596234707581917312,120.3789589651989,-30.738523074219543,16.252983,1.2115917,0.1798140025764068,-4.2961548948124495,3.8593679051437424,6051.4126
5596236253770018688,120.47411272184048,-30.680742415457278,16.25353,0.947999,0.4253444092839805,-0.6920737707703766,2.53524399164718,6633.049
5596235566575209344,120.54021853409738,-30.706766647797505,16.253897,1.033865,0.6302265795229681,-2.83137428534321,1.4707931515843458,5502.953
5596248618965023872,120.58544749962506,-30.44130926869031,16.256256,0.9471264,0.2674973096811298,-2.761004398452865,2.830167752156674,
5596242507242217088,120.64656998549873,-30.588075849917402,16.25826,1.3126011,1.1941154979912918,-1.6242022891804309,1.1614762132924195,
5596242198004960384,120.65264817581833,-30.6059426120574,16.25911,1.1445732,0.21910154165756768,-3.541737582525839,2.681300040784708,7167.279
5596249379189634432,120.5806857142526,-30.436230847019903,16.26088,1.2200441,0.40525393943439936,-2.826743172592749,5.334813114636735,5361.9756
5596239002548762880,120.34347654311071,-30.647377326862244,16.262268,0.98049355,0.270103172787839,-3.2275179065454833,3.07869524930359,8476.525
5596243984701764864,120.65437905756227,-30.565295072334454,16.263218,0.9296551,0.5332319720650394,-4.223095434296141,3.340436037269448,5698.0854
5596240033340868992,120.48464564558014,-30.598574895918244,16.263369,1.6587152,1.650569640629782,-8.091616126084922,21.206156651546262,4457.2935
5596230343894850816,120.65361230033508,-30.630579513245753,16.263914,1.1641188,0.3497356255192252,-4.130756876562353,3.086365339401506,5513.3403
5596221474769849344,120.48811938482473,-30.81869769892977,16.264275,1.1239405,0.8592758802121541,0.21724421984647818,-2.2661358418715163,5153.49
5596245084222354048,120.59760013111803,-30.52907896368297,16.264704,2.0295258,0.07995233701866016,-1.0597687415487675,2.680365447173808,
5596223265788887680,120.55219295757091,-30.74698145784405,16.265182,0.524703,0.15415445637801659,-2.42870464700308,2.9171002444493306,
5596223128350207872,120.54063282132303,-30.77935031134838,16.266176,0.9230299,0.04352753871701712,-0.9245577366353681,2.910860491234527,8100.345
5596237147123379200,120.33568811831596,-30.748735456095595,16.267881,0.7476578,0.08194097440964082,-1.8137853390463752,2.4492237124144776,
5596246596050851584,120.57173003706693,-30.528633808047992,16.268145,0.97904587,0.41410275368396543,-6.671593612736983,6.0071147586169,5318.0493
5596244122149878272,120.68409297756543,-30.55071735630936,16.270662,1.1367788,0.7954153756209741,-0.9804937529159006,-2.839174777561192,5079.671
5596237662519421184,120.36560444259837,-30.723498231190003,16.274853,1.0415602,0.17268022495093022,-0.9829343396646725,3.620869760910672,7099.219
5596993061362864768,120.33033896713208,-30.503871418401758,16.278538,1.241045,,,,
5596247867361185664,120.49094184686214,-30.470414535156007,16.279932,1.8140726,0.11831621291587979,-1.1023156881224891,1.5201976584912527,5324.587
5596229725419612544,120.62591215701501,-30.694806495083775,16.279963,1.7450495,0.06772051258429919,-0.8716281584121592,0.9061013414554232,5235.9883
5596223437587570560,120.5698207778268,-30.757094810189127,16.281086,0.8906975,0.19968987791534887,-1.698906568039509,2.479333919071037,7475.111
5596239685432099456,120.38840934468723,-30.63457784476582,16.281557,1.0439281,0.42168707889937135,-1.9466355550951628,1.8710135175997205,5693.948
5596992649046038528,120.30602567585396,-30.519454064390292,16.281727,1.0738792,0.62211145403359,-0.5891743262936059,-1.4279961391050966,5189.58
5596243056997819648,120.5543629550302,-30.582746292924558,16.283012,1.5114241,0.31802968917094127,-0.4069780206517454,0.39944473003419645,5510.983
5596223162709726848,120.51358824611471,-30.78320407994892,16.283585,1.1280499,0.23019927725931413,-1.6110016244671144,1.8079140924835713,6523.165
5596237937396881280,120.3421655664381,-30.701028707447378,16.283754,1.0937519,0.17626583381748065,-3.0947005812890023,3.956600911746608,7093.855
5596239552304553984,120.42946231075337,-30.636752884686587,16.284096,1.0139418,0.48484224946301546,9.910868320446966,-0.8445205960151236,6071.565
5596242988278356096,120.52080195406745,-30.596263249827878,16.286587,1.0847778,0.849842637632844,0.4291052412092514,3.495528003320542,5071.9355
5596230172096145280,120.68834121164056,-30.654248890820764,16.28775,1.2496109,0.2536408269195082,0.42167621504412806,-0.023374575276905053,
5596223300139903232,120.54029674336802,-30.75635648348886,16.2883,0.8823061,0.10874932301483521,-1.9148742118184394,1.6700861712940132,9869.277
5596221410363079680,120.51604347026749,-30.804430137226714,16.290138,0.8008232,0.2709624128205983,-3.395491884873378,3.583309224043362,7991.432
5596237628159242624,120.31245403008343,-30.703508436673932,16.290558,0.9871998,0.3873175356956994,-2.054468410999486,3.340481722634909,5844.072
5596247695562485760,120.51702536411474,-30.479319532228395,16.292171,1.140892,0.9547668973938834,-0.9451516811196972,4.967477947523434,4995.987
5596234531470794880,120.44283058829471,-30.73747507862002,16.292824,0.9968128,0.5164339115010618,-0.34258366681475205,4.713140224080316,5991.712
5596233779868910848,120.45752351315866,-30.745632126279123,16.295198,1.0667009,0.133295629585706,-1.8952327352169913,2.8072950689106024,7443.792
5596236013251897600,120.45486261834262,-30.72838285274557,16.296463,0.90868187,0.47773892168729626,-5.505697959747023,2.2353897021823412,5898.842
5596243194436757376,120.59309911163349,-30.582675556775776,16.297054,0.8572483,0.18048116109409867,-2.480416918973982,2.8335328791873255,9538.493
5596221582161800448,120.49703368100563,-30.81934976973015,16.299147,1.027895,0.5668290306978992,-4.641148338801489,3.6578051981304065,5541.953
5596243778552520064,120.66359875138279,-30.578002633860255,16.301336,1.0317488,0.40867638392481326,-2.0873377812258607,0.4701227087389223,5195.6523
5596249413549378944,120.555964771523,-30.432142216050206,16.30154,1.0410242,0.49664597585908277,-5.043133251320145,2.283808140137592,5612.4336
5596244603185988096,120.67969587516286,-30.514922452351566,16.308065,1.4541454,0.36873765377313206,-0.5668429916367038,2.039804494314565,7437.158
5596229278743353984,120.72137026936706,-30.68553737626986,16.308672,1.6999493,0.12212478619225474,-1.8424896229708894,2.227377255107354,4980.416
5596230859290880896,120.72680848416044,-30.643718402019328,16.308979,1.1120396,0.20428462134555542,-1.1174353068388898,2.239468793680886,6023.118
5596229450541710080,120.6351395196615,-30.714539923026567,16.310152,0.7979193,0.20713210873559815,-2.0908682926590014,3.817375689691019,8700.251
5596223815544654336,120.58781342239192,-30.712462886200132,16.312391,0.6008215,0.13263678579727656,-1.4958056409437022,2.3294746399518,10037.94
5596222922191533056,120.54347858803958,-30.784304214615265,16.313406,0.91794395,0.3648911581232766,-1.1642610075961901,1.849171444587397,7116.478
5596238830750078720,120.31953767673052,-30.668419808210157,16.315542,,0.46051100282989865,-1.0078611350757818,1.1240650208261191,
5596991721333154304,120.28612152982265,-30.564430256851143,16.316528,1.1527958,0.7531154337665241,-1.334093368157876,2.9307055215971505,5067.174
5596235360416809344,120.50769430590438,-30.708030824568862,16.31687,1.159193,0.2539120595982777,-1.5435556463540063,3.026786261033657,7092.383
5596234260905337472,120.37556110099186,-30.764324212939503,16.318035,1.0427876,0.32005826788260117,-5.6254502344557515,6.315560347407655,6022.7744
5596990175144944256,120.28095735604228,-30.581342314788156,16.320051,1.7271891,0.09785971526388067,-1.414483356332259,2.1328467817033934,5149.692
5596243503674414336,120.55174539681647,-30.564657280146477,16.320599,1.3197355,0.34445865058721653,-1.6592994572855084,0.4877275817723784,6710.4214
5596248176598805120,120.57790247062606,-30.493599921011917,16.32095,0.92536736,0.37568486915934335,-3.1621145857447432,3.6958097666190235,5888.3394
5596241132852500736,120.44474957991561,-30.567491468678885,16.324554,1.5619354,1.437615803367812,1.6112873141820305,-13.75916598200671,4455.0254
5596242816479941376,120.5557002108354,-30.606496019849306,16.327646,1.0554314,0.467330066642601,-2.8210183140261273,4.445252309171052,5664.0347
5596232027521975040,120.70829798485418,-30.59310462225764,16.329107,1.0002308,0.18218645358058758,-2.594178926947833,3.712534717590532,9077.352
5596236288129802368,120.4373274674542,-30.699360545916527,16.33014,1.2465534,1.3995268569323325,-2.3847028975891744,5.568746556734477,5130.093
5596239105627988352,120.29105720733068,-30.64329282894381,16.331697,1.2772617,0.34213630891001534,-4.299888359198793,1.6419510927734366,5322.004
5596229141304017920,120.69542184991961,-30.71074774152568,16.333313,1.082861,0.1822880756006839,-2.419827511749237,3.782760222387971,7396.588
5596234604502640128,120.43340166001362,-30.724180710580285,16.33429,0.9799309,0.4371345589554964,0.38542616954911496,0.10693768407057538,5868.5635
5596230172096147584,120.68369991299703,-30.65230047144333,16.335045,0.98646736,0.10506561766881509,-2.9348079217772,2.9003019555870617,5956.603
5596234359671977984,120.40824051115473,-30.76308552472997,16.335192,0.76711273,0.21930193889769506,-2.3037307058911134,3.3419065504051764,9060.783
5596246729178992000,120.51576945566518,-30.532280693560743,16.335344,0.7574005,0.15776036368743745,-2.640428673012129,4.503676007206426,9254.139
5596223059630728064,120.56810858050525,-30.762749857535415,16.33601,0.8452501,0.22928683334160138,-2.700603364444146,3.138726131874232,7649.136
5596243400595178880,120.59978752864806,-30.551187582003116,16.337816,1.3175983,0.9004770350758646,-4.977476058102982,1.3648038001903142,4607.775
5596234432704011904,120.39181939702023,-30.75895557331419,16.341032,1.0448589,0.6761906243757442,-4.148226726040489,5.861616572855883,5363.886
5596239002548763136,120.3364975944928,-30.637878856674575,16.342424,1.6791649,0.21090618562555974,-1.7800906428509617,2.1598581055808452,5244.3135
5596249413549382144,120.55200235442435,-30.43682412143059,16.342691,2.0592728,2.0482958754801857,-8.936587992575406,5.353977213314032,3925.5083
5596241850100755712,120.55593176987395,-30.641957275262115,16.345058,1.0713024,0.36244758703580976,-4.655342545744634,6.182927486702185,6161.51
5596228660267729920,120.64480428978064,-30.731506976532245,16.346113,1.0594959,0.6658320628196897,-3.892257345009705,2.0471321110958174,5141.909
5596240303907684352,120.46828084908732,-30.576984085452782,16.348568,0.7812443,0.25894813797446053,-2.3781608189131047,2.7190270718934544,9257.508
5596245221661292544,120.62381141911345,-30.503726392256105,16.351398,1.9706411,0.1385536946033564,-2.0210923794157116,2.630657626488281,5453.948
5596249482268869632,120.5250777606077,-30.441158347981226,16.353374,1.0342112,0.5288151269622822,-10.281711452737168,4.417007290024544,5902.191
5596234535785259392,120.44236673299885,-30.743908287967812,16.353949,1.3908873,1.3043972137632052,3.063313914220226,16.884058326556893,4528.0576
5596237078403369984,120.4944185276767,-30.62093508733687,16.354036,1.8472576,0.13746846619501196,-1.4628084395161456,1.953468187369955,5268.371
5596228351030072448,120.6754055836333,-30.755627125501213,16.354395,1.1481514,0.6337324006548888,-2.1832165815780202,4.514928541858303,5158.7666
5596243400595174528,120.61014526579505,-30.549370814445442,16.355427,1.1965694,0.4040972714278595,-3.2496613443846583,7.132642996969894,5938.942
5596249344829900544,120.57098649427651,-30.4454171112114,16.356188,2.1659765,0.1477774831575543,-1.3776417840047221,1.7883016394468128,5818.3086
5596234982459730176,120.48473026331264,-30.748228128219168,16.35657,1.696784,0.6276999677480919,-1.0823059093536838,2.9080320506583006,5049.5737
5596992271088886528,120.33759369802551,-30.52020585957984,16.357487,0.7679329,0.15253971288938692,-2.9857877671224617,3.139425283429485,9557.111
5596998352762499072,120.38490954647978,-30.468459316537345,16.36172,0.9301071,0.32286187806833355,-2.606281068203553,3.819263216424639,9555.47
5596237799958331776,120.3903571252386,-30.6975553444499,16.362259,1.6467533,1.5821324635809204,-10.577538068149215,1.106924732228232,4441.3384
5596232508558293504,120.7216945308379,-30.56286241097457,16.362953,1.8471823,0.15808340195205345,-2.817970538634363,2.3635417842733237,5130.3574
5596229794139091456,120.60867202133956,-30.6731270366952,16.36385,1.0597944,0.4635620339066966,-0.6083156438407058,2.2020686572025396,5671.994
5596991613945995264,120.34436344248792,-30.548020826264402,16.364014,1.0560608,0.38450334347108234,-2.642927894103864,0.9178868606958981,6107.613
5596243641113352320,120.57304030224662,-30.5334696966963,16.364477,0.89767075,0.47559268682227873,-2.060316979617401,2.6246802013461674,5760.6353
5596235188618169856,120.47259340666321,-30.74547866504215,16.365118,0.9283972,0.4111051195757957,-3.5679255622301573,1.8704575629701,6364.2563
5596222578594085760,120.61209141519498,-30.77524024696798,16.366749,1.6897068,0.02712002305463151,-1.3869787862467744,1.6996968538412194,
5596223609386216320,120.60553651920273,-30.723224000734856,16.369059,0.90904236,0.3084911778832913,-2.7674603948256196,4.208773440146048,7166.5474
5596241029763739776,120.39299374690889,-30.587821217189994,16.369686,0.972805,0.45244559431739456,-2.4542879702374414,2.3421468557977154,5588.6426
5596233917307966464,120.36997611108245,-30.783162766316817,16.37346,1.1215878,0.5240923567677122,-1.3053167083771746,1.8119380527817848,4854.6157
5596234570142921344,120.42173606486641,-30.736855723979396,16.373661,1.0166426,0.24952468993901855,-3.43805525816435,3.1477451648235393,7061.1357
5596239002548760320,120.34602843656683,-30.634547005458373,16.373896,1.0667734,0.47495641132156513,-0.1304233377521114,-1.4035295550766782,5528.112
5596242369803292544,120.61581352503552,-30.599013024960012,16.375427,0.9889984,0.5800085543316292,-2.9357094304878,0.45263138609172165,5203.8135
5596247833001457024,120.47567008520105,-30.48509106957104,16.37555,1.1965199,0.3901305155732483,-6.258425431752951,5.458261642241087,5773.632
5596247145806697472,120.47318884483887,-30.522667113253117,16.376019,1.5876398,0.30008241512227724,-3.7577248527354143,5.173721927080268,5217.223
5596990140788578176,120.27889751296,-30.586599670138927,16.376139,1.2430687,0.2795625630992892,-3.293304427717085,4.681756497488008,7136.5757
5596240514377241600,120.36249821684837,-30.618541557679052,16.37641,1.1009979,0.813031427896884,-6.005401049337504,5.570744579133436,5201.417
5596249516628602624,120.52847157001487,-30.424732247064664,16.37883,1.4079046,0.3468794036472835,-3.825344016941732,6.074539620896191,7357.4507
5596989934626776192,120.29595760002168,-30.60426064084388,16.379,1.6870298,0.12383532284246324,-2.0348807407630822,2.3810589853157125,5318.814
5596248550245485824,120.60136015311946,-30.454638023817598,16.379549,1.2787724,0.3639221299921115,-2.2034136989383133,3.5928351663014793,7473.6255
5596237937396880000,120.34736892222114,-30.69995145595937,16.380054,1.6562605,0.1531278079567815,-0.8520240576038083,1.6458265088047221,5212.1616
5596229313102661376,120.73150186015009,-30.665725431175645,16.382305,1.2480402,0.9564129901075132,-8.333817306788573,5.0420478463931335,4887.958
5596231649564856704,120.73018459680563,-30.633871212375087,16.390957,1.0092115,0.2355115489774741,-1.1722309816467165,2.508768172023699,9338.386
5596236558695637376,120.4955532513696,-30.68687056921039,16.39104,0.8486252,0.29782069795223287,-2.8558058625967107,2.8405159740674533,8498.509
5596239002548759168,120.34974190731685,-30.634092877497633,16.39141,0.9655342,0.4457600766290452,-3.9770538340392436,3.1397957832905155,6357.7817
5596239036908513152,120.29083133064456,-30.65918111726342,16.394054,0.7022095,0.18706874095918438,-1.4640327904605055,2.4024834789330933,
5596241991846208384,120.57864685351126,-30.622622718350886,16.394485,1.1361456,0.33168026932241695,-2.952285747068249,4.8316011430960994,7272.0347
5596234501423434240,120.43808885873378,-30.744141421103578,16.396854,1.0657063,0.4163455227316395,-1.4580106941971944,2.4671372053911442,5420.065
5596231615195932288,120.71877123153075,-30.645729287503872,16.397333,1.0996113,-1.0160529134655807,-8.439383231907621,4.172657655577649,
5596243056997817600,120.55761956580028,-30.57941345783674,16.397842,0.88172245,0.19851444992656733,-2.2373536293692844,3.1614744028245756,
5596238762030604928,120.32136016355487,-30.688600147803054,16.39868,0.9377613,0.48111588697634616,-0.8676270461570197,2.6044697679210254,5847.5474
5596991549534398080,120.34900415829678,-30.563002036036952,16.407965,0.88151455,0.31591348392581564,-2.98172320588568,2.96829186946758,8995.766
5596998868158527360,120.41927553146053,-30.437407583664267,16.408628,1.0036106,0.41555798087514484,-2.2613027615950427,1.711130272174466,6340.5874
5596249413549382272,120.54767115918958,-30.430657994895142,16.408722,1.018117,0.1983889717670838,-1.719042621351485,2.5456774948079364,9783.113
5596235429136288384,120.49760236330648,-30.695893511364382,16.409399,0.8648882,0.3147701533326216,-2.9117169292361833,2.661011742942774,8442.234
5596223059630728320,120.56391261089476,-30.76398375834425,16.411081,1.741786,0.16585613765632912,-0.8932279435896897,1.632737040126694,5058.724
5596998249683295744,120.38397477430541,-30.4841387256751,16.412867,2.4472303,4.756336935346916,3.5240162776966466,10.603871906667898,3573.1772
5596238109195563136,120.37132526837424,-30.672715590232382,16.414892,1.0280743,0.5366283111461289,-5.6171413636638,0.1685893061963857,5404.6265
5596245114271377792,120.6159980264906,-30.51470684702988,16.415218,1.1881361,0.8717398212102146,-3.7811081547804326,1.179445362583903,4824.546
5596246389892452352,120.48477496417564,-30.533166761809102,16.41537,0.87934875,0.14340769080614624,-2.6712794680307415,3.1374437504998705,9090.028
5596236528647927040,120.45952815114887,-30.661666039538492,16.418243,0.8411112,0.2787468895847151,-2.434607079575339,3.069280613811815,9710.775
5596247175855657984,120.48532417872366,-30.518314793853914,16.418709,0.91804695,0.4347309382322553,-1.905952117362324,1.680853915656146,5656.136
5596232091930192000,120.70374471428323,-30.58380879228858,16.41978,1.1020813,0.2408506672196592,-3.646733833238363,3.7425029542819552,6587.9478
5596234260905329664,120.38133360338666,-30.75989559545061,16.420416,1.077095,0.11384189454695232,-2.0847949581292404,3.1283479297140793,6435.0903
5596230378254581760,120.6748179971399,-30.644669650515414,16.420887,1.8565674,0.08658898990683883,-0.9099298279935677,1.901654085581182,6320.2676
5596238040476095232,120.3347157148374,-30.68173242370079,16.42162,1.0934315,0.5983537992254687,-2.3491691259705174,3.6124532812213075,5218.0684
5596231649564855808,120.72923932336373,-30.63156564754506,16.42225,0.90946674,0.25463372715852245,-3.0280289876345776,3.364438572521209,7492.786
5596222544234350720,120.61657189675996,-30.78834932462579,16.427956,1.001668,0.25813289619333446,-2.460732693704763,2.371690070157346,6107.2573
5596230000297459072,120.69396661941633,-30.67117277362137,16.42846,1.0851536,0.2743835399561307,-1.6348362040004367,4.293067515107388,5966.1987
5596242919549225728,120.53177371748383,-30.601917895278977,16.43104,,0.6195956486210153,-2.007855255707833,2.265428068984737,
5596241648248822528,120.60517254794634,-30.65677672610113,16.431505,0.9673662,0.44540965874254085,-0.10443486577566197,1.1329597521454724,5169.4004
5596241407730411392,120.41699105420345,-30.54561004757278,16.43177,1.0379286,0.5347477398623155,0.2514596207746126,-0.8937032377752675,5427.8696
5596246664770330240,120.55571736862976,-30.512048240416842,16.43383,0.93216324,0.2664627653517392,-2.051014057800061,3.5583179769585,9310.473
5596235944532313856,120.53746235635852,-30.67233802080257,16.434381,1.8189344,0.10348605686276993,-1.179383693055807,1.6149776001582383,5166.719
5596247111446966272,120.45587681507817,-30.526143853290247,16.434917,0.9627733,0.27538222060189615,-1.4414324372607183,1.8950867263939295,8803.3125
5596229450541700992,120.64347283457997,-30.710780530771814,16.440264,1.9287996,0.11993673905095129,-1.322167275121922,1.7239930258522622,5161.7837
5596249241750694144,120.55587067778346,-30.460140179655255,16.440947,0.9550543,0.38811047919346303,-2.775699912512561,2.8315714866689623,9252.691
5596236288121228800,120.4275423750817,-30.702970663290632,16.44153,1.0407352,0.6219172253934574,-2.58806212120716,3.1098122509959145,5161.9736
5596222544234366080,120.60221976146893,-30.79378253962732,16.441668,1.2546501,0.3587759821578453,2.54466730449756,-0.19223681152459102,
5596223197069456768,120.51283414701687,-30.767891941797217,16.442352,1.0979319,0.09382354881696355,-3.6034951845762566,4.7185455891353545,7050.685
5596240617456452864,120.37245950190916,-30.61090670430905,16.443419,1.4434223,1.366464375231781,-1.5966374916123875,-2.3105361513211937,4517.371
5596223128350208640,120.53059743840464,-30.782504852040397,16.443493,0.81548214,0.05986114945087697,-0.5687953145660793,2.00195168240409,
5596233745500668544,120.44498911385311,-30.76530057315967,16.445951,1.0761633,0.3925893687081789,-3.7861030505246096,6.404327064353479,5224.707
5596233298832599424,120.46974460264893,-30.80428777184293,16.446615,1.0295715,0.26786646381363977,-3.1110670373612836,3.8497844751090176,
5596241132852499456,120.44132528230631,-30.55665200236161,16.447502,2.5544596,4.881718272117537,6.127405530912022,-17.916527539480718,3501.8916
5596234329626845824,120.3598573808291,-30.749653946287257,16.447615,1.594986,0.12757846916703855,-1.3282282712383136,1.3166749475163686,
5596247833001457152,120.47747381351789,-30.488849833121165,16.448523,1.297677,0.2970457284036912,-1.8957070217474203,1.7482254907927361,6854.1816
5596993164442358400,120.34346236767347,-30.480669061969685,16.451513,1.2350721,0.45355383802489524,-2.2388637424738147,3.4705146155550484,7199.126
5596241059821966720,120.416681603635,-30.56998087123755,16.451725,0.9374008,0.2550610527647027,-3.5299832111954332,4.642918589630494,9246.304
5596235772733640576,120.53121258556925,-30.69512938048171,16.453651,1.0099163,0.41559585567712853,-0.6340472373349657,-1.1851874934822386,5183.026
5596229759779368832,120.60421129402255,-30.692146063010338,16.454489,0.9922476,0.4824109529546422,-7.784052754966257,7.444602377314569,5136.078
5596235154258382848,120.51359607553906,-30.7215185801521,16.454786,0.7829666,0.08089817977063843,-1.76733462467403,2.8660888644192966,9744.627
5596240754895413120,120.33572312611265,-30.59803988265658,16.455982,1.0298605,0.5296883577515393,-2.441072215216736,2.287077708326817,5519.8667
5596998833798766464,120.4473298476668,-30.434068764536853,16.459515,0.9444351,0.4264091125433091,-3.8984009094593124,1.6155169759384433,5668.4956
5596234428391522176,120.39154071942461,-30.756583453442886,16.460447,1.1531916,0.27540071742313954,-1.29539980551367,3.4958344874019316,6008.4683
5596223575026484224,120.60288813515133,-30.73005873185639,16.460676,0.9015608,0.1807092961311815,-1.9124903716038761,2.655043497258556,7482.6494
5596998009165102592,120.41853664435929,-30.493480641190146,16.462986,1.0737228,0.6188758018572234,-1.6972642156628976,4.314605959297566,5362.5054
5596233230113177984,120.40223893136303,-30.789853655320403,16.464838,0.9619665,0.38298048412573416,-3.216476932468014,1.0696437916380814,5721.931
5596241545169617664,120.60378849720175,-30.670420254747512,16.46504,1.0548954,,,,
5596236288129810688,120.43016063601502,-30.70296239994873,16.46617,1.6669655,0.1228059463258525,-1.051798604593548,1.4844671723635534,
5596989968986510592,120.29775018068368,-30.600424388263882,16.467089,0.7522087,0.17768749757329763,-1.5507401739114977,2.4528263222878324,6224.187
5596222887831805568,120.54032734558861,-30.79918170735312,16.468042,1.0444136,0.22485312351696368,-1.665862278104185,4.7499830103977665,7158.2466
5596238448481299712,120.30114462781859,-30.67400634121806,16.470646,1.0011282,0.3348850166390453,-4.441734537210568,1.191118799371429,
5596230270863685376,120.65803071315828,-30.65468069257458,16.470736,1.1350203,0.31405157281380836,-2.076400286629353,3.3123425984124326,5840.954
5596998245375665536,120.38842633687278,-30.480294666005648,16.4721,1.0291424,0.5622856662053124,-3.6015758428798024,7.7404246543855955,5424.658
5596222956551261824,120.56261044091666,-30.793093649345703,16.47238,1.4452667,0.0829473015947792,-1.319886130417745,2.3514685267716393,5666.9336
5596237799958334208,120.38751907506891,-30.697576579700733,16.473795,1.1156769,0.7227109454428852,-3.562367464844198,2.6875219891146505,5092.8813
5596236253770013568,120.48217923088811,-30.68258626917913,16.474966,1.0929546,0.5815169338727304,-0.25937789273329526,0.47439994404841007,5324.1865
5596232061872416000,120.72827428283347,-30.584527283837986,16.475033,1.1023779,0.4358237909626975,-2.8131048180759675,4.280584204149046,
5596235016819460096,120.491976692492,-30.74595187856961,16.475075,1.0922718,0.36199950458123153,-4.051654919491198,2.154075025587952,6023.687
5596235119889952000,120.50697570691919,-30.7342740528192,16.47678,1.094471,0.6528776355788815,-0.3582078680107795,0.020253645916009255,5208.927
5596239994669874432,120.47275561662514,-30.609751600200386,16.477371,1.9553127,0.19411882418880685,-1.3140450099046044,2.378255251578696,4987.201
5596229794139096320,120.61223806901359,-30.68407268793066,16.479172,1.0969763,0.06430234789763091,-7.187821466996268,8.319168336788847,
5596246905288493696,120.55964675406112,-30.49811142178065,16.479574,0.93015957,0.47714928570954496,-0.5038783573381483,1.6106393367241387,5576.5464
5596246767849557120,120.52300713234317,-30.515437918277524,16.481014,1.1921825,-0.15153541892514893,-5.628598313923656,5.693491509234649,6358.1797
5596238177915039104,120.36626753133365,-30.663492758936762,16.48136,1.0692539,0.17573813355711096,-0.5434277702731353,0.9864771827018606,7482.908
5596240789255146368,120.35438372891568,-30.59446158982094,16.481655,0.79970264,0.02130536881438614,-1.8412828719173286,2.8688769705287145,10014.613
5596992369860359808,120.3829350248397,-30.495617939556507,16.481686,1.0937157,0.3116687959807027,-3.6622077981513943,3.2359926406784822,7608.295
5596236356849284736,120.42552030020424,-30.690535044934016,16.482264,0.99650097,0.31847003623560766,-2.007769966970484,5.099704053452299,7003.2017
5596230069016938880,120.67678114513586,-30.65184471529665,16.48242,1.9160824,0.08883123422164606,-1.2026592009361108,1.7794835054324598,5134.9136
5596234020387180416,120.37047813551017,-30.78226425941746,16.483166,0.8302908,0.20659676068126806,-3.7859993418432762,3.4289511885767174,8343.249
5596242679041020032,120.53022878976773,-30.631074813604855,16.488308,1.1370821,0.38781000279141886,-3.8422926020848376,1.0865435611563221,5860.634
5596993057055130496,120.34012308129726,-30.49412961220227,16.489376,1.0320625,0.3806121200434166,-2.666132887007484,2.412374612166926,6024.236
5596222161964689920,120.58850582509629,-30.801064871904515,16.490467,1.0809851,0.5545478488021223,-3.2443796817419726,2.7897328688793976,5263.335
5596233195753448832,120.39674701939903,-30.797770332981585,16.490673,1.1710157,0.25949821460584005,-3.221851384980911,2.0330232194224163,6832.565
5596231649564859136,120.72797687592625,-30.63585786990799,16.490818,1.0180788,0.47627120929692734,-4.175901146380606,9.971382930598008,5458.81
5596236734806294656,120.52757383978674,-30.6540179769515,16.491125,1.0042515,0.43987132437970794,-2.8983504138675413,4.796389062643229,6127.757
5596222097557815040,120.56066633247288,-30.814567596462688,16.49122,1.0385103,0.3234429356126409,-4.865948334640345,3.448568433483695,6090.296
5596245049862592384,120.659961247436,-30.50708552890451,16.491522,1.5012503,0.28517390546064014,-5.607864474972471,3.8327494029161078,5845.6504
5596223128349972736,120.52884110065841,-30.780433445596163,16.4943,0.971817,0.33240790199028347,-2.337188198859671,3.2924913139668854,6902.125
5596243675473084928,120.58418231206912,-30.526877956393566,16.4953,0.9701996,0.22122666259374835,-2.703398299277949,2.999787116652173,9247.867
5596229721107677312,120.61405557693566,-30.690565009714188,16.495419,1.1371126,0.5870522255370215,1.5508057723557491,5.520322596675535,4814.8774
5596222784752493184,120.62369014402799,-30.74670394712471,16.49596,1.1471376,0.605872249450463,-5.3504051822050585,8.141160483068688,5002.417
5596240033340870784,120.48452641921996,-30.612895539198046,16.496742,1.1704931,0.20846977609238246,-2.6179137995348585,3.8774899870701987,8081.406
5596241235932083712,120.3961327823525,-30.569602136788536,16.498837,1.7143927,0.14992209657752215,-1.6021765946800306,2.679840498006781,5583.874
5596249276110437760,120.53095017023303,-30.44365580721884,16.499449,0.92676926,0.1604062446481671,-2.403854008287993,3.112964783986367,10993.736
5596998593280611712,120.44505475233896,-30.458404312215304,16.501057,0.9530277,0.41375980087994585,-5.013944911564041,1.321497568830821,5755.388
5596244328308294144,120.70748345896128,-30.54745435337627,16.502905,0.8014164,0.21634726358083403,-2.4232703903257997,3.14527425168251,9713.542
5596243778552526336,120.65811519272258,-30.58051073523304,16.503391,1.6578579,0.24744621347130363,-3.1575763827752876,2.1247759728117703,5301.373
5597000173828519680,120.49800532182671,-30.422826596964473,16.50418,1.1626177,0.6396185762035957,-2.152199390740931,1.09629700654693,5118.7583
5596239792822729344,120.39626617424756,-30.63164595609533,16.505033,1.0238352,0.3083521514489012,-1.5164167048124957,2.7503983156909984,8587.562
5596223643746003712,120.5623517247771,-30.751059211728307,16.505112,1.441844,0.23044051895235734,-2.139763529200019,3.9776645296740805,
5596239685432112000,120.39115900776899,-30.63223088258327,16.506199,1.1166735,0.5571798958280147,-5.443648219623662,6.39082953560535,5385.8926
5596235016819461888,120.492993168027,-30.749237271909806,16.506552,1.1399965,0.6144218609587994,-4.293622689589903,4.828679879788297,4940.977
5596248176598806528,120.57327557823805,-30.49219630629468,16.506693,0.8973856,0.4658527107787146,10.547228872105844,-23.08876889942639,6723.1357
5596229141304017536,120.69120190898602,-30.70410304891599,16.507095,1.032732,0.5784785328622972,-2.1560670889714184,0.8374689847897037,5170.618
5596244053430198272,120.63220766405023,-30.561344630449224,16.509018,1.3540173,0.23462828613923298,-1.9866115907241277,2.916321573093834,7146.9263
5596228763346906880,120.68354529475994,-30.717933476801107,16.509325,0.97338295,0.32081461378487974,-5.444746054435382,5.638338116068287,6590.4326
5596234226545608448,120.36256366138193,-30.765274108106187,16.509838,1.58776,0.06655742682261553,-1.0445616740931625,1.1411536718734259,5329.4443
5596248485836448128,120.56505518244207,-30.46351323904645,16.511314,1.9412642,0.13593655700508342,-1.6339001243430407,2.9466438507597528,6417.9653
5596249413549383040,120.55012939811185,-30.436367127437315,16.512554,1.772337,2.6708507649035567,6.332206025451936,-13.961033590197474,4155.429
5596233328879664384,120.44275515699091,-30.800071442888484,16.51456,0.7244625,0.2564903496512968,-2.277206608767961,2.879029495605965,8237.199
5596222814799692032,120.53712148493763,-30.808950161473923,16.5154,0.72369576,0.12153813502472112,-2.4590022364317274,2.22268630385405,9602.155
5596234879380554752,120.41034782179966,-30.701443654304686,16.515982,0.9696646,0.20817617991872508,-4.33300803907234,4.557773749402575,7296.464
5596245256021026944,120.63872066668554,-30.502858015857,16.517366,1.2645292,0.15340279770014373,-1.830200871437853,1.4604746468503267,
5596231615205134080,120.71010887838142,-30.638219411126816,16.519985,1.0424109,0.6628479669130883,-7.077664128570196,8.72575884491934,4936.9536
5596238448481209216,120.30089847607192,-30.69076335823477,16.52049,0.8368416,0.23411831629963287,-1.9588458568004552,3.161978723326578,9106.201
5596246183734033792,120.47501890623451,-30.56620478672382,16.521002,1.3487873,1.1120921230993364,-2.985723797786134,5.709125995822163,
5596234879380559104,120.40978705822936,-30.707511138469286,16.523159,1.0625496,0.3105794350041418,-2.3455863179986736,2.175989980079666,6281.785
5596991854464177920,120.31687784830281,-30.538307023332653,16.523314,0.87092876,0.44235370689711767,-2.896342535184797,1.8007556997914058,5873.4336
5596247901720935808,120.46582603524344,-30.481164768274805,16.523937,1.1767645,,,,
5596992339808320768,120.36677454510314,-30.498291622437865,16.525242,1.4917288,0.39414138590818815,-5.600008000911551,2.102462539402973,4773.0454
5596238933829283328,120.35955113590559,-30.653848738446968,16.526031,0.993783,0.17981347620516874,-2.0310769965847504,1.9881392568605636,9154.897
5596231649564853888,120.7302016724588,-30.626750308121377,16.528206,0.85316086,0.24828058153588867,-2.1218261023705907,2.7928531466401885,9265.856
5596241476449884032,120.41724691073097,-30.525944864749132,16.528635,0.97385883,0.20696642953338648,-2.621201163630415,2.523711825141803,8502.103
5596234054746898048,120.38386712632577,-30.761387042430332,16.52877,1.162715,0.1303032882566539,-0.32366230040926713,4.326352010077811,
5596229484901465728,120.61528028074443,-30.71770575996489,16.529737,1.0076818,0.3940074740451752,-5.685284928391753,6.224144574826457,5587.3667
5596247111446967552,120.45583725695248,-30.529965571113273,16.529972,1.0445957,0.29590098933006065,-2.242952692559775,1.869897186963241,5567.66
5596222750392764544,120.61901974377479,-30.758315747098745,16.530878,0.7948313,0.15510177910523631,-1.5936949743675237,2.9435128092524243,6117.3037
5596223678105714432,120.5780281694339,-30.727535551283363,16.532288,1.0253229,0.5815885701947802,-6.685394307262877,6.605649135965161,5431.7954
5596246767849557632,120.52909505561507,-30.52543101194164,16.532951,1.0410595,0.6655582331081754,-5.027776416083167,-0.07537158689121715,4961.6406
5596235463496000256,120.54424667927285,-30.720852930481588,16.533058,0.9689398,0.28693762876742246,-1.804763663791878,1.8239202299785235,6378.527
5596235085538893312,120.5316453628865,-30.729602636740598,16.534367,1.3533325,1.048967640600899,-4.099620036068577,-3.0653899466012327,4657.3203
5596991824412308096,120.32741016999212,-30.53644318860427,16.535696,1.277832,0.3277447543819852,-1.9190131810540407,0.9425160236182377,6379.634
5596230481333784832,120.67333501561085,-30.61640213965952,16.53588,1.118372,0.6642768678463566,-1.5473126583086705,-2.4727193785472443,4833.9336
5596238998237275776,120.34585543428743,-30.64447007585817,16.536055,0.992054,0.4442618669609679,-1.5626328919298045,4.340716018925138,6157.3003
5596222784752483456,120.6378443161933,-30.7484459236239,16.536606,1.0036716,0.514496845311708,-1.9943215936327363,-1.2302910699877343,5488.2607
5596234737629273984,120.38656795431311,-30.726896060579513,16.542152,1.0424194,0.5215362960505309,-0.19148533804559364,3.0604118842819727,5495.6504
5596233711149432064,120.47016737082897,-30.759785727637396,16.542557,1.2793446,1.014681687709476,-1.9760571981107895,2.340231529812108,4788.57
5596239071270626816,120.31187239722294,-30.6460056413129,16.543106,0.743103,0.20397297310690282,-0.5769652035632142,2.0631294805114946,
5596240308218778880,120.45764303834187,-30.58239137260891,16.544476,1.1512957,0.39320078878986686,-2.141069899697424,2.0302255920318695,7205.7373
5596223265788886912,120.5564778165854,-30.751322579092307,16.545868,1.1061869,0.3724680458135976,-4.935450357931057,4.242960967650158,
5596992271088888960,120.3356412076352,-30.520582862001095,16.547523,1.2727375,0.270919754847034,-0.7311283746697315,3.1572823107119246,6464.642
5596247077077604608,120.44984469781527,-30.539162624632617,16.547874,1.0540676,0.5657401721614581,-3.997923905390877,4.204375498367211,5417.635
5596991893131776000,120.32978994610133,-30.526289025518302,16.55041,1.1494265,0.6195716794377898,-5.381408064539743,2.0703380776075875,5108.997
5596233264472881792,120.45064866336463,-30.808341603788215,16.550795,0.9253826,0.1960898077497305,-1.8155887884171698,1.854382797262701,7361.2036
5596247833001456768,120.47280060796633,-30.480528097851984,16.552338,1.2422743,0.19037222432442713,-1.2312909605452853,1.6834455282709668,6019.9053
5596228385389821312,120.66691171097125,-30.7614782007049,16.552723,1.1002035,0.7229685504368365,-6.289653158076863,7.6276654638150525,5116.491
5596236425568722432,120.4589208947167,-30.67969355643005,16.552769,1.079813,0.3423966149554676,-2.7151414962512046,8.540925835821465,5838.87
5596229622340380160,120.64765726614836,-30.692733446013406,16.55438,0.95924664,0.2354191120372266,-1.7573653834946592,2.151294424688341,6971.0537
5596236288131910784,120.43373829692709,-30.694161512276327,16.554705,0.9503021,0.1598804495953686,-1.7414621105780839,2.651693808214233,8223.469
5596249413549379840,120.551707848524,-30.429779795699876,16.556665,1.1489487,0.4219739183006285,-1.8329624883923685,4.310691737021518,
5596228935145581056,120.70522791651672,-30.711898396525097,16.557766,1.0670528,0.25790262361448635,-1.5880355045582024,0.9339226537378528,5689.9736
5596991927491502208,120.35869078088527,-30.55024873524437,16.55874,1.0202322,0.4093094285585476,-3.3096641000561333,4.297126178637505,5961.353
5596237314609630592,120.3386492881343,-30.730980556691676,16.558975,1.0027723,0.386167894401791,-2.3486633044394276,2.480168053018576,7142.145
5596237555127861504,120.33529989271905,-30.719386798405242,16.56737,1.0294695,0.3508803983518052,-1.591816082615392,1.7696127537765118,7566.031
5596234776301348992,120.41116013175211,-30.71814328243478,16.568027,1.0807724,0.5118311253949458,-2.105184681048269,3.8168250135507114,5070.5854
5596230442662552192,120.66972398837419,-30.622530637790685,16.571749,0.99543,0.5129100464841599,-1.2546881659535463,2.8072619963932457,5054.0024
5596998765079260160,120.48182868719933,-30.42487277138677,16.572266,1.2146769,0.5233436466437423,-5.213775119602141,3.0461704129576366,5062.236
5596239139978255488,120.29701484310907,-30.635780099658003,16.57419,,0.13356897481965582,-1.5560487266399894,3.0745379983405736,
5596236356849294080,120.41966172921062,-30.69824820038353,16.574308,1.3196421,0.9313743588942719,-8.154398655841554,6.250364701484363,4887.4746
5596228591548253952,120.6570768934909,-30.74987746160654,16.575441,0.83722687,0.17200425024987115,-2.278263553579824,3.6338378446940838,8686.765
5596240342578520704,120.44084073476621,-30.57544175237916,16.578024,1.5207453,0.3103948274468668,-3.045310443347548,0.4910702156804017,5384.4795
5596246836569032576,120.51743737962566,-30.503075331157852,16.579145,1.149437,0.331062931510606,-3.8513697956748434,6.420760385674391,6586.3604
5596229519261178880,120.6295551655543,-30.692734726395205,16.5792,1.0304909,0.3530468659527117,-1.6419830389808747,2.4742570264450796,5905.4546
5596234771989025792,120.40988145168518,-30.725849492515593,16.579403,1.2480717,0.3001975005707885,0.40233425118411625,3.276790387229976,5752.959
5596991412095472256,120.33400094055204,-30.582517249471007,16.580084,1.0804987,0.29393715973946866,-1.905051982211138,3.9880873094829195,5922.2915
5596240754895827840,120.33104268454244,-30.603922700544338,16.580564,1.2004623,0.9987590096378824,-10.453935617779532,4.218312193271849,4991.318
5596992339808326656,120.36467561461372,-30.503551665385213,16.581,1.8110209,0.14375892928656778,-1.383100477378974,2.6073732999050145,5293.3
5596243503674410496,120.55607725418811,-30.559065222350128,16.581085,1.2201157,0.3859535465998042,-1.867638367918227,3.4370849361203613,8512.872
5596238762030604544,120.31780178205929,-30.682027414512277,16.581087,1.1838379,0.38118617349553413,-1.785333330491318,-0.45247030552870654,5223.8896
5596991893131777408,120.328085948472,-30.526125969694796,16.581903,1.1533928,0.18839938089470312,-1.4539271875380995,1.0867801942027944,8155.4155
5596233466318726656,120.47332003900921,-30.776591066953603,16.584036,0.77797127,0.23087569565236468,-2.200470727385615,2.893471262974177,9321.622
5596233608070279936,120.41684571573703,-30.7798451231191,16.584694,1.2196274,0.38494801529240336,-4.252204478850294,2.8364425367868633,5656.2944
5596223265788900480,120.54806553426387,-30.76202027197621,16.584707,1.082572,0.5422509773072584,-1.8314765568534401,2.5086858948997213,5112.6245
5596237284562310272,120.360659285448,-30.73777500674105,16.584919,0.897583,0.21571234711596088,-2.273257595971106,3.9850568484489424,7663.7803
5596242197995458688,120.65401204694425,-30.62027865465832,16.5852,1.794074,-0.14557530788418266,-2.6103009533140473,1.080150863666629,
5596223575026484992,120.59714442007589,-30.724738923866436,16.585321,1.2714062,0.8278337125186745,-4.286743294222289,9.565441646549438,4975.89
5596233745509200384,120.43631727581023,-30.758169244793283,16.58935,1.1103277,0.2703069655232945,-1.5117090463165463,3.982142322685404,6032.2715
5596236116331098112,120.4500509675623,-30.7016181798597,16.590763,,,,,
5596234879380549632,120.41512292157276,-30.700340593703885,16.59115,1.4164019,0.20084573874742723,-0.9634793543750221,2.7291655752738286,5536.1025
5596239689743517440,120.38705421089388,-30.637771429783303,16.592272,1.1584225,0.35582933393731075,-1.0654899898103698,2.3021707910790212,5274.5293
5596222956551261184,120.56344021910424,-30.792970966072755,16.593893,0.6619072,0.14131409413223245,-1.874391553768481,3.317548642909854,7486.2446
5596230000297463808,120.68612931408956,-30.669773745980695,16.59414,1.0245495,0.6099760168428777,-3.828430284305638,3.5868292087190747,5553.398
5596235291688704128,120.47669631893635,-30.72357852206692,16.59444,1.0201368,0.5136662017481312,-2.7642757799789353,3.755778699470363,5675.5015
5596991407792288512,120.33158416468392,-30.592086781604618,16.594442,1.4076834,0.2898051076840782,-2.493604615110062,2.066426258425521,5024.358
5596247729922218752,120.53086980013387,-30.47240228056941,16.59603,1.0548296,0.6261729702934699,-4.822905317358622,3.422842936723752,5239.473
5596235463495997312,120.54969593783079,-30.72453284068374,16.598381,1.0022373,0.4286626000560597,-2.6604443139523593,5.208542586902996,5357.256
5596237417688876032,120.31474891731231,-30.728153606286032,16.598475,1.1590681,0.19639045703294433,-1.4028932781180479,2.134053860289119,6583.9307
5596243812912246400,120.67582162495327,-30.570688914277305,16.599098,1.2719498,0.2893483889814352,-2.0001259358820107,2.9648498738623847,6543.699
5596235910163669888,120.55582588887414,-30.6641004498907,16.599705,0.91351414,0.18817362732499515,-1.8670175006504075,2.3950603721734014,7578.0483
5596236597367369984,120.50359303075943,-30.667141537561697,16.601841,1.0899563,0.6162973365359327,-2.3113918116321983,4.429250771460265,5195.943
5596247523763820032,120.44580959931578,-30.484316582135307,16.601881,1.140234,0.19440742831393157,-3.3655514794775803,2.6874436066715255,8185.5757
5596992060622641920,120.394509603465,-30.52602378309899,16.602156,0.9373226,0.30146576341659514,-2.431645722984255,3.005008290071955,8721.412
5596223093981577088,120.51866986887181,-30.782661284460275,16.603054,,0.20057142179460244,-0.7546862863862741,1.0230639860102875,
5596229553620897152,120.66121643481812,-30.70083375573606,16.603558,1.9678869,0.03254086925111,-0.4453729693623605,1.152521439077543,5123.175
5596247180166432000,120.48513416884221,-30.519492157499325,16.604128,0.83842087,0.35057780518212733,-2.403365624911122,2.4435438018017646,9441.042
5596245015502859008,120.64020748141431,-30.50894187416847,16.60771,1.0719738,0.2178939739849755,-1.7913041912410763,1.8874202659430157,9401.161
5596249516629207808,120.52852343112288,-30.439466090985782,16.607979,1.0442085,0.38085927892957633,-2.3497466463977577,3.555241413456769,5531.0415
5596235360416811776,120.50606207937322,-30.708874070888985,16.608475,1.6201286,0.017444050698062624,-1.93279008276506,1.3594779229351928,5512.8193
5596229381822149888,120.71208460282202,-30.658577197230308,16.608599,1.1151228,0.44518995383184795,0.178084605036807,6.899647342556692,5421.05
5596991515161124352,120.34409662250958,-30.582137062564694,16.608942,,0.6205480046247658,-1.6250734085234497,2.8964645996378606,
5596244534466510592,120.6930169704057,-30.530080908124116,16.609482,1.1828079,0.644277749305409,-2.3486950346255426,1.8252954579938463,
5596992133649898624,120.3714320455888,-30.515275290939226,16.610312,1.3295927,0.7767440890265196,0.0946619896136685,0.9441456801435613,4778.7637
5596228419749543296,120.6749821623448,-30.74408164116815,16.611437,0.9557934,0.15064548139974615,-1.7953371392950572,3.370895372844946,8175.7627
5596223678105723776,120.5698269654835,-30.732496954131758,16.612078,1.1375113,0.8052530255156394,-6.413395077349774,9.180486069180791,5088.65
5596235807093397632,120.50620240297208,-30.6903974457273,16.613394,1.3338127,0.2616812770165107,-2.1929551709876534,3.9243465956799426,
5596239483585072640,120.45192903439992,-30.646459642698584,16.61367,1.1317616,0.5012630827128337,-0.20273765586006232,-3.536200475258516,4800.746
5596230343894862336,120.64294671601972,-30.636636703207653,16.615143,1.1695471,0.17146995603119528,-2.8158630923358103,4.241404332342086,6586.7075
5596240892324832768,120.35201986383663,-30.577583445468047,16.615873,1.309103,0.252356875624505,-3.747007577486766,3.666293197501673,7171.2856
5596234428391522432,120.39698124313372,-30.75038574907895,16.61651,1.1125383,0.19796073449580265,-2.9682190042654284,2.29224583476528,6525.2104
5596229381822143360,120.72157679098943,-30.661842375867995,16.617102,1.1275215,0.35536765760064354,-2.300809391917535,1.9780274073206583,6058.051
5596236975324486400,120.4919041955934,-30.641355291185366,16.618603,1.4144487,0.20126700642240905,-2.003790405585553,3.2837734585846525,6500.422
5596241167212243712,120.41990709624802,-30.556039486068485,16.619066,1.0817404,0.588822490465308,-7.340639258474888,5.015012816170431,5403.588
5596241545160644096,120.6038734970773,-30.67041871088027,16.619936,1.0519838,,,,
5596222612953837184,120.60166646222504,-30.783638246505365,16.62158,1.0450821,0.3402813941066082,-3.1651364144056213,5.502845571953266,6348.8877
5596242850839385728,120.56431185674957,-30.58421194027251,16.62217,0.9916096,0.5557251196292159,-5.2787837483220255,4.798483896952405,5309.269
5596222750383885696,120.62036538420755,-30.764928937688186,16.622692,1.4732428,0.32065034918854596,-2.1810873746608017,2.772260967406244,
5596998112247820928,120.43471361606375,-30.482820432978023,16.625376,1.1497421,0.44401840270797566,-3.571493398051246,-1.3466936664443478,4726.0293
5596992099290129536,120.40117893099422,-30.512559170864897,16.62643,0.94887733,0.4043828256864912,-2.99921873590875,2.659747131260954,5543.006
5596247833001454848,120.47752333607156,-30.477448293769438,16.628462,0.89575577,0.13432550358886608,-1.8409908044882632,2.5648842791166118,9276.4375
5596990170836919552,120.28514517523413,-30.58380900281923,16.629047,0.9953213,0.4346844191230873,-5.122179712564757,7.698916441651612,5625.6396
5596234707573488768,120.37763155703023,-30.733053157288786,16.631248,,0.29154347155022425,-5.738927053432677,2.654086527382958,
5596234913740254976,120.49491743563495,-30.766489739407728,16.632847,0.7152386,0.16883361003083988,-2.5475240322156223,3.462129777989752,9099.495
5596247867361190528,120.4836264579341,-30.474715404058852,16.635313,0.99469185,-0.0759523648912805,-2.995108469227252,-2.6919618376826318,
5596237834318060672,120.39492961455015,-30.688423310246055,16.636595,1.0351753,0.1656755520984737,-3.3352385831331706,3.9829370193945404,7175.255
5596991446455229312,120.31614467609309,-30.583317307303926,16.63666,1.2664986,0.6863461655018819,-1.2910659168956533,2.182080933486021,4970.561
5596245908856127872,120.49280849031757,-30.596238583685945,16.636787,1.1658916,0.40167903190614335,-4.063295646398409,4.957909779167653,5998.429
5596243675473086464,120.58562897158158,-30.53135600590153,16.636803,1.1395311,0.21381448232168423,-1.967933830370088,2.262906897462154,8604.465
5596243258845169280,120.58318693194227,-30.58030900484215,16.638664,1.1960106,0.90612274748652,1.715016570428089,0.0365417838607463,4850.9443
5596232130601175552,120.7235011799813,-30.577057474378098,16.63987,1.9564228,0.19034185378338403,-1.236816693843687,2.4017810190504325,4918.79
5596993061362858240,120.33141782203789,-30.49553344392615,16.639923,1.7217741,1.6438698593993912,-19.9557768950043,8.15453384272066,4249.337
5596246596050856192,120.55755741320137,-30.53227457540848,16.641193,1.073431,0.5710056786935174,-2.4173744839671674,2.2072524287894915,5117.567
5596239689743519104,120.38085604190987,-30.635294615660346,16.641247,1.1972494,0.37019177090984756,-2.2335844240660814,2.676422833928269,5749.7666
5596234600190343808,120.43757205316572,-30.726206320918358,16.642014,0.8014946,0.14489521882786283,-2.3362009699745485,2.777169770506143,8342.406
5596229484901464320,120.61866930341775,-30.71898385671234,16.642199,0.974947,0.31322954508689765,-2.931633548659147,2.184376767080119,6365.853
5596246424252185088,120.50261552827808,-30.53178043199287,16.645676,1.0098572,0.32551914343384936,-3.5556965414395583,6.006998816730109,6361.87
5596230412614304640,120.68883229288888,-30.6319234206301,16.645876,0.9213028,0.12636100408178158,-2.7754910617989257,3.9489796951938505,9360.462
5596237284562318464,120.35549073376494,-30.743212903078938,16.64675,1.111578,0.5550231159634275,-3.0375219239909645,2.801490977624706,5149.257
5596243263156238208,120.57874141498182,-30.57592009851552,16.652344,0.9929981,0.262577574081958,-2.0042209997077673,3.017062756787368,9454.859
5596240789255147264,120.34599693161427,-30.586680085858458,16.653105,1.1649189,0.6019131862583827,-1.5583150955488116,3.8223616829421325,5158.3276
5596998662000053760,120.47761760727633,-30.438665179303797,16.653475,1.0379524,0.20122458569744814,-3.1070486605619854,3.637021501798638,9048.326
5596230343894862592,120.64342728407891,-30.637889228669167,16.66018,0.9935398,0.4063242329614576,-2.494302834248254,5.46506282859524,5109.4653
5596232096241875968,120.70350231301501,-30.576865489227004,16.66031,0.9804802,0.40715515043705325,-2.153291600822009,3.185106176426628,5652.4575
5596234703269527168,120.37981188348344,-30.728648750850304,16.662485,0.9778633,0.3072265996923865,-4.2992966678743905,4.2790289639029035,6606.6177
5596243709833043968,120.67776614686275,-30.599807225339276,16.663008,1.5045004,1.1851845628913737,-3.413878976299348,2.549483048142766,4491.3057
5596222166277250688,120.59447395110313,-30.79314144733073,16.66599,0.8027592,0.22661580395852005,-3.1296502460876146,3.8595459158609513,7736.3984
5596237662519412608,120.37247310353632,-30.722594032102766,16.666063,1.6316442,0.04087945247436103,-1.3234747563688463,1.6921240573366738,5298.2393
5596235326057090304,120.49707167442342,-30.72727621540567,16.666246,0.7947655,0.15249955641135476,-2.6306782881383253,3.556246644763368,8896.633
5596222952238712448,120.56212108021526,-30.79480805868293,16.666885,1.0672092,0.24745465290849886,-0.536713591218724,0.6416990321904911,5691.6826
5596223403227810304,120.59222119129555,-30.75386280029125,16.667467,0.64383507,0.14561863631722,-2.887886095944629,3.2686049826727435,8808.925
5596234020387171968,120.38300024307961,-30.78058800570424,16.667574,1.1590576,0.2850781743005473,-4.526908620082543,3.7770396606751033,
5596244122149887616,120.67511042734297,-30.5600581472164,16.670069,0.96995926,0.5020107469845572,-3.8970926144676445,6.22513918827511,5212.0215
5596236288129815040,120.43136225604073,-30.711951637154694,16.671804,1.1345272,0.4697703672727862,-5.457056865195808,3.0070939987814413,5888.701
5596248623275390592,120.58442987651645,-30.444807604894844,16.672394,1.2733669,0.8004172742298761,-0.6112738232581888,1.4883598869233263,4882.042
5596242094925382784,120.64283388941318,-30.634186538837934,16.673265,2.114787,2.4439130235261466,-15.81075858796924,-7.49734807212198,3493.2627
5596992408527803648,120.35857402851467,-30.494672310971595,16.6734,0.9956989,0.2319587699036824,-2.1617358173875783,2.1151491905074966,8779.649
5596235669654409600,120.54772924513912,-30.692873881125685,16.673763,1.1752357,0.2988221058464417,-3.029614484358345,1.439402136858246,6103.9224
5596992614686303360,120.30734492003938,-30.525551543410405,16.674,1.2778149,0.4040163093033576,-1.7682934579669118,4.304151137800173,5564.2866
5596236047611608448,120.4695725061578,-30.710029417359294,16.674335,1.0750351,0.2502792288925556,-2.2937934101523694,2.871002654796117,5870.2583
5596992198061598592,120.34181672276989,-30.52166491822912,16.674932,0.9766922,0.2217900592380816,-2.5144476033929353,2.9874633823568573,8408.936
5596236700446563712,120.5198360833065,-30.656983967877288,16.676125,1.0251274,0.20190202689670095,-1.9542647840535143,2.836637164104272,7816.782
5596998279735396864,120.39780995589878,-30.48176783605091,16.676739,0.8839874,0.13560975405088277,-2.011975801322793,2.1182855696297738,9212.63
5596246527331391360,120.52860419359106,-30.53226131322475,16.678162,1.4010458,0.2392089400851648,-0.793949903718341,5.082662443291575,5923.072
5596223093990241024,120.52965448928767,-30.79048496409672,16.678251,0.7851963,0.16742547535131522,-2.1282155163596874,3.752189539413512,9356.834
5596242090613849728,120.64679255072615,-30.62437812665034,16.678652,1.1218414,0.2978627764002746,-2.6212581969578013,3.78433917472127,6345.278
5596242129285132544,120.62219010237614,-30.629470741575386,16.678747,1.263999,0.2539132936630591,-2.9277343288463022,1.6710492658610807,7167.452
5596246905288494976,120.55873009737464,-30.50063876637417,16.678967,1.1565208,0.41972028041566717,-2.7451933060418554,3.1250300724748694,8173.4473
5596238727670869760,120.28485497927792,-30.6591772389052,16.679358,1.2638626,0.5055667278335364,-3.5017122671999488,1.2135568003655384,4988.2666
5596222200637013120,120.5704058399988,-30.79820982919468,16.68129,1.8417053,1.5220859341787125,-7.335872753800331,1.9498586248867575,4207.064
5596243160077295744,120.58585047532668,-30.59930743189995,16.684519,1.3655815,0.37959092045886966,-1.3473528889811714,4.711537879280146,6035.928
5596236528647935232,120.44789396988588,-30.660526465969614,16.686556,1.0358906,0.1771784782378283,-2.333889077175161,1.771673690368333,7197.9917
5596234741941629056,120.388426948577,-30.714092217329167,16.68774,1.0965214,0.5640228776671283,-3.0963371277656906,3.764112495941685,5299.9355
5596236975324477696,120.5008895610678,-30.641366884549836,16.689478,1.8024063,0.19172234576704422,-1.3612776018773343,2.7584316842192065,5035.262
5596247489404083584,120.44875815249856,-30.49530062514557,16.692501,1.4872313,,,,
5596248004800126720,120.51265675956222,-30.44959510369023,16.693472,0.9531956,0.22079007684828159,-1.663378546790259,2.6359206258136054,9409.696
5596240170779834752,120.43744943103825,-30.60522411806334,16.693913,1.0258808,0.20538621864071938,-1.6767643634617109,2.1315387806489072,8506.159
5596236837885551488,120.48133357666539,-30.658632754902083,16.693935,0.9631214,0.2328874520722911,-2.8069793405531334,4.672669327284236,8070.889
5596233328879686016,120.43894785615879,-30.79457307703324,16.694567,1.0978565,0.1353599386395655,-2.5909543993202604,1.0481131398443524,6268.0645
5596240686175937920,120.34179143666245,-30.6144988120196,16.694899,1.1133327,0.5966330626481908,-2.748883489160047,-0.3146413333886805,5324.996
5596246492971641472,120.56000587545454,-30.53637745909991,16.694979,0.99355125,0.5747333085928888,-3.336357264827023,3.247808243479062,5274.4917
5596229862858544000,120.63546203050868,-30.666079824997464,16.69516,2.2934752,2.2096648063472872,-17.829781409925456,-3.409057702948567,3615.4746
5596223433275219328,120.58282135888102,-30.755222401964044,16.696869,0.92866325,0.19792654123846798,-2.5040107798521163,2.9349167912910703,6975.908
5596242885199144448,120.52112853559355,-30.60835348406602,16.69752,1.0684128,0.334653269616709,-3.9881613038788224,2.3067758650539067,6138.026
5596229553620902272,120.65374063832644,-30.698584081629594,16.69858,1.0251026,0.7659799708650669,-3.868746542076364,2.1312382637758294,6204.3525
5596238001804626944,120.33463619615259,-30.689132163344738,16.698738,0.9876156,0.39413070262563865,-2.8340735081685895,0.47571920677506463,5109.614
5596240102060347392,120.47731843288469,-30.600505059974296,16.69968,1.1958141,0.6564200923647133,-6.971939540414974,4.379529641106978,4759.732
5596223708153190784,120.55414579498617,-30.741736937358798,16.701408,0.9735527,0.4350628415225451,-2.339134549269852,2.5535252486122677,5484.9834
5596235978892043904,120.53844561959954,-30.65599470354177,16.705816,0.9241066,0.2528102477327847,-1.6077837233026944,2.8849733359114884,9106.291
5596236425568725632,120.45592775123102,-30.68056630922488,16.705975,0.9902115,0.26233414025978097,-4.349887721775868,2.247073747521727,6343.056
5596237044043635968,120.48359106316023,-30.629350316217252,16.708256,1.1757545,0.3212770034924046,2.0131937599942615,2.6437948659898516,5976.0425
5596247180166430464,120.48871182371573,-30.51545517189537,16.708258,1.0905266,0.19406359349539093,-1.1449706229064902,1.4345295625005947,8217.503
5596237903037130624,120.38711612523808,-30.68411187772671,16.709204,1.011301,0.03350829611533841,-2.776484810749893,3.7999936489082566,7629.3794
5596237525080498048,120.32173940808946,-30.721251614965198,16.710138,1.0150948,0.2511724255233579,-3.9230846911319,3.5680302095458774,7422.9395
5596993027003135104,120.32726141585745,-30.510565426223074,16.710672,2.3122778,2.159799890736498,0.7449105615008019,5.113286272256605,
5596230309526054400,120.64059928155464,-30.638178835950136,16.711132,1.2043171,0.5270604081110362,-4.210265419861021,4.414903319208491,5610.1914
5596249550988353024,120.50411446837522,-30.43547086046145,16.711718,1.0953884,0.7658427033945853,-8.365696185957352,5.192570087041076,4974.429
5596238074835827584,120.36474991551214,-30.684699433252547,16.712708,1.3181868,0.9090449868249468,0.5314629882112534,-1.3683442238079784,4767.774
5596229381822142336,120.71968820863188,-30.6563726236944,16.713129,,0.15894487178506475,-2.9384069708132694,3.5794406628433344,
5596236219410287360,120.4741407938333,-30.692305713154767,16.713173,0.9498482,0.10858418470456252,-2.4786115389916716,3.808512919068513,8452.757
5596223437587564928,120.57350175324537,-30.754608174354555,16.714289,1.0760479,0.631763462454843,-3.0154114604644344,7.303063290634828,4905.318
5596248657635122816,120.62227023294356,-30.46481792124126,16.714384,1.1115761,0.5431455574252235,-4.0970929789950485,4.004155130947746,5441.0024
5596233431958964736,120.48422563400284,-30.78386378846158,16.714466,1.1090469,0.5646612985757299,0.41421649114047643,4.532376492174447,5277.8574
5596240514377241088,120.36338196300918,-30.618164871625,16.714865,1.1518936,0.38262213681118984,-2.967001512100545,3.0779421852952,5272.422
5596246252453510656,120.46603176841678,-30.553165565389193,16.717585,1.355093,0.30111801462854465,-2.8091797595493873,4.933817635133789,7148.441
5596221371690631040,120.51550147013957,-30.81991359310198,16.717836,0.9773121,0.2299401308608523,-1.755114208283122,2.7387658139601383,7148.802
5596245977575604352,120.48499052848724,-30.582777551300314,16.718193,1.0526085,0.16380990843579812,-2.1930541806118073,3.6698783899064042,8277.29
5596229141304011904,120.6928433785403,-30.694573814727946,16.7215,1.0313301,0.3745218297205919,-2.520802038027111,3.491063702413584,5513.891
5596230034657213056,120.67073690157982,-30.66957754587839,16.7243,1.1908073,0.5667192065148926,-1.9838170257774788,0.6403211873525383,5102.97
5596235188618166656,120.47143143399872,-30.740401441271953,16.725416,0.91778755,0.151069802924085,-2.1120547319990264,3.1449328454672307,9090.397
5596241957486796672,120.59782793691028,-30.631325218218382,16.727106,1.8379049,0.19891346602205273,-1.7938184206609828,1.1871320791199025,5143.1885
5596230069016949120,120.6667672542933,-30.65876119604109,16.727917,1.0465717,0.3316865714650243,-2.281709916102572,2.843280908361323,6297.741
5596237726926627456,120.35337786835385,-30.704758835616595,16.728754,1.0510483,0.1533170946104035,-1.7432610033722664,1.6926409788693717,6302.9224
5596246939648238720,120.53597284449059,-30.49659129172585,16.72894,1.0503597,0.35257150282759986,-2.894992972439498,3.7650673332012237,5238.9443
5596223540666730112,120.61905892669418,-30.725738021657268,16.729101,0.805418,0.2630506814371948,-2.8030393732876133,3.1310127282169002,7482.066
5596992099290145920,120.38985158066258,-30.518587404060316,16.729153,1.334424,0.8367318931137209,-2.497889702406536,3.414244714206843,4794.375
5596998795131581952,120.42957679607812,-30.444458839152638,16.73189,1.1146545,0.11976587173047877,-1.878666357564549,3.285790592040464,
5596237044043633280,120.4873574389366,-30.623235614198325,16.732283,1.2341518,0.3326180851971089,-5.306779671302971,2.1775611512011874,4844.408
5596241167212242176,120.42686347787686,-30.55823038601162,16.733997,1.3166981,0.41109443244587845,-3.898972704920578,3.764485204848758,7439.9556
5596247283236049280,120.42281573122902,-30.528832079513037,16.735075,1.48281,0.15499575208002697,-2.9819467882079893,2.097306760614083,
5596230240815655936,120.6466749805703,-30.662665793481086,16.735695,1.0020924,0.41296566116169797,-6.852666686842449,6.993331189912833,5068.011
5596234256592786944,120.38265513424096,-30.757681804861754,16.735884,1.1369114,0.6013993143604784,-6.004272173445086,1.857465253206685,5164.221
5596242507244499840,120.64662857447932,-30.58772368306236,16.736183,0.9678707,0.4329009738765326,-3.3847775777992384,3.2447923030826114,
5596233333192353920,120.44785532029853,-30.798182060989635,16.73625,0.8001461,0.1121643349692787,-1.522785442567047,3.1654054580343627,7671.947
5596230240815650304,120.65412613966667,-30.658591097686493,16.736877,0.90312004,0.16794225495922863,-1.9073444252766842,3.2812685694222603,9458.349
5596989865907477632,120.30181141039742,-30.61837743821953,16.73751,1.2671204,0.2768684342151341,-2.8978295957099034,3.116347795555731,5990.5513
5596233260160142976,120.4564933551705,-30.810363642868175,16.737907,0.8681793,0.2078601367215443,-3.137613564176964,4.268271200425757,7469.3516
5596241820047537024,120.57771403649672,-30.655980440077848,16.738873,1.6081429,1.1260136119800832,-3.2808102327635633,1.104712348281095,4330.9185
5596991480814956544,120.32154000015169,-30.576904579209504,16.74313,1.0785713,0.5613851994122642,-6.226582061940198,2.2313762390625786,5202.325
5596999074317027712,120.36077174233368,-30.466561210514318,16.745497,1.0795879,0.30706797764450233,-1.3104819084495691,3.722489683100598,5808.8867
5596229759779379072,120.59082171777047,-30.69259292991608,16.745638,0.65096855,0.1638541602419708,-1.605785036295281,1.9668623811747405,6457.619
5596235772733634944,120.53273024713893,-30.688095808300048,16.745756,1.6395121,0.13230185810024597,-0.42761174269569285,2.748248650640826,5019.657
5596233161393699456,120.4124991685569,-30.80063822973084,16.747063,0.8548145,0.22742331361984133,-1.5869020749629037,1.9724448583948948,7422.0264
5596235253025339520,120.4636924912678,-30.729909348051393,16.747463,0.9915619,0.25042872701541724,-2.69403937120921,3.8392725235804175,6905.7144
5596223398915443584,120.59679803510731,-30.763321076049973,16.747988,1.0175304,0.48529154600019864,0.6871874282894932,3.8144563526523836,5127.933
5596234535785256960,120.44965304985362,-30.737822016280344,16.748505,0.9514351,0.4177664111116815,-3.3859156865030813,3.9806985998119733,7442.362
5596242335443566464,120.61008202336394,-30.619873974068813,16.74898,1.1037884,0.31250115360489655,-4.459786153580994,4.624176129276205,5853.457
5596223227116720512,120.54660031546729,-30.77019446767844,16.75282,1.1562309,0.2146582505968579,-1.3079875426600047,2.571857181373381,5633.2915
5596246699120354432,120.55964625643699,-30.51366743408683,16.75321,,,,,
5596243331875700736,120.61300809737848,-30.56590538969926,16.755035,1.9734993,0.26117473245982015,-4.621606135553449,3.7926970478070388,4914.647
5596989762828107904,120.28468720606558,-30.623111687791784,16.755745,0.935112,0.1461280607603742,-2.302480202146877,3.254230441893477,11177.474
5596234535783158144,120.44203031727211,-30.727100342377145,16.755768,1.2242603,0.4341380132091205,-1.1778554803986494,3.276703954175059,5218.452
5596246458611914240,120.53996182995073,-30.54858950563404,16.757013,1.2451897,0.14520624320314435,-1.4855468883163518,4.230483572588666,7387.3438
5596243572393877376,120.58354794008622,-30.554940887245486,16.7597,1.0830708,0.22135774594802715,-3.2100652322068335,2.824258731431194,9195.551
5596990033397941376,120.2749047131376,-30.60309093525841,16.762815,1.292326,0.04863610328935357,-2.492504730512949,3.224730790775091,7797.9023
5596230378254583680,120.66810706276867,-30.638679900000103,16.763794,1.1224804,0.2995869561433309,-1.933868523712026,2.1330306475564265,5667.0425
5596246802209581056,120.50344421651373,-30.51495476710708,16.76516,1.1606579,0.31275024603052093,-1.6486270006904737,2.3673026140290787,7236.3965
5596222372435654144,120.62275698995873,-30.788921499644875,16.765617,1.0138912,0.47749791053195473,-5.945665865331501,5.3062288326409135,5635.3486
5596247867361190784,120.48508455581292,-30.479112594705597,16.76623,0.8775387,0.24373965120861982,-2.6292540677520595,3.456541982454425,9093.892
5596236219410504448,120.46676023293207,-30.698911187232365,16.766533,0.9892235,0.2837505670796306,-2.242162219365021,3.397607935280857,6888.093
5596992305448611200,120.34588450704454,-30.51216257797075,16.76681,1.0595665,0.5473953437754003,-5.701847318420559,3.810573049231117,5232.4854
5596234467063723648,120.40886431138956,-30.746534942168886,16.76726,1.0622616,0.1830562607695495,-1.6775649068732548,3.590686412270812,5697.2314
5596998004857458688,120.41540038769666,-30.492910815372078,16.769531,1.3863373,0.8689603287203751,-5.98356880500532,-0.9332761202165815,4578.1455
5596231679613106944,120.70367626786626,-30.632887419106307,16.77145,1.1029663,-0.20156888740099213,1.134387126496725,5.644646334315269,
5596241613889096448,120.59406728773334,-30.659522603476496,16.77209,1.2256222,0.3059191409725929,-1.7994844065390367,9.235096645610806,5759.358
5596238349716122368,120.30547117835522,-30.70641799497711,16.77274,0.699873,2.153864239323843,-2.271179724399689,6.347622769104199,
5596229725419622912,120.61442170837469,-30.69192712220289,16.772781,0.76283455,0.175370905725825,-1.6162258218467844,2.8070113520616733,11288.423
5596222956551255808,120.56286400450416,-30.784041314685904,16.772932,0.96788216,0.2952152419583883,-4.198899427462171,3.299157711858741,5895.4717
5596247180166719616,120.49006362297176,-30.521290263089917,16.773535,1.0273857,0.4488972943943291,-3.5081124665007524,7.021937085960538,5354.721
5596229519261185536,120.63299602585137,-30.709681955871954,16.774323,0.829689,0.11804686453310567,-1.6096329607640776,2.195693647665117,
5596237559430300032,120.33409593373811,-30.712427156921446,16.774426,0.8837223,0.17653001567242063,-2.086004733845483,2.9843499259963355,6802.0854
5596244259588812672,120.71920998451651,-30.554852670871686,16.774546,1.7703304,0.19521298395520778,-2.05359150136639,3.5220175902867834,6559.87
5596231615205122688,120.7269098591118,-30.639115237126635,16.778305,1.1390362,0.31715976787047057,-0.15659847570151683,-0.09081759230944514,5624.892
5596230343894857216,120.65329568810647,-30.641871722147734,16.78095,0.98924446,0.43819001696467474,-2.040522901172303,-0.4632927154889906,5076.6016
5596233608070271744,120.42591420639025,-30.779998661503793,16.78269,1.0650101,0.23093228258676046,-1.5865347774172203,1.9653424056586406,6731.5337
5596236803525764352,120.52634153329636,-30.637685460062478,16.78376,1.1451759,0.1833974750665151,-2.4524013278703687,1.941165442136754,7475.103
5596241064133037440,120.40311323761262,-30.572829328972713,16.785645,1.6904879,0.28012488303233535,-1.202871906430526,3.676549049752956,4843.1934
5596249374879295488,120.57675001620215,-30.434958408861174,16.785927,1.3383865,0.28539744421308494,-1.8992746023802014,2.9625927419214912,7499.2344
5596243297515968384,120.600366173522,-30.570599080912416,16.78628,1.3473282,0.15586411681043028,-2.484852234087464,2.6434820855624555,8256.645
5596246286813243648,120.47783083593507,-30.55032418476277,16.78657,1.2928066,0.21445531481857794,-3.500993652080098,1.9786554095168754,6034.2783
5596230343894854656,120.65479363627416,-30.638810346747768,16.787361,1.2210293,0.7669688021467636,-2.6834184419556317,-1.3895416854635423,4903.266
5596246802209299200,120.51459036982072,-30.514767766181745,16.788292,0.87605095,0.17927370197076384,-2.674042343197354,3.592257392616653,9360.451
5596991721333143424,120.29015420777911,-30.55483375999043,16.788671,1.720684,1.6072779646728306,8.868505818593578,0.2683861386889138,4247.928
5596233741196741248,120.44744382164829,-30.75324684208543,16.78958,1.0181274,0.15942747455716524,-1.6632166958842385,3.1046613160161898,7048.696
5596249550978632832,120.51222145085124,-30.435002561416145,16.791502,1.0644855,0.8839668003687585,-2.5441074770216456,1.442987942164494,
5596239414865609472,120.40792859936921,-30.661267649041402,16.79242,0.7301941,0.22840927573092618,-1.5315849360883844,1.9578876118337214,9098.3955
5596244053422614016,120.6358520346589,-30.557580692554605,16.7927,1.0326681,-0.04525897075650148,-3.334306472991832,4.195097893107395,
5596223300148645760,120.5344152064459,-30.751981406073096,16.793755,0.9941082,0.37275797705109975,-1.993639280175424,2.644887737668463,5099.741
5596235287385118464,120.47184511476894,-30.72237229295217,16.794586,1.2173214,0.6429063746973149,-3.249936470024106,2.2818817682906594,5004.521
5596237903037129216,120.38895166974486,-30.677963618531297,16.795166,1.1237373,0.11316881191307655,-2.578388888037196,2.6375658854644706,
5596244049119242368,120.63434119018493,-30.564143408054687,16.79626,1.2430382,0.33307181538998387,-2.8554180062765964,5.335288039390273,7563.1445
5596243709833044992,120.66864442013943,-30.589690611111262,16.796875,1.2513695,0.565579952434972,-5.503818760234523,4.074875587437512,4899.112
5596230103367507328,120.69630994393135,-30.652136886435567,16.797169,,0.45703926512978826,-1.0687447058805932,0.9856669835858614,
5596246286813245568,120.47622118514907,-30.55645675005225,16.80007,1.0133934,0.440192640899173,-2.348981955556091,2.668420337640174,5474.602
5596244156509395584,120.67793476813063,-30.53929544489802,16.800636,1.4353256,0.20422629482527974,-1.7932759967883172,1.1450876184829692,7389.6396
5596222956551256576,120.56361381711122,-30.787466031786842,16.802605,0.9235687,0.08326203469326003,-2.289027094032121,3.1309240217772585,7436.938
5596239689743518976,120.38893259694967,-30.64663204337097,16.803062,1.049797,0.22653601514071423,-2.5148856676331564,4.066273916464365,7658.241
5596240991102421888,120.41233051066888,-30.58257917102406,16.805267,1.1257038,0.6108285662697769,1.006001862074992,1.3608340495994957,5196.531
5596992236729136896,120.3505037949443,-30.52267191420555,16.807465,1.2619171,0.2739602387856056,-4.149720817318985,1.9733185120160985,5514.6416
5596239517944817920,120.43106829379022,-30.64776208361874,16.808615,1.1277561,0.06546310250372038,-1.8533882201461256,2.9469010447061414,9163.093
5596235768421660288,120.52997164105028,-30.684624512657187,16.809006,0.93868065,0.2493286453023279,-1.9662244336434451,2.8766621512878796,8519.983
5596242502935820416,120.6408265182443,-30.581883909290518,16.809172,1.3221016,0.22619779806690732,-3.6288113222848475,5.029251875658455,7433.5825
5596228385389828736,120.6579145351285,-30.759563094921717,16.810308,2.4662952,2.8465983759408178,3.0429615264443353,7.2463146696726595,3517.7917
5596242365491858176,120.62539496608507,-30.607723929106356,16.810682,1.8172512,0.1171014607530465,-2.630197212205438,3.367298352280695,5529.244
5596992202369401472,120.34729289891806,-30.522527587964664,16.810997,1.1624069,0.22885538125520025,-1.73562523934593,5.016084875311147,7583.45
5596249482268869760,120.52681709371221,-30.443930442259813,16.81189,1.2067623,0.48545548114439446,-2.578372530539207,1.789580397329495,5241.9707
5596233333192364544,120.43925095442643,-30.798979565347043,16.811924,1.0217113,0.33627914922370583,-1.6159506043188054,5.233749483925101,5696.4
5596248485836444928,120.57088586564387,-30.460688708562696,16.813713,1.2830887,0.22486186006945075,-2.9771505642898073,2.744424574471504,
5596223776872752512,120.57988597414167,-30.725789729961036,16.81451,0.69516754,0.12032984406012953,-2.403516492168312,3.155490647757542,9506.521
5596991549534396672,120.35409600461747,-30.568200945709833,16.81479,1.1002445,0.3656907134962462,-2.97744751753868,-0.2541489288224773,5719.318
5596244156509393280,120.68332644615418,-30.535787059755336,16.81596,1.3471794,0.7761059537832953,-2.9479900303163102,3.307311953092232,4731.2236
5596238830750080256,120.31383160848146,-30.66983232153811,16.816418,1.224123,0.16429034479407734,-2.2452122492579853,3.03797970539257,6361.336
5596230172096147840,120.68330849548215,-30.651547490823596,16.816721,,1.8740142989899913,11.904015121815839,-11.094553963269252,
5596234398344245120,120.419111335249,-30.75859050319989,16.817446,1.2556973,,,,
5596221616521722752,120.50487858609658,-30.79624762640006,16.818022,1.1277523,0.3348592450265768,-2.5735064213719667,3.2685946813312254,5242.969
5596236666086848896,120.49628144532386,-30.660226911509636,16.81858,1.1384411,0.2965559352966204,-3.752741661385353,3.3264222517762625,6307.2075
5596237078403368704,120.49684386365041,-30.612813408462227,16.81882,1.8514223,0.16658371135041394,-1.0214346966918002,2.0040136573136405,5451.069
5596244053430427904,120.64991470904506,-30.559824063470735,16.819046,1.2073402,0.657713245133291,-3.9947861644721705,5.243118288236584,4912.373
5596241128541497600,120.44913715424026,-30.559277975555467,16.820358,1.5696859,1.252030981420842,-4.465896491320225,-11.888131446678491,4510.8535
5596242575961695232,120.63207294819912,-30.56884785943697,16.820627,1.1501446,0.3275658796833089,-2.5884978413990316,3.3583891869851348,5821.449
5596234707581917184,120.37748156644771,-30.736351833099274,16.820688,0.9926071,0.374237523300633,-3.174086157068437,5.96751069525836,5600.639
5596235944532317184,120.52829128433387,-30.665023406090242,16.820704,0.958786,0.21314627490463853,-2.5179133953760813,2.247873164094619,8558.015
5596233951667689856,120.39187284747256,-30.78568480365511,16.82081,1.3065834,0.29108469028685374,-2.1533771045869763,2.912083968849381,
5596991583894149760,120.33730543023827,-30.566680724162183,16.824522,1.2612896,0.3289219489313357,-2.216994736328651,2.0560406964995117,5278.608
5596223471947285760,120.58794292472489,-30.744162398328683,16.824774,1.1249771,0.4311009163608186,-1.9124396203928478,2.63529422013117,5941.1035
5596228793394634624,120.66070044180549,-30.710267249837855,16.825008,1.5626602,0.5300295717376137,-3.3120163622394485,2.596183013244888,4773.9053
5596244603185986688,120.68154137126128,-30.510645847336413,16.825863,1.5846024,0.34661647464298906,-2.4975075492477554,3.4889523792182535,5976.9185
5596236971012751616,120.50445626949339,-30.638166891523774,16.827816,1.2032738,0.5905591965213474,-2.4826281972586304,2.0922533229174287,4812.911
5596241407730409472,120.42388154414837,-30.54514620792193,16.83071,0.9963112,0.43326757133376803,-2.626821395674349,1.4174889342185566,5073.15
5596246424252187520,120.49386446606528,-30.529258706390042,16.830925,1.21698,0.32730061042593517,-2.6769926210335884,2.4448013294134032,6360.128
5596249546677988864,120.51544222057194,-30.433860916354842,16.832294,1.6048832,0.3923817541210752,-3.5300721279126885,3.630423874353481,5071.888
5596242502930891008,120.6349592156341,-30.58787918421942,16.832436,0.9871025,0.506410016657447,-5.386946941818842,6.959097589001638,5191.33
5596237525080499584,120.32553223818327,-30.730434816459958,16.833267,1.1421089,0.4145349475395668,-2.92085869550227,2.790913673426365,5304.846
5596242644683475968,120.55301732653525,-30.63470690898934,16.833975,1.0795536,0.4355510686825789,-5.943394169713452,5.8065961359912865,5493.132
5596235394776564480,120.48971256868231,-30.71192441835744,16.835411,0.77103996,0.14668654178936227,-1.653369824734082,3.0378415510452825,
5596245668337876992,120.65319242025751,-30.474249693468145,16.835588,1.023819,0.47420221172632704,-2.2932703503550598,1.1758446579265045,5160.2593
5596228385389821568,120.66623289910582,-30.76061433479613,16.837399,1.0874805,0.3538982633139841,-3.6920534093992874,5.176994799079733,5188.3667
5596998146604025216,120.43755323738999,-30.470117742267718,16.837442,1.4121056,1.0120125383333691,-5.590111562357295,11.285813189638178,4456.033
5596235841453110912,120.52912877545278,-30.68066807483045,16.839016,1.1573925,0.4415403725413668,1.3509539049250519,0.4490682380975396,5912.679
5596247759971432192,120.51440375692917,-30.46989667630231,16.844063,1.4083366,0.9388964287163261,-1.810937782819667,2.407022875375345,4629.9746
5596242919558875776,120.53912837786277,-30.60441364654862,16.84537,1.142065,0.66996649988053,-0.5100499700066949,2.2334020365512073,4776.338
5596223231429166976,120.54458573704616,-30.764216999864527,16.84585,0.8504391,0.19416082462638679,-2.3370594909989375,1.7848632054913154,
5596223093990254464,120.51271160334517,-30.788880648533507,16.84658,1.052393,0.20118571187621287,-1.6779053002371274,2.2709828028481702,6034.4473
5596229965937738496,120.67685719974762,-30.68348036840042,16.848879,0.9851093,0.18802503342265395,-2.0830640050441973,2.8250059410853554,6348.5117
5596235841453120640,120.51678276457086,-30.678275057029015,16.852516,1.1899586,0.3811673457443464,-0.32090515455483604,4.268879588903677,5471.6304
5596248348397711104,120.60294914453272,-30.46403496224068,16.852818,1.1252232,0.4346009459784426,-2.735987579195836,0.13581531150220738,4752.899
5596235734061853184,120.51414123849017,-30.70023987907354,16.854092,1.1294804,0.3616307522456636,-0.9420402189976049,1.7715922628886789,5415.9546
5596238349713751296,120.29698992657039,-30.708751288443885,16.85444,1.5655899,1.1295242633068086,5.36609459219479,-10.577989059407681,4409.251
5596238796390339968,120.32765301178809,-30.674402490683427,16.854809,1.1634598,0.47550885824289696,-0.14869114009066975,3.4938607598301354,4898.8916
5596991480814963072,120.31342188564473,-30.572870124774248,16.858469,0.9190159,0.17004149692768883,-2.3190725980253775,4.396460148948531,7452.6606
5596241785687817728,120.55936905862542,-30.664923045859695,16.859306,1.224762,0.5534895678428785,-4.295842743906553,2.879245627958619,4739.558
5596237422001290112,120.31352344872337,-30.729770706075296,16.860825,1.5014877,0.2951176696087619,-4.011541139544894,2.316091000967862,4863.5864
5596237864364499712,120.36765685116562,-30.692839911687386,16.862286,1.2323837,0.4080864988052676,-6.079703242852281,4.873263751156606,4880.6885
5596241373370675328,120.41067924968057,-30.550977719098157,16.862728,1.1437759,0.36684650210575337,-4.109440946496087,1.6176005329534378,6084.8955
5596242850839390336,120.56014534421207,-30.592874542460645,16.865883,1.0804119,0.337985389270584,-0.14041465520783936,0.16364257260570614,5340.263
5596239139987723904,120.29552293331811,-30.632032034793536,16.866257,0.90947723,0.21032466828722024,-2.959584384922791,3.1190087659016816,8600.55
5596248176601241728,120.57830239999252,-30.495495938220564,16.866695,1.1297607,0.6480004008332312,-1.8153672405723824,1.7122658597073812,5251.499
5596237937397336576,120.34494769071367,-30.710418309319262,16.868061,1.1141701,0.242143704837872,-3.220048557625333,3.9192153769286673,5904.349
5596246664770333568,120.5455276685593,-30.516283716051415,16.869402,1.1650562,0.3396549371789345,-0.17261143206581386,6.276582113802786,5306.285
5596989865907297152,120.30113052097335,-30.60806253709308,16.86959,1.2512321,0.6514141293700669,-6.252996653026649,3.48184629140723,5213.4526
5596235630982666624,120.56709494662242,-30.692619283685936,16.87003,1.1852932,0.6790339646268707,-5.471610772883555,16.495304075313136,4933.1714
5596233333192361216,120.44174124924616,-30.798924827146656,16.872969,1.2504978,0.6209218676364185,-6.0231602816064305,4.940660871801833,4863.9844
5596234600195921280,120.43481613451937,-30.732081296450133,16.87377,1.0286732,0.3608944270132445,-3.745153791548063,4.8483312009029405,6011.7217
5596230859290886144,120.7231099929719,-30.648340418250875,16.873814,0.9868355,0.43992140594953033,-9.146861413305055,3.629223508296339,5421.672
5596991510866723968,120.34288124261155,-30.579108349657382,16.874758,1.1867008,0.38442879173884303,-2.6254766322346907,3.3908037051044717,7208.3564
5596222853472057472,120.5498795462937,-30.79593969652707,16.875622,0.999815,0.16278339807246658,-2.5994920887177924,4.4480640365732755,6377.0005
5596237593799505664,120.31133206472875,-30.71947887541655,16.875813,1.265028,0.19600400850754798,-1.623778121876334,2.1821336857150033,
5596234016074535296,120.38009602638397,-30.775852740046492,16.877968,1.1869278,0.21586664433857797,-2.4421435332962838,4.245286823682218,5726.981
5596228935145585408,120.70324483441588,-30.717515401449234,16.878107,1.3020229,0.5461666542471391,-0.7854205763316516,3.249780752762972,4538.034
5596223128350207360,120.53862774724763,-30.77675706321239,16.878933,1.0294857,0.3377129652767751,-3.5180902031697725,2.8814172887653418,6036.568
5596239964621403904,120.44737439184682,-30.61683977951524,16.880112,1.0946674,0.6619061680393998,-3.0189571021769646,3.9790675085260627,
5596237937396879488,120.34401724509046,-30.694097232544845,16.880503,1.5176487,1.056988612378556,-2.861254332313801,2.5165001664825235,4472.0386
5596998795131582464,120.43941189453957,-30.444200370187133,16.88072,1.0230694,0.29144232864461955,-3.059046192731298,2.9061107744114194,5487.245
5596229622340381568,120.64473021428199,-30.691045385307824,16.8815,1.1417027,0.3280935042536123,-2.2509431707920626,2.7702726779237477,5674.0713
5596222681673289728,120.62749944492269,-30.773269573000633,16.88249,1.1252613,0.47736235756404777,-1.355714640593014,2.7935290820310685,4932.5835
5596235532215742464,120.53101362097416,-30.71612716086128,16.8844,0.11497879,-0.0625505122635496,-1.9968733707854152,1.1950676719809938,
5596222784752490752,120.62953523746656,-30.74968609186918,16.884674,1.082737,0.3274269104002737,-4.4060032194888645,3.3503250625990137,5592.2827
5596223815544647680,120.59816320638308,-30.71455311286956,16.885483,1.0492935,0.35501186828071407,-3.196126125637777,2.6853153799996528,6079.146
5596221612208877824,120.50631827181705,-30.80005203765672,16.887089,1.3275204,0.18700082148192615,-1.8885242132992164,3.663912947324671,
5596998352762850944,120.39058580460797,-30.45728728249559,16.887146,1.2530441,0.7504493945019027,-6.363013276188882,3.8377896115102015,4895.6196
5596229897218302464,120.61086547823267,-30.667988572283726,16.888824,1.5506344,0.1431678455326616,-0.46923953314178346,3.5926339017245956,5146.185
5596229897218300160,120.61783558815243,-30.674235298847726,16.889067,1.1416931,0.13465869801176036,-2.990211616557479,2.1032528322411,
5596236769166039680,120.5147382167503,-30.647780036534005,16.891026,1.1498451,0.3929847480779541,-1.9227653443146577,2.3654956957918953,6062.735
5596236322489522816,120.44330507849772,-30.681953146434438,16.892025,0.73877907,0.17574963876482652,-2.474264327759517,2.385069574644082,9061.549
5596246767849556608,120.53046279143322,-30.524624932875646,16.892086,1.8802519,1.058277331986794,-6.28798151333139,7.212016716792158,4279.7905
5596247386324876032,120.43345794496884,-30.501461044642742,16.892792,1.3720245,0.7538288718398259,-2.3051490676246136,-1.1498144962054124,5009.4795
5596239621024039296,120.39579322343417,-30.640847714476838,16.892982,1.1015816,0.1303380545836399,-1.755214979064557,2.282260108998148,7310.136
5596249550988349824,120.51240597523787,-30.435129428974818,16.893316,1.0690918,0.38668237645585635,-2.9093099803142355,-0.7798588531780124,
5596241029773302656,120.39743872102079,-30.581039076368825,16.89415,1.0872421,0.1527632999584455,-2.803549074634484,4.036901858855258,7662.9766
5596233333192367488,120.43624837116387,-30.799770086683875,16.894571,0.8788414,0.2490906779052081,-2.4572825678284165,3.726440997407506,8034.4536
5596229656700114176,120.65091560452116,-30.688784260962247,16.895082,1.0931568,0.5933871368365561,1.402882749168369,-0.6254557340570202,5227.5186
5596240308218777088,120.4652979124458,-30.578863090943287,16.895489,1.3821697,0.8941628910979157,-5.2857348374870305,18.53989003842412,4719.8013
5596247764281962112,120.5107966747204,-30.46935989272752,16.895618,1.0694504,0.2097123284243048,-2.571003546293394,2.855373174980917,8286.114
5596245084222346880,120.6147392673978,-30.52608144567307,16.895817,1.3898182,0.9049585558662269,-1.686501305988231,3.4466871661655674,4647.931
5596246080654798464,120.53145552489931,-30.557130041508703,16.89623,2.1658068,1.8873522186948941,-10.416202067162551,6.687503847088813,3692.3223
5596998043524866688,120.39419042410762,-30.50097587324059,16.896818,1.1205196,0.5485808068819088,-5.880531577292551,5.0596333908524365,5127.643
5596238109195561984,120.37630914473807,-30.675973822733848,16.897068,0.97229195,0.2209921579906651,-2.068090305353852,1.5356064095542628,7663.9697
5596240235188116992,120.42539183701597,-30.595395497946306,16.898119,1.386446,0.24564200629189661,-2.7375892983803594,3.200840622768214,
5596240716224445056,120.36032683826906,-30.604501372862536,16.898207,1.1178341,0.6390238048334197,-2.521593485381344,3.8671459511902864,4931.525
5596242094925379840,120.64506036704785,-30.631183088928232,16.899958,1.0452614,0.459486729313173,0.007984649815083511,7.576689962863453,5618.7505
5596248210958541696,120.57764397374197,-30.484034546618915,16.901321,1.3836594,0.18188588270140257,-2.219343378364389,2.278399394492195,9206.128
5596247558123549184,120.49813762373245,-30.5142906704025,16.9018,1.0339451,0.23660697228212818,-2.8687484174963274,2.798947911782012,7668.09
5596235841453119872,120.5232093160216,-30.686407505576437,16.903337,1.0322132,0.4569341976025162,-7.914684778779876,-0.7341845087794364,5543.858
5596242026205940096,120.58800350829569,-30.623087838034543,16.903685,1.3433323,0.21656201302997163,-2.815579723737283,3.483437932511427,
5596244019070677248,120.67023012967753,-30.564258848753912,16.904264,0.9940071,0.531000553335385,-2.0436142973202274,-3.63768132859283,5084.8438
5596998318406260096,120.38491903134259,-30.47567687460219,16.904787,1.180212,0.33058050544048445,-2.10304473929486,1.0291035677125604,5550.7554
5596992408527808128,120.3593164306639,-30.500961558360345,16.90618,1.7239141,0.164382939471011,-1.5572645619261345,2.806883582277708,5361.3457
5596221582161800704,120.49208448189528,-30.81233487603004,16.910042,1.5408592,0.1205165621102217,-1.3864229698688,1.4401399735172986,4910.685
5596991377735756800,120.32069003234442,-30.593599686670114,16.912767,1.0910969,0.18513618299584902,-1.318187129782174,2.039899428330793,8712.6455
5596233741196721408,120.43626477408037,-30.75625025298553,16.91414,0.82237816,0.16027563183849383,-2.333402164132342,3.311526188202448,8459.883
5596243400595175424,120.60870269633378,-30.55135748062021,16.914522,2.1729689,0.04890476659939062,-0.8313873496046869,2.2068070742101304,5160.6387
5596991545226492032,120.35217299992954,-30.56094116582348,16.91454,0.9394016,-0.6005005313913189,-1.141375508671273,1.508889069177763,
5596229587980630784,120.65795804127133,-30.68701560529217,16.915503,1.1825027,0.19875858637926005,-0.6455025146370572,0.7947896331011792,
5596245908856122496,120.50052683655842,-30.58847996705229,16.916853,1.214714,0.7782387005391616,0.7758429999095768,2.123726273625306,4732.3457
5596228591548262912,120.64499940980102,-30.748836658602865,16.91793,1.1811199,0.6501876194088411,-3.5026857565783827,1.9113727873145878,4836.2505
5596991686973392640,120.3096901764216,-30.56688194957841,16.919525,1.0989037,0.5869372788590095,1.0612090342462157,-4.701141384513573,5169.6816
5596222475514850048,120.63947662044023,-30.772812753024084,16.92038,0.93022156,0.21478898377911113,-2.1573105602189564,3.5245267685087356,6058.516
5596222647313556608,120.61089980253259,-30.761380962183907,16.920565,1.049509,0.33461429139855037,-4.409259455362788,2.9993095695864156,5482.9785
5596222887831817216,120.53050080304484,-30.80324056053834,16.920776,1.4408541,0.2041142225436244,-4.1984889768580675,4.821414582704736,
5596236047611619456,120.4632411101072,-30.716667228045647,16.92118,1.2906113,0.2653035101616974,-3.5095096847877754,2.39698214669372,5510.668
5596234256598535936,120.3818187386128,-30.76090745186596,16.921495,1.1676235,0.29393750006562275,-1.8690495881801275,1.8110270695367103,5398.891
5596246733489827200,120.51992342115554,-30.53970039121507,16.922344,1.2564144,0.2634202541786645,-1.220952162627348,0.9674630050038626,6338.531
5596241476449885568,120.41475547039745,-30.529158233014822,16.922874,1.1735649,0.20501778539646362,-2.8310668685279943,3.6519886510646815,7496.324
5596246870928761216,120.54384261259005,-30.50321823226619,16.923449,1.0447006,0.15781249821124427,-2.3561809663525324,2.8298977680718327,9271.616
5596240961053826688,120.4024804123675,-30.594526747737948,16.926117,1.2502747,0.272245278307779,-1.857311498127205,2.805587974065007,5912.6987
5596230378254577536,120.67276600990117,-30.634731010293816,16.926977,1.1218014,0.5612613433085091,-3.1752303306591187,1.582980270535498,5116.9995
5596992026262888704,120.35776873618124,-30.529522123198163,16.927597,1.6589317,0.1350187472541203,-1.1593694386136026,1.9991203144654421,
5596237765598184320,120.36079843266248,-30.69728709951218,16.928288,0.76644325,0.18302645428388156,-1.918104570801258,2.530203020281599,9191.301
5596223506307012992,120.60729755095478,-30.749097432859784,16.930029,,0.014545312547872584,-2.2988925496192323,3.3723814632914713,
5596243606753604352,120.60365776353122,-30.53842843607864,16.931019,1.4868431,0.894990294427717,-4.476303907755683,3.3534013751861815,4524.4194
5596229141304403072,120.6924645343571,-30.699405728734444,16.931845,0.98861885,0.2837117401704717,-4.496246365257438,5.455525425124132,5836.178
5596242129285134720,120.61857267193612,-30.628806442735776,16.933205,1.4557304,0.24836400869933284,-2.8713758852453806,3.1238857007077123,5017.087
5596231958802523008,120.68469764294731,-30.61183691911406,16.934126,1.3478756,1.0284121782755922,0.3309611097743598,3.2492416757564646,4647.9004
5596242198004587392,120.6500288955179,-30.623586700619732,16.934351,1.1023293,0.39533723310439745,-4.105279358520236,3.0460533665696534,5004.098
5596223501994695680,120.60926272167288,-30.75527996385864,16.93518,1.2518787,0.7954106044968164,-10.774731440542457,2.4904446397881226,4614.9946
5596230446974051584,120.66675057351462,-30.621001257910205,16.935879,1.0590954,0.5681068167447471,-2.447050530487093,0.4337824720337717,5175.8833
5596992649046027776,120.3124894704322,-30.511731188319743,16.94072,1.1723862,0.6059003556421848,-3.6342279072873924,-4.456114303374724,5123.6025
5596989831547588096,120.2730648711566,-30.611138554095604,16.945618,1.0826588,0.49210753257193224,-0.2138436859557307,-0.5849128063315291,5081.891
5596246733489821056,120.52314836191255,-30.523175278144482,16.946293,1.2662888,0.27300968173736245,-3.2000759268323566,4.647783129603826,6344.066
5596240686175938304,120.33945335533721,-30.613811879690367,16.946304,1.1467056,0.4774644584913768,-3.732550553460595,2.863801448184577,5108.8203
5596989934626786176,120.28365488519042,-30.60095236041045,16.947636,1.2052822,0.35364292601591646,-2.631675574959485,3.4066741566884797,5623.8086
5596247386324875520,120.43231368615281,-30.497986349656184,16.948906,1.1097145,0.5676076788291718,-5.794014841625119,2.6992816691491104,5102.6343
5596236837885564928,120.4681767762129,-30.65952918475631,16.950335,1.0779915,0.19795979751833193,-1.9200205281824891,3.135286023014569,5924.6104
5596237658207027840,120.36629686755909,-30.728088808829572,16.95057,1.0731392,0.14949960774565185,-1.8120389080995052,3.256137314323877,6367.492
5596234948099978240,120.50889953358146,-30.761348053776114,16.951164,0.9998951,0.09063161074525833,-2.2617588325017293,2.050337365700212,8239.918
5596999070009425664,120.36131071295185,-30.465373302396305,16.951174,0.78253174,0.21654485906518395,-1.6969105335765544,2.4208875349069867,
5596247901720935936,120.45901814525647,-30.47130762396896,16.951628,1.3070316,0.5176623294509999,-2.597129472784597,2.1408870543611593,4732.406
5596228351030064128,120.68244963753895,-30.74895472044301,16.956532,1.159111,0.6710501117328048,-3.022577000366802,5.381649240768834,4948.339
5596222917878302720,120.53906480227494,-30.783763860174755,16.957657,1.2294979,0.3638143158773883,-2.202079126966954,1.364261399398553,4962.6978
5596240033340869504,120.48990508385045,-30.61128621359806,16.95797,1.1779613,0.6382663370917725,-5.271737921464673,6.476828300888892,5540.6934
5596246492971645952,120.55225699458637,-30.543780681269233,16.959358,1.3365059,0.34004486520390026,0.10594705036080909,2.686524095223635,5563.4834
5596248241007658880,120.60813517055801,-30.49377370364836,16.959528,1.214941,0.36120147588399065,-2.0094961247715704,7.466751378599751,6041.909
5596229175664140032,120.71239796328682,-30.690212144557634,16.959728,1.2079296,0.10184077910252931,-1.1229820537256319,-4.260478207888453,
5596233535038120832,120.42834232562289,-30.793245305490025,16.960215,1.0473919,0.16345110979166483,-1.5652449452190091,4.557275812642327,7017.2676
5596992305448617344,120.33879202726206,-30.511367310465516,16.961514,1.1957397,0.2791116680758123,-3.368175649976729,2.1600936227014635,5632.2925
5596230378254577280,120.67654007351328,-30.639913080779746,16.961674,1.3988571,0.18814541296206938,-2.190491122943654,3.8481437529217257,6119.3696
5596235875812834304,120.54227218585554,-30.673639897853406,16.962215,1.0771675,0.5260571141796255,-2.145602330649048,-0.5812271599104477,4994.621
5596245943215854080,120.5111879815795,-30.57554775440647,16.962448,1.2316265,0.35756775339792907,-2.059421092840653,2.3206667345979044,5763.017
5596242404163052160,120.5953657180238,-30.613998831098783,16.964415,1.0570393,0.31115402181396884,-2.786245558811966,2.3399171512489634,7643.176
5596240961053825664,120.40969368943108,-30.598628405736097,16.964851,1.2557297,-0.5317437701259635,-0.31448984355526033,4.220179636292395,
5596245221661289344,120.63554384477484,-30.50255702483742,16.965935,1.190176,0.37876357457793863,-6.149646023481019,4.03265094636721,5283.966
5596230270863729792,120.6704075640382,-30.647561387335333,16.966476,1.2072601,0.2997428451669362,-3.175759817397299,2.1647474642198072,5073.4033
5596243228796501248,120.5750577012857,-30.578360000075747,16.966528,1.0195866,0.3506691163915302,-3.8060249240314405,4.701284495450462,5589.287
5596246596050854144,120.56593123604065,-30.53507233886858,16.96798,1.2541046,0.25331434902703837,-2.5883177506861506,3.983042594544226,7295.579
5596239517947202048,120.4207683701455,-30.64670988298066,16.96809,0.9699898,0.4925726266257035,-4.591754498016607,-0.2725091724320699,
5596238109195562112,120.37166859285553,-30.670223433528932,16.968328,1.0326462,0.3072323735282124,-2.7317538051628203,2.4251810788043326,7609.9365
5596222200637008128,120.58076789238228,-30.804755932101198,16.968777,0.98826027,0.30089756266319395,-2.728802633037035,1.2907356092314122,6232.5337
5596234776301354752,120.41319213186992,-30.729621509277955,16.969076,1.1261864,0.2525372079330098,-2.216945451753059,1.8941914436253153,5442.1704
5596228930833589376,120.7087847428904,-30.71256531836428,16.969593,1.2528019,0.8278286592738009,-5.194618247866377,4.723265836706016,4802.858
5596990170836929920,120.2931132369908,-30.57890107991707,16.970367,0.8123646,0.06556678062707372,-1.4816543963973423,2.072253295658164,8961.332
5596242919558875264,120.53764302087409,-30.600946752526557,16.971884,1.22439,0.3711465469169663,-0.5097780796407462,1.6642996762473272,6273.259
5596998043524857728,120.40188725787505,-30.497716802367258,16.972855,1.1505222,0.6037095227013748,-5.858717051713937,1.7094033004005391,5028.4087
5596247077087541888,120.45204621302743,-30.540534579373873,16.973383,1.2070808,0.27342073112038107,-0.6178562300217266,3.3493889980941742,6114.9736
5596232130601177472,120.71402767276754,-30.56622543407399,16.975172,0.9454441,0.17742857940404524,-2.180166889493734,3.353201506685728,9399.51
5596235463498171392,120.535573400308,-30.725239645949813,16.975327,1.1306696,0.15856627811107016,-2.1599113395870604,3.41584057502703,
5596235875812841472,120.53894327385717,-30.68266430610466,16.975618,1.0263157,0.25962869392016635,-1.7363840103954193,1.620350688666139,5804.22
5596238727670868992,120.2855302908398,-30.656065242525813,16.978674,1.0517864,0.24071371754965964,-2.578658698936269,2.6534522138211116,8244.054
5596234226545611648,120.36144169907305,-30.770378733905208,16.978773,1.0527325,0.5284379271972218,-3.747286338667207,3.7238126744897935,5182.2407
5596235497855718528,120.55957772824745,-30.71087093355318,16.979877,1.1942272,0.2618738554769696,-1.3519197732573105,3.6041459918842285,
5596991927491496960,120.36799026094918,-30.55573110127335,16.980404,1.1678009,0.4561354507730585,-1.4843747912427747,1.1682643411208133,5384.8667
5596248932513031552,120.60318288577392,-30.448272120670527,16.982027,1.1167774,0.26322622275999946,-1.9912708850302923,2.9570163901209394,9247.542
5596237245890079488,120.34245484017241,-30.745897195346775,16.983156,1.5286674,0.24204366737149524,-4.930863298834835,4.193205538077857,
5596237593799503744,120.32160958769927,-30.71350681574025,16.98331,1.078062,0.13756116596953033,-2.2613769725217825,1.7535250924361672,5859.6943
5596228763346907520,120.68553825733495,-30.722090711446537,16.98498,1.1155052,0.20844554920124309,-1.9060560486856961,2.976953269580494,6058.942
5596240754895412736,120.34302103522857,-30.60604247052248,16.98614,1.0792961,0.4930898666504505,-3.3665030333848143,0.33757504744872263,5127.865
5596231615205128576,120.71334684742901,-30.631483921932343,16.986172,1.0906258,0.35790180120453924,-2.6387924537821026,3.025359403283144,5579.03
5596239036908511104,120.29981704421435,-30.65311394288047,16.9863,1.1450005,0.24519780558172885,-1.9943205325883535,2.5550656538737,5766.8623
5596240617456449536,120.38347791756944,-30.60742186457363,16.986835,1.1420059,0.3783275415145036,-5.750308499576864,4.254297763807605,5550.2285
5596243297515967104,120.60118135911621,-30.56854915356907,16.98816,1.2125874,0.3545644452510496,-1.8144929043763116,2.4852015964171774,5359.615
5596234329624807424,120.36794277505481,-30.742990914293934,16.993174,1.1142521,0.3203285809130789,-2.4644717965369267,1.5986788813811523,7648.1914
5596998696359778432,120.49363707398793,-30.43358093397319,16.994648,1.2649212,0.7260719118389278,-3.4428465196017495,3.9663587605989052,4755.532
5596239861542194048,120.44794851160432,-30.63738999171075,16.996082,1.1856747,0.2413768848326963,-2.047409782521432,1.8726500388310627,5863.353
5596234982451114368,120.4847792140424,-30.76120677464269,16.996378,0.8696976,0.2876875718199002,-1.3383513134461307,1.8915244837104253,5215.382
5596248588915659648,120.56975149663266,-30.456760313752792,16.99716,1.2286301,0.27278369606608777,-2.4966597427737867,3.025115636400323,
