source_id,ra,dec,g,bp_rp,parallax,pmra,pmdec,teff_gspphot
5516490874426077568,126.43231063918888,-47.1486842782929,9.203997,1.5057936,1.3451909707427505,-4.329098047722536,-7.71716713009374,4716.085
5516510562555765120,126.06891140371619,-46.986095887651196,9.425284,0.100450516,0.7652696038814081,-4.48273288135259,5.66400294410113,
5516493107809214464,126.17920191154681,-47.17344499471876,9.57644,0.12103844,2.676173825296864,-11.17004192159142,9.454046938113994,8953.469
5516507951215866624,126.32152763855825,-46.97624750212776,9.879326,0.20542812,0.7551296465179735,-3.884791770256543,5.319766634338858,11819.21
5516494963234874752,126.42007276700873,-47.032715247876226,9.955464,1.2488852,1.4273705111083987,-8.581249964505268,14.32723734907967,5012.883
5516491286742945152,126.45874628752654,-47.12409439983588,10.066935,1.5616693,0.7605182474375327,-6.187637309569129,7.275926872847639,
5516502522377283200,126.46512115906809,-46.90998204324119,10.227409,2.050313,0.4573054722801887,-3.4418810873780226,3.678899275839507,
5516514204688265216,126.39374624672317,-46.90090280470681,10.502876,0.7042837,3.586003552332542,-19.369937606452346,4.1192850253674305,6219.921
5516498158690625536,126.5616790079127,-46.994496138839416,10.590351,0.57077694,3.3892627684205627,-21.974018140487296,28.111286625374866,6799.203
5516493073449483904,126.2354659884906,-47.1451801088391,10.643008,1.1782064,1.0169694176227988,-4.634243601659427,7.130111750987186,5756.0894
5516493520125810816,126.2903798186261,-47.12365059364745,10.828314,0.21264458,1.7259105825401424,-3.2140787457502737,7.339972299495978,9184.401
5516502075700697728,126.45924005810525,-46.94216748694023,10.845729,0.2463808,1.475472610243097,-3.661914438941677,4.3993756556856765,
5516494207320611968,126.33656308031364,-47.11458638828218,10.857027,0.40163136,1.7945354705961163,-10.038058652392039,2.209055204431956,7765.9
5516508294813168128,126.2254705625657,-46.98839879972496,10.942198,1.1996565,0.9702293603216037,-4.691327728367682,5.925579123926412,5336.8374
5516411331620422272,126.11542986408367,-47.14267746085921,10.955589,0.36483574,1.996031194641632,-7.272520334710841,7.575896204816077,7587.5605
5516490805706610304,126.44300682454684,-47.153012143166315,10.986484,1.6115236,0.526542144446026,-2.426848317721329,6.926443359238995,
5516509428684433024,126.08419171983317,-47.03053423737946,11.220974,1.2596865,0.8835576747452977,15.069728381722054,-4.513947979850904,
5516411331629907200,126.10349635655695,-47.150656671039854,11.520409,0.55912304,1.4838095919675156,-8.592429116517998,10.989175869915325,7085.9575
5516495474321863296,126.33541123255587,-47.04304305468815,11.591271,0.7701473,2.949760376813473,-18.466701587659944,19.56753964066202,5845.2847
5516513964170119296,126.42398874837596,-46.89916033039133,11.604959,1.3962259,0.756129842623535,-8.870133628075294,12.335640359427096,
5516495822228318592,126.41991672673815,-47.00255831553828,11.719316,0.86406136,1.8037446661953278,-11.052796210337167,24.9572738310764,5639.6997
5516492729852118144,126.31613291877305,-47.13567381697453,11.722537,1.3979511,0.7158182184369597,0.7776366305646973,-0.2096764389846832,4707.5386
5516497849453001728,126.55986527406877,-47.04180477020974,11.860552,3.3345985,0.2386471713170743,-2.8291579593895744,5.334953640834948,
5516492798575244800,126.30605767615482,-47.12415206567743,11.911998,1.2841892,-1.541161364732782,-3.554849357655293,4.773058442138439,7031.0957
5516496642552983296,126.56708856517744,-47.06635062872356,11.928616,0.77206135,3.2215494578479538,-30.963235975576666,12.204403401938482,5800.6143
5516511932636528000,126.20973340143117,-46.89736680319881,12.111535,0.5625696,0.5597070009848455,-2.147981146254131,0.2818745482713723,8875.855
5516514960602481408,126.3792850604301,-46.87689133968438,12.137847,0.70395565,1.7739416497323728,-10.129633786511278,14.97159235752404,
5516510386448303616,126.15571277982974,-46.91886079315575,12.188259,0.96564865,0.9898582904038274,-11.323000957713315,11.936715910121272,5631.603
5516508599741912576,126.21839861516112,-46.9605429837859,12.190951,0.45968056,0.646002175489693,-1.2529832743361211,2.542023959297394,
5516490702627576064,126.38550713298848,-47.182391541950814,12.249003,3.000636,0.2865673246437811,-2.175212251215678,2.815042792391817,
5516497402776411904,126.55899970590656,-47.06192547102435,12.298275,2.1608763,0.26686958202630606,-2.3376885535884835,5.939979509463679,4655.5107
5516489839324781440,126.43361813211847,-47.216841618058695,12.312096,3.1219893,0.22419420434681891,-2.2850099463705758,4.02666147839092,
5516501835182790784,126.46128980883806,-46.96343322549986,12.396634,0.7144728,1.3430356541834794,-5.5439095359885515,3.901686529000012,6691.1235
5516496681221954304,126.60913686233073,-47.092449023088356,12.434868,0.8622017,2.971018030322402,-29.813447841468918,17.210540090350044,5877.933
5516496200189400576,126.53780756007903,-47.1415479874306,12.500646,0.7266121,1.6396548209465611,-6.2357587593362,5.97822848067571,
5516495547350647680,126.32424441234406,-47.028291464835846,12.509369,1.4965029,0.5786105394326767,1.257220587384931,-0.9307828004289112,
5516512104435219584,126.272932413542,-46.89360467872417,12.52051,1.0017347,2.3452534871323167,-6.9105726828684855,7.507630292436366,5291.9634
5516514097300045824,126.37421924497491,-46.90066526803932,12.543445,0.5294113,1.0043488022233087,-1.2421268744063252,2.92017210772664,7353.9575
5516508359223745280,126.26700147648039,-46.98262282881785,12.547473,0.8113661,1.4079615542964725,-8.689270301044422,9.171605652617252,6110.269
5516508153065311744,126.32381497878511,-46.941577769432854,12.557273,0.6606674,1.2778962254296005,-3.9167105533938096,5.36761884261993,6497.254
5516508672770294272,126.26116936667897,-46.944976718109295,12.565478,2.1863756,0.2926616582332581,-3.679864295334475,3.5674983784243914,
5516511627707733120,126.20911067609208,-46.923420396476715,12.621868,1.936553,0.2932891979980883,-2.6791239389147146,7.222664708655043,
5516512757270247040,126.18886301433231,-46.87814183497399,12.633934,0.70627785,1.5972106191285596,-5.01027168231513,4.099280498876518,6304.895
5516510356397357312,126.13590372356543,-46.93961784074451,12.635051,1.6600723,0.381454067474636,-2.652116407879565,3.5826603305037343,4891.5654
5516500701311239552,126.5146745702891,-47.00724249919402,12.648664,0.8810682,1.1306999447545072,-10.069390810090844,-1.1635719813773326,6121.4966
5516497849452993664,126.54960603725596,-47.03820790942726,12.66514,0.67111015,0.9162123525622208,-3.849429722820873,1.7467697782786078,6586.971
5516510631275234944,126.0695352653106,-46.96118943520862,12.685786,0.73421955,1.5715622780103442,-8.226024125917728,11.47191415380751,6024.2793
5516512486701202560,126.27079204879023,-46.85434729417576,12.701844,0.8700247,2.6630363025987793,-0.18140492122928054,-6.63785982501136,5585.9434
5516496165825871360,126.56927436723386,-47.13134585284014,12.71432,1.9478445,0.282474469828426,-3.4452044502997126,4.603648534368658,
5516508260453451904,126.2465674064638,-46.99127543260408,12.7186575,0.68665504,1.553130546088786,-7.595258578151999,6.335277352471493,6531.5645
5516506782984659072,126.18878115968471,-47.012086396343804,12.777897,0.7151346,1.2416022758701866,-1.0669302695013627,3.9398827796325735,6427.634
5516494276040079872,126.32570868396603,-47.11501202990784,12.799713,0.5951214,0.6538511546812908,-5.186295932774764,8.824426325393933,
5516512070075481728,126.2545150267679,-46.89926988591147,12.844198,0.7714968,1.0270678717942157,-7.406963960986601,1.902113372585709,6837.0186
5516489396957513344,126.35602694952146,-47.196372789096486,12.8449955,0.7252846,0.9062693390803872,-2.524609234561802,16.01295737215567,6521.253
5516490530828752256,126.5215874420033,-47.137764515663235,12.848175,1.9162369,0.4561241518166699,-1.5898745331027628,2.191944683935465,4741.726
5516501727794239744,126.43734046410256,-46.97408966835676,12.853752,1.6432333,0.5600357980820353,-2.5187876995194296,3.921370625374183,5004.4854
5516498089971154944,126.55553992541394,-47.0156188324299,12.863929,0.89974594,1.3668309234565,-6.677371280011655,12.025844934851342,5932.115
5516502591096785280,126.50043900989311,-46.904621878574694,12.86469,1.0642624,0.6253586285467753,-3.619928428549189,5.813471432176554,
5516513861090916864,126.42242988349905,-46.92253520638951,12.9018755,2.3293524,0.2941777040036043,-1.4696787379842782,2.2930167155476573,4729.484
5516489087719869696,126.34574385560246,-47.21770822252233,12.912382,1.5231438,0.5798438618207443,-3.724167906740118,4.312562328478532,4859.6953
5516511009232369664,126.11380573951658,-46.93557364610277,12.92257,0.60540867,0.3437281260082218,-3.131105718799402,4.260009845568473,8800.167
5515739456998488320,126.49207853427608,-47.2104227005795,12.9281,1.8486519,0.4470171235713359,-3.250804297773864,2.9380932728488913,4611.1606
5516495238112735872,126.34322749259901,-47.05899970941884,12.9504595,1.9922171,0.3538067873522161,-7.577416700236951,4.6155697079990485,4686.7544
5516492901650788352,126.18647223518063,-47.19492051255668,12.969994,1.0444098,1.5256503150875105,-5.563666604114982,3.2965124487970963,
5516495890947751168,126.35861188852839,-47.013420610569106,12.993099,0.64352894,1.1179689874492056,-2.3635034475246544,-2.5744005882809295,7041.9507
5516488950280905472,126.29506340278458,-47.219858850757866,13.005406,2.4431248,0.37458222228317173,-2.218459748504015,5.397322462423201,4719.9
5516514101609039104,126.37499804142861,-46.90957104165334,13.045959,1.6643448,0.48282546576388186,-3.6991089276811238,4.014170836439589,4962.962
5516495581710402816,126.37982210835176,-47.04753796596042,13.049174,0.7490454,1.1865187714477696,-6.07737585016052,12.18582129555648,6520.7163
5516505271156578560,126.12822869880777,-47.10594826905383,13.055219,0.92908955,1.4698243754472606,-8.551138622079383,15.415191163413155,5394.912
5516491355462447616,126.50235327319501,-47.11849986212895,13.068036,0.98544216,2.878391380083743,-3.196744651493229,-15.29429867655012,5556.6797
5516495302523173120,126.29757474763714,-47.06820587352911,13.071629,0.83091736,2.0804107457778787,-3.304684642103794,2.4080313484856974,5586.6274
5516497265337447680,126.524142574749,-47.089489778611735,13.107823,2.3408833,0.1533087807191949,-2.0778875344346024,3.8898082191542924,4523.63
5516492798571314560,126.30209251201786,-47.12263849840188,13.108323,0.53508186,0.4885701307284396,-3.497269238551318,6.549515636028998,10558.947
5516502556737024384,126.47079791342858,-46.90745327149727,13.121573,0.8854532,0.7092658974577998,-7.256297938069998,8.900736139314025,6215.32
5516494172960908672,126.38893561477245,-47.107212170493646,13.131103,0.5213337,0.4337969146546686,-3.922493148676606,6.16226552265028,
5516501972621443584,126.39742222176628,-46.96150944343698,13.133998,0.92806053,1.2687625684414092,0.6505827638530124,-6.6863124644604515,5560.555
5516507710697733248,126.34811785283175,-47.00059375437789,13.146974,1.3369637,0.6623046524155901,-2.825539546487819,7.19696249867429,5798.86
5516507745057450880,126.32386348085426,-46.99669948994133,13.191577,0.5639887,0.6386686480903453,-5.08714147415196,7.898432470378289,
5516495817919243136,126.40272399459586,-47.00167634854018,13.21081,0.55175686,,,,
5516507092222285824,126.19351941822687,-46.975261540523405,13.2247505,2.336053,0.0883203274519133,-2.1750149530444864,2.9181249076250975,
5516505099357900800,126.20941506937743,-47.108724138309405,13.251738,0.73911285,1.4006265725715052,-8.263846202825153,0.6525570201276178,6271.441
5516513895450668160,126.44635797947242,-46.91202423729352,13.271955,0.72513866,1.1446741542244685,-10.482090543026025,13.340002584202061,6607.3
5516514926242718464,126.35328316938138,-46.877927615938354,13.273449,0.8028517,1.399084050487401,-7.490114340285048,9.790904887208777,6008.1353
5516490496469005056,126.5093976760278,-47.141850231734125,13.278957,0.47968388,0.8045921148345333,-5.820934083218217,4.721598273613265,9427.002
5516489981072916992,126.4644985796693,-47.179216755612394,13.295782,0.9726715,1.026956233264764,-2.3074250692221523,0.029849505931124752,5313.164
5516506576826244864,126.17874782934581,-47.04841594551453,13.3069,1.6793203,0.3052315095358027,-4.618585190253267,6.092201846423326,4818.0767
5516412053184405760,126.08261170926616,-47.14080057463752,13.335984,0.3444004,0.49261318679449245,-9.593811362237002,11.48958771569887,10127.822
5516490049792379392,126.4475190658797,-47.172535712165114,13.3370285,2.9194155,0.0515218728171518,-1.9849118591509705,2.775084579130806,
5516505236796844416,126.15599859696164,-47.103271375126816,13.338379,0.79461956,1.0610866037820776,-1.8938047202531902,5.485148576614413,6354.052
5516497574575053824,126.47843957785699,-47.06994061523551,13.35789,0.90341187,1.896641284322705,-7.886424738890776,7.738911607675487,5820.663
5516511662067481472,126.22134676153844,-46.923274360657324,13.366041,0.6566849,0.9416421028437257,-4.67142856382057,5.825024134396454,7001.3604
5516504961918942720,126.17172625989944,-47.13004269632359,13.377173,1.9264135,0.23096709024614276,-1.9953238550551122,3.434715786416318,4725.915
5516489942403996416,126.43749751920014,-47.20406216292834,13.398289,0.8817482,1.53630939057164,-2.864202276059806,-6.36546304328864,5512.2476
5516491870858662912,126.26739255852495,-47.22805762001358,13.456111,1.1501055,2.2735876155440593,-8.793354751588815,-15.09882845738932,4918.604
5516501216707338368,126.5706795061883,-46.977691799354915,13.474629,1.6039343,0.28152174276716974,-0.5484947196877439,3.3713618081417605,
5516492626772893824,126.26188067767248,-47.15767463217488,13.500459,2.5514374,0.08502801466926198,-2.1212411836053136,3.3693237334090833,4669.758
5516504927559202944,126.1502203322565,-47.15098732152899,13.517736,0.8576546,0.9021310666131126,0.41210260704332835,-2.967534329953415,6022.629
5516505374235440640,126.19354310894462,-47.08455084287736,13.519807,0.5223274,0.5539088873819634,1.2371505294476661,3.150339984428561,9199.055
5516506473746985856,126.13614369707635,-47.03911286731766,13.525217,0.92792416,0.6168093050215967,-6.213027421701959,5.99508469914516,6381.9385
5516490359030038144,126.47210862702008,-47.1657829823276,13.5265875,2.387309,0.052560037836598385,-1.7735089068279817,2.5166257422106106,
5516492454974219264,126.33771157032551,-47.161025750004235,13.546742,1.5835409,0.4640203355848244,-2.054358363447149,7.887066214900339,4942.2114
5516509016367705088,126.32231057590577,-46.900742615638585,13.547292,0.8157854,1.1910686508588175,-12.148090008683127,11.219500494906008,6037.9434
5516507809467931776,126.35750803484969,-46.98328736854089,13.571572,0.7852373,0.8298523081403948,-1.6690354559284426,1.3526714418805967,6600.415
5516494482198572288,126.41464952140147,-47.10317736372931,13.576776,1.6023483,0.3364436874833511,-4.7378684066429155,7.412035964061751,4789.2246
5516412465501258112,126.08337898039082,-47.09117932635424,13.587501,0.6759243,0.8229896270429047,-3.78376826560359,2.4629651407816953,6788.223
5516505438646307200,126.16426464158017,-47.07417806858553,13.601998,1.7237635,0.33461486147524316,-4.25689493409422,2.1177959949521314,4970.1953
5516502384938365440,126.51035896906667,-46.91214115947732,13.613289,1.9178438,0.40406342684652924,-4.539480842730542,3.576772818607367,
5516496230236114048,126.5543922375396,-47.13326805955632,13.617413,0.9073267,1.8721275553989078,0.3011945685951762,-1.8480055211699415,5650.5093
5516502006981472128,126.41924346751199,-46.95166363623246,13.629646,0.91913605,0.8887548373862418,-0.22835978284730096,6.29917898845153,6055.251
5516505958350993536,126.22806044925527,-47.036929449067785,13.637301,1.8351002,0.23770489567220054,-4.963881442599453,6.559899966786572,
5516508878928758016,126.30626064343457,-46.93307338406873,13.641306,0.84589005,0.8538173834194894,-5.225616213257285,-0.18276271408011321,6535.6714
5516497677654297472,126.53942488727654,-47.04358840302918,13.641978,0.8556709,0.9561089463027458,-2.3110727942430236,3.7135030020925135,6437.4473
5516507538898984448,126.28706917402124,-46.99434536094538,13.657736,1.010212,1.8346637611731305,-6.869158282762498,11.207330575452895,
5516507607618443648,126.26944964796859,-46.992877579716655,13.6777725,1.0420427,0.4580533233017368,-4.646043738937586,6.831077589430471,6291.6694
5516506817344424448,126.22166744883023,-47.003286934668616,13.68662,0.77401733,0.42599400469966103,-4.751003624887214,4.199434001557386,
5516497162258264448,126.60564880794027,-47.03709591674155,13.68868,0.6086273,0.739195973942798,-4.148847331869189,2.184960793723862,
5516501732103323136,126.43898024727952,-46.98592559854981,13.6987295,1.8945637,0.2636657267047184,-2.818721683326647,3.5259818063600457,4943.7827
5516492867291056768,126.21827599101985,-47.18714022614205,13.714371,0.9812155,0.835898895710017,-9.37188324359096,17.41678633011098,5884.274
5516491527261081088,126.4246658042258,-47.104366516281274,13.720363,0.9639368,0.8133661752743239,-5.453534940214069,6.439770582539173,5309.012
5516509428684422912,126.0776862672551,-47.02356940665696,13.7219,2.6410322,0.062302044694734396,-1.6292057001116567,2.6449274070007966,
5516508672770298752,126.26494963453536,-46.94599392324459,13.722087,1.2149391,1.46991304301963,0.08059119674965642,1.2776460005252799,5140.301
5516497780733536896,126.57397400547947,-47.04678339267795,13.723407,2.2478962,0.17459981714106565,-2.5969815587026477,4.358416061988749,
5516506954787401600,126.15722726098842,-47.002870471555845,13.742487,0.9078722,1.476745689450482,-2.5896217307325795,4.7015702012649,
5516501182347581568,126.5409453054615,-46.979796104528866,13.751456,0.88728714,0.46689873998823217,-2.8115772238045698,6.3092023337234,
5516512619831296384,126.16588636469612,-46.90384491944489,13.763687,1.4718285,0.09981285112637184,-2.334141155567865,3.570274981660284,6046.458
5516490359030043520,126.47281805415287,-47.17499106284803,13.765296,2.2965546,0.1258091869096078,-1.947301311448974,3.381646832902398,4452.671
5516498261770035200,126.5673613282257,-46.996942380137746,13.792849,1.6393795,0.3098829044130105,-4.008158437195874,4.471216864036128,5329.7695
5516490221591119744,126.51585330726319,-47.17629664322211,13.796672,0.7115021,0.8498696339456716,-1.5344089344035694,3.238228322587675,7106.472
5516511077951838080,126.11004605958024,-46.92199945120666,13.818374,1.1203547,1.7788160131852366,-3.8906052235250304,-0.7273371069056668,4997.9507
5516509531763657088,126.10265274992688,-47.01794368147935,13.841525,0.75038433,0.9177269494420608,-7.332529638043166,8.898832170560684,
5516494825795915008,126.3827151637847,-47.071442499031185,13.856517,1.7115097,0.3725578633478103,-10.093452801340035,4.939999837313076,4686.137
5516415764036122880,126.05050507713865,-47.045301813911216,13.857162,0.6442661,0.45935955955174307,-4.1884623143231705,6.578089500520551,8946.447
5516508947648249600,126.34264342441298,-46.9060241546184,13.868707,1.3340044,0.6550579879371597,-8.990563045460107,0.8787607237872017,5812.3447
5516492970370351488,126.23163761731276,-47.168507959641225,13.869723,0.8333492,1.318199633728005,-7.3228959549148405,9.270623738072285,5840.4824
5516493898082895104,126.2785970955024,-47.070651313939585,13.885983,1.67978,0.32326194781166045,-4.542323256176308,6.8171559039167855,
5516509944080523264,126.12720166213195,-46.99282019137454,13.892453,1.6056395,0.31008836643685306,-2.5032032607437693,4.21257626139938,5313.1206
5516509321296426752,126.07902080802872,-47.05934189567446,13.903256,0.86131287,0.9132626917175443,-8.770707583688104,9.545538500601122,5991.1562
5516514067249292160,126.36310477780974,-46.91298342769885,13.910425,0.8027878,0.35585258805207,-6.478337319726062,-0.3929478943559267,
5516490977505476736,126.37106998048306,-47.16685803034928,13.92067,0.83709335,1.2571216440170632,1.8945277196586559,-1.4079397070786506,6118.2173
5516506645545707136,126.16497259169945,-47.04654524159315,13.938536,0.75411224,0.8719922767887213,5.094031918404641,-3.370171162825654,6332.674
5516500907469625088,126.45699403472888,-47.003846030050084,13.950121,0.6668501,0.4717605886542426,-3.746964394315595,3.0945908210205166,
5516492626772895360,126.26002060025925,-47.166766743828155,13.954605,1.6598282,0.3137504341927587,-2.847940260128497,4.3371677861519355,4937.265
5516510974872628608,126.09390517755818,-46.95934949306167,13.9597435,0.63443565,0.23516546973195052,-2.415941790935978,2.5468098764658555,8893.049
5516509531763649280,126.10334106759979,-47.00517929529271,13.972835,0.87793064,1.6546057748759444,-15.011045533577825,9.277754024363185,5658.9097
5516496475063482752,126.52868475075384,-47.11727962177011,13.974379,1.2507324,0.9453203058951295,10.567863571745374,12.34000261410946,6135.8496
5516507710697726336,126.34304038522187,-46.993841037645346,13.977462,1.8900595,0.25544119262386844,-4.56318167729793,5.997315753643409,
5516510287677909248,126.1564482298566,-46.955709588851796,13.985279,0.93819046,0.6702202348557971,-6.179830474724399,8.576041877855053,5858.829
5516491458541616640,126.4294158047123,-47.12233659122769,14.013542,1.6452246,0.24748816582664396,-3.506576488527724,5.463113146127645,5307.293
5516496234545341824,126.55861919327967,-47.13111624668492,14.024062,2.9040766,0.048313285511028314,-1.5211830608732682,2.070497533285252,
5516501800823056256,126.47943796224087,-46.96921863810538,14.030479,1.8493977,0.16731837165296223,-2.8330659651009213,4.022912730717985,4727.454
5516492764211853312,126.29457879982138,-47.1434426423202,14.035336,0.8783884,0.3573128200617546,-5.364872094137904,3.6626267292652237,7184.853
5516493588845269120,126.2749896887333,-47.11237193163118,14.042162,0.8217201,0.878467726070884,0.2667455213978833,-2.8437666829129817,6327.138
5516492832931317120,126.2011073914156,-47.204300171813735,14.043424,1.8060389,0.2098397655207456,-3.263506154497951,4.024637919172195,5808.517
5516512452341445632,126.24971236244478,-46.854905068341694,14.050605,1.1670122,0.890342928481496,-2.408861923384066,-3.88218646017483,5909.0317
5516412156263622912,126.09796663759498,-47.1281337987199,14.051841,0.67157555,0.4525277779077931,-0.5327234362345312,3.8867390786154754,
5516493726284506112,126.22473203072317,-47.11706402394924,14.077856,1.682951,0.3045623352572871,-2.1743305876505747,4.184911026821203,4886.2915
5516492798571322112,126.3046598733501,-47.12867052392976,14.086032,0.5723543,0.5763354387097177,-0.9797833623463043,3.9211029883265143,9758.744
5516500838750168960,126.47306091115112,-47.01880943793911,14.09858,0.71767807,0.7905033995430035,-2.163463658035096,2.5473359360756684,7138.6914
5516508363532679680,126.26759388496589,-46.98262842501754,14.099072,,1.4044527773094246,-8.769394964024826,8.651684705499783,
5516500941829378432,126.48556810959444,-46.9914395175641,14.119122,0.9845238,1.001974548986765,1.4761905184374662,-2.483398385896818,5394.1567
5516504996278782208,126.14626434649772,-47.139926129798766,14.120875,0.9109516,1.5006194657222467,1.3799127462372773,-21.37213467528771,5390.3
5516507367100318848,126.3070802856057,-47.00463226291502,14.143954,0.89348984,0.9383817482912463,-4.022246969654411,19.0678537326959,6126.1226
5516508466611886080,126.27439668986842,-46.9586143769202,14.154684,3.478795,0.022845628434333933,-2.8267580159139776,2.7071349078331695,
5516492248815775232,126.25639635579135,-47.179006748657066,14.155631,0.90667534,1.0062446671808734,-3.9442775849619522,2.3131068312112566,5714.494
5516415489158222976,126.06916713987052,-47.053649934102026,14.181781,1.537262,0.2785384980569832,-3.686605652227939,4.216743722894207,
5516512624140085632,126.16098069269972,-46.89568226256932,14.190895,0.9135361,1.6022715320697147,2.565954455451098,4.86581393092998,5690.9424
5516412396781775616,126.05503147389608,-47.098097528226,14.191971,2.2742167,0.10030849280279419,-1.6394419302792025,2.506594415602406,
5516491939578134528,126.25652497722277,-47.209725427913284,14.202155,1.2992935,3.0362163755779137,-12.826781204572148,8.82963755813492,4640.2876
5516494757076446336,126.39682186125599,-47.070175062661086,14.20507,0.8365698,1.0086073348698275,-3.1365479654757262,4.415334132953756,
5516501697743564544,126.41181087888198,-46.9896835403303,14.217309,1.9613047,0.19028428133969882,-2.9129659172996676,3.6268213479880185,5002.661
5515745542985157120,126.57465207577833,-47.15859101702471,14.231378,1.6347647,0.26717280402959764,-2.7642604595294524,3.6096931846489806,5341.9023
5516498158694469888,126.54681562254974,-46.998909620937766,14.238445,0.6125612,0.5004440733534474,-3.3906482875268553,5.7281625373308795,9282.597
5516511833866146176,126.19414232810811,-46.9195498827983,14.245917,0.8705425,0.3406314457966372,-3.6042270187563625,4.278324459434059,7019.9453
5516502556737030656,126.47985659172478,-46.90541541296411,14.263545,0.9793644,1.2646627783616688,-2.0690789647482735,3.3986280864285097,5282.1094
5516502110060416896,126.43000873439568,-46.94910849388082,14.264834,1.9930916,0.3272571402528145,-5.043182513129797,9.561251460738124,4772.498
5516510115879238144,126.1804751929019,-46.953585749102466,14.27427,2.0290232,0.12877461571488413,-2.548511283979125,3.3727136451927238,
5516507504539226752,126.26663600161362,-46.9947564017817,14.277364,1.0339603,0.3729530882166457,-3.7608016346556177,5.286995650520612,7378.2896
5516494241680355328,126.34955860101473,-47.10467536839497,14.28092,1.6071033,0.36513319535043676,-2.643022095407709,5.723229144009101,5288.792
5516506130149612288,126.12608601759045,-47.070109228754255,14.301658,1.0428038,2.0866018139231617,9.322193677504362,-17.423734612157922,5298.5596
5516502689866906368,126.5002477529977,-46.88621438680726,14.303052,0.94617176,,,,
5516511558988271104,126.21154999803188,-46.94491835720115,14.305636,0.9188118,0.41635409204866947,-4.282156482403792,4.179871252089632,7153.945
5516494516558305792,126.4194369379176,-47.089547797147475,14.311004,2.0387077,0.06388460615792264,-1.4065928308936406,2.123051686701439,
5516489220849504640,126.3691809855242,-47.20885084957996,14.327129,0.9482155,1.867745119732266,-8.848328136472503,-7.797944305767883,5677.1187
5516501457225453568,126.50817929592093,-46.958062794305555,14.341196,0.8196373,0.529957850856812,-2.524087461787541,4.119583973317234,8136.9995
5516495203753014144,126.36561867352493,-47.05608180925725,14.341666,1.5892925,0.2220557936213749,-3.689045560213823,4.939034191895734,4989.425
5516505477314689664,126.21766292388878,-47.10022430008866,14.341926,0.88500786,0.47036533998600927,-2.25104469311661,3.758426269201618,7231.575
5516495100673771136,126.3111027517147,-47.0853482944329,14.34884,1.5857277,0.32161742689042006,-3.736949072628528,5.486421094381701,4934.2656
5516507195301603840,126.25881455601403,-47.03773824209037,14.37792,1.8207808,0.2970710265943468,0.4053710320312114,2.4532239910974027,4603.6055
5516509359964977024,126.09278782498377,-47.05031082909247,14.379117,0.81834507,0.947919554961851,-7.639086416258724,4.284972911572399,6029.4966
5516492214456035584,126.24911684215449,-47.185128979298554,14.384711,0.9321432,0.8162073751473657,-6.327372460595404,4.277655283278033,5744.1006
5516507367100321792,126.31511434660749,-46.998998865664326,14.386403,1.8176136,0.30982457474913044,-5.110259747068959,5.419329514302502,4630.62
5516509737922071808,126.09022995305735,-47.00994787892139,14.388825,0.63870525,0.30732677942325387,-3.014748609922289,4.1690639392258415,8599.709
5516502144420158592,126.44910271945501,-46.92664039684831,14.389798,1.0232143,0.7192929087757968,-10.637105903240197,8.251959786395412,5602.0356
5516496406344011136,126.53083031112673,-47.12192508362722,14.402009,1.7481108,0.29129951719969854,-3.376470428755554,7.061078933103238,5084.8716
5516500838750156160,126.4605440315388,-47.0144117427095,14.406679,2.440341,0.02840236928515738,-1.810974316365673,2.601281955924316,
5516510665634975616,126.0802338072505,-46.95543434206563,14.416649,1.4761343,0.3639709873277324,-5.259062641202691,6.081642842266531,
5516513723651957888,126.39920773106448,-46.94817641775853,14.4181,1.208746,0.36887089147711954,-3.214478364520268,3.007245815018414,7294.121
5516498296129587328,126.5883248207278,-46.97369887391882,14.421447,0.80442524,0.6480207162134427,-2.609865073768381,3.522224456536325,6807.958
5516490874426072960,126.43082578319684,-47.138378894029884,14.422045,2.3140697,0.12843800848143433,-2.692619783787441,2.8857158344619354,
5516496440703757056,126.54859662218144,-47.11593372755032,14.433143,1.6997328,0.2253334533231225,-1.549388816723375,5.113428744525997,
5516399271361763968,126.15880030775593,-47.19119062769311,14.436235,0.92804813,1.2506121768056961,-5.1501794944239165,2.0772677304927045,5361.928
5516495547350355200,126.32839433002066,-47.03555784518036,14.439176,2.0696802,0.13088950774493116,-2.4771834352342323,3.0190495851944465,
5516497299697174400,126.50910963159542,-47.0854107666937,14.443829,1.5127687,0.24287649942384987,-4.066466707183486,5.094553506393811,6895.1147
5516495856588025216,126.36486586620205,-47.02681003504474,14.444538,1.4534883,0.47789995100533694,-6.029716113686806,5.686269562158909,
5516511902585600256,126.1867037541502,-46.89549440031487,14.453313,0.9160156,0.5192782313163482,-4.489866409200822,1.465915790847244,6576.482
5516496612502440320,126.55577475062306,-47.084602237038126,14.45369,0.94209003,0.2941257671488328,-3.39324088508116,3.672194896660247,6638.568
5515739461311697280,126.50664598719948,-47.20070122762223,14.455008,1.5276203,0.5109063734068172,-1.445500327120531,6.178122775199938,
5516492661132636288,126.27667098993248,-47.15285839342974,14.463593,2.1738214,0.1506884627181559,-2.1783787718073953,4.837329889900202,4673.0786
5516512452341443072,126.24208097037138,-46.86296263701779,14.476814,1.1932888,0.5958891808727549,-3.662352351570301,4.131669918512987,5871.1733
5516489774914672384,126.47453497200614,-47.198596147130154,14.496136,1.862668,0.19791325885494607,-2.069171624862304,3.596218767192813,
5516507848136692096,126.3790280066286,-46.966595946795955,14.508627,1.5791101,0.5655540066804404,-6.109932666528691,5.164571868512432,5035.2397
5516490255950862336,126.53544085708593,-47.15687376508995,14.517197,0.96533775,0.6187254318145526,-9.080855514059287,4.835513515397217,6396.73
5516492558053424768,126.27828267993317,-47.1766589655489,14.518413,1.8077679,0.28180602318406306,-4.419146147948015,9.872486111820512,
5516509909720814592,126.16265204423125,-46.988143364388556,14.522899,1.5427065,0.20006693996571542,-0.5867536778595954,4.023316610383394,5167.542
5516510012800466688,126.16327029462803,-46.97603035532403,14.530432,0.9924135,1.4218158586140615,2.943455208416709,11.000922010632536,5497.6265
5516510287664300288,126.15698958490363,-46.95281889945847,14.534305,0.72536755,0.2817179444802648,-4.793554619366912,6.016440901589691,9266.482
5516500941829384448,126.48927690082704,-46.99631571928379,14.540596,2.5664387,0.12771698792501335,-0.9943263294261575,2.314796656860225,4808.3057
5516512211823321472,126.28519159002727,-46.87730509132663,14.553337,2.4993687,0.06175184606499569,-1.4169737359527803,1.706769023826419,
5516507435820107392,126.2669528548105,-47.008901955841964,14.555589,0.8365059,0.7898977576797626,-6.053164605425813,5.138454908507747,6359.3423
5516510184598679040,126.12973073949018,-46.96956061395702,14.5620165,0.8740721,0.7577963804760903,-7.416249486729724,8.119464821273901,6055.743
5516494344759579520,126.3699860323572,-47.09238943318259,14.565768,0.9182148,0.773333967514446,1.855159738266721,2.2672492934307824,5934.3657
5516509909720809088,126.16061316844831,-46.982478106792215,14.570116,0.9950628,1.256917984936866,-20.219252942431062,4.568536650376152,5616.715
5516507195301616384,126.26603044542463,-47.04604705212052,14.572828,0.96108437,0.6965273753441422,-11.093432228136285,11.071166838578133,5623.975
5516506641236832128,126.16959340047858,-47.03486345338873,14.5808735,1.0590639,0.6207871021984815,-1.4661865696450551,-3.8886236811611434,5509.1465
5516492386254736000,126.29728708497305,-47.17759512240753,14.582949,0.9646683,0.5269548282627102,-5.063135743991669,4.910043644175891,6643.0522
5516493898082888704,126.27274327748951,-47.06915747508383,14.601592,0.81693745,0.5447902748494147,-2.015836933698773,4.395062400184739,
5516399060895934592,126.17187999486528,-47.19500032459811,14.603902,0.8374605,0.18272598994890257,-3.737725163310842,5.383619890750779,8809.051
5516493279607909888,126.22434662781727,-47.13752518731964,14.60619,0.8532438,0.8203992839203382,-0.6796288566291165,2.6430291592597435,6086.6226
5516510047159766272,126.18368027513863,-46.95539119810267,14.606895,1.7080708,0.26852519337128317,-2.9876269987216837,3.236213680272697,4712.9116
5516498261769843840,126.57052861998032,-46.98920636442617,14.612611,0.96422386,1.0368186604513498,-1.1899053976755136,3.6487925036025035,5503.3066
5516496371984301312,126.58352776950805,-47.11089196487064,14.613204,1.0039778,0.603667538448815,-5.881117455473163,10.52341258305401,6303.6353
5516512108744104832,126.27812576857025,-46.8856008212411,14.629069,0.96941376,0.6545187972288311,-1.5897749069718035,4.850002489017038,6643.034
5516489706195198976,126.48047086337075,-47.206867774353185,14.635534,0.93636036,0.8543923542220827,-7.51042999428784,5.367588770841277,5594.733
5516502316218903936,126.51474135790494,-46.93327983157475,14.637935,0.8052063,0.6993542951960587,-4.5501893800658815,4.297949284444055,6809.6924
5516493417046875776,126.27805444271517,-47.13097454672916,14.639856,1.5574913,0.21423988659465612,-3.7710370184697997,5.394570948293854,5578.1445
5516505168077020288,126.19795019124304,-47.093652486320444,14.655302,2.06913,0.11367585343297619,-2.3477911070129633,3.477869152771714,5058.0576
5516495719149104000,126.40876061702254,-47.01969565335808,14.677129,1.0166063,1.1959519018319138,-5.561298746302937,17.82482784475374,5226.956
5516514651364865152,126.42686482843237,-46.85663291752002,14.681182,0.95136356,0.5981461664141628,-5.428514833076841,5.184308058419134,6196.095
5516507882496415360,126.36132727696338,-46.961996072934404,14.691384,1.0934191,0.4680156951899198,-2.3148266227804464,2.6761189172699718,6926.665
5516398240569619712,126.19193617563978,-47.21461703174797,14.700406,1.9391642,0.17107903760353704,-2.811752097077012,4.12376388503459,6092.9746
5516494825795918080,126.3911876683658,-47.067006792647724,14.703537,0.9015751,0.6954313751574257,-3.510375474422746,-0.8797996085677328,6043.365
5516497849453000064,126.5613417747676,-47.03705784233704,14.705106,0.9048376,0.4597817397721857,-3.277316832516526,3.413290949187477,6555.323
5516494344759577216,126.36409836854308,-47.096765827207996,14.70642,1.762373,0.19288431902370445,-1.211133889537089,4.023639788073135,5273.467
5516515029321945472,126.36919209172437,-46.87434906990831,14.7093315,1.8202639,4.526604887597802,4.781991247541189,-10.024260211393358,4192.589
5516505099357901440,126.2035068124781,-47.12224390352646,14.709529,1.1533298,0.392931162973692,-3.6120388979201383,8.283839209708319,6434.5146
5516501732103316736,126.43974402601636,-46.9729804219662,14.710293,1.6936655,0.16926135652505594,-3.797703719900633,5.138495365477198,5573.8496
5516490324670328960,126.52804553781985,-47.14643998593546,14.716685,0.98929024,1.2805069534375066,-2.046089747098896,-6.760181087984647,5270.3267
5516490840066536960,126.41320299803336,-47.173045112010136,14.717263,0.75614357,0.25457553888609236,-3.2483896739536604,3.609148019631631,9222.294
5516514960602491392,126.38186997580381,-46.8889169370704,14.721904,1.9756327,0.3605344712371063,-4.193528744257798,4.971835073551503,4596.055
5516490943145742208,126.38748893446439,-47.164880386904635,14.73005,0.9591265,0.6855735488147175,-7.925036032620207,7.516728232757123,6015.409
5516502384938367488,126.51423225142563,-46.90995292519035,14.737004,0.86842346,0.7768637345442413,-7.515808341486057,8.293374255882844,6262.4717
5516502006981194496,126.42220438676603,-46.94853738732671,14.744563,1.0654984,1.4632135747017037,-5.374924738221634,12.233804769301921,5502.168
5516505133717633024,126.173489033377,-47.11750572768849,14.751288,1.1047812,1.7750123845617372,4.519144681912722,-11.29454088573132,5139.0083
5516497540215329792,126.50760865478853,-47.06064649401066,14.754897,1.11759,0.4720248001636478,-6.645854725647861,9.941744212714095,6674.4053
5516512246183073024,126.29902902439237,-46.877257864503726,14.762874,1.0664186,0.4875100015597822,-3.500969561773748,5.870656424509869,7128.009
5516506748624957312,126.2192586324338,-47.0189872816967,14.767767,1.0425119,-0.4933787017333797,-4.123727597326703,8.487479423959424,6539.1816
5516505064998161664,126.18528797979654,-47.13323888911361,14.773135,2.1292782,0.1034988312636648,-2.1147085932833454,2.596086832280342,
5516496200185595008,126.54684818946019,-47.130735770019164,14.773487,0.7987337,0.5857076614629514,-6.715430384209439,5.750400911003209,
5516512486701198208,126.26949075686373,-46.84897568759775,14.779036,1.1704159,1.7128652630246504,4.409755449720569,1.353487356758729,4974.3037
5516500525203749632,126.47028806932249,-47.061023941680475,14.781478,1.6211233,0.18467052880214138,-3.781206604216891,5.269123308611828,5268.455
5516508569691043712,126.21228308714042,-46.96388909912621,14.7816925,0.86303425,0.7967115900186805,-5.796489531805024,2.795796122684906,
5516509016367717760,126.33284557239233,-46.905007964573635,14.788766,1.073019,0.6753855241843048,-6.052960125989983,7.136899915605434,5417.703
5516508500971580800,126.2138558229545,-46.981620495994946,14.804015,2.0261908,0.07077757515787911,-1.5102083960507484,2.0450992414849445,5079.5845
5516507195301604480,126.25711278524624,-47.041307732016485,14.805863,0.69892025,0.1888386859041997,-4.314660239491143,6.305246455625143,9239.555
5516494413479043584,126.35717371293549,-47.08818462285692,14.807759,0.8539982,0.6786747868520465,-1.1833468144656858,2.4905639177958556,6510.5435
5516490908786003712,126.3820713745664,-47.172498561053494,14.810836,0.88261414,0.8676843355157605,-8.857373260288982,7.9885595088951025,6313.6094
5516508191734021632,126.33955153907517,-46.93058750735342,14.811933,1.887248,0.272453947557951,-3.945247813549994,5.496678223796432,4643.017
5516411434709121920,126.12224656070434,-47.1227300563262,14.814689,0.8714752,0.9449978478192894,-14.69761374067645,8.612258553519563,6089.7275
5516501147987826944,126.51354595999582,-46.98743743000318,14.8193865,2.2211218,7.690571196983185,-57.53446366273639,6.624375363367948,
5516510184599156736,126.13065623601415,-46.961830027013654,14.821431,1.6307268,0.16548548116622047,-2.5621538156538346,3.5624496338319687,4986.0435
5516510150238936192,126.11595945315187,-46.981047728903405,14.823749,1.771369,0.10676259581803804,-2.470374924758089,3.424374820589289,4808.559
5516501972621451264,126.40309778830428,-46.96760483385954,14.828665,1.7598066,0.2171919244908451,-4.695642430658781,3.736214727092944,5131.5547
5516494860155901440,126.39587786383186,-47.051651931702146,14.831591,1.0694714,0.1183634203720113,-2.902222056733579,2.4063254090505537,7414.468
5516494653997273344,126.45893631374753,-47.0575327152902,14.833233,0.7295885,0.4990275456249354,-2.7076791897781325,4.928015378861641,8550.061
5516509359964972160,126.09008513604418,-47.04635150762643,14.835835,1.1746054,0.5957754681608777,1.0447029611573622,1.8645583799902052,5558.8154
5516508260453450368,126.25191402390652,-46.981585956319506,14.838449,1.2271214,0.603932203611989,-4.688195130552691,2.5179078042547753,5593.7256
5516500838750157696,126.46755607421886,-47.00583528582808,14.841945,0.92583656,0.8601748689785422,-6.1926630713568125,5.653458028986108,5928.0
5516505820912019456,126.18238409088372,-47.06777530483463,14.843713,0.98829556,1.2304221499937371,-5.011953646024764,-7.247243467149955,
5516399065203335552,126.17364805787284,-47.19181523397649,14.846468,1.7768774,0.21158390099348734,-3.8729290204501448,5.995871994855787,
5516497952532244352,126.62002500891053,-47.01322451503761,14.852459,1.0445662,0.5396999203366182,1.6351301737409971,4.74818085952536,5951.5435
5516496749941425920,126.60254441227602,-47.089985303295656,14.8572035,1.3984709,0.054817026323662574,-1.4898129234481734,2.1744439210516155,
5516515029321944064,126.37933152491445,-46.85906649386285,14.858551,1.2994385,1.951393655592264,7.574406037616046,2.9300540238560644,4753.911
5516508775849545344,126.29810705769239,-46.9494930659453,14.872889,1.1107521,1.1059449369275403,-9.987373205339463,-1.00516737483003,
5516495787868559360,126.38812962934666,-47.01100856891151,14.875066,0.93917084,0.7283450735718969,-6.760750332548175,9.49850792499793,5880.4893
5516498158690627840,126.55622905360511,-47.00674642553461,14.880697,1.0007763,1.0056888123223655,-3.9820227997557405,6.570528490109623,5753.0156
5516510596915501824,126.080671731046,-46.96615182350829,14.889058,0.670681,0.3267657544697561,-2.8063310725311794,4.668275652290748,9395.212
5516490599548205568,126.50317166343929,-47.121330356253864,14.909949,1.3014002,1.9152990249243924,-1.7714675461248817,10.305257814408982,
5516504961918943360,126.1723424255868,-47.13238526069595,14.910921,1.1034269,0.40894758510198204,-3.6626760911782643,6.610536760641604,6583.45
5516491252383195520,126.43385135437843,-47.135364266369365,14.916983,1.0111866,0.4022805038219147,-2.998192964510405,4.788608065640386,7579.7583
5516490874413621120,126.43137953137162,-47.13874524555227,14.92266,,0.32514113957143176,-4.87266162966636,6.9413605822111215,
5516506645545704192,126.17059592349655,-47.03575935374455,14.927413,0.67433834,0.4384010652569624,-3.852188139402854,4.61154126585233,9514.928
5516500770030715008,126.51381497591434,-47.00591704556965,14.940319,0.98323536,1.0506826367533253,-10.677538893121774,-1.104358932774963,5739.952
5516507676337979136,126.33137133917712,-46.995333921280704,14.949168,1.6075487,0.19090917058500573,-4.188554972619691,4.973618839652497,5338.443
5516506405027481472,126.10127509612347,-47.04669820732058,14.953345,1.6167545,0.23909510090179412,-4.067290596508367,5.470327583715266,5652.24
5516495272472475008,126.3536031162065,-47.04629197735428,14.954538,1.0578537,0.9692339001816495,-5.747599746661655,8.286140530986108,5731.8154
5516490565188475392,126.49961542349081,-47.14107426811447,14.957787,1.7050734,0.23885071339694555,-3.625977630545325,4.13505761670524,
5516508088654832256,126.34887422033087,-46.958559448225685,14.967632,1.2444534,0.4861107664357538,-2.9310140735054038,9.633735712721492,6408.396
5516494653997274624,126.45938232800526,-47.06281889911057,14.96786,0.99662876,0.269470337269229,-5.719561340897934,5.556241029457879,7174.668
5516489877993866880,126.39990538918876,-47.205644058656574,14.971961,2.206232,0.1485214414595356,-2.3736544096897827,3.4138039443521793,
5516506400719037824,126.09843803107442,-47.05220934490871,14.974978,0.9525833,0.6439824581994327,-5.557246096957456,9.211388585115852,6783.9165
5516508260453459840,126.255393352835,-46.992159590040664,14.985862,0.9482689,0.7217059441134495,-4.539290704112285,13.038200658896102,5966.536
5516502213139691776,126.5134244278631,-46.94085792464994,14.986381,0.9574795,0.8366787310831498,-4.153781449866849,7.515708775650924,5920.104
5516490668267847424,126.40974134152233,-47.18481145835889,14.98785,1.4823952,0.15461362942211357,-3.1883074506851368,4.727591048824523,
5516494585277770240,126.41380854989491,-47.07404443117981,14.993893,1.123208,0.17256865654058232,-2.5092201734101858,4.099801605048459,6861.467
5516496573833748864,126.56735399602168,-47.09097082855841,14.994494,1.5510445,0.329288184030844,-3.9871913058628645,7.44533468145504,
5516507126582148224,126.27646460202729,-47.044497781989875,15.004451,0.9854574,0.5077029623093103,-3.9400110394862944,4.082125871784902,6245.1924
5516493657565035264,126.24774708038193,-47.12199956096976,15.006621,1.0879774,1.1414627644130162,-9.007635720958405,-3.6420984786034247,5714.278
5516493966802483200,126.36734973571939,-47.145853355700844,15.018318,0.9354181,0.491405363761403,-6.031016707624055,4.805493866451979,6701.277
5516508054295068928,126.32137593653609,-46.957662668347616,15.024184,0.8905916,0.46381441821693964,-3.3661564668922033,3.6634910679821298,8644.501
5516501422865708160,126.50122246607975,-46.95659306182208,15.0549755,1.0612345,0.507300036186786,-1.1383504017828794,4.632667483609728,7281.2866
5516501212398851584,126.56525210629476,-46.968574501286376,15.0612755,1.0575447,0.42485839515848683,-6.07126368313202,5.21646623907937,5880.483
5516507435819759744,126.26479723272116,-47.011569539080874,15.0621605,0.91065025,0.7265863077382275,-2.8870667679563287,8.242673000723391,6087.017
5516508500971587840,126.21518973504378,-46.98891118446903,15.064745,1.5414038,0.1716992076648376,-3.095277362604096,4.419563956959548,
5516501388505998976,126.52783295570364,-46.9717807092047,15.065432,1.1016321,0.5618128340233327,2.553437801065468,-1.0214059815949126,5921.5083
5516490736987318144,126.39820124412384,-47.176430320659094,15.067179,0.9216757,0.6243808566139547,-2.4666652908241193,1.1263361334942328,6356.8887
5516415454798485120,126.05020129677199,-47.081660933433376,15.071083,1.050437,0.641235974482421,0.8590080404638982,-11.680697242216983,5811.321
5516509463044194176,126.11836920996952,-47.02212836102106,15.073446,0.92049885,0.9036212204320031,-2.9789265787004506,2.830471208606436,5808.1055
5516494447838785408,126.36983111335304,-47.076191123247504,15.076927,1.0918846,0.4348788127450633,-2.921715960415968,2.7937445178770326,6665.994
5516493107809216256,126.18411785780461,-47.17861838402982,15.079814,0.89489937,0.8169255461978007,-8.439117952823597,9.943532850332465,
5516515098041401344,126.34009280441175,-46.88295047752263,15.098019,1.5170212,1.365719757342303,-18.59881267365515,-1.9180055054687994,4482.032
5516495684789336192,126.37270848280238,-47.02213767201761,15.105169,0.93249893,0.6181392215031869,-8.245121944423918,10.967176174976453,6557.2524
5516514617005132288,126.41909682016147,-46.875684949383945,15.105585,0.93723774,0.2919692966501809,-4.080599168558424,2.840441873384629,9341.611
5516509939772347008,126.13097676617213,-46.979009329167205,15.109886,0.98209095,1.0260804690587215,-12.782745056487895,4.277148988982086,5236.796
5516502213139681152,126.50631891174393,-46.9305987309361,15.110503,1.5839586,-1.2226810628775215,-1.3408362036278163,5.6999113456521275,
5516489946713358336,126.45090575850159,-47.197417466488446,15.124302,1.6093969,0.18417664984753948,-0.7212988437940149,2.093098045716631,5583.1997
5516411159831225216,126.13529937761642,-47.14932038926443,15.12998,0.95377636,0.4676602653784727,-6.375377454812636,6.93060123020023,6119.87
5516490736987316224,126.39354972321632,-47.176035513957885,15.132839,1.0631552,0.807602208602419,-5.326686511162728,4.808140450786622,
5516494241680354560,126.34831810027438,-47.10512663178189,15.133771,0.8250885,0.4691438736340614,-4.3423969701055505,4.622093836595723,7451.7646
5516514960602491904,126.381484737521,-46.889952836668336,15.139683,2.0312243,0.2619541865096383,-4.005731274376941,3.9161580093359274,5333.747
5516509463044190848,126.10414707455266,-47.032391628483595,15.141632,2.2594976,0.049950992231663285,-1.4698875106846478,2.2108142283002667,
5516501109319531904,126.53954694947349,-46.99245300138737,15.147413,1.7409754,2.151617006513268,-6.505096712971612,7.328693265086845,4263.951
5515739633110155264,126.54191887706229,-47.170668040436496,15.154428,0.97684,0.5310618824619612,-6.846838788441184,9.04477660427995,7048.897
5516498261769845504,126.5686096178723,-46.994390926171185,15.154968,0.86411667,0.6431558621215099,-4.272592691413618,3.6541378854558495,6631.203
5516491595980582784,126.46023436089239,-47.10823172811342,15.15687,0.9613819,0.8149885359351284,-6.0775209154802345,2.888509473040879,5712.5527
5516505992710730880,126.22924126281127,-47.0341343126808,15.157987,1.0408869,0.7070709004157592,0.7571957404514418,-1.196714134555838,5777.9917
5516497810784505728,126.58203917498199,-47.03406454947312,15.159323,0.9337158,0.20448246659149819,-3.491827368507417,2.8061804539620625,10042.141
5516488881561434368,126.30861926018981,-47.240079449958316,15.1646595,1.1041718,0.8812836876725738,-9.498839170362501,1.702534776429284,5170.2124
5516490496469011456,126.50862760716431,-47.15252378716997,15.16936,0.8327818,0.5313543014817527,-5.226213612335599,5.283644635234554,7469.1875
5516489809274397952,126.4101213472125,-47.221936001914486,15.170777,1.0549021,1.1045414417602568,6.96885630356057,-9.059793940909419,5488.7188
5516512310594796672,126.28349959458465,-46.86015887684879,15.173445,1.0877581,0.6311694033550536,-3.3570845454305296,2.9701810249368275,8276.213
5516509600483103360,126.05750469387453,-47.029457889064396,15.1735735,0.7816267,0.3932925293798157,-1.32549399003902,1.6246781009136577,8958.587
5516492901650788096,126.18556240873018,-47.19522879061619,15.178515,1.0126152,0.5442698650951668,-3.9810930465066,10.143054502741817,5757.6353
5516490393389785728,126.48956655491297,-47.161827519291684,15.179018,1.2988892,1.7222557599538275,-14.573679715652768,11.57599368216648,4662.0273
5516489328238030080,126.31190084676972,-47.21108397930358,15.181075,2.3717442,0.27180347130651167,-2.8841008241218975,4.351007964164933,6842.745
5516506886063864960,126.17008161910752,-47.024387633379206,15.182101,1.718483,0.25526373719156265,-3.2016540444931567,2.648096497792369,4641.7095
5516494035521943936,126.3586591754874,-47.128653978177766,15.188362,1.109415,1.2786298756562344,-2.7204624427577766,2.379489651768276,4862.5586
5516493657565032960,126.2374864756337,-47.125897581248864,15.19068,1.052372,0.6555063008213855,-8.485191756902665,5.511662973953702,5518.7153
5516490874426079872,126.43313611921316,-47.15098066867647,15.191498,1.5375175,0.28539203275081776,-4.892559472842678,3.570470911123576,5414.56
5516509531763651200,126.09679469222559,-47.017065154009735,15.195129,1.0987139,0.3373880723367926,-4.9173444473226935,5.141507080006546,6503.442
5516490530828754944,126.52781901980114,-47.137629715119374,15.195843,1.0766277,0.9626056990781839,-10.063364581202467,10.413584309033237,6000.152
5516508775849538560,126.29069459918396,-46.94888700550321,15.196624,1.9907284,0.13152047280027288,-1.9968649709785393,3.953127758283154,
5516493348327380096,126.20628786105165,-47.120405927496016,15.198671,1.0559902,0.46711315193975367,-5.156445668291216,6.0993858165609165,7064.8076
5516491321102696320,126.47705747382169,-47.126098401688395,15.198994,0.97879696,,,,
5516508329172913664,126.24377234417956,-46.97395623370812,15.20902,0.79124165,0.19488491870430746,-2.606288891864944,4.948632317854876,9226.103
5516493176528685824,126.16791589527341,-47.153788924326115,15.210545,0.99899864,0.955563003991303,-1.4441665741361804,0.7047783457094265,5253.794
5516495341191928832,126.31101006629616,-47.068381891164606,15.214619,0.81525517,0.278105533856747,-3.9138186779020447,4.09335206118195,9574.614
5516492042657341824,126.22460628982951,-47.21120520945643,15.226433,1.0363197,0.8462969094613574,-10.923443917281894,2.8287694708852853,5411.354
5516507057849064064,126.17491715326288,-46.98751654354265,15.227575,0.9837198,0.708110750626126,-8.505175364303462,11.727314211080062,5711.7188
5516505271156580736,126.13212959501206,-47.113981733574356,15.228735,1.4858503,0.47077105274404973,-4.64215965948987,10.927860358703581,4912.16
5516509394324691328,126.07140559351315,-47.041924547454585,15.234839,1.1090803,0.5289642533742782,-5.75354192064272,5.060419383145929,5797.246
5516511696427230336,126.23888933314441,-46.91648134454832,15.239306,1.7718601,3.518514446536668,-36.701710593581296,40.6522969120649,4244.8906
5516511730786955904,126.21703034710913,-46.92570481336397,15.242948,1.1721697,0.39858524860897077,-3.830389233541372,5.943718713040546,6686.589
5516512383621981568,126.25340299358236,-46.86881349162986,15.256508,0.99126434,0.3221620325685659,-2.7685490606656353,3.8299461686430867,8215.121
5516506782984680064,126.20400694677792,-47.01947476613906,15.257457,0.8822279,0.1725631637675075,-2.751619048851145,2.7834829140246238,9270.049
5516490874413658752,126.43014454457074,-47.15557113165378,15.259364,1.5518913,0.29469346222431114,-1.946641096584135,3.132764724068456,6003.2095
5516508191734031744,126.3559814524585,-46.923923253316715,15.260821,0.98505306,0.895761291304419,-11.46504518383344,9.156914514101182,5250.0864
5516491664700043392,126.44658713696339,-47.092625444845694,15.280363,1.6115532,0.2156132242881658,-2.78532951942948,2.6444227744671664,5464.5938
5516507294071859968,126.3153902892418,-47.02025881519669,15.288214,0.9963026,0.19688033074754324,-2.5181025825815846,5.668028118396,7288.4214
5516509291245578496,126.30161285284676,-46.87851287104556,15.300438,1.3779612,0.45288428672858466,-1.2624978692790847,0.26991691811838203,6538.9697
5516492558053424512,126.28112473087204,-47.171848156746265,15.301244,1.0144234,0.6232952598805309,-4.376330206070377,7.253610808851213,5621.009
5516412323755075712,126.0645206363462,-47.11330060299887,15.305949,1.0369005,0.7386784093341812,-4.084378148664748,7.150884122733764,5753.1514
5516490977505476352,126.3752399081059,-47.15852499407238,15.308096,1.0358133,0.07554149870992136,-4.581575946946161,4.536462798989124,7469.5405
5516493829363435008,126.28356494102499,-47.09519665190089,15.30996,0.76342106,0.3607985665713319,-4.384641343503214,6.175315673776678,9278.867
5516497368416673280,126.54291764326302,-47.08347832555289,15.313398,1.8071461,0.15456305883096777,-4.090163815161635,3.3878722882001933,5834.1406
5516492970370272256,126.2270844894233,-47.175019671645124,15.318147,1.0022955,0.7662112407385412,4.945375277958014,8.68476633148141,5331.508
5516491046224746624,126.40405833455661,-47.14192115446177,15.321425,1.2108974,1.4343644962068733,-4.027110849883938,2.237605346859982,6055.8726
5516495925307485952,126.352668696047,-47.017100991334814,15.322176,1.7635584,0.06503986685678873,-2.1966229138341538,4.308633271610994,
5516489877993871872,126.40534237592888,-47.21904515641186,15.325119,1.2119036,1.560244187536624,-6.250425712304091,4.47064053301172,4901.046
5516509256885836800,126.29597575274597,-46.88346841826325,15.32946,1.8852587,0.19409684401726496,-2.6677511495817736,5.552814791483245,5139.299
5516507195301613440,126.26458944794088,-47.044366594156905,15.336403,1.628891,0.25748779354277895,-5.708864087818759,4.7884400234571105,5266.0923
5516493795003685888,126.2682383405146,-47.09414908268306,15.340631,1.041379,0.5279929577676012,-5.51198868799898,7.676986275161806,5887.415
5516506645545699968,126.16434179725752,-47.037524302182675,15.344942,1.7199926,0.20628842354772234,-2.674426511849551,3.1114927431005084,
5516491351153474048,126.49457157351338,-47.108047246275596,15.348234,1.086504,0.9917813678116407,-7.326281950412924,-8.091260897405977,5067.2876
5516493623205017728,126.29327452249245,-47.10225163736901,15.350981,1.0847998,0.9250103024932425,-4.7257420062285425,10.922521796332036,5552.1025
5516502041340954496,126.44869616530208,-46.94736506470228,15.351328,1.9453878,0.23842332686714596,-3.6925581949653377,4.693645626240764,5047.107
5516507882496414464,126.3562139523486,-46.96773534024625,15.352394,1.0470247,0.5950215310712361,-8.006541838094385,10.325224159716367,5336.5034
5516501182347571584,126.52635602533854,-46.98032664718598,15.356403,1.7322321,0.272745951034945,-3.841013390150291,5.868487019707899,5068.3423
5516494447838782208,126.36272052072806,-47.08053359680053,15.357146,1.5245361,0.289548901724044,-1.1159199512430933,1.3730352877253766,5399.173
5516508157374281088,126.33201051641741,-46.93884737637851,15.359715,2.0451899,0.18644605928918193,-1.630010587975553,2.4757844990177906,5908.808
5516512486701203840,126.26541139097547,-46.863221416929456,15.361521,2.1036978,0.09884377754335805,-1.9998196490995794,2.642932255090467,
5516496475063475584,126.5277913566652,-47.10376878015879,15.363162,0.9070301,0.5970783147385681,-6.070803301465441,3.7617997314469216,6479.1523
5516511627707723648,126.19650549310929,-46.92840483920851,15.370435,1.3659172,0.25446479721820503,-2.8329895040638005,6.454659978416986,6655.9565
5516494207320608768,126.32729784397284,-47.1227279540172,15.373103,1.004859,0.6319939761420272,-0.9109214128352274,4.8260091560613585,5389.8174
5516497918172498688,126.59290275434721,-47.03257746114091,15.374972,1.3808727,1.7990626444387106,4.728304968095505,16.49420127170273,4645.985
5516508569691040640,126.2056598846009,-46.96684065612923,15.375417,0.68480396,0.21401833025007738,-3.140625313723235,5.180068033304905,9482.534
5516515201120601344,126.33786945390241,-46.86218041710335,15.3759985,0.98897743,0.5576472612969374,-2.0465498535379787,0.7779931029130918,5954.171
5516494791436430464,126.41867227341453,-47.06029434811547,15.381411,1.546071,0.5839818314850869,1.6461742785249638,1.3213772301660358,4983.7886
5516505026329321088,126.16492942844762,-47.11793880888421,15.381898,0.92594624,0.836766905539028,-1.930966969392368,1.9367048932518793,5588.655
5516506027070822016,126.12861105272535,-47.09618026019044,15.381995,0.9808712,0.3370787977580339,-2.673450821281711,2.7120631113380704,8478.657
5516495753508846720,126.41553712792869,-47.01858537160554,15.383539,1.2405224,0.49981120788021927,-2.8668934312311305,4.770966889771281,5706.4155
5516491973937875968,126.2834746030025,-47.198703882324665,15.390208,2.1459093,0.10213433449324018,-2.299973535059793,3.921477443005685,5910.8257
5516514857523266944,126.37271213277604,-46.889840498809505,15.39839,1.7569113,0.34391733087025633,-2.8345865230766463,3.781041526508367,5139.719
5516494310399816960,126.3322367984445,-47.10425259908726,15.401139,0.8976917,0.29244044352133064,-3.5573718499857723,5.7367254403544035,7441.892
5516490565188467328,126.49118741809863,-47.13825015684582,15.401249,1.2992725,1.728117614710742,-13.457121218105602,11.054653375997257,4621.3887
5516515166760861568,126.32987716339632,-46.87090911480509,15.402154,1.0370712,0.5754748146639954,-6.096084689974375,7.952191901932974,5997.1187
5516507641978197760,126.29653828229804,-46.978301026510685,15.403269,0.7684336,0.13253737670093263,-2.207068651085747,3.0121584460936397,
5516490255950867456,126.53500076093675,-47.16871777757153,15.404026,0.9868612,0.3153908601305439,-2.343891761365809,3.5179375663736225,8433.359
5516497024819301888,126.57251597026128,-47.063329516299085,15.405885,2.1045113,0.07035501252229051,-2.70772514618152,2.082437040551535,
5516506645545713280,126.17578063831056,-47.03969169853904,15.41019,1.8764744,0.15124052051413558,-3.0361141698894927,3.0090516308197754,5414.8516
5516506606877508224,126.19567751773342,-47.03904637794189,15.416853,1.0183735,0.7158501042956132,-4.51847431980907,-1.6574535622941295,5661.327
5516506542466446464,126.12976954362439,-47.02260830726181,15.419228,0.9443102,0.4888611208457367,-3.9986572684338455,3.510613042835515,7270.9253
5516505717832852608,126.25410357078717,-47.042599362301786,15.424675,0.81927013,0.28946944027067373,-2.0720377572803734,3.093854768413457,8437.518
5516505271156579328,126.13087385909664,-47.1080833895659,15.434091,1.7025194,0.32490147325110125,-2.964201566376264,-0.6048034683844552,5040.193
5516497368416668416,126.53811304024939,-47.079129475711895,15.436145,1.185996,0.2611631689179425,-3.911415301131684,4.228997765618474,6872.6143
5516514582645409792,126.44120686275315,-46.87458245334938,15.437243,1.4498844,1.4202305499111891,0.19202239307036717,1.2646592967241386,4615.851
5516506679905448192,126.17951682417133,-47.02976475844055,15.438516,1.1089764,1.1038472128690935,-10.681172185984098,10.69550812708858,5303.4253
5516506817331042304,126.2040686047028,-47.00209499872446,15.444877,1.6752834,0.30962344692855215,-2.043746845087017,3.454799364261948,
5516496440703758592,126.55274296568169,-47.1117253900579,15.445116,0.9327936,0.4678934719917359,-4.758953425539462,7.220305278808718,6916.8613
5516492381945493632,126.30899136937538,-47.168693619280454,15.448315,2.0108032,3.744079884943794,-6.51669358200221,23.373492991524884,
5516506198869121152,126.16684550448045,-47.062977551953146,15.453845,1.18011,0.2907117466776351,-5.904461700717705,7.0981976266122775,
5516495787868560896,126.39634190664995,-47.00257283745218,15.455169,1.2118168,0.33307931883428527,-3.028688620017014,2.8781832438980204,6920.6675
5516490290310592384,126.51672527672783,-47.16754945863358,15.45854,1.1092596,0.6930320722965242,-5.225992165749586,3.0331958381876523,5788.1606
5516504961918945408,126.17168713277496,-47.14447913221285,15.461507,2.013358,0.12326236203430652,-2.9421523140004426,4.695684873771782,
5516512761579050240,126.18687422517013,-46.878764597425345,15.462863,1.1134777,0.4388495832666345,-4.331072289518867,6.8836208137774415,
5516496509423225728,126.54553077256156,-47.099612387644655,15.467829,1.2069168,1.6311427941995749,5.193012550974908,-3.5774577177068636,4856.5854
5516510665635492224,126.08490159247381,-46.94954893911187,15.468761,1.0262575,0.5325034176978315,-3.201804127796871,5.968552960982704,
5516496784301161472,126.60614238947804,-47.077680147448305,15.468811,1.0696583,0.2994500695655095,-3.63215189096262,4.1520690808118115,7490.7417
5516500838750157824,126.4606668343043,-47.015843486958154,15.470108,1.1652069,0.46536620770576526,-7.25126770942611,13.925035935635455,6375.992
5516492729852117760,126.31556920852263,-47.13439979231263,15.470398,0.9512806,0.6673882374496867,-2.5609182699593,4.452310047286629,6145.9834
5516505786552297088,126.2088898537959,-47.056917571713626,15.47218,1.8167305,0.11023266083348744,-2.5343819394585543,3.9084423584674415,
5516492145736560384,126.24374159497178,-47.19826322508651,15.475028,1.0300198,1.07485688492183,-10.592734771152207,10.541848652488778,5004.452
5516490530828750848,126.5156733211127,-47.14396366937785,15.476165,1.5238533,0.48027664859519686,-6.619913702071684,10.777109287615048,5220.9395
5516507710697729536,126.34652721943509,-46.99475633515932,15.478641,1.042963,0.44593283915169174,-3.733793142874853,4.415431823179984,8049.4155
5516508500971577984,126.21228775148354,-46.979755165309655,15.483285,1.2678242,1.2465648171552675,4.384585179162045,-20.2241485705529,
5516489152130028288,126.38825818292028,-47.208238496806416,15.487677,1.1029291,1.1332433466171365,-7.649435295611633,1.7850160980758059,5437.3564
5516510390757096448,126.1442186011628,-46.93043233373847,15.496625,0.5774622,0.2204883342240146,-4.279354202408944,5.229193838889697,9532.72
5516491046224756992,126.41441543481338,-47.14633457611882,15.496763,1.2505684,0.36743355839585445,-3.397124219428946,4.391256709226695,6627.167
5516505064998162688,126.19920956838281,-47.123431828704824,15.497979,0.7388859,0.1896864213099929,-3.7869835601253943,5.490099374045271,9320.742
5516502591096784768,126.49952719314061,-46.90530050618994,15.508294,2.1244774,0.13878385848121635,-1.6611020946690633,2.1607919538950235,
5516508191734036736,126.35914808446888,-46.926564929442016,15.509385,1.1934471,0.38284572642902626,-4.802333958188683,6.9794081571841655,6064.456
5516490462109253376,126.47851659567186,-47.15698981177555,15.513483,1.077774,0.366288969225845,-2.4625784296175834,3.48306639154371,7802.0815
5516412190623359360,126.10336129116376,-47.112731549067,15.514676,1.5755339,0.21339965020207607,-0.29936914294025796,2.3624685960759404,
5516501422865715072,126.49830119973994,-46.97199636290784,15.519041,1.6536531,0.1932445773569331,-2.3312142401795906,3.97171641142537,5822.878
5516490255950867072,126.54355240485077,-47.15558785331786,15.520585,1.1282053,1.0569254162890378,-5.4002555661820395,6.562632069792585,5146.767
5516509875361073408,126.14934801681979,-47.00224652291748,15.521488,1.0071344,0.6793325697898142,-4.580386835719443,4.716676101392352,5885.576
5516497059179052288,126.59442997350273,-47.05898274840628,15.526416,0.971941,0.5681662628400024,-4.286576420823793,5.843815319133709,6470.5786
5516491321102697984,126.48078195143015,-47.124588388689745,15.527718,1.0356646,0.5536261562893944,-6.935712259853425,10.198524077947333,5203.5674
5516508054295060352,126.31943418255119,-46.94909935170767,15.530016,1.2474251,0.5930102809660664,3.353282233510878,0.08352837796516305,5083.906
5516501766463067776,126.4575716256052,-46.9721585765893,15.531146,1.1494541,1.020176345239659,-4.153398701838333,2.5277486307184,5679.5566
5516507641978188928,126.28765236426624,-46.978103147437146,15.533098,1.0710373,0.8123805574348303,5.115181824000939,-7.4346378420028545,5623.685
5516493898082897792,126.27642528942505,-47.077961469175804,15.535248,0.9777508,0.4684619027232453,-4.636655973940949,5.600013501427476,7046.0728
5516514376486990592,126.45588747518953,-46.87229609508085,15.537666,1.0296774,0.5194911908356141,-5.988043672628045,7.184253115391714,6045.7183
5516492077017076992,126.20694050706783,-47.21304247230436,15.538688,1.3688202,0.1911950203933254,-4.02752988982493,1.1325599655072933,4750.457
5516494447838783232,126.37079402157187,-47.07028363107192,15.548638,1.2546692,1.257802160177542,0.20011109358586987,8.491586476938302,4922.037
5516506679905450624,126.17951555688308,-47.03296345073936,15.549411,1.6251564,0.27770877709837277,-3.092984454108837,2.4505211681922785,5183.4556
5516509703562317696,126.07296914854439,-47.00603566395119,15.552628,1.1281614,0.869455576155595,-7.684884666729575,8.9741789132051,5068.1445
5516509291245590016,126.31160841368852,-46.881787151349506,15.553647,1.1318893,0.1140692344932811,-2.965989438106186,4.237001787131527,9502.639
5516511902585598208,126.17587954095657,-46.905520965458244,15.557505,1.4066496,2.0097305402989223,-6.991766707957138,23.751982516530816,
5516492214456032256,126.24024143305647,-47.17912622852555,15.558068,1.2577934,1.429145592705439,-1.8784515506289345,-2.7173777971144597,4796.547
5516509703562311936,126.0653137740173,-47.00361349487868,15.558533,0.9704771,0.4960310262691278,-4.636179671410321,4.918590444922043,7005.628
5516506817344406144,126.20361706351694,-47.002233975188624,15.559663,,0.03322846026059724,-2.146057263684797,3.3117892001071594,
5516507053554288640,126.18651435110723,-46.98728767118448,15.560307,1.9463711,2.1321183823257464,-6.364220834886108,7.277515383611551,4040.2688
5516511936945365248,126.20851607661136,-46.906526239581964,15.560973,1.714261,0.13332919808748692,-2.443626218870628,3.8091360668329672,5201.097
5516501182347573760,126.52794189574841,-46.98241498119465,15.564992,0.7442055,0.19330880035817138,-2.5102783018917965,2.497196573118182,
5516411056752012416,126.1319192555907,-47.16670451374862,15.566913,1.040082,0.6397329313254487,-8.068769462010511,5.371229732261542,5685.911
5516509325605223040,126.07735461365695,-47.04876149925915,15.569954,1.0495605,0.3804353784082847,-7.8199352986637205,8.106715770040113,7310.786
5516508638410550400,126.2527760819537,-46.94818365916929,15.575328,1.0100756,0.58168792107312,-4.929734249919777,5.358293612969698,5783.717
5516490530816522240,126.5139638072456,-47.144288197375566,15.577875,2.053831,0.08757140601328468,-2.234430397205289,3.1091796030550682,
5516515063668563200,126.3880754176865,-46.852230014158984,15.582302,1.1418915,0.2939114550806563,-3.6215653561704313,3.333693878747714,7559.786
5516496612502437760,126.5554379707106,-47.081048871705704,15.582371,0.75200653,0.2608424159583783,-3.474208224440656,6.810860215380952,
5516497815093287040,126.58977700551273,-47.04356744074393,15.5849695,1.7525139,0.22878438218201044,-3.87281541092822,3.1743591363063466,5159.157
5516490496469004032,126.49805036942277,-47.155806411462,15.586775,1.2470264,0.42327440097758756,-7.1646797689208395,5.249975594432384,6336.805
5516515098041390848,126.32803202482607,-46.88236770420489,15.588321,1.2667894,0.4758622978792625,-1.7510190266735624,2.7236994388571327,7030.393
5516505511674436736,126.23196594188069,-47.09455778721851,15.590078,0.96683884,0.8199447012275146,-7.442516095057869,2.1325323516439596,5645.4707
5516502591096777856,126.49050395505748,-46.90508360272755,15.590473,1.0849285,0.5992110626526496,-2.803502780632849,4.124925954495775,5378.7036
5516399305721497856,126.14474434171477,-47.18659644865477,15.591901,0.9735241,0.6409512806438259,-4.079035875370785,6.941524486821958,5460.4043
5516498193050560768,126.57150273942891,-46.99937862817762,15.59286,1.1921129,0.5113050806353737,-3.1598694533460487,-2.7825165517546293,5965.0654
5516490049792377600,126.4481785540812,-47.16911002816677,15.598968,2.0463047,0.10942100520666809,-1.9120153387000687,2.6059900081455964,
5516493691924774272,126.25520950161263,-47.117015813779645,15.6006,1.7781448,0.2036975494387421,-3.065847289523917,3.4052908657290635,5146.3516
5516489392648204416,126.35078676408885,-47.20181753603803,15.602481,1.1112518,0.4167313549707199,0.2726856435698095,1.0361066546594646,5828.308
5516505507365752192,126.2294541954765,-47.08179697792237,15.603475,2.0747385,0.09190272928911412,-1.4704214261207285,2.5487648793542332,5284.7256
5516490565188466816,126.49632700425438,-47.13006033542497,15.6062765,0.94368553,0.5455538304574807,-1.921395429741247,-0.015291728933231538,6077.374
5516494069881697280,126.38575302372686,-47.11850595429512,15.606452,1.1435051,0.38214525745392147,-7.159844097332649,8.22567285148603,7316.869
5516490496469000320,126.49889336719141,-47.14756719445113,15.607855,1.8640795,0.18927923747820177,-1.754034652613638,4.0753228303178055,5824.569
5516411365989647104,126.12326585047263,-47.128681044767085,15.608066,1.322772,0.3656511606513883,-3.402526837398801,2.153093959641882,6425.2944
5516497024819304192,126.57296837512604,-47.066506008968496,15.608893,1.7744207,0.1262254461446154,-1.905898601895238,4.373192612836609,
5516501079268377728,126.54032845968281,-47.00397032233514,15.609771,1.8666334,2.800108507783122,-42.3673792013831,18.994890444847048,
5516488361863015424,126.37631025550296,-47.22840345026046,15.61479,1.121213,1.0247406691521725,-2.1065348937597115,1.5651222129635964,5495.7437
5516494924566472704,126.43717377242588,-47.04045830327192,15.614986,1.6292915,0.25807062055064384,-4.541931541739852,6.833669163566576,
5516493142168955008,126.19836431402143,-47.15968949694483,15.619501,0.9492359,0.67389862398975,-4.540600864983003,4.976877989421789,6116.189
5516509909720804096,126.15166396887797,-46.98978797002101,15.622407,1.2950411,1.527416448058641,0.07777733903976625,-11.182389967801816,4779.4355
5516493623205012224,126.29616780613306,-47.09258567110405,15.62394,0.9678812,0.4660868686551452,-7.498148866529688,5.267981596289838,7143.1216
5516495650429600256,126.35967118666017,-47.04346913545672,15.628449,1.934866,1.924399422026469,-5.7970465583290185,6.831983421223303,3686.8596
5516490771347067904,126.42361751197112,-47.18453948729125,15.629096,1.1096706,0.5222964957906743,-6.066728099412479,7.7726237454340605,5980.9917
5516511662067484672,126.22909831073414,-46.91738554771891,15.629386,1.8745661,0.0921546860347971,-1.859289599613232,2.6834679281326466,5451.084
5516492283175524736,126.29090645170652,-47.20393813869773,15.629754,0.97722626,0.6445842042465977,-4.5352125099642215,7.282409254015756,5921.118
5516492832931317376,126.20412260182226,-47.20106109009139,15.632615,1.9846563,0.15051352624375244,-5.3263005044267215,5.824371450517527,
5516494374810526848,126.37968805967752,-47.07952374551281,15.632797,1.4754705,0.2198862604862721,-0.7795184459692504,5.7621278181881115,
5516506164509777024,126.14879266825373,-47.08452595569891,15.63298,1.0620899,0.6091668595371003,-8.58414404818497,14.110979111792176,5295.4277
5516514239048001152,126.40144768420214,-46.88556777413945,15.633281,1.0702124,0.5674996503336054,-3.1773651366595272,2.927343251250699,5857.382
5516497643294549120,126.52201792328236,-47.04943852896162,15.644478,1.1454306,0.3460134521910605,-3.961112221499161,5.491974719326947,7756.7944
5516415523517957632,126.0483462225705,-47.06363747378538,15.644533,1.1602554,0.3441233602913852,-4.341088020080056,3.480126423456156,6013.154
5516493073449484160,126.2338350515481,-47.15142514186095,15.648223,1.2948732,0.5371075125017305,-3.3341639995758965,-1.209409969616849,5033.355
5516511902585607680,126.18486524592264,-46.90790767350755,15.659186,1.7398958,0.16974099490754377,-1.8858466488705568,2.642651470917463,4773.014
5516496612502440576,126.55222293618115,-47.08980807767164,15.661084,1.0374393,,,,
5516411091111750912,126.13824184769054,-47.15929236523004,15.663524,0.97558594,0.6826608874521215,1.3778927345630994,-3.0132231679955463,5876.4297
5516506576826253312,126.18751955117611,-47.04715472655777,15.666662,0.9353485,0.5418904932545899,-4.557336785024287,5.494321080401369,6520.39
5516501113628113280,126.54340973853232,-46.99716773648532,15.670499,1.1678581,1.130203072111134,-7.130561250383604,4.9246005744288475,4942.187
5516511902585601152,126.17910231693533,-46.90757728968649,15.674198,1.0116091,0.40167930830823917,-5.210194575537357,7.2041194896306715,6784.032
5516505889631529216,126.23261020475678,-47.050135937426845,15.678569,1.8142033,0.17156612762988635,-2.9657152774611575,4.003966963737517,5665.4
5516489465676983808,126.33352545567772,-47.18160320113549,15.679227,1.0035124,0.4750786920814303,-5.325742204593391,2.468033842060099,6959.9795
5516507332744556800,126.29478141847328,-47.022557200910946,15.679809,1.0078821,0.7265601105893387,-11.628669106405775,15.952187996098,5203.3506
5516502488017566080,126.4879299780899,-46.91489149378203,15.680964,1.0336847,0.895345409512082,-3.191136600342165,3.194017946453225,5541.162
5516511799506393088,126.17344795597815,-46.9245534230641,15.68741,0.83773327,0.281913569923046,-4.908614791075696,5.831055768679944,7993.9287
5516412156263617792,126.08547985272439,-47.12328873052156,15.689091,1.0843534,0.42542377844534074,-2.5991738188145064,3.189509906624684,6876.1353
5516508672770298240,126.26996258296359,-46.93855796096182,15.692313,1.1642323,0.4373746031322679,-4.0112881072101665,4.082402012562974,7588.6016
5516510390757101696,126.14902217672372,-46.92949026263635,15.69916,1.0038967,0.6616598857454921,-1.5032858283544903,-0.5224112180758493,5786.277
5516506920423586176,126.1573907260258,-47.012094917897244,15.700568,1.1753893,1.1353375362935092,-7.5350398760108055,8.676139215016054,4998.645
5516495066314046720,126.33327737888537,-47.07897665284908,15.700629,1.735364,0.1200101697700283,-1.6938883058509053,3.1410978840939077,5234.606
5516492867291055616,126.21520318716911,-47.18474038055287,15.703416,1.0084686,0.7711194288675592,-2.5088102503045557,8.278774900347479,5125.929
5516505820912011520,126.1788729648589,-47.06299271846664,15.708599,2.1152945,0.08011722400196708,-1.682174069535479,2.7921201826756263,4801.11
5516507882496413312,126.35227857055162,-46.97278482606201,15.711053,1.1344423,,,,
5516512173155742464,126.26223437000577,-46.883826494902706,15.7125,1.2172251,0.5412902495570975,0.0613069355197744,4.954086051235011,5607.826
5516499494411853696,126.61346967498343,-46.985661586128785,15.712939,1.1828146,0.37240777779559964,-3.8069111567941203,9.001241873652468,6148.582
5516511215390794496,126.12658037377874,-46.906944315615306,15.713673,0.7669687,0.209921518518627,-3.6349306830851766,4.6033284052068515,9652.603
5516490496469001344,126.50372710520043,-47.14278633087074,15.714464,1.2134657,0.4512468983878449,-4.732222810321375,4.864389259355725,6726.3916
5516495272472468736,126.34433340436641,-47.048994568154455,15.717421,1.0648422,0.8426395035586834,-10.267994701879683,-4.273735910506722,5649.089
5516514376474135168,126.4629876105974,-46.87301676059573,15.719614,1.1613712,0.3898970765006806,-6.280523625876963,10.73498562880325,5542.5645
5516491385513209984,126.48171467827264,-47.108841328845585,15.723198,1.5304031,0.3467692546505483,3.4944586235788098,3.628830465531491,5280.005
5516492145736559616,126.24890069025895,-47.187708347512974,15.731196,1.0676117,0.6228248997013602,-0.34988593442458776,1.3134079803906282,5320.6426
5516489774914669824,126.47091907905947,-47.18809562962935,15.733793,1.0950842,0.5114701280248564,-4.604627891926304,7.846342297063984,6444.848
5516509669202568064,126.05029335246422,-47.0134694741,15.73533,1.4964647,0.10597700560026958,-1.8052298728405403,-0.5224958483491229,
5516490840066337536,126.41748516017269,-47.1664652717332,15.737879,1.1938992,0.23004850052178522,-3.3935037117055247,3.592141484992397,7444.184
5516492867291056512,126.21711625500872,-47.18753495145953,15.738174,1.1756296,0.2738242103279155,-2.672906081172097,3.834419094883726,6456.733
5516495822228309248,126.40846978870138,-47.00335914778649,15.738388,1.2927475,0.32780996500327686,-4.60266667125514,5.8190110403484425,
5516512761579050368,126.18950589046449,-46.87518343268224,15.739297,1.5182753,0.910466501382487,0.16248661646463836,7.820657780182192,4870.996
5516501903901996672,126.4205816336834,-46.98077412143306,15.739926,1.1405697,0.994340400704659,-0.3444603072536667,-16.03182420077079,5108.3716
5516496028386721792,126.40011505599598,-46.986059658256224,15.740625,2.1830263,3.6710377057165204,-41.03820332243812,15.81740158441507,3779.7424
5516507951215854464,126.3136639017979,-46.9694729905058,15.743057,1.2090902,0.41899802846890044,-1.9163012304009315,5.85209124132411,6683.7593
5516492454974219648,126.34226084658077,-47.16051926630768,15.744355,1.8204279,0.12499496993768819,-1.7949853919252234,2.7934170224870023,6581.7334
5516495306832178432,126.2933082183539,-47.06815016824881,15.750454,2.1451883,0.11029669093096252,-2.0609336316466673,2.824665413897174,5129.3296
5516508672770301952,126.2693433857123,-46.94391093128087,15.753272,0.867012,0.31587127312445995,-3.83007913097054,5.481690763874825,8923.036
5516508638414591104,126.23961412622992,-46.95109606701605,15.756041,1.1631241,0.7473380537117245,-6.130571021815168,7.68405543238323,
5516506233228838656,126.1477166496232,-47.05953140834518,15.759839,1.4886236,0.4166483934350806,-0.2562561577702417,1.5882860808127743,5222.143
5516494207320613760,126.3353595991264,-47.1190668003807,15.766106,1.2324648,0.5197734207150226,-8.387498962607115,4.030114871898975,5872.708
5516494825795910144,126.3858541711163,-47.05887071798943,15.766572,0.96137047,0.5829425754126578,-0.7845521533429287,3.1995498362428285,5801.5376
5516511902585597952,126.18577026449124,-46.89162439720097,15.7668295,0.9977083,0.4083063858540599,-4.730760714792025,5.0953805540488855,7153.497
5516502213139686912,126.51089796506092,-46.93555986388013,15.767525,1.0537653,0.7796936872256512,-4.237151844612379,7.50675053787362,5130.974
5516491664700041984,126.45273170680215,-47.081839352492445,15.768981,1.5553617,1.8692638875830696,-7.978224965984144,9.022391232747745,4514.1978
5516509737922069504,126.08941048872647,-47.00848009869272,15.772245,0.99175644,0.33412496590803437,-4.3777554319244665,4.531319076974819,7031.74
5516502419298107392,126.52503764406775,-46.896924047941766,15.77291,1.2638702,0.35057029444733734,-2.13249306398467,5.4791802067388735,6871.388
5516490736987320192,126.40315369050506,-47.18090741078194,15.774365,0.8068638,0.21856009749420474,-3.7110770554055756,5.520433005415491,9462.44
5516493760643925504,126.23982518903412,-47.099868763928995,15.779112,1.7512751,0.1323653177827309,-2.2235277201665613,3.760925779189252,5695.2773
5516507160941900032,126.29250689234914,-47.04392465452996,15.782593,1.3109016,1.2169248096942764,-8.171921199328963,-5.612898255627467,4803.343
5516509669202568448,126.04622769889143,-47.02063213632509,15.782724,1.8193865,0.1715696406155825,-2.505189311664432,4.578387424421895,5577.6455
5516399065193915776,126.17416708205963,-47.19301901667967,15.782969,1.2295151,1.1697255780757285,-6.935778661637501,5.739818303916735,4938.645
5516497402776414592,126.55878931213863,-47.067750117045456,15.786285,1.317483,0.7975145051730987,-3.390646545572481,7.903929275775823,4802.0483
5516490015432826112,126.4318065497982,-47.187578774234105,15.788964,1.0078411,0.6806590069790595,-3.831032404240769,1.5808735341792075,5757.0186
5516494619637531520,126.43845877316105,-47.0789890336174,15.792717,1.996026,0.15256696407038556,-2.4213028165900914,2.974390499306587,5236.7935
5516512761565380096,126.18986982116891,-46.87559753034076,15.7928505,1.4230928,0.022584577684195677,-1.3656406490564406,2.1832849412949047,
5516506782984677888,126.20357089148742,-47.016121257384526,15.795706,1.0884295,0.8378068234976538,-1.8009217441657426,8.555224312066251,5349.227
5516490840066332672,126.41685028673264,-47.15439246299531,15.796089,1.035368,0.8505297393394579,-1.2661723956870865,5.9549196386407015,5094.4106
5516495478630886272,126.34144264456783,-47.03113956729506,15.799626,1.113761,0.37470820770882723,-1.6768045739700501,3.3094726093419666,6656.245
5516492077017077888,126.20710731905179,-47.21936667041313,15.799917,1.3812904,0.43702771872022567,-1.6866094558337346,0.9135300596094907,7833.3984
5516490771347062144,126.4174236591148,-47.17255814372931,15.80159,1.1249142,0.5952895869010658,-2.6494346106650677,3.3417852671668897,5705.1436
5516499498720452864,126.61294876710689,-46.98691701363939,15.80367,0.87702465,0.1766189370970676,-3.3950362207674787,5.520358968638993,9607.729
5516507641978193024,126.28887185458483,-46.98342527537937,15.808253,1.798418,0.11969720151150355,-2.2578804055264348,3.2614773608965377,
5516411091111756288,126.15614490262911,-47.162078396268775,15.8087635,1.2819881,0.5237979700536612,-1.3012400387018417,9.847910501539719,5188.9307
5516493073449481600,126.22669630588965,-47.14581801873631,15.812489,1.1296225,0.42325184079084754,-8.872236605874505,9.701284700290046,6089.019
5516496234545342592,126.56425937994182,-47.12566935667298,15.81464,1.1252995,0.5042684383970917,-3.0709690831452217,5.691841062897661,5898.5825
5516514612697258880,126.41684836692868,-46.86195956155241,15.816746,1.2307243,-0.12792375559831481,-3.3158234294184448,2.068352838544878,
5516511765146693376,126.23439642972359,-46.9000912260204,15.817527,1.0606375,0.4646001581130578,-6.134724928045204,5.9781166436134,6587.2246
5516491458541619840,126.42945787048457,-47.12903389717827,15.822454,1.1097746,0.528450210683221,-3.7606849036347505,8.935531457902698,5766.9004
5516497265337449344,126.52432217773111,-47.09189446190906,15.82507,1.1521883,0.7609427193719287,-0.37586390717448026,-5.405172311808262,4915.864
5516510322037636736,126.16130013245781,-46.933401005853725,15.828967,1.0886068,0.30868959501017873,-2.871881063997291,3.2356455431258038,6849.924
5516412426834306944,126.07192325806437,-47.10236654373093,15.831159,1.0819702,0.4966237941713969,-2.906345360611668,3.105316273516233,6138.9087
5516501044908590208,126.4910999487324,-46.976232344604426,15.836449,1.1408167,0.9569834514148644,-3.1490082720991133,-6.709164937402704,5253.6646
5516494104241443712,126.3986928869309,-47.113989542735354,15.838086,1.0703106,0.5295941891212539,2.3295558554150637,2.410573256666895,5534.334
5516512246183057536,126.2907004130277,-46.866845842884885,15.839408,1.1793594,0.44737159290669876,0.36641065156683217,-0.49973131416080707,6056.8936
5516500838750167808,126.47331311481354,-47.01631600008639,15.84169,0.87249565,0.25953290519872046,-4.645149412149113,5.292620638096594,9552.354
5516494241680359936,126.34838367151318,-47.11616923878167,15.841781,0.78695583,0.02943677203194152,-1.9922906978958388,3.4943760716196266,
5516502110060421760,126.44047635774812,-46.942912493406624,15.850095,1.0288305,0.6379601157337044,-8.816206215758116,6.865331493353183,5970.2744
5516494585277780096,126.41983767601256,-47.08262686744469,15.85665,1.9641504,2.715503594273414,-28.610386392115092,38.64392661140438,
5516514376486996608,126.45897679806576,-46.878715897324206,15.86088,1.394702,0.50156440007446,-8.492528816015854,6.2097206619913425,5760.544
5516500598232004864,126.46763328071596,-47.031401485117534,15.861644,1.0170221,0.5606432534996173,-1.1541661148675217,2.308333579853591,5673.7505
5516491218023488512,126.47987076990987,-47.136202725583026,15.862799,2.0075026,0.18309487928068713,-1.7675212985367137,2.5772502235167174,5115.73
5516491351153457792,126.4968463524097,-47.11570484409489,15.863124,1.3531094,1.6503707199275197,-10.650252107270271,7.8297367263678375,
5516507775108810624,126.33252554663686,-46.98302648528097,15.867519,1.2291756,0.35297076059927934,-3.805450475820346,4.576486473924401,7174.499
5516501491585212672,126.53929462016988,-46.95428271972314,15.869494,1.2385111,1.243746411584747,-2.111459807419271,-0.013047911578228624,4882.0605
5516505404286501120,126.16148104815014,-47.09408380540438,15.875979,1.2102156,0.4589277567699088,-4.863466028294808,6.522474596894934,6319.3623
5516508500971574400,126.2195850485489,-46.965496514914506,15.876005,1.1570377,0.24982860892484476,-5.026458323848294,5.577188788183232,7110.741
5516506370668199424,126.08898174398969,-47.07253843794406,15.878104,1.1946974,0.21371919957876284,-2.5603565641664856,3.230173161038008,7118.4746
5516501560304672256,126.53321428719742,-46.93045736351798,15.880338,1.3236704,0.564316293040592,-5.258570159461783,1.517659102083136,5143.7275
5516506851704125696,126.16729320003154,-47.02705985768094,15.887243,1.1222515,0.4322275388955746,-6.39383608361979,6.097819700773599,5518.797
5516411434709119616,126.11750174060214,-47.115858243742245,15.88913,1.8757992,0.19503779866649035,-1.515595290113162,3.7632096844799854,4874.8726
5516415764036120448,126.04322756593702,-47.04412466125155,15.893231,1.6099329,0.21593397059080688,-2.101910948499933,3.3220784514528803,5099.573
5516506778676275712,126.20161020759032,-47.01875346915877,15.893653,1.1519508,,,,
5516497265337453696,126.53174602113944,-47.088657015548385,15.900749,1.1730976,0.3973552030464574,-7.49961517296533,10.881974319870714,5878.185
5516495512990604672,126.3104068017266,-47.03597049248538,15.901074,0.9737644,0.38688406261087166,-4.069437761333714,3.1394191946513095,7401.328
5515745680424110208,126.59651677862364,-47.12381179051879,15.901608,1.3327427,1.2405166723229546,2.5570799790024155,-9.809337552076377,4690.8677
5516510322037650176,126.16443196093527,-46.94858291544427,15.901868,1.1053429,0.4196606115824927,0.734014390962687,-2.857038019685319,5799.36
5516508294813176960,126.22746949497603,-46.99917227249838,15.906805,1.0119419,0.6449055200632713,-4.350377340578178,7.70263237094567,5664.162
5516511936945366912,126.20520886512995,-46.913467581391245,15.908677,1.6783056,0.12407553119451928,-2.5657079833625414,2.637240783581225,
5516496681221958400,126.6097441110076,-47.10439418704803,15.91167,1.1785641,0.5209281064175733,-2.655263500566215,7.015145123820576,5403.9204
5516509188166383744,126.30395868228554,-46.90439263598628,15.913171,1.0590563,0.7881026196305321,-6.172450110604536,4.884947909838795,5534.6865
5516502144420151552,126.44018581381813,-46.930125535513454,15.914559,1.0952435,0.7669673504937875,-3.6411650237522117,8.10973287117228,5483.135
5516489186489776384,126.35988162861113,-47.20036784130318,15.917085,1.1039143,0.6424412083564337,-3.9581960687474487,2.973731711021954,5627.6133
5516511936945364992,126.2048433796035,-46.911523446940635,15.920451,1.0962219,0.3688866841502748,-5.854028963429727,8.533506730995605,6179.1787
5516494138601167616,126.37666002598382,-47.11934511547391,15.9227495,1.5614586,0.2882276690092533,-4.645860734192572,4.958917840282708,5140.3486
5516514166020570880,126.42204434262993,-46.88370510900909,15.92664,1.9984274,0.02304513874719865,-1.3577010186576666,3.3287192834246784,
5516415557877641472,126.06057125388631,-47.04126000821497,15.928258,1.0019007,0.21838259100040383,-4.005610657929114,5.33834345306358,7453.123
5516494928875151488,126.43579704575498,-47.03814423403707,15.930071,1.8549528,0.09598915971529927,-1.6424495682855365,2.9518774370702467,5306.6055
5516495581710402432,126.37933937066218,-47.046217929042704,15.934058,1.0747252,0.38480169984268814,-4.261045349566425,6.645982738590616,6214.8555
5516514239048010368,126.41470859758996,-46.88273463467624,15.937237,1.2607927,0.1511048718611916,0.8724143684092165,8.178100421243839,
5516495409911395840,126.30775377718635,-47.05443804274432,15.938955,1.7984104,0.2105978963732907,-1.4336341395501186,2.888627315067396,5972.182
5516490668267848832,126.4074034649915,-47.19337037697833,15.943095,1.6554604,0.3232877611838809,-3.5691448199853557,3.4195106807149385,4909.084
5516489740554931968,126.4599265107623,-47.20525047146096,15.94361,1.1379108,1.0208578425711716,-9.58239247839201,1.4784024035112573,4951.7954
5516495169393275520,126.35068652155455,-47.07659186200854,15.944544,1.979907,0.08583323524498945,-1.8468026069112433,2.1581511998545757,
5516492283175526144,126.29784124663743,-47.20416942073592,15.947816,1.0531235,0.5392132568869255,-4.641008983763082,2.2167826414385843,5428.206
5516501010548844416,126.47166658629995,-46.99148421889298,15.949641,2.1586637,0.13316415878378854,-2.088594508199163,2.8205726625495906,
5516496715581693824,126.61660710083919,-47.08527023272872,15.951166,1.5828943,0.33187620249715594,-3.649397544926577,-0.622218300821275,5334.6606
5516489465676984960,126.33176311155081,-47.191435846038154,15.953712,1.1582775,0.6943700738894627,-7.642160097765133,15.919069058735762,4956.052
5516506920423572608,126.14254634351063,-47.009807956825426,15.955661,1.2112169,0.38391944567893843,-4.373431518030442,6.907656401639208,5097.295
5516411056752014336,126.12796756547422,-47.18313341738424,15.958858,0.75209427,0.2600016314096163,-3.7563217276528427,5.4274292812883,9580.935
5516505614753652864,126.24635050453995,-47.07548229654591,15.9611225,1.9457836,0.19608509336307003,-3.65749445379533,3.568017292200946,5236.7417
5516491866556332544,126.26347267672521,-47.22898582200544,15.961624,1.3102751,0.24584592358756893,-2.735576400003409,3.2647489722151057,9351.411
5516489774914673664,126.4794209406708,-47.19711734902839,15.964626,2.0211391,0.045643446680027,-1.9258567588090314,2.979176884809281,5445.4575
5516496681221953664,126.6026300065914,-47.10020426086266,15.965531,1.0380268,0.5661226979920414,0.058837444131338734,2.3489351308583,5703.462
5516511004924356608,126.11365272818846,-46.949192563065886,15.975008,1.2684097,0.24811301962658203,-2.392497731795556,4.754254192610153,6277.6997
5516492970370269312,126.2230299151838,-47.1684515321731,15.975575,1.9218264,0.17479030104007492,-1.221568743001399,3.096778354402866,
5516507126582153472,126.2796969953748,-47.049143870996815,15.97741,1.1255274,0.6969584578959309,2.643362198116132,0.7400136917205389,5475.236
5516514857523260288,126.36259195135155,-46.892768819171046,15.977609,1.9810038,0.12688695985554987,-2.62490433319323,4.6220968793612425,
5516511627707723008,126.20028311844683,-46.923057011945545,15.979307,1.1232805,0.162430663716239,-2.831804056951876,4.828700792677356,7154.4946
5516489843634140672,126.42977736630684,-47.216756029783724,15.982208,2.2950459,3.1688370095057716,-38.74954511870747,34.69810805690846,3644.1492
5516502488017557504,126.47593910566094,-46.91703186515549,15.986473,1.848732,0.25946838670403727,-1.944273447319455,3.728697315446966,5008.6685
5516493313967643008,126.19852845778283,-47.1389328516335,15.987421,1.1530294,0.39468755880867407,-4.224144768763697,6.039250118250356,6081.112
5516492248815772288,126.25648316645281,-47.16924339424619,15.988286,1.1758327,0.5405973907807009,-7.798404061475575,13.818099179637619,5323.1025
5516495994026971136,126.37409653730272,-47.0031424094912,15.988911,1.3566713,0.4400159704147578,-7.392349048665668,11.49593172794595,5472.189
5516494963234878336,126.41661268856417,-47.04510893579615,15.989484,1.2333279,0.3537071590533259,-4.580516207068909,4.564209004167424,6192.871
5516505747883918720,126.1966585085537,-47.082230851909394,15.991297,1.1279507,0.9326626562211672,-14.349865219446116,7.929950816048548,5251.591
5516494271731223424,126.3148097371771,-47.113501698234415,15.991524,1.1748676,0.8534539467557138,-4.224660000057495,10.750160941017086,5331.297
5516501216707329792,126.5621962486121,-46.97041272121651,15.991851,1.0455637,0.6347829535904764,-7.465176229753656,8.531877010684244,5555.45
5516497471495873536,126.54796392643905,-47.04591912647614,15.994514,1.1900215,0.46795012107876616,-0.6084685927690572,1.003893369182226,5943.273
5516489706195198208,126.47483686916185,-47.21010759297618,15.995716,1.271512,0.2341473147334239,-2.7982473696369823,4.752467778470368,
5516518121698328320,126.31358188902861,-46.84789667871261,15.996682,1.472745,0.48851231380058996,-3.3211626703888255,6.774264135622957,7096.0166
5516509566123401600,126.12112672375493,-47.00168691906057,15.998147,1.2119722,0.5034201058222803,-6.048103487462823,8.437434688043147,5165.8574
5516509634842848384,126.07229240069655,-47.02144858841586,16.000546,1.2045374,0.7761233010299251,-6.3976704621763805,9.187922064382684,4954.21
5516501182347580032,126.53907023470008,-46.97863698916064,16.000866,1.4493055,0.22830439642662897,-3.8083179343308085,4.79065559528593,6525.74
5516492867279270528,126.21805035349551,-47.18684444590961,16.001106,,0.8909252536567243,-10.010019948955344,17.77626849707869,
5516501452917073280,126.5103574111515,-46.954299886150444,16.003065,1.6972704,0.18751329225109614,-4.055338663774311,4.260750047937311,5287.622
5516512692859551616,126.1465457030956,-46.89400038391704,16.003248,1.016861,0.5807807274688719,-1.88815121957186,2.8120573718167607,5769.367
5516498296129581440,126.58087402004122,-46.97200777798695,16.005552,1.0858355,0.3685783001547333,-3.5318044832842195,3.4770859635789635,6241.34
5516496578142715392,126.57914024097082,-47.081293615253664,16.005957,1.3220539,0.3778797384294581,1.9576318349499626,1.107293650654602,
5516512349262230912,126.23277334384697,-46.87897889005923,16.007706,1.7057648,0.16052325306651183,-1.5960127855635229,3.9366993396787127,
5516508604050787456,126.22303954034476,-46.95629865972595,16.00835,1.006319,0.3080778465535958,-3.5749802750321313,3.998496212739613,8213.822
5516489431317251072,126.3548500648915,-47.19131270896997,16.008705,2.1559381,0.0737701356070017,-2.016907633341004,3.66206341685266,
5516501319786535552,126.55911004894264,-46.95553580594566,16.009062,1.7576027,0.04371016232386162,-3.066251945462601,4.390522194973531,5152.8086
5516510390757094784,126.1434280994868,-46.927618750535615,16.01332,1.2781773,0.48363806482469524,-5.111951283846454,8.963483629465909,5261.229
5516507848136686208,126.38138371946317,-46.95277336876395,16.015001,1.440937,0.3568207468109608,-7.391088937975651,7.1729691245674845,6354.3237
5516511009232367488,126.1152743385009,-46.93028103265391,16.016842,0.6826029,0.11245118770180554,-1.9865128171922917,2.755077158956007,
5516490943145743232,126.38903805601772,-47.166539124898634,16.017145,1.8323374,0.16026574012101963,-1.692890710297141,3.940595539645974,
5516505511674431360,126.23031514243638,-47.089441420264045,16.018757,1.251442,0.8401514651181025,-13.256873621523443,-3.0977712635780295,4810.3677
5516506645545716224,126.17981975676969,-47.03868231773391,16.019001,1.1836491,0.8543947816110272,-6.6744389735576775,9.174672374754724,5097.225
5516411056752014720,126.134221145127,-47.17546591806421,16.02143,1.8026361,0.10688523019316112,-2.6827641392812422,4.26155705273566,
5516495341191927936,126.31416749509349,-47.061882093573026,16.025057,1.1607037,0.9564561258084661,-45.50435263146166,19.896571681645632,5287.2505
5516505202437105280,126.13994747593111,-47.11691065863677,16.029633,1.2164974,0.3212102103258875,-3.4573942437008767,3.5697065141733924,7347.0977
5516497334056908544,126.51479575696703,-47.068629699567126,16.029922,1.035142,0.3763282531582066,-0.4383993818038018,2.829418328836533,9520.414
5516514337819226496,126.43803847512174,-46.89184588127405,16.030321,1.9822798,0.10690701541178045,-1.4373731660385727,1.9436515471036944,
5516491836498917248,126.24555105146763,-47.212060300632764,16.033152,1.4352455,0.40072552549891816,-6.386771323574846,7.961854758241007,8175.3047
5516497986891957632,126.58068589034677,-47.016996885882975,16.033787,1.2604876,0.8399143065939854,0.03516929218482767,3.847760855844338,4837.7295
5516494894515412480,126.42344946033377,-47.05437416799792,16.03655,1.8390713,0.10153044374075065,-2.8199547035966956,3.367264438415278,
5516399305721495808,126.14292802021662,-47.18020913021038,16.049658,0.7766123,0.1935193273496694,-3.7085689656691034,5.457434770514949,9655.21
5516489049057773568,126.32496586466108,-47.23688726586896,16.050045,1.6330242,0.3627919253875527,-0.020404800526633293,4.584222785580736,9543.297
5516412259342832256,126.10191495436638,-47.097972553886876,16.052425,1.2526789,0.38726302997097156,-3.4898844389740074,1.2784903044524536,5479.8066
5516494722716732160,126.43928274253217,-47.05354996756985,16.054672,1.7989178,0.07169150067491484,-2.056720695856149,2.766455870100045,
5516505683473115392,126.23553605257378,-47.071358491489804,16.055906,1.6067009,0.2395744889269378,-1.2474329853489607,3.166673166976387,
5516510322037643904,126.16159238241052,-46.942191819699424,16.061642,1.0500984,0.6850661535688727,-0.6195848434999409,-0.05871149799891504,5032.59
5516493657565033088,126.24165518975506,-47.12088573163753,16.063206,1.1771841,0.695207506493961,-6.7254115866891535,5.657071978207843,
5516399271361765376,126.17332671242373,-47.184487241785334,16.0635,1.3056335,1.2153691021488937,-5.866901794311535,14.101518833385,4714.7334
5516496200185596288,126.54780894288847,-47.13257567170126,16.065207,1.0783358,0.44701115654220247,-1.8285058906234943,3.357673186800678,6341.054
5516492180096302080,126.26680271498267,-47.189076290137486,16.066977,1.2431183,0.26889988060310943,-3.885443022338753,4.544634918050304,7280.052
5516511112311588352,126.12236120990258,-46.930506390008325,16.069223,1.7877455,0.05231441579588975,-1.6313272232031841,2.276217188019036,
5516507126582149888,126.26990789509053,-47.05481671364955,16.072313,0.9003124,0.3338583175544662,-4.5910968048092435,6.812613988259116,8345.173
5516507332740578560,126.29766611289322,-47.015103458588214,16.076546,1.1692867,0.3046528083826187,-1.7738350339578925,3.1052514872247245,7474.241
5516501216707333760,126.566002154609,-46.97473517548721,16.079979,1.6561594,0.06733468204972921,-2.1487766759068236,3.0273073813693507,5961.1567
5516507573258728448,126.29392231667275,-46.99200574569228,16.0836,1.1116333,0.6158152234070914,-2.409633731009598,-4.32730033389687,5489.309
5516492523693692544,126.32469428435812,-47.15289580056506,16.083904,1.914115,0.14082565684922443,-2.578547561721891,3.9227327040743143,6640.6675
5516489087719868288,126.33845676346324,-47.221658956171424,16.084684,2.1280718,0.17397338053988043,-3.5880309602285605,4.363188064134078,6628.928
5516508604050783488,126.22314788398121,-46.95159816362203,16.08483,0.92728806,0.2161873179651192,-3.01514149913872,4.509242887873627,
5516505511674427264,126.22349866479351,-47.09121524840928,16.086418,1.0820103,0.37028471620454684,-4.851544316031187,6.771317224881683,6902.386
5516495409911397888,126.31307111123074,-47.05029386278323,16.089317,1.2614994,0.6845644742829349,-7.285245386978895,15.70168515954524,
5516509909720799872,126.15412595066911,-46.98003166203702,16.091942,1.124196,0.5384230599782706,-5.6384640115951035,9.499662032767635,5114.9883
5516505889631525504,126.22477621078023,-47.05546994690923,16.093166,1.0297108,0.5891555560212263,-4.588447366112068,-3.3173410322110692,5488.661
5516496990459588864,126.60502225618649,-47.0724676924917,16.094204,1.4651756,0.38413863454572017,-3.746097299513915,2.287239859966923,6699.357
5516412534220730624,126.06996408784042,-47.082295809793344,16.09533,1.1032085,0.6742600502020982,-6.332591033310108,4.976023073447976,5378.007
5516512692859556224,126.14846235156301,-46.90189476004915,16.100342,1.1061487,0.6181537631130032,-4.241519846549988,2.9501275962452915,5607.5244
5516489843634139392,126.4341164277495,-47.206183563927794,16.101015,1.0646305,0.8444704616452212,-4.4899603103723065,2.685028869991643,7613.8394
5516494104241450752,126.40536002580697,-47.11789201036286,16.10371,1.954135,0.05940519091834435,-1.552952839670779,2.2842565676050395,5206.3594
5516493348327383552,126.21017274050556,-47.13240922147194,16.104752,1.1609983,0.4726119210037165,-3.2249892915119616,7.292574380933611,
5516508432252134144,126.25359048231309,-46.966909091138746,16.110283,1.6557426,0.21558485224011237,-1.9434582487478715,6.007345567004245,5275.1807
5516502625456520192,126.50918606971972,-46.8864703414899,16.11564,1.1924162,0.5266018102630562,-4.954472231154912,4.236481631985888,6294.354
5516498261769846912,126.56982758706782,-46.995496348013894,16.118633,1.3933134,0.3505550023662129,-3.204619225529705,5.3414454901766,5877.691
5516509188166386432,126.3084855153854,-46.90268134333182,16.125235,1.1306915,0.6092326713176964,-7.35480578676897,10.457681847616431,5810.587
5516495135033510272,126.31533278874429,-47.0799885842079,16.126087,1.111536,0.45878057097007297,-6.657086468496328,8.306883435963382,5030.5264
5516506920423585152,126.150656975324,-47.019897058084304,16.126654,1.1507244,0.45061848143638134,-4.1653344629091045,4.806732572830313,5518.255
5516506508106716544,126.12552485269477,-47.040114298008234,16.126675,1.5014353,0.35526111589785286,-7.884868977343043,5.014888333999189,5526.1064
5516510356397368064,126.1438837924914,-46.94458989765073,16.12904,0.97361565,0.22070589086931405,-3.259153300339121,4.022490136208514,7639.002
5516509531763651456,126.09612623495246,-47.01874097606728,16.133194,1.1934509,0.7065820514419537,-2.848851661421797,1.6747865747582515,5041.9146
5516412224983092992,126.08532366488656,-47.111463294617046,16.133213,1.8288794,0.038231996136059765,-2.1708016239312644,3.44201455220412,
5516495238112728064,126.33078455855491,-47.065466054275085,16.133543,1.0766077,0.46322998884493494,-2.657649750487315,6.4573524162204805,6066.884
5516509596174331264,126.05771948676252,-47.031230151192275,16.13401,0.9905262,0.2632003549121085,-4.734320424174009,7.0304340379724,7433.338
5516504923250012672,126.15681451603716,-47.16065013508125,16.134666,1.1717348,0.8169892180258077,-2.0483974749136085,13.503963098140346,5021.082
5516500838750164224,126.4708475908363,-47.01374614673049,16.142046,1.26787,0.3889512417768776,-3.696521653581895,3.483157587201917,7636.75
5516496681221954944,126.61177336001994,-47.09056906041433,16.14412,1.592124,0.2097825022546837,-2.8952448028638393,3.652992474346555,
5516491286742942976,126.46113005417934,-47.11572620517774,16.144361,1.106081,0.7229855386538864,-1.5751282903281156,6.436174112941646,5073.91
5516509256885844224,126.30123418306735,-46.88490378908427,16.144495,1.2184877,0.5566281938755356,-1.8557036213574891,0.7674480802286392,5693.223
5516496646862177792,126.56189444762055,-47.07484226827535,16.147459,0.58285046,0.19955819180726417,-1.9948610302409449,3.105655916537332,
5516493932442736256,126.35723079840469,-47.14383274788739,16.154087,1.5612764,0.24241983497439012,-5.543561379987801,3.7786738522627283,5204.816
5516508982008328448,126.30955431585988,-46.91435632039808,16.158285,1.4764042,0.4102868603795852,-9.970001223090797,8.29882291290444,5724.781
5516506817344422912,126.21913766895754,-47.004157886373235,16.159475,1.6577835,0.15919186004943983,-2.7199009395985017,3.5137748156235613,5094.19
5516491527261085312,126.43099731302398,-47.106137737382774,16.162466,1.1131887,0.46745885766980577,-5.01136783859536,0.907246754016773,5998.9956
5516502522377276288,126.45358223942274,-46.91457970217327,16.166677,2.0028782,0.07930565102405004,-1.8752401632180593,2.8895337610398366,
5516492214456035712,126.24806552359121,-47.187554790879204,16.16834,1.1908207,0.9027909888827118,-8.64154677757593,13.633006468663638,
5516411331629909376,126.10994084268248,-47.14919527718863,16.16891,1.226367,0.21457598898075525,-3.0712135789716175,2.4461530056423806,7257.908
5516495512990610304,126.31194688818682,-47.04796408744096,16.168936,1.1328173,0.3083228339349395,-3.647722745809349,5.063619269137587,6593.878
5516415557877696896,126.06078688529168,-47.049975939637896,16.170135,1.0525866,0.6143272260812924,-4.206783904794012,7.819609038317989,5587.3267
5516508844573029248,126.28929987064014,-46.93853173710509,16.171675,1.1757326,,,,
5516501903901993728,126.4154650306849,-46.98229191567948,16.17241,1.4269476,0.22865751413944174,-0.5388354259926342,4.303845069076486,6872.8105
5516508226093713280,126.23477585667061,-47.00731667574966,16.173374,1.838973,0.136881675690536,-1.8315844816402023,3.3597939863351787,5135.6523
5516497402776414336,126.55649443552734,-47.06988313563736,16.175838,1.1692095,0.2506928848286141,-4.463818705503969,5.2783246778707875,7098.097
5516490977505473920,126.36650621042072,-47.15190582223683,16.176039,1.1101513,0.4226159001414415,-2.1811817923829198,2.3262638922403784,6586.306
5516501525944961024,126.55894407716131,-46.945620055477065,16.176888,1.1852903,0.5778240014862364,-1.240918880287453,2.9655928616928486,5793.1294
5516510974873138048,126.09828624144194,-46.95210922603073,16.177439,1.0291643,0.5835015330333567,-2.409933125563947,6.008143142821492,5662.25
5516507710697724032,126.34415687324889,-46.986890018375284,16.179363,1.039465,0.3353903277929152,-2.668748179465982,4.677194434913563,8695.835
5516511799506390272,126.17043424039582,-46.925254511244276,16.179752,1.1464949,0.5269729456360659,-6.316013053069016,2.0054300653492394,4828.6553
5516497742065081216,126.52682467991737,-47.01710876723905,16.182014,1.1732178,0.6931557971987747,-2.2942670839768637,5.83780428830724,5442.469
5516493417046877440,126.28207299041952,-47.13524176972215,16.183102,0.9721508,0.1704191141856228,-3.3397569931122253,4.4430796839002875,8299.263
5516494069881696768,126.38811390142612,-47.11386869181933,16.183496,2.0352821,0.17007681551494316,-1.9466112238626523,3.03014058092574,4767.9097
5516495920998987392,126.33754446109054,-47.00979728725217,16.184795,2.057561,0.0971076924677805,-1.8551331731736287,2.2138085917128643,
5516494207320620416,126.33952407622327,-47.12590574661409,16.185766,1.2695312,0.3725056791414279,-2.0879481549759946,5.019826889560655,6328.9443
5516494653997273600,126.45474154579755,-47.06390803194495,16.18578,1.7921886,0.1509010651896377,-2.560048399414568,3.798901789418784,
5516491664700051072,126.46024921391033,-47.08745504452757,16.187382,1.2717075,0.9374456556069948,-4.398624757527174,1.2019639647198885,4880.1284
5516508019935319936,126.30107787584417,-46.972009861187416,16.195953,1.0929279,0.2838679580583337,-5.076283580832346,6.667960785521268,8221.383
5516411365989649024,126.11947070048242,-47.14028085977255,16.196568,0.91051483,0.312380476786642,-2.9208519411396154,3.9281898365109056,
5516510287677902464,126.14966184344439,-46.95502899968093,16.198648,1.133524,0.350096495949569,-4.084044331397124,5.985607945463186,
5516497437136131200,126.528330298903,-47.06391552340857,16.201149,1.295373,0.5099372393478574,-5.287555821298463,8.249936993763274,6338.0366
5516515235480358272,126.36180016028361,-46.858960787509844,16.201994,2.6536512,2.8626888870926033,-11.76400034256851,2.8195769844293768,
5516494310399824640,126.3384039609552,-47.10811781769812,16.202738,1.1668072,0.5352787442780903,-1.881370186235594,5.310073251776332,5522.8887
5516490599548208384,126.50044458801167,-47.13016397475673,16.203463,1.2833023,0.9833811792282593,-2.9802505278366906,6.849243741905667,5031.2666
5516510253318133248,126.11448551096613,-46.95173662969593,16.205631,1.0539122,0.4453697579230873,-3.27449896310675,3.029687109966002,5198.634
5516495787868560768,126.38584531932032,-47.01731502464752,16.208258,1.5721741,0.25943288581188545,-2.678187286109447,3.467748210516419,5271.209
5516493004730011520,126.2357396935005,-47.165371517093,16.211092,1.2972326,0.3885783041813162,-6.682949033885947,9.604164800928405,6124.851
5516505442954895104,126.17921267181413,-47.06929077257566,16.211294,1.2625179,0.554112970202919,-5.549729881083753,6.119116477950742,5629.585
5516490152871794560,126.48063784328345,-47.18999862578783,16.213015,2.2244034,0.05014471979236268,-1.4596208377766917,2.095749326439924,
5516507607618442368,126.27209991405543,-46.98784530018448,16.214945,1.761467,0.09608745920430486,-1.1511660785617674,2.9726813472430913,6566.3735
5516510974872628736,126.10422107116786,-46.945190925972426,16.222689,1.0695333,0.576700347544116,-6.243961920966292,6.262990367423933,5549.308
5516506473746985728,126.14119346929975,-47.03203085644381,16.225445,1.0707521,0.5893231987359239,-6.117451361546866,8.33016749267445,5680.776
5516514376486986752,126.44692115826399,-46.88092523279895,16.228306,0.96455,0.1496169658851274,-3.4935089916994335,4.41133686001287,9697.729
5516489156439359744,126.39232476810412,-47.21034877833212,16.232239,1.0819712,0.6579797223779851,4.632620841450057,9.401466399093847,5544.43
5516510665634973568,126.07653555263202,-46.951807093859884,16.23356,1.15518,0.3946841099667547,-2.702721488063725,8.599164709403443,
5516499769289851904,126.5962323333935,-46.963205078397664,16.233608,1.1643696,0.21191374031733726,-3.4522190139662325,5.578071972412303,7268.068
5516518186110106368,126.3063790895069,-46.84951520749704,16.234512,1.2564125,0.7597215412057555,-4.595768451365716,3.2186834040133627,5092.263
5516506920423580032,126.14724001736163,-47.01579622659354,16.235867,1.4881163,0.10206819415844995,-2.832869054704509,4.933984744048218,
5516512761579054592,126.19006924210005,-46.8826067102894,16.237759,1.7534256,0.20599400634668424,-2.496499823039448,3.2968455414464417,5161.214
5516510184598677632,126.1384215059642,-46.955841883013925,16.240019,1.5745344,1.535310472159417,-11.369978215424721,4.342329190526913,4482.603
5516498296129592576,126.5937355908087,-46.97643732066206,16.240145,1.2567768,0.2758436282701827,-5.09949853651494,5.983099387337267,7197.1543
5516493313967643904,126.20365187487269,-47.13640731598526,16.240417,1.6086903,0.25099705670519235,-3.943601090884437,4.247557661552313,5101.6846
5516399305721497728,126.14089555286048,-47.190699949738146,16.241749,1.8863878,0.16040425274448822,-1.496414023187798,2.957464314673598,
5516506473746989568,126.14270096965217,-47.03486471571723,16.24277,1.1257353,0.5522266347150608,-6.162793413253633,1.8873157367779636,5284.3022
5516493657565034880,126.24542391648303,-47.12353813814603,16.243444,1.7289143,0.10986536926658029,-2.136173946438788,3.289719485166133,5683.6646
5516494963234871680,126.41173264191522,-47.03828786736006,16.244295,1.0494623,0.1938226907563854,-2.813077839011725,3.5365434396446225,8372.472
5516412534223543040,126.06938646554786,-47.07659416265151,16.245335,1.07728,-0.8366418766205945,4.150563832609821,10.65148645393792,
5516509669202565504,126.04979990752643,-47.008290769222654,16.246372,0.91617966,0.18399510431875685,-3.4375531714923557,4.860724414257098,8268.661
5516492283175524224,126.28985896239428,-47.20334842829469,16.24644,1.2202396,0.5711523012985719,-5.772043346028427,7.78133014804907,5040.423
5516505820912027648,126.18897686979841,-47.07150116555412,16.246843,1.1786537,0.43258462364622097,0.18305434005016316,-0.20399340361514573,
5516491183663731072,126.44400227979276,-47.14812126472064,16.248169,1.2894211,0.3999854233601215,-4.351397053095186,6.835126094913273,6467.3896
5516515063681693824,126.39605593899098,-46.8497772254968,16.252205,2.1449795,0.14866159766720788,-2.190381698145115,2.7191913815116804,5165.375
5516507710697733888,126.35425867310676,-46.99344567061862,16.253567,1.1880608,0.6177799045342787,3.699143069689946,1.9901647275680054,5466.8145
5516510390757111808,126.15896017590482,-46.93258586094728,16.253727,1.0742378,0.3512492037416111,-2.882312770096731,3.2014173098892895,6573.1074
5516494722716744704,126.45453974995088,-47.05118963935547,16.258472,1.1641893,0.6021241170755541,-11.887439162948597,4.653269183840421,5140.2695
5516502041340956544,126.4492074516402,-46.951383740163216,16.25882,1.2391081,0.42987316693565736,-3.9884345322953454,5.886433285954302,6292.903
5516496578142719360,126.57523740357732,-47.096263074074265,16.25968,1.1957846,0.30446771681783863,-2.935497419788799,5.103113273957941,
5516509153806616960,126.27405912971187,-46.90676172665997,16.260832,1.0802355,,,,
5516511765146695424,126.22757005748171,-46.91262546780915,16.261787,2.0674944,3.458208049431158,-36.43920441155356,40.90131759484012,
5516493382687134080,126.25311185040736,-47.14283928314996,16.26475,1.2326212,0.8358740425845876,-13.066110173922109,14.205544109194285,5198.4224
5516415764036071168,126.04889950539163,-47.038331271230646,16.266172,1.4563675,0.35312954465007657,-4.924136287969311,2.8278520832967167,5170.8623
5516490393389781632,126.49028588644846,-47.14990891985446,16.268112,1.4324465,0.3653804911434283,-7.885349853145115,0.6839877933732565,5903.659
5516505614753647616,126.24814902981464,-47.065674145305536,16.272545,1.165535,0.5841951008698532,-3.285999273559182,7.858495426367909,5723.4673
5516502414989959552,126.52166768695291,-46.90388525188616,16.273317,1.1452122,0.8137448859105977,-4.80140713901989,8.707753486767146,5064.643
5516491458541616512,126.4265020572902,-47.126424491853236,16.274128,1.0064478,0.2070495249233838,-3.6352564600748107,5.252444541931608,8935.463
5516492626772895616,126.26349241505145,-47.162688996894566,16.275541,1.9040184,0.17578715165125414,-2.222187881999145,3.564183843829267,5403.17
5516500941829377536,126.4794762670338,-46.99813773024668,16.2799,1.1952009,0.5314726624414737,-4.105605699317245,6.903338505913364,6332.048
5516506748624955904,126.22127946873003,-47.01444905486096,16.28127,1.3743925,0.20340482639149354,-5.775394692825188,3.4097780830854294,
5516512177463557504,126.25557125067753,-46.875933621696305,16.282114,1.7254572,0.2228719077920038,-2.5314586309330114,5.321665189275681,
5516490938836496512,126.38741705089424,-47.16017713125281,16.282207,1.8372555,0.07037649171629133,-2.732467303203756,2.7584874286225443,
5516494344759575680,126.36364432257002,-47.09550406150595,16.28319,1.2326508,1.2141763076064225,-19.05232378029051,24.464266026990742,5013.791
5516511146671333248,126.14062150776459,-46.9197504719777,16.285051,1.0429964,0.2842589681735904,-3.5164117316400203,3.8985433083032266,6349.794
5516492729852121344,126.32869886605249,-47.139241987816504,16.28677,1.6303606,0.2214019119473169,-2.410062032067953,4.539034342035302,
5516496749945218048,126.60273270168116,-47.09113762740731,16.291035,1.2963581,1.0739532906428977,-3.9264708606536005,10.094352777951496,
5516412461201208832,126.08036193864316,-47.093400887112026,16.291916,1.0084677,1.1083054334129019,-6.119815722770795,2.997988037805843,
5516508294813164544,126.22362746083591,-46.98658582052133,16.292553,0.92195415,0.3209010328166564,-2.324091592769785,3.907268987372052,8374.509
5516497849453004672,126.56477875010876,-47.0404754239679,16.294905,1.3664036,1.0594340780213265,-0.9892722861341534,2.5907420381925306,4732.556
5516505958350984064,126.21239313428863,-47.04262780457957,16.295511,1.1223164,0.35647689236109253,-5.5485698238914125,7.417881173790306,6154.9106
5516495616069883008,126.38627100038768,-47.04336379898266,16.297688,0.7070637,-0.2035296942910178,-1.5425838378724017,2.4874719502361984,10803.751
5516504927559304832,126.15448611482869,-47.14310223372707,16.298388,1.6430569,0.28039202535126545,-3.351370057774923,0.9959298673091644,5292.835
5516512246183061632,126.29401610183518,-46.86663134809838,16.298714,1.2118282,0.621945351276304,-3.9784012969852913,7.9005850046593995,5758.2324
5516494069881706368,126.38697351390906,-47.13257826063973,16.30015,0.9107828,0.3147908372853877,-3.374795777348589,4.090039884642979,8310.811
5516496646862172032,126.55543971797066,-47.07529925386033,16.304363,1.742135,0.035525392732568994,-2.3926946047426876,3.6511076851949196,
5516512143103825792,126.25439389986335,-46.889596372380396,16.312468,1.2906704,0.4482211719410349,0.7813151506449458,2.2161542495700983,
5516494757076452864,126.39967927428002,-47.079103913390476,16.313282,1.1803398,0.3441737221241367,-3.2443786858010215,6.0307864674454486,6096.749
5516490736987318400,126.40345780343237,-47.17091338312921,16.315834,1.2246532,0.5653337860559803,-7.122695964764249,7.111809575168051,5355.6035
5516492695492380160,126.31059456387946,-47.14626602796313,16.31708,2.179494,2.405421471010256,-8.1658155278523,-1.9425203295369349,3933.2656
5516496612502433024,126.552073312522,-47.07890251400532,16.317966,1.9600267,0.12136958320959414,-1.1439555060578475,1.851431260560035,5172.7505
5516500907469621888,126.45060155396094,-47.00788357568666,16.320744,1.1066446,0.6420990745822409,-3.5806037905970776,4.9571069569901525,5408.2534
5516491699059792640,126.47654543525735,-47.072125736080835,16.32088,1.9946213,0.0798573192952324,-1.8143437192281737,3.164637983352958,
5516514376486990208,126.45905588154581,-46.86773750737323,16.32505,1.2285929,0.4542721825058406,-3.3268125246075537,2.8748906326993007,6862.0205
5516506782984670464,126.20185550773928,-47.0092133848253,16.331615,1.939558,0.15926913142669252,-2.355535410908454,2.9733975858605737,5087.0244
5516498124330882816,126.54528182168633,-47.009049883257205,16.332197,1.154006,0.5779856795289385,0.3237408618304627,-4.340016448825185,5189.9077
5516507641978192256,126.29348418169823,-46.97596229827912,16.333857,1.2141571,0.6434640163334597,-11.742533119698717,3.6231098173121983,5625.2563
5516492661132638336,126.29026411556458,-47.14956382832487,16.336327,1.047987,0.6868959150416264,-1.3846197265618165,5.714401164127805,5470.699
5516501491585207680,126.53355310235844,-46.95074401236758,16.33638,1.1483383,0.8342261708183393,-0.6028418506918022,-0.7366237136447885,4745.2075
5516494413479045632,126.35517128416393,-47.093879735315205,16.337652,1.0516882,0.3740078624423796,-4.281698914709299,5.532615485335711,
5516502384938365696,126.50853889338582,-46.915318937103194,16.338243,1.1917143,0.4594158414827981,-5.447589980456324,5.530877749095443,6089.0356
5516496749941425664,126.59742646436797,-47.09690446167742,16.339874,1.9225512,2.062656790600569,-5.535044052590504,-17.898117511573076,4248.574
5516493382687133184,126.247465074083,-47.14837731407786,16.3407,1.05579,0.555439473618195,-1.8761651854669652,5.772091590448307,5173.1846
5516491355462439296,126.49362408007197,-47.111986493422165,16.342754,1.200985,0.38271011215635203,-2.8113289643457113,3.0218777167475794,
5516493932442969856,126.35142249937356,-47.149616359494246,16.34281,1.3477917,0.37408381990755,-5.147309032093208,5.60514992813043,5098.3555
5516508668462236800,126.26285442055757,-46.930529718977716,16.348316,1.4217548,0.32517392566538483,-5.536917135796146,4.632441534214472,6733.744
5516512246183064704,126.3024932875054,-46.85829303377185,16.348864,1.9262762,0.18299636824615972,-2.8414332212688147,2.4859213782027085,6708.0605
5516488331805645056,126.39364341940505,-47.23521585824387,16.350887,0.9723377,0.11143709181210637,-1.6157789294708582,2.1224175746977267,
5516492111376815616,126.2250765338235,-47.190612318818424,16.355698,1.1670799,0.11782110270866833,-3.157795423662005,4.087214652513593,
5516493176528685952,126.16373659361156,-47.16052934139897,16.356,1.3101273,0.8256788551208039,-6.213513595987961,5.438628754598284,4983.693
5516494550918035072,126.40517798660878,-47.09249148906036,16.356682,1.3209543,0.3674547106224523,-1.8268226548677806,2.7801360632624172,7167.3105
5516491011864991360,126.38135962211712,-47.14023240438728,16.356947,1.4962616,1.2758392362229516,-5.902397291639961,3.4529268817075747,4645.1226
5516512761579534208,126.19184565415391,-46.875652151767156,16.357666,1.9701576,1.6292278890039231,-4.971358815430875,4.0187539434138495,3645.5078
5516509256885836416,126.29075535040808,-46.89044197346526,16.358849,1.2964602,0.6308090571342997,-2.3956301118760956,1.4680021456522674,5348.616
5516518121698334080,126.3136474547691,-46.85673710780807,16.358955,1.8368683,0.23076298068706996,-3.061900546572005,4.717312700306298,4958.332
5516508982007967744,126.31905100830305,-46.90687355834496,16.360912,1.265213,0.3175793136537823,-3.5839367972017033,4.649732517530651,6751.675
5516510562555761792,126.0698883079949,-46.97431893813006,16.363161,1.134965,0.4086317418518566,-4.832664447260272,7.08018982463377,
5516496475063476096,126.52631490845624,-47.108653873732585,16.36472,1.1704111,0.5157331629436865,-0.07179766654536412,-4.354167409861374,5643.286
5516513998530146432,126.37386301012742,-46.93249495122899,16.36491,1.7974291,0.15187668418038888,-2.254169449868783,4.131123374421906,
5516509772281804928,126.10426069752644,-46.98336987959597,16.36687,1.0924149,0.5289649945498079,-3.9548610855915927,4.434524525970907,5449.6265
5516508982008330880,126.31973768450096,-46.9156792788235,16.367905,1.1234407,0.29140644286149425,-3.9193259364413437,4.628522536972403,6366.6675
5516514990654380160,126.39228526073254,-46.86224391484586,16.368696,1.3270578,-1.8818442866394867,0.6922089515991492,8.749395095047326,
5516497230977888000,126.51443393884902,-47.08976830208431,16.370394,1.8464375,0.12573274021810377,-2.5327871387631777,3.81662458028204,8471.302
5516506576812939904,126.18644303785159,-47.04770989867516,16.371635,1.3533354,1.1496704922288177,-10.189322571559469,7.835149185550556,4614.972
5516505271156578816,126.12726296924502,-47.111414273137676,16.372688,0.9422159,0.02364210384211538,-2.3607507628948445,3.2189838608645704,10013.976
5516491595980582400,126.46905212187514,-47.09486847497419,16.37924,1.330514,0.37872655234542196,-2.5372680073907192,2.536390283309597,6378.366
5516514135968792704,126.40119809606168,-46.89643027312908,16.380175,2.0974274,0.16094486412536138,-1.4170394052947293,3.2210825840897934,5061.9243
5516493726284507904,126.23297518054945,-47.11820328907336,16.380793,1.2098789,0.31004731693552945,-3.8366268733301494,5.7305566265809835,5750.303
5516411365989648768,126.11964838423837,-47.1389299796498,16.38094,1.1385355,0.38130279124287925,-3.462747503037258,10.335626940317182,6102.5054
5516511181031053824,126.1126061000632,-46.92120162941284,16.383432,1.6546183,0.18981421983408708,-1.822490866070543,3.0876673654116686,
5516497437136126592,126.52466569746296,-47.06052186174596,16.38345,1.416112,1.1226689268296897,-4.2280562721085735,-0.41823191698666934,4560.0527
5516512005664818688,126.196654756325,-46.88584900609829,16.384142,1.1371813,0.3942581787064826,-2.4387122326450603,4.509238454907533,5756.178
5516492454974219136,126.344025274647,-47.151372337175204,16.384766,1.0902176,0.18150950509306332,-3.087916306735579,4.00509246506878,6746.1245
5516512383621980672,126.25090066278001,-46.87096739450874,16.388054,1.1497707,0.3995098514578761,-6.196123837634641,7.665001478888285,6125.621
5516515269840105088,126.37937231794858,-46.84668103061463,16.388365,1.182518,0.3678951433302651,-2.4482010269100587,4.75827109624138,6372.507
5516504961918945664,126.17981575530926,-47.135343952553484,16.389357,1.8765898,0.1014245587058593,-3.2177004945970054,4.256932344179246,
5516505752192561408,126.20254673020601,-47.07008984924883,16.394215,1.3293018,0.48745153531122093,-4.7748474753394206,3.3566135827880617,4901.42
5516494894519304320,126.42525565539066,-47.05485735580344,16.394894,1.5071898,0.33691476074383475,-3.624029497871371,6.181327571661571,
5516497540215328896,126.51032233063435,-47.05455016491653,16.395515,1.7943506,2.2768369258314297E-4,-2.283807051607824,2.9275708883164624,
5516511112311586944,126.12220002247078,-46.92855352953373,16.397314,1.0317602,0.5572307966126414,-6.230456265024474,4.675098561197075,5727.116
5516505442954894976,126.17599550223144,-47.073638730334174,16.397705,2.4715433,4.431497622105291,-34.37373679363918,36.66644771872066,
5516505305516319360,126.14265588461804,-47.10170574138033,16.398388,1.9705524,0.17872109597935298,-2.397073420676628,3.4597590364592308,5262.5957
5516497883812748032,126.5769200315231,-47.0328642844757,16.398735,1.2074089,0.5669864280505155,-2.426032469772294,4.563054886440646,5001.162
5516508329172918784,126.24544517435969,-46.97772824421317,16.402277,1.3920689,1.067452729331286,-6.217143800300559,13.83707588989908,4700.976
5516411297270165376,126.09083019340858,-47.14663682748096,16.402428,1.5363588,0.24467113948622454,-2.283759688904438,6.937975270605959,
5516508088654826368,126.34115399744607,-46.96049373336191,16.403957,1.0013218,0.2413340293579504,-3.5049574199234,3.9951656794401753,8368.81
5516510012800018816,126.16472705383995,-46.970882958299384,16.40443,1.3074169,1.066990787971127,-1.472025689903001,4.351710870442089,4788.8906
5516512143103819904,126.24341798431446,-46.89338079536878,16.407238,1.3980417,0.22557462772440204,-2.098672729308507,2.9839731735392485,
5516399271361761536,126.15362924769148,-47.186159324237714,16.40759,1.0970964,0.47539491418342,-2.8949313335452143,4.928383700628919,5822.213
5516493382687135104,126.26022017584981,-47.13981535578884,16.408073,1.2508812,0.5820512205319347,-4.372819052689014,7.20471151444351,4968.1987
5516411155523913856,126.13650656474395,-47.15133723406621,16.408518,1.073883,0.2564621537778671,-2.057631771367837,3.163592626309229,6172.7266
5516495856588022784,126.36061278788462,-47.0294911893592,16.411097,1.114583,0.3033459828523913,-2.761564632499365,3.859241586029742,6359.953
5516505958350992128,126.2214455303376,-47.04482168833338,16.411215,1.252511,0.38360755397112345,-3.228391557964948,5.171795172882016,6298.7163
5516491492901364224,126.44600864244994,-47.1184139414916,16.413515,1.1728563,0.4052642194244268,-4.298135458240516,5.996356257578626,
5516512280542776192,126.26556009466479,-46.86821401040134,16.414183,1.3128834,0.9283396576795486,-4.895229280020023,6.034801865537709,5004.5703
5516507882496409984,126.3543096844782,-46.96288131081011,16.415367,1.156209,0.28349513943626015,-1.8063066850288778,3.4962204763521463,6368.541
5516506782984667392,126.19625623620236,-47.01175806280106,16.41606,1.1072426,0.6125245568238336,-1.749572302305067,4.618984716538543,
5516491458541620736,126.43763482805808,-47.119233532516816,16.41686,1.2547798,0.3542744792870052,-2.131627225518031,6.3363880062700915,
5516490462109244160,126.47504489279694,-47.14255496387823,16.42052,1.0990734,0.46363652349261786,-4.992368076578356,5.555260005344008,6069.1753
5516504957609818752,126.17748125113698,-47.130755982742144,16.420988,1.3308792,0.5274957471321002,-1.8152160604911565,2.077590836254858,
5516497329748016512,126.51631066047086,-47.082779849361266,16.42169,1.1120119,0.6250461912069525,-4.816668031627788,0.20226409507767268,5029.3916
5516510115879237504,126.17770825586841,-46.95681552403908,16.42202,1.2416544,0.9996768086689086,1.644785288407095,-1.2082165485492067,4941.5415
5516489637475714816,126.436574087808,-47.23007879403408,16.423265,1.6229448,0.20147029281188827,-6.12528174837426,4.672143604033916,5333.2905
5516490977505474048,126.36650772467061,-47.15443422263377,16.426079,0.94259167,0.3026263216125723,-3.6195035475378337,3.6615186420104218,8285.996
5516507023502832384,126.20158161753722,-46.998925844552055,16.426157,1.8055563,0.08198421802946358,-3.029306707445639,2.6223472559885987,5290.5806
5516496475063476736,126.51794584427009,-47.121525532136495,16.429962,1.2769079,0.4357426945749474,1.1292647797080357,2.8761081779959894,
5516502213139692288,126.51457543842878,-46.9394382666096,16.431063,1.375906,0.3991601234964025,-4.8904838632964625,4.044641008849462,7158.494
5516500976189125376,126.49923269956558,-46.985618331963586,16.43221,1.110857,0.2812480681548365,-3.4682127462096304,4.893178636340867,
5516490840066330496,126.4074265486697,-47.162852379351655,16.435122,1.1859179,0.2888423603414271,-3.184226668603627,2.858493536505294,6337.438
5516512040024576512,126.22395041558589,-46.87877819280144,16.440742,1.1210632,0.4675597524244694,-7.82228581744185,4.690925184705016,5550.6064
5516494890206681600,126.42773191418733,-47.05427146430599,16.441217,1.475894,0.3233681265658025,-2.179035482408471,5.869805779140372,
5516491419872977408,126.48842704320026,-47.0997904925889,16.441648,1.229167,0.7607261626985001,-7.460364759356066,0.5696897882839054,5116.5273
5516491046224744064,126.3930852341277,-47.149141705419886,16.44165,1.1191874,0.6789641325512143,-4.78671544114736,3.506042408684301,5342.169
5516492489333952000,126.31101373183967,-47.16141337056619,16.441906,2.1202173,2.5149985431557407,-1.6902072291951136,20.40970226919338,4082.1926
5516511593347980928,126.18117693947906,-46.94323111470827,16.444841,1.5764542,0.37934693177245904,-3.261527607430473,3.960350757383739,4776.015
5516507745057445248,126.3274711378384,-46.98323229925849,16.445063,0.9514971,0.19041384414360535,-2.9806151868118143,3.7068250494700217,
5516506817344409728,126.21040795159185,-46.9986784977065,16.449594,1.0437403,0.2584417560380569,-2.946367716477666,3.3831012740931268,6342.516
5516511009232377728,126.12164653244037,-46.942903690632406,16.44964,0.9802294,0.22114875304924117,-4.419386837277873,5.693127583016838,6542.7686
5516489087719868800,126.34456299714489,-47.21548718193149,16.45186,1.8643436,0.2875751813239429,-3.048516472088463,3.2650299829082954,6731.0093
5516501835182539008,126.45206252957696,-46.97029251735984,16.454706,1.2152834,0.6124509308335567,-2.4551922516046556,1.8890346450053572,5320.926
5516501182347580160,126.54370784594258,-46.972300510344525,16.4559,1.2212276,0.46083659949266215,-4.120421323634134,5.231896715331127,
5516497093538802176,126.62122720891122,-47.04569961647632,16.455967,1.2987909,0.4139972947375084,-5.588360003190038,7.739720786330397,6009.801
5516509703562310656,126.06658662898975,-46.99944906931321,16.455992,1.3057327,1.0770062052780416,-5.043530819243301,1.2702575934126408,4814.55
5516490530828750080,126.52375145579354,-47.13149156994613,16.456764,1.1028891,0.48927858949781816,-5.7029410129826745,5.819103671499818,5780.6123
5516500632591739904,126.47116449171884,-47.023167123732414,16.462305,1.7984362,0.20731040053850747,-1.838725121194842,3.189331812136058,5225.576
5516491699059783808,126.46953560185304,-47.06436876849765,16.463564,1.6879597,0.1230732006805605,-1.211795772266275,2.605265445980225,
5516412499860993024,126.069681305714,-47.087743133799684,16.46384,1.1483421,0.3905933915162853,-2.452864504610884,1.9540126106851192,
5516515098041388928,126.32817861062075,-46.879686708332635,16.464739,1.2953339,0.5006447757683309,-4.613950142757821,4.960748620532572,5582.4487
5516507985575606656,126.33531912408756,-46.9601099614804,16.465143,1.299324,0.9959525717910743,-6.389327472089892,-0.253393402857244,4821.7285
5516509841001275136,126.09873730558458,-46.977852961098556,16.465408,1.778821,0.09464020785592919,-2.088290051842554,2.961543810043799,5193.7954
5516495439962507520,126.33073349070848,-47.049726450809075,16.467691,1.0696983,0.5836984152370789,-4.7625947646565745,3.378616114722823,5455.5654
5516510081519478784,126.1508200984087,-46.963074349923176,16.467907,1.1180477,0.23832976773346348,-2.9382361198555813,0.36941242403917074,
5516508466611884544,126.27872199586827,-46.94955899153328,16.468163,1.2659626,0.48121032026958205,-2.225652878654565,0.04686043570141832,
5516506233228827008,126.13224892289203,-47.06100334744032,16.47269,1.763341,0.07848347936783479,-2.4180134653278165,3.3436731711500203,
5516493554485560320,126.30984247165469,-47.11392110979347,16.47321,1.1038342,0.3987487293151059,-2.786536596351049,4.728693393003905,6171.8286
5516514101609036800,126.37333046952827,-46.90823645517863,16.475107,1.910388,0.18882323470246962,-0.11571481184473076,-0.700659832885587,5360.2505
5516500907469630464,126.46628676625036,-47.00119493987283,16.475279,1.3008146,0.37726927867356763,-4.237654217882266,3.650760001862614,
5516512383621972480,126.2476013769221,-46.861731899737066,16.476257,0.86413383,0.34188682551425836,-2.729351180707552,3.48894286021477,8533.657
5516494894515407232,126.42718185079876,-47.040593445097215,16.476774,1.6653433,1.6117247296578328,-14.037501807770024,2.826600822745999,4445.8906
5516412461194066176,126.07666370549664,-47.08544326708341,16.476883,1.0674105,0.5745320594873206,-4.751132639234953,6.599499753453252,5511.14
5516506233228831232,126.14177071672586,-47.055169645517935,16.477135,1.1538486,0.40710172635640335,-3.458077627459831,4.26794736415833,6006.816
5516497849453008384,126.57064632449298,-47.03810015958518,16.478094,1.8106909,0.055334745706803704,-1.9883266289540131,3.152491788771301,
5516497986891969792,126.5977015428209,-47.01738686754477,16.47857,1.5096121,1.2997139981907824,-11.366146027007222,12.575085032492485,4459.746
5516514135968803328,126.40674740922145,-46.907415142672775,16.479406,2.3237762,2.1951560783241693,0.07134797802856774,22.746660773889758,3645.534
5516489706195199232,126.4790042213957,-47.20940294819285,16.483814,1.2508192,0.517619277898907,-2.6177244381575813,7.2742259350649405,5534.437
5516514170328543232,126.41961721786772,-46.894082479752754,16.487005,1.1150465,0.08758656477441043,-2.68699183226674,3.1873889183652193,
5516411125471485568,126.11840002092701,-47.16776164417299,16.489292,1.0941706,0.5605880401668725,-6.4818812133696095,4.766312751839481,5420.6216
5516497986891958400,126.59207288449197,-47.00233286308357,16.490582,1.7302246,0.23580354329503153,-1.0181477267637569,2.1695672320375685,
5516489809274397184,126.41091816373766,-47.21883103881359,16.49115,1.5651274,0.1959683801919557,-2.285183222850366,3.4185505136526357,5253.4106
5516515235480354560,126.35935945086919,-46.8551187851422,16.4921,1.6416445,0.31608713803216204,-2.772647967723088,4.579916534698908,
5516509600487238272,126.05710829273664,-47.03197205373289,16.494556,1.260047,0.46451980182977026,-7.97124843622521,8.952717784490812,4790.8467
5516505305516318848,126.14865946062193,-47.09002406004438,16.498114,1.2682219,0.9990079988387969,-13.38140562874136,6.59263899897457,4561.1343
5516496131466126976,126.5544466492795,-47.13887830647487,16.498646,1.1625328,0.24522769758244425,-2.0486652403923626,3.369353078523643,7636.7207
5516507229661359488,126.28636525052669,-47.02391799163381,16.500486,1.4430685,0.3455664756865798,-1.1852683457601743,0.9781108097744857,6585.4854
5516508943340164096,126.33471712425924,-46.92426027049625,16.501703,1.1977062,0.362910780608926,-6.4536680433798415,4.813201721223022,5733.71
5516508363532674304,126.26278767817799,-46.979752733044826,16.504131,1.3933697,1.2446114937291481,-14.732846295463354,11.916936929695282,4684.074
5516511730786942336,126.20730539485118,-46.91712470828271,16.504776,1.1694355,0.5819173601559446,-5.171429094695806,8.46716548913248,5779.2324
5516508535331327872,126.23804307084524,-46.959652028197254,16.50501,1.430027,0.9150600504369821,-4.876359558900572,4.668570469852936,4590.8555
5516495890947757696,126.37115752427474,-47.009555100343086,16.50595,1.1489592,0.4562773629270896,-1.2574220239453309,5.309462780797631,
5516508157374291456,126.33571553982601,-46.949465603324064,16.506744,1.1939678,0.6351006660190573,-3.9342594669852566,0.7789222800706926,5185.7725
5516502316218905216,126.52030936395802,-46.928263165782646,16.506773,0.838974,0.16810225329562273,-2.3929543412327883,3.388037576558854,
5516507401460024704,126.26271547978031,-47.02001573697867,16.50757,1.2106228,0.3889809139052636,-4.722009026324722,5.651124938460194,
5516510974872632064,126.09929650273992,-46.95715927048138,16.50783,1.1496315,0.5002789942302922,-4.434492248801897,4.386151621674879,5324.0903
5516510322037639424,126.16140554281542,-46.93579919595874,16.508135,1.1217299,1.5728820984275622,-6.057243294814313,4.565942388856159,5160.579
5516494069881694336,126.37782285464104,-47.12420641461629,16.509153,1.7693338,0.06262177252065727,-1.7583379928260359,3.726495227871515,
5516507985575595776,126.31957861536745,-46.96704393776786,16.50951,1.2186174,0.21436991310194853,-4.929252651323381,4.58650223493664,7118.94
5516514307767523840,126.4558207771999,-46.8915035797666,16.509602,1.2920036,0.3556652985215916,-2.6041826812983024,3.2453161346431614,6026.373
5516493279607909248,126.22194444548816,-47.13425045863948,16.511925,1.2450686,0.3396797346671366,-3.4085394679168477,4.933222277153073,
5516492867291056128,126.21263009398815,-47.190752513873655,16.513456,1.2014856,0.4914975476145398,-1.4469753912426035,3.2529385790708214,5778.363
5516495787868565376,126.39520240737946,-47.013444653114995,16.516191,1.237792,0.2382048741159966,-3.3003762598758213,3.66259767051973,7566.5083
5516494722716739328,126.44507613115991,-47.05780533445764,16.516241,1.582902,0.2940982418095426,-3.5696104853801,5.816654030486424,
5516492862981814528,126.21412128167621,-47.17744300717496,16.51689,1.6565962,0.2639526264760817,-3.3935869851165674,2.8344823655156244,5087.0996
5516497608934801024,126.49917636382499,-47.059127724598504,16.517614,2.0152683,2.36865319823309,0.5648760420332701,-15.86806494274634,3896.8696
5516512795938804608,126.21342958420243,-46.8669894879121,16.519014,1.1422501,0.32068443598262775,-2.6249065547001784,3.083153292282734,
5516508500971578880,126.21998759983916,-46.96963179994586,16.521643,1.3014059,0.30806520965255346,-0.4694695401624081,1.7916124278350596,
5516508191734017920,126.33899949640919,-46.928757598729774,16.526873,1.1192331,,,,
5516510150238939776,126.11839463914426,-46.98409037745841,16.528303,1.8820572,0.05854056895965259,-1.5409814528991246,1.8055708027556836,
5516489293878344960,126.33500771761787,-47.20432002434332,16.530071,1.2721844,0.5834923227335181,-7.968148298793263,7.786881762863006,5527.502
5516496028386719488,126.40098245206657,-46.980882441840556,16.53033,1.0357294,0.08394398166976125,-1.9755045322941123,2.902420948006584,9666.555
5516508088654816384,126.33545977139657,-46.95185583001028,16.530722,1.8835173,0.17945495990906193,-2.33293930665825,3.801647556638824,5201.845
5516515132401133824,126.35284139209502,-46.85703437769451,16.534554,1.6783533,0.3311469288925408,-2.99427047509418,7.262962862959769,4741.0728
5516492489333951872,126.31398173323522,-47.15637563191809,16.53621,2.0162926,2.4261901010125366,1.4506532178523477,-0.12631714821928194,4008.6116
5516493485766345728,126.25371278518607,-47.12761523356052,16.541065,1.2312918,0.5407602685992777,-10.81633493899253,8.809899396688236,5606.312
5516509085087158912,126.28994630150638,-46.91136271899071,16.542183,1.3124876,0.3656119415964774,-2.8121243343447984,5.8884075237666345,6054.533
5516507332740575360,126.29416647313901,-47.01381832679347,16.542927,1.0224972,0.23561184766846965,-2.2769327432324307,3.3833479884443336,8425.932
5516495203753018496,126.3625403730487,-47.06783702751795,16.543211,1.2342834,0.8009186225240074,-2.298033954216183,-2.4304956139531004,5010.176
5516494379123222144,126.3800039436848,-47.079629511908315,16.543684,,0.16442169299493672,-3.0238757698956062,4.258575769403034,
5516492248815845504,126.24408951380937,-47.172827331608914,16.544506,1.9869251,2.4156162694630208,-6.989188021130039,-7.6660649453901755,4175.032
5516496268905088128,126.58098936634708,-47.11909695499551,16.54453,1.1248922,0.3029517965626997,-2.543509246006159,6.30627325513286,6340.3335
5516510596915506432,126.08631019249817,-46.96934632615588,16.5457,1.4570894,0.1856912485935247,-2.506862610247542,2.841612820707707,6315.27
5516492523693694208,126.3306603325331,-47.15317330875656,16.54588,1.1233225,0.38998969065425854,-2.293469402232025,3.9858445263487585,6036.104
5516490152871622912,126.48085151222601,-47.18453472054057,16.548353,1.099103,0.2679571605437577,-3.0561081238927286,4.721824623530347,7301.5933
5516493795003681152,126.26314417747584,-47.09425008946943,16.548681,1.3615046,0.6295608558617276,-5.922488445179838,5.420905526261928,4838.492
5516491355462437888,126.49383929262916,-47.10782687550285,16.548801,,0.19356334991908736,-2.3767750774147522,3.7268721313028967,
5516493485766346624,126.26299893214852,-47.12015817359333,16.550316,1.0845747,0.3782033189161026,-4.130064428033185,2.0932958898933887,6143.656
5516508500971577856,126.22039233088177,-46.96835930819101,16.551744,1.7248774,0.10697895191518444,-1.5901684313642883,2.5295982484507586,
5516493313967641472,126.19602562597801,-47.13361647659997,16.551807,1.9268789,0.11372667971887594,-2.4258830984105217,3.780685437744115,5100.024
5516506130150034688,126.12541618714795,-47.07372937385744,16.552763,1.4462166,0.30333530418863563,-2.663821782406895,4.272775993771264,
5516502556737023104,126.47641032722224,-46.897519418198726,16.553837,1.4481316,1.2364674613325604,-2.1260891896656315,9.539036098193762,4555.116
5516492244506546688,126.25663599757867,-47.16396248510106,16.556406,1.1588278,0.24718417757181907,-4.114297196415004,3.190574221660346,6355.73
5516508363532670080,126.26255842551849,-46.97421161779984,16.557772,1.2937441,0.912422573578113,8.90367244377105,-1.7873564496464909,4627.5454
5516412534220728704,126.07112070756386,-47.075022261333714,16.559458,1.2930098,0.2731368755791495,-0.09696341695945154,2.3811416227599325,
5516511730786947712,126.21925190461454,-46.90808108647586,16.560253,1.2983246,0.5116167315053962,-6.41625942087988,6.984288007714559,
5516505820912019328,126.18257715281551,-47.068352709218615,16.563557,1.1978598,0.457932582284174,-4.564843922491825,6.446722876330552,
5516511627707730304,126.19987756618117,-46.93192878350604,16.564156,1.3871393,0.34380675454963655,-4.518318455799576,7.969732213046804,5475.63
5516507195301618304,126.27387379541564,-47.03779798325521,16.564686,1.8303671,0.125807329108268,-1.6193470887209866,3.1208624297430885,
5516490908786002176,126.37097487703441,-47.17760715453534,16.565342,1.3085222,0.26921493763705934,-4.827381434727577,5.837889568530638,6373.4517
5516509566123401344,126.11954278003576,-47.00354485263118,16.565393,1.8749876,0.11883597487647353,-1.6634723979917563,3.0457148152767113,4847.497
5516510562555766784,126.07524054372625,-46.98341669641468,16.570278,0.9985695,0.2970007835914095,-4.082603225521794,5.09224509011546,6050.1206
5516500563872283776,126.48527362443238,-47.043530539812046,16.57063,1.4667215,0.25788160684816097,-3.8473169564644865,8.123691304496155,
5516411056752010496,126.12077905205815,-47.17224702452462,16.571358,1.8098793,0.12692950721350646,-2.7090769778350032,2.348650576648465,
5516498021251712896,126.61091589735365,-47.00607920648553,16.574211,1.7034369,0.16473658508968786,-2.2213406568712917,4.417106416007629,5832.3765
5516511627707735936,126.20651571889253,-46.93206634278835,16.574286,1.159153,0.3712199876651009,-3.052357306050904,4.744837047023939,6022.1924
5516501457225463808,126.51754861770222,-46.961535207571146,16.57468,1.191369,0.41675453055969,-4.517144230473479,6.780365356115737,
5516506164509777792,126.15312780300494,-47.08137939758486,16.575693,1.0860233,0.340357427353949,-3.6966986128626145,4.213810673970688,6093.7173
5516505442954894848,126.1725560959471,-47.07825778561572,16.57637,1.106924,0.5325914813959409,-1.0284278324350273,2.541297942318454,5475.8555
5516489156439353088,126.37664698928369,-47.20678538692902,16.579613,2.00206,0.09919832605303759,-0.7730874546706389,0.18870568807113425,
5516496406344011648,126.53269941337336,-47.11994250226717,16.580452,1.4964094,0.35929537269900147,-4.938910123146194,4.878814504883401,
5516506267588571904,126.15250836405212,-47.045333634664445,16.58392,1.4348154,0.4055287522827603,-2.697691584152465,-0.7615360102162188,5051.5947
5516492248815774464,126.26104675326025,-47.17022663166347,16.584444,1.0918093,0.27514939227216434,-3.0754349234272325,2.7994142501252286,6125.702
5516411056752014080,126.12661468589242,-47.18356644224796,16.586653,1.0694752,0.3324888623532339,-2.86429051880274,3.9235354720097773,
5516506782984671232,126.19677878146426,-47.01750377734885,16.590633,1.0524311,0.28491667751729655,-3.7500078712118197,4.762702007846031,
5516501732103312384,126.43394414238311,-46.97458204430273,16.590996,1.1861687,0.40971420610281106,-4.347576665054694,7.027549630851002,5907.3193
5516501972621447424,126.40794721648875,-46.95580111460295,16.592276,1.3966122,0.2963786811008477,-2.6234170265319623,4.113488065993366,6150.0776
5516495925307481728,126.34307606196552,-47.02448490499985,16.593126,1.1687498,0.40878393848971045,-2.674945513561404,4.3714534240813965,
5516494684048241920,126.43642494849111,-47.05565054594539,16.593529,1.138897,0.6611676539042181,-1.3667826060004646,-1.9364645670681107,5184.0337
5516507367100325888,126.31476251927967,-47.0045855773997,16.594835,1.751647,0.1985901939272756,-1.7233952026102524,2.6341146488798097,
5516506233228833152,126.13955255093471,-47.06221492262694,16.59566,1.2067823,0.8632109891350557,-6.9651906511326125,2.1342392812171465,4956.5386
5516505271144655104,126.1311582734715,-47.11480768690047,16.596054,1.0630789,0.20317425680128723,-3.424024956057853,4.339624337005369,
5516500770018183040,126.49704011724266,-47.00449007045136,16.596647,1.3979111,0.3380655612382371,-4.657921083642134,3.183229698732352,4999.6606
5516507367100326144,126.31293742921528,-47.00809881595478,16.599482,1.1649542,0.2966197829034251,-3.9397289069615433,4.951011962143115,7586.611
5516513891142503552,126.43875314561434,-46.92058299581399,16.600067,1.4355125,0.4330297756330865,-3.637203457934942,8.084158466453086,
5516493417046876160,126.2745593260497,-47.139198708071795,16.600166,1.1642542,0.25394852586251765,-3.1597561525230384,2.949298286139078,6885.5938
5516502350578647040,126.537053746063,-46.90944136641697,16.600428,1.7699432,0.07471684373540902,-2.5560783794755406,3.8463469334030362,7939.875
5516506542466452480,126.13120641482885,-47.02853691210735,16.602623,1.1526613,0.3749813194673115,-3.946242775224891,1.668740688635365,
5516489740554931072,126.45822899802808,-47.20367750365382,16.60321,1.5005474,0.27018642036439694,-2.316422198317011,2.0942126191518584,
5516495031954306688,126.31510136190231,-47.10135072985483,16.606304,1.7657614,0.08780106481941986,-1.8015632200522633,2.682560734700224,
5516505717832855552,126.25036995056126,-47.05192679429543,16.606752,1.0867844,0.2696541705913817,-3.9195736573639524,3.6617983616831227,
5516514101609031168,126.37015533019617,-46.90409557431005,16.607796,0.90215683,0.10910782177075216,-2.0554648140802874,2.7757743812313755,
5516491183663733632,126.45355541281674,-47.14070669927554,16.608438,1.3211212,0.3716725732902698,-3.0647195044896662,3.681832535733302,
5516496612502440448,126.55361371278389,-47.087703437535254,16.609224,0.93927,0.22918488915268243,-2.2010355043894747,2.7145557478096984,8453.226
5516497918172505344,126.60588289543945,-47.03134517458233,16.60952,1.139739,0.5075058862996045,-5.6196984081486985,5.224414578654246,5662.3247
5516505649113399168,126.26264317852024,-47.0643208936311,16.610123,1.0035114,0.1280791426462463,-1.9188389604590284,3.235558640970382,
5516510317728829696,126.16390304777676,-46.94604398379,16.61089,0.8720751,0.19361538175604692,-3.389240705325008,3.761688706995269,
5516506744316548224,126.21296236910835,-47.01347061603192,16.61366,1.1787949,0.28830952552815836,-5.226505623565947,6.718537990335262,7064.284
5516511043592097536,126.08857107294008,-46.943811840574185,16.615858,1.6112022,0.18590572034408637,-2.6538149376491993,4.578735232440791,
5516501457229334656,126.51206243910242,-46.95303697838484,16.616304,1.8124104,0.03799338687555421,-2.1032880698066023,2.333799650259682,
5516507538898991360,126.29062064334762,-46.99798705824074,16.61704,1.0937548,0.4720650421456096,-3.8922544178595433,4.658752492205622,7630.0493
5516497780733542784,126.58009852760007,-47.04758711986281,16.617338,1.1580162,0.47030181550208683,-4.534758956510008,5.4837971797216,5491.169
5516501899593576320,126.403068064779,-46.97696232826459,16.617868,1.7735653,0.1472124574959771,-3.680381133475666,4.368258172451878,
5516497780733542656,126.57575349185159,-47.05355463209221,16.618097,1.1422968,0.3024886810060232,-2.8422275065976943,5.033899736910042,6075.7627
5516493520125808512,126.29025985670138,-47.120356409918486,16.618338,1.1648989,0.27388289518741726,-3.36467418970805,4.23359533725497,5646.5093
5516411056752010880,126.12228208294916,-47.17229437541578,16.622135,0.89008904,0.15103848328682676,-3.7945608117969907,5.49420229299831,9160.568
5516512108744103168,126.27745824597108,-46.88459485728849,16.622538,1.1258268,0.2871172406276875,-2.3952481746889567,2.2469691471018463,5854.8037
5516501972621452032,126.40013175663483,-46.9733621003607,16.623064,1.043808,0.28070925188328233,-2.2319326013577268,3.2165138120263768,8504.128
5516513929810385408,126.41149556947629,-46.92587468247894,16.623247,1.359271,0.422957639516676,-1.0884873319577033,2.373016735447293,5478.5464
5516506950475009408,126.16792718635917,-47.005241211691825,16.62346,1.3372564,0.33351152705471065,-3.897537195896195,1.0559558436170844,5497.023
5516505064998161792,126.19614738927648,-47.12017870814349,16.626072,1.111022,0.2811871444069788,-3.878828255471527,1.1903104003388625,
5516509050727409792,126.26629816992944,-46.92780373939231,16.628279,1.3286266,0.3674102995969609,-1.6557924821845358,4.515622573535987,
5516491248074204032,126.4430700217211,-47.13225730387947,16.62945,1.1777754,0.4051861332970377,-3.908397839614557,5.533220648521334,6086.345
5516512280542785408,126.27912416972848,-46.86620819047889,16.63026,1.238534,0.3737910295086937,-4.04390824704554,3.224053137307678,
5516498261770037120,126.57007915919729,-46.99851505568727,16.630266,1.1370859,0.34030793878428117,-1.8879507233235797,3.942737707924435,5976.4395
5516511971305104896,126.22203485415437,-46.889441517869344,16.63047,1.1207428,0.4644826751368325,-2.842466264661959,7.2717173312267045,5418.1255
5516510249010147840,126.12526637522997,-46.94345693060244,16.631601,0.9660778,0.335584150872457,-3.5192008853190524,4.4535690130390675,5616.8105
5516491630340323328,126.47396258148387,-47.09243774625815,16.632881,1.8543043,0.10898696393110456,-1.3406134614286778,2.674523207112814,
5516493313967643776,126.19568923450814,-47.147477963644924,16.633198,1.323803,0.4153164046400656,0.6765276034590215,4.329624101846192,
5516513964170132096,126.43084975651209,-46.91078755474132,16.63544,1.5611134,0.4076293774008257,-3.0167578574054845,3.8748625542859383,
5516495444271143168,126.32059738760852,-47.053401638257874,16.635458,1.0770397,0.38768845457114354,-3.3098277073456353,3.4180116212290232,6021.9746
5516492386254735744,126.29837671874854,-47.17535672006282,16.636917,1.2468128,0.4733933470668038,-4.4018581287884375,5.736945974297165,5343.668
5516514200380288640,126.39115693969322,-46.88806077257164,16.636919,1.5970592,0.39015939852845055,-5.785396977896024,3.529856839028623,
5516495890947754880,126.3644327656626,-47.013311764748806,16.642641,1.1086588,0.3063158971226158,-2.655207346565011,4.845013442563143,6049.6025
5516494963234875648,126.41187310582359,-47.046610202229076,16.643,1.4298201,0.3816554425733294,-7.618301833384016,2.605169917980299,4978.956
5516505885322958208,126.23480078590592,-47.05281061539921,16.64343,1.0371914,0.388637549517999,-3.5571269168651374,5.560567994840775,5686.657
5516515235480352768,126.35505245164178,-46.858533410847855,16.644283,1.2850046,0.5703163569822461,-1.771111076947573,3.609198253269115,5252.727
5516412431141518976,126.07260610353468,-47.102874249696995,16.644892,1.5865326,0.1580601370852177,-2.018373015771783,2.8298999220218164,
5516489156439356416,126.38308476705035,-47.21246952942894,16.645836,1.4595318,0.29408621550388303,-2.223275751613162,7.130333186711578,6341.385
5516496578142721536,126.5805437554099,-47.09263237606726,16.646435,1.124073,0.3479183726517308,-1.096064903068214,1.3384277612117483,6034.802
5516500804390417152,126.449936808735,-47.02771959842939,16.646881,1.0020084,0.26843460886235077,-3.8353189785993584,4.94564451392708,8932.034
5516508123014576256,126.36881867742005,-46.93932979580753,16.64835,1.9097414,0.19206013446073233,-1.966957283552464,3.260540715478788,5467.18
5516411052444640384,126.12897305025002,-47.17778616475514,16.648745,0.885973,0.1838538993854806,-3.7469546754927885,5.218915472572714,9184.441
5516510592607457920,126.08483318516983,-46.958509129554926,16.650002,1.028923,0.27893776934517805,-3.6090324303594463,3.4036675541942185,6108.0356
5516412499860989824,126.06566339063279,-47.08165474857351,16.651863,1.4833536,0.20960549069418138,-2.452146708557409,3.0792794891274977,
5516508290504900992,126.21730645975444,-46.99071251411352,16.653759,1.1172142,0.7034572420823627,-4.191059001915037,2.331322915881555,5179.8745
5516507775108800896,126.3388774320134,-46.985661829007384,16.655441,1.195157,0.4350000071242091,-2.8058555690536635,-0.26966237198164705,5540.1216
5516505266847503872,126.13892096075462,-47.112237504175,16.657257,1.2646275,0.16115393926815919,-5.418723097356338,4.7037222975429085,
5516489019000399360,126.35695924515967,-47.23423539829047,16.659512,1.8049221,0.2730116108101467,-4.884300297594262,3.664621800669929,5022.182
5516492970370269696,126.22417755300152,-47.167743638282936,16.66278,1.9395857,0.10615470916137117,-2.206327700859076,3.6676373000744773,
5516495547350348544,126.32913395760147,-47.02282856569767,16.663239,1.2741184,0.3351207971984412,-6.114202999053578,4.031418323411348,
5516490427749501184,126.45629153280541,-47.1599100060898,16.665993,0.8464184,0.09348395140669044,-1.44778331783557,2.1125066462377213,
5516490324670328192,126.53199513605541,-47.140116774998624,16.666351,1.3187304,0.26672281265755443,-3.631067158160339,3.7823206512719487,
5516507745057444352,126.32577275104995,-46.9848802694737,16.66722,1.2772493,0.46811149699041915,-1.7248367320253821,3.2588714161661954,5507.0635
5516490427749511040,126.46774375609807,-47.165212313043405,16.670944,1.4771681,0.37106144798453927,-2.6053424391942874,0.6794320182269427,
5516506301948724608,126.09806804313605,-47.08715641193153,16.671337,1.1353254,0.13378421972587007,-2.8007848345443045,4.243341883555406,9427.426
5516496268905090432,126.58402752572007,-47.118670350042116,16.672,1.1292906,0.42497381134406575,-3.8725043571971716,4.31462794117702,6057.196
5516501800822818048,126.4785897815723,-46.967041178656174,16.672525,1.1042461,0.2821624517246171,-2.887454355317006,3.8603882625677572,8481.684
5516501865234000384,126.46426499540944,-46.945765382397795,16.672892,1.1952381,0.5984453874716322,-2.051687923033227,-1.6100948234091406,5368.0396
5516512417981702784,126.2370646877955,-46.86669074890435,16.673235,1.3462725,0.6228918158107182,-2.540848048968163,3.0340120370045867,5088.4683
5516491218011155328,126.47600957398406,-47.13726450184526,16.67327,1.8284998,0.03146506311162718,-1.9506883076477575,3.1614425124250265,
5516509600483100800,126.05457691582647,-47.02692755556549,16.673405,1.7324915,0.12256945537406545,-1.5378770804166053,2.9373077688831346,
5516502247499409920,126.48870569759512,-46.93870954746549,16.673447,1.2796249,0.3752838356962734,-3.294742588631072,1.155967630662961,
5516496749941424384,126.59598054253648,-47.095873539269554,16.674866,1.773942,0.12915691885175573,-2.609528130611208,3.8294016013377545,
5516490599548204672,126.5001755675228,-47.123935522212875,16.675524,1.222908,0.5214523488220513,-3.317119219893111,4.0459776997318055,5659.096
5516507057862550528,126.18690602997168,-46.98889929524346,16.67633,1.1643639,0.4746473007423809,-3.905898189695657,0.14850740413913877,5611.5586
5516509183858441856,126.30456355920882,-46.89861478976156,16.678417,1.8260841,0.22684170320369068,-2.199146495623347,3.380836314899788,
5516494241680356736,126.34948076083595,-47.107674952825924,16.67905,1.099226,0.4248457490478789,-2.9868825672544426,3.3021525673727647,5643.4844
5516489500036723712,126.35340084645678,-47.16783062818443,16.680305,1.1134052,0.2876031366356043,-2.787814596082273,2.924285731639288,6876.9507
5516489362597769728,126.32990349600034,-47.19368055451509,16.68156,2.7665977,5.710804590441617,-5.04546886289279,67.6411055586342,3400.8398
5516501525944953088,126.5526035417588,-46.93968771482838,16.682142,1.854043,0.09798801814475859,-2.147837980374177,2.7117993435663914,
5516507435819776000,126.27410435102442,-47.02095390029106,16.684456,1.1639977,0.25821710306148915,-2.9592426542295334,6.1803032898715635,5831.7744
5516505271156578944,126.12675679123471,-47.11218033640434,16.685509,1.200305,0.43216645940113024,-1.9957787274736887,5.105072775758819,
5516496406344012544,126.5298263265859,-47.1257682869266,16.687117,1.39851,1.1732844805544924,-7.432042024841072,7.416175048117854,4722.9507
5516511215377053824,126.13933722761199,-46.90014746572805,16.687706,1.1131744,0.4095798506145513,-3.9057340464933157,5.7133943373095715,5528.813
5516512452341439232,126.23800857117152,-46.86282408564299,16.68809,1.0598278,0.3201608723276549,-0.8669853998167614,4.608897683739491,6066.1143
5516491389822166528,126.47867143438356,-47.11102893150217,16.690744,1.1849995,0.456166451872802,-4.173907552460781,6.004732797297555,5543.377
5516506576826254720,126.18478989485911,-47.052612197668424,16.692757,1.1434212,0.43606641811728714,-1.6217390262685183,2.2442254782231332,5447.6973
5516489706183738880,126.4751983405081,-47.21007221976575,16.694092,,0.7598164650522361,-1.2895421710578472,1.7260832106744537,
5516496367675281280,126.57967710757838,-47.10543104866533,16.695068,1.1714935,0.20906307687423753,-3.9660556256203674,5.186836308057267,7092.367
5516512658499823616,126.16406057304417,-46.89049156848811,16.696362,1.0577393,0.221767501923791,-1.9921248170546972,5.616666944921456,5489.1587
5516501869542275328,126.4637141683026,-46.948706487264005,16.698298,1.84476,0.13063321839994477,-2.3768879226947197,2.4940589764863406,
5516496092797796864,126.3857011759859,-46.97562431682368,16.698875,2.0080614,0.16463694355347736,-3.3360445072085767,2.992297092466982,
5516411125471484800,126.12495431418021,-47.15385771835381,16.699839,0.8745918,0.2541191778521431,-3.7546497536031174,5.479081171682768,8183.868
5516507195301607808,126.2693708919282,-47.02782747847409,16.699919,1.7538309,0.08893816566848778,-1.7568698973101684,2.5975044729095957,5411.069
5516489431317253120,126.36937298929661,-47.182935958968315,16.701391,1.237648,0.4669330873753379,-4.983338128823285,0.3583149043933678,4970.8037
5516412121903877376,126.0743416533266,-47.12269828025754,16.704493,1.8490219,0.06765862182670122,-2.02456058256194,3.047826793360229,
5516507229661361920,126.28938684725517,-47.023818921736414,16.704792,0.76628494,0.29636628968385376,-3.5411853457631244,3.9240650591911823,9961.7
5516491046224755968,126.41018178000783,-47.14911614839768,16.7049,1.2410622,0.5655789233588434,-4.1392868185306515,6.99061321556709,5614.412
5516502522377288064,126.46832867940365,-46.91452999854334,16.706274,1.9445848,0.1395196572379768,-2.429982790841112,3.5054231876383857,
5516507264021119488,126.30209590319329,-47.0362977808524,16.706884,1.1722565,0.4002946352546045,-6.14200180366343,3.188220302139944,5420.5796
5516492145724820096,126.25205472974257,-47.19722561030627,16.70713,1.3486233,0.3787991566445152,-3.18470103884064,3.69191736249702,
5516511696427231232,126.24173897276465,-46.91361239474632,16.712837,1.2313862,0.2791338663619088,-0.5749754367883115,2.4772636768477954,6068.1826
5516505335567004416,126.16961842433297,-47.10163191448371,16.713026,1.4123373,1.0937405603503725,-7.302727851434003,-4.149542137775105,4517.505
5516509463044187648,126.11269929696242,-47.01550414448699,16.713663,1.4456377,0.8010249814322282,-7.926071208675477,3.8991253261331096,4499.8745
5516510047159776256,126.18742857314069,-46.967615747110116,16.714842,1.2442598,0.29407024112771124,-5.849418375997542,5.697176956390651,
5516493344018268544,126.2172056689935,-47.12195479033698,16.716866,1.330884,0.3719582444222286,-3.8232749780218516,6.558157954934154,
5516495203753020416,126.3666460900834,-47.0655004643777,16.717098,1.1875229,0.34300892406072075,-5.469232459499042,4.779994230848876,5695.193
5516492485024715776,126.31323023053125,-47.16393226122906,16.71906,1.2225914,0.2951454914538206,-5.570581960447561,5.920637663875647,
5516505511674430976,126.23336757408887,-47.084326635988546,16.721518,1.3636456,0.47541134601849955,-2.780416674259014,1.076827535602939,5017.596
5516511730786948736,126.21584515597617,-46.914530897282496,16.723465,1.1960392,0.3532803960303888,-3.203699298234168,3.2638839057276225,5841.666
5516507641978190208,126.28528953020108,-46.98294854092192,16.723701,0.90169144,0.15100522611669107,-2.1311736360014986,3.896855935067175,9712.327
5516507259712587776,126.30744985316358,-47.02295271562102,16.723747,1.7258501,1.0965715042970035,-13.113023282719093,16.851698301308417,4156.4897
5516490530828746752,126.51998970485303,-47.13120217301554,16.7251,1.1296196,0.21072231948624837,-2.2654328355944897,3.4975850109748805,7468.9375
5516498261769850880,126.57678328746803,-46.99352619028119,16.725801,1.3357201,0.38908052013685823,-6.900286070580751,4.77439766994595,4760.657
5516494791436183168,126.40160560465127,-47.059749321945795,16.726522,1.6266584,0.3158858005105725,-1.557018583890674,3.6532737087171254,4762.032
5516494963234874880,126.41750024743328,-47.0364215540517,16.72765,1.0160198,0.10929795801710888,-3.064748763990818,4.1416504399061225,9884.894
5516497368416662144,126.53825408134796,-47.06816618252378,16.729168,1.5940437,0.9160092732495256,-3.9254579916425185,-3.1087566262779642,4451.356
5516512757271299072,126.18254197630523,-46.88259712366934,16.729544,1.2030087,0.4934709657742082,-4.501090337934009,5.080386241515848,5278.2427
5516501663383851776,126.44635134465678,-46.984835549778346,16.732056,1.2893791,0.31634116477858326,-3.474101626011421,4.726643255639566,6100.76
5516496234545333504,126.54845218832082,-47.128719745727295,16.732487,1.1442337,0.1316879435455024,-3.169192754782131,4.71694241818772,7075.765
5516509841001270400,126.09297488968228,-46.976017037293936,16.733696,1.1732178,0.48860607082970453,-6.699790456484375,5.17808483111507,5336.656
5516501835182532224,126.45226369368294,-46.95569617499397,16.734715,1.2827854,0.7420280027899747,-4.903153998277029,7.864418413017639,4865.026
5516505992710723712,126.2341371722932,-47.01536601793719,16.73588,1.7773914,0.07870604720037075,-1.8388088554620396,2.05746374205661,
5516501560304681984,126.53383278751527,-46.94472103068982,16.739016,1.070921,0.26827866230273,-2.2094191556316702,2.0282956609716742,8509.504
5516512688557840640,126.14703832561291,-46.89512881526816,16.739037,1.0306091,0.31283871302141647,-2.7733659442742917,3.0323135109573562,5748.0215
5516509733613835264,126.08413489675536,-47.00013525834042,16.740135,0.9309082,0.32014957121553406,-3.968667321041843,7.848813277039298,7413.2305
5516493039089828480,126.21313664023766,-47.16260855956315,16.743937,0.95315933,0.2334907150869449,-1.6861015444113376,4.154569130349765,9972.238
5516492180096299264,126.25364413342812,-47.185657219125524,16.745712,1.1270752,0.40008679000888553,-3.0464070491250226,2.488773545725121,5848.6772
5516505649113392896,126.25362113386912,-47.06766945750612,16.74734,1.7989473,0.17604380869886896,-2.0136952009644666,3.0063805110751627,6703.871
5516490702627580928,126.39698862444327,-47.186688332931816,16.749016,1.2076035,0.4222831546906919,-0.4095370217515296,0.8015316593679935,5644.132
5516506714265204608,126.2007778995022,-47.02460520449215,16.750372,1.1441917,0.28364508012219247,-2.545095478803917,3.6314801000223067,6355.5903
5516502488017570688,126.49447350103864,-46.91378436537409,16.751354,1.197298,0.5379297649757993,-3.432377389148124,-0.6634072919670748,5103.5083
5516493313967644800,126.19897380452967,-47.145897830551334,16.752028,1.3244314,1.0442791743303763,-5.830287386019579,2.521940958975765,4836.5137
5516489465676984448,126.33086431537058,-47.190634937901876,16.752342,1.8683681,1.8975325625986912,-6.0081360313945105,3.7355046628173794,3624.5566
5516509252577943168,126.2931859134886,-46.89304967373708,16.755743,1.3213387,0.4999797323068765,-0.772708972497826,0.005844360893704258,5437.273
5516500632591746176,126.47750922994376,-47.02428528556212,16.759499,1.433198,0.22649642309945475,-1.1951888035972225,3.154231139608003,5617.187
5516505408595536384,126.1612402534205,-47.09604252557027,16.759817,1.2175045,0.48158925850481044,-4.957892153523206,6.453754406253434,5397.827
5516505683473106176,126.236432650448,-47.056775801097665,16.760077,1.1987133,0.4031134247940262,-1.812328854324457,3.2415788311509637,5470.708
5516509566123393664,126.11015241864676,-47.00592447964431,16.760807,1.5324078,1.1427766082668065,-3.322634132341516,3.0534407291983783,
5516494344759576704,126.3685163553907,-47.09057034268139,16.761139,1.2452774,0.3652440297816681,-2.8626202169401083,3.204135598327136,
5516495203753010432,126.35940217436934,-47.05790079003551,16.761402,1.1313229,0.4396809313057177,-0.7350758390893789,1.1085634076180297,5355.08
5516509222526120576,126.31215104436976,-46.88983007511684,16.76166,1.0590706,0.32402330739477053,-3.844100979564127,4.5762940559698055,5856.713
5516501319786531840,126.55598482410362,-46.951621843875245,16.762373,1.2515125,0.37284338143001605,-2.9391321210820616,6.0350332110761595,5557.741
5516507057862544768,126.17896379535004,-46.99033551115914,16.76409,1.7142248,0.038601898336539736,-2.3285758889774018,2.1544751569091214,
5516498055611422720,126.55228880279628,-47.03215339353257,16.764675,1.8875809,0.0730083278072688,-3.7898338028796106,2.407294730975347,5338.153
5516491870858664448,126.2748241987841,-47.2265488617526,16.765715,1.2090778,0.554559638182982,-1.7907578271355067,4.310243775310726,5352.57
5516493279607909760,126.22056628185489,-47.142235672336604,16.766678,1.2136135,0.32776940378149155,-4.060696059284993,5.886911403817429,
5516492141427282688,126.24750043996588,-47.19578908310742,16.768057,1.3357258,0.2475236862268503,-3.5819221846040628,4.331072709540233,8184.3804
5516497707705261312,126.51083354504473,-47.041486029058376,16.768236,1.3234234,0.5772029056088401,-5.3784412050115735,5.5915186170129685,5112.956
5516492626772897152,126.26345343453764,-47.169036887576226,16.76875,1.8922043,0.07629551814765573,-1.9435755683604292,3.046509278589831,
5516493863723149440,126.26042915525777,-47.08419644875436,16.771751,1.1666603,0.6695885826162049,-6.739320700009242,9.57239950101043,5179.957
5516510322037647488,126.16478244507503,-46.94396129791365,16.772789,0.77640533,0.18876892433042958,-2.088948775081362,3.2695076215509493,
5516494580968958208,126.42588175534559,-47.0786809575468,16.774906,1.2501812,0.20252783960883286,-1.6029806772964588,3.6279152414342772,
5516496990459590784,126.61080934023546,-47.068242026179085,16.778236,1.2018051,0.32629878683771746,-2.4397736780000576,3.097256340394062,6048.8853
5516493210888426752,126.19036815053803,-47.14291347432234,16.781267,1.2268257,0.35618084591330074,-3.7319799027899374,3.7645603354603514,
5516490732678070144,126.39250850863885,-47.17415594857497,16.783428,1.2408619,0.42827050279102835,-3.641875683907054,7.150196351691841,5326.739
5516412186316123776,126.09873221989301,-47.11397293424844,16.783583,1.238163,0.3990222841524754,-3.4735920043479993,0.9747929836971321,5718.4326
5516496165825869312,126.56292617434758,-47.13447252091303,16.783731,1.1751442,0.45966717417533226,-4.3083592983195125,4.830977477255619,5775.9146
5516506164509367424,126.15085369016498,-47.06413954809637,16.784237,1.1677189,0.5468676380656813,-4.997228139435937,3.096659180242386,5548.9277
5516514131660776704,126.40467387254398,-46.90139014379881,16.787182,1.4621763,1.1211891928708597,-2.489435599596546,7.396877367939275,4316.1216
5516411400349382912,126.10738500639926,-47.140378207883764,16.787432,1.9193153,0.10258627224826304,-2.0390028508464804,3.517800401552666,
5516497093538806016,126.62086139602278,-47.05451487792763,16.7875,1.6682873,0.6287810764670356,-6.427885195405086,5.675353013661266,
5516513826731167360,126.40644725999347,-46.92693370800575,16.78937,1.2856293,0.7719412707382489,-18.042796677692376,15.203977188613088,5053.4976
5516501216707323264,126.54970425680379,-46.976502068302075,16.790659,1.2524166,0.1840019578666633,-3.456196231155927,4.920381695637311,
5516497780733541760,126.57487287172627,-47.053215399274144,16.794477,1.6501389,0.12421689224164983,-1.7873395924348783,2.586661355157298,
5516493417035115008,126.27278785258014,-47.14531898075398,16.794685,1.6101656,,,,
5516497299697174912,126.50418049866134,-47.092817861252875,16.795126,1.135685,0.3002163459262339,-4.846502859741168,3.0219681594853753,6059.6772
5516493928133769088,126.36237881168493,-47.143113242353714,16.795805,1.1019039,0.24348882989011025,-5.840242881521741,3.9941637323558377,6034.106
5516494516558317312,126.42773942151904,-47.09527520174386,16.798258,1.3684635,0.3249219133411312,-2.5008227456459737,1.4558887784019898,
5516491011864993664,126.37772778322551,-47.149543384586984,16.800802,0.7731705,0.09085166638062779,-1.3923610148369723,2.136375819100082,6761.14
5516493103506943488,126.18393943538516,-47.173330515965105,16.801315,1.2782841,0.6879173799341974,0.7420379129631147,-2.6270719479630524,5138.154
5516497368416661888,126.5335449405608,-47.0743103728185,16.801983,1.2615757,0.41965948528795916,-4.924499583590006,2.6788855720326508,5226.012
5516507637669887488,126.2940784011866,-46.975857756273435,16.804216,,0.6150026964931338,-1.3814274167467593,0.4682970008099491,
5516496028386729216,126.39854898734772,-46.99886367964806,16.804459,1.3116627,0.2118375398973213,-4.055549589106637,6.586693319672083,
5516510253318137216,126.12004342328271,-46.95146522762479,16.81056,1.18676,0.47269215293285755,-9.4887918553277,9.459535124376828,5162.509
5516511558988263680,126.2073084483439,-46.939026044370245,16.810938,1.2350025,0.6318540561165189,-5.191819782693191,7.0423169421345495,5029.687
5516501079268367872,126.52810838634123,-47.000358255646155,16.811155,1.2737694,0.35978850184484995,-5.205197233130584,4.8079204137921945,
5516505683473112192,126.23892400717493,-47.061502971490874,16.812208,1.2500877,0.5404577327689291,-4.79257823492358,10.534661716468468,5280.3438
5516491149303954560,126.40274304860719,-47.124736478096615,16.814827,0.9623318,0.247286948073094,-3.910998231363623,4.763802806806998,8426.538
5516510184599156480,126.12811035343522,-46.961568833278704,16.816153,1.2512817,0.31594602607994726,-1.872876692084142,2.915991157756988,
5516491699059785344,126.46168554669377,-47.077334746028725,16.817904,0.9558182,0.1933001137004069,-3.675885782594326,4.99476655716749,7309.0044
5516507229661352064,126.27885922999225,-47.02509473017349,16.81812,1.1417446,0.3671201419588601,-5.190717691110963,8.945194192769444,5528.458
5516509634846977280,126.07778191127223,-47.01234369053004,16.820503,1.2536659,0.46695635002658503,-2.210080678201072,5.628081003422935,6013.639
5516491114948088064,126.3900666006137,-47.13173850230081,16.820545,1.2075024,0.34373360090846417,-1.816111969875676,5.106516886544136,5872.998
5516501044908589696,126.4934689996397,-46.971906642508756,16.825077,1.8461151,0.05194255272702291,-1.4588085962410218,3.5326905977629517,
5516501869542276736,126.4698762516709,-46.94255302316784,16.825579,1.3706112,0.9646459798222772,-10.171091926748641,9.487019710352673,4715.7456
5516495822228304000,126.41132178217379,-46.991164295781516,16.827742,1.2775192,0.32165661668636425,-4.256559483441113,2.6874088337937243,5450.985
5516513998529835776,126.37834591038923,-46.92444493417801,16.829632,1.143219,0.7702905631188782,-6.473443804987152,1.7965634689404717,4929.4272
5516501697743570432,126.41871500774786,-46.98927971163321,16.832197,1.5304413,0.38209905558224305,-8.688744251984389,-2.0296853328052045,
5516495684789346048,126.37689134483333,-47.03040026102604,16.834976,1.1311722,0.2666050176700954,-3.0993696418894405,4.7637514686308435,5734.305
5516511833866141184,126.18932724218968,-46.920306814693376,16.837152,1.150198,0.5650668691060848,-4.768000040488985,9.21402108491992,5329.7754
5516501074959731456,126.52939491981246,-47.00925258264602,16.837421,1.2770863,0.4446879494842316,-5.4843687935392555,6.828027833592117,5463.1123
5516513925502232704,126.40829604307349,-46.92297906626247,16.83964,1.2500668,0.3891333804570006,-6.654239800723582,9.00667959726881,5699.2964
5516488366165375488,126.37577690186812,-47.2286229443175,16.840479,,1.1400536283225364,-2.4519586678223417,2.0621722631132853,
5516514234740049280,126.39997988979528,-46.88238475132005,16.84052,1.2954998,0.26314047587518635,-4.075961158778741,3.9892785034556963,8499.661
5516494276040079616,126.32703106230475,-47.113051584347815,16.841766,1.2490253,0.31579205913620234,-3.297700411448168,4.523240953206791,5548.09
5516510012800028928,126.16819435133392,-46.97864870195347,16.848608,1.1844082,0.511140951498592,-3.1222743438462697,1.9633147313202384,4857.4014
5516415557877694976,126.05194895755581,-47.052177909703886,16.848957,1.1505814,0.2611459956918064,-3.6913247170602546,3.597292015324378,
5516495959667216128,126.35306494712324,-47.00213317870432,16.8495,1.2153397,0.44177439478973196,-3.773376887953288,4.804066250512777,5353.8335
5516506027070821376,126.12248115918338,-47.1023372543888,16.849653,0.83457375,0.2761796502102055,-3.464620884985166,4.6559156516878355,
5516495444271150336,126.32825593692523,-47.05228627568212,16.849794,1.1170311,0.21453313190996065,-3.7637931386126207,3.181201534226346,
5516500598231998208,126.45895865632421,-47.03530207184655,16.85023,1.4829197,1.0631737950289857,-9.61427666753929,3.2692020434078097,4435.6343
5516503003413709312,126.56659019850403,-46.93198748571394,16.850784,2.0046158,-0.0030925409211607375,-1.7511555186339878,2.747314623258995,
5516501766463069440,126.46267488048467,-46.968619886238166,16.852016,1.902319,0.07161621093153389,-2.4222233766931076,2.3089185520983837,6876.7583
5516501800822814720,126.48101593056772,-46.95614502140162,16.853195,1.9286852,0.17374688437761807,-1.8842606242828595,2.7380130651526304,
5516491183663736448,126.44932368817992,-47.15251986451321,16.85697,1.1861496,0.29198621247256473,-4.248662831240913,6.3778231922412925,5495.5205
5516500976189130112,126.49402558975939,-47.001311801350674,16.85797,1.4605885,0.3874448491616788,-1.2830786717122777,1.8957691294237857,
5516505305516320512,126.15229716588861,-47.09970140901749,16.859447,1.8978233,0.038019168133897954,-1.6440021394154698,2.0462623296193523,
5516494550918032000,126.39861200139948,-47.0954646936766,16.8596,1.2091484,0.37415807515263383,-3.070494484797204,3.433546572337036,5599.2373
5516503003413706240,126.56575464853812,-46.926396705490625,16.86279,1.8702412,0.1991956062735954,-1.6988638592104481,2.4303267960271437,6890.7935
5516495616069888256,126.38858849810539,-47.04654158712486,16.863537,1.1935806,0.22095927228051354,-4.790399859968407,6.371769388494496,
5516512138795932160,126.24379996761111,-46.90084572774948,16.86359,1.3143883,0.8206358328776793,-2.9715305674729224,7.623096619761888,4946.8286
5516506920423576448,126.14448265107934,-47.01298887810089,16.864754,1.3400326,0.7269643974248132,-3.158828402100578,9.460776611431909,4887.2817
5516511009232370816,126.11361588666664,-46.938422181812896,16.86478,1.1399231,0.4313385362509171,-5.710590760676948,2.0735812192318117,5418.8394
5516514135968798592,126.40302643982606,-46.90380630020221,16.865091,1.2008362,0.6642949116820962,-5.982345862213063,12.662458113285581,4927.7686
5516514548285672192,126.43819409852202,-46.88093896849595,16.866798,1.2825279,0.3639843993658355,-4.976438329019387,3.6536398623196815,5539.4346
5516502144420165504,126.45737011231269,-46.929489442567416,16.866888,1.3470678,,,,
5516500529512539264,126.47406936829945,-47.04739620225793,16.868652,1.8359184,0.013577041594201528,-2.5582150227279947,2.6946735610716064,
5516489225158824320,126.36387069352622,-47.19939560812675,16.868689,1.3218708,0.6798440206273275,-6.552252105075212,-1.1208725009064,4986.9004
5516491973937874944,126.27747304012874,-47.20193122203246,16.868973,1.4077797,0.46429075479373944,-1.7736435277232294,7.364254397413445,6085.1494
5516514170328538624,126.41201072949451,-46.89355307947757,16.869665,1.2845345,0.33866998022925127,-1.3744227014107462,1.4774015233888014,5667.36
5516491595980586368,126.46308932438724,-47.10970425592384,16.870543,1.1834202,0.44187839091007597,-3.5901434600244806,3.8121684611938074,5368.29
5516507190993043712,126.26514612079161,-47.04792825088132,16.873144,1.2606812,0.7991126374762147,-3.5246317897827697,-5.932850430231641,4728.8296
5516399271361763584,126.16135478514387,-47.18648476040122,16.87394,1.6047955,1.271453243592376,-5.1610988973657275,2.1112959417188693,4443.5503
5516493691924474496,126.2624914955583,-47.1104273515614,16.873981,1.1563358,0.4306344086785215,-2.6495650396864034,3.741005337856558,5790.4775
5516489706195197568,126.47538198471052,-47.20631168314018,16.874498,1.1934795,0.36073382704602114,-5.772378882747857,5.663534166822872,
5516507882496401280,126.34364682136061,-46.963968819999096,16.875011,1.2446442,0.3765418461734571,-1.7078777325976373,2.33739862682547,5569.69
5516497471495877376,126.54677477970121,-47.05641790532579,16.875055,1.190815,0.3525394090081537,-5.823104716714691,7.0243124943655735,5682.5195
5516496436394745728,126.556791728979,-47.110574499286855,16.875864,1.0544777,0.24364242421765708,-3.1476714872451423,4.604722640503605,
5516501044908585856,126.4876669474762,-46.97474813851932,16.876957,1.413332,0.3112603663250852,-4.982002166843549,6.417958625353791,5160.299
5516496440703752576,126.54116408665077,-47.11254497802398,16.878393,1.7932034,0.06251411491460464,-2.133413941854687,2.7777799011696085,5305.289
5516495203753017216,126.36017251002998,-47.068335188869966,16.879084,1.4200363,0.2871446763887663,-3.2552197500856472,4.118901461095662,5074.562
5516505271156579584,126.13451011710987,-47.10577863046049,16.882515,1.2883415,0.3143314998646853,-2.96788613463479,4.349175356583391,
5515745504313444096,126.56157962113213,-47.1530103672301,16.882925,1.2227173,0.474628573105387,-3.324275639529517,4.540733024158305,5353.9043
5516508191734036608,126.35299557032063,-46.93481385730817,16.884777,1.3028526,0.6237621586948506,-13.819795795614622,15.22200182953664,5074.679
5516505198128002048,126.1329259469485,-47.12321694713753,16.886974,1.1309605,0.280225533002651,-3.051726022122469,3.6949126736748923,6063.607
5516490668267843584,126.3999470686958,-47.18549059404875,16.8884,1.2693195,0.24798349052651325,-2.4200035457395144,4.2629905461858195,
5516496784301164544,126.60918678952395,-47.08103053403757,16.890522,1.0748005,0.16490828759836276,-4.570179163571774,5.135911975415587,5686.2764
5516493348327381504,126.21501766287427,-47.11807662530526,16.890995,1.2248459,0.2921982063061883,-3.2709068296942063,5.432741791345487,
5516398236264554624,126.19393934292222,-47.21623505924049,16.891083,1.8667917,0.36183432000560967,-4.578667803750397,4.001462083327914,
5516495444271150592,126.32233265525262,-47.06084417078326,16.891912,1.0857468,0.15309731823718736,-1.623389484673193,3.9986407311883174,6080.895
5516490084152322688,126.4952303609373,-47.20690207556906,16.89203,1.4260216,0.6063351368956308,-2.361978278964989,1.6030474832923387,4434.259
5516496612490208256,126.55580518655637,-47.08289791471997,16.893486,2.0467358,2.1244352319660007,-10.442463200758247,-3.6738564925722574,5340.5713
5516495238112723840,126.32607457309784,-47.06313646413052,16.896713,1.1535416,0.239289788832648,-4.888429318379254,4.976054757480773,5595.894
5516501903901995776,126.42027906757501,-46.97927288503783,16.89807,1.3534527,0.5335900822178761,1.9907936270247257,1.6088402441148113,5120.4194
5516495375538695936,126.2861287085733,-47.071575567026436,16.89974,2.0865164,0.08047555271196924,-1.35197496736914,2.0387484260293887,5307.389
5516412465501260544,126.09785223508545,-47.08782272100217,16.900784,1.2475243,0.6789302911989654,-5.083091770830682,8.359300591771987,4975.2104
5516490049792387712,126.45677569028753,-47.176950430142575,16.90435,1.8437691,0.07754911266047328,-2.526779207381404,2.6985858371360765,
5516511760838828160,126.2349981483599,-46.8972634728354,16.90576,1.0689583,0.3571044756656551,-2.2511901652382265,4.635349045155101,5505.47
5515739633110155648,126.5421153337574,-47.180041032216174,16.90611,1.2007923,0.19108099697553776,-2.8820731758493268,3.989314305911625,6089.2095
5516492901650787584,126.18491358257182,-47.188159588361835,16.908438,1.2089691,0.5730749274042958,-4.082570573852144,1.1215075210542982,4775.5854
5516512211823326080,126.28991819259701,-46.87547977595745,16.90875,1.3417187,0.8592055078160193,1.7263400597704517,-1.3942816065181318,4377.6914
5516501732103311488,126.4322481715592,-46.975765839622916,16.9126,1.5578976,0.8414507226677646,-5.558505549293832,4.868590170432775,4367.024
5516512417981692160,126.23068427404188,-46.85914459450883,16.912714,1.253521,0.7603620761378505,-4.933219991161226,1.3409112658216698,4839.135
5516506473751064960,126.14278332416058,-47.03323133242702,16.915056,1.212717,,,,
5516506538158036608,126.133465030164,-47.03701769895235,16.916283,1.3089886,0.6858865266536938,-4.2398717148366165,4.35823936085273,4948.714
5516490595239204608,126.51212259996109,-47.11988522824005,16.916637,1.2235126,0.18751474143059838,-3.044116997077161,3.1503576816035483,
5516494276040075776,126.32498264467141,-47.10905952365342,16.91704,1.235136,0.2742627701863119,-4.5773459629959365,5.427629200712326,
5516509737922064640,126.08810875711485,-47.00212318796221,16.917974,0.79073524,0.0839995785886535,-2.238696640568263,2.810203641493322,9338.54
5516500628283081216,126.48391825855954,-47.02343754169161,16.918829,1.1821918,0.3217627191606205,-4.0626833081941145,5.154545145386495,6075.566
5516499498720462464,126.61729448693585,-46.9966429067872,16.919039,1.1959248,0.7524963048295393,-1.4832818599822994,-2.9894896178013903,4909.801
5516515098041400064,126.34234899173288,-46.87771505358261,16.9226,1.4973316,0.22284332364534012,-3.492964247905636,4.754895171237941,6016.945
5516508775849549440,126.30072031567225,-46.95018312623631,16.922771,1.209238,0.5344950398212746,-5.052503930285807,2.150398145440496,5453.8706
5516491561620824832,126.44128441386373,-47.093257770500685,16.92334,1.2254639,0.4252112054185354,-3.4351804184967083,2.1662600167935384,5505.1772
5516505546034143488,126.20364381980198,-47.08697114425029,16.924057,1.1516037,0.2608740957564019,-4.015172314359148,5.704478712300488,5774.2754
5516501938261727744,126.41973209376955,-46.966907072771946,16.924273,1.2765408,0.2067775132437846,-3.1251551060356677,3.7640271657952553,
5516508187425902208,126.33856659397485,-46.92831475168885,16.924622,,0.1724939324630273,-1.5354403193129227,2.288239641099289,
5516500701311246080,126.52264667681914,-47.008630023752104,16.925201,1.7274256,0.07884146619862109,-1.498261745797326,2.4485204079641703,
5516509772281812096,126.1029327438564,-46.9955731217698,16.925442,1.7498283,0.06275611778935497,-1.1631111958185179,2.3098294109475375,
5516511799506396544,126.1711384319134,-46.933675928539465,16.926071,1.1519318,0.3820264028142759,-2.287343813265026,4.354882728615658,5348.998
5516493137859753728,126.19544175583046,-47.161101688387014,16.928951,1.3282299,0.6115722279465877,0.5761246161275255,3.2638779059015466,4967.626
5516511696427232640,126.24774297276565,-46.90877174734096,16.929651,1.2724934,0.8376928164948723,0.3215786248169613,2.3549915961872676,4866.455
5516509531763661312,126.11100216575299,-47.01270022166877,16.92979,1.199585,0.3901346480954476,-1.3384545516591149,3.5296605070444187,5339.0234
5516507843828345984,126.38276589873166,-46.97050245002883,16.930407,1.2400036,0.24706401266615957,-3.178767117761388,3.809192327044375,
5516496371984297600,126.58573568626602,-47.09859783217266,16.934294,1.6951809,0.9938523844421236,-10.516752396761817,7.086383701069391,4269.212
5516489671835457152,126.46131903547308,-47.217062650137535,16.934338,1.2014904,0.3223379290402932,-7.971843922394781,5.117352673025676,6054.955
5516497162258262016,126.60856173332297,-47.02955797360378,16.935667,1.1691666,0.3905232883124887,-1.9830480872026606,6.816744028847613,5485.3506
5516501903901992064,126.41879728741658,-46.97431354588122,16.936789,1.9027987,0.15886040815428198,-2.0976047272989176,2.8965874569024663,
5516493721979097984,126.22316064690733,-47.115627258545686,16.938623,1.1045532,0.291596382321963,-4.246547982614827,5.517123105123405,5604.453
5516490084152321536,126.49066980263872,-47.19645649888925,16.939602,2.2815332,0.06372697870807523,-1.7824914078242562,2.6005502029304086,
5516510081519479936,126.15698517027108,-46.95682387736775,16.939806,1.0258331,0.19986160410330905,-4.316951140070481,6.168676288439622,5527.6113
5516491213714503168,126.46080171651214,-47.134831447621295,16.941015,1.4379616,0.36451585092926714,-4.248586068007606,6.516491931056244,
5516507710697722368,126.3424384560905,-46.986578025659455,16.94274,1.2667046,0.3076135303198419,-5.01021748161398,6.3007962058370826,
5516500525203765888,126.47753462632821,-47.054805047572515,16.94373,1.3535576,0.4951817354666501,-3.9270490576397945,8.199750346581126,4664.713
5516506164509776768,126.14750053195462,-47.0847461109318,16.944597,1.2646675,0.4589799628574871,-3.0455219681514016,2.8832300346721462,5313.943
5516490015432826240,126.43076094563266,-47.188377352106436,16.947218,2.3994656,1.927337125820622,-9.626640468836724,13.502266029697235,3585.978
5516412259342833024,126.0956623554816,-47.10927521994417,16.95061,1.2459946,0.32730444851985735,-3.7374698526382684,6.19678054708756,
5516491046224754560,126.4032738221508,-47.15685824890278,16.950687,1.8900995,0.0464156947031105,-1.6177164684811525,2.1194832264201953,
5516492042657347072,126.24174205037446,-47.213153260149674,16.951796,1.2274761,0.48601903201562296,-4.596450207956488,5.132426138586883,5149.2427
5516509493095592192,126.12004760137347,-47.02045803309654,16.953133,1.2347012,0.1754524574309929,-2.239614276164881,4.743822509486548,
5516507607618453760,126.28100633593691,-46.993348633213515,16.955923,1.4260159,0.28435688497787764,-5.089763311303727,6.539738464897247,
5516491355462443008,126.50209815396367,-47.1080914399267,16.956736,1.2219887,0.3806218812301244,-4.180413294876822,2.83757949960566,5640.7095
5516489225158827520,126.37776281289723,-47.19756148328195,16.958113,1.1993771,0.5553298006381532,-11.111823008790633,11.905197577372757,5106.602
5516509944080529792,126.13555252417324,-46.99255146581028,16.959423,1.1160011,0.33500836977084414,-3.770360599469037,3.9313602089597093,5361.887
5516494104241452160,126.40985392019081,-47.11179802318913,16.959448,1.2498379,0.5059009907174441,-6.506417144543576,4.261772400251997,5343.862
5516511146671327488,126.13701533271515,-46.9124206626033,16.95951,1.66963,0.01847613740308509,-1.96529835200353,2.8315508093720627,5352.8345
5516511799506409344,126.1891649062154,-46.92893884183465,16.959705,1.4609547,0.48657794902581264,-3.015525454885561,4.285058810852826,5212.6597
5516496333315518464,126.57529108967113,-47.115305412846496,16.962,1.2029114,0.26656857441941395,-3.9973323176586915,2.5400992871373798,
5516491458541620480,126.4299224474949,-47.129531658766744,16.963432,1.1653805,0.34637013439259917,-3.410079555179503,3.522641484759016,
5516490702627578880,126.38912373209982,-47.18692242495088,16.963453,1.288374,0.2422718817327659,-2.2050290254542575,3.1673224890410117,
5516492729851859200,126.32430671810565,-47.12762205472148,16.965685,1.3290825,0.6798679244622936,2.5032889924259747,-3.2594021720159865,4884.1274
5516500666951498496,126.50179052003325,-47.019716533207344,16.966713,1.2440567,0.5363345797923386,-0.011051493045181271,5.581806589056901,5303.268
5516493795003694080,126.27762695720202,-47.09900897590069,16.968401,1.9519663,0.232966968039751,-1.406768998468325,2.415427481497092,
5516506164509379328,126.15261190505407,-47.07691019598551,16.97534,1.3580074,0.3615486484050225,-1.5396446190859083,6.0940916542390955,
5516491183663737344,126.45433947745556,-47.146863272083,16.977844,1.0044346,0.12882880251238849,-1.914353136567677,2.5676124710150416,
5516497024807079808,126.57846545872292,-47.055144667475055,16.979605,1.2578735,0.7796466531825181,-9.307899650844691,4.919537448937535,
5516511726479005952,126.22479039885937,-46.91683455545261,16.979687,1.394577,0.4718988658174293,-3.2983348031983897,4.890512408538273,5000.407
5516502724227412352,126.58221291817492,-46.94987570882206,16.97972,1.4621506,0.25136740678616804,-0.9478838608137188,3.8128976522577576,
5516506473746988544,126.13929913616957,-47.03850886457334,16.979996,1.2010098,0.521843310484606,-4.515276138678132,5.759457803531712,5189.472
5516509737908382976,126.08824279277002,-47.00901440201095,16.981863,1.0512447,0.3384674860637902,-5.44145420184284,5.258632914644712,5402.099
5516509050727419776,126.27417726562054,-46.93212657720982,16.982983,1.308094,0.37608535353400685,-4.190824376588404,2.558413452426208,5235.287
5516512417981699840,126.23574656198001,-46.86368682514425,16.9848,1.1014519,0.3597759365638642,-4.968043374414405,3.6319322599432464,5264.6816
5516510081519490176,126.1605654225885,-46.96847063351589,16.98492,1.2611008,0.1796896394305003,-3.8900821195816278,4.904618602955384,
5516495719149096704,126.39618152807763,-47.02561332231145,16.987661,0.9258671,0.26105641092047455,-3.2338741757709712,4.140858973459316,8579.286
5516509256885848192,126.30167310040386,-46.89109561820993,16.989035,1.3083973,0.18604817325957113,-3.8590504239347223,6.073495903744987,
5516505683473117312,126.24222584202738,-47.063333232443,16.989107,1.1979904,0.33320526384720506,-2.3698396368058616,6.491231760848209,
5516490114202728832,126.51337209159033,-47.1897808614674,16.990482,2.0860138,2.5637681375421524,-13.485998679785885,9.671152261405378,3665.266
5516493760630931712,126.2432893981736,-47.10911911154247,16.990759,1.202343,0.2141084509833843,-2.2423089820999427,3.741663818476713,6040.0684
5516491424181899520,126.47953708336668,-47.09798376739443,16.993734,1.2350616,0.34763446518140534,-5.4762245544471435,7.680822410851833,5631.47
5516415454798483200,126.05593668189694,-47.06698608325774,16.995068,1.1524487,0.26926260758152104,-1.2361778795697955,3.0841373597276376,5788.6055
5516497024819305088,126.57969702438648,-47.058631542644434,16.99516,1.2754307,0.4765021645751769,0.7227322020007964,1.8591137652756125,5438.1025
5516502449349586432,126.47348018919551,-46.93142252154056,16.995672,1.3011646,0.2198858718022299,-5.027598247399586,5.448695244208898,
5516510253318135936,126.11652634893915,-46.95344486919631,16.997028,1.1211376,0.42711757369454423,-4.477130110313013,6.052517344184137,4776.4346
5516490118511902976,126.50659586244096,-47.185150509158376,16.998363,1.1826973,0.24852959650785492,-4.093910090333669,6.141768835661157,
5516495684789349376,126.38106566468558,-47.031614605362506,16.99849,1.1131496,0.2664361701348545,-5.454017068639414,7.755415039525052,5532.2896
